iteration,timestamp,breakout_window,take_profit,stop_loss,vol_mult,max_hold_bars,n_trades,win_rate,gross_pnl,total_slippage,total_gas,net_pnl,cagr,sharpe,max_dd,sortino,gate_passed,notes
1,2026-09-18T00:25:24.190524,10,0.05,0.02,1.5,60,769,4.03,456.87,4281.05,769.0,-4593.18,-96.75,-83.6,-45.01,-15.6,False,
2,2026-09-18T00:25:24.438981,10,0.05,0.02,1.5,120,767,4.17,472.02,4278.81,767.0,-4573.79,-96.68,-81.9,-44.81,-15.59,False,
3,2026-09-18T00:25:24.679277,10,0.05,0.02,1.5,180,767,4.17,472.02,4278.81,767.0,-4573.79,-96.68,-81.9,-44.81,-15.59,False,
4,2026-09-18T00:25:24.916495,10,0.05,0.02,1.5,240,767,4.17,472.02,4278.81,767.0,-4573.79,-96.68,-81.9,-44.81,-15.59,False,
5,2026-09-18T00:25:25.176489,10,0.05,0.02,2.0,60,175,5.14,189.85,1220.82,175.0,-1205.97,-50.92,-28.76,-11.69,-13.93,True,
6,2026-09-18T00:25:25.443298,10,0.05,0.02,2.0,120,175,5.71,205.54,1222.66,175.0,-1192.12,-50.48,-28.74,-11.55,-13.93,True,
7,2026-09-18T00:25:25.703366,10,0.05,0.02,2.0,180,175,5.71,205.54,1222.66,175.0,-1192.12,-50.48,-28.74,-11.55,-13.93,False,
8,2026-09-18T00:25:25.963998,10,0.05,0.02,2.0,240,175,5.71,205.54,1222.66,175.0,-1192.12,-50.48,-28.74,-11.55,-13.93,False,
9,2026-09-18T00:25:26.227910,10,0.05,0.02,2.5,60,59,8.47,98.45,429.96,59.0,-390.51,-19.62,-17.73,-3.74,-11.89,True,
10,2026-09-18T00:25:26.498692,10,0.05,0.02,2.5,120,59,10.17,114.27,430.81,59.0,-375.53,-18.9,-16.35,-3.59,-11.49,True,
11,2026-09-18T00:25:26.754986,10,0.05,0.02,2.5,180,59,10.17,114.27,430.81,59.0,-375.53,-18.9,-16.35,-3.59,-11.49,False,
12,2026-09-18T00:25:27.017462,10,0.05,0.02,2.5,240,59,10.17,114.27,430.81,59.0,-375.53,-18.9,-16.35,-3.59,-11.49,False,
13,2026-09-18T00:25:27.289685,10,0.05,0.02,3.0,60,22,4.55,32.21,162.04,22.0,-151.84,-7.95,-10.86,-1.51,-9.19,True,
14,2026-09-18T00:25:27.558371,10,0.05,0.02,3.0,120,22,4.55,32.21,162.04,22.0,-151.84,-7.95,-10.86,-1.51,-9.19,False,
15,2026-09-18T00:25:27.820433,10,0.05,0.02,3.0,180,22,4.55,32.21,162.04,22.0,-151.84,-7.95,-10.86,-1.51,-9.19,False,
16,2026-09-18T00:25:28.079593,10,0.05,0.02,3.0,240,22,4.55,32.21,162.04,22.0,-151.84,-7.95,-10.86,-1.51,-9.19,False,
17,2026-09-18T00:25:28.305492,10,0.05,0.04,1.5,60,769,4.03,456.87,4281.05,769.0,-4593.18,-96.75,-83.6,-45.01,-15.6,False,
18,2026-09-18T00:25:28.539467,10,0.05,0.04,1.5,120,767,4.17,472.02,4278.81,767.0,-4573.79,-96.68,-81.9,-44.81,-15.59,False,
19,2026-09-18T00:25:28.774528,10,0.05,0.04,1.5,180,767,4.17,472.02,4278.81,767.0,-4573.79,-96.68,-81.9,-44.81,-15.59,False,
20,2026-09-18T00:25:29.013556,10,0.05,0.04,1.5,240,767,4.17,472.02,4278.81,767.0,-4573.79,-96.68,-81.9,-44.81,-15.59,False,
21,2026-09-18T00:25:29.269703,10,0.05,0.04,2.0,60,175,5.14,189.85,1220.82,175.0,-1205.97,-50.92,-28.76,-11.69,-13.93,False,
22,2026-09-18T00:25:29.533433,10,0.05,0.04,2.0,120,175,5.71,205.54,1222.66,175.0,-1192.12,-50.48,-28.74,-11.55,-13.93,False,
23,2026-09-18T00:25:29.790560,10,0.05,0.04,2.0,180,175,5.71,205.54,1222.66,175.0,-1192.12,-50.48,-28.74,-11.55,-13.93,False,
24,2026-09-18T00:25:30.050005,10,0.05,0.04,2.0,240,175,5.71,205.54,1222.66,175.0,-1192.12,-50.48,-28.74,-11.55,-13.93,False,
25,2026-09-18T00:25:30.316786,10,0.05,0.04,2.5,60,59,8.47,98.45,429.96,59.0,-390.51,-19.62,-17.73,-3.74,-11.89,False,
26,2026-09-18T00:25:30.585404,10,0.05,0.04,2.5,120,59,10.17,114.27,430.81,59.0,-375.53,-18.9,-16.35,-3.59,-11.49,False,
27,2026-09-18T00:25:30.842108,10,0.05,0.04,2.5,180,59,10.17,114.27,430.81,59.0,-375.53,-18.9,-16.35,-3.59,-11.49,False,
28,2026-09-18T00:25:31.104684,10,0.05,0.04,2.5,240,59,10.17,114.27,430.81,59.0,-375.53,-18.9,-16.35,-3.59,-11.49,False,
29,2026-09-18T00:25:31.372913,10,0.05,0.04,3.0,60,22,4.55,32.21,162.04,22.0,-151.84,-7.95,-10.86,-1.51,-9.19,False,
30,2026-09-18T00:25:31.640858,10,0.05,0.04,3.0,120,22,4.55,32.21,162.04,22.0,-151.84,-7.95,-10.86,-1.51,-9.19,False,
31,2026-09-18T00:25:31.903013,10,0.05,0.04,3.0,180,22,4.55,32.21,162.04,22.0,-151.84,-7.95,-10.86,-1.51,-9.19,False,
32,2026-09-18T00:25:32.169541,10,0.05,0.04,3.0,240,22,4.55,32.21,162.04,22.0,-151.84,-7.95,-10.86,-1.51,-9.19,False,
33,2026-09-18T00:25:32.402331,10,0.05,0.06,1.5,60,769,4.03,456.87,4281.05,769.0,-4593.18,-96.75,-83.6,-45.01,-15.6,False,
34,2026-09-18T00:25:32.641765,10,0.05,0.06,1.5,120,767,4.17,472.02,4278.81,767.0,-4573.79,-96.68,-81.9,-44.81,-15.59,False,
35,2026-09-18T00:25:32.872419,10,0.05,0.06,1.5,180,767,4.17,472.02,4278.81,767.0,-4573.79,-96.68,-81.9,-44.81,-15.59,False,
36,2026-09-18T00:25:33.112341,10,0.05,0.06,1.5,240,767,4.17,472.02,4278.81,767.0,-4573.79,-96.68,-81.9,-44.81,-15.59,False,
37,2026-09-18T00:25:33.366518,10,0.05,0.06,2.0,60,175,5.14,189.85,1220.82,175.0,-1205.97,-50.92,-28.76,-11.69,-13.93,False,
38,2026-09-18T00:25:33.625754,10,0.05,0.06,2.0,120,175,5.71,205.54,1222.66,175.0,-1192.12,-50.48,-28.74,-11.55,-13.93,False,
39,2026-09-18T00:25:33.883045,10,0.05,0.06,2.0,180,175,5.71,205.54,1222.66,175.0,-1192.12,-50.48,-28.74,-11.55,-13.93,False,
40,2026-09-18T00:25:34.143034,10,0.05,0.06,2.0,240,175,5.71,205.54,1222.66,175.0,-1192.12,-50.48,-28.74,-11.55,-13.93,False,
41,2026-09-18T00:25:34.409795,10,0.05,0.06,2.5,60,59,8.47,98.45,429.96,59.0,-390.51,-19.62,-17.73,-3.74,-11.89,False,
42,2026-09-18T00:25:34.676801,10,0.05,0.06,2.5,120,59,10.17,114.27,430.81,59.0,-375.53,-18.9,-16.35,-3.59,-11.49,False,
43,2026-09-18T00:25:34.935173,10,0.05,0.06,2.5,180,59,10.17,114.27,430.81,59.0,-375.53,-18.9,-16.35,-3.59,-11.49,False,
44,2026-09-18T00:25:35.201399,10,0.05,0.06,2.5,240,59,10.17,114.27,430.81,59.0,-375.53,-18.9,-16.35,-3.59,-11.49,False,
45,2026-09-18T00:25:35.466465,10,0.05,0.06,3.0,60,22,4.55,32.21,162.04,22.0,-151.84,-7.95,-10.86,-1.51,-9.19,False,
46,2026-09-18T00:25:35.729404,10,0.05,0.06,3.0,120,22,4.55,32.21,162.04,22.0,-151.84,-7.95,-10.86,-1.51,-9.19,False,
47,2026-09-18T00:25:35.994361,10,0.05,0.06,3.0,180,22,4.55,32.21,162.04,22.0,-151.84,-7.95,-10.86,-1.51,-9.19,False,
48,2026-09-18T00:25:36.257844,10,0.05,0.06,3.0,240,22,4.55,32.21,162.04,22.0,-151.84,-7.95,-10.86,-1.51,-9.19,False,
49,2026-09-18T00:25:36.501598,10,0.07,0.02,1.5,60,762,4.07,457.8,4254.3,762.0,-4558.5,-96.62,-84.22,-44.66,-15.61,False,
50,2026-09-18T00:25:36.740387,10,0.07,0.02,1.5,120,760,4.21,473.0,4252.01,760.0,-4539.01,-96.55,-82.38,-44.46,-15.59,False,
51,2026-09-18T00:25:36.980972,10,0.07,0.02,1.5,180,760,4.21,473.0,4252.01,760.0,-4539.01,-96.55,-82.38,-44.46,-15.59,False,
52,2026-09-18T00:25:37.218992,10,0.07,0.02,1.5,240,760,4.21,473.0,4252.01,760.0,-4539.01,-96.55,-82.38,-44.46,-15.59,False,
53,2026-09-18T00:25:37.485456,10,0.07,0.02,2.0,60,175,5.14,189.83,1220.82,175.0,-1205.99,-50.93,-28.76,-11.69,-13.93,False,
54,2026-09-18T00:25:37.743422,10,0.07,0.02,2.0,120,175,5.71,205.52,1222.66,175.0,-1192.14,-50.48,-28.74,-11.55,-13.93,False,
55,2026-09-18T00:25:38.003323,10,0.07,0.02,2.0,180,175,5.71,205.52,1222.66,175.0,-1192.14,-50.48,-28.74,-11.55,-13.93,False,
56,2026-09-18T00:25:38.257965,10,0.07,0.02,2.0,240,175,5.71,205.52,1222.66,175.0,-1192.14,-50.48,-28.74,-11.55,-13.93,False,
57,2026-09-18T00:25:38.525897,10,0.07,0.02,2.5,60,59,8.47,98.43,429.96,59.0,-390.53,-19.62,-17.73,-3.74,-11.89,False,
58,2026-09-18T00:25:38.791919,10,0.07,0.02,2.5,120,59,10.17,114.26,430.81,59.0,-375.55,-18.9,-16.35,-3.59,-11.49,False,
59,2026-09-18T00:25:39.051869,10,0.07,0.02,2.5,180,59,10.17,114.26,430.81,59.0,-375.55,-18.9,-16.35,-3.59,-11.49,False,
60,2026-09-18T00:25:39.318352,10,0.07,0.02,2.5,240,59,10.17,114.26,430.81,59.0,-375.55,-18.9,-16.35,-3.59,-11.49,False,
61,2026-09-18T00:25:39.586516,10,0.07,0.02,3.0,60,22,4.55,32.21,162.04,22.0,-151.84,-7.95,-10.86,-1.51,-9.19,False,
62,2026-09-18T00:25:39.848746,10,0.07,0.02,3.0,120,22,4.55,32.21,162.04,22.0,-151.84,-7.95,-10.86,-1.51,-9.19,False,
63,2026-09-18T00:25:40.117248,10,0.07,0.02,3.0,180,22,4.55,32.21,162.04,22.0,-151.84,-7.95,-10.86,-1.51,-9.19,False,
64,2026-09-18T00:25:40.382946,10,0.07,0.02,3.0,240,22,4.55,32.21,162.04,22.0,-151.84,-7.95,-10.86,-1.51,-9.19,False,
65,2026-09-18T00:25:40.616473,10,0.07,0.04,1.5,60,762,4.07,457.8,4254.3,762.0,-4558.5,-96.62,-84.22,-44.66,-15.61,False,
66,2026-09-18T00:25:40.844110,10,0.07,0.04,1.5,120,760,4.21,473.0,4252.01,760.0,-4539.01,-96.55,-82.38,-44.46,-15.59,False,
67,2026-09-18T00:25:41.082524,10,0.07,0.04,1.5,180,760,4.21,473.0,4252.01,760.0,-4539.01,-96.55,-82.38,-44.46,-15.59,False,
68,2026-09-18T00:25:41.322476,10,0.07,0.04,1.5,240,760,4.21,473.0,4252.01,760.0,-4539.01,-96.55,-82.38,-44.46,-15.59,False,
69,2026-09-18T00:25:41.582633,10,0.07,0.04,2.0,60,175,5.14,189.83,1220.82,175.0,-1205.99,-50.93,-28.76,-11.69,-13.93,False,
70,2026-09-18T00:25:41.839256,10,0.07,0.04,2.0,120,175,5.71,205.52,1222.66,175.0,-1192.14,-50.48,-28.74,-11.55,-13.93,False,
71,2026-09-18T00:25:42.101180,10,0.07,0.04,2.0,180,175,5.71,205.52,1222.66,175.0,-1192.14,-50.48,-28.74,-11.55,-13.93,False,
72,2026-09-18T00:25:42.361473,10,0.07,0.04,2.0,240,175,5.71,205.52,1222.66,175.0,-1192.14,-50.48,-28.74,-11.55,-13.93,False,
73,2026-09-18T00:25:42.620456,10,0.07,0.04,2.5,60,59,8.47,98.43,429.96,59.0,-390.53,-19.62,-17.73,-3.74,-11.89,False,
74,2026-09-18T00:25:42.882887,10,0.07,0.04,2.5,120,59,10.17,114.26,430.81,59.0,-375.55,-18.9,-16.35,-3.59,-11.49,False,
75,2026-09-18T00:25:43.149879,10,0.07,0.04,2.5,180,59,10.17,114.26,430.81,59.0,-375.55,-18.9,-16.35,-3.59,-11.49,False,
76,2026-09-18T00:25:43.409379,10,0.07,0.04,2.5,240,59,10.17,114.26,430.81,59.0,-375.55,-18.9,-16.35,-3.59,-11.49,False,
77,2026-09-18T00:25:43.675508,10,0.07,0.04,3.0,60,22,4.55,32.21,162.04,22.0,-151.84,-7.95,-10.86,-1.51,-9.19,False,
78,2026-09-18T00:25:43.936418,10,0.07,0.04,3.0,120,22,4.55,32.21,162.04,22.0,-151.84,-7.95,-10.86,-1.51,-9.19,False,
79,2026-09-18T00:25:44.204358,10,0.07,0.04,3.0,180,22,4.55,32.21,162.04,22.0,-151.84,-7.95,-10.86,-1.51,-9.19,False,
80,2026-09-18T00:25:44.473026,10,0.07,0.04,3.0,240,22,4.55,32.21,162.04,22.0,-151.84,-7.95,-10.86,-1.51,-9.19,False,
81,2026-09-18T00:25:44.709453,10,0.07,0.06,1.5,60,762,4.07,457.8,4254.3,762.0,-4558.5,-96.62,-84.22,-44.66,-15.61,False,
82,2026-09-18T00:25:44.926067,10,0.07,0.06,1.5,120,760,4.21,473.0,4252.01,760.0,-4539.01,-96.55,-82.38,-44.46,-15.59,False,
83,2026-09-18T00:25:45.163532,10,0.07,0.06,1.5,180,760,4.21,473.0,4252.01,760.0,-4539.01,-96.55,-82.38,-44.46,-15.59,False,
84,2026-09-18T00:25:45.403857,10,0.07,0.06,1.5,240,760,4.21,473.0,4252.01,760.0,-4539.01,-96.55,-82.38,-44.46,-15.59,False,
85,2026-09-18T00:25:45.658897,10,0.07,0.06,2.0,60,175,5.14,189.83,1220.82,175.0,-1205.99,-50.93,-28.76,-11.69,-13.93,False,
86,2026-09-18T00:25:45.915120,10,0.07,0.06,2.0,120,175,5.71,205.52,1222.66,175.0,-1192.14,-50.48,-28.74,-11.55,-13.93,False,
87,2026-09-18T00:25:46.177744,10,0.07,0.06,2.0,180,175,5.71,205.52,1222.66,175.0,-1192.14,-50.48,-28.74,-11.55,-13.93,False,
88,2026-09-18T00:25:46.433084,10,0.07,0.06,2.0,240,175,5.71,205.52,1222.66,175.0,-1192.14,-50.48,-28.74,-11.55,-13.93,False,
89,2026-09-18T00:25:46.698158,10,0.07,0.06,2.5,60,59,8.47,98.43,429.96,59.0,-390.53,-19.62,-17.73,-3.74,-11.89,False,
90,2026-09-18T00:25:46.959950,10,0.07,0.06,2.5,120,59,10.17,114.26,430.81,59.0,-375.55,-18.9,-16.35,-3.59,-11.49,False,
91,2026-09-18T00:25:47.227016,10,0.07,0.06,2.5,180,59,10.17,114.26,430.81,59.0,-375.55,-18.9,-16.35,-3.59,-11.49,False,
92,2026-09-18T00:25:47.493798,10,0.07,0.06,2.5,240,59,10.17,114.26,430.81,59.0,-375.55,-18.9,-16.35,-3.59,-11.49,False,
93,2026-09-18T00:25:47.754176,10,0.07,0.06,3.0,60,22,4.55,32.21,162.04,22.0,-151.84,-7.95,-10.86,-1.51,-9.19,False,
94,2026-09-18T00:25:48.020351,10,0.07,0.06,3.0,120,22,4.55,32.21,162.04,22.0,-151.84,-7.95,-10.86,-1.51,-9.19,False,
95,2026-09-18T00:25:48.278158,10,0.07,0.06,3.0,180,22,4.55,32.21,162.04,22.0,-151.84,-7.95,-10.86,-1.51,-9.19,False,
96,2026-09-18T00:25:48.545243,10,0.07,0.06,3.0,240,22,4.55,32.21,162.04,22.0,-151.84,-7.95,-10.86,-1.51,-9.19,False,
97,2026-09-18T00:25:48.784679,10,0.09,0.02,1.5,60,759,4.08,458.03,4242.33,759.0,-4543.3,-96.57,-80.38,-44.51,-15.58,False,
98,2026-09-18T00:25:49.028465,10,0.09,0.02,1.5,120,757,4.23,473.14,4239.98,757.0,-4523.85,-96.5,-78.81,-44.31,-15.57,False,
99,2026-09-18T00:25:49.265970,10,0.09,0.02,1.5,180,757,4.23,473.14,4239.98,757.0,-4523.85,-96.5,-78.81,-44.31,-15.57,False,
100,2026-09-18T00:25:49.501247,10,0.09,0.02,1.5,240,757,4.23,473.14,4239.98,757.0,-4523.85,-96.5,-78.81,-44.31,-15.57,False,
101,2026-09-18T00:25:49.762382,10,0.09,0.02,2.0,60,174,5.17,189.83,1214.31,174.0,-1198.48,-50.68,-28.56,-11.61,-13.91,False,
102,2026-09-18T00:25:50.029065,10,0.09,0.02,2.0,120,174,5.75,205.53,1216.14,174.0,-1184.62,-50.24,-28.55,-11.47,-13.91,False,
103,2026-09-18T00:25:50.290916,10,0.09,0.02,2.0,180,174,5.75,205.53,1216.14,174.0,-1184.62,-50.24,-28.55,-11.47,-13.91,False,
104,2026-09-18T00:25:50.553025,10,0.09,0.02,2.0,240,174,5.75,205.53,1216.14,174.0,-1184.62,-50.24,-28.55,-11.47,-13.91,False,
105,2026-09-18T00:25:50.812894,10,0.09,0.02,2.5,60,59,8.47,98.43,429.96,59.0,-390.53,-19.62,-17.73,-3.74,-11.89,False,
106,2026-09-18T00:25:51.080463,10,0.09,0.02,2.5,120,59,10.17,114.26,430.81,59.0,-375.55,-18.9,-16.35,-3.59,-11.49,False,
107,2026-09-18T00:25:51.344114,10,0.09,0.02,2.5,180,59,10.17,114.26,430.81,59.0,-375.55,-18.9,-16.35,-3.59,-11.49,False,
108,2026-09-18T00:25:51.610849,10,0.09,0.02,2.5,240,59,10.17,114.26,430.81,59.0,-375.55,-18.9,-16.35,-3.59,-11.49,False,
109,2026-09-18T00:25:51.868544,10,0.09,0.02,3.0,60,22,4.55,32.21,162.04,22.0,-151.84,-7.95,-10.86,-1.51,-9.19,False,
110,2026-09-18T00:25:52.134541,10,0.09,0.02,3.0,120,22,4.55,32.21,162.04,22.0,-151.84,-7.95,-10.86,-1.51,-9.19,False,
111,2026-09-18T00:25:52.403173,10,0.09,0.02,3.0,180,22,4.55,32.21,162.04,22.0,-151.84,-7.95,-10.86,-1.51,-9.19,False,
112,2026-09-18T00:25:52.672706,10,0.09,0.02,3.0,240,22,4.55,32.21,162.04,22.0,-151.84,-7.95,-10.86,-1.51,-9.19,False,
113,2026-09-18T00:25:52.908480,10,0.09,0.04,1.5,60,759,4.08,458.03,4242.33,759.0,-4543.3,-96.57,-80.38,-44.51,-15.58,False,
114,2026-09-18T00:25:53.146511,10,0.09,0.04,1.5,120,757,4.23,473.14,4239.98,757.0,-4523.85,-96.5,-78.81,-44.31,-15.57,False,
115,2026-09-18T00:25:53.385978,10,0.09,0.04,1.5,180,757,4.23,473.14,4239.98,757.0,-4523.85,-96.5,-78.81,-44.31,-15.57,False,
116,2026-09-18T00:25:53.623582,10,0.09,0.04,1.5,240,757,4.23,473.14,4239.98,757.0,-4523.85,-96.5,-78.81,-44.31,-15.57,False,
117,2026-09-18T00:25:53.879936,10,0.09,0.04,2.0,60,174,5.17,189.83,1214.31,174.0,-1198.48,-50.68,-28.56,-11.61,-13.91,False,
118,2026-09-18T00:25:54.141990,10,0.09,0.04,2.0,120,174,5.75,205.53,1216.14,174.0,-1184.62,-50.24,-28.55,-11.47,-13.91,False,
119,2026-09-18T00:25:54.402109,10,0.09,0.04,2.0,180,174,5.75,205.53,1216.14,174.0,-1184.62,-50.24,-28.55,-11.47,-13.91,False,
120,2026-09-18T00:25:54.666660,10,0.09,0.04,2.0,240,174,5.75,205.53,1216.14,174.0,-1184.62,-50.24,-28.55,-11.47,-13.91,False,
121,2026-09-18T00:25:54.921671,10,0.09,0.04,2.5,60,59,8.47,98.43,429.96,59.0,-390.53,-19.62,-17.73,-3.74,-11.89,False,
122,2026-09-18T00:25:55.190257,10,0.09,0.04,2.5,120,59,10.17,114.26,430.81,59.0,-375.55,-18.9,-16.35,-3.59,-11.49,False,
123,2026-09-18T00:25:55.457086,10,0.09,0.04,2.5,180,59,10.17,114.26,430.81,59.0,-375.55,-18.9,-16.35,-3.59,-11.49,False,
124,2026-09-18T00:25:55.719381,10,0.09,0.04,2.5,240,59,10.17,114.26,430.81,59.0,-375.55,-18.9,-16.35,-3.59,-11.49,False,
125,2026-09-18T00:25:55.984509,10,0.09,0.04,3.0,60,22,4.55,32.21,162.04,22.0,-151.84,-7.95,-10.86,-1.51,-9.19,False,
126,2026-09-18T00:25:56.248219,10,0.09,0.04,3.0,120,22,4.55,32.21,162.04,22.0,-151.84,-7.95,-10.86,-1.51,-9.19,False,
127,2026-09-18T00:25:56.516224,10,0.09,0.04,3.0,180,22,4.55,32.21,162.04,22.0,-151.84,-7.95,-10.86,-1.51,-9.19,False,
128,2026-09-18T00:25:56.782227,10,0.09,0.04,3.0,240,22,4.55,32.21,162.04,22.0,-151.84,-7.95,-10.86,-1.51,-9.19,False,
129,2026-09-18T00:25:57.021896,10,0.09,0.06,1.5,60,759,4.08,458.03,4242.33,759.0,-4543.3,-96.57,-80.38,-44.51,-15.58,False,
130,2026-09-18T00:25:57.260986,10,0.09,0.06,1.5,120,757,4.23,473.14,4239.98,757.0,-4523.85,-96.5,-78.81,-44.31,-15.57,False,
131,2026-09-18T00:25:57.498431,10,0.09,0.06,1.5,180,757,4.23,473.14,4239.98,757.0,-4523.85,-96.5,-78.81,-44.31,-15.57,False,
132,2026-09-18T00:25:57.730018,10,0.09,0.06,1.5,240,757,4.23,473.14,4239.98,757.0,-4523.85,-96.5,-78.81,-44.31,-15.57,False,
133,2026-09-18T00:25:57.988641,10,0.09,0.06,2.0,60,174,5.17,189.83,1214.31,174.0,-1198.48,-50.68,-28.56,-11.61,-13.91,False,
134,2026-09-18T00:25:58.247377,10,0.09,0.06,2.0,120,174,5.75,205.53,1216.14,174.0,-1184.62,-50.24,-28.55,-11.47,-13.91,False,
135,2026-09-18T00:25:58.501065,10,0.09,0.06,2.0,180,174,5.75,205.53,1216.14,174.0,-1184.62,-50.24,-28.55,-11.47,-13.91,False,
136,2026-09-18T00:25:58.759696,10,0.09,0.06,2.0,240,174,5.75,205.53,1216.14,174.0,-1184.62,-50.24,-28.55,-11.47,-13.91,False,
137,2026-09-18T00:25:59.016113,10,0.09,0.06,2.5,60,59,8.47,98.43,429.96,59.0,-390.53,-19.62,-17.73,-3.74,-11.89,False,
138,2026-09-18T00:25:59.283527,10,0.09,0.06,2.5,120,59,10.17,114.26,430.81,59.0,-375.55,-18.9,-16.35,-3.59,-11.49,False,
139,2026-09-18T00:25:59.551384,10,0.09,0.06,2.5,180,59,10.17,114.26,430.81,59.0,-375.55,-18.9,-16.35,-3.59,-11.49,False,
140,2026-09-18T00:25:59.813364,10,0.09,0.06,2.5,240,59,10.17,114.26,430.81,59.0,-375.55,-18.9,-16.35,-3.59,-11.49,False,
141,2026-09-18T00:26:00.083454,10,0.09,0.06,3.0,60,22,4.55,32.21,162.04,22.0,-151.84,-7.95,-10.86,-1.51,-9.19,False,
142,2026-09-18T00:26:00.344699,10,0.09,0.06,3.0,120,22,4.55,32.21,162.04,22.0,-151.84,-7.95,-10.86,-1.51,-9.19,False,
143,2026-09-18T00:26:00.612532,10,0.09,0.06,3.0,180,22,4.55,32.21,162.04,22.0,-151.84,-7.95,-10.86,-1.51,-9.19,False,
144,2026-09-18T00:26:00.873385,10,0.09,0.06,3.0,240,22,4.55,32.21,162.04,22.0,-151.84,-7.95,-10.86,-1.51,-9.19,False,
145,2026-09-18T00:26:01.116061,10,0.12,0.02,1.5,60,753,4.12,458.75,4218.9,753.0,-4513.14,-96.46,-78.84,-44.2,-15.57,False,
146,2026-09-18T00:26:01.365715,10,0.12,0.02,1.5,120,750,4.27,474.21,4212.67,750.0,-4488.46,-96.37,-76.82,-43.95,-15.55,False,
147,2026-09-18T00:26:01.605466,10,0.12,0.02,1.5,180,750,4.27,474.21,4212.67,750.0,-4488.46,-96.37,-76.82,-43.95,-15.55,False,
148,2026-09-18T00:26:01.837554,10,0.12,0.02,1.5,240,750,4.27,474.21,4212.67,750.0,-4488.46,-96.37,-76.82,-43.95,-15.55,False,
149,2026-09-18T00:26:02.102110,10,0.12,0.02,2.0,60,172,5.23,189.8,1201.34,172.0,-1183.54,-50.2,-27.44,-11.46,-13.78,False,
150,2026-09-18T00:26:02.368604,10,0.12,0.02,2.0,120,172,5.81,206.03,1203.21,172.0,-1169.18,-49.74,-27.4,-11.32,-13.78,False,
151,2026-09-18T00:26:02.631262,10,0.12,0.02,2.0,180,172,5.81,206.03,1203.21,172.0,-1169.18,-49.74,-27.4,-11.32,-13.78,False,
152,2026-09-18T00:26:02.887672,10,0.12,0.02,2.0,240,172,5.81,206.03,1203.21,172.0,-1169.18,-49.74,-27.4,-11.32,-13.78,False,
153,2026-09-18T00:26:03.158705,10,0.12,0.02,2.5,60,58,8.62,98.47,422.86,58.0,-382.39,-19.23,-16.99,-3.66,-11.67,False,
154,2026-09-18T00:26:03.423894,10,0.12,0.02,2.5,120,58,10.34,114.84,423.73,58.0,-366.88,-18.48,-15.63,-3.5,-11.25,False,
155,2026-09-18T00:26:03.690371,10,0.12,0.02,2.5,180,58,10.34,114.84,423.73,58.0,-366.88,-18.48,-15.63,-3.5,-11.25,False,
156,2026-09-18T00:26:03.943924,10,0.12,0.02,2.5,240,58,10.34,114.84,423.73,58.0,-366.88,-18.48,-15.63,-3.5,-11.25,False,
157,2026-09-18T00:26:04.210750,10,0.12,0.02,3.0,60,22,4.55,32.21,162.04,22.0,-151.84,-7.95,-10.86,-1.51,-9.19,False,
158,2026-09-18T00:26:04.478976,10,0.12,0.02,3.0,120,22,4.55,32.21,162.04,22.0,-151.84,-7.95,-10.86,-1.51,-9.19,False,
159,2026-09-18T00:26:04.737945,10,0.12,0.02,3.0,180,22,4.55,32.21,162.04,22.0,-151.84,-7.95,-10.86,-1.51,-9.19,False,
160,2026-09-18T00:26:05.005931,10,0.12,0.02,3.0,240,22,4.55,32.21,162.04,22.0,-151.84,-7.95,-10.86,-1.51,-9.19,False,
161,2026-09-18T00:26:05.242663,10,0.12,0.04,1.5,60,753,4.12,458.75,4218.9,753.0,-4513.14,-96.46,-78.84,-44.2,-15.57,False,
162,2026-09-18T00:26:05.481833,10,0.12,0.04,1.5,120,750,4.27,474.21,4212.67,750.0,-4488.46,-96.37,-76.82,-43.95,-15.55,False,
163,2026-09-18T00:26:05.717539,10,0.12,0.04,1.5,180,750,4.27,474.21,4212.67,750.0,-4488.46,-96.37,-76.82,-43.95,-15.55,False,
164,2026-09-18T00:26:05.951965,10,0.12,0.04,1.5,240,750,4.27,474.21,4212.67,750.0,-4488.46,-96.37,-76.82,-43.95,-15.55,False,
165,2026-09-18T00:26:06.213849,10,0.12,0.04,2.0,60,172,5.23,189.8,1201.34,172.0,-1183.54,-50.2,-27.44,-11.46,-13.78,False,
166,2026-09-18T00:26:06.473263,10,0.12,0.04,2.0,120,172,5.81,206.03,1203.21,172.0,-1169.18,-49.74,-27.4,-11.32,-13.78,False,
167,2026-09-18T00:26:06.729881,10,0.12,0.04,2.0,180,172,5.81,206.03,1203.21,172.0,-1169.18,-49.74,-27.4,-11.32,-13.78,False,
168,2026-09-18T00:26:06.987595,10,0.12,0.04,2.0,240,172,5.81,206.03,1203.21,172.0,-1169.18,-49.74,-27.4,-11.32,-13.78,False,
169,2026-09-18T00:26:07.251393,10,0.12,0.04,2.5,60,58,8.62,98.47,422.86,58.0,-382.39,-19.23,-16.99,-3.66,-11.67,False,
170,2026-09-18T00:26:07.497839,10,0.12,0.04,2.5,120,58,10.34,114.84,423.73,58.0,-366.88,-18.48,-15.63,-3.5,-11.25,False,
171,2026-09-18T00:26:07.758794,10,0.12,0.04,2.5,180,58,10.34,114.84,423.73,58.0,-366.88,-18.48,-15.63,-3.5,-11.25,False,
172,2026-09-18T00:26:08.025003,10,0.12,0.04,2.5,240,58,10.34,114.84,423.73,58.0,-366.88,-18.48,-15.63,-3.5,-11.25,False,
173,2026-09-18T00:26:08.281347,10,0.12,0.04,3.0,60,22,4.55,32.21,162.04,22.0,-151.84,-7.95,-10.86,-1.51,-9.19,False,
174,2026-09-18T00:26:08.549557,10,0.12,0.04,3.0,120,22,4.55,32.21,162.04,22.0,-151.84,-7.95,-10.86,-1.51,-9.19,False,
175,2026-09-18T00:26:08.809596,10,0.12,0.04,3.0,180,22,4.55,32.21,162.04,22.0,-151.84,-7.95,-10.86,-1.51,-9.19,False,
176,2026-09-18T00:26:09.073301,10,0.12,0.04,3.0,240,22,4.55,32.21,162.04,22.0,-151.84,-7.95,-10.86,-1.51,-9.19,False,
177,2026-09-18T00:26:09.308937,10,0.12,0.06,1.5,60,753,4.12,458.75,4218.9,753.0,-4513.14,-96.46,-78.84,-44.2,-15.57,False,
178,2026-09-18T00:26:09.548401,10,0.12,0.06,1.5,120,750,4.27,474.21,4212.67,750.0,-4488.46,-96.37,-76.82,-43.95,-15.55,False,
179,2026-09-18T00:26:09.783725,10,0.12,0.06,1.5,180,750,4.27,474.21,4212.67,750.0,-4488.46,-96.37,-76.82,-43.95,-15.55,False,
180,2026-09-18T00:26:10.020936,10,0.12,0.06,1.5,240,750,4.27,474.21,4212.67,750.0,-4488.46,-96.37,-76.82,-43.95,-15.55,False,
181,2026-09-18T00:26:10.279129,10,0.12,0.06,2.0,60,172,5.23,189.8,1201.34,172.0,-1183.54,-50.2,-27.44,-11.46,-13.78,False,
182,2026-09-18T00:26:10.541467,10,0.12,0.06,2.0,120,172,5.81,206.03,1203.21,172.0,-1169.18,-49.74,-27.4,-11.32,-13.78,False,
183,2026-09-18T00:26:10.799480,10,0.12,0.06,2.0,180,172,5.81,206.03,1203.21,172.0,-1169.18,-49.74,-27.4,-11.32,-13.78,False,
184,2026-09-18T00:26:11.061691,10,0.12,0.06,2.0,240,172,5.81,206.03,1203.21,172.0,-1169.18,-49.74,-27.4,-11.32,-13.78,False,
185,2026-09-18T00:26:11.323120,10,0.12,0.06,2.5,60,58,8.62,98.47,422.86,58.0,-382.39,-19.23,-16.99,-3.66,-11.67,False,
186,2026-09-18T00:26:11.589827,10,0.12,0.06,2.5,120,58,10.34,114.84,423.73,58.0,-366.88,-18.48,-15.63,-3.5,-11.25,False,
187,2026-09-18T00:26:11.848383,10,0.12,0.06,2.5,180,58,10.34,114.84,423.73,58.0,-366.88,-18.48,-15.63,-3.5,-11.25,False,
188,2026-09-18T00:26:12.115007,10,0.12,0.06,2.5,240,58,10.34,114.84,423.73,58.0,-366.88,-18.48,-15.63,-3.5,-11.25,False,
189,2026-09-18T00:26:12.378637,10,0.12,0.06,3.0,60,22,4.55,32.21,162.04,22.0,-151.84,-7.95,-10.86,-1.51,-9.19,False,
190,2026-09-18T00:26:12.636231,10,0.12,0.06,3.0,120,22,4.55,32.21,162.04,22.0,-151.84,-7.95,-10.86,-1.51,-9.19,False,
191,2026-09-18T00:26:12.890522,10,0.12,0.06,3.0,180,22,4.55,32.21,162.04,22.0,-151.84,-7.95,-10.86,-1.51,-9.19,False,
192,2026-09-18T00:26:13.152246,10,0.12,0.06,3.0,240,22,4.55,32.21,162.04,22.0,-151.84,-7.95,-10.86,-1.51,-9.19,False,
193,2026-09-18T00:26:13.396076,10,0.15,0.02,1.5,60,752,4.12,458.97,4215.03,752.0,-4508.06,-96.44,-78.6,-44.15,-15.57,False,
194,2026-09-18T00:26:13.638994,10,0.15,0.02,1.5,120,749,4.27,474.43,4208.79,749.0,-4483.36,-96.35,-76.61,-43.9,-15.55,False,
195,2026-09-18T00:26:13.874264,10,0.15,0.02,1.5,180,749,4.27,474.43,4208.79,749.0,-4483.36,-96.35,-76.61,-43.9,-15.55,False,
196,2026-09-18T00:26:14.113844,10,0.15,0.02,1.5,240,749,4.27,474.43,4208.79,749.0,-4483.36,-96.35,-76.61,-43.9,-15.55,False,
197,2026-09-18T00:26:14.363708,10,0.15,0.02,2.0,60,171,5.26,189.86,1194.88,171.0,-1176.02,-49.96,-27.13,-11.39,-13.74,False,
198,2026-09-18T00:26:14.618481,10,0.15,0.02,2.0,120,171,5.85,206.09,1196.74,171.0,-1161.65,-49.49,-27.1,-11.24,-13.74,False,
199,2026-09-18T00:26:14.866426,10,0.15,0.02,2.0,180,171,5.85,206.09,1196.74,171.0,-1161.65,-49.49,-27.1,-11.24,-13.74,False,
200,2026-09-18T00:26:15.120186,10,0.15,0.02,2.0,240,171,5.85,206.09,1196.74,171.0,-1161.65,-49.49,-27.1,-11.24,-13.74,False,
201,2026-09-18T00:26:15.378932,10,0.15,0.02,2.5,60,57,8.77,98.5,415.78,57.0,-374.28,-18.84,-16.4,-3.58,-11.47,False,
202,2026-09-18T00:26:15.633924,10,0.15,0.02,2.5,120,57,10.53,114.87,416.63,57.0,-358.76,-18.08,-15.1,-3.42,-11.05,False,
203,2026-09-18T00:26:15.889338,10,0.15,0.02,2.5,180,57,10.53,114.87,416.63,57.0,-358.76,-18.08,-15.1,-3.42,-11.05,False,
204,2026-09-18T00:26:16.144826,10,0.15,0.02,2.5,240,57,10.53,114.87,416.63,57.0,-358.76,-18.08,-15.1,-3.42,-11.05,False,
205,2026-09-18T00:26:16.407294,10,0.15,0.02,3.0,60,22,4.55,32.07,162.04,22.0,-151.97,-7.96,-10.88,-1.51,-9.2,False,
206,2026-09-18T00:26:16.667370,10,0.15,0.02,3.0,120,22,4.55,32.07,162.04,22.0,-151.97,-7.96,-10.88,-1.51,-9.2,False,
207,2026-09-18T00:26:16.924072,10,0.15,0.02,3.0,180,22,4.55,32.07,162.04,22.0,-151.97,-7.96,-10.88,-1.51,-9.2,False,
208,2026-09-18T00:26:17.179688,10,0.15,0.02,3.0,240,22,4.55,32.07,162.04,22.0,-151.97,-7.96,-10.88,-1.51,-9.2,False,
209,2026-09-18T00:26:17.409355,10,0.15,0.04,1.5,60,752,4.12,458.97,4215.03,752.0,-4508.06,-96.44,-78.6,-44.15,-15.57,False,
210,2026-09-18T00:26:17.636657,10,0.15,0.04,1.5,120,749,4.27,474.43,4208.79,749.0,-4483.36,-96.35,-76.61,-43.9,-15.55,False,
211,2026-09-18T00:26:17.860754,10,0.15,0.04,1.5,180,749,4.27,474.43,4208.79,749.0,-4483.36,-96.35,-76.61,-43.9,-15.55,False,
212,2026-09-18T00:26:18.100675,10,0.15,0.04,1.5,240,749,4.27,474.43,4208.79,749.0,-4483.36,-96.35,-76.61,-43.9,-15.55,False,
213,2026-09-18T00:26:18.352953,10,0.15,0.04,2.0,60,171,5.26,189.86,1194.88,171.0,-1176.02,-49.96,-27.13,-11.39,-13.74,False,
214,2026-09-18T00:26:18.615557,10,0.15,0.04,2.0,120,171,5.85,206.09,1196.74,171.0,-1161.65,-49.49,-27.1,-11.24,-13.74,False,
215,2026-09-18T00:26:18.869488,10,0.15,0.04,2.0,180,171,5.85,206.09,1196.74,171.0,-1161.65,-49.49,-27.1,-11.24,-13.74,False,
216,2026-09-18T00:26:19.129022,10,0.15,0.04,2.0,240,171,5.85,206.09,1196.74,171.0,-1161.65,-49.49,-27.1,-11.24,-13.74,False,
217,2026-09-18T00:26:19.395723,10,0.15,0.04,2.5,60,57,8.77,98.5,415.78,57.0,-374.28,-18.84,-16.4,-3.58,-11.47,False,
218,2026-09-18T00:26:19.662531,10,0.15,0.04,2.5,120,57,10.53,114.87,416.63,57.0,-358.76,-18.08,-15.1,-3.42,-11.05,False,
219,2026-09-18T00:26:19.924960,10,0.15,0.04,2.5,180,57,10.53,114.87,416.63,57.0,-358.76,-18.08,-15.1,-3.42,-11.05,False,
220,2026-09-18T00:26:20.191824,10,0.15,0.04,2.5,240,57,10.53,114.87,416.63,57.0,-358.76,-18.08,-15.1,-3.42,-11.05,False,
221,2026-09-18T00:26:20.453291,10,0.15,0.04,3.0,60,22,4.55,32.07,162.04,22.0,-151.97,-7.96,-10.88,-1.51,-9.2,False,
222,2026-09-18T00:26:20.720623,10,0.15,0.04,3.0,120,22,4.55,32.07,162.04,22.0,-151.97,-7.96,-10.88,-1.51,-9.2,False,
223,2026-09-18T00:26:20.983540,10,0.15,0.04,3.0,180,22,4.55,32.07,162.04,22.0,-151.97,-7.96,-10.88,-1.51,-9.2,False,
224,2026-09-18T00:26:21.251740,10,0.15,0.04,3.0,240,22,4.55,32.07,162.04,22.0,-151.97,-7.96,-10.88,-1.51,-9.2,False,
225,2026-09-18T00:26:21.491863,10,0.15,0.06,1.5,60,752,4.12,458.97,4215.03,752.0,-4508.06,-96.44,-78.6,-44.15,-15.57,False,
226,2026-09-18T00:26:21.827871,10,0.15,0.06,1.5,120,749,4.27,474.43,4208.79,749.0,-4483.36,-96.35,-76.61,-43.9,-15.55,False,
227,2026-09-18T00:26:22.067654,10,0.15,0.06,1.5,180,749,4.27,474.43,4208.79,749.0,-4483.36,-96.35,-76.61,-43.9,-15.55,False,
228,2026-09-18T00:26:22.308836,10,0.15,0.06,1.5,240,749,4.27,474.43,4208.79,749.0,-4483.36,-96.35,-76.61,-43.9,-15.55,False,
229,2026-09-18T00:26:22.573944,10,0.15,0.06,2.0,60,171,5.26,189.86,1194.88,171.0,-1176.02,-49.96,-27.13,-11.39,-13.74,False,
230,2026-09-18T00:26:22.832182,10,0.15,0.06,2.0,120,171,5.85,206.09,1196.74,171.0,-1161.65,-49.49,-27.1,-11.24,-13.74,False,
231,2026-09-18T00:26:23.095441,10,0.15,0.06,2.0,180,171,5.85,206.09,1196.74,171.0,-1161.65,-49.49,-27.1,-11.24,-13.74,False,
232,2026-09-18T00:26:23.348803,10,0.15,0.06,2.0,240,171,5.85,206.09,1196.74,171.0,-1161.65,-49.49,-27.1,-11.24,-13.74,False,
233,2026-09-18T00:26:23.616545,10,0.15,0.06,2.5,60,57,8.77,98.5,415.78,57.0,-374.28,-18.84,-16.4,-3.58,-11.47,False,
234,2026-09-18T00:26:23.876948,10,0.15,0.06,2.5,120,57,10.53,114.87,416.63,57.0,-358.76,-18.08,-15.1,-3.42,-11.05,False,
235,2026-09-18T00:26:24.144982,10,0.15,0.06,2.5,180,57,10.53,114.87,416.63,57.0,-358.76,-18.08,-15.1,-3.42,-11.05,False,
236,2026-09-18T00:26:24.406949,10,0.15,0.06,2.5,240,57,10.53,114.87,416.63,57.0,-358.76,-18.08,-15.1,-3.42,-11.05,False,
237,2026-09-18T00:26:24.675202,10,0.15,0.06,3.0,60,22,4.55,32.07,162.04,22.0,-151.97,-7.96,-10.88,-1.51,-9.2,False,
238,2026-09-18T00:26:24.935054,10,0.15,0.06,3.0,120,22,4.55,32.07,162.04,22.0,-151.97,-7.96,-10.88,-1.51,-9.2,False,
239,2026-09-18T00:26:25.200022,10,0.15,0.06,3.0,180,22,4.55,32.07,162.04,22.0,-151.97,-7.96,-10.88,-1.51,-9.2,False,
240,2026-09-18T00:26:25.468012,10,0.15,0.06,3.0,240,22,4.55,32.07,162.04,22.0,-151.97,-7.96,-10.88,-1.51,-9.2,False,
241,2026-09-18T00:26:25.717306,20,0.05,0.02,1.5,60,583,4.8,422.22,3485.78,583.0,-3646.56,-91.87,-59.37,-35.48,-15.35,False,
242,2026-09-18T00:26:25.962432,20,0.05,0.02,1.5,120,581,4.99,437.9,3481.18,581.0,-3624.28,-91.71,-58.3,-35.26,-15.33,False,
243,2026-09-18T00:26:26.207824,20,0.05,0.02,1.5,180,581,4.99,437.9,3481.18,581.0,-3624.28,-91.71,-58.3,-35.26,-15.33,False,
244,2026-09-18T00:26:26.448267,20,0.05,0.02,1.5,240,581,4.99,437.9,3481.18,581.0,-3624.28,-91.71,-58.3,-35.26,-15.33,False,
245,2026-09-18T00:26:26.717268,20,0.05,0.02,2.0,60,144,6.25,192.14,1018.24,144.0,-970.1,-43.18,-25.96,-9.4,-13.59,False,
246,2026-09-18T00:26:26.975891,20,0.05,0.02,2.0,120,144,6.94,207.89,1019.81,144.0,-955.92,-42.66,-25.38,-9.26,-13.5,False,
247,2026-09-18T00:26:27.239113,20,0.05,0.02,2.0,180,144,6.94,207.89,1019.81,144.0,-955.92,-42.66,-25.38,-9.26,-13.5,False,
248,2026-09-18T00:26:27.501625,20,0.05,0.02,2.0,240,144,6.94,207.89,1019.81,144.0,-955.92,-42.66,-25.38,-9.26,-13.5,False,
249,2026-09-18T00:26:27.763520,20,0.05,0.02,2.5,60,53,9.43,100.35,387.44,53.0,-340.09,-17.58,-15.9,-3.32,-11.31,False,
250,2026-09-18T00:26:28.033338,20,0.05,0.02,2.5,120,53,11.32,116.19,388.23,53.0,-325.04,-16.85,-13.97,-3.17,-10.79,False,
251,2026-09-18T00:26:28.286260,20,0.05,0.02,2.5,180,53,11.32,116.19,388.23,53.0,-325.04,-16.85,-13.97,-3.17,-10.79,False,
252,2026-09-18T00:26:28.551895,20,0.05,0.02,2.5,240,53,11.32,116.19,388.23,53.0,-325.04,-16.85,-13.97,-3.17,-10.79,False,
253,2026-09-18T00:26:28.812748,20,0.05,0.02,3.0,60,22,4.55,32.21,162.04,22.0,-151.84,-7.95,-10.86,-1.51,-9.19,False,
254,2026-09-18T00:26:29.077052,20,0.05,0.02,3.0,120,22,4.55,32.21,162.04,22.0,-151.84,-7.95,-10.86,-1.51,-9.19,False,
255,2026-09-18T00:26:29.340572,20,0.05,0.02,3.0,180,22,4.55,32.21,162.04,22.0,-151.84,-7.95,-10.86,-1.51,-9.19,False,
256,2026-09-18T00:26:29.605100,20,0.05,0.02,3.0,240,22,4.55,32.21,162.04,22.0,-151.84,-7.95,-10.86,-1.51,-9.19,False,
257,2026-09-18T00:26:29.845918,20,0.05,0.04,1.5,60,583,4.8,422.22,3485.78,583.0,-3646.56,-91.87,-59.37,-35.48,-15.35,False,
258,2026-09-18T00:26:30.087080,20,0.05,0.04,1.5,120,581,4.99,437.9,3481.18,581.0,-3624.28,-91.71,-58.3,-35.26,-15.33,False,
259,2026-09-18T00:26:30.330756,20,0.05,0.04,1.5,180,581,4.99,437.9,3481.18,581.0,-3624.28,-91.71,-58.3,-35.26,-15.33,False,
260,2026-09-18T00:26:30.574130,20,0.05,0.04,1.5,240,581,4.99,437.9,3481.18,581.0,-3624.28,-91.71,-58.3,-35.26,-15.33,False,
261,2026-09-18T00:26:30.831870,20,0.05,0.04,2.0,60,144,6.25,192.14,1018.24,144.0,-970.1,-43.18,-25.96,-9.4,-13.59,False,
262,2026-09-18T00:26:31.094014,20,0.05,0.04,2.0,120,144,6.94,207.89,1019.81,144.0,-955.92,-42.66,-25.38,-9.26,-13.5,False,
263,2026-09-18T00:26:31.354192,20,0.05,0.04,2.0,180,144,6.94,207.89,1019.81,144.0,-955.92,-42.66,-25.38,-9.26,-13.5,False,
264,2026-09-18T00:26:31.616454,20,0.05,0.04,2.0,240,144,6.94,207.89,1019.81,144.0,-955.92,-42.66,-25.38,-9.26,-13.5,False,
265,2026-09-18T00:26:31.871652,20,0.05,0.04,2.5,60,53,9.43,100.35,387.44,53.0,-340.09,-17.58,-15.9,-3.32,-11.31,False,
266,2026-09-18T00:26:32.136579,20,0.05,0.04,2.5,120,53,11.32,116.19,388.23,53.0,-325.04,-16.85,-13.97,-3.17,-10.79,False,
267,2026-09-18T00:26:32.402004,20,0.05,0.04,2.5,180,53,11.32,116.19,388.23,53.0,-325.04,-16.85,-13.97,-3.17,-10.79,False,
268,2026-09-18T00:26:32.666617,20,0.05,0.04,2.5,240,53,11.32,116.19,388.23,53.0,-325.04,-16.85,-13.97,-3.17,-10.79,False,
269,2026-09-18T00:26:32.928773,20,0.05,0.04,3.0,60,22,4.55,32.21,162.04,22.0,-151.84,-7.95,-10.86,-1.51,-9.19,False,
270,2026-09-18T00:26:33.190083,20,0.05,0.04,3.0,120,22,4.55,32.21,162.04,22.0,-151.84,-7.95,-10.86,-1.51,-9.19,False,
271,2026-09-18T00:26:33.457031,20,0.05,0.04,3.0,180,22,4.55,32.21,162.04,22.0,-151.84,-7.95,-10.86,-1.51,-9.19,False,
272,2026-09-18T00:26:33.723559,20,0.05,0.04,3.0,240,22,4.55,32.21,162.04,22.0,-151.84,-7.95,-10.86,-1.51,-9.19,False,
273,2026-09-18T00:26:33.964623,20,0.05,0.06,1.5,60,583,4.8,422.22,3485.78,583.0,-3646.56,-91.87,-59.37,-35.48,-15.35,False,
274,2026-09-18T00:26:34.207522,20,0.05,0.06,1.5,120,581,4.99,437.9,3481.18,581.0,-3624.28,-91.71,-58.3,-35.26,-15.33,False,
275,2026-09-18T00:26:34.453160,20,0.05,0.06,1.5,180,581,4.99,437.9,3481.18,581.0,-3624.28,-91.71,-58.3,-35.26,-15.33,False,
276,2026-09-18T00:26:34.689258,20,0.05,0.06,1.5,240,581,4.99,437.9,3481.18,581.0,-3624.28,-91.71,-58.3,-35.26,-15.33,False,
277,2026-09-18T00:26:34.942540,20,0.05,0.06,2.0,60,144,6.25,192.14,1018.24,144.0,-970.1,-43.18,-25.96,-9.4,-13.59,False,
278,2026-09-18T00:26:35.204979,20,0.05,0.06,2.0,120,144,6.94,207.89,1019.81,144.0,-955.92,-42.66,-25.38,-9.26,-13.5,False,
279,2026-09-18T00:26:35.468121,20,0.05,0.06,2.0,180,144,6.94,207.89,1019.81,144.0,-955.92,-42.66,-25.38,-9.26,-13.5,False,
280,2026-09-18T00:26:35.730385,20,0.05,0.06,2.0,240,144,6.94,207.89,1019.81,144.0,-955.92,-42.66,-25.38,-9.26,-13.5,False,
281,2026-09-18T00:26:35.990649,20,0.05,0.06,2.5,60,53,9.43,100.35,387.44,53.0,-340.09,-17.58,-15.9,-3.32,-11.31,False,
282,2026-09-18T00:26:36.252741,20,0.05,0.06,2.5,120,53,11.32,116.19,388.23,53.0,-325.04,-16.85,-13.97,-3.17,-10.79,False,
283,2026-09-18T00:26:36.518735,20,0.05,0.06,2.5,180,53,11.32,116.19,388.23,53.0,-325.04,-16.85,-13.97,-3.17,-10.79,False,
284,2026-09-18T00:26:36.776833,20,0.05,0.06,2.5,240,53,11.32,116.19,388.23,53.0,-325.04,-16.85,-13.97,-3.17,-10.79,False,
285,2026-09-18T00:26:37.028549,20,0.05,0.06,3.0,60,22,4.55,32.21,162.04,22.0,-151.84,-7.95,-10.86,-1.51,-9.19,False,
286,2026-09-18T00:26:37.292683,20,0.05,0.06,3.0,120,22,4.55,32.21,162.04,22.0,-151.84,-7.95,-10.86,-1.51,-9.19,False,
287,2026-09-18T00:26:37.559718,20,0.05,0.06,3.0,180,22,4.55,32.21,162.04,22.0,-151.84,-7.95,-10.86,-1.51,-9.19,False,
288,2026-09-18T00:26:37.818093,20,0.05,0.06,3.0,240,22,4.55,32.21,162.04,22.0,-151.84,-7.95,-10.86,-1.51,-9.19,False,
289,2026-09-18T00:26:38.067661,20,0.07,0.02,1.5,60,578,4.84,422.64,3463.2,578.0,-3618.56,-91.67,-59.26,-35.2,-15.35,False,
290,2026-09-18T00:26:38.315450,20,0.07,0.02,1.5,120,576,5.03,438.36,3458.55,576.0,-3596.2,-91.5,-58.24,-34.97,-15.33,False,
291,2026-09-18T00:26:38.555216,20,0.07,0.02,1.5,180,576,5.03,438.36,3458.55,576.0,-3596.2,-91.5,-58.24,-34.97,-15.33,False,
292,2026-09-18T00:26:38.794330,20,0.07,0.02,1.5,240,576,5.03,438.36,3458.55,576.0,-3596.2,-91.5,-58.24,-34.97,-15.33,False,
293,2026-09-18T00:26:39.058406,20,0.07,0.02,2.0,60,144,6.25,192.13,1018.24,144.0,-970.11,-43.18,-25.96,-9.4,-13.59,False,
294,2026-09-18T00:26:39.324727,20,0.07,0.02,2.0,120,144,6.94,207.87,1019.81,144.0,-955.94,-42.66,-25.38,-9.26,-13.5,False,
295,2026-09-18T00:26:39.585052,20,0.07,0.02,2.0,180,144,6.94,207.87,1019.81,144.0,-955.94,-42.66,-25.38,-9.26,-13.5,False,
296,2026-09-18T00:26:39.837512,20,0.07,0.02,2.0,240,144,6.94,207.87,1019.81,144.0,-955.94,-42.66,-25.38,-9.26,-13.5,False,
297,2026-09-18T00:26:40.108574,20,0.07,0.02,2.5,60,53,9.43,100.33,387.44,53.0,-340.11,-17.58,-15.9,-3.32,-11.31,False,
298,2026-09-18T00:26:40.375105,20,0.07,0.02,2.5,120,53,11.32,116.17,388.23,53.0,-325.06,-16.85,-13.98,-3.17,-10.79,False,
299,2026-09-18T00:26:40.640737,20,0.07,0.02,2.5,180,53,11.32,116.17,388.23,53.0,-325.06,-16.85,-13.98,-3.17,-10.79,False,
300,2026-09-18T00:26:40.897398,20,0.07,0.02,2.5,240,53,11.32,116.17,388.23,53.0,-325.06,-16.85,-13.98,-3.17,-10.79,False,
301,2026-09-18T00:26:41.159948,20,0.07,0.02,3.0,60,22,4.55,32.21,162.04,22.0,-151.84,-7.95,-10.86,-1.51,-9.19,False,
302,2026-09-18T00:26:41.426395,20,0.07,0.02,3.0,120,22,4.55,32.21,162.04,22.0,-151.84,-7.95,-10.86,-1.51,-9.19,False,
303,2026-09-18T00:26:41.692669,20,0.07,0.02,3.0,180,22,4.55,32.21,162.04,22.0,-151.84,-7.95,-10.86,-1.51,-9.19,False,
304,2026-09-18T00:26:41.952332,20,0.07,0.02,3.0,240,22,4.55,32.21,162.04,22.0,-151.84,-7.95,-10.86,-1.51,-9.19,False,
305,2026-09-18T00:26:42.196111,20,0.07,0.04,1.5,60,578,4.84,422.64,3463.2,578.0,-3618.56,-91.67,-59.26,-35.2,-15.35,False,
306,2026-09-18T00:26:42.435133,20,0.07,0.04,1.5,120,576,5.03,438.36,3458.55,576.0,-3596.2,-91.5,-58.24,-34.97,-15.33,False,
307,2026-09-18T00:26:42.672601,20,0.07,0.04,1.5,180,576,5.03,438.36,3458.55,576.0,-3596.2,-91.5,-58.24,-34.97,-15.33,False,
308,2026-09-18T00:26:42.911903,20,0.07,0.04,1.5,240,576,5.03,438.36,3458.55,576.0,-3596.2,-91.5,-58.24,-34.97,-15.33,False,
309,2026-09-18T00:26:43.174391,20,0.07,0.04,2.0,60,144,6.25,192.13,1018.24,144.0,-970.11,-43.18,-25.96,-9.4,-13.59,False,
310,2026-09-18T00:26:43.433906,20,0.07,0.04,2.0,120,144,6.94,207.87,1019.81,144.0,-955.94,-42.66,-25.38,-9.26,-13.5,False,
311,2026-09-18T00:26:43.695835,20,0.07,0.04,2.0,180,144,6.94,207.87,1019.81,144.0,-955.94,-42.66,-25.38,-9.26,-13.5,False,
312,2026-09-18T00:26:43.944822,20,0.07,0.04,2.0,240,144,6.94,207.87,1019.81,144.0,-955.94,-42.66,-25.38,-9.26,-13.5,False,
313,2026-09-18T00:26:44.210269,20,0.07,0.04,2.5,60,53,9.43,100.33,387.44,53.0,-340.11,-17.58,-15.9,-3.32,-11.31,False,
314,2026-09-18T00:26:44.474876,20,0.07,0.04,2.5,120,53,11.32,116.17,388.23,53.0,-325.06,-16.85,-13.98,-3.17,-10.79,False,
315,2026-09-18T00:26:44.740776,20,0.07,0.04,2.5,180,53,11.32,116.17,388.23,53.0,-325.06,-16.85,-13.98,-3.17,-10.79,False,
316,2026-09-18T00:26:44.991463,20,0.07,0.04,2.5,240,53,11.32,116.17,388.23,53.0,-325.06,-16.85,-13.98,-3.17,-10.79,False,
317,2026-09-18T00:26:45.251821,20,0.07,0.04,3.0,60,22,4.55,32.21,162.04,22.0,-151.84,-7.95,-10.86,-1.51,-9.19,False,
318,2026-09-18T00:26:45.516249,20,0.07,0.04,3.0,120,22,4.55,32.21,162.04,22.0,-151.84,-7.95,-10.86,-1.51,-9.19,False,
319,2026-09-18T00:26:45.776298,20,0.07,0.04,3.0,180,22,4.55,32.21,162.04,22.0,-151.84,-7.95,-10.86,-1.51,-9.19,False,
320,2026-09-18T00:26:46.042706,20,0.07,0.04,3.0,240,22,4.55,32.21,162.04,22.0,-151.84,-7.95,-10.86,-1.51,-9.19,False,
321,2026-09-18T00:26:46.288186,20,0.07,0.06,1.5,60,578,4.84,422.64,3463.2,578.0,-3618.56,-91.67,-59.26,-35.2,-15.35,False,
322,2026-09-18T00:26:46.531083,20,0.07,0.06,1.5,120,576,5.03,438.36,3458.55,576.0,-3596.2,-91.5,-58.24,-34.97,-15.33,False,
323,2026-09-18T00:26:46.771154,20,0.07,0.06,1.5,180,576,5.03,438.36,3458.55,576.0,-3596.2,-91.5,-58.24,-34.97,-15.33,False,
324,2026-09-18T00:26:47.010078,20,0.07,0.06,1.5,240,576,5.03,438.36,3458.55,576.0,-3596.2,-91.5,-58.24,-34.97,-15.33,False,
325,2026-09-18T00:26:47.272619,20,0.07,0.06,2.0,60,144,6.25,192.13,1018.24,144.0,-970.11,-43.18,-25.96,-9.4,-13.59,False,
326,2026-09-18T00:26:47.534837,20,0.07,0.06,2.0,120,144,6.94,207.87,1019.81,144.0,-955.94,-42.66,-25.38,-9.26,-13.5,False,
327,2026-09-18T00:26:47.791548,20,0.07,0.06,2.0,180,144,6.94,207.87,1019.81,144.0,-955.94,-42.66,-25.38,-9.26,-13.5,False,
328,2026-09-18T00:26:48.051189,20,0.07,0.06,2.0,240,144,6.94,207.87,1019.81,144.0,-955.94,-42.66,-25.38,-9.26,-13.5,False,
329,2026-09-18T00:26:48.301425,20,0.07,0.06,2.5,60,53,9.43,100.33,387.44,53.0,-340.11,-17.58,-15.9,-3.32,-11.31,False,
330,2026-09-18T00:26:48.564998,20,0.07,0.06,2.5,120,53,11.32,116.17,388.23,53.0,-325.06,-16.85,-13.98,-3.17,-10.79,False,
331,2026-09-18T00:26:48.825316,20,0.07,0.06,2.5,180,53,11.32,116.17,388.23,53.0,-325.06,-16.85,-13.98,-3.17,-10.79,False,
332,2026-09-18T00:26:49.090283,20,0.07,0.06,2.5,240,53,11.32,116.17,388.23,53.0,-325.06,-16.85,-13.98,-3.17,-10.79,False,
333,2026-09-18T00:26:49.354675,20,0.07,0.06,3.0,60,22,4.55,32.21,162.04,22.0,-151.84,-7.95,-10.86,-1.51,-9.19,False,
334,2026-09-18T00:26:49.620205,20,0.07,0.06,3.0,120,22,4.55,32.21,162.04,22.0,-151.84,-7.95,-10.86,-1.51,-9.19,False,
335,2026-09-18T00:26:49.875737,20,0.07,0.06,3.0,180,22,4.55,32.21,162.04,22.0,-151.84,-7.95,-10.86,-1.51,-9.19,False,
336,2026-09-18T00:26:50.136867,20,0.07,0.06,3.0,240,22,4.55,32.21,162.04,22.0,-151.84,-7.95,-10.86,-1.51,-9.19,False,
337,2026-09-18T00:26:50.385125,20,0.09,0.02,1.5,60,575,4.87,422.86,3449.13,575.0,-3601.27,-91.54,-57.45,-35.02,-15.31,False,
338,2026-09-18T00:26:50.633307,20,0.09,0.02,1.5,120,573,5.06,438.48,3444.43,573.0,-3578.94,-91.36,-56.53,-34.8,-15.3,False,
339,2026-09-18T00:26:50.873481,20,0.09,0.02,1.5,180,573,5.06,438.48,3444.43,573.0,-3578.94,-91.36,-56.53,-34.8,-15.3,False,
340,2026-09-18T00:26:51.117976,20,0.09,0.02,1.5,240,573,5.06,438.48,3444.43,573.0,-3578.94,-91.36,-56.53,-34.8,-15.3,False,
341,2026-09-18T00:26:51.361528,20,0.09,0.02,2.0,60,143,6.29,192.13,1011.56,143.0,-962.43,-42.9,-25.89,-9.32,-13.58,False,
342,2026-09-18T00:26:51.628190,20,0.09,0.02,2.0,120,143,6.99,207.88,1013.12,143.0,-948.24,-42.38,-25.32,-9.18,-13.5,False,
343,2026-09-18T00:26:51.880654,20,0.09,0.02,2.0,180,143,6.99,207.88,1013.12,143.0,-948.24,-42.38,-25.32,-9.18,-13.5,False,
344,2026-09-18T00:26:52.142769,20,0.09,0.02,2.0,240,143,6.99,207.88,1013.12,143.0,-948.24,-42.38,-25.32,-9.18,-13.5,False,
345,2026-09-18T00:26:52.407873,20,0.09,0.02,2.5,60,53,9.43,100.33,387.44,53.0,-340.11,-17.58,-15.9,-3.32,-11.31,False,
346,2026-09-18T00:26:52.672725,20,0.09,0.02,2.5,120,53,11.32,116.17,388.23,53.0,-325.06,-16.85,-13.98,-3.17,-10.79,False,
347,2026-09-18T00:26:52.931709,20,0.09,0.02,2.5,180,53,11.32,116.17,388.23,53.0,-325.06,-16.85,-13.98,-3.17,-10.79,False,
348,2026-09-18T00:26:53.193536,20,0.09,0.02,2.5,240,53,11.32,116.17,388.23,53.0,-325.06,-16.85,-13.98,-3.17,-10.79,False,
349,2026-09-18T00:26:53.462330,20,0.09,0.02,3.0,60,22,4.55,32.21,162.04,22.0,-151.84,-7.95,-10.86,-1.51,-9.19,False,
350,2026-09-18T00:26:53.726061,20,0.09,0.02,3.0,120,22,4.55,32.21,162.04,22.0,-151.84,-7.95,-10.86,-1.51,-9.19,False,
351,2026-09-18T00:26:53.989148,20,0.09,0.02,3.0,180,22,4.55,32.21,162.04,22.0,-151.84,-7.95,-10.86,-1.51,-9.19,False,
352,2026-09-18T00:26:54.250406,20,0.09,0.02,3.0,240,22,4.55,32.21,162.04,22.0,-151.84,-7.95,-10.86,-1.51,-9.19,False,
353,2026-09-18T00:26:54.496009,20,0.09,0.04,1.5,60,575,4.87,422.86,3449.13,575.0,-3601.27,-91.54,-57.45,-35.02,-15.31,False,
354,2026-09-18T00:26:54.743150,20,0.09,0.04,1.5,120,573,5.06,438.48,3444.43,573.0,-3578.94,-91.36,-56.53,-34.8,-15.3,False,
355,2026-09-18T00:26:54.981606,20,0.09,0.04,1.5,180,573,5.06,438.48,3444.43,573.0,-3578.94,-91.36,-56.53,-34.8,-15.3,False,
356,2026-09-18T00:26:55.225495,20,0.09,0.04,1.5,240,573,5.06,438.48,3444.43,573.0,-3578.94,-91.36,-56.53,-34.8,-15.3,False,
357,2026-09-18T00:26:55.480833,20,0.09,0.04,2.0,60,143,6.29,192.13,1011.56,143.0,-962.43,-42.9,-25.89,-9.32,-13.58,False,
358,2026-09-18T00:26:55.743114,20,0.09,0.04,2.0,120,143,6.99,207.88,1013.12,143.0,-948.24,-42.38,-25.32,-9.18,-13.5,False,
359,2026-09-18T00:26:55.999286,20,0.09,0.04,2.0,180,143,6.99,207.88,1013.12,143.0,-948.24,-42.38,-25.32,-9.18,-13.5,False,
360,2026-09-18T00:26:56.259380,20,0.09,0.04,2.0,240,143,6.99,207.88,1013.12,143.0,-948.24,-42.38,-25.32,-9.18,-13.5,False,
361,2026-09-18T00:26:56.527803,20,0.09,0.04,2.5,60,53,9.43,100.33,387.44,53.0,-340.11,-17.58,-15.9,-3.32,-11.31,False,
362,2026-09-18T00:26:56.788349,20,0.09,0.04,2.5,120,53,11.32,116.17,388.23,53.0,-325.06,-16.85,-13.98,-3.17,-10.79,False,
363,2026-09-18T00:26:57.055840,20,0.09,0.04,2.5,180,53,11.32,116.17,388.23,53.0,-325.06,-16.85,-13.98,-3.17,-10.79,False,
364,2026-09-18T00:26:57.315151,20,0.09,0.04,2.5,240,53,11.32,116.17,388.23,53.0,-325.06,-16.85,-13.98,-3.17,-10.79,False,
365,2026-09-18T00:26:57.583723,20,0.09,0.04,3.0,60,22,4.55,32.21,162.04,22.0,-151.84,-7.95,-10.86,-1.51,-9.19,False,
366,2026-09-18T00:26:57.843627,20,0.09,0.04,3.0,120,22,4.55,32.21,162.04,22.0,-151.84,-7.95,-10.86,-1.51,-9.19,False,
367,2026-09-18T00:26:58.109167,20,0.09,0.04,3.0,180,22,4.55,32.21,162.04,22.0,-151.84,-7.95,-10.86,-1.51,-9.19,False,
368,2026-09-18T00:26:58.365195,20,0.09,0.04,3.0,240,22,4.55,32.21,162.04,22.0,-151.84,-7.95,-10.86,-1.51,-9.19,False,
369,2026-09-18T00:26:58.610458,20,0.09,0.06,1.5,60,575,4.87,422.86,3449.13,575.0,-3601.27,-91.54,-57.45,-35.02,-15.31,False,
370,2026-09-18T00:26:58.849474,20,0.09,0.06,1.5,120,573,5.06,438.48,3444.43,573.0,-3578.94,-91.36,-56.53,-34.8,-15.3,False,
371,2026-09-18T00:26:59.093003,20,0.09,0.06,1.5,180,573,5.06,438.48,3444.43,573.0,-3578.94,-91.36,-56.53,-34.8,-15.3,False,
372,2026-09-18T00:26:59.340092,20,0.09,0.06,1.5,240,573,5.06,438.48,3444.43,573.0,-3578.94,-91.36,-56.53,-34.8,-15.3,False,
373,2026-09-18T00:26:59.602766,20,0.09,0.06,2.0,60,143,6.29,192.13,1011.56,143.0,-962.43,-42.9,-25.89,-9.32,-13.58,False,
374,2026-09-18T00:26:59.859505,20,0.09,0.06,2.0,120,143,6.99,207.88,1013.12,143.0,-948.24,-42.38,-25.32,-9.18,-13.5,False,
375,2026-09-18T00:27:00.121715,20,0.09,0.06,2.0,180,143,6.99,207.88,1013.12,143.0,-948.24,-42.38,-25.32,-9.18,-13.5,False,
376,2026-09-18T00:27:00.375207,20,0.09,0.06,2.0,240,143,6.99,207.88,1013.12,143.0,-948.24,-42.38,-25.32,-9.18,-13.5,False,
377,2026-09-18T00:27:00.642547,20,0.09,0.06,2.5,60,53,9.43,100.33,387.44,53.0,-340.11,-17.58,-15.9,-3.32,-11.31,False,
378,2026-09-18T00:27:00.902764,20,0.09,0.06,2.5,120,53,11.32,116.17,388.23,53.0,-325.06,-16.85,-13.98,-3.17,-10.79,False,
379,2026-09-18T00:27:01.167640,20,0.09,0.06,2.5,180,53,11.32,116.17,388.23,53.0,-325.06,-16.85,-13.98,-3.17,-10.79,False,
380,2026-09-18T00:27:01.432594,20,0.09,0.06,2.5,240,53,11.32,116.17,388.23,53.0,-325.06,-16.85,-13.98,-3.17,-10.79,False,
381,2026-09-18T00:27:01.700888,20,0.09,0.06,3.0,60,22,4.55,32.21,162.04,22.0,-151.84,-7.95,-10.86,-1.51,-9.19,False,
382,2026-09-18T00:27:01.960576,20,0.09,0.06,3.0,120,22,4.55,32.21,162.04,22.0,-151.84,-7.95,-10.86,-1.51,-9.19,False,
383,2026-09-18T00:27:02.225872,20,0.09,0.06,3.0,180,22,4.55,32.21,162.04,22.0,-151.84,-7.95,-10.86,-1.51,-9.19,False,
384,2026-09-18T00:27:02.492397,20,0.09,0.06,3.0,240,22,4.55,32.21,162.04,22.0,-151.84,-7.95,-10.86,-1.51,-9.19,False,
385,2026-09-18T00:27:02.741609,20,0.12,0.02,1.5,60,570,4.91,423.32,3426.12,570.0,-3572.8,-91.32,-56.22,-34.73,-15.29,False,
386,2026-09-18T00:27:02.986770,20,0.12,0.02,1.5,120,567,5.11,439.28,3416.83,567.0,-3544.55,-91.1,-54.72,-34.45,-15.26,False,
387,2026-09-18T00:27:03.231996,20,0.12,0.02,1.5,180,567,5.11,439.28,3416.83,567.0,-3544.55,-91.1,-54.72,-34.45,-15.26,False,
388,2026-09-18T00:27:03.473624,20,0.12,0.02,1.5,240,567,5.11,439.28,3416.83,567.0,-3544.55,-91.1,-54.72,-34.45,-15.26,False,
389,2026-09-18T00:27:03.740322,20,0.12,0.02,2.0,60,141,6.38,192.09,998.24,141.0,-947.15,-42.34,-24.44,-9.17,-13.39,False,
390,2026-09-18T00:27:04.000535,20,0.12,0.02,2.0,120,141,7.09,208.38,999.83,141.0,-932.45,-41.81,-23.9,-9.02,-13.3,False,
391,2026-09-18T00:27:04.262687,20,0.12,0.02,2.0,180,141,7.09,208.38,999.83,141.0,-932.45,-41.81,-23.9,-9.02,-13.3,False,
392,2026-09-18T00:27:04.525252,20,0.12,0.02,2.0,240,141,7.09,208.38,999.83,141.0,-932.45,-41.81,-23.9,-9.02,-13.3,False,
393,2026-09-18T00:27:04.788555,20,0.12,0.02,2.5,60,52,9.62,100.38,380.31,52.0,-331.93,-17.18,-14.81,-3.24,-11.02,False,
394,2026-09-18T00:27:05.053775,20,0.12,0.02,2.5,120,52,11.54,116.76,381.11,52.0,-316.35,-16.42,-13.03,-3.08,-10.49,False,
395,2026-09-18T00:27:05.314917,20,0.12,0.02,2.5,180,52,11.54,116.76,381.11,52.0,-316.35,-16.42,-13.03,-3.08,-10.49,False,
396,2026-09-18T00:27:05.563959,20,0.12,0.02,2.5,240,52,11.54,116.76,381.11,52.0,-316.35,-16.42,-13.03,-3.08,-10.49,False,
397,2026-09-18T00:27:05.811244,20,0.12,0.02,3.0,60,22,4.55,32.21,162.04,22.0,-151.84,-7.95,-10.86,-1.51,-9.19,False,
398,2026-09-18T00:27:06.068958,20,0.12,0.02,3.0,120,22,4.55,32.21,162.04,22.0,-151.84,-7.95,-10.86,-1.51,-9.19,False,
399,2026-09-18T00:27:06.329518,20,0.12,0.02,3.0,180,22,4.55,32.21,162.04,22.0,-151.84,-7.95,-10.86,-1.51,-9.19,False,
400,2026-09-18T00:27:06.596592,20,0.12,0.02,3.0,240,22,4.55,32.21,162.04,22.0,-151.84,-7.95,-10.86,-1.51,-9.19,False,
401,2026-09-18T00:27:06.836500,20,0.12,0.04,1.5,60,570,4.91,423.32,3426.12,570.0,-3572.8,-91.32,-56.22,-34.73,-15.29,False,
402,2026-09-18T00:27:07.078355,20,0.12,0.04,1.5,120,567,5.11,439.28,3416.83,567.0,-3544.55,-91.1,-54.72,-34.45,-15.26,False,
403,2026-09-18T00:27:07.323976,20,0.12,0.04,1.5,180,567,5.11,439.28,3416.83,567.0,-3544.55,-91.1,-54.72,-34.45,-15.26,False,
404,2026-09-18T00:27:07.569537,20,0.12,0.04,1.5,240,567,5.11,439.28,3416.83,567.0,-3544.55,-91.1,-54.72,-34.45,-15.26,False,
405,2026-09-18T00:27:07.824307,20,0.12,0.04,2.0,60,141,6.38,192.09,998.24,141.0,-947.15,-42.34,-24.44,-9.17,-13.39,False,
406,2026-09-18T00:27:08.086288,20,0.12,0.04,2.0,120,141,7.09,208.38,999.83,141.0,-932.45,-41.81,-23.9,-9.02,-13.3,False,
407,2026-09-18T00:27:08.339167,20,0.12,0.04,2.0,180,141,7.09,208.38,999.83,141.0,-932.45,-41.81,-23.9,-9.02,-13.3,False,
408,2026-09-18T00:27:08.601582,20,0.12,0.04,2.0,240,141,7.09,208.38,999.83,141.0,-932.45,-41.81,-23.9,-9.02,-13.3,False,
409,2026-09-18T00:27:08.858841,20,0.12,0.04,2.5,60,52,9.62,100.38,380.31,52.0,-331.93,-17.18,-14.81,-3.24,-11.02,False,
410,2026-09-18T00:27:09.121384,20,0.12,0.04,2.5,120,52,11.54,116.76,381.11,52.0,-316.35,-16.42,-13.03,-3.08,-10.49,False,
411,2026-09-18T00:27:09.385646,20,0.12,0.04,2.5,180,52,11.54,116.76,381.11,52.0,-316.35,-16.42,-13.03,-3.08,-10.49,False,
412,2026-09-18T00:27:09.650281,20,0.12,0.04,2.5,240,52,11.54,116.76,381.11,52.0,-316.35,-16.42,-13.03,-3.08,-10.49,False,
413,2026-09-18T00:27:09.912285,20,0.12,0.04,3.0,60,22,4.55,32.21,162.04,22.0,-151.84,-7.95,-10.86,-1.51,-9.19,False,
414,2026-09-18T00:27:10.175927,20,0.12,0.04,3.0,120,22,4.55,32.21,162.04,22.0,-151.84,-7.95,-10.86,-1.51,-9.19,False,
415,2026-09-18T00:27:10.442028,20,0.12,0.04,3.0,180,22,4.55,32.21,162.04,22.0,-151.84,-7.95,-10.86,-1.51,-9.19,False,
416,2026-09-18T00:27:10.703128,20,0.12,0.04,3.0,240,22,4.55,32.21,162.04,22.0,-151.84,-7.95,-10.86,-1.51,-9.19,False,
417,2026-09-18T00:27:10.942398,20,0.12,0.06,1.5,60,570,4.91,423.32,3426.12,570.0,-3572.8,-91.32,-56.22,-34.73,-15.29,False,
418,2026-09-18T00:27:11.187657,20,0.12,0.06,1.5,120,567,5.11,439.28,3416.83,567.0,-3544.55,-91.1,-54.72,-34.45,-15.26,False,
419,2026-09-18T00:27:11.638344,20,0.12,0.06,1.5,180,567,5.11,439.28,3416.83,567.0,-3544.55,-91.1,-54.72,-34.45,-15.26,False,
420,2026-09-18T00:27:11.874304,20,0.12,0.06,1.5,240,567,5.11,439.28,3416.83,567.0,-3544.55,-91.1,-54.72,-34.45,-15.26,False,
421,2026-09-18T00:27:12.132983,20,0.12,0.06,2.0,60,141,6.38,192.09,998.24,141.0,-947.15,-42.34,-24.44,-9.17,-13.39,False,
422,2026-09-18T00:27:12.396453,20,0.12,0.06,2.0,120,141,7.09,208.38,999.83,141.0,-932.45,-41.81,-23.9,-9.02,-13.3,False,
423,2026-09-18T00:27:12.646487,20,0.12,0.06,2.0,180,141,7.09,208.38,999.83,141.0,-932.45,-41.81,-23.9,-9.02,-13.3,False,
424,2026-09-18T00:27:12.903254,20,0.12,0.06,2.0,240,141,7.09,208.38,999.83,141.0,-932.45,-41.81,-23.9,-9.02,-13.3,False,
425,2026-09-18T00:27:13.165774,20,0.12,0.06,2.5,60,52,9.62,100.38,380.31,52.0,-331.93,-17.18,-14.81,-3.24,-11.02,False,
426,2026-09-18T00:27:13.431284,20,0.12,0.06,2.5,120,52,11.54,116.76,381.11,52.0,-316.35,-16.42,-13.03,-3.08,-10.49,False,
427,2026-09-18T00:27:43.250674,20,0.12,0.06,2.5,180,52,11.54,116.76,381.11,52.0,-316.35,-16.42,-13.03,-3.08,-10.49,False,
428,2026-09-18T00:28:21.648901,20,0.12,0.06,2.5,240,52,11.54,116.76,381.11,52.0,-316.35,-16.42,-13.03,-3.08,-10.49,False,
429,2026-09-18T00:28:36.543086,20,0.12,0.06,3.0,60,22,4.55,32.21,162.04,22.0,-151.84,-7.95,-10.86,-1.51,-9.19,False,
430,2026-09-18T00:29:13.576603,20,0.12,0.06,3.0,120,22,4.55,32.21,162.04,22.0,-151.84,-7.95,-10.86,-1.51,-9.19,False,
431,2026-09-18T00:29:14.055686,20,0.12,0.06,3.0,180,22,4.55,32.21,162.04,22.0,-151.84,-7.95,-10.86,-1.51,-9.19,False,
432,2026-09-18T00:29:14.399043,20,0.12,0.06,3.0,240,22,4.55,32.21,162.04,22.0,-151.84,-7.95,-10.86,-1.51,-9.19,False,
433,2026-09-18T00:29:14.716744,20,0.15,0.02,1.5,60,569,4.92,423.53,3421.55,569.0,-3567.02,-91.27,-56.03,-34.68,-15.29,False,
434,2026-09-18T00:29:14.963919,20,0.15,0.02,1.5,120,566,5.12,439.49,3412.24,566.0,-3538.76,-91.05,-54.55,-34.39,-15.26,False,
435,2026-09-18T00:29:15.193867,20,0.15,0.02,1.5,180,566,5.12,439.49,3412.24,566.0,-3538.76,-91.05,-54.55,-34.39,-15.26,False,
436,2026-09-18T00:29:15.428391,20,0.15,0.02,1.5,240,566,5.12,439.49,3412.24,566.0,-3538.76,-91.05,-54.55,-34.39,-15.26,False,
437,2026-09-18T00:29:15.670344,20,0.15,0.02,2.0,60,140,6.43,192.16,991.61,140.0,-939.45,-42.06,-24.23,-9.09,-13.35,False,
438,2026-09-18T00:29:15.907789,20,0.15,0.02,2.0,120,140,7.14,208.45,993.19,140.0,-924.74,-41.52,-23.69,-8.94,-13.26,False,
439,2026-09-18T00:29:16.136008,20,0.15,0.02,2.0,180,140,7.14,208.45,993.19,140.0,-924.74,-41.52,-23.69,-8.94,-13.26,False,
440,2026-09-18T00:29:16.366423,20,0.15,0.02,2.0,240,140,7.14,208.45,993.19,140.0,-924.74,-41.52,-23.69,-8.94,-13.26,False,
441,2026-09-18T00:29:16.604596,20,0.15,0.02,2.5,60,51,9.8,100.4,373.19,51.0,-323.79,-16.78,-14.3,-3.16,-10.82,False,
442,2026-09-18T00:29:16.849577,20,0.15,0.02,2.5,120,51,11.76,116.79,373.98,51.0,-308.2,-16.01,-12.59,-3.0,-10.27,False,
443,2026-09-18T00:29:17.081881,20,0.15,0.02,2.5,180,51,11.76,116.79,373.98,51.0,-308.2,-16.01,-12.59,-3.0,-10.27,False,
444,2026-09-18T00:29:17.317175,20,0.15,0.02,2.5,240,51,11.76,116.79,373.98,51.0,-308.2,-16.01,-12.59,-3.0,-10.27,False,
445,2026-09-18T00:29:17.568719,20,0.15,0.02,3.0,60,22,4.55,32.07,162.04,22.0,-151.97,-7.96,-10.88,-1.51,-9.2,False,
446,2026-09-18T00:29:17.814900,20,0.15,0.02,3.0,120,22,4.55,32.07,162.04,22.0,-151.97,-7.96,-10.88,-1.51,-9.2,False,
447,2026-09-18T00:29:18.074851,20,0.15,0.02,3.0,180,22,4.55,32.07,162.04,22.0,-151.97,-7.96,-10.88,-1.51,-9.2,False,
448,2026-09-18T00:29:18.333690,20,0.15,0.02,3.0,240,22,4.55,32.07,162.04,22.0,-151.97,-7.96,-10.88,-1.51,-9.2,False,
449,2026-09-18T00:29:18.569938,20,0.15,0.04,1.5,60,569,4.92,423.53,3421.55,569.0,-3567.02,-91.27,-56.03,-34.68,-15.29,False,
450,2026-09-18T00:29:18.809520,20,0.15,0.04,1.5,120,566,5.12,439.49,3412.24,566.0,-3538.76,-91.05,-54.55,-34.39,-15.26,False,
451,2026-09-18T00:29:19.050007,20,0.15,0.04,1.5,180,566,5.12,439.49,3412.24,566.0,-3538.76,-91.05,-54.55,-34.39,-15.26,False,
452,2026-09-18T00:29:19.295242,20,0.15,0.04,1.5,240,566,5.12,439.49,3412.24,566.0,-3538.76,-91.05,-54.55,-34.39,-15.26,False,
453,2026-09-18T00:29:19.552618,20,0.15,0.04,2.0,60,140,6.43,192.16,991.61,140.0,-939.45,-42.06,-24.23,-9.09,-13.35,False,
454,2026-09-18T00:29:19.814871,20,0.15,0.04,2.0,120,140,7.14,208.45,993.19,140.0,-924.74,-41.52,-23.69,-8.94,-13.26,False,
455,2026-09-18T00:29:20.076657,20,0.15,0.04,2.0,180,140,7.14,208.45,993.19,140.0,-924.74,-41.52,-23.69,-8.94,-13.26,False,
456,2026-09-18T00:29:20.334262,20,0.15,0.04,2.0,240,140,7.14,208.45,993.19,140.0,-924.74,-41.52,-23.69,-8.94,-13.26,False,
457,2026-09-18T00:29:20.593671,20,0.15,0.04,2.5,60,51,9.8,100.4,373.19,51.0,-323.79,-16.78,-14.3,-3.16,-10.82,False,
458,2026-09-18T00:29:20.853116,20,0.15,0.04,2.5,120,51,11.76,116.79,373.98,51.0,-308.2,-16.01,-12.59,-3.0,-10.27,False,
459,2026-09-18T00:29:21.118752,20,0.15,0.04,2.5,180,51,11.76,116.79,373.98,51.0,-308.2,-16.01,-12.59,-3.0,-10.27,False,
460,2026-09-18T00:29:21.383981,20,0.15,0.04,2.5,240,51,11.76,116.79,373.98,51.0,-308.2,-16.01,-12.59,-3.0,-10.27,False,
461,2026-09-18T00:29:21.638969,20,0.15,0.04,3.0,60,22,4.55,32.07,162.04,22.0,-151.97,-7.96,-10.88,-1.51,-9.2,False,
462,2026-09-18T00:29:21.898075,20,0.15,0.04,3.0,120,22,4.55,32.07,162.04,22.0,-151.97,-7.96,-10.88,-1.51,-9.2,False,
463,2026-09-18T00:29:22.161570,20,0.15,0.04,3.0,180,22,4.55,32.07,162.04,22.0,-151.97,-7.96,-10.88,-1.51,-9.2,False,
464,2026-09-18T00:29:22.427894,20,0.15,0.04,3.0,240,22,4.55,32.07,162.04,22.0,-151.97,-7.96,-10.88,-1.51,-9.2,False,
465,2026-09-18T00:29:22.652300,20,0.15,0.06,1.5,60,569,4.92,423.53,3421.55,569.0,-3567.02,-91.27,-56.03,-34.68,-15.29,False,
466,2026-09-18T00:29:22.896880,20,0.15,0.06,1.5,120,566,5.12,439.49,3412.24,566.0,-3538.76,-91.05,-54.55,-34.39,-15.26,False,
467,2026-09-18T00:29:23.141736,20,0.15,0.06,1.5,180,566,5.12,439.49,3412.24,566.0,-3538.76,-91.05,-54.55,-34.39,-15.26,False,
468,2026-09-18T00:29:23.387067,20,0.15,0.06,1.5,240,566,5.12,439.49,3412.24,566.0,-3538.76,-91.05,-54.55,-34.39,-15.26,False,
469,2026-09-18T00:29:23.645561,20,0.15,0.06,2.0,60,140,6.43,192.16,991.61,140.0,-939.45,-42.06,-24.23,-9.09,-13.35,False,
470,2026-09-18T00:29:23.904309,20,0.15,0.06,2.0,120,140,7.14,208.45,993.19,140.0,-924.74,-41.52,-23.69,-8.94,-13.26,False,
471,2026-09-18T00:29:24.162155,20,0.15,0.06,2.0,180,140,7.14,208.45,993.19,140.0,-924.74,-41.52,-23.69,-8.94,-13.26,False,
472,2026-09-18T00:29:24.419685,20,0.15,0.06,2.0,240,140,7.14,208.45,993.19,140.0,-924.74,-41.52,-23.69,-8.94,-13.26,False,
473,2026-09-18T00:29:24.681180,20,0.15,0.06,2.5,60,51,9.8,100.4,373.19,51.0,-323.79,-16.78,-14.3,-3.16,-10.82,False,
474,2026-09-18T00:29:24.946344,20,0.15,0.06,2.5,120,51,11.76,116.79,373.98,51.0,-308.2,-16.01,-12.59,-3.0,-10.27,False,
475,2026-09-18T00:29:25.210085,20,0.15,0.06,2.5,180,51,11.76,116.79,373.98,51.0,-308.2,-16.01,-12.59,-3.0,-10.27,False,
476,2026-09-18T00:29:25.475886,20,0.15,0.06,2.5,240,51,11.76,116.79,373.98,51.0,-308.2,-16.01,-12.59,-3.0,-10.27,False,
477,2026-09-18T00:29:25.731779,20,0.15,0.06,3.0,60,22,4.55,32.07,162.04,22.0,-151.97,-7.96,-10.88,-1.51,-9.2,False,
478,2026-09-18T00:29:25.986124,20,0.15,0.06,3.0,120,22,4.55,32.07,162.04,22.0,-151.97,-7.96,-10.88,-1.51,-9.2,False,
479,2026-09-18T00:29:26.252533,20,0.15,0.06,3.0,180,22,4.55,32.07,162.04,22.0,-151.97,-7.96,-10.88,-1.51,-9.2,False,
480,2026-09-18T00:29:26.515171,20,0.15,0.06,3.0,240,22,4.55,32.07,162.04,22.0,-151.97,-7.96,-10.88,-1.51,-9.2,False,
481,2026-09-18T00:29:26.764730,30,0.05,0.02,1.5,60,501,4.99,394.54,3092.23,501.0,-3198.68,-88.17,-60.57,-31.11,-15.37,False,
482,2026-09-18T00:29:27.006739,30,0.05,0.02,1.5,120,500,5.2,410.34,3091.52,500.0,-3181.18,-88.0,-59.2,-30.94,-15.34,False,
483,2026-09-18T00:29:27.239416,30,0.05,0.02,1.5,180,500,5.2,410.34,3091.52,500.0,-3181.18,-88.0,-59.2,-30.94,-15.34,False,
484,2026-09-18T00:29:27.475763,30,0.05,0.02,1.5,240,500,5.2,410.34,3091.52,500.0,-3181.18,-88.0,-59.2,-30.94,-15.34,False,
485,2026-09-18T00:29:27.720225,30,0.05,0.02,2.0,60,133,6.77,192.93,945.02,133.0,-885.09,-40.34,-24.27,-8.62,-13.36,False,
486,2026-09-18T00:29:27.986662,30,0.05,0.02,2.0,120,133,7.52,208.7,946.5,133.0,-870.8,-39.8,-23.78,-8.48,-13.28,False,
487,2026-09-18T00:29:28.239858,30,0.05,0.02,2.0,180,133,7.52,208.7,946.5,133.0,-870.8,-39.8,-23.78,-8.48,-13.28,False,
488,2026-09-18T00:29:28.501772,30,0.05,0.02,2.0,240,133,7.52,208.7,946.5,133.0,-870.8,-39.8,-23.78,-8.48,-13.28,False,
489,2026-09-18T00:29:28.762267,30,0.05,0.02,2.5,60,51,9.8,99.67,373.13,51.0,-324.46,-16.82,-15.19,-3.16,-11.05,False,
490,2026-09-18T00:29:29.030812,30,0.05,0.02,2.5,120,51,11.76,115.51,373.89,51.0,-309.39,-16.07,-13.34,-3.01,-10.52,False,
491,2026-09-18T00:29:29.294883,30,0.05,0.02,2.5,180,51,11.76,115.51,373.89,51.0,-309.39,-16.07,-13.34,-3.01,-10.52,False,
492,2026-09-18T00:29:29.555815,30,0.05,0.02,2.5,240,51,11.76,115.51,373.89,51.0,-309.39,-16.07,-13.34,-3.01,-10.52,False,
493,2026-09-18T00:29:29.826776,30,0.05,0.02,3.0,60,21,4.76,31.87,154.75,21.0,-143.89,-7.52,-10.32,-1.43,-8.88,True,
494,2026-09-18T00:29:30.093041,30,0.05,0.02,3.0,120,21,4.76,31.87,154.75,21.0,-143.89,-7.52,-10.32,-1.43,-8.88,False,
495,2026-09-18T00:29:30.362887,30,0.05,0.02,3.0,180,21,4.76,31.87,154.75,21.0,-143.89,-7.52,-10.32,-1.43,-8.88,False,
496,2026-09-18T00:29:30.624798,30,0.05,0.02,3.0,240,21,4.76,31.87,154.75,21.0,-143.89,-7.52,-10.32,-1.43,-8.88,False,
497,2026-09-18T00:29:30.874796,30,0.05,0.04,1.5,60,501,4.99,394.54,3092.23,501.0,-3198.68,-88.17,-60.57,-31.11,-15.37,False,
498,2026-09-18T00:29:31.118660,30,0.05,0.04,1.5,120,500,5.2,410.34,3091.52,500.0,-3181.18,-88.0,-59.2,-30.94,-15.34,False,
499,2026-09-18T00:29:31.366263,30,0.05,0.04,1.5,180,500,5.2,410.34,3091.52,500.0,-3181.18,-88.0,-59.2,-30.94,-15.34,False,
500,2026-09-18T00:29:31.607250,30,0.05,0.04,1.5,240,500,5.2,410.34,3091.52,500.0,-3181.18,-88.0,-59.2,-30.94,-15.34,False,
501,2026-09-18T00:29:31.868382,30,0.05,0.04,2.0,60,133,6.77,192.93,945.02,133.0,-885.09,-40.34,-24.27,-8.62,-13.36,False,
502,2026-09-18T00:29:32.130589,30,0.05,0.04,2.0,120,133,7.52,208.7,946.5,133.0,-870.8,-39.8,-23.78,-8.48,-13.28,False,
503,2026-09-18T00:29:32.392488,30,0.05,0.04,2.0,180,133,7.52,208.7,946.5,133.0,-870.8,-39.8,-23.78,-8.48,-13.28,False,
504,2026-09-18T00:29:32.648600,30,0.05,0.04,2.0,240,133,7.52,208.7,946.5,133.0,-870.8,-39.8,-23.78,-8.48,-13.28,False,
505,2026-09-18T00:29:32.912805,30,0.05,0.04,2.5,60,51,9.8,99.67,373.13,51.0,-324.46,-16.82,-15.19,-3.16,-11.05,False,
506,2026-09-18T00:29:33.177585,30,0.05,0.04,2.5,120,51,11.76,115.51,373.89,51.0,-309.39,-16.07,-13.34,-3.01,-10.52,False,
507,2026-09-18T00:29:33.442817,30,0.05,0.04,2.5,180,51,11.76,115.51,373.89,51.0,-309.39,-16.07,-13.34,-3.01,-10.52,False,
508,2026-09-18T00:29:33.704151,30,0.05,0.04,2.5,240,51,11.76,115.51,373.89,51.0,-309.39,-16.07,-13.34,-3.01,-10.52,False,
509,2026-09-18T00:29:33.969721,30,0.05,0.04,3.0,60,21,4.76,31.87,154.75,21.0,-143.89,-7.52,-10.32,-1.43,-8.88,False,
510,2026-09-18T00:29:34.229240,30,0.05,0.04,3.0,120,21,4.76,31.87,154.75,21.0,-143.89,-7.52,-10.32,-1.43,-8.88,False,
511,2026-09-18T00:29:34.494654,30,0.05,0.04,3.0,180,21,4.76,31.87,154.75,21.0,-143.89,-7.52,-10.32,-1.43,-8.88,False,
512,2026-09-18T00:29:34.753924,30,0.05,0.04,3.0,240,21,4.76,31.87,154.75,21.0,-143.89,-7.52,-10.32,-1.43,-8.88,False,
513,2026-09-18T00:29:35.001541,30,0.05,0.06,1.5,60,501,4.99,394.54,3092.23,501.0,-3198.68,-88.17,-60.57,-31.11,-15.37,False,
514,2026-09-18T00:29:35.248888,30,0.05,0.06,1.5,120,500,5.2,410.34,3091.52,500.0,-3181.18,-88.0,-59.2,-30.94,-15.34,False,
515,2026-09-18T00:29:35.498461,30,0.05,0.06,1.5,180,500,5.2,410.34,3091.52,500.0,-3181.18,-88.0,-59.2,-30.94,-15.34,False,
516,2026-09-18T00:29:35.738907,30,0.05,0.06,1.5,240,500,5.2,410.34,3091.52,500.0,-3181.18,-88.0,-59.2,-30.94,-15.34,False,
517,2026-09-18T00:29:35.988564,30,0.05,0.06,2.0,60,133,6.77,192.93,945.02,133.0,-885.09,-40.34,-24.27,-8.62,-13.36,False,
518,2026-09-18T00:29:36.250951,30,0.05,0.06,2.0,120,133,7.52,208.7,946.5,133.0,-870.8,-39.8,-23.78,-8.48,-13.28,False,
519,2026-09-18T00:29:36.513379,30,0.05,0.06,2.0,180,133,7.52,208.7,946.5,133.0,-870.8,-39.8,-23.78,-8.48,-13.28,False,
520,2026-09-18T00:29:36.769870,30,0.05,0.06,2.0,240,133,7.52,208.7,946.5,133.0,-870.8,-39.8,-23.78,-8.48,-13.28,False,
521,2026-09-18T00:29:37.032402,30,0.05,0.06,2.5,60,51,9.8,99.67,373.13,51.0,-324.46,-16.82,-15.19,-3.16,-11.05,False,
522,2026-09-18T00:29:37.297280,30,0.05,0.06,2.5,120,51,11.76,115.51,373.89,51.0,-309.39,-16.07,-13.34,-3.01,-10.52,False,
523,2026-09-18T00:29:37.555798,30,0.05,0.06,2.5,180,51,11.76,115.51,373.89,51.0,-309.39,-16.07,-13.34,-3.01,-10.52,False,
524,2026-09-18T00:29:37.804724,30,0.05,0.06,2.5,240,51,11.76,115.51,373.89,51.0,-309.39,-16.07,-13.34,-3.01,-10.52,False,
525,2026-09-18T00:29:38.071022,30,0.05,0.06,3.0,60,21,4.76,31.87,154.75,21.0,-143.89,-7.52,-10.32,-1.43,-8.88,False,
526,2026-09-18T00:29:38.340260,30,0.05,0.06,3.0,120,21,4.76,31.87,154.75,21.0,-143.89,-7.52,-10.32,-1.43,-8.88,False,
527,2026-09-18T00:29:38.601774,30,0.05,0.06,3.0,180,21,4.76,31.87,154.75,21.0,-143.89,-7.52,-10.32,-1.43,-8.88,False,
528,2026-09-18T00:29:38.868036,30,0.05,0.06,3.0,240,21,4.76,31.87,154.75,21.0,-143.89,-7.52,-10.32,-1.43,-8.88,False,
529,2026-09-18T00:29:39.113363,30,0.07,0.02,1.5,60,497,5.03,394.51,3072.69,497.0,-3175.17,-87.93,-60.94,-30.88,-15.37,False,
530,2026-09-18T00:29:39.363060,30,0.07,0.02,1.5,120,496,5.24,410.34,3071.96,496.0,-3157.62,-87.76,-59.58,-30.7,-15.35,False,
531,2026-09-18T00:29:39.596514,30,0.07,0.02,1.5,180,496,5.24,410.34,3071.96,496.0,-3157.62,-87.76,-59.58,-30.7,-15.35,False,
532,2026-09-18T00:29:39.844069,30,0.07,0.02,1.5,240,496,5.24,410.34,3071.96,496.0,-3157.62,-87.76,-59.58,-30.7,-15.35,False,
533,2026-09-18T00:29:40.110911,30,0.07,0.02,2.0,60,133,6.77,192.91,945.02,133.0,-885.11,-40.34,-24.27,-8.62,-13.36,False,
534,2026-09-18T00:29:40.376683,30,0.07,0.02,2.0,120,133,7.52,208.69,946.5,133.0,-870.81,-39.8,-23.78,-8.48,-13.28,False,
535,2026-09-18T00:29:40.630889,30,0.07,0.02,2.0,180,133,7.52,208.69,946.5,133.0,-870.81,-39.8,-23.78,-8.48,-13.28,False,
536,2026-09-18T00:29:40.889664,30,0.07,0.02,2.0,240,133,7.52,208.69,946.5,133.0,-870.81,-39.8,-23.78,-8.48,-13.28,False,
537,2026-09-18T00:29:41.158869,30,0.07,0.02,2.5,60,51,9.8,99.65,373.12,51.0,-324.47,-16.82,-15.2,-3.16,-11.05,False,
538,2026-09-18T00:29:41.428841,30,0.07,0.02,2.5,120,51,11.76,115.49,373.89,51.0,-309.4,-16.07,-13.34,-3.01,-10.52,False,
539,2026-09-18T00:29:41.690059,30,0.07,0.02,2.5,180,51,11.76,115.49,373.89,51.0,-309.4,-16.07,-13.34,-3.01,-10.52,False,
540,2026-09-18T00:29:41.956313,30,0.07,0.02,2.5,240,51,11.76,115.49,373.89,51.0,-309.4,-16.07,-13.34,-3.01,-10.52,False,
541,2026-09-18T00:29:42.218163,30,0.07,0.02,3.0,60,21,4.76,31.87,154.75,21.0,-143.89,-7.52,-10.32,-1.43,-8.88,False,
542,2026-09-18T00:29:42.485726,30,0.07,0.02,3.0,120,21,4.76,31.87,154.75,21.0,-143.89,-7.52,-10.32,-1.43,-8.88,False,
543,2026-09-18T00:29:42.748220,30,0.07,0.02,3.0,180,21,4.76,31.87,154.75,21.0,-143.89,-7.52,-10.32,-1.43,-8.88,False,
544,2026-09-18T00:29:43.015837,30,0.07,0.02,3.0,240,21,4.76,31.87,154.75,21.0,-143.89,-7.52,-10.32,-1.43,-8.88,False,
545,2026-09-18T00:29:43.263258,30,0.07,0.04,1.5,60,497,5.03,394.51,3072.69,497.0,-3175.17,-87.93,-60.94,-30.88,-15.37,False,
546,2026-09-18T00:29:43.510569,30,0.07,0.04,1.5,120,496,5.24,410.34,3071.96,496.0,-3157.62,-87.76,-59.58,-30.7,-15.35,False,
547,2026-09-18T00:29:43.751474,30,0.07,0.04,1.5,180,496,5.24,410.34,3071.96,496.0,-3157.62,-87.76,-59.58,-30.7,-15.35,False,
548,2026-09-18T00:29:43.997664,30,0.07,0.04,1.5,240,496,5.24,410.34,3071.96,496.0,-3157.62,-87.76,-59.58,-30.7,-15.35,False,
549,2026-09-18T00:29:44.260494,30,0.07,0.04,2.0,60,133,6.77,192.91,945.02,133.0,-885.11,-40.34,-24.27,-8.62,-13.36,False,
550,2026-09-18T00:29:44.520716,30,0.07,0.04,2.0,120,133,7.52,208.69,946.5,133.0,-870.81,-39.8,-23.78,-8.48,-13.28,False,
551,2026-09-18T00:29:44.777487,30,0.07,0.04,2.0,180,133,7.52,208.69,946.5,133.0,-870.81,-39.8,-23.78,-8.48,-13.28,False,
552,2026-09-18T00:29:45.040494,30,0.07,0.04,2.0,240,133,7.52,208.69,946.5,133.0,-870.81,-39.8,-23.78,-8.48,-13.28,False,
553,2026-09-18T00:29:45.297130,30,0.07,0.04,2.5,60,51,9.8,99.65,373.12,51.0,-324.47,-16.82,-15.2,-3.16,-11.05,False,
554,2026-09-18T00:29:45.556065,30,0.07,0.04,2.5,120,51,11.76,115.49,373.89,51.0,-309.4,-16.07,-13.34,-3.01,-10.52,False,
555,2026-09-18T00:29:45.814901,30,0.07,0.04,2.5,180,51,11.76,115.49,373.89,51.0,-309.4,-16.07,-13.34,-3.01,-10.52,False,
556,2026-09-18T00:29:46.073538,30,0.07,0.04,2.5,240,51,11.76,115.49,373.89,51.0,-309.4,-16.07,-13.34,-3.01,-10.52,False,
557,2026-09-18T00:29:46.339712,30,0.07,0.04,3.0,60,21,4.76,31.87,154.75,21.0,-143.89,-7.52,-10.32,-1.43,-8.88,False,
558,2026-09-18T00:29:46.597545,30,0.07,0.04,3.0,120,21,4.76,31.87,154.75,21.0,-143.89,-7.52,-10.32,-1.43,-8.88,False,
559,2026-09-18T00:29:46.864462,30,0.07,0.04,3.0,180,21,4.76,31.87,154.75,21.0,-143.89,-7.52,-10.32,-1.43,-8.88,False,
560,2026-09-18T00:29:47.128800,30,0.07,0.04,3.0,240,21,4.76,31.87,154.75,21.0,-143.89,-7.52,-10.32,-1.43,-8.88,False,
561,2026-09-18T00:29:47.376041,30,0.07,0.06,1.5,60,497,5.03,394.51,3072.69,497.0,-3175.17,-87.93,-60.94,-30.88,-15.37,False,
562,2026-09-18T00:29:47.617990,30,0.07,0.06,1.5,120,496,5.24,410.34,3071.96,496.0,-3157.62,-87.76,-59.58,-30.7,-15.35,False,
563,2026-09-18T00:29:47.860615,30,0.07,0.06,1.5,180,496,5.24,410.34,3071.96,496.0,-3157.62,-87.76,-59.58,-30.7,-15.35,False,
564,2026-09-18T00:29:48.108275,30,0.07,0.06,1.5,240,496,5.24,410.34,3071.96,496.0,-3157.62,-87.76,-59.58,-30.7,-15.35,False,
565,2026-09-18T00:29:48.366798,30,0.07,0.06,2.0,60,133,6.77,192.91,945.02,133.0,-885.11,-40.34,-24.27,-8.62,-13.36,False,
566,2026-09-18T00:29:48.618549,30,0.07,0.06,2.0,120,133,7.52,208.69,946.5,133.0,-870.81,-39.8,-23.78,-8.48,-13.28,False,
567,2026-09-18T00:29:48.876990,30,0.07,0.06,2.0,180,133,7.52,208.69,946.5,133.0,-870.81,-39.8,-23.78,-8.48,-13.28,False,
568,2026-09-18T00:29:49.139543,30,0.07,0.06,2.0,240,133,7.52,208.69,946.5,133.0,-870.81,-39.8,-23.78,-8.48,-13.28,False,
569,2026-09-18T00:29:49.403756,30,0.07,0.06,2.5,60,51,9.8,99.65,373.12,51.0,-324.47,-16.82,-15.2,-3.16,-11.05,False,
570,2026-09-18T00:29:49.663185,30,0.07,0.06,2.5,120,51,11.76,115.49,373.89,51.0,-309.4,-16.07,-13.34,-3.01,-10.52,False,
571,2026-09-18T00:29:49.926833,30,0.07,0.06,2.5,180,51,11.76,115.49,373.89,51.0,-309.4,-16.07,-13.34,-3.01,-10.52,False,
572,2026-09-18T00:29:50.192886,30,0.07,0.06,2.5,240,51,11.76,115.49,373.89,51.0,-309.4,-16.07,-13.34,-3.01,-10.52,False,
573,2026-09-18T00:29:50.461014,30,0.07,0.06,3.0,60,21,4.76,31.87,154.75,21.0,-143.89,-7.52,-10.32,-1.43,-8.88,False,
574,2026-09-18T00:29:50.720129,30,0.07,0.06,3.0,120,21,4.76,31.87,154.75,21.0,-143.89,-7.52,-10.32,-1.43,-8.88,False,
575,2026-09-18T00:29:50.988485,30,0.07,0.06,3.0,180,21,4.76,31.87,154.75,21.0,-143.89,-7.52,-10.32,-1.43,-8.88,False,
576,2026-09-18T00:29:51.251977,30,0.07,0.06,3.0,240,21,4.76,31.87,154.75,21.0,-143.89,-7.52,-10.32,-1.43,-8.88,False,
577,2026-09-18T00:29:51.512418,30,0.09,0.02,1.5,60,494,5.06,394.68,3057.58,494.0,-3156.9,-87.75,-59.34,-30.69,-15.35,False,
578,2026-09-18T00:29:51.763525,30,0.09,0.02,1.5,120,493,5.27,410.4,3056.81,493.0,-3139.41,-87.57,-58.09,-30.51,-15.33,False,
579,2026-09-18T00:29:51.990707,30,0.09,0.02,1.5,180,493,5.27,410.4,3056.81,493.0,-3139.41,-87.57,-58.09,-30.51,-15.33,False,
580,2026-09-18T00:29:52.238410,30,0.09,0.02,1.5,240,493,5.27,410.4,3056.81,493.0,-3139.41,-87.57,-58.09,-30.51,-15.33,False,
581,2026-09-18T00:29:52.503424,30,0.09,0.02,2.0,60,132,6.82,192.92,938.28,132.0,-877.36,-40.05,-24.25,-8.55,-13.36,False,
582,2026-09-18T00:29:52.764529,30,0.09,0.02,2.0,120,132,7.58,208.69,939.75,132.0,-863.06,-39.51,-23.76,-8.4,-13.28,False,
583,2026-09-18T00:29:53.023183,30,0.09,0.02,2.0,180,132,7.58,208.69,939.75,132.0,-863.06,-39.51,-23.76,-8.4,-13.28,False,
584,2026-09-18T00:29:53.283969,30,0.09,0.02,2.0,240,132,7.58,208.69,939.75,132.0,-863.06,-39.51,-23.76,-8.4,-13.28,False,
585,2026-09-18T00:29:53.543351,30,0.09,0.02,2.5,60,51,9.8,99.65,373.12,51.0,-324.47,-16.82,-15.2,-3.16,-11.05,False,
586,2026-09-18T00:29:53.803739,30,0.09,0.02,2.5,120,51,11.76,115.49,373.89,51.0,-309.4,-16.07,-13.34,-3.01,-10.52,False,
587,2026-09-18T00:29:54.067351,30,0.09,0.02,2.5,180,51,11.76,115.49,373.89,51.0,-309.4,-16.07,-13.34,-3.01,-10.52,False,
588,2026-09-18T00:29:54.333000,30,0.09,0.02,2.5,240,51,11.76,115.49,373.89,51.0,-309.4,-16.07,-13.34,-3.01,-10.52,False,
589,2026-09-18T00:29:54.593866,30,0.09,0.02,3.0,60,21,4.76,31.87,154.75,21.0,-143.89,-7.52,-10.32,-1.43,-8.88,False,
590,2026-09-18T00:29:54.854927,30,0.09,0.02,3.0,120,21,4.76,31.87,154.75,21.0,-143.89,-7.52,-10.32,-1.43,-8.88,False,
591,2026-09-18T00:29:55.113649,30,0.09,0.02,3.0,180,21,4.76,31.87,154.75,21.0,-143.89,-7.52,-10.32,-1.43,-8.88,False,
592,2026-09-18T00:29:55.379851,30,0.09,0.02,3.0,240,21,4.76,31.87,154.75,21.0,-143.89,-7.52,-10.32,-1.43,-8.88,False,
593,2026-09-18T00:29:55.623164,30,0.09,0.04,1.5,60,494,5.06,394.68,3057.58,494.0,-3156.9,-87.75,-59.34,-30.69,-15.35,False,
594,2026-09-18T00:29:55.863184,30,0.09,0.04,1.5,120,493,5.27,410.4,3056.81,493.0,-3139.41,-87.57,-58.09,-30.51,-15.33,False,
595,2026-09-18T00:29:56.109177,30,0.09,0.04,1.5,180,493,5.27,410.4,3056.81,493.0,-3139.41,-87.57,-58.09,-30.51,-15.33,False,
596,2026-09-18T00:29:56.357339,30,0.09,0.04,1.5,240,493,5.27,410.4,3056.81,493.0,-3139.41,-87.57,-58.09,-30.51,-15.33,False,
597,2026-09-18T00:29:56.609043,30,0.09,0.04,2.0,60,132,6.82,192.92,938.28,132.0,-877.36,-40.05,-24.25,-8.55,-13.36,False,
598,2026-09-18T00:29:56.871657,30,0.09,0.04,2.0,120,132,7.58,208.69,939.75,132.0,-863.06,-39.51,-23.76,-8.4,-13.28,False,
599,2026-09-18T00:29:57.134369,30,0.09,0.04,2.0,180,132,7.58,208.69,939.75,132.0,-863.06,-39.51,-23.76,-8.4,-13.28,False,
600,2026-09-18T00:29:57.396945,30,0.09,0.04,2.0,240,132,7.58,208.69,939.75,132.0,-863.06,-39.51,-23.76,-8.4,-13.28,False,
601,2026-09-18T00:29:57.658502,30,0.09,0.04,2.5,60,51,9.8,99.65,373.12,51.0,-324.47,-16.82,-15.2,-3.16,-11.05,False,
602,2026-09-18T00:29:57.915497,30,0.09,0.04,2.5,120,51,11.76,115.49,373.89,51.0,-309.4,-16.07,-13.34,-3.01,-10.52,False,
603,2026-09-18T00:29:58.182411,30,0.09,0.04,2.5,180,51,11.76,115.49,373.89,51.0,-309.4,-16.07,-13.34,-3.01,-10.52,False,
604,2026-09-18T00:29:58.449032,30,0.09,0.04,2.5,240,51,11.76,115.49,373.89,51.0,-309.4,-16.07,-13.34,-3.01,-10.52,False,
605,2026-09-18T00:29:58.712088,30,0.09,0.04,3.0,60,21,4.76,31.87,154.75,21.0,-143.89,-7.52,-10.32,-1.43,-8.88,False,
606,2026-09-18T00:29:58.979570,30,0.09,0.04,3.0,120,21,4.76,31.87,154.75,21.0,-143.89,-7.52,-10.32,-1.43,-8.88,False,
607,2026-09-18T00:29:59.241962,30,0.09,0.04,3.0,180,21,4.76,31.87,154.75,21.0,-143.89,-7.52,-10.32,-1.43,-8.88,False,
608,2026-09-18T00:29:59.509449,30,0.09,0.04,3.0,240,21,4.76,31.87,154.75,21.0,-143.89,-7.52,-10.32,-1.43,-8.88,False,
609,2026-09-18T00:29:59.749596,30,0.09,0.06,1.5,60,494,5.06,394.68,3057.58,494.0,-3156.9,-87.75,-59.34,-30.69,-15.35,False,
610,2026-09-18T00:29:59.996655,30,0.09,0.06,1.5,120,493,5.27,410.4,3056.81,493.0,-3139.41,-87.57,-58.09,-30.51,-15.33,False,
611,2026-09-18T00:30:00.241087,30,0.09,0.06,1.5,180,493,5.27,410.4,3056.81,493.0,-3139.41,-87.57,-58.09,-30.51,-15.33,False,
612,2026-09-18T00:30:00.488891,30,0.09,0.06,1.5,240,493,5.27,410.4,3056.81,493.0,-3139.41,-87.57,-58.09,-30.51,-15.33,False,
613,2026-09-18T00:30:00.743499,30,0.09,0.06,2.0,60,132,6.82,192.92,938.28,132.0,-877.36,-40.05,-24.25,-8.55,-13.36,False,
614,2026-09-18T00:30:01.002719,30,0.09,0.06,2.0,120,132,7.58,208.69,939.75,132.0,-863.06,-39.51,-23.76,-8.4,-13.28,False,
615,2026-09-18T00:30:01.265682,30,0.09,0.06,2.0,180,132,7.58,208.69,939.75,132.0,-863.06,-39.51,-23.76,-8.4,-13.28,False,
616,2026-09-18T00:30:01.523602,30,0.09,0.06,2.0,240,132,7.58,208.69,939.75,132.0,-863.06,-39.51,-23.76,-8.4,-13.28,False,
617,2026-09-18T00:30:01.786267,30,0.09,0.06,2.5,60,51,9.8,99.65,373.12,51.0,-324.47,-16.82,-15.2,-3.16,-11.05,False,
618,2026-09-18T00:30:02.051169,30,0.09,0.06,2.5,120,51,11.76,115.49,373.89,51.0,-309.4,-16.07,-13.34,-3.01,-10.52,False,
619,2026-09-18T00:30:02.311638,30,0.09,0.06,2.5,180,51,11.76,115.49,373.89,51.0,-309.4,-16.07,-13.34,-3.01,-10.52,False,
620,2026-09-18T00:30:02.571522,30,0.09,0.06,2.5,240,51,11.76,115.49,373.89,51.0,-309.4,-16.07,-13.34,-3.01,-10.52,False,
621,2026-09-18T00:30:02.834823,30,0.09,0.06,3.0,60,21,4.76,31.87,154.75,21.0,-143.89,-7.52,-10.32,-1.43,-8.88,False,
622,2026-09-18T00:30:03.105014,30,0.09,0.06,3.0,120,21,4.76,31.87,154.75,21.0,-143.89,-7.52,-10.32,-1.43,-8.88,False,
623,2026-09-18T00:30:03.368888,30,0.09,0.06,3.0,180,21,4.76,31.87,154.75,21.0,-143.89,-7.52,-10.32,-1.43,-8.88,False,
624,2026-09-18T00:30:03.626858,30,0.09,0.06,3.0,240,21,4.76,31.87,154.75,21.0,-143.89,-7.52,-10.32,-1.43,-8.88,False,
625,2026-09-18T00:30:03.876616,30,0.12,0.02,1.5,60,489,5.11,395.2,3032.86,489.0,-3126.66,-87.43,-57.35,-30.38,-15.31,False,
626,2026-09-18T00:30:04.126296,30,0.12,0.02,1.5,120,487,5.34,411.25,3027.18,487.0,-3102.93,-87.18,-55.44,-30.14,-15.27,False,
627,2026-09-18T00:30:04.374100,30,0.12,0.02,1.5,180,487,5.34,411.25,3027.18,487.0,-3102.93,-87.18,-55.44,-30.14,-15.27,False,
628,2026-09-18T00:30:04.617311,30,0.12,0.02,1.5,240,487,5.34,411.25,3027.18,487.0,-3102.93,-87.18,-55.44,-30.14,-15.27,False,
629,2026-09-18T00:30:04.879437,30,0.12,0.02,2.0,60,130,6.92,192.88,924.83,130.0,-861.95,-39.46,-22.69,-8.39,-13.16,False,
630,2026-09-18T00:30:05.141732,30,0.12,0.02,2.0,120,130,7.69,209.2,926.33,130.0,-847.13,-38.9,-22.22,-8.24,-13.07,False,
631,2026-09-18T00:30:05.402144,30,0.12,0.02,2.0,180,130,7.69,209.2,926.33,130.0,-847.13,-38.9,-22.22,-8.24,-13.07,False,
632,2026-09-18T00:30:05.658004,30,0.12,0.02,2.0,240,130,7.69,209.2,926.33,130.0,-847.13,-38.9,-22.22,-8.24,-13.07,False,
633,2026-09-18T00:30:05.915648,30,0.12,0.02,2.5,60,50,10.0,99.69,365.98,50.0,-316.28,-16.41,-14.15,-3.08,-10.76,False,
634,2026-09-18T00:30:06.188880,30,0.12,0.02,2.5,120,50,12.0,116.08,366.76,50.0,-300.68,-15.64,-12.43,-2.93,-10.21,False,
635,2026-09-18T00:30:06.450423,30,0.12,0.02,2.5,180,50,12.0,116.08,366.76,50.0,-300.68,-15.64,-12.43,-2.93,-10.21,False,
636,2026-09-18T00:30:06.712822,30,0.12,0.02,2.5,240,50,12.0,116.08,366.76,50.0,-300.68,-15.64,-12.43,-2.93,-10.21,False,
637,2026-09-18T00:30:06.977963,30,0.12,0.02,3.0,60,21,4.76,31.87,154.75,21.0,-143.89,-7.52,-10.32,-1.43,-8.88,False,
638,2026-09-18T00:30:07.243769,30,0.12,0.02,3.0,120,21,4.76,31.87,154.75,21.0,-143.89,-7.52,-10.32,-1.43,-8.88,False,
639,2026-09-18T00:30:07.510046,30,0.12,0.02,3.0,180,21,4.76,31.87,154.75,21.0,-143.89,-7.52,-10.32,-1.43,-8.88,False,
640,2026-09-18T00:30:07.765369,30,0.12,0.02,3.0,240,21,4.76,31.87,154.75,21.0,-143.89,-7.52,-10.32,-1.43,-8.88,False,
641,2026-09-18T00:30:08.013026,30,0.12,0.04,1.5,60,489,5.11,395.2,3032.86,489.0,-3126.66,-87.43,-57.35,-30.38,-15.31,False,
642,2026-09-18T00:30:08.260588,30,0.12,0.04,1.5,120,487,5.34,411.25,3027.18,487.0,-3102.93,-87.18,-55.44,-30.14,-15.27,False,
643,2026-09-18T00:30:08.508331,30,0.12,0.04,1.5,180,487,5.34,411.25,3027.18,487.0,-3102.93,-87.18,-55.44,-30.14,-15.27,False,
644,2026-09-18T00:30:08.751687,30,0.12,0.04,1.5,240,487,5.34,411.25,3027.18,487.0,-3102.93,-87.18,-55.44,-30.14,-15.27,False,
645,2026-09-18T00:30:09.009881,30,0.12,0.04,2.0,60,130,6.92,192.88,924.83,130.0,-861.95,-39.46,-22.69,-8.39,-13.16,False,
646,2026-09-18T00:30:09.269562,30,0.12,0.04,2.0,120,130,7.69,209.2,926.33,130.0,-847.13,-38.9,-22.22,-8.24,-13.07,False,
647,2026-09-18T00:30:09.528309,30,0.12,0.04,2.0,180,130,7.69,209.2,926.33,130.0,-847.13,-38.9,-22.22,-8.24,-13.07,False,
648,2026-09-18T00:30:09.786197,30,0.12,0.04,2.0,240,130,7.69,209.2,926.33,130.0,-847.13,-38.9,-22.22,-8.24,-13.07,False,
649,2026-09-18T00:30:10.048219,30,0.12,0.04,2.5,60,50,10.0,99.69,365.98,50.0,-316.28,-16.41,-14.15,-3.08,-10.76,False,
650,2026-09-18T00:30:10.311682,30,0.12,0.04,2.5,120,50,12.0,116.08,366.76,50.0,-300.68,-15.64,-12.43,-2.93,-10.21,False,
651,2026-09-18T00:30:10.569732,30,0.12,0.04,2.5,180,50,12.0,116.08,366.76,50.0,-300.68,-15.64,-12.43,-2.93,-10.21,False,
652,2026-09-18T00:30:10.831111,30,0.12,0.04,2.5,240,50,12.0,116.08,366.76,50.0,-300.68,-15.64,-12.43,-2.93,-10.21,False,
653,2026-09-18T00:30:11.097442,30,0.12,0.04,3.0,60,21,4.76,31.87,154.75,21.0,-143.89,-7.52,-10.32,-1.43,-8.88,False,
654,2026-09-18T00:30:11.364307,30,0.12,0.04,3.0,120,21,4.76,31.87,154.75,21.0,-143.89,-7.52,-10.32,-1.43,-8.88,False,
655,2026-09-18T00:30:11.620900,30,0.12,0.04,3.0,180,21,4.76,31.87,154.75,21.0,-143.89,-7.52,-10.32,-1.43,-8.88,False,
656,2026-09-18T00:30:11.858992,30,0.12,0.04,3.0,240,21,4.76,31.87,154.75,21.0,-143.89,-7.52,-10.32,-1.43,-8.88,False,
657,2026-09-18T00:30:12.099333,30,0.12,0.06,1.5,60,489,5.11,395.2,3032.86,489.0,-3126.66,-87.43,-57.35,-30.38,-15.31,False,
658,2026-09-18T00:30:12.334271,30,0.12,0.06,1.5,120,487,5.34,411.25,3027.18,487.0,-3102.93,-87.18,-55.44,-30.14,-15.27,False,
659,2026-09-18T00:30:12.572307,30,0.12,0.06,1.5,180,487,5.34,411.25,3027.18,487.0,-3102.93,-87.18,-55.44,-30.14,-15.27,False,
660,2026-09-18T00:30:12.811108,30,0.12,0.06,1.5,240,487,5.34,411.25,3027.18,487.0,-3102.93,-87.18,-55.44,-30.14,-15.27,False,
661,2026-09-18T00:30:13.055558,30,0.12,0.06,2.0,60,130,6.92,192.88,924.83,130.0,-861.95,-39.46,-22.69,-8.39,-13.16,False,
662,2026-09-18T00:30:13.312967,30,0.12,0.06,2.0,120,130,7.69,209.2,926.33,130.0,-847.13,-38.9,-22.22,-8.24,-13.07,False,
663,2026-09-18T00:30:13.557826,30,0.12,0.06,2.0,180,130,7.69,209.2,926.33,130.0,-847.13,-38.9,-22.22,-8.24,-13.07,False,
664,2026-09-18T00:30:13.810988,30,0.12,0.06,2.0,240,130,7.69,209.2,926.33,130.0,-847.13,-38.9,-22.22,-8.24,-13.07,False,
665,2026-09-18T00:30:14.077075,30,0.12,0.06,2.5,60,50,10.0,99.69,365.98,50.0,-316.28,-16.41,-14.15,-3.08,-10.76,False,
666,2026-09-18T00:30:14.343282,30,0.12,0.06,2.5,120,50,12.0,116.08,366.76,50.0,-300.68,-15.64,-12.43,-2.93,-10.21,False,
667,2026-09-18T00:30:14.606095,30,0.12,0.06,2.5,180,50,12.0,116.08,366.76,50.0,-300.68,-15.64,-12.43,-2.93,-10.21,False,
668,2026-09-18T00:30:14.865253,30,0.12,0.06,2.5,240,50,12.0,116.08,366.76,50.0,-300.68,-15.64,-12.43,-2.93,-10.21,False,
669,2026-09-18T00:30:15.132894,30,0.12,0.06,3.0,60,21,4.76,31.87,154.75,21.0,-143.89,-7.52,-10.32,-1.43,-8.88,False,
670,2026-09-18T00:30:15.387292,30,0.12,0.06,3.0,120,21,4.76,31.87,154.75,21.0,-143.89,-7.52,-10.32,-1.43,-8.88,False,
671,2026-09-18T00:30:15.647335,30,0.12,0.06,3.0,180,21,4.76,31.87,154.75,21.0,-143.89,-7.52,-10.32,-1.43,-8.88,False,
672,2026-09-18T00:30:15.906219,30,0.12,0.06,3.0,240,21,4.76,31.87,154.75,21.0,-143.89,-7.52,-10.32,-1.43,-8.88,False,
673,2026-09-18T00:30:16.152534,30,0.15,0.02,1.5,60,488,5.12,395.39,3027.95,488.0,-3120.56,-87.37,-56.66,-30.32,-15.3,False,
674,2026-09-18T00:30:16.403803,30,0.15,0.02,1.5,120,486,5.35,411.44,3022.25,486.0,-3096.81,-87.12,-54.81,-30.08,-15.26,False,
675,2026-09-18T00:30:16.644908,30,0.15,0.02,1.5,180,486,5.35,411.44,3022.25,486.0,-3096.81,-87.12,-54.81,-30.08,-15.26,False,
676,2026-09-18T00:30:16.888537,30,0.15,0.02,1.5,240,486,5.35,411.44,3022.25,486.0,-3096.81,-87.12,-54.81,-30.08,-15.26,False,
677,2026-09-18T00:30:17.155300,30,0.15,0.02,2.0,60,129,6.98,192.94,918.14,129.0,-854.2,-39.17,-22.33,-8.31,-13.09,False,
678,2026-09-18T00:30:17.421432,30,0.15,0.02,2.0,120,129,7.75,209.26,919.63,129.0,-839.36,-38.6,-21.87,-8.16,-13.0,False,
679,2026-09-18T00:30:17.676437,30,0.15,0.02,2.0,180,129,7.75,209.26,919.63,129.0,-839.36,-38.6,-21.87,-8.16,-13.0,False,
680,2026-09-18T00:30:17.936621,30,0.15,0.02,2.0,240,129,7.75,209.26,919.63,129.0,-839.36,-38.6,-21.87,-8.16,-13.0,False,
681,2026-09-18T00:30:18.207864,30,0.15,0.02,2.5,60,49,10.2,99.72,358.85,49.0,-308.13,-16.01,-13.65,-3.0,-10.55,False,
682,2026-09-18T00:30:18.466765,30,0.15,0.02,2.5,120,49,12.24,116.1,359.62,49.0,-292.52,-15.23,-12.0,-2.84,-9.99,False,
683,2026-09-18T00:30:18.728349,30,0.15,0.02,2.5,180,49,12.24,116.1,359.62,49.0,-292.52,-15.23,-12.0,-2.84,-9.99,False,
684,2026-09-18T00:30:18.993348,30,0.15,0.02,2.5,240,49,12.24,116.1,359.62,49.0,-292.52,-15.23,-12.0,-2.84,-9.99,False,
685,2026-09-18T00:30:19.260161,30,0.15,0.02,3.0,60,21,4.76,31.73,154.75,21.0,-144.02,-7.53,-10.35,-1.43,-8.89,False,
686,2026-09-18T00:30:19.525890,30,0.15,0.02,3.0,120,21,4.76,31.73,154.75,21.0,-144.02,-7.53,-10.35,-1.43,-8.89,False,
687,2026-09-18T00:30:19.786241,30,0.15,0.02,3.0,180,21,4.76,31.73,154.75,21.0,-144.02,-7.53,-10.35,-1.43,-8.89,False,
688,2026-09-18T00:30:20.053241,30,0.15,0.02,3.0,240,21,4.76,31.73,154.75,21.0,-144.02,-7.53,-10.35,-1.43,-8.89,False,
689,2026-09-18T00:30:20.300943,30,0.15,0.04,1.5,60,488,5.12,395.39,3027.95,488.0,-3120.56,-87.37,-56.66,-30.32,-15.3,False,
690,2026-09-18T00:30:20.542937,30,0.15,0.04,1.5,120,486,5.35,411.44,3022.25,486.0,-3096.81,-87.12,-54.81,-30.08,-15.26,False,
691,2026-09-18T00:30:20.785791,30,0.15,0.04,1.5,180,486,5.35,411.44,3022.25,486.0,-3096.81,-87.12,-54.81,-30.08,-15.26,False,
692,2026-09-18T00:30:21.029230,30,0.15,0.04,1.5,240,486,5.35,411.44,3022.25,486.0,-3096.81,-87.12,-54.81,-30.08,-15.26,False,
693,2026-09-18T00:30:21.291432,30,0.15,0.04,2.0,60,129,6.98,192.94,918.14,129.0,-854.2,-39.17,-22.33,-8.31,-13.09,False,
694,2026-09-18T00:30:21.550223,30,0.15,0.04,2.0,120,129,7.75,209.26,919.63,129.0,-839.36,-38.6,-21.87,-8.16,-13.0,False,
695,2026-09-18T00:30:21.811486,30,0.15,0.04,2.0,180,129,7.75,209.26,919.63,129.0,-839.36,-38.6,-21.87,-8.16,-13.0,False,
696,2026-09-18T00:30:22.068084,30,0.15,0.04,2.0,240,129,7.75,209.26,919.63,129.0,-839.36,-38.6,-21.87,-8.16,-13.0,False,
697,2026-09-18T00:30:22.319525,30,0.15,0.04,2.5,60,49,10.2,99.72,358.85,49.0,-308.13,-16.01,-13.65,-3.0,-10.55,False,
698,2026-09-18T00:30:22.578007,30,0.15,0.04,2.5,120,49,12.24,116.1,359.62,49.0,-292.52,-15.23,-12.0,-2.84,-9.99,False,
699,2026-09-18T00:30:22.840888,30,0.15,0.04,2.5,180,49,12.24,116.1,359.62,49.0,-292.52,-15.23,-12.0,-2.84,-9.99,False,
700,2026-09-18T00:30:23.104706,30,0.15,0.04,2.5,240,49,12.24,116.1,359.62,49.0,-292.52,-15.23,-12.0,-2.84,-9.99,False,
701,2026-09-18T00:30:23.371586,30,0.15,0.04,3.0,60,21,4.76,31.73,154.75,21.0,-144.02,-7.53,-10.35,-1.43,-8.89,False,
702,2026-09-18T00:30:23.631864,30,0.15,0.04,3.0,120,21,4.76,31.73,154.75,21.0,-144.02,-7.53,-10.35,-1.43,-8.89,False,
703,2026-09-18T00:30:23.898820,30,0.15,0.04,3.0,180,21,4.76,31.73,154.75,21.0,-144.02,-7.53,-10.35,-1.43,-8.89,False,
704,2026-09-18T00:30:24.165103,30,0.15,0.04,3.0,240,21,4.76,31.73,154.75,21.0,-144.02,-7.53,-10.35,-1.43,-8.89,False,
705,2026-09-18T00:30:24.408415,30,0.15,0.06,1.5,60,488,5.12,395.39,3027.95,488.0,-3120.56,-87.37,-56.66,-30.32,-15.3,False,
706,2026-09-18T00:30:24.650696,30,0.15,0.06,1.5,120,486,5.35,411.44,3022.25,486.0,-3096.81,-87.12,-54.81,-30.08,-15.26,False,
707,2026-09-18T00:30:24.897676,30,0.15,0.06,1.5,180,486,5.35,411.44,3022.25,486.0,-3096.81,-87.12,-54.81,-30.08,-15.26,False,
708,2026-09-18T00:30:25.143075,30,0.15,0.06,1.5,240,486,5.35,411.44,3022.25,486.0,-3096.81,-87.12,-54.81,-30.08,-15.26,False,
709,2026-09-18T00:30:25.403857,30,0.15,0.06,2.0,60,129,6.98,192.94,918.14,129.0,-854.2,-39.17,-22.33,-8.31,-13.09,False,
710,2026-09-18T00:30:25.659189,30,0.15,0.06,2.0,120,129,7.75,209.26,919.63,129.0,-839.36,-38.6,-21.87,-8.16,-13.0,False,
711,2026-09-18T00:30:25.911725,30,0.15,0.06,2.0,180,129,7.75,209.26,919.63,129.0,-839.36,-38.6,-21.87,-8.16,-13.0,False,
712,2026-09-18T00:30:26.170738,30,0.15,0.06,2.0,240,129,7.75,209.26,919.63,129.0,-839.36,-38.6,-21.87,-8.16,-13.0,False,
713,2026-09-18T00:30:26.433078,30,0.15,0.06,2.5,60,49,10.2,99.72,358.85,49.0,-308.13,-16.01,-13.65,-3.0,-10.55,False,
714,2026-09-18T00:30:26.693540,30,0.15,0.06,2.5,120,49,12.24,116.1,359.62,49.0,-292.52,-15.23,-12.0,-2.84,-9.99,False,
715,2026-09-18T00:30:26.959324,30,0.15,0.06,2.5,180,49,12.24,116.1,359.62,49.0,-292.52,-15.23,-12.0,-2.84,-9.99,False,
716,2026-09-18T00:30:27.222401,30,0.15,0.06,2.5,240,49,12.24,116.1,359.62,49.0,-292.52,-15.23,-12.0,-2.84,-9.99,False,
717,2026-09-18T00:30:27.488273,30,0.15,0.06,3.0,60,21,4.76,31.73,154.75,21.0,-144.02,-7.53,-10.35,-1.43,-8.89,False,
718,2026-09-18T00:30:27.743802,30,0.15,0.06,3.0,120,21,4.76,31.73,154.75,21.0,-144.02,-7.53,-10.35,-1.43,-8.89,False,
719,2026-09-18T00:30:28.009973,30,0.15,0.06,3.0,180,21,4.76,31.73,154.75,21.0,-144.02,-7.53,-10.35,-1.43,-8.89,False,
720,2026-09-18T00:30:28.277293,30,0.15,0.06,3.0,240,21,4.76,31.73,154.75,21.0,-144.02,-7.53,-10.35,-1.43,-8.89,False,
721,2026-09-18T00:30:28.531149,45,0.05,0.02,1.5,60,441,5.44,392.53,2788.44,441.0,-2836.91,-84.24,-47.81,-27.57,-15.08,False,
722,2026-09-18T00:30:28.778041,45,0.05,0.02,1.5,120,440,5.68,408.49,2787.11,440.0,-2818.63,-84.01,-46.69,-27.39,-15.05,False,
723,2026-09-18T00:30:29.026032,45,0.05,0.02,1.5,180,440,5.68,408.49,2787.11,440.0,-2818.63,-84.01,-46.69,-27.39,-15.05,False,
724,2026-09-18T00:30:29.273592,45,0.05,0.02,1.5,240,440,5.68,408.49,2787.11,440.0,-2818.63,-84.01,-46.69,-27.39,-15.05,False,
725,2026-09-18T00:30:29.539190,45,0.05,0.02,2.0,60,127,6.3,168.23,902.6,127.0,-861.37,-39.44,-25.26,-8.39,-13.52,False,
726,2026-09-18T00:30:29.801071,45,0.05,0.02,2.0,120,127,7.09,183.96,904.01,127.0,-847.05,-38.9,-24.28,-8.24,-13.37,False,
727,2026-09-18T00:30:30.060860,45,0.05,0.02,2.0,180,127,7.09,183.96,904.01,127.0,-847.05,-38.9,-24.28,-8.24,-13.37,False,
728,2026-09-18T00:30:30.322873,45,0.05,0.02,2.0,240,127,7.09,183.96,904.01,127.0,-847.05,-38.9,-24.28,-8.24,-13.37,False,
729,2026-09-18T00:30:30.586430,45,0.05,0.02,2.5,60,50,10.0,99.93,365.98,50.0,-316.05,-16.4,-16.09,-3.08,-11.37,False,
730,2026-09-18T00:30:30.849092,45,0.05,0.02,2.5,120,50,12.0,115.77,366.74,50.0,-300.97,-15.65,-13.94,-2.93,-10.81,False,
731,2026-09-18T00:30:31.115818,45,0.05,0.02,2.5,180,50,12.0,115.77,366.74,50.0,-300.97,-15.65,-13.94,-2.93,-10.81,False,
732,2026-09-18T00:30:31.381907,45,0.05,0.02,2.5,240,50,12.0,115.77,366.74,50.0,-300.97,-15.65,-13.94,-2.93,-10.81,False,
733,2026-09-18T00:30:31.647827,45,0.05,0.02,3.0,60,21,4.76,31.87,154.75,21.0,-143.89,-7.52,-10.32,-1.43,-8.88,False,
734,2026-09-18T00:30:31.913811,45,0.05,0.02,3.0,120,21,4.76,31.87,154.75,21.0,-143.89,-7.52,-10.32,-1.43,-8.88,False,
735,2026-09-18T00:30:32.175685,45,0.05,0.02,3.0,180,21,4.76,31.87,154.75,21.0,-143.89,-7.52,-10.32,-1.43,-8.88,False,
736,2026-09-18T00:30:32.443038,45,0.05,0.02,3.0,240,21,4.76,31.87,154.75,21.0,-143.89,-7.52,-10.32,-1.43,-8.88,False,
737,2026-09-18T00:30:32.686612,45,0.05,0.04,1.5,60,441,5.44,392.53,2788.44,441.0,-2836.91,-84.24,-47.81,-27.57,-15.08,False,
738,2026-09-18T00:30:32.935957,45,0.05,0.04,1.5,120,440,5.68,408.49,2787.11,440.0,-2818.63,-84.01,-46.69,-27.39,-15.05,False,
739,2026-09-18T00:30:33.180227,45,0.05,0.04,1.5,180,440,5.68,408.49,2787.11,440.0,-2818.63,-84.01,-46.69,-27.39,-15.05,False,
740,2026-09-18T00:30:33.427681,45,0.05,0.04,1.5,240,440,5.68,408.49,2787.11,440.0,-2818.63,-84.01,-46.69,-27.39,-15.05,False,
741,2026-09-18T00:30:33.677237,45,0.05,0.04,2.0,60,127,6.3,168.23,902.6,127.0,-861.37,-39.44,-25.26,-8.39,-13.52,False,
742,2026-09-18T00:30:33.940648,45,0.05,0.04,2.0,120,127,7.09,183.96,904.01,127.0,-847.05,-38.9,-24.28,-8.24,-13.37,False,
743,2026-09-18T00:30:34.203708,45,0.05,0.04,2.0,180,127,7.09,183.96,904.01,127.0,-847.05,-38.9,-24.28,-8.24,-13.37,False,
744,2026-09-18T00:30:34.466045,45,0.05,0.04,2.0,240,127,7.09,183.96,904.01,127.0,-847.05,-38.9,-24.28,-8.24,-13.37,False,
745,2026-09-18T00:30:34.725880,45,0.05,0.04,2.5,60,50,10.0,99.93,365.98,50.0,-316.05,-16.4,-16.09,-3.08,-11.37,False,
746,2026-09-18T00:30:34.983954,45,0.05,0.04,2.5,120,50,12.0,115.77,366.74,50.0,-300.97,-15.65,-13.94,-2.93,-10.81,False,
747,2026-09-18T00:30:35.252301,45,0.05,0.04,2.5,180,50,12.0,115.77,366.74,50.0,-300.97,-15.65,-13.94,-2.93,-10.81,False,
748,2026-09-18T00:30:35.518962,45,0.05,0.04,2.5,240,50,12.0,115.77,366.74,50.0,-300.97,-15.65,-13.94,-2.93,-10.81,False,
749,2026-09-18T00:30:35.781895,45,0.05,0.04,3.0,60,21,4.76,31.87,154.75,21.0,-143.89,-7.52,-10.32,-1.43,-8.88,False,
750,2026-09-18T00:30:36.041410,45,0.05,0.04,3.0,120,21,4.76,31.87,154.75,21.0,-143.89,-7.52,-10.32,-1.43,-8.88,False,
751,2026-09-18T00:30:36.301649,45,0.05,0.04,3.0,180,21,4.76,31.87,154.75,21.0,-143.89,-7.52,-10.32,-1.43,-8.88,False,
752,2026-09-18T00:30:36.565158,45,0.05,0.04,3.0,240,21,4.76,31.87,154.75,21.0,-143.89,-7.52,-10.32,-1.43,-8.88,False,
753,2026-09-18T00:30:36.812716,45,0.05,0.06,1.5,60,441,5.44,392.53,2788.44,441.0,-2836.91,-84.24,-47.81,-27.57,-15.08,False,
754,2026-09-18T00:30:37.062255,45,0.05,0.06,1.5,120,440,5.68,408.49,2787.11,440.0,-2818.63,-84.01,-46.69,-27.39,-15.05,False,
755,2026-09-18T00:30:37.309372,45,0.05,0.06,1.5,180,440,5.68,408.49,2787.11,440.0,-2818.63,-84.01,-46.69,-27.39,-15.05,False,
756,2026-09-18T00:30:37.555024,45,0.05,0.06,1.5,240,440,5.68,408.49,2787.11,440.0,-2818.63,-84.01,-46.69,-27.39,-15.05,False,
757,2026-09-18T00:30:37.813065,45,0.05,0.06,2.0,60,127,6.3,168.23,902.6,127.0,-861.37,-39.44,-25.26,-8.39,-13.52,False,
758,2026-09-18T00:30:38.073628,45,0.05,0.06,2.0,120,127,7.09,183.96,904.01,127.0,-847.05,-38.9,-24.28,-8.24,-13.37,False,
759,2026-09-18T00:30:38.335933,45,0.05,0.06,2.0,180,127,7.09,183.96,904.01,127.0,-847.05,-38.9,-24.28,-8.24,-13.37,False,
760,2026-09-18T00:30:38.593982,45,0.05,0.06,2.0,240,127,7.09,183.96,904.01,127.0,-847.05,-38.9,-24.28,-8.24,-13.37,False,
761,2026-09-18T00:30:38.859013,45,0.05,0.06,2.5,60,50,10.0,99.93,365.98,50.0,-316.05,-16.4,-16.09,-3.08,-11.37,False,
762,2026-09-18T00:30:39.124836,45,0.05,0.06,2.5,120,50,12.0,115.77,366.74,50.0,-300.97,-15.65,-13.94,-2.93,-10.81,False,
763,2026-09-18T00:30:39.384144,45,0.05,0.06,2.5,180,50,12.0,115.77,366.74,50.0,-300.97,-15.65,-13.94,-2.93,-10.81,False,
764,2026-09-18T00:30:39.644756,45,0.05,0.06,2.5,240,50,12.0,115.77,366.74,50.0,-300.97,-15.65,-13.94,-2.93,-10.81,False,
765,2026-09-18T00:30:39.910397,45,0.05,0.06,3.0,60,21,4.76,31.87,154.75,21.0,-143.89,-7.52,-10.32,-1.43,-8.88,False,
766,2026-09-18T00:30:40.177776,45,0.05,0.06,3.0,120,21,4.76,31.87,154.75,21.0,-143.89,-7.52,-10.32,-1.43,-8.88,False,
767,2026-09-18T00:30:40.443771,45,0.05,0.06,3.0,180,21,4.76,31.87,154.75,21.0,-143.89,-7.52,-10.32,-1.43,-8.88,False,
768,2026-09-18T00:30:40.704180,45,0.05,0.06,3.0,240,21,4.76,31.87,154.75,21.0,-143.89,-7.52,-10.32,-1.43,-8.88,False,
769,2026-09-18T00:30:40.954097,45,0.07,0.02,1.5,60,437,5.49,392.46,2767.83,437.0,-2812.37,-83.93,-48.35,-27.33,-15.1,False,
770,2026-09-18T00:30:41.204552,45,0.07,0.02,1.5,120,436,5.73,408.45,2766.47,436.0,-2794.03,-83.69,-47.21,-27.14,-15.06,False,
771,2026-09-18T00:30:41.453919,45,0.07,0.02,1.5,180,436,5.73,408.45,2766.47,436.0,-2794.03,-83.69,-47.21,-27.14,-15.06,False,
772,2026-09-18T00:30:41.698928,45,0.07,0.02,1.5,240,436,5.73,408.45,2766.47,436.0,-2794.03,-83.69,-47.21,-27.14,-15.06,False,
773,2026-09-18T00:30:41.966721,45,0.07,0.02,2.0,60,127,6.3,168.21,902.6,127.0,-861.39,-39.44,-25.26,-8.39,-13.52,False,
774,2026-09-18T00:30:42.227110,45,0.07,0.02,2.0,120,127,7.09,183.94,904.01,127.0,-847.06,-38.9,-24.28,-8.24,-13.37,False,
775,2026-09-18T00:30:42.489349,45,0.07,0.02,2.0,180,127,7.09,183.94,904.01,127.0,-847.06,-38.9,-24.28,-8.24,-13.37,False,
776,2026-09-18T00:30:42.747316,45,0.07,0.02,2.0,240,127,7.09,183.94,904.01,127.0,-847.06,-38.9,-24.28,-8.24,-13.37,False,
777,2026-09-18T00:30:43.018657,45,0.07,0.02,2.5,60,50,10.0,99.91,365.98,50.0,-316.06,-16.4,-16.09,-3.08,-11.38,False,
778,2026-09-18T00:30:43.288890,45,0.07,0.02,2.5,120,50,12.0,115.75,366.73,50.0,-300.98,-15.65,-13.94,-2.93,-10.81,False,
779,2026-09-18T00:30:43.552592,45,0.07,0.02,2.5,180,50,12.0,115.75,366.73,50.0,-300.98,-15.65,-13.94,-2.93,-10.81,False,
780,2026-09-18T00:30:43.810908,45,0.07,0.02,2.5,240,50,12.0,115.75,366.73,50.0,-300.98,-15.65,-13.94,-2.93,-10.81,False,
781,2026-09-18T00:30:44.077108,45,0.07,0.02,3.0,60,21,4.76,31.87,154.75,21.0,-143.89,-7.52,-10.32,-1.43,-8.88,False,
782,2026-09-18T00:30:44.344311,45,0.07,0.02,3.0,120,21,4.76,31.87,154.75,21.0,-143.89,-7.52,-10.32,-1.43,-8.88,False,
783,2026-09-18T00:30:44.601407,45,0.07,0.02,3.0,180,21,4.76,31.87,154.75,21.0,-143.89,-7.52,-10.32,-1.43,-8.88,False,
784,2026-09-18T00:30:44.868707,45,0.07,0.02,3.0,240,21,4.76,31.87,154.75,21.0,-143.89,-7.52,-10.32,-1.43,-8.88,False,
785,2026-09-18T00:30:45.116506,45,0.07,0.04,1.5,60,437,5.49,392.46,2767.83,437.0,-2812.37,-83.93,-48.35,-27.33,-15.1,False,
786,2026-09-18T00:30:45.353094,45,0.07,0.04,1.5,120,436,5.73,408.45,2766.47,436.0,-2794.03,-83.69,-47.21,-27.14,-15.06,False,
787,2026-09-18T00:30:45.597770,45,0.07,0.04,1.5,180,436,5.73,408.45,2766.47,436.0,-2794.03,-83.69,-47.21,-27.14,-15.06,False,
788,2026-09-18T00:30:45.840522,45,0.07,0.04,1.5,240,436,5.73,408.45,2766.47,436.0,-2794.03,-83.69,-47.21,-27.14,-15.06,False,
789,2026-09-18T00:30:46.096991,45,0.07,0.04,2.0,60,127,6.3,168.21,902.6,127.0,-861.39,-39.44,-25.26,-8.39,-13.52,False,
790,2026-09-18T00:30:46.359457,45,0.07,0.04,2.0,120,127,7.09,183.94,904.01,127.0,-847.06,-38.9,-24.28,-8.24,-13.37,False,
791,2026-09-18T00:30:46.613520,45,0.07,0.04,2.0,180,127,7.09,183.94,904.01,127.0,-847.06,-38.9,-24.28,-8.24,-13.37,False,
792,2026-09-18T00:30:46.876083,45,0.07,0.04,2.0,240,127,7.09,183.94,904.01,127.0,-847.06,-38.9,-24.28,-8.24,-13.37,False,
793,2026-09-18T00:30:47.139305,45,0.07,0.04,2.5,60,50,10.0,99.91,365.98,50.0,-316.06,-16.4,-16.09,-3.08,-11.38,False,
794,2026-09-18T00:30:47.407492,45,0.07,0.04,2.5,120,50,12.0,115.75,366.73,50.0,-300.98,-15.65,-13.94,-2.93,-10.81,False,
795,2026-09-18T00:30:47.664536,45,0.07,0.04,2.5,180,50,12.0,115.75,366.73,50.0,-300.98,-15.65,-13.94,-2.93,-10.81,False,
796,2026-09-18T00:30:47.931842,45,0.07,0.04,2.5,240,50,12.0,115.75,366.73,50.0,-300.98,-15.65,-13.94,-2.93,-10.81,False,
797,2026-09-18T00:30:48.194378,45,0.07,0.04,3.0,60,21,4.76,31.87,154.75,21.0,-143.89,-7.52,-10.32,-1.43,-8.88,False,
798,2026-09-18T00:30:48.453760,45,0.07,0.04,3.0,120,21,4.76,31.87,154.75,21.0,-143.89,-7.52,-10.32,-1.43,-8.88,False,
799,2026-09-18T00:30:48.715247,45,0.07,0.04,3.0,180,21,4.76,31.87,154.75,21.0,-143.89,-7.52,-10.32,-1.43,-8.88,False,
800,2026-09-18T00:30:48.981664,45,0.07,0.04,3.0,240,21,4.76,31.87,154.75,21.0,-143.89,-7.52,-10.32,-1.43,-8.88,False,
801,2026-09-18T00:30:49.231169,45,0.07,0.06,1.5,60,437,5.49,392.46,2767.83,437.0,-2812.37,-83.93,-48.35,-27.33,-15.1,False,
802,2026-09-18T00:30:49.480433,45,0.07,0.06,1.5,120,436,5.73,408.45,2766.47,436.0,-2794.03,-83.69,-47.21,-27.14,-15.06,False,
803,2026-09-18T00:30:49.720544,45,0.07,0.06,1.5,180,436,5.73,408.45,2766.47,436.0,-2794.03,-83.69,-47.21,-27.14,-15.06,False,
804,2026-09-18T00:30:49.969889,45,0.07,0.06,1.5,240,436,5.73,408.45,2766.47,436.0,-2794.03,-83.69,-47.21,-27.14,-15.06,False,
805,2026-09-18T00:30:50.229595,45,0.07,0.06,2.0,60,127,6.3,168.21,902.6,127.0,-861.39,-39.44,-25.26,-8.39,-13.52,False,
806,2026-09-18T00:30:50.492089,45,0.07,0.06,2.0,120,127,7.09,183.94,904.01,127.0,-847.06,-38.9,-24.28,-8.24,-13.37,False,
807,2026-09-18T00:30:50.743503,45,0.07,0.06,2.0,180,127,7.09,183.94,904.01,127.0,-847.06,-38.9,-24.28,-8.24,-13.37,False,
808,2026-09-18T00:30:51.005883,45,0.07,0.06,2.0,240,127,7.09,183.94,904.01,127.0,-847.06,-38.9,-24.28,-8.24,-13.37,False,
809,2026-09-18T00:30:51.269558,45,0.07,0.06,2.5,60,50,10.0,99.91,365.98,50.0,-316.06,-16.4,-16.09,-3.08,-11.38,False,
810,2026-09-18T00:30:51.535596,45,0.07,0.06,2.5,120,50,12.0,115.75,366.73,50.0,-300.98,-15.65,-13.94,-2.93,-10.81,False,
811,2026-09-18T00:30:51.796933,45,0.07,0.06,2.5,180,50,12.0,115.75,366.73,50.0,-300.98,-15.65,-13.94,-2.93,-10.81,False,
812,2026-09-18T00:30:52.061357,45,0.07,0.06,2.5,240,50,12.0,115.75,366.73,50.0,-300.98,-15.65,-13.94,-2.93,-10.81,False,
813,2026-09-18T00:30:52.325182,45,0.07,0.06,3.0,60,21,4.76,31.87,154.75,21.0,-143.89,-7.52,-10.32,-1.43,-8.88,False,
814,2026-09-18T00:30:52.588634,45,0.07,0.06,3.0,120,21,4.76,31.87,154.75,21.0,-143.89,-7.52,-10.32,-1.43,-8.88,False,
815,2026-09-18T00:30:52.856091,45,0.07,0.06,3.0,180,21,4.76,31.87,154.75,21.0,-143.89,-7.52,-10.32,-1.43,-8.88,False,
816,2026-09-18T00:30:53.121286,45,0.07,0.06,3.0,240,21,4.76,31.87,154.75,21.0,-143.89,-7.52,-10.32,-1.43,-8.88,False,
817,2026-09-18T00:30:53.374313,45,0.09,0.02,1.5,60,434,5.53,392.64,2751.93,434.0,-2793.29,-83.68,-47.69,-27.13,-15.08,False,
818,2026-09-18T00:30:53.619649,45,0.09,0.02,1.5,120,433,5.77,408.51,2750.52,433.0,-2775.0,-83.44,-46.6,-26.95,-15.04,False,
819,2026-09-18T00:30:53.866454,45,0.09,0.02,1.5,180,433,5.77,408.51,2750.52,433.0,-2775.0,-83.44,-46.6,-26.95,-15.04,False,
820,2026-09-18T00:30:54.115902,45,0.09,0.02,1.5,240,433,5.77,408.51,2750.52,433.0,-2775.0,-83.44,-46.6,-26.95,-15.04,False,
821,2026-09-18T00:30:54.382222,45,0.09,0.02,2.0,60,126,6.35,168.21,895.83,126.0,-853.62,-39.15,-25.28,-8.31,-13.52,False,
822,2026-09-18T00:30:54.638811,45,0.09,0.02,2.0,120,126,7.14,183.95,897.23,126.0,-839.29,-38.6,-24.29,-8.16,-13.37,False,
823,2026-09-18T00:30:54.889871,45,0.09,0.02,2.0,180,126,7.14,183.95,897.23,126.0,-839.29,-38.6,-24.29,-8.16,-13.37,False,
824,2026-09-18T00:30:55.152976,45,0.09,0.02,2.0,240,126,7.14,183.95,897.23,126.0,-839.29,-38.6,-24.29,-8.16,-13.37,False,
825,2026-09-18T00:30:55.418639,45,0.09,0.02,2.5,60,50,10.0,99.91,365.98,50.0,-316.06,-16.4,-16.09,-3.08,-11.38,False,
826,2026-09-18T00:30:55.678916,45,0.09,0.02,2.5,120,50,12.0,115.75,366.73,50.0,-300.98,-15.65,-13.94,-2.93,-10.81,False,
827,2026-09-18T00:30:55.936154,45,0.09,0.02,2.5,180,50,12.0,115.75,366.73,50.0,-300.98,-15.65,-13.94,-2.93,-10.81,False,
828,2026-09-18T00:30:56.196820,45,0.09,0.02,2.5,240,50,12.0,115.75,366.73,50.0,-300.98,-15.65,-13.94,-2.93,-10.81,False,
829,2026-09-18T00:30:56.457217,45,0.09,0.02,3.0,60,21,4.76,31.87,154.75,21.0,-143.89,-7.52,-10.32,-1.43,-8.88,False,
830,2026-09-18T00:30:56.717364,45,0.09,0.02,3.0,120,21,4.76,31.87,154.75,21.0,-143.89,-7.52,-10.32,-1.43,-8.88,False,
831,2026-09-18T00:30:56.981885,45,0.09,0.02,3.0,180,21,4.76,31.87,154.75,21.0,-143.89,-7.52,-10.32,-1.43,-8.88,False,
832,2026-09-18T00:30:57.250176,45,0.09,0.02,3.0,240,21,4.76,31.87,154.75,21.0,-143.89,-7.52,-10.32,-1.43,-8.88,False,
833,2026-09-18T00:30:57.499763,45,0.09,0.04,1.5,60,434,5.53,392.64,2751.93,434.0,-2793.29,-83.68,-47.69,-27.13,-15.08,False,
834,2026-09-18T00:30:57.740896,45,0.09,0.04,1.5,120,433,5.77,408.51,2750.52,433.0,-2775.0,-83.44,-46.6,-26.95,-15.04,False,
835,2026-09-18T00:30:57.987303,45,0.09,0.04,1.5,180,433,5.77,408.51,2750.52,433.0,-2775.0,-83.44,-46.6,-26.95,-15.04,False,
836,2026-09-18T00:30:58.236848,45,0.09,0.04,1.5,240,433,5.77,408.51,2750.52,433.0,-2775.0,-83.44,-46.6,-26.95,-15.04,False,
837,2026-09-18T00:30:58.499278,45,0.09,0.04,2.0,60,126,6.35,168.21,895.83,126.0,-853.62,-39.15,-25.28,-8.31,-13.52,False,
838,2026-09-18T00:30:58.756113,45,0.09,0.04,2.0,120,126,7.14,183.95,897.23,126.0,-839.29,-38.6,-24.29,-8.16,-13.37,False,
839,2026-09-18T00:30:59.018628,45,0.09,0.04,2.0,180,126,7.14,183.95,897.23,126.0,-839.29,-38.6,-24.29,-8.16,-13.37,False,
840,2026-09-18T00:30:59.273284,45,0.09,0.04,2.0,240,126,7.14,183.95,897.23,126.0,-839.29,-38.6,-24.29,-8.16,-13.37,False,
841,2026-09-18T00:30:59.539061,45,0.09,0.04,2.5,60,50,10.0,99.91,365.98,50.0,-316.06,-16.4,-16.09,-3.08,-11.38,False,
842,2026-09-18T00:30:59.795392,45,0.09,0.04,2.5,120,50,12.0,115.75,366.73,50.0,-300.98,-15.65,-13.94,-2.93,-10.81,False,
843,2026-09-18T00:31:00.061182,45,0.09,0.04,2.5,180,50,12.0,115.75,366.73,50.0,-300.98,-15.65,-13.94,-2.93,-10.81,False,
844,2026-09-18T00:31:00.325720,45,0.09,0.04,2.5,240,50,12.0,115.75,366.73,50.0,-300.98,-15.65,-13.94,-2.93,-10.81,False,
845,2026-09-18T00:31:00.586799,45,0.09,0.04,3.0,60,21,4.76,31.87,154.75,21.0,-143.89,-7.52,-10.32,-1.43,-8.88,False,
846,2026-09-18T00:31:00.849494,45,0.09,0.04,3.0,120,21,4.76,31.87,154.75,21.0,-143.89,-7.52,-10.32,-1.43,-8.88,False,
847,2026-09-18T00:31:01.111744,45,0.09,0.04,3.0,180,21,4.76,31.87,154.75,21.0,-143.89,-7.52,-10.32,-1.43,-8.88,False,
848,2026-09-18T00:31:01.376706,45,0.09,0.04,3.0,240,21,4.76,31.87,154.75,21.0,-143.89,-7.52,-10.32,-1.43,-8.88,False,
849,2026-09-18T00:31:01.616826,45,0.09,0.06,1.5,60,434,5.53,392.64,2751.93,434.0,-2793.29,-83.68,-47.69,-27.13,-15.08,False,
850,2026-09-18T00:31:01.866305,45,0.09,0.06,1.5,120,433,5.77,408.51,2750.52,433.0,-2775.0,-83.44,-46.6,-26.95,-15.04,False,
851,2026-09-18T00:31:02.111376,45,0.09,0.06,1.5,180,433,5.77,408.51,2750.52,433.0,-2775.0,-83.44,-46.6,-26.95,-15.04,False,
852,2026-09-18T00:31:02.356208,45,0.09,0.06,1.5,240,433,5.77,408.51,2750.52,433.0,-2775.0,-83.44,-46.6,-26.95,-15.04,False,
853,2026-09-18T00:31:02.613527,45,0.09,0.06,2.0,60,126,6.35,168.21,895.83,126.0,-853.62,-39.15,-25.28,-8.31,-13.52,False,
854,2026-09-18T00:31:02.870766,45,0.09,0.06,2.0,120,126,7.14,183.95,897.23,126.0,-839.29,-38.6,-24.29,-8.16,-13.37,False,
855,2026-09-18T00:31:03.133298,45,0.09,0.06,2.0,180,126,7.14,183.95,897.23,126.0,-839.29,-38.6,-24.29,-8.16,-13.37,False,
856,2026-09-18T00:31:03.395806,45,0.09,0.06,2.0,240,126,7.14,183.95,897.23,126.0,-839.29,-38.6,-24.29,-8.16,-13.37,False,
857,2026-09-18T00:31:03.651839,45,0.09,0.06,2.5,60,50,10.0,99.91,365.98,50.0,-316.06,-16.4,-16.09,-3.08,-11.38,False,
858,2026-09-18T00:31:03.916602,45,0.09,0.06,2.5,120,50,12.0,115.75,366.73,50.0,-300.98,-15.65,-13.94,-2.93,-10.81,False,
859,2026-09-18T00:31:04.180694,45,0.09,0.06,2.5,180,50,12.0,115.75,366.73,50.0,-300.98,-15.65,-13.94,-2.93,-10.81,False,
860,2026-09-18T00:31:04.447439,45,0.09,0.06,2.5,240,50,12.0,115.75,366.73,50.0,-300.98,-15.65,-13.94,-2.93,-10.81,False,
861,2026-09-18T00:31:04.699709,45,0.09,0.06,3.0,60,21,4.76,31.87,154.75,21.0,-143.89,-7.52,-10.32,-1.43,-8.88,False,
862,2026-09-18T00:31:04.966937,45,0.09,0.06,3.0,120,21,4.76,31.87,154.75,21.0,-143.89,-7.52,-10.32,-1.43,-8.88,False,
863,2026-09-18T00:31:05.233177,45,0.09,0.06,3.0,180,21,4.76,31.87,154.75,21.0,-143.89,-7.52,-10.32,-1.43,-8.88,False,
864,2026-09-18T00:31:05.500121,45,0.09,0.06,3.0,240,21,4.76,31.87,154.75,21.0,-143.89,-7.52,-10.32,-1.43,-8.88,False,
865,2026-09-18T00:31:05.747649,45,0.12,0.02,1.5,60,429,5.59,393.17,2725.87,429.0,-2761.7,-83.27,-46.74,-26.81,-15.05,False,
866,2026-09-18T00:31:05.990101,45,0.12,0.02,1.5,120,427,5.85,409.36,2719.28,427.0,-2736.92,-82.94,-45.03,-26.56,-14.99,False,
867,2026-09-18T00:31:06.239144,45,0.12,0.02,1.5,180,427,5.85,409.36,2719.28,427.0,-2736.92,-82.94,-45.03,-26.56,-14.99,False,
868,2026-09-18T00:31:06.485200,45,0.12,0.02,1.5,240,427,5.85,409.36,2719.28,427.0,-2736.92,-82.94,-45.03,-26.56,-14.99,False,
869,2026-09-18T00:31:06.731587,45,0.12,0.02,2.0,60,124,6.45,168.23,882.36,124.0,-838.13,-38.56,-23.51,-8.15,-13.31,False,
870,2026-09-18T00:31:06.988823,45,0.12,0.02,2.0,120,124,7.26,184.5,883.78,124.0,-823.28,-37.98,-22.61,-8.0,-13.15,False,
871,2026-09-18T00:31:07.238057,45,0.12,0.02,2.0,180,124,7.26,184.5,883.78,124.0,-823.28,-37.98,-22.61,-8.0,-13.15,False,
872,2026-09-18T00:31:07.492402,45,0.12,0.02,2.0,240,124,7.26,184.5,883.78,124.0,-823.28,-37.98,-22.61,-8.0,-13.15,False,
873,2026-09-18T00:31:07.739100,45,0.12,0.02,2.5,60,49,10.2,99.95,358.82,49.0,-307.87,-16.0,-14.87,-3.0,-11.07,False,
874,2026-09-18T00:31:07.998861,45,0.12,0.02,2.5,120,49,12.24,116.34,359.59,49.0,-292.26,-15.22,-12.91,-2.84,-10.48,False,
875,2026-09-18T00:31:08.253885,45,0.12,0.02,2.5,180,49,12.24,116.34,359.59,49.0,-292.26,-15.22,-12.91,-2.84,-10.48,False,
876,2026-09-18T00:31:08.516662,45,0.12,0.02,2.5,240,49,12.24,116.34,359.59,49.0,-292.26,-15.22,-12.91,-2.84,-10.48,False,
877,2026-09-18T00:31:08.779975,45,0.12,0.02,3.0,60,21,4.76,31.87,154.75,21.0,-143.89,-7.52,-10.32,-1.43,-8.88,False,
878,2026-09-18T00:31:09.031437,45,0.12,0.02,3.0,120,21,4.76,31.87,154.75,21.0,-143.89,-7.52,-10.32,-1.43,-8.88,False,
879,2026-09-18T00:31:09.288198,45,0.12,0.02,3.0,180,21,4.76,31.87,154.75,21.0,-143.89,-7.52,-10.32,-1.43,-8.88,False,
880,2026-09-18T00:31:09.550769,45,0.12,0.02,3.0,240,21,4.76,31.87,154.75,21.0,-143.89,-7.52,-10.32,-1.43,-8.88,False,
881,2026-09-18T00:31:09.794901,45,0.12,0.04,1.5,60,429,5.59,393.17,2725.87,429.0,-2761.7,-83.27,-46.74,-26.81,-15.05,False,
882,2026-09-18T00:31:10.043600,45,0.12,0.04,1.5,120,427,5.85,409.36,2719.28,427.0,-2736.92,-82.94,-45.03,-26.56,-14.99,False,
883,2026-09-18T00:31:10.289614,45,0.12,0.04,1.5,180,427,5.85,409.36,2719.28,427.0,-2736.92,-82.94,-45.03,-26.56,-14.99,False,
884,2026-09-18T00:31:10.538575,45,0.12,0.04,1.5,240,427,5.85,409.36,2719.28,427.0,-2736.92,-82.94,-45.03,-26.56,-14.99,False,
885,2026-09-18T00:31:10.790976,45,0.12,0.04,2.0,60,124,6.45,168.23,882.36,124.0,-838.13,-38.56,-23.51,-8.15,-13.31,False,
886,2026-09-18T00:31:11.052559,45,0.12,0.04,2.0,120,124,7.26,184.5,883.78,124.0,-823.28,-37.98,-22.61,-8.0,-13.15,False,
887,2026-09-18T00:31:11.314306,45,0.12,0.04,2.0,180,124,7.26,184.5,883.78,124.0,-823.28,-37.98,-22.61,-8.0,-13.15,False,
888,2026-09-18T00:31:11.571601,45,0.12,0.04,2.0,240,124,7.26,184.5,883.78,124.0,-823.28,-37.98,-22.61,-8.0,-13.15,False,
889,2026-09-18T00:31:11.834097,45,0.12,0.04,2.5,60,49,10.2,99.95,358.82,49.0,-307.87,-16.0,-14.87,-3.0,-11.07,False,
890,2026-09-18T00:31:12.088706,45,0.12,0.04,2.5,120,49,12.24,116.34,359.59,49.0,-292.26,-15.22,-12.91,-2.84,-10.48,False,
891,2026-09-18T00:31:12.353380,45,0.12,0.04,2.5,180,49,12.24,116.34,359.59,49.0,-292.26,-15.22,-12.91,-2.84,-10.48,False,
892,2026-09-18T00:31:12.613123,45,0.12,0.04,2.5,240,49,12.24,116.34,359.59,49.0,-292.26,-15.22,-12.91,-2.84,-10.48,False,
893,2026-09-18T00:31:12.878962,45,0.12,0.04,3.0,60,21,4.76,31.87,154.75,21.0,-143.89,-7.52,-10.32,-1.43,-8.88,False,
894,2026-09-18T00:31:13.141731,45,0.12,0.04,3.0,120,21,4.76,31.87,154.75,21.0,-143.89,-7.52,-10.32,-1.43,-8.88,False,
895,2026-09-18T00:31:13.407256,45,0.12,0.04,3.0,180,21,4.76,31.87,154.75,21.0,-143.89,-7.52,-10.32,-1.43,-8.88,False,
896,2026-09-18T00:31:13.663505,45,0.12,0.04,3.0,240,21,4.76,31.87,154.75,21.0,-143.89,-7.52,-10.32,-1.43,-8.88,False,
897,2026-09-18T00:31:13.908381,45,0.12,0.06,1.5,60,429,5.59,393.17,2725.87,429.0,-2761.7,-83.27,-46.74,-26.81,-15.05,False,
898,2026-09-18T00:31:14.157362,45,0.12,0.06,1.5,120,427,5.85,409.36,2719.28,427.0,-2736.92,-82.94,-45.03,-26.56,-14.99,False,
899,2026-09-18T00:31:14.406941,45,0.12,0.06,1.5,180,427,5.85,409.36,2719.28,427.0,-2736.92,-82.94,-45.03,-26.56,-14.99,False,
900,2026-09-18T00:31:14.650714,45,0.12,0.06,1.5,240,427,5.85,409.36,2719.28,427.0,-2736.92,-82.94,-45.03,-26.56,-14.99,False,
901,2026-09-18T00:31:14.906847,45,0.12,0.06,2.0,60,124,6.45,168.23,882.36,124.0,-838.13,-38.56,-23.51,-8.15,-13.31,False,
902,2026-09-18T00:31:15.165295,45,0.12,0.06,2.0,120,124,7.26,184.5,883.78,124.0,-823.28,-37.98,-22.61,-8.0,-13.15,False,
903,2026-09-18T00:31:15.413616,45,0.12,0.06,2.0,180,124,7.26,184.5,883.78,124.0,-823.28,-37.98,-22.61,-8.0,-13.15,False,
904,2026-09-18T00:31:15.670273,45,0.12,0.06,2.0,240,124,7.26,184.5,883.78,124.0,-823.28,-37.98,-22.61,-8.0,-13.15,False,
905,2026-09-18T00:31:15.924923,45,0.12,0.06,2.5,60,49,10.2,99.95,358.82,49.0,-307.87,-16.0,-14.87,-3.0,-11.07,False,
906,2026-09-18T00:31:16.185878,45,0.12,0.06,2.5,120,49,12.24,116.34,359.59,49.0,-292.26,-15.22,-12.91,-2.84,-10.48,False,
907,2026-09-18T00:31:16.450977,45,0.12,0.06,2.5,180,49,12.24,116.34,359.59,49.0,-292.26,-15.22,-12.91,-2.84,-10.48,False,
908,2026-09-18T00:31:16.712893,45,0.12,0.06,2.5,240,49,12.24,116.34,359.59,49.0,-292.26,-15.22,-12.91,-2.84,-10.48,False,
909,2026-09-18T00:31:16.975924,45,0.12,0.06,3.0,60,21,4.76,31.87,154.75,21.0,-143.89,-7.52,-10.32,-1.43,-8.88,False,
910,2026-09-18T00:31:17.238143,45,0.12,0.06,3.0,120,21,4.76,31.87,154.75,21.0,-143.89,-7.52,-10.32,-1.43,-8.88,False,
911,2026-09-18T00:31:17.504442,45,0.12,0.06,3.0,180,21,4.76,31.87,154.75,21.0,-143.89,-7.52,-10.32,-1.43,-8.88,False,
912,2026-09-18T00:31:17.762158,45,0.12,0.06,3.0,240,21,4.76,31.87,154.75,21.0,-143.89,-7.52,-10.32,-1.43,-8.88,False,
913,2026-09-18T00:31:18.011263,45,0.15,0.02,1.5,60,428,5.61,393.35,2720.69,428.0,-2755.34,-83.18,-46.39,-26.75,-15.04,False,
914,2026-09-18T00:31:18.264371,45,0.15,0.02,1.5,120,426,5.87,409.55,2714.08,426.0,-2730.53,-82.85,-44.7,-26.5,-14.98,False,
915,2026-09-18T00:31:18.503344,45,0.15,0.02,1.5,180,426,5.87,409.55,2714.08,426.0,-2730.53,-82.85,-44.7,-26.5,-14.98,False,
916,2026-09-18T00:31:18.744946,45,0.15,0.02,1.5,240,426,5.87,409.55,2714.08,426.0,-2730.53,-82.85,-44.7,-26.5,-14.98,False,
917,2026-09-18T00:31:19.006243,45,0.15,0.02,2.0,60,123,6.5,168.29,875.65,123.0,-830.36,-38.26,-23.12,-8.07,-13.25,False,
918,2026-09-18T00:31:19.270584,45,0.15,0.02,2.0,120,123,7.32,184.57,877.06,123.0,-815.49,-37.68,-22.24,-7.93,-13.08,False,
919,2026-09-18T00:31:19.533762,45,0.15,0.02,2.0,180,123,7.32,184.57,877.06,123.0,-815.49,-37.68,-22.24,-7.93,-13.08,False,
920,2026-09-18T00:31:19.790358,45,0.15,0.02,2.0,240,123,7.32,184.57,877.06,123.0,-815.49,-37.68,-22.24,-7.93,-13.08,False,
921,2026-09-18T00:31:20.052436,45,0.15,0.02,2.5,60,48,10.42,99.98,351.69,48.0,-299.71,-15.59,-14.33,-2.92,-10.85,False,
922,2026-09-18T00:31:20.321496,45,0.15,0.02,2.5,120,48,12.5,116.37,352.45,48.0,-284.08,-14.81,-12.45,-2.76,-10.26,False,
923,2026-09-18T00:31:20.577987,45,0.15,0.02,2.5,180,48,12.5,116.37,352.45,48.0,-284.08,-14.81,-12.45,-2.76,-10.26,False,
924,2026-09-18T00:31:20.842980,45,0.15,0.02,2.5,240,48,12.5,116.37,352.45,48.0,-284.08,-14.81,-12.45,-2.76,-10.26,False,
925,2026-09-18T00:31:21.112572,45,0.15,0.02,3.0,60,21,4.76,31.73,154.75,21.0,-144.02,-7.53,-10.35,-1.43,-8.89,False,
926,2026-09-18T00:31:21.379027,45,0.15,0.02,3.0,120,21,4.76,31.73,154.75,21.0,-144.02,-7.53,-10.35,-1.43,-8.89,False,
927,2026-09-18T00:31:21.639244,45,0.15,0.02,3.0,180,21,4.76,31.73,154.75,21.0,-144.02,-7.53,-10.35,-1.43,-8.89,False,
928,2026-09-18T00:31:21.902169,45,0.15,0.02,3.0,240,21,4.76,31.73,154.75,21.0,-144.02,-7.53,-10.35,-1.43,-8.89,False,
929,2026-09-18T00:31:22.151302,45,0.15,0.04,1.5,60,428,5.61,393.35,2720.69,428.0,-2755.34,-83.18,-46.39,-26.75,-15.04,False,
930,2026-09-18T00:31:22.390867,45,0.15,0.04,1.5,120,426,5.87,409.55,2714.08,426.0,-2730.53,-82.85,-44.7,-26.5,-14.98,False,
931,2026-09-18T00:31:22.634267,45,0.15,0.04,1.5,180,426,5.87,409.55,2714.08,426.0,-2730.53,-82.85,-44.7,-26.5,-14.98,False,
932,2026-09-18T00:31:22.879906,45,0.15,0.04,1.5,240,426,5.87,409.55,2714.08,426.0,-2730.53,-82.85,-44.7,-26.5,-14.98,False,
933,2026-09-18T00:31:23.142254,45,0.15,0.04,2.0,60,123,6.5,168.29,875.65,123.0,-830.36,-38.26,-23.12,-8.07,-13.25,False,
934,2026-09-18T00:31:23.400463,45,0.15,0.04,2.0,120,123,7.32,184.57,877.06,123.0,-815.49,-37.68,-22.24,-7.93,-13.08,False,
935,2026-09-18T00:31:23.655543,45,0.15,0.04,2.0,180,123,7.32,184.57,877.06,123.0,-815.49,-37.68,-22.24,-7.93,-13.08,False,
936,2026-09-18T00:31:23.917641,45,0.15,0.04,2.0,240,123,7.32,184.57,877.06,123.0,-815.49,-37.68,-22.24,-7.93,-13.08,False,
937,2026-09-18T00:31:24.179501,45,0.15,0.04,2.5,60,48,10.42,99.98,351.69,48.0,-299.71,-15.59,-14.33,-2.92,-10.85,False,
938,2026-09-18T00:31:24.445721,45,0.15,0.04,2.5,120,48,12.5,116.37,352.45,48.0,-284.08,-14.81,-12.45,-2.76,-10.26,False,
939,2026-09-18T00:31:24.699711,45,0.15,0.04,2.5,180,48,12.5,116.37,352.45,48.0,-284.08,-14.81,-12.45,-2.76,-10.26,False,
940,2026-09-18T00:31:24.965343,45,0.15,0.04,2.5,240,48,12.5,116.37,352.45,48.0,-284.08,-14.81,-12.45,-2.76,-10.26,False,
941,2026-09-18T00:31:25.231552,45,0.15,0.04,3.0,60,21,4.76,31.73,154.75,21.0,-144.02,-7.53,-10.35,-1.43,-8.89,False,
942,2026-09-18T00:31:25.496829,45,0.15,0.04,3.0,120,21,4.76,31.73,154.75,21.0,-144.02,-7.53,-10.35,-1.43,-8.89,False,
943,2026-09-18T00:31:25.755571,45,0.15,0.04,3.0,180,21,4.76,31.73,154.75,21.0,-144.02,-7.53,-10.35,-1.43,-8.89,False,
944,2026-09-18T00:31:26.006135,45,0.15,0.04,3.0,240,21,4.76,31.73,154.75,21.0,-144.02,-7.53,-10.35,-1.43,-8.89,False,
945,2026-09-18T00:31:26.255131,45,0.15,0.06,1.5,60,428,5.61,393.35,2720.69,428.0,-2755.34,-83.18,-46.39,-26.75,-15.04,False,
946,2026-09-18T00:31:26.503908,45,0.15,0.06,1.5,120,426,5.87,409.55,2714.08,426.0,-2730.53,-82.85,-44.7,-26.5,-14.98,False,
947,2026-09-18T00:31:26.748129,45,0.15,0.06,1.5,180,426,5.87,409.55,2714.08,426.0,-2730.53,-82.85,-44.7,-26.5,-14.98,False,
948,2026-09-18T00:31:26.997743,45,0.15,0.06,1.5,240,426,5.87,409.55,2714.08,426.0,-2730.53,-82.85,-44.7,-26.5,-14.98,False,
949,2026-09-18T00:31:27.260111,45,0.15,0.06,2.0,60,123,6.5,168.29,875.65,123.0,-830.36,-38.26,-23.12,-8.07,-13.25,False,
950,2026-09-18T00:31:27.517869,45,0.15,0.06,2.0,120,123,7.32,184.57,877.06,123.0,-815.49,-37.68,-22.24,-7.93,-13.08,False,
951,2026-09-18T00:31:27.768382,45,0.15,0.06,2.0,180,123,7.32,184.57,877.06,123.0,-815.49,-37.68,-22.24,-7.93,-13.08,False,
952,2026-09-18T00:31:28.030973,45,0.15,0.06,2.0,240,123,7.32,184.57,877.06,123.0,-815.49,-37.68,-22.24,-7.93,-13.08,False,
953,2026-09-18T00:31:28.295269,45,0.15,0.06,2.5,60,48,10.42,99.98,351.69,48.0,-299.71,-15.59,-14.33,-2.92,-10.85,False,
954,2026-09-18T00:31:28.559394,45,0.15,0.06,2.5,120,48,12.5,116.37,352.45,48.0,-284.08,-14.81,-12.45,-2.76,-10.26,False,
955,2026-09-18T00:31:28.820467,45,0.15,0.06,2.5,180,48,12.5,116.37,352.45,48.0,-284.08,-14.81,-12.45,-2.76,-10.26,False,
956,2026-09-18T00:31:29.078537,45,0.15,0.06,2.5,240,48,12.5,116.37,352.45,48.0,-284.08,-14.81,-12.45,-2.76,-10.26,False,
957,2026-09-18T00:31:29.344234,45,0.15,0.06,3.0,60,21,4.76,31.73,154.75,21.0,-144.02,-7.53,-10.35,-1.43,-8.89,False,
958,2026-09-18T00:31:29.603997,45,0.15,0.06,3.0,120,21,4.76,31.73,154.75,21.0,-144.02,-7.53,-10.35,-1.43,-8.89,False,
959,2026-09-18T00:31:29.871631,45,0.15,0.06,3.0,180,21,4.76,31.73,154.75,21.0,-144.02,-7.53,-10.35,-1.43,-8.89,False,
960,2026-09-18T00:31:30.137277,45,0.15,0.06,3.0,240,21,4.76,31.73,154.75,21.0,-144.02,-7.53,-10.35,-1.43,-8.89,False,
