iteration,timestamp,short_window,long_window,ma_type,rsi_filter,vol_confirm,atr_sizing,regime_filter,cagr,sharpe,max_dd,sortino,calmar,win_year_pct,ml_accuracy,vol_pct,skewness,kurt,gate_passed,notes,strategy,asset,breakout_window,take_profit,stop_loss,vol_mult,max_hold_bars,n_trades,win_rate,gross_pnl,total_fees,total_slippage,net_pnl
1,2026-09-18T07:59:09.085620,,,,,,,,-31.6162,-80.1144,-2.0892,-15.5928,,,,,,,False,,cex_momentum,BTC/USDT,10.0,0.004,0.003,1.5,30.0,423.0,8.51,-4.9922,125.4361,83.6241,-214.0525
2,2026-09-18T07:59:09.161104,,,,,,,,-31.0553,-81.5836,-2.0447,-15.6026,,,,,,,False,,cex_momentum,BTC/USDT,10.0,0.004,0.003,1.5,60.0,414.0,8.21,-4.9514,122.7953,81.8636,-209.6104
3,2026-09-18T07:59:09.238713,,,,,,,,-31.0553,-81.5836,-2.0447,-15.6026,,,,,,,False,,cex_momentum,BTC/USDT,10.0,0.004,0.003,1.5,90.0,414.0,8.21,-4.9514,122.7953,81.8636,-209.6104
4,2026-09-18T07:59:09.315527,,,,,,,,-31.0553,-81.5836,-2.0447,-15.6026,,,,,,,False,,cex_momentum,BTC/USDT,10.0,0.004,0.003,1.5,120.0,414.0,8.21,-4.9514,122.7953,81.8636,-209.6104
5,2026-09-18T07:59:09.399938,,,,,,,,-26.7322,-65.1366,-1.7132,-15.4541,,,,,,,False,,cex_momentum,BTC/USDT,10.0,0.004,0.003,2.0,30.0,351.0,8.83,-3.0254,104.2843,69.5229,-176.8326
6,2026-09-18T07:59:09.482463,,,,,,,,-26.2403,-65.8955,-1.6767,-15.4633,,,,,,,False,,cex_momentum,BTC/USDT,10.0,0.004,0.003,2.0,60.0,343.0,8.16,-3.3035,101.926,67.9506,-173.1801
7,2026-09-18T07:59:09.561115,,,,,,,,-26.2403,-65.8955,-1.6767,-15.4633,,,,,,,False,,cex_momentum,BTC/USDT,10.0,0.004,0.003,2.0,90.0,343.0,8.16,-3.3035,101.926,67.9506,-173.1801
8,2026-09-18T07:59:09.642008,,,,,,,,-26.2403,-65.8955,-1.6767,-15.4633,,,,,,,False,,cex_momentum,BTC/USDT,10.0,0.004,0.003,2.0,120.0,343.0,8.16,-3.3035,101.926,67.9506,-173.1801
9,2026-09-18T07:59:09.726962,,,,,,,,-22.7242,-56.0008,-1.422,-15.3135,,,,,,,False,,cex_momentum,BTC/USDT,10.0,0.004,0.003,2.5,30.0,287.0,8.36,-2.6699,85.4092,56.9395,-145.0186
10,2026-09-18T07:59:09.810830,,,,,,,,-22.5221,-56.7381,-1.4077,-15.3272,,,,,,,False,,cex_momentum,BTC/USDT,10.0,0.004,0.003,2.5,60.0,283.0,7.42,-3.2157,84.2236,56.1491,-143.5883
11,2026-09-18T07:59:09.890064,,,,,,,,-22.5221,-56.7381,-1.4077,-15.3272,,,,,,,False,,cex_momentum,BTC/USDT,10.0,0.004,0.003,2.5,90.0,283.0,7.42,-3.2157,84.2236,56.1491,-143.5883
12,2026-09-18T07:59:09.969626,,,,,,,,-22.5221,-56.7381,-1.4077,-15.3272,,,,,,,False,,cex_momentum,BTC/USDT,10.0,0.004,0.003,2.5,120.0,283.0,7.42,-3.2157,84.2236,56.1491,-143.5883
13,2026-09-18T07:59:10.052262,,,,,,,,-20.0869,-52.1009,-1.238,-15.2316,,,,,,,False,,cex_momentum,BTC/USDT,10.0,0.004,0.003,3.0,30.0,252.0,8.73,-0.3621,75.0663,50.0442,-125.4726
14,2026-09-18T07:59:10.133570,,,,,,,,-19.9358,-52.104,-1.2276,-15.2316,,,,,,,False,,cex_momentum,BTC/USDT,10.0,0.004,0.003,3.0,60.0,249.0,7.63,-0.8107,74.1755,49.4503,-124.4366
15,2026-09-18T07:59:10.213905,,,,,,,,-19.9358,-52.104,-1.2276,-15.2316,,,,,,,False,,cex_momentum,BTC/USDT,10.0,0.004,0.003,3.0,90.0,249.0,7.63,-0.8107,74.1755,49.4503,-124.4366
16,2026-09-18T07:59:10.295398,,,,,,,,-19.9358,-52.104,-1.2276,-15.2316,,,,,,,False,,cex_momentum,BTC/USDT,10.0,0.004,0.003,3.0,120.0,249.0,7.63,-0.8107,74.1755,49.4503,-124.4366
49,2026-09-18T07:59:10.374878,,,,,,,,-30.782,-71.0881,-2.0232,-15.5193,,,,,,,False,,cex_momentum,BTC/USDT,10.0,0.007,0.003,1.5,30.0,410.0,6.34,-4.7919,121.6227,81.0818,-207.4965
50,2026-09-18T07:59:10.454133,,,,,,,,-29.8427,-72.1323,-1.9498,-15.5291,,,,,,,False,,cex_momentum,BTC/USDT,10.0,0.007,0.003,1.5,60.0,396.0,6.06,-4.5364,117.5115,78.341,-200.3889
51,2026-09-18T07:59:10.532696,,,,,,,,-29.862,-71.8295,-1.9513,-15.5263,,,,,,,False,,cex_momentum,BTC/USDT,10.0,0.007,0.003,1.5,90.0,396.0,6.06,-4.6881,117.5107,78.3405,-200.5393
52,2026-09-18T07:59:10.608852,,,,,,,,-29.862,-71.8295,-1.9513,-15.5263,,,,,,,False,,cex_momentum,BTC/USDT,10.0,0.007,0.003,1.5,120.0,396.0,6.06,-4.6881,117.5107,78.3405,-200.5393
53,2026-09-18T07:59:10.690615,,,,,,,,-25.8179,-57.6963,-1.6455,-15.3444,,,,,,,False,,cex_momentum,BTC/USDT,10.0,0.007,0.003,2.0,30.0,340.0,7.06,-1.6527,101.0455,67.3637,-170.0618
54,2026-09-18T07:59:10.773160,,,,,,,,-25.0599,-58.9164,-1.5899,-15.3651,,,,,,,False,,cex_momentum,BTC/USDT,10.0,0.007,0.003,2.0,60.0,329.0,6.08,-1.5044,97.8027,65.2018,-164.5089
55,2026-09-18T07:59:10.853502,,,,,,,,-25.0806,-58.6687,-1.5914,-15.3609,,,,,,,False,,cex_momentum,BTC/USDT,10.0,0.007,0.003,2.0,90.0,329.0,6.08,-1.6564,97.802,65.2014,-164.6597
56,2026-09-18T07:59:10.938688,,,,,,,,-25.0806,-58.6687,-1.5914,-15.3609,,,,,,,False,,cex_momentum,BTC/USDT,10.0,0.007,0.003,2.0,120.0,329.0,6.08,-1.6564,97.802,65.2014,-164.6597
57,2026-09-18T07:59:11.022429,,,,,,,,-22.0993,-50.0458,-1.3778,-15.1812,,,,,,,False,,cex_momentum,BTC/USDT,10.0,0.007,0.003,2.5,30.0,279.0,6.45,-2.1976,83.0462,55.3641,-140.6079
58,2026-09-18T07:59:11.106332,,,,,,,,-21.8886,-50.5318,-1.363,-15.1936,,,,,,,False,,cex_momentum,BTC/USDT,10.0,0.007,0.003,2.5,60.0,275.0,5.09,-2.6956,81.8594,54.573,-139.128
59,2026-09-18T07:59:11.188659,,,,,,,,-21.8886,-50.5318,-1.363,-15.1936,,,,,,,False,,cex_momentum,BTC/USDT,10.0,0.007,0.003,2.5,90.0,275.0,5.09,-2.6956,81.8594,54.573,-139.128
60,2026-09-18T07:59:11.266862,,,,,,,,-21.8886,-50.5318,-1.363,-15.1936,,,,,,,False,,cex_momentum,BTC/USDT,10.0,0.007,0.003,2.5,120.0,275.0,5.09,-2.6956,81.8594,54.573,-139.128
61,2026-09-18T07:59:11.352244,,,,,,,,-19.1611,-42.9589,-1.1748,-14.9547,,,,,,,False,,cex_momentum,BTC/USDT,10.0,0.007,0.003,3.0,30.0,242.0,7.02,1.0271,72.1072,48.0715,-119.1516
62,2026-09-18T07:59:11.436990,,,,,,,,-19.0058,-42.8175,-1.1642,-14.9491,,,,,,,False,,cex_momentum,BTC/USDT,10.0,0.007,0.003,3.0,60.0,239.0,5.44,0.5939,71.2154,47.477,-118.0985
63,2026-09-18T07:59:11.516868,,,,,,,,-19.0058,-42.8175,-1.1642,-14.9491,,,,,,,False,,cex_momentum,BTC/USDT,10.0,0.007,0.003,3.0,90.0,239.0,5.44,0.5939,71.2154,47.477,-118.0985
64,2026-09-18T07:59:11.597964,,,,,,,,-19.0058,-42.8175,-1.1642,-14.9491,,,,,,,False,,cex_momentum,BTC/USDT,10.0,0.007,0.003,3.0,120.0,239.0,5.44,0.5939,71.2154,47.477,-118.0985
65,2026-09-18T07:59:11.677299,,,,,,,,-30.9981,-69.3711,-2.0402,-15.5021,,,,,,,False,,cex_momentum,BTC/USDT,10.0,0.007,0.006,1.5,30.0,410.0,6.34,-6.5048,121.6158,81.0772,-209.1977
66,2026-09-18T07:59:11.757579,,,,,,,,-30.0617,-70.1159,-1.9668,-15.5097,,,,,,,False,,cex_momentum,BTC/USDT,10.0,0.007,0.006,1.5,60.0,396.0,6.06,-6.2504,117.5046,78.3364,-202.0914
67,2026-09-18T07:59:11.840021,,,,,,,,-30.081,-69.8557,-1.9683,-15.5071,,,,,,,False,,cex_momentum,BTC/USDT,10.0,0.007,0.006,1.5,90.0,396.0,6.06,-6.402,117.5038,78.3359,-202.2417
68,2026-09-18T07:59:11.914903,,,,,,,,-30.081,-69.8557,-1.9683,-15.5071,,,,,,,False,,cex_momentum,BTC/USDT,10.0,0.007,0.006,1.5,120.0,396.0,6.06,-6.402,117.5038,78.3359,-202.2417
69,2026-09-18T07:59:11.997031,,,,,,,,-25.9109,-56.1759,-1.6523,-15.3168,,,,,,,False,,cex_momentum,BTC/USDT,10.0,0.007,0.006,2.0,30.0,340.0,7.06,-2.3406,101.044,67.3627,-170.7473
70,2026-09-18T07:59:12.079238,,,,,,,,-25.1539,-57.0899,-1.5968,-15.3336,,,,,,,False,,cex_momentum,BTC/USDT,10.0,0.007,0.006,2.0,60.0,329.0,6.08,-2.1928,97.8012,65.2008,-165.1947
71,2026-09-18T07:59:12.157642,,,,,,,,-25.1746,-56.8732,-1.5983,-15.3297,,,,,,,False,,cex_momentum,BTC/USDT,10.0,0.007,0.006,2.0,90.0,329.0,6.08,-2.3447,97.8006,65.2004,-165.3456
72,2026-09-18T07:59:12.234771,,,,,,,,-25.1746,-56.8732,-1.5983,-15.3297,,,,,,,False,,cex_momentum,BTC/USDT,10.0,0.007,0.006,2.0,120.0,329.0,6.08,-2.3447,97.8006,65.2004,-165.3456
73,2026-09-18T07:59:12.319201,,,,,,,,-22.1149,-49.3518,-1.3789,-15.1628,,,,,,,False,,cex_momentum,BTC/USDT,10.0,0.007,0.006,2.5,30.0,279.0,6.45,-2.3075,83.046,55.364,-140.7175
74,2026-09-18T07:59:12.403670,,,,,,,,-21.9042,-49.803,-1.3641,-15.1748,,,,,,,False,,cex_momentum,BTC/USDT,10.0,0.007,0.006,2.5,60.0,275.0,5.09,-2.8055,81.8592,54.5728,-139.2376
75,2026-09-18T07:59:12.492583,,,,,,,,-21.9042,-49.803,-1.3641,-15.1748,,,,,,,False,,cex_momentum,BTC/USDT,10.0,0.007,0.006,2.5,90.0,275.0,5.09,-2.8055,81.8592,54.5728,-139.2376
76,2026-09-18T07:59:12.571424,,,,,,,,-21.9042,-49.803,-1.3641,-15.1748,,,,,,,False,,cex_momentum,BTC/USDT,10.0,0.007,0.006,2.5,120.0,275.0,5.09,-2.8055,81.8592,54.5728,-139.2376
77,2026-09-18T07:59:12.656024,,,,,,,,-19.2111,-42.7779,-1.1782,-14.9476,,,,,,,False,,cex_momentum,BTC/USDT,10.0,0.007,0.006,3.0,30.0,242.0,7.02,0.6864,72.1068,48.0712,-119.4915
78,2026-09-18T07:59:12.740639,,,,,,,,-19.056,-42.6261,-1.1676,-14.9415,,,,,,,False,,cex_momentum,BTC/USDT,10.0,0.007,0.006,3.0,60.0,239.0,5.44,0.2532,71.215,47.4767,-118.4385
79,2026-09-18T07:59:12.820675,,,,,,,,-19.056,-42.6261,-1.1676,-14.9415,,,,,,,False,,cex_momentum,BTC/USDT,10.0,0.007,0.006,3.0,90.0,239.0,5.44,0.2532,71.215,47.4767,-118.4385
80,2026-09-18T07:59:12.900137,,,,,,,,-19.056,-42.6261,-1.1676,-14.9415,,,,,,,False,,cex_momentum,BTC/USDT,10.0,0.007,0.006,3.0,120.0,239.0,5.44,0.2532,71.215,47.4767,-118.4385
97,2026-09-18T07:59:12.978878,,,,,,,,-30.5034,-65.7637,-2.0013,-15.4617,,,,,,,False,,cex_momentum,BTC/USDT,10.0,0.01,0.003,1.5,30.0,406.0,6.16,-4.5636,120.4487,80.2991,-205.3114
98,2026-09-18T07:59:13.059267,,,,,,,,-29.2612,-61.9819,-1.9048,-15.4121,,,,,,,False,,cex_momentum,BTC/USDT,10.0,0.01,0.003,1.5,60.0,391.0,5.88,-2.4833,116.0464,77.3643,-195.894
99,2026-09-18T07:59:13.135701,,,,,,,,-29.2807,-61.773,-1.9063,-15.4091,,,,,,,False,,cex_momentum,BTC/USDT,10.0,0.01,0.003,1.5,90.0,391.0,5.88,-2.635,116.0457,77.3638,-196.0444
100,2026-09-18T07:59:13.211393,,,,,,,,-29.2807,-61.773,-1.9063,-15.4091,,,,,,,False,,cex_momentum,BTC/USDT,10.0,0.01,0.003,1.5,120.0,391.0,5.88,-2.635,116.0457,77.3638,-196.0444
101,2026-09-18T07:59:13.293866,,,,,,,,-25.9068,-57.2405,-1.652,-15.3363,,,,,,,False,,cex_momentum,BTC/USDT,10.0,0.01,0.003,2.0,30.0,337.0,6.53,-3.7954,100.153,66.7687,-170.7171
102,2026-09-18T07:59:13.376507,,,,,,,,-25.023,-56.5746,-1.5872,-15.3242,,,,,,,False,,cex_momentum,BTC/USDT,10.0,0.01,0.003,2.0,60.0,325.0,5.54,-3.2148,96.6149,64.4099,-164.2397
103,2026-09-18T07:59:13.458897,,,,,,,,-25.0437,-56.3573,-1.5887,-15.3202,,,,,,,False,,cex_momentum,BTC/USDT,10.0,0.01,0.003,2.0,90.0,325.0,5.54,-3.3667,96.6143,64.4095,-164.3905
104,2026-09-18T07:59:13.536900,,,,,,,,-25.0437,-56.3573,-1.5887,-15.3202,,,,,,,False,,cex_momentum,BTC/USDT,10.0,0.01,0.003,2.0,120.0,325.0,5.54,-3.3667,96.6143,64.4095,-164.3905
105,2026-09-18T07:59:13.621875,,,,,,,,-22.0208,-49.0427,-1.3723,-15.1544,,,,,,,False,,cex_momentum,BTC/USDT,10.0,0.01,0.003,2.5,30.0,275.0,5.82,-3.625,81.8585,54.5723,-140.0557
106,2026-09-18T07:59:13.706054,,,,,,,,-21.623,-47.5994,-1.3444,-15.1132,,,,,,,False,,cex_momentum,BTC/USDT,10.0,0.01,0.003,2.5,60.0,269.0,4.46,-3.8019,80.0801,53.3867,-137.2687
107,2026-09-18T07:59:13.784247,,,,,,,,-21.623,-47.5994,-1.3444,-15.1132,,,,,,,False,,cex_momentum,BTC/USDT,10.0,0.01,0.003,2.5,90.0,269.0,4.46,-3.8019,80.0801,53.3867,-137.2687
108,2026-09-18T07:59:13.863487,,,,,,,,-21.623,-47.5994,-1.3444,-15.1132,,,,,,,False,,cex_momentum,BTC/USDT,10.0,0.01,0.003,2.5,120.0,269.0,4.46,-3.8019,80.0801,53.3867,-137.2687
109,2026-09-18T07:59:13.946460,,,,,,,,-19.0647,-41.9421,-1.1682,-14.9136,,,,,,,False,,cex_momentum,BTC/USDT,10.0,0.01,0.003,3.0,30.0,240.0,6.67,0.6938,71.5151,47.6767,-118.498
110,2026-09-18T07:59:14.032149,,,,,,,,-18.8852,-41.5226,-1.1561,-14.8958,,,,,,,False,,cex_momentum,BTC/USDT,10.0,0.01,0.003,3.0,60.0,236.0,5.08,-0.0712,70.326,46.884,-117.2811
111,2026-09-18T07:59:14.111180,,,,,,,,-18.8852,-41.5226,-1.1561,-14.8958,,,,,,,False,,cex_momentum,BTC/USDT,10.0,0.01,0.003,3.0,90.0,236.0,5.08,-0.0712,70.326,46.884,-117.2811
112,2026-09-18T07:59:14.188959,,,,,,,,-18.8852,-41.5226,-1.1561,-14.8958,,,,,,,False,,cex_momentum,BTC/USDT,10.0,0.01,0.003,3.0,120.0,236.0,5.08,-0.0712,70.326,46.884,-117.2811
113,2026-09-18T07:59:14.267938,,,,,,,,-30.5866,-63.7324,-2.0078,-15.4361,,,,,,,False,,cex_momentum,BTC/USDT,10.0,0.01,0.006,1.5,30.0,406.0,6.16,-5.2181,120.4468,80.2979,-205.9628
114,2026-09-18T07:59:14.337623,,,,,,,,-29.3458,-59.9355,-1.9113,-15.3814,,,,,,,False,,cex_momentum,BTC/USDT,10.0,0.01,0.006,1.5,60.0,391.0,5.88,-3.1385,116.0446,77.3631,-196.5461
115,2026-09-18T07:59:14.416444,,,,,,,,-29.3653,-59.7536,-1.9129,-15.3786,,,,,,,False,,cex_momentum,BTC/USDT,10.0,0.01,0.006,1.5,90.0,391.0,5.88,-3.2901,116.0438,77.3625,-196.6965
116,2026-09-18T07:59:14.492096,,,,,,,,-29.3653,-59.7536,-1.9129,-15.3786,,,,,,,False,,cex_momentum,BTC/USDT,10.0,0.01,0.006,1.5,120.0,391.0,5.88,-3.2901,116.0438,77.3625,-196.6965
117,2026-09-18T07:59:14.574778,,,,,,,,-25.9955,-55.7877,-1.6586,-15.3094,,,,,,,False,,cex_momentum,BTC/USDT,10.0,0.01,0.006,2.0,30.0,337.0,6.53,-4.4517,100.1515,66.7677,-171.3709
118,2026-09-18T07:59:14.653145,,,,,,,,-25.1127,-54.9082,-1.5938,-15.2922,,,,,,,False,,cex_momentum,BTC/USDT,10.0,0.01,0.006,2.0,60.0,325.0,5.54,-3.8716,96.6134,64.4089,-164.8939
119,2026-09-18T07:59:14.742554,,,,,,,,-25.1334,-54.717,-1.5953,-15.2883,,,,,,,False,,cex_momentum,BTC/USDT,10.0,0.01,0.006,2.0,90.0,325.0,5.54,-4.0235,96.6127,64.4085,-165.0447
120,2026-09-18T07:59:14.818554,,,,,,,,-25.1334,-54.717,-1.5953,-15.2883,,,,,,,False,,cex_momentum,BTC/USDT,10.0,0.01,0.006,2.0,120.0,325.0,5.54,-4.0235,96.6127,64.4085,-165.0447
121,2026-09-18T07:59:14.901279,,,,,,,,-22.0318,-48.3557,-1.3731,-15.1352,,,,,,,False,,cex_momentum,BTC/USDT,10.0,0.01,0.006,2.5,30.0,275.0,5.82,-3.7033,81.8582,54.5721,-140.1336
122,2026-09-18T07:59:14.981904,,,,,,,,-21.6342,-46.8533,-1.3452,-15.0906,,,,,,,False,,cex_momentum,BTC/USDT,10.0,0.01,0.006,2.5,60.0,269.0,4.46,-3.8802,80.0798,53.3865,-137.3465
123,2026-09-18T07:59:15.059835,,,,,,,,-21.6342,-46.8533,-1.3452,-15.0906,,,,,,,False,,cex_momentum,BTC/USDT,10.0,0.01,0.006,2.5,90.0,269.0,4.46,-3.8802,80.0798,53.3865,-137.3465
124,2026-09-18T07:59:15.136147,,,,,,,,-21.6342,-46.8533,-1.3452,-15.0906,,,,,,,False,,cex_momentum,BTC/USDT,10.0,0.01,0.006,2.5,120.0,269.0,4.46,-3.8802,80.0798,53.3865,-137.3465
125,2026-09-18T07:59:15.220798,,,,,,,,-19.0762,-41.3423,-1.169,-14.888,,,,,,,False,,cex_momentum,BTC/USDT,10.0,0.01,0.006,3.0,30.0,240.0,6.67,0.6154,71.5148,47.6766,-118.576
126,2026-09-18T07:59:15.307556,,,,,,,,-18.8967,-40.9292,-1.1568,-14.8699,,,,,,,False,,cex_momentum,BTC/USDT,10.0,0.01,0.006,3.0,60.0,236.0,5.08,-0.1496,70.3257,46.8838,-117.3591
127,2026-09-18T07:59:15.387446,,,,,,,,-18.8967,-40.9292,-1.1568,-14.8699,,,,,,,False,,cex_momentum,BTC/USDT,10.0,0.01,0.006,3.0,90.0,236.0,5.08,-0.1496,70.3257,46.8838,-117.3591
128,2026-09-18T07:59:15.468385,,,,,,,,-18.8967,-40.9292,-1.1568,-14.8699,,,,,,,False,,cex_momentum,BTC/USDT,10.0,0.01,0.006,3.0,120.0,236.0,5.08,-0.1496,70.3257,46.8838,-117.3591
145,2026-09-18T07:59:15.547768,,,,,,,,-30.5455,-66.3823,-2.0046,-15.4691,,,,,,,False,,cex_momentum,BTC/USDT,10.0,0.015,0.003,1.5,30.0,405.0,5.93,-5.3855,120.1532,80.1021,-205.6408
146,2026-09-18T07:59:15.626129,,,,,,,,-29.1412,-58.6428,-1.8956,-15.3605,,,,,,,False,,cex_momentum,BTC/USDT,10.0,0.015,0.003,1.5,60.0,388.0,5.67,-3.035,115.1615,76.7743,-194.9708
147,2026-09-18T07:59:15.705088,,,,,,,,-29.1607,-58.4654,-1.8971,-15.3575,,,,,,,False,,cex_momentum,BTC/USDT,10.0,0.015,0.003,1.5,90.0,388.0,5.67,-3.1867,115.1607,76.7738,-195.1212
148,2026-09-18T07:59:15.778927,,,,,,,,-29.1607,-58.4654,-1.8971,-15.3575,,,,,,,False,,cex_momentum,BTC/USDT,10.0,0.015,0.003,1.5,120.0,388.0,5.67,-3.1867,115.1607,76.7738,-195.1212
149,2026-09-18T07:59:15.861011,,,,,,,,-25.4347,-52.5081,-1.6173,-15.2409,,,,,,,False,,cex_momentum,BTC/USDT,10.0,0.015,0.003,2.0,30.0,336.0,6.55,-0.8014,99.8678,66.5785,-167.2477
150,2026-09-18T07:59:15.946089,,,,,,,,-24.2125,-46.6205,-1.5284,-15.0833,,,,,,,False,,cex_momentum,BTC/USDT,10.0,0.015,0.003,2.0,60.0,322.0,5.59,1.2045,95.7403,63.8269,-158.3627
151,2026-09-18T07:59:16.029983,,,,,,,,-24.2334,-46.4861,-1.5299,-15.0791,,,,,,,False,,cex_momentum,BTC/USDT,10.0,0.015,0.003,2.0,90.0,322.0,5.59,1.0525,95.7397,63.8265,-158.5136
152,2026-09-18T07:59:16.109759,,,,,,,,-24.2334,-46.4861,-1.5299,-15.0791,,,,,,,False,,cex_momentum,BTC/USDT,10.0,0.015,0.003,2.0,120.0,322.0,5.59,1.0525,95.7397,63.8265,-158.5136
153,2026-09-18T07:59:16.190530,,,,,,,,-21.6643,-45.3792,-1.3473,-15.0428,,,,,,,False,,cex_momentum,BTC/USDT,10.0,0.015,0.003,2.5,30.0,275.0,5.82,-1.1165,81.8644,54.5763,-137.5573
154,2026-09-18T07:59:16.273668,,,,,,,,-20.9881,-40.38,-1.3002,-14.845,,,,,,,False,,cex_momentum,BTC/USDT,10.0,0.015,0.003,2.5,60.0,268.0,4.48,0.1389,79.7912,53.1941,-132.8465
155,2026-09-18T07:59:16.352837,,,,,,,,-20.9881,-40.38,-1.3002,-14.845,,,,,,,False,,cex_momentum,BTC/USDT,10.0,0.015,0.003,2.5,90.0,268.0,4.48,0.1389,79.7912,53.1941,-132.8465
156,2026-09-18T07:59:16.431910,,,,,,,,-20.9881,-40.38,-1.3002,-14.845,,,,,,,False,,cex_momentum,BTC/USDT,10.0,0.015,0.003,2.5,120.0,268.0,4.48,0.1389,79.7912,53.1941,-132.8465
157,2026-09-18T07:59:16.515862,,,,,,,,-18.9728,-39.1605,-1.162,-14.7864,,,,,,,False,,cex_momentum,BTC/USDT,10.0,0.015,0.003,3.0,30.0,240.0,6.67,1.3115,71.5118,47.6745,-117.8748
158,2026-09-18T07:59:16.598849,,,,,,,,-18.642,-36.7787,-1.1396,-14.6573,,,,,,,False,,cex_momentum,BTC/USDT,10.0,0.015,0.003,3.0,60.0,236.0,5.08,1.568,70.3235,46.8823,-115.6378
159,2026-09-18T07:59:16.678843,,,,,,,,-18.642,-36.7787,-1.1396,-14.6573,,,,,,,False,,cex_momentum,BTC/USDT,10.0,0.015,0.003,3.0,90.0,236.0,5.08,1.568,70.3235,46.8823,-115.6378
160,2026-09-18T07:59:16.757612,,,,,,,,-18.642,-36.7787,-1.1396,-14.6573,,,,,,,False,,cex_momentum,BTC/USDT,10.0,0.015,0.003,3.0,120.0,236.0,5.08,1.568,70.3235,46.8823,-115.6378
161,2026-09-18T07:59:16.836267,,,,,,,,-30.6845,-64.5805,-2.0155,-15.4471,,,,,,,False,,cex_momentum,BTC/USDT,10.0,0.015,0.006,1.5,30.0,405.0,5.93,-6.4833,120.1483,80.0988,-206.7304
162,2026-09-18T07:59:16.914739,,,,,,,,-29.2829,-57.0368,-1.9065,-15.3326,,,,,,,False,,cex_momentum,BTC/USDT,10.0,0.015,0.006,1.5,60.0,388.0,5.67,-4.1338,115.1567,76.7711,-196.0615
163,2026-09-18T07:59:16.992965,,,,,,,,-29.3024,-56.8817,-1.908,-15.3298,,,,,,,False,,cex_momentum,BTC/USDT,10.0,0.015,0.006,1.5,90.0,388.0,5.67,-4.2854,115.1559,76.7706,-196.2119
164,2026-09-18T07:59:17.066588,,,,,,,,-29.3024,-56.8817,-1.908,-15.3298,,,,,,,False,,cex_momentum,BTC/USDT,10.0,0.015,0.006,1.5,120.0,388.0,5.67,-4.2854,115.1559,76.7706,-196.2119
165,2026-09-18T07:59:17.147226,,,,,,,,-25.5239,-51.3097,-1.6238,-15.2128,,,,,,,False,,cex_momentum,BTC/USDT,10.0,0.015,0.006,2.0,30.0,336.0,6.55,-1.458,99.8662,66.5775,-167.9017
166,2026-09-18T07:59:17.228310,,,,,,,,-24.3032,-45.5551,-1.535,-15.0487,,,,,,,False,,cex_momentum,BTC/USDT,10.0,0.015,0.006,2.0,60.0,322.0,5.59,0.5474,95.7388,63.8259,-159.0173
167,2026-09-18T07:59:17.309449,,,,,,,,-24.3241,-45.4347,-1.5365,-15.0447,,,,,,,False,,cex_momentum,BTC/USDT,10.0,0.015,0.006,2.0,90.0,322.0,5.59,0.3955,95.7382,63.8255,-159.1682
168,2026-09-18T07:59:17.382580,,,,,,,,-24.3241,-45.4347,-1.5365,-15.0447,,,,,,,False,,cex_momentum,BTC/USDT,10.0,0.015,0.006,2.0,120.0,322.0,5.59,0.3955,95.7382,63.8255,-159.1682
169,2026-09-18T07:59:17.464146,,,,,,,,-21.6754,-44.8122,-1.3481,-15.0233,,,,,,,False,,cex_momentum,BTC/USDT,10.0,0.015,0.006,2.5,30.0,275.0,5.82,-1.1949,81.8642,54.5761,-137.6351
170,2026-09-18T07:59:17.547802,,,,,,,,-20.9993,-39.8905,-1.301,-14.8221,,,,,,,False,,cex_momentum,BTC/USDT,10.0,0.015,0.006,2.5,60.0,268.0,4.48,0.0605,79.7909,53.194,-132.9244
171,2026-09-18T07:59:17.623825,,,,,,,,-20.9993,-39.8905,-1.301,-14.8221,,,,,,,False,,cex_momentum,BTC/USDT,10.0,0.015,0.006,2.5,90.0,268.0,4.48,0.0605,79.7909,53.194,-132.9244
172,2026-09-18T07:59:17.700918,,,,,,,,-20.9993,-39.8905,-1.301,-14.8221,,,,,,,False,,cex_momentum,BTC/USDT,10.0,0.015,0.006,2.5,120.0,268.0,4.48,0.0605,79.7909,53.194,-132.9244
173,2026-09-18T07:59:17.787103,,,,,,,,-18.9843,-38.6681,-1.1628,-14.7614,,,,,,,False,,cex_momentum,BTC/USDT,10.0,0.015,0.006,3.0,30.0,240.0,6.67,1.2331,71.5115,47.6744,-117.9528
174,2026-09-18T07:59:17.877109,,,,,,,,-18.6536,-36.3554,-1.1404,-14.632,,,,,,,False,,cex_momentum,BTC/USDT,10.0,0.015,0.006,3.0,60.0,236.0,5.08,1.4896,70.3232,46.8822,-115.7158
175,2026-09-18T07:59:17.955108,,,,,,,,-18.6536,-36.3554,-1.1404,-14.632,,,,,,,False,,cex_momentum,BTC/USDT,10.0,0.015,0.006,3.0,90.0,236.0,5.08,1.4896,70.3232,46.8822,-115.7158
176,2026-09-18T07:59:18.032496,,,,,,,,-18.6536,-36.3554,-1.1404,-14.632,,,,,,,False,,cex_momentum,BTC/USDT,10.0,0.015,0.006,3.0,120.0,236.0,5.08,1.4896,70.3232,46.8822,-115.7158
177,2026-09-18T07:59:18.111983,,,,,,,,-30.7333,-64.7638,-2.0194,-15.4494,,,,,,,False,,cex_momentum,BTC/USDT,10.0,0.015,0.01,1.5,30.0,405.0,5.93,-6.871,120.1455,80.097,-207.1136
178,2026-09-18T07:59:18.191391,,,,,,,,-29.3327,-57.1593,-1.9103,-15.3349,,,,,,,False,,cex_momentum,BTC/USDT,10.0,0.015,0.01,1.5,60.0,388.0,5.67,-4.5217,115.154,76.7693,-196.4451
179,2026-09-18T07:59:18.270124,,,,,,,,-29.3522,-57.0049,-1.9118,-15.3321,,,,,,,False,,cex_momentum,BTC/USDT,10.0,0.015,0.01,1.5,90.0,388.0,5.67,-4.6734,115.1533,76.7688,-196.5954
180,2026-09-18T07:59:18.343849,,,,,,,,-29.3522,-57.0049,-1.9118,-15.3321,,,,,,,False,,cex_momentum,BTC/USDT,10.0,0.015,0.01,1.5,120.0,388.0,5.67,-4.6734,115.1533,76.7688,-196.5954
181,2026-09-18T07:59:18.422903,,,,,,,,-25.5239,-51.3097,-1.6238,-15.2128,,,,,,,False,,cex_momentum,BTC/USDT,10.0,0.015,0.01,2.0,30.0,336.0,6.55,-1.458,99.8662,66.5775,-167.9017
182,2026-09-18T07:59:18.500401,,,,,,,,-24.3032,-45.5551,-1.535,-15.0487,,,,,,,False,,cex_momentum,BTC/USDT,10.0,0.015,0.01,2.0,60.0,322.0,5.59,0.5474,95.7388,63.8259,-159.0173
183,2026-09-18T07:59:18.575903,,,,,,,,-24.3241,-45.4347,-1.5365,-15.0447,,,,,,,False,,cex_momentum,BTC/USDT,10.0,0.015,0.01,2.0,90.0,322.0,5.59,0.3955,95.7382,63.8255,-159.1682
184,2026-09-18T07:59:18.654467,,,,,,,,-24.3241,-45.4347,-1.5365,-15.0447,,,,,,,False,,cex_momentum,BTC/USDT,10.0,0.015,0.01,2.0,120.0,322.0,5.59,0.3955,95.7382,63.8255,-159.1682
185,2026-09-18T07:59:18.731911,,,,,,,,-21.6754,-44.8122,-1.3481,-15.0233,,,,,,,False,,cex_momentum,BTC/USDT,10.0,0.015,0.01,2.5,30.0,275.0,5.82,-1.1949,81.8642,54.5761,-137.6351
186,2026-09-18T07:59:18.810995,,,,,,,,-20.9993,-39.8905,-1.301,-14.8221,,,,,,,False,,cex_momentum,BTC/USDT,10.0,0.015,0.01,2.5,60.0,268.0,4.48,0.0605,79.7909,53.194,-132.9244
187,2026-09-18T07:59:18.891206,,,,,,,,-20.9993,-39.8905,-1.301,-14.8221,,,,,,,False,,cex_momentum,BTC/USDT,10.0,0.015,0.01,2.5,90.0,268.0,4.48,0.0605,79.7909,53.194,-132.9244
188,2026-09-18T07:59:18.969659,,,,,,,,-20.9993,-39.8905,-1.301,-14.8221,,,,,,,False,,cex_momentum,BTC/USDT,10.0,0.015,0.01,2.5,120.0,268.0,4.48,0.0605,79.7909,53.194,-132.9244
189,2026-09-18T07:59:19.050099,,,,,,,,-18.9843,-38.6681,-1.1628,-14.7614,,,,,,,False,,cex_momentum,BTC/USDT,10.0,0.015,0.01,3.0,30.0,240.0,6.67,1.2331,71.5115,47.6744,-117.9528
190,2026-09-18T07:59:19.129417,,,,,,,,-18.6536,-36.3554,-1.1404,-14.632,,,,,,,False,,cex_momentum,BTC/USDT,10.0,0.015,0.01,3.0,60.0,236.0,5.08,1.4896,70.3232,46.8822,-115.7158
191,2026-09-18T07:59:19.207346,,,,,,,,-18.6536,-36.3554,-1.1404,-14.632,,,,,,,False,,cex_momentum,BTC/USDT,10.0,0.015,0.01,3.0,90.0,236.0,5.08,1.4896,70.3232,46.8822,-115.7158
192,2026-09-18T07:59:19.286522,,,,,,,,-18.6536,-36.3554,-1.1404,-14.632,,,,,,,False,,cex_momentum,BTC/USDT,10.0,0.015,0.01,3.0,120.0,236.0,5.08,1.4896,70.3232,46.8822,-115.7158
193,2026-09-18T07:59:19.365647,,,,,,,,-30.4123,-63.9892,-1.9942,-15.4395,,,,,,,False,,cex_momentum,BTC/USDT,10.0,0.02,0.003,1.5,30.0,404.0,5.94,-4.833,119.8592,79.9062,-204.5984
194,2026-09-18T07:59:19.444298,,,,,,,,-29.0991,-58.5868,-1.8923,-15.3596,,,,,,,False,,cex_momentum,BTC/USDT,10.0,0.02,0.003,1.5,60.0,387.0,5.68,-3.203,114.8667,76.5778,-194.6475
195,2026-09-18T07:59:19.523907,,,,,,,,-29.1187,-58.4081,-1.8939,-15.3566,,,,,,,False,,cex_momentum,BTC/USDT,10.0,0.02,0.003,1.5,90.0,387.0,5.68,-3.3547,114.8659,76.5773,-194.7979
196,2026-09-18T07:59:19.599938,,,,,,,,-29.1187,-58.4081,-1.8939,-15.3566,,,,,,,False,,cex_momentum,BTC/USDT,10.0,0.02,0.003,1.5,120.0,387.0,5.68,-3.3547,114.8659,76.5773,-194.7979
197,2026-09-18T07:59:19.681360,,,,,,,,-25.5948,-53.5964,-1.6291,-15.2649,,,,,,,False,,cex_momentum,BTC/USDT,10.0,0.02,0.003,2.0,30.0,336.0,6.55,-1.9858,99.8617,66.5745,-168.422
198,2026-09-18T07:59:19.764934,,,,,,,,-24.4752,-49.2661,-1.5474,-15.1605,,,,,,,False,,cex_momentum,BTC/USDT,10.0,0.02,0.003,2.0,60.0,322.0,5.59,-0.7044,95.734,63.8226,-160.261
199,2026-09-18T07:59:19.846839,,,,,,,,-24.496,-49.1127,-1.5489,-15.1563,,,,,,,False,,cex_momentum,BTC/USDT,10.0,0.02,0.003,2.0,90.0,322.0,5.59,-0.8563,95.7334,63.8222,-160.4119
200,2026-09-18T07:59:19.925025,,,,,,,,-24.496,-49.1127,-1.5489,-15.1563,,,,,,,False,,cex_momentum,BTC/USDT,10.0,0.02,0.003,2.0,120.0,322.0,5.59,-0.8563,95.7334,63.8222,-160.4119
201,2026-09-18T07:59:20.009411,,,,,,,,-21.8326,-46.593,-1.3591,-15.0824,,,,,,,False,,cex_momentum,BTC/USDT,10.0,0.02,0.003,2.5,30.0,275.0,5.82,-2.3034,81.8591,54.5727,-138.7352
202,2026-09-18T07:59:20.093352,,,,,,,,-21.2619,-42.9061,-1.3192,-14.9526,,,,,,,False,,cex_momentum,BTC/USDT,10.0,0.02,0.003,2.5,60.0,268.0,4.48,-1.774,79.7854,53.1903,-134.7497
203,2026-09-18T07:59:20.172840,,,,,,,,-21.2619,-42.9061,-1.3192,-14.9526,,,,,,,False,,cex_momentum,BTC/USDT,10.0,0.02,0.003,2.5,90.0,268.0,4.48,-1.774,79.7854,53.1903,-134.7497
204,2026-09-18T07:59:20.252470,,,,,,,,-21.2619,-42.9061,-1.3192,-14.9526,,,,,,,False,,cex_momentum,BTC/USDT,10.0,0.02,0.003,2.5,120.0,268.0,4.48,-1.774,79.7854,53.1903,-134.7497
205,2026-09-18T07:59:20.336695,,,,,,,,-19.0001,-39.54,-1.1639,-14.8052,,,,,,,False,,cex_momentum,BTC/USDT,10.0,0.02,0.003,3.0,30.0,240.0,6.67,1.1267,71.5116,47.6744,-118.0594
206,2026-09-18T07:59:20.416582,,,,,,,,-18.7769,-38.6375,-1.1487,-14.7598,,,,,,,False,,cex_momentum,BTC/USDT,10.0,0.02,0.003,3.0,60.0,236.0,5.08,0.6562,70.3228,46.8819,-116.5485
207,2026-09-18T07:59:20.497609,,,,,,,,-18.7769,-38.6375,-1.1487,-14.7598,,,,,,,False,,cex_momentum,BTC/USDT,10.0,0.02,0.003,3.0,90.0,236.0,5.08,0.6562,70.3228,46.8819,-116.5485
208,2026-09-18T07:59:20.577303,,,,,,,,-18.7769,-38.6375,-1.1487,-14.7598,,,,,,,False,,cex_momentum,BTC/USDT,10.0,0.02,0.003,3.0,120.0,236.0,5.08,0.6562,70.3228,46.8819,-116.5485
209,2026-09-18T07:59:20.656458,,,,,,,,-30.4956,-62.0978,-2.0007,-15.4137,,,,,,,False,,cex_momentum,BTC/USDT,10.0,0.02,0.006,1.5,30.0,404.0,5.94,-5.4875,119.8574,79.9049,-205.2499
210,2026-09-18T07:59:20.735476,,,,,,,,-29.1839,-56.7833,-1.8989,-15.328,,,,,,,False,,cex_momentum,BTC/USDT,10.0,0.02,0.006,1.5,60.0,387.0,5.68,-3.8582,114.8649,76.5766,-195.2997
211,2026-09-18T07:59:20.813138,,,,,,,,-29.2035,-56.6267,-1.9004,-15.3252,,,,,,,False,,cex_momentum,BTC/USDT,10.0,0.02,0.006,1.5,90.0,387.0,5.68,-4.0098,114.8641,76.5761,-195.4501
212,2026-09-18T07:59:20.888530,,,,,,,,-29.2035,-56.6267,-1.9004,-15.3252,,,,,,,False,,cex_momentum,BTC/USDT,10.0,0.02,0.006,1.5,120.0,387.0,5.68,-4.0098,114.8641,76.5761,-195.4501
213,2026-09-18T07:59:20.969809,,,,,,,,-25.6838,-52.3525,-1.6356,-15.2374,,,,,,,False,,cex_momentum,BTC/USDT,10.0,0.02,0.006,2.0,30.0,336.0,6.55,-2.6423,99.8602,66.5735,-169.076
214,2026-09-18T07:59:21.049458,,,,,,,,-24.5656,-48.0483,-1.5539,-15.1264,,,,,,,False,,cex_momentum,BTC/USDT,10.0,0.02,0.006,2.0,60.0,322.0,5.59,-1.3613,95.7325,63.8217,-160.9155
215,2026-09-18T07:59:21.149752,,,,,,,,-24.5864,-47.9115,-1.5555,-15.1224,,,,,,,False,,cex_momentum,BTC/USDT,10.0,0.02,0.006,2.0,90.0,322.0,5.59,-1.5133,95.7319,63.8212,-161.0664
216,2026-09-18T07:59:21.226741,,,,,,,,-24.5864,-47.9115,-1.5555,-15.1224,,,,,,,False,,cex_momentum,BTC/USDT,10.0,0.02,0.006,2.0,120.0,322.0,5.59,-1.5133,95.7319,63.8212,-161.0664
217,2026-09-18T07:59:21.310769,,,,,,,,-21.8437,-45.9912,-1.3599,-15.0632,,,,,,,False,,cex_momentum,BTC/USDT,10.0,0.02,0.006,2.5,30.0,275.0,5.82,-2.3817,81.8588,54.5725,-138.813
218,2026-09-18T07:59:21.394805,,,,,,,,-21.2731,-42.3369,-1.32,-14.9298,,,,,,,False,,cex_momentum,BTC/USDT,10.0,0.02,0.006,2.5,60.0,268.0,4.48,-1.8523,79.7852,53.1901,-134.8276
219,2026-09-18T07:59:21.473399,,,,,,,,-21.2731,-42.3369,-1.32,-14.9298,,,,,,,False,,cex_momentum,BTC/USDT,10.0,0.02,0.006,2.5,90.0,268.0,4.48,-1.8523,79.7852,53.1901,-134.8276
220,2026-09-18T07:59:21.553070,,,,,,,,-21.2731,-42.3369,-1.32,-14.9298,,,,,,,False,,cex_momentum,BTC/USDT,10.0,0.02,0.006,2.5,120.0,268.0,4.48,-1.8523,79.7852,53.1901,-134.8276
221,2026-09-18T07:59:21.637916,,,,,,,,-19.0116,-39.0347,-1.1646,-14.7801,,,,,,,False,,cex_momentum,BTC/USDT,10.0,0.02,0.006,3.0,30.0,240.0,6.67,1.0483,71.5114,47.6743,-118.1374
222,2026-09-18T07:59:21.724858,,,,,,,,-18.7884,-38.1542,-1.1495,-14.7344,,,,,,,False,,cex_momentum,BTC/USDT,10.0,0.02,0.006,3.0,60.0,236.0,5.08,0.5778,70.3226,46.8817,-116.6265
223,2026-09-18T07:59:21.805231,,,,,,,,-18.7884,-38.1542,-1.1495,-14.7344,,,,,,,False,,cex_momentum,BTC/USDT,10.0,0.02,0.006,3.0,90.0,236.0,5.08,0.5778,70.3226,46.8817,-116.6265
224,2026-09-18T07:59:21.886138,,,,,,,,-18.7884,-38.1542,-1.1495,-14.7344,,,,,,,False,,cex_momentum,BTC/USDT,10.0,0.02,0.006,3.0,120.0,236.0,5.08,0.5778,70.3226,46.8817,-116.6265
225,2026-09-18T07:59:21.962599,,,,,,,,-30.4956,-62.0978,-2.0007,-15.4137,,,,,,,False,,cex_momentum,BTC/USDT,10.0,0.02,0.01,1.5,30.0,404.0,5.94,-5.4875,119.8574,79.9049,-205.2499
226,2026-09-18T07:59:22.038653,,,,,,,,-29.1839,-56.7833,-1.8989,-15.328,,,,,,,False,,cex_momentum,BTC/USDT,10.0,0.02,0.01,1.5,60.0,387.0,5.68,-3.8582,114.8649,76.5766,-195.2997
227,2026-09-18T07:59:22.114044,,,,,,,,-29.2035,-56.6267,-1.9004,-15.3252,,,,,,,False,,cex_momentum,BTC/USDT,10.0,0.02,0.01,1.5,90.0,387.0,5.68,-4.0098,114.8641,76.5761,-195.4501
228,2026-09-18T07:59:22.184457,,,,,,,,-29.2035,-56.6267,-1.9004,-15.3252,,,,,,,False,,cex_momentum,BTC/USDT,10.0,0.02,0.01,1.5,120.0,387.0,5.68,-4.0098,114.8641,76.5761,-195.4501
229,2026-09-18T07:59:22.262043,,,,,,,,-25.6838,-52.3525,-1.6356,-15.2374,,,,,,,False,,cex_momentum,BTC/USDT,10.0,0.02,0.01,2.0,30.0,336.0,6.55,-2.6423,99.8602,66.5735,-169.076
230,2026-09-18T07:59:22.339069,,,,,,,,-24.5656,-48.0483,-1.5539,-15.1264,,,,,,,False,,cex_momentum,BTC/USDT,10.0,0.02,0.01,2.0,60.0,322.0,5.59,-1.3613,95.7325,63.8217,-160.9155
231,2026-09-18T07:59:22.416773,,,,,,,,-24.5864,-47.9115,-1.5555,-15.1224,,,,,,,False,,cex_momentum,BTC/USDT,10.0,0.02,0.01,2.0,90.0,322.0,5.59,-1.5133,95.7319,63.8212,-161.0664
232,2026-09-18T07:59:22.493298,,,,,,,,-24.5864,-47.9115,-1.5555,-15.1224,,,,,,,False,,cex_momentum,BTC/USDT,10.0,0.02,0.01,2.0,120.0,322.0,5.59,-1.5133,95.7319,63.8212,-161.0664
233,2026-09-18T07:59:22.572681,,,,,,,,-21.8437,-45.9912,-1.3599,-15.0632,,,,,,,False,,cex_momentum,BTC/USDT,10.0,0.02,0.01,2.5,30.0,275.0,5.82,-2.3817,81.8588,54.5725,-138.813
234,2026-09-18T07:59:22.652890,,,,,,,,-21.2731,-42.3369,-1.32,-14.9298,,,,,,,False,,cex_momentum,BTC/USDT,10.0,0.02,0.01,2.5,60.0,268.0,4.48,-1.8523,79.7852,53.1901,-134.8276
235,2026-09-18T07:59:22.733359,,,,,,,,-21.2731,-42.3369,-1.32,-14.9298,,,,,,,False,,cex_momentum,BTC/USDT,10.0,0.02,0.01,2.5,90.0,268.0,4.48,-1.8523,79.7852,53.1901,-134.8276
236,2026-09-18T07:59:22.811703,,,,,,,,-21.2731,-42.3369,-1.32,-14.9298,,,,,,,False,,cex_momentum,BTC/USDT,10.0,0.02,0.01,2.5,120.0,268.0,4.48,-1.8523,79.7852,53.1901,-134.8276
237,2026-09-18T07:59:22.890034,,,,,,,,-19.0116,-39.0347,-1.1646,-14.7801,,,,,,,False,,cex_momentum,BTC/USDT,10.0,0.02,0.01,3.0,30.0,240.0,6.67,1.0483,71.5114,47.6743,-118.1374
238,2026-09-18T07:59:22.968337,,,,,,,,-18.7884,-38.1542,-1.1495,-14.7344,,,,,,,False,,cex_momentum,BTC/USDT,10.0,0.02,0.01,3.0,60.0,236.0,5.08,0.5778,70.3226,46.8817,-116.6265
239,2026-09-18T07:59:23.048327,,,,,,,,-18.7884,-38.1542,-1.1495,-14.7344,,,,,,,False,,cex_momentum,BTC/USDT,10.0,0.02,0.01,3.0,90.0,236.0,5.08,0.5778,70.3226,46.8817,-116.6265
240,2026-09-18T07:59:23.127727,,,,,,,,-18.7884,-38.1542,-1.1495,-14.7344,,,,,,,False,,cex_momentum,BTC/USDT,10.0,0.02,0.01,3.0,120.0,236.0,5.08,0.5778,70.3226,46.8817,-116.6265
241,2026-09-18T07:59:23.205693,,,,,,,,-27.5155,-67.021,-1.7719,-15.4765,,,,,,,False,,cex_momentum,BTC/USDT,15.0,0.004,0.003,1.5,30.0,360.0,9.44,-3.0635,106.9434,71.2956,-181.3026
242,2026-09-18T07:59:23.285362,,,,,,,,-26.9234,-66.1918,-1.7275,-15.4669,,,,,,,False,,cex_momentum,BTC/USDT,15.0,0.004,0.003,1.5,60.0,351.0,9.12,-3.0412,104.2935,69.529,-176.8637
243,2026-09-18T07:59:23.361928,,,,,,,,-26.9234,-66.1918,-1.7275,-15.4669,,,,,,,False,,cex_momentum,BTC/USDT,15.0,0.004,0.003,1.5,90.0,351.0,9.12,-3.0412,104.2935,69.529,-176.8637
244,2026-09-18T07:59:23.438708,,,,,,,,-26.9234,-66.1918,-1.7275,-15.4669,,,,,,,False,,cex_momentum,BTC/USDT,15.0,0.004,0.003,1.5,120.0,351.0,9.12,-3.0412,104.2935,69.529,-176.8637
245,2026-09-18T07:59:23.520999,,,,,,,,-23.2988,-58.933,-1.4628,-15.3653,,,,,,,False,,cex_momentum,BTC/USDT,15.0,0.004,0.003,2.0,30.0,304.0,9.87,-0.0191,90.4489,60.2993,-150.7673
246,2026-09-18T07:59:23.603207,,,,,,,,-22.853,-59.208,-1.4311,-15.3698,,,,,,,False,,cex_momentum,BTC/USDT,15.0,0.004,0.003,2.0,60.0,297.0,9.43,-0.2959,88.38,58.92,-147.596
247,2026-09-18T07:59:23.682587,,,,,,,,-22.853,-59.208,-1.4311,-15.3698,,,,,,,False,,cex_momentum,BTC/USDT,15.0,0.004,0.003,2.0,90.0,297.0,9.43,-0.2959,88.38,58.92,-147.596
248,2026-09-18T07:59:23.756101,,,,,,,,-22.853,-59.208,-1.4311,-15.3698,,,,,,,False,,cex_momentum,BTC/USDT,15.0,0.004,0.003,2.0,120.0,297.0,9.43,-0.2959,88.38,58.92,-147.596
249,2026-09-18T07:59:23.841668,,,,,,,,-19.6669,-52.3136,-1.2092,-15.2365,,,,,,,False,,cex_momentum,BTC/USDT,15.0,0.004,0.003,2.5,30.0,248.0,9.27,0.2395,73.8926,49.2617,-122.9149
250,2026-09-18T07:59:23.926101,,,,,,,,-19.3862,-50.9312,-1.1901,-15.2036,,,,,,,False,,cex_momentum,BTC/USDT,15.0,0.004,0.003,2.5,60.0,244.0,8.61,0.1762,72.7062,48.4708,-121.0009
251,2026-09-18T07:59:24.006163,,,,,,,,-19.3862,-50.9312,-1.1901,-15.2036,,,,,,,False,,cex_momentum,BTC/USDT,15.0,0.004,0.003,2.5,90.0,244.0,8.61,0.1762,72.7062,48.4708,-121.0009
252,2026-09-18T07:59:24.085400,,,,,,,,-19.3862,-50.9312,-1.1901,-15.2036,,,,,,,False,,cex_momentum,BTC/USDT,15.0,0.004,0.003,2.5,120.0,244.0,8.61,0.1762,72.7062,48.4708,-121.0009
253,2026-09-18T07:59:24.170624,,,,,,,,-17.6504,-50.6196,-1.0731,-15.1958,,,,,,,False,,cex_momentum,BTC/USDT,15.0,0.004,0.003,3.0,30.0,222.0,9.46,1.5945,66.1919,44.1279,-108.7253
254,2026-09-18T07:59:24.255239,,,,,,,,-17.4225,-48.4495,-1.0579,-15.1379,,,,,,,False,,cex_momentum,BTC/USDT,15.0,0.004,0.003,3.0,60.0,219.0,8.68,1.6289,65.3012,43.5341,-107.2064
255,2026-09-18T07:59:24.335864,,,,,,,,-17.4225,-48.4495,-1.0579,-15.1379,,,,,,,False,,cex_momentum,BTC/USDT,15.0,0.004,0.003,3.0,90.0,219.0,8.68,1.6289,65.3012,43.5341,-107.2064
256,2026-09-18T07:59:24.417419,,,,,,,,-17.4225,-48.4495,-1.0579,-15.1379,,,,,,,False,,cex_momentum,BTC/USDT,15.0,0.004,0.003,3.0,120.0,219.0,8.68,1.6289,65.3012,43.5341,-107.2064
289,2026-09-18T07:59:24.498755,,,,,,,,-26.6806,-59.4138,-1.7094,-15.3731,,,,,,,False,,cex_momentum,BTC/USDT,15.0,0.007,0.003,1.5,30.0,348.0,7.18,-2.7409,103.4104,68.9402,-175.0915
290,2026-09-18T07:59:24.577946,,,,,,,,-25.6428,-58.0849,-1.6326,-15.3511,,,,,,,False,,cex_momentum,BTC/USDT,15.0,0.007,0.003,1.5,60.0,334.0,6.89,-2.1677,99.287,66.1914,-167.646
291,2026-09-18T07:59:24.658434,,,,,,,,-25.6633,-57.9845,-1.6341,-15.3494,,,,,,,False,,cex_momentum,BTC/USDT,15.0,0.007,0.003,1.5,90.0,334.0,6.89,-2.3196,99.2863,66.1909,-167.7968
292,2026-09-18T07:59:24.735924,,,,,,,,-25.6633,-57.9845,-1.6341,-15.3494,,,,,,,False,,cex_momentum,BTC/USDT,15.0,0.007,0.003,1.5,120.0,334.0,6.89,-2.3196,99.2863,66.1909,-167.7968
293,2026-09-18T07:59:24.820638,,,,,,,,-22.2953,-50.2546,-1.3916,-15.1865,,,,,,,False,,cex_momentum,BTC/USDT,15.0,0.007,0.003,2.0,30.0,292.0,7.53,1.1894,86.9053,57.9369,-143.6528
294,2026-09-18T07:59:24.904264,,,,,,,,-21.5605,-50.9257,-1.3401,-15.2034,,,,,,,False,,cex_momentum,BTC/USDT,15.0,0.007,0.003,2.0,60.0,282.0,6.74,1.4195,83.9503,55.9669,-138.4976
295,2026-09-18T07:59:24.986503,,,,,,,,-21.5822,-50.7855,-1.3416,-15.2,,,,,,,False,,cex_momentum,BTC/USDT,15.0,0.007,0.003,2.0,90.0,282.0,6.74,1.2673,83.9497,55.9665,-138.6489
296,2026-09-18T07:59:25.065739,,,,,,,,-21.5822,-50.7855,-1.3416,-15.2,,,,,,,False,,cex_momentum,BTC/USDT,15.0,0.007,0.003,2.0,120.0,282.0,6.74,1.2673,83.9497,55.9665,-138.6489
297,2026-09-18T07:59:25.152164,,,,,,,,-18.9572,-45.122,-1.1609,-15.0341,,,,,,,False,,cex_momentum,BTC/USDT,15.0,0.007,0.003,2.5,30.0,239.0,7.11,0.6256,71.228,47.4853,-118.0877
298,2026-09-18T07:59:25.238959,,,,,,,,-18.6668,-44.2186,-1.1413,-15.0022,,,,,,,False,,cex_momentum,BTC/USDT,15.0,0.007,0.003,2.5,60.0,235.0,5.96,0.6105,70.0405,46.6937,-116.1237
299,2026-09-18T07:59:25.317005,,,,,,,,-18.6668,-44.2186,-1.1413,-15.0022,,,,,,,False,,cex_momentum,BTC/USDT,15.0,0.007,0.003,2.5,90.0,235.0,5.96,0.6105,70.0405,46.6937,-116.1237
300,2026-09-18T07:59:25.395938,,,,,,,,-18.6668,-44.2186,-1.1413,-15.0022,,,,,,,False,,cex_momentum,BTC/USDT,15.0,0.007,0.003,2.5,120.0,235.0,5.96,0.6105,70.0405,46.6937,-116.1237
301,2026-09-18T07:59:25.482664,,,,,,,,-16.7389,-40.9358,-1.0126,-14.8702,,,,,,,False,,cex_momentum,BTC/USDT,15.0,0.007,0.003,3.0,30.0,212.0,7.55,2.7051,63.2274,42.1516,-102.674
302,2026-09-18T07:59:25.567987,,,,,,,,-16.5059,-39.5607,-0.9972,-14.8062,,,,,,,False,,cex_momentum,BTC/USDT,15.0,0.007,0.003,3.0,60.0,209.0,6.22,2.7552,62.3358,41.5572,-101.1377
303,2026-09-18T07:59:25.649007,,,,,,,,-16.5059,-39.5607,-0.9972,-14.8062,,,,,,,False,,cex_momentum,BTC/USDT,15.0,0.007,0.003,3.0,90.0,209.0,6.22,2.7552,62.3358,41.5572,-101.1377
304,2026-09-18T07:59:25.729516,,,,,,,,-16.5059,-39.5607,-0.9972,-14.8062,,,,,,,False,,cex_momentum,BTC/USDT,15.0,0.007,0.003,3.0,120.0,209.0,6.22,2.7552,62.3358,41.5572,-101.1377
305,2026-09-18T07:59:25.810155,,,,,,,,-26.9452,-58.1801,-1.7291,-15.3527,,,,,,,False,,cex_momentum,BTC/USDT,15.0,0.007,0.006,1.5,30.0,348.0,7.18,-4.7249,103.4038,68.9359,-177.0646
306,2026-09-18T07:59:25.889027,,,,,,,,-25.9111,-56.7101,-1.6523,-15.3267,,,,,,,False,,cex_momentum,BTC/USDT,15.0,0.007,0.006,1.5,60.0,334.0,6.89,-4.153,99.2805,66.187,-169.6206
307,2026-09-18T07:59:25.968155,,,,,,,,-25.9316,-56.6305,-1.6538,-15.3252,,,,,,,False,,cex_momentum,BTC/USDT,15.0,0.007,0.006,1.5,90.0,334.0,6.89,-4.305,99.2798,66.1866,-169.7714
308,2026-09-18T07:59:26.040571,,,,,,,,-25.9316,-56.6305,-1.6538,-15.3252,,,,,,,False,,cex_momentum,BTC/USDT,15.0,0.007,0.006,1.5,120.0,334.0,6.89,-4.305,99.2798,66.1866,-169.7714
309,2026-09-18T07:59:26.125965,,,,,,,,-22.4253,-49.0021,-1.4008,-15.1533,,,,,,,False,,cex_momentum,BTC/USDT,15.0,0.007,0.006,2.0,30.0,292.0,7.53,0.2698,86.9037,57.9358,-144.5696
310,2026-09-18T07:59:26.208301,,,,,,,,-21.6918,-49.403,-1.3492,-15.1642,,,,,,,False,,cex_momentum,BTC/USDT,15.0,0.007,0.006,2.0,60.0,282.0,6.74,0.4994,83.9486,55.9658,-139.415
311,2026-09-18T07:59:26.290530,,,,,,,,-21.7134,-49.2843,-1.3508,-15.161,,,,,,,False,,cex_momentum,BTC/USDT,15.0,0.007,0.006,2.0,90.0,282.0,6.74,0.3472,83.9481,55.9654,-139.5662
312,2026-09-18T07:59:26.368843,,,,,,,,-21.7134,-49.2843,-1.3508,-15.161,,,,,,,False,,cex_momentum,BTC/USDT,15.0,0.007,0.006,2.0,120.0,282.0,6.74,0.3472,83.9481,55.9654,-139.5662
313,2026-09-18T07:59:26.453631,,,,,,,,-19.0074,-44.6382,-1.1643,-15.0172,,,,,,,False,,cex_momentum,BTC/USDT,15.0,0.007,0.006,2.5,30.0,239.0,7.11,0.2848,71.2275,47.485,-118.4277
314,2026-09-18T07:59:26.536902,,,,,,,,-18.7172,-43.7368,-1.1447,-14.9844,,,,,,,False,,cex_momentum,BTC/USDT,15.0,0.007,0.006,2.5,60.0,235.0,5.96,0.2697,70.0401,46.6934,-116.4637
315,2026-09-18T07:59:26.616842,,,,,,,,-18.7172,-43.7368,-1.1447,-14.9844,,,,,,,False,,cex_momentum,BTC/USDT,15.0,0.007,0.006,2.5,90.0,235.0,5.96,0.2697,70.0401,46.6934,-116.4637
316,2026-09-18T07:59:26.696687,,,,,,,,-18.7172,-43.7368,-1.1447,-14.9844,,,,,,,False,,cex_momentum,BTC/USDT,15.0,0.007,0.006,2.5,120.0,235.0,5.96,0.2697,70.0401,46.6934,-116.4637
317,2026-09-18T07:59:26.782770,,,,,,,,-16.7904,-40.4894,-1.016,-14.85,,,,,,,False,,cex_momentum,BTC/USDT,15.0,0.007,0.006,3.0,30.0,212.0,7.55,2.3639,63.227,42.1513,-103.0145
318,2026-09-18T07:59:26.868395,,,,,,,,-16.5576,-39.1384,-1.0006,-14.7853,,,,,,,False,,cex_momentum,BTC/USDT,15.0,0.007,0.006,3.0,60.0,209.0,6.22,2.414,62.3353,41.5569,-101.4783
319,2026-09-18T07:59:26.950132,,,,,,,,-16.5576,-39.1384,-1.0006,-14.7853,,,,,,,False,,cex_momentum,BTC/USDT,15.0,0.007,0.006,3.0,90.0,209.0,6.22,2.414,62.3353,41.5569,-101.4783
320,2026-09-18T07:59:27.031368,,,,,,,,-16.5576,-39.1384,-1.0006,-14.7853,,,,,,,False,,cex_momentum,BTC/USDT,15.0,0.007,0.006,3.0,120.0,209.0,6.22,2.414,62.3353,41.5569,-101.4783
337,2026-09-18T07:59:27.113136,,,,,,,,-26.451,-55.5651,-1.6923,-15.3051,,,,,,,False,,cex_momentum,BTC/USDT,15.0,0.01,0.003,1.5,30.0,345.0,6.96,-2.5064,102.5269,68.3513,-173.3846
338,2026-09-18T07:59:27.189745,,,,,,,,-25.234,-51.9298,-1.6026,-15.2276,,,,,,,False,,cex_momentum,BTC/USDT,15.0,0.01,0.003,1.5,60.0,330.0,6.67,-1.1377,98.1079,65.4053,-164.6509
339,2026-09-18T07:59:27.270478,,,,,,,,-25.2547,-51.8538,-1.6041,-15.2258,,,,,,,False,,cex_momentum,BTC/USDT,15.0,0.01,0.003,1.5,90.0,330.0,6.67,-1.2897,98.1072,65.4048,-164.8017
340,2026-09-18T07:59:27.347493,,,,,,,,-25.2547,-51.8538,-1.6041,-15.2258,,,,,,,False,,cex_momentum,BTC/USDT,15.0,0.01,0.003,1.5,120.0,330.0,6.67,-1.2897,98.1072,65.4048,-164.8017
341,2026-09-18T07:59:27.430737,,,,,,,,-22.4575,-50.2934,-1.4031,-15.1875,,,,,,,False,,cex_momentum,BTC/USDT,15.0,0.01,0.003,2.0,30.0,290.0,6.9,-0.9517,86.307,57.538,-144.7966
342,2026-09-18T07:59:27.512124,,,,,,,,-21.6247,-49.7803,-1.3446,-15.1742,,,,,,,False,,cex_momentum,BTC/USDT,15.0,0.01,0.003,2.0,60.0,279.0,6.09,-0.52,83.0557,55.3705,-138.9462
343,2026-09-18T07:59:27.592826,,,,,,,,-21.6464,-49.655,-1.3461,-15.1709,,,,,,,False,,cex_momentum,BTC/USDT,15.0,0.01,0.003,2.0,90.0,279.0,6.09,-0.6722,83.0552,55.3701,-139.0975
344,2026-09-18T07:59:27.666501,,,,,,,,-21.6464,-49.655,-1.3461,-15.1709,,,,,,,False,,cex_momentum,BTC/USDT,15.0,0.01,0.003,2.0,120.0,279.0,6.09,-0.6722,83.0552,55.3701,-139.0975
345,2026-09-18T07:59:27.750672,,,,,,,,-18.9476,-44.5846,-1.1603,-15.0153,,,,,,,False,,cex_momentum,BTC/USDT,15.0,0.01,0.003,2.5,30.0,236.0,6.36,-0.7984,70.3344,46.8896,-118.0224
346,2026-09-18T07:59:27.833998,,,,,,,,-18.4973,-42.2892,-1.1299,-14.9279,,,,,,,False,,cex_momentum,BTC/USDT,15.0,0.01,0.003,2.5,60.0,230.0,5.22,-0.7242,68.5537,45.7025,-114.9804
347,2026-09-18T07:59:27.913286,,,,,,,,-18.4973,-42.2892,-1.1299,-14.9279,,,,,,,False,,cex_momentum,BTC/USDT,15.0,0.01,0.003,2.5,90.0,230.0,5.22,-0.7242,68.5537,45.7025,-114.9804
348,2026-09-18T07:59:27.992209,,,,,,,,-18.4973,-42.2892,-1.1299,-14.9279,,,,,,,False,,cex_momentum,BTC/USDT,15.0,0.01,0.003,2.5,120.0,230.0,5.22,-0.7242,68.5537,45.7025,-114.9804
349,2026-09-18T07:59:28.078190,,,,,,,,-16.6397,-39.8432,-1.006,-14.8198,,,,,,,False,,cex_momentum,BTC/USDT,15.0,0.01,0.003,3.0,30.0,210.0,7.14,2.3711,62.6342,41.7561,-102.0193
350,2026-09-18T07:59:28.159182,,,,,,,,-16.3815,-38.2924,-0.989,-14.7418,,,,,,,False,,cex_momentum,BTC/USDT,15.0,0.01,0.003,3.0,60.0,206.0,5.83,2.089,61.4448,40.9632,-100.3189
351,2026-09-18T07:59:28.239713,,,,,,,,-16.3815,-38.2924,-0.989,-14.7418,,,,,,,False,,cex_momentum,BTC/USDT,15.0,0.01,0.003,3.0,90.0,206.0,5.83,2.089,61.4448,40.9632,-100.3189
352,2026-09-18T07:59:28.320347,,,,,,,,-16.3815,-38.2924,-0.989,-14.7418,,,,,,,False,,cex_momentum,BTC/USDT,15.0,0.01,0.003,3.0,120.0,206.0,5.83,2.089,61.4448,40.9632,-100.3189
353,2026-09-18T07:59:28.400889,,,,,,,,-26.544,-53.519,-1.6992,-15.2633,,,,,,,False,,cex_momentum,BTC/USDT,15.0,0.01,0.006,1.5,30.0,345.0,6.96,-3.2004,102.5251,68.3501,-174.0756
354,2026-09-18T07:59:28.482248,,,,,,,,-25.3286,-49.9392,-1.6095,-15.1784,,,,,,,False,,cex_momentum,BTC/USDT,15.0,0.01,0.006,1.5,60.0,330.0,6.67,-1.8323,98.1061,65.4041,-165.3425
355,2026-09-18T07:59:28.562438,,,,,,,,-25.3492,-49.878,-1.611,-15.1768,,,,,,,False,,cex_momentum,BTC/USDT,15.0,0.01,0.006,1.5,90.0,330.0,6.67,-1.9843,98.1054,65.4036,-165.4933
356,2026-09-18T07:59:28.640049,,,,,,,,-25.3492,-49.878,-1.611,-15.1768,,,,,,,False,,cex_momentum,BTC/USDT,15.0,0.01,0.006,1.5,120.0,330.0,6.67,-1.9843,98.1054,65.4036,-165.4933
357,2026-09-18T07:59:28.722776,,,,,,,,-22.5503,-48.6591,-1.4096,-15.1438,,,,,,,False,,cex_momentum,BTC/USDT,15.0,0.01,0.006,2.0,30.0,290.0,6.9,-1.6095,86.3056,57.537,-145.4521
358,2026-09-18T07:59:28.806020,,,,,,,,-21.7185,-47.9305,-1.3511,-15.123,,,,,,,False,,cex_momentum,BTC/USDT,15.0,0.01,0.006,2.0,60.0,279.0,6.09,-1.1782,83.0543,55.3696,-139.6021
359,2026-09-18T07:59:28.887567,,,,,,,,-21.7401,-47.8263,-1.3526,-15.1199,,,,,,,False,,cex_momentum,BTC/USDT,15.0,0.01,0.006,2.0,90.0,279.0,6.09,-1.3304,83.0538,55.3692,-139.7534
360,2026-09-18T07:59:28.964424,,,,,,,,-21.7401,-47.8263,-1.3526,-15.1199,,,,,,,False,,cex_momentum,BTC/USDT,15.0,0.01,0.006,2.0,120.0,279.0,6.09,-1.3304,83.0538,55.3692,-139.7534
361,2026-09-18T07:59:29.048382,,,,,,,,-18.9591,-43.7426,-1.1611,-14.9847,,,,,,,False,,cex_momentum,BTC/USDT,15.0,0.01,0.006,2.5,30.0,236.0,6.36,-0.8769,70.3341,46.8894,-118.1004
362,2026-09-18T07:59:29.136480,,,,,,,,-18.5089,-41.4412,-1.1306,-14.8923,,,,,,,False,,cex_momentum,BTC/USDT,15.0,0.01,0.006,2.5,60.0,230.0,5.22,-0.8026,68.5535,45.7023,-115.0584
363,2026-09-18T07:59:29.215646,,,,,,,,-18.5089,-41.4412,-1.1306,-14.8923,,,,,,,False,,cex_momentum,BTC/USDT,15.0,0.01,0.006,2.5,90.0,230.0,5.22,-0.8026,68.5535,45.7023,-115.0584
364,2026-09-18T07:59:29.296840,,,,,,,,-18.5089,-41.4412,-1.1306,-14.8923,,,,,,,False,,cex_momentum,BTC/USDT,15.0,0.01,0.006,2.5,120.0,230.0,5.22,-0.8026,68.5535,45.7023,-115.0584
365,2026-09-18T07:59:29.384742,,,,,,,,-16.6515,-38.9565,-1.0068,-14.7762,,,,,,,False,,cex_momentum,BTC/USDT,15.0,0.01,0.006,3.0,30.0,210.0,7.14,2.2926,62.634,41.756,-102.0974
366,2026-09-18T07:59:29.465991,,,,,,,,-16.3934,-37.4781,-0.9898,-14.6974,,,,,,,False,,cex_momentum,BTC/USDT,15.0,0.01,0.006,3.0,60.0,206.0,5.83,2.0105,61.4445,40.963,-100.3971
367,2026-09-18T07:59:29.544033,,,,,,,,-16.3934,-37.4781,-0.9898,-14.6974,,,,,,,False,,cex_momentum,BTC/USDT,15.0,0.01,0.006,3.0,90.0,206.0,5.83,2.0105,61.4445,40.963,-100.3971
368,2026-09-18T07:59:29.625064,,,,,,,,-16.3934,-37.4781,-0.9898,-14.6974,,,,,,,False,,cex_momentum,BTC/USDT,15.0,0.01,0.006,3.0,120.0,206.0,5.83,2.0105,61.4445,40.963,-100.3971
385,2026-09-18T07:59:29.705690,,,,,,,,-26.4955,-56.1033,-1.6956,-15.3154,,,,,,,False,,cex_momentum,BTC/USDT,15.0,0.015,0.003,1.5,30.0,344.0,6.69,-3.3307,102.2307,68.1538,-173.7152
386,2026-09-18T07:59:29.786916,,,,,,,,-25.0469,-48.7565,-1.5889,-15.1465,,,,,,,False,,cex_momentum,BTC/USDT,15.0,0.015,0.003,1.5,60.0,327.0,6.42,-1.2476,97.2223,64.8148,-163.2847
387,2026-09-18T07:59:29.868095,,,,,,,,-25.0676,-48.6935,-1.5905,-15.1448,,,,,,,False,,cex_momentum,BTC/USDT,15.0,0.015,0.003,1.5,90.0,327.0,6.42,-1.3996,97.2216,64.8144,-163.4356
388,2026-09-18T07:59:29.944305,,,,,,,,-25.0676,-48.6935,-1.5905,-15.1448,,,,,,,False,,cex_momentum,BTC/USDT,15.0,0.015,0.003,1.5,120.0,327.0,6.42,-1.3996,97.2216,64.8144,-163.4356
389,2026-09-18T07:59:30.028029,,,,,,,,-21.9634,-45.9572,-1.3683,-15.062,,,,,,,False,,cex_momentum,BTC/USDT,15.0,0.015,0.003,2.0,30.0,289.0,6.92,2.0484,86.0199,57.3466,-141.318
390,2026-09-18T07:59:30.110487,,,,,,,,-20.7775,-40.5013,-1.2856,-14.8506,,,,,,,False,,cex_momentum,BTC/USDT,15.0,0.015,0.003,2.0,60.0,276.0,6.16,3.909,82.1779,54.7853,-133.0541
391,2026-09-18T07:59:30.188670,,,,,,,,-20.7994,-40.4266,-1.2871,-14.8471,,,,,,,False,,cex_momentum,BTC/USDT,15.0,0.015,0.003,2.0,90.0,276.0,6.16,3.7567,82.1773,54.7849,-133.2055
392,2026-09-18T07:59:30.267792,,,,,,,,-20.7994,-40.4266,-1.2871,-14.8471,,,,,,,False,,cex_momentum,BTC/USDT,15.0,0.015,0.003,2.0,120.0,276.0,6.16,3.7567,82.1773,54.7849,-133.2055
393,2026-09-18T07:59:30.352567,,,,,,,,-18.5771,-40.8985,-1.1352,-14.8685,,,,,,,False,,cex_momentum,BTC/USDT,15.0,0.015,0.003,2.5,30.0,236.0,6.36,1.7147,70.3399,46.8932,-115.5184
394,2026-09-18T07:59:30.436300,,,,,,,,-17.837,-35.3774,-1.0855,-14.5707,,,,,,,False,,cex_momentum,BTC/USDT,15.0,0.015,0.003,2.5,60.0,229.0,5.24,3.2246,68.2637,45.5091,-110.5482
395,2026-09-18T07:59:30.516709,,,,,,,,-17.837,-35.3774,-1.0855,-14.5707,,,,,,,False,,cex_momentum,BTC/USDT,15.0,0.015,0.003,2.5,90.0,229.0,5.24,3.2246,68.2637,45.5091,-110.5482
396,2026-09-18T07:59:30.596967,,,,,,,,-17.837,-35.3774,-1.0855,-14.5707,,,,,,,False,,cex_momentum,BTC/USDT,15.0,0.015,0.003,2.5,120.0,229.0,5.24,3.2246,68.2637,45.5091,-110.5482
397,2026-09-18T07:59:30.680882,,,,,,,,-16.545,-36.6094,-0.9998,-14.6473,,,,,,,False,,cex_momentum,BTC/USDT,15.0,0.015,0.003,3.0,30.0,210.0,7.14,2.9906,62.6314,41.7542,-101.3951
398,2026-09-18T07:59:30.765751,,,,,,,,-16.1309,-33.2915,-0.975,-14.4252,,,,,,,False,,cex_momentum,BTC/USDT,15.0,0.015,0.003,3.0,60.0,206.0,5.83,3.7318,61.4427,40.9618,-98.6728
399,2026-09-18T07:59:30.846783,,,,,,,,-16.1309,-33.2915,-0.975,-14.4252,,,,,,,False,,cex_momentum,BTC/USDT,15.0,0.015,0.003,3.0,90.0,206.0,5.83,3.7318,61.4427,40.9618,-98.6728
400,2026-09-18T07:59:30.928416,,,,,,,,-16.1309,-33.2915,-0.975,-14.4252,,,,,,,False,,cex_momentum,BTC/USDT,15.0,0.015,0.003,3.0,120.0,206.0,5.83,3.7318,61.4427,40.9618,-98.6728
401,2026-09-18T07:59:31.009143,,,,,,,,-26.6476,-54.1796,-1.7069,-15.2773,,,,,,,False,,cex_momentum,BTC/USDT,15.0,0.015,0.006,1.5,30.0,344.0,6.69,-4.4687,102.2262,68.1508,-174.8457
402,2026-09-18T07:59:31.090376,,,,,,,,-25.2019,-47.1584,-1.6003,-15.1,,,,,,,False,,cex_momentum,BTC/USDT,15.0,0.015,0.006,1.5,60.0,327.0,6.42,-2.3866,97.2179,64.812,-164.4165
403,2026-09-18T07:59:31.166885,,,,,,,,-25.2226,-47.1084,-1.6018,-15.0984,,,,,,,False,,cex_momentum,BTC/USDT,15.0,0.015,0.006,1.5,90.0,327.0,6.42,-2.5385,97.2173,64.8115,-164.5673
404,2026-09-18T07:59:31.243161,,,,,,,,-25.2226,-47.1084,-1.6018,-15.0984,,,,,,,False,,cex_momentum,BTC/USDT,15.0,0.015,0.006,1.5,120.0,327.0,6.42,-2.5385,97.2173,64.8115,-164.5673
405,2026-09-18T07:59:31.326906,,,,,,,,-22.0567,-44.6205,-1.3748,-15.0166,,,,,,,False,,cex_momentum,BTC/USDT,15.0,0.015,0.006,2.0,30.0,289.0,6.92,1.3904,86.0185,57.3457,-141.9738
406,2026-09-18T07:59:31.409947,,,,,,,,-20.8723,-39.3594,-1.2922,-14.7963,,,,,,,False,,cex_momentum,BTC/USDT,15.0,0.015,0.006,2.0,60.0,276.0,6.16,3.2505,82.1765,54.7844,-133.7104
407,2026-09-18T07:59:31.491151,,,,,,,,-20.8941,-39.2958,-1.2937,-14.7932,,,,,,,False,,cex_momentum,BTC/USDT,15.0,0.015,0.006,2.0,90.0,276.0,6.16,3.0982,82.176,54.784,-133.8617
408,2026-09-18T07:59:31.569767,,,,,,,,-20.8941,-39.2958,-1.2937,-14.7932,,,,,,,False,,cex_momentum,BTC/USDT,15.0,0.015,0.006,2.0,120.0,276.0,6.16,3.0982,82.176,54.784,-133.8617
409,2026-09-18T07:59:31.654439,,,,,,,,-18.5887,-40.2166,-1.136,-14.8374,,,,,,,False,,cex_momentum,BTC/USDT,15.0,0.015,0.006,2.5,30.0,236.0,6.36,1.6363,70.3396,46.8931,-115.5964
410,2026-09-18T07:59:31.738048,,,,,,,,-17.8487,-34.8368,-1.0863,-14.535,,,,,,,False,,cex_momentum,BTC/USDT,15.0,0.015,0.006,2.5,60.0,229.0,5.24,3.1461,68.2634,45.5089,-110.6262
411,2026-09-18T07:59:31.817695,,,,,,,,-17.8487,-34.8368,-1.0863,-14.535,,,,,,,False,,cex_momentum,BTC/USDT,15.0,0.015,0.006,2.5,90.0,229.0,5.24,3.1461,68.2634,45.5089,-110.6262
412,2026-09-18T07:59:31.897468,,,,,,,,-17.8487,-34.8368,-1.0863,-14.535,,,,,,,False,,cex_momentum,BTC/USDT,15.0,0.015,0.006,2.5,120.0,229.0,5.24,3.1461,68.2634,45.5089,-110.6262
413,2026-09-18T07:59:31.982873,,,,,,,,-16.5568,-35.9127,-1.0005,-14.6048,,,,,,,False,,cex_momentum,BTC/USDT,15.0,0.015,0.006,3.0,30.0,210.0,7.14,2.9121,62.6311,41.7541,-101.4732
414,2026-09-18T07:59:32.069494,,,,,,,,-16.1428,-32.738,-0.9758,-14.3825,,,,,,,False,,cex_momentum,BTC/USDT,15.0,0.015,0.006,3.0,60.0,206.0,5.83,3.6533,61.4425,40.9617,-98.7509
415,2026-09-18T07:59:32.150034,,,,,,,,-16.1428,-32.738,-0.9758,-14.3825,,,,,,,False,,cex_momentum,BTC/USDT,15.0,0.015,0.006,3.0,90.0,206.0,5.83,3.6533,61.4425,40.9617,-98.7509
416,2026-09-18T07:59:32.230520,,,,,,,,-16.1428,-32.738,-0.9758,-14.3825,,,,,,,False,,cex_momentum,BTC/USDT,15.0,0.015,0.006,3.0,120.0,206.0,5.83,3.6533,61.4425,40.9617,-98.7509
417,2026-09-18T07:59:32.310989,,,,,,,,-26.6992,-54.2801,-1.7107,-15.2793,,,,,,,False,,cex_momentum,BTC/USDT,15.0,0.015,0.01,1.5,30.0,344.0,6.69,-4.857,102.2238,68.1492,-175.2301
418,2026-09-18T07:59:32.391549,,,,,,,,-25.2546,-47.2263,-1.6041,-15.102,,,,,,,False,,cex_momentum,BTC/USDT,15.0,0.015,0.01,1.5,60.0,327.0,6.42,-2.7751,97.2157,64.8105,-164.8012
419,2026-09-18T07:59:32.494933,,,,,,,,-25.2752,-47.1773,-1.6056,-15.1005,,,,,,,False,,cex_momentum,BTC/USDT,15.0,0.015,0.01,1.5,90.0,327.0,6.42,-2.9271,97.215,64.81,-164.9521
420,2026-09-18T07:59:32.584257,,,,,,,,-25.2752,-47.1773,-1.6056,-15.1005,,,,,,,False,,cex_momentum,BTC/USDT,15.0,0.015,0.01,1.5,120.0,327.0,6.42,-2.9271,97.215,64.81,-164.9521
421,2026-09-18T07:59:32.660632,,,,,,,,-22.0567,-44.6205,-1.3748,-15.0166,,,,,,,False,,cex_momentum,BTC/USDT,15.0,0.015,0.01,2.0,30.0,289.0,6.92,1.3904,86.0185,57.3457,-141.9738
422,2026-09-18T07:59:32.736833,,,,,,,,-20.8723,-39.3594,-1.2922,-14.7963,,,,,,,False,,cex_momentum,BTC/USDT,15.0,0.015,0.01,2.0,60.0,276.0,6.16,3.2505,82.1765,54.7844,-133.7104
423,2026-09-18T07:59:32.814575,,,,,,,,-20.8941,-39.2958,-1.2937,-14.7932,,,,,,,False,,cex_momentum,BTC/USDT,15.0,0.015,0.01,2.0,90.0,276.0,6.16,3.0982,82.176,54.784,-133.8617
424,2026-09-18T07:59:32.892239,,,,,,,,-20.8941,-39.2958,-1.2937,-14.7932,,,,,,,False,,cex_momentum,BTC/USDT,15.0,0.015,0.01,2.0,120.0,276.0,6.16,3.0982,82.176,54.784,-133.8617
425,2026-09-18T07:59:32.971475,,,,,,,,-18.5887,-40.2166,-1.136,-14.8374,,,,,,,False,,cex_momentum,BTC/USDT,15.0,0.015,0.01,2.5,30.0,236.0,6.36,1.6363,70.3396,46.8931,-115.5964
426,2026-09-18T07:59:33.051077,,,,,,,,-17.8487,-34.8368,-1.0863,-14.535,,,,,,,False,,cex_momentum,BTC/USDT,15.0,0.015,0.01,2.5,60.0,229.0,5.24,3.1461,68.2634,45.5089,-110.6262
427,2026-09-18T07:59:33.129045,,,,,,,,-17.8487,-34.8368,-1.0863,-14.535,,,,,,,False,,cex_momentum,BTC/USDT,15.0,0.015,0.01,2.5,90.0,229.0,5.24,3.1461,68.2634,45.5089,-110.6262
428,2026-09-18T07:59:33.204219,,,,,,,,-17.8487,-34.8368,-1.0863,-14.535,,,,,,,False,,cex_momentum,BTC/USDT,15.0,0.015,0.01,2.5,120.0,229.0,5.24,3.1461,68.2634,45.5089,-110.6262
429,2026-09-18T07:59:33.283368,,,,,,,,-16.5568,-35.9127,-1.0005,-14.6048,,,,,,,False,,cex_momentum,BTC/USDT,15.0,0.015,0.01,3.0,30.0,210.0,7.14,2.9121,62.6311,41.7541,-101.4732
430,2026-09-18T07:59:33.363768,,,,,,,,-16.1428,-32.738,-0.9758,-14.3825,,,,,,,False,,cex_momentum,BTC/USDT,15.0,0.015,0.01,3.0,60.0,206.0,5.83,3.6533,61.4425,40.9617,-98.7509
431,2026-09-18T07:59:33.444971,,,,,,,,-16.1428,-32.738,-0.9758,-14.3825,,,,,,,False,,cex_momentum,BTC/USDT,15.0,0.015,0.01,3.0,90.0,206.0,5.83,3.6533,61.4425,40.9617,-98.7509
432,2026-09-18T07:59:33.524926,,,,,,,,-16.1428,-32.738,-0.9758,-14.3825,,,,,,,False,,cex_momentum,BTC/USDT,15.0,0.015,0.01,3.0,120.0,206.0,5.83,3.6533,61.4425,40.9617,-98.7509
433,2026-09-18T07:59:33.604987,,,,,,,,-26.3545,-53.9595,-1.6851,-15.2727,,,,,,,False,,cex_momentum,BTC/USDT,15.0,0.02,0.003,1.5,30.0,343.0,6.71,-2.7762,101.9358,67.9572,-172.6693
434,2026-09-18T07:59:33.684890,,,,,,,,-25.0024,-48.7569,-1.5857,-15.1465,,,,,,,False,,cex_momentum,BTC/USDT,15.0,0.02,0.003,1.5,60.0,326.0,6.44,-1.416,96.9266,64.6177,-162.9604
435,2026-09-18T07:59:33.766166,,,,,,,,-25.0231,-48.6926,-1.5872,-15.1447,,,,,,,False,,cex_momentum,BTC/USDT,15.0,0.02,0.003,1.5,90.0,326.0,6.44,-1.568,96.926,64.6173,-163.1113
436,2026-09-18T07:59:33.842192,,,,,,,,-25.0231,-48.6926,-1.5872,-15.1447,,,,,,,False,,cex_momentum,BTC/USDT,15.0,0.02,0.003,1.5,120.0,326.0,6.44,-1.568,96.926,64.6173,-163.1113
437,2026-09-18T07:59:33.924585,,,,,,,,-22.131,-46.8382,-1.3801,-15.0901,,,,,,,False,,cex_momentum,BTC/USDT,15.0,0.02,0.003,2.0,30.0,289.0,6.92,0.8621,86.0146,57.3431,-142.4955
438,2026-09-18T07:59:34.007628,,,,,,,,-21.0521,-42.9059,-1.3046,-14.9526,,,,,,,False,,cex_momentum,BTC/USDT,15.0,0.02,0.003,2.0,60.0,276.0,6.16,1.9964,82.1722,54.7815,-134.9574
439,2026-09-18T07:59:34.090974,,,,,,,,-21.0739,-42.8201,-1.3062,-14.9492,,,,,,,False,,cex_momentum,BTC/USDT,15.0,0.02,0.003,2.0,90.0,276.0,6.16,1.8441,82.1717,54.7811,-135.1087
440,2026-09-18T07:59:34.166615,,,,,,,,-21.0739,-42.8201,-1.3062,-14.9492,,,,,,,False,,cex_momentum,BTC/USDT,15.0,0.02,0.003,2.0,120.0,276.0,6.16,1.8441,82.1717,54.7811,-135.1087
441,2026-09-18T07:59:34.251680,,,,,,,,-18.752,-41.8895,-1.1471,-14.9114,,,,,,,False,,cex_momentum,BTC/USDT,15.0,0.02,0.003,2.5,30.0,236.0,6.36,0.5262,70.3351,46.8901,-116.6989
442,2026-09-18T07:59:34.336410,,,,,,,,-18.1218,-37.6405,-1.1046,-14.7064,,,,,,,False,,cex_momentum,BTC/USDT,15.0,0.02,0.003,2.5,60.0,229.0,5.24,1.3084,68.2585,45.5057,-112.4557
443,2026-09-18T07:59:34.417315,,,,,,,,-18.1218,-37.6405,-1.1046,-14.7064,,,,,,,False,,cex_momentum,BTC/USDT,15.0,0.02,0.003,2.5,90.0,229.0,5.24,1.3084,68.2585,45.5057,-112.4557
444,2026-09-18T07:59:34.495766,,,,,,,,-18.1218,-37.6405,-1.1046,-14.7064,,,,,,,False,,cex_momentum,BTC/USDT,15.0,0.02,0.003,2.5,120.0,229.0,5.24,1.3084,68.2585,45.5057,-112.4557
445,2026-09-18T07:59:34.579103,,,,,,,,-16.573,-37.021,-1.0016,-14.6714,,,,,,,False,,cex_momentum,BTC/USDT,15.0,0.02,0.003,3.0,30.0,210.0,7.14,2.8055,62.6312,41.7542,-101.58
446,2026-09-18T07:59:34.662332,,,,,,,,-16.2699,-35.1724,-0.9817,-14.5573,,,,,,,False,,cex_momentum,BTC/USDT,15.0,0.02,0.003,3.0,60.0,206.0,5.83,2.8184,61.4421,40.9614,-99.5851
447,2026-09-18T07:59:34.741429,,,,,,,,-16.2699,-35.1724,-0.9817,-14.5573,,,,,,,False,,cex_momentum,BTC/USDT,15.0,0.02,0.003,3.0,90.0,206.0,5.83,2.8184,61.4421,40.9614,-99.5851
448,2026-09-18T07:59:34.821421,,,,,,,,-16.2699,-35.1724,-0.9817,-14.5573,,,,,,,False,,cex_momentum,BTC/USDT,15.0,0.02,0.003,3.0,120.0,206.0,5.83,2.8184,61.4421,40.9614,-99.5851
449,2026-09-18T07:59:34.903442,,,,,,,,-26.4477,-52.0645,-1.692,-15.2307,,,,,,,False,,cex_momentum,BTC/USDT,15.0,0.02,0.006,1.5,30.0,343.0,6.71,-3.4703,101.9341,67.956,-173.3604
450,2026-09-18T07:59:34.981671,,,,,,,,-25.0973,-47.0281,-1.5926,-15.096,,,,,,,False,,cex_momentum,BTC/USDT,15.0,0.02,0.006,1.5,60.0,326.0,6.44,-2.1106,96.9249,64.6166,-163.6521
451,2026-09-18T07:59:35.061623,,,,,,,,-25.1179,-46.976,-1.5941,-15.0944,,,,,,,False,,cex_momentum,BTC/USDT,15.0,0.02,0.006,1.5,90.0,326.0,6.44,-2.2626,96.9242,64.6162,-163.803
452,2026-09-18T07:59:35.137896,,,,,,,,-25.1179,-46.976,-1.5941,-15.0944,,,,,,,False,,cex_momentum,BTC/USDT,15.0,0.02,0.006,1.5,120.0,326.0,6.44,-2.2626,96.9242,64.6162,-163.803
453,2026-09-18T07:59:35.219024,,,,,,,,-22.2241,-45.4588,-1.3866,-15.0455,,,,,,,False,,cex_momentum,BTC/USDT,15.0,0.02,0.006,2.0,30.0,289.0,6.92,0.2041,86.0132,57.3421,-143.1512
454,2026-09-18T07:59:35.302878,,,,,,,,-21.1466,-41.5944,-1.3112,-14.8989,,,,,,,False,,cex_momentum,BTC/USDT,15.0,0.02,0.006,2.0,60.0,276.0,6.16,1.338,82.1709,54.7806,-135.6135
455,2026-09-18T07:59:35.383830,,,,,,,,-21.1683,-41.5219,-1.3127,-14.8958,,,,,,,False,,cex_momentum,BTC/USDT,15.0,0.02,0.006,2.0,90.0,276.0,6.16,1.1857,82.1703,54.7802,-135.7648
456,2026-09-18T07:59:35.461957,,,,,,,,-21.1683,-41.5219,-1.3127,-14.8958,,,,,,,False,,cex_momentum,BTC/USDT,15.0,0.02,0.006,2.0,120.0,276.0,6.16,1.1857,82.1703,54.7802,-135.7648
457,2026-09-18T07:59:35.549287,,,,,,,,-18.7635,-41.1735,-1.1478,-14.8807,,,,,,,False,,cex_momentum,BTC/USDT,15.0,0.02,0.006,2.5,30.0,236.0,6.36,0.4477,70.3348,46.8899,-116.7769
458,2026-09-18T07:59:35.629332,,,,,,,,-18.1334,-37.0129,-1.1054,-14.6709,,,,,,,False,,cex_momentum,BTC/USDT,15.0,0.02,0.006,2.5,60.0,229.0,5.24,1.23,68.2582,45.5055,-112.5338
459,2026-09-18T07:59:35.707756,,,,,,,,-18.1334,-37.0129,-1.1054,-14.6709,,,,,,,False,,cex_momentum,BTC/USDT,15.0,0.02,0.006,2.5,90.0,229.0,5.24,1.23,68.2582,45.5055,-112.5338
460,2026-09-18T07:59:35.785982,,,,,,,,-18.1334,-37.0129,-1.1054,-14.6709,,,,,,,False,,cex_momentum,BTC/USDT,15.0,0.02,0.006,2.5,120.0,229.0,5.24,1.23,68.2582,45.5055,-112.5338
461,2026-09-18T07:59:35.873224,,,,,,,,-16.5849,-36.3032,-1.0024,-14.6289,,,,,,,False,,cex_momentum,BTC/USDT,15.0,0.02,0.006,3.0,30.0,210.0,7.14,2.727,62.631,41.754,-101.6581
462,2026-09-18T07:59:35.957259,,,,,,,,-16.2818,-34.5319,-0.9824,-14.5142,,,,,,,False,,cex_momentum,BTC/USDT,15.0,0.02,0.006,3.0,60.0,206.0,5.83,2.7398,61.4418,40.9612,-99.6632
463,2026-09-18T07:59:36.038605,,,,,,,,-16.2818,-34.5319,-0.9824,-14.5142,,,,,,,False,,cex_momentum,BTC/USDT,15.0,0.02,0.006,3.0,90.0,206.0,5.83,2.7398,61.4418,40.9612,-99.6632
464,2026-09-18T07:59:36.120208,,,,,,,,-16.2818,-34.5319,-0.9824,-14.5142,,,,,,,False,,cex_momentum,BTC/USDT,15.0,0.02,0.006,3.0,120.0,206.0,5.83,2.7398,61.4418,40.9612,-99.6632
465,2026-09-18T07:59:36.192695,,,,,,,,-26.4477,-52.0645,-1.692,-15.2307,,,,,,,False,,cex_momentum,BTC/USDT,15.0,0.02,0.01,1.5,30.0,343.0,6.71,-3.4703,101.9341,67.956,-173.3604
466,2026-09-18T07:59:36.268688,,,,,,,,-25.0973,-47.0281,-1.5926,-15.096,,,,,,,False,,cex_momentum,BTC/USDT,15.0,0.02,0.01,1.5,60.0,326.0,6.44,-2.1106,96.9249,64.6166,-163.6521
467,2026-09-18T07:59:36.343643,,,,,,,,-25.1179,-46.976,-1.5941,-15.0944,,,,,,,False,,cex_momentum,BTC/USDT,15.0,0.02,0.01,1.5,90.0,326.0,6.44,-2.2626,96.9242,64.6162,-163.803
468,2026-09-18T07:59:36.420174,,,,,,,,-25.1179,-46.976,-1.5941,-15.0944,,,,,,,False,,cex_momentum,BTC/USDT,15.0,0.02,0.01,1.5,120.0,326.0,6.44,-2.2626,96.9242,64.6162,-163.803
469,2026-09-18T07:59:36.499680,,,,,,,,-22.2241,-45.4588,-1.3866,-15.0455,,,,,,,False,,cex_momentum,BTC/USDT,15.0,0.02,0.01,2.0,30.0,289.0,6.92,0.2041,86.0132,57.3421,-143.1512
470,2026-09-18T07:59:36.577755,,,,,,,,-21.1466,-41.5944,-1.3112,-14.8989,,,,,,,False,,cex_momentum,BTC/USDT,15.0,0.02,0.01,2.0,60.0,276.0,6.16,1.338,82.1709,54.7806,-135.6135
471,2026-09-18T07:59:36.657024,,,,,,,,-21.1683,-41.5219,-1.3127,-14.8958,,,,,,,False,,cex_momentum,BTC/USDT,15.0,0.02,0.01,2.0,90.0,276.0,6.16,1.1857,82.1703,54.7802,-135.7648
472,2026-09-18T07:59:36.735942,,,,,,,,-21.1683,-41.5219,-1.3127,-14.8958,,,,,,,False,,cex_momentum,BTC/USDT,15.0,0.02,0.01,2.0,120.0,276.0,6.16,1.1857,82.1703,54.7802,-135.7648
473,2026-09-18T07:59:36.817150,,,,,,,,-18.7635,-41.1735,-1.1478,-14.8807,,,,,,,False,,cex_momentum,BTC/USDT,15.0,0.02,0.01,2.5,30.0,236.0,6.36,0.4477,70.3348,46.8899,-116.7769
474,2026-09-18T07:59:36.897631,,,,,,,,-18.1334,-37.0129,-1.1054,-14.6709,,,,,,,False,,cex_momentum,BTC/USDT,15.0,0.02,0.01,2.5,60.0,229.0,5.24,1.23,68.2582,45.5055,-112.5338
475,2026-09-18T07:59:36.978694,,,,,,,,-18.1334,-37.0129,-1.1054,-14.6709,,,,,,,False,,cex_momentum,BTC/USDT,15.0,0.02,0.01,2.5,90.0,229.0,5.24,1.23,68.2582,45.5055,-112.5338
476,2026-09-18T07:59:37.058032,,,,,,,,-18.1334,-37.0129,-1.1054,-14.6709,,,,,,,False,,cex_momentum,BTC/USDT,15.0,0.02,0.01,2.5,120.0,229.0,5.24,1.23,68.2582,45.5055,-112.5338
477,2026-09-18T07:59:37.137999,,,,,,,,-16.5849,-36.3032,-1.0024,-14.6289,,,,,,,False,,cex_momentum,BTC/USDT,15.0,0.02,0.01,3.0,30.0,210.0,7.14,2.727,62.631,41.754,-101.6581
478,2026-09-18T07:59:37.217681,,,,,,,,-16.2818,-34.5319,-0.9824,-14.5142,,,,,,,False,,cex_momentum,BTC/USDT,15.0,0.02,0.01,3.0,60.0,206.0,5.83,2.7398,61.4418,40.9612,-99.6632
479,2026-09-18T07:59:37.297204,,,,,,,,-16.2818,-34.5319,-0.9824,-14.5142,,,,,,,False,,cex_momentum,BTC/USDT,15.0,0.02,0.01,3.0,90.0,206.0,5.83,2.7398,61.4418,40.9612,-99.6632
480,2026-09-18T07:59:37.376290,,,,,,,,-16.2818,-34.5319,-0.9824,-14.5142,,,,,,,False,,cex_momentum,BTC/USDT,15.0,0.02,0.01,3.0,120.0,206.0,5.83,2.7398,61.4418,40.9612,-99.6632
481,2026-09-18T07:59:37.458338,,,,,,,,-25.1938,-64.2673,-1.5997,-15.4431,,,,,,,False,,cex_momentum,BTC/USDT,20.0,0.004,0.003,1.5,30.0,329.0,9.42,-1.059,97.8181,65.212,-164.0891
482,2026-09-18T07:59:37.566359,,,,,,,,-24.6235,-63.4423,-1.5581,-15.4322,,,,,,,False,,cex_momentum,BTC/USDT,20.0,0.004,0.003,1.5,60.0,321.0,9.66,-0.8376,95.4604,63.6403,-159.9384
483,2026-09-18T07:59:37.658221,,,,,,,,-24.6235,-63.4423,-1.5581,-15.4322,,,,,,,False,,cex_momentum,BTC/USDT,20.0,0.004,0.003,1.5,90.0,321.0,9.66,-0.8376,95.4604,63.6403,-159.9384
484,2026-09-18T07:59:37.734272,,,,,,,,-24.6235,-63.4423,-1.5581,-15.4322,,,,,,,False,,cex_momentum,BTC/USDT,20.0,0.004,0.003,1.5,120.0,321.0,9.66,-0.8376,95.4604,63.6403,-159.9384
485,2026-09-18T07:59:37.818334,,,,,,,,-21.5674,-51.6658,-1.3405,-15.2214,,,,,,,False,,cex_momentum,BTC/USDT,20.0,0.004,0.003,2.0,30.0,280.0,10.0,0.3831,83.3572,55.5715,-138.5455
486,2026-09-18T07:59:37.900191,,,,,,,,-21.0835,-50.1115,-1.3068,-15.1829,,,,,,,False,,cex_momentum,BTC/USDT,20.0,0.004,0.003,2.0,60.0,273.0,9.89,0.3035,81.2873,54.1915,-135.1754
487,2026-09-18T07:59:37.980133,,,,,,,,-21.0835,-50.1115,-1.3068,-15.1829,,,,,,,False,,cex_momentum,BTC/USDT,20.0,0.004,0.003,2.0,90.0,273.0,9.89,0.3035,81.2873,54.1915,-135.1754
488,2026-09-18T07:59:38.058931,,,,,,,,-21.0835,-50.1115,-1.3068,-15.1829,,,,,,,False,,cex_momentum,BTC/USDT,20.0,0.004,0.003,2.0,120.0,273.0,9.89,0.3035,81.2873,54.1915,-135.1754
489,2026-09-18T07:59:38.147707,,,,,,,,-18.2919,-50.3354,-1.116,-15.1886,,,,,,,False,,cex_momentum,BTC/USDT,20.0,0.004,0.003,2.5,30.0,229.0,9.61,0.1708,68.2613,45.5075,-113.598
490,2026-09-18T07:59:38.230750,,,,,,,,-17.9773,-47.7858,-1.0949,-15.1188,,,,,,,False,,cex_momentum,BTC/USDT,20.0,0.004,0.003,2.5,60.0,225.0,9.33,0.3051,67.0752,44.7168,-111.4868
491,2026-09-18T07:59:38.309970,,,,,,,,-17.9773,-47.7858,-1.0949,-15.1188,,,,,,,False,,cex_momentum,BTC/USDT,20.0,0.004,0.003,2.5,90.0,225.0,9.33,0.3051,67.0752,44.7168,-111.4868
492,2026-09-18T07:59:38.390633,,,,,,,,-17.9773,-47.7858,-1.0949,-15.1188,,,,,,,False,,cex_momentum,BTC/USDT,20.0,0.004,0.003,2.5,120.0,225.0,9.33,0.3051,67.0752,44.7168,-111.4868
493,2026-09-18T07:59:38.477553,,,,,,,,-16.427,-45.8585,-0.992,-15.0588,,,,,,,False,,cex_momentum,BTC/USDT,20.0,0.004,0.003,3.0,30.0,205.0,9.76,1.2925,61.1463,40.7642,-100.618
494,2026-09-18T07:59:38.564794,,,,,,,,-16.1659,-43.1681,-0.9748,-14.9628,,,,,,,False,,cex_momentum,BTC/USDT,20.0,0.004,0.003,3.0,60.0,202.0,9.41,1.5245,60.256,40.1707,-98.9022
495,2026-09-18T07:59:38.646049,,,,,,,,-16.1659,-43.1681,-0.9748,-14.9628,,,,,,,False,,cex_momentum,BTC/USDT,20.0,0.004,0.003,3.0,90.0,202.0,9.41,1.5245,60.256,40.1707,-98.9022
496,2026-09-18T07:59:38.723868,,,,,,,,-16.1659,-43.1681,-0.9748,-14.9628,,,,,,,False,,cex_momentum,BTC/USDT,20.0,0.004,0.003,3.0,120.0,202.0,9.41,1.5245,60.256,40.1707,-98.9022
529,2026-09-18T07:59:38.805556,,,,,,,,-24.5202,-57.8849,-1.5507,-15.3476,,,,,,,False,,cex_momentum,BTC/USDT,20.0,0.007,0.003,1.5,30.0,318.0,7.23,-1.6074,94.5726,63.0484,-159.2285
530,2026-09-18T07:59:38.885260,,,,,,,,-23.4933,-56.2644,-1.4767,-15.3184,,,,,,,False,,cex_momentum,BTC/USDT,20.0,0.007,0.003,1.5,60.0,305.0,7.54,-0.8346,90.7394,60.4929,-152.067
531,2026-09-18T07:59:38.965635,,,,,,,,-23.5144,-56.1462,-1.4782,-15.3162,,,,,,,False,,cex_momentum,BTC/USDT,20.0,0.007,0.003,1.5,90.0,305.0,7.54,-0.9868,90.7388,60.4925,-152.2181
532,2026-09-18T07:59:39.041478,,,,,,,,-23.5144,-56.1462,-1.4782,-15.3162,,,,,,,False,,cex_momentum,BTC/USDT,20.0,0.007,0.003,1.5,120.0,305.0,7.54,-0.9868,90.7388,60.4925,-152.2181
533,2026-09-18T07:59:39.124679,,,,,,,,-20.7122,-45.5647,-1.2811,-15.0491,,,,,,,False,,cex_momentum,BTC/USDT,20.0,0.007,0.003,2.0,30.0,269.0,7.81,0.9042,80.1042,53.4028,-132.6028
534,2026-09-18T07:59:39.202588,,,,,,,,-19.934,-44.9062,-1.2275,-15.0266,,,,,,,False,,cex_momentum,BTC/USDT,20.0,0.007,0.003,2.0,60.0,259.0,7.34,1.3316,77.147,51.4314,-127.2468
535,2026-09-18T07:59:39.285237,,,,,,,,-19.9561,-44.8154,-1.229,-15.0234,,,,,,,False,,cex_momentum,BTC/USDT,20.0,0.007,0.003,2.0,90.0,259.0,7.34,1.1793,77.1465,51.431,-127.3982
536,2026-09-18T07:59:39.363659,,,,,,,,-19.9561,-44.8154,-1.229,-15.0234,,,,,,,False,,cex_momentum,BTC/USDT,20.0,0.007,0.003,2.0,120.0,259.0,7.34,1.1793,77.1465,51.431,-127.3982
537,2026-09-18T07:59:39.448122,,,,,,,,-17.5701,-43.0742,-1.0677,-14.9592,,,,,,,False,,cex_momentum,BTC/USDT,20.0,0.007,0.003,2.5,30.0,220.0,7.27,0.5572,65.5941,43.7294,-108.7663
538,2026-09-18T07:59:39.531872,,,,,,,,-17.2453,-41.2973,-1.0461,-14.8861,,,,,,,False,,cex_momentum,BTC/USDT,20.0,0.007,0.003,2.5,60.0,216.0,6.48,0.7399,64.4069,42.9379,-106.6049
539,2026-09-18T07:59:39.612690,,,,,,,,-17.2453,-41.2973,-1.0461,-14.8861,,,,,,,False,,cex_momentum,BTC/USDT,20.0,0.007,0.003,2.5,90.0,216.0,6.48,0.7399,64.4069,42.9379,-106.6049
540,2026-09-18T07:59:39.691715,,,,,,,,-17.2453,-41.2973,-1.0461,-14.8861,,,,,,,False,,cex_momentum,BTC/USDT,20.0,0.007,0.003,2.5,120.0,216.0,6.48,0.7399,64.4069,42.9379,-106.6049
541,2026-09-18T07:59:39.780848,,,,,,,,-15.5019,-36.9084,-0.9314,-14.6649,,,,,,,False,,cex_momentum,BTC/USDT,20.0,0.007,0.003,3.0,30.0,195.0,7.69,2.4039,58.1793,38.7862,-94.5617
542,2026-09-18T07:59:39.867574,,,,,,,,-15.2353,-35.178,-0.9141,-14.5577,,,,,,,False,,cex_momentum,BTC/USDT,20.0,0.007,0.003,3.0,60.0,192.0,6.77,2.6518,57.2881,38.1921,-92.8284
543,2026-09-18T07:59:39.953642,,,,,,,,-15.2353,-35.178,-0.9141,-14.5577,,,,,,,False,,cex_momentum,BTC/USDT,20.0,0.007,0.003,3.0,90.0,192.0,6.77,2.6518,57.2881,38.1921,-92.8284
544,2026-09-18T07:59:40.034065,,,,,,,,-15.2353,-35.178,-0.9141,-14.5577,,,,,,,False,,cex_momentum,BTC/USDT,20.0,0.007,0.003,3.0,120.0,192.0,6.77,2.6518,57.2881,38.1921,-92.8284
545,2026-09-18T07:59:40.115892,,,,,,,,-24.7926,-57.0085,-1.5704,-15.3321,,,,,,,False,,cex_momentum,BTC/USDT,20.0,0.007,0.006,1.5,30.0,318.0,7.23,-3.5937,94.5666,63.0444,-161.2047
546,2026-09-18T07:59:40.196671,,,,,,,,-23.7694,-55.267,-1.4965,-15.2993,,,,,,,False,,cex_momentum,BTC/USDT,20.0,0.007,0.006,1.5,60.0,305.0,7.54,-2.8223,90.7335,60.489,-154.0447
547,2026-09-18T07:59:40.277652,,,,,,,,-23.7904,-55.1703,-1.498,-15.2974,,,,,,,False,,cex_momentum,BTC/USDT,20.0,0.007,0.006,1.5,90.0,305.0,7.54,-2.9744,90.7328,60.4885,-154.1957
548,2026-09-18T07:59:40.354407,,,,,,,,-23.7904,-55.1703,-1.498,-15.2974,,,,,,,False,,cex_momentum,BTC/USDT,20.0,0.007,0.006,1.5,120.0,305.0,7.54,-2.9744,90.7328,60.4885,-154.1957
549,2026-09-18T07:59:40.438757,,,,,,,,-20.8449,-44.4013,-1.2903,-15.0088,,,,,,,False,,cex_momentum,BTC/USDT,20.0,0.007,0.006,2.0,30.0,269.0,7.81,-0.0163,80.1026,53.4018,-133.5207
550,2026-09-18T07:59:40.522831,,,,,,,,-20.0679,-43.6044,-1.2367,-14.9795,,,,,,,False,,cex_momentum,BTC/USDT,20.0,0.007,0.006,2.0,60.0,259.0,7.34,0.4106,77.1455,51.4303,-128.1652
551,2026-09-18T07:59:40.607067,,,,,,,,-20.09,-43.5291,-1.2382,-14.9766,,,,,,,False,,cex_momentum,BTC/USDT,20.0,0.007,0.006,2.0,90.0,259.0,7.34,0.2583,77.145,51.43,-128.3166
552,2026-09-18T07:59:40.686994,,,,,,,,-20.09,-43.5291,-1.2382,-14.9766,,,,,,,False,,cex_momentum,BTC/USDT,20.0,0.007,0.006,2.0,120.0,259.0,7.34,0.2583,77.145,51.43,-128.3166
553,2026-09-18T07:59:40.772620,,,,,,,,-17.6211,-42.5085,-1.0711,-14.9368,,,,,,,False,,cex_momentum,BTC/USDT,20.0,0.007,0.006,2.5,30.0,220.0,7.27,0.2161,65.5936,43.7291,-109.1066
554,2026-09-18T07:59:40.857725,,,,,,,,-17.2965,-40.7707,-1.0495,-14.8628,,,,,,,False,,cex_momentum,BTC/USDT,20.0,0.007,0.006,2.5,60.0,216.0,6.48,0.3987,64.4064,42.9376,-106.9453
555,2026-09-18T07:59:40.939202,,,,,,,,-17.2965,-40.7707,-1.0495,-14.8628,,,,,,,False,,cex_momentum,BTC/USDT,20.0,0.007,0.006,2.5,90.0,216.0,6.48,0.3987,64.4064,42.9376,-106.9453
556,2026-09-18T07:59:41.016980,,,,,,,,-17.2965,-40.7707,-1.0495,-14.8628,,,,,,,False,,cex_momentum,BTC/USDT,20.0,0.007,0.006,2.5,120.0,216.0,6.48,0.3987,64.4064,42.9376,-106.9453
557,2026-09-18T07:59:41.102146,,,,,,,,-15.5542,-36.5052,-0.9348,-14.641,,,,,,,False,,cex_momentum,BTC/USDT,20.0,0.007,0.006,3.0,30.0,195.0,7.69,2.0624,58.1789,38.786,-94.9025
558,2026-09-18T07:59:41.181767,,,,,,,,-15.2878,-34.8121,-0.9175,-14.5333,,,,,,,False,,cex_momentum,BTC/USDT,20.0,0.007,0.006,3.0,60.0,192.0,6.77,2.3103,57.2877,38.1918,-93.1692
559,2026-09-18T07:59:41.263345,,,,,,,,-15.2878,-34.8121,-0.9175,-14.5333,,,,,,,False,,cex_momentum,BTC/USDT,20.0,0.007,0.006,3.0,90.0,192.0,6.77,2.3103,57.2877,38.1918,-93.1692
560,2026-09-18T07:59:41.343654,,,,,,,,-15.2878,-34.8121,-0.9175,-14.5333,,,,,,,False,,cex_momentum,BTC/USDT,20.0,0.007,0.006,3.0,120.0,192.0,6.77,2.3103,57.2877,38.1918,-93.1692
577,2026-09-18T07:59:41.425764,,,,,,,,-24.2258,-53.3817,-1.5294,-15.2603,,,,,,,False,,cex_momentum,BTC/USDT,20.0,0.01,0.003,1.5,30.0,315.0,6.98,-0.9523,93.6884,62.459,-157.0997
578,2026-09-18T07:59:41.509675,,,,,,,,-22.9604,-49.1271,-1.4387,-15.1567,,,,,,,False,,cex_momentum,BTC/USDT,20.0,0.01,0.003,1.5,60.0,300.0,7.33,0.5046,89.2638,59.5092,-148.2684
579,2026-09-18T07:59:41.589552,,,,,,,,-22.9816,-49.0412,-1.4402,-15.1544,,,,,,,False,,cex_momentum,BTC/USDT,20.0,0.01,0.003,1.5,90.0,300.0,7.33,0.3524,89.2632,59.5088,-148.4195
580,2026-09-18T07:59:41.667750,,,,,,,,-22.9816,-49.0412,-1.4402,-15.1544,,,,,,,False,,cex_momentum,BTC/USDT,20.0,0.01,0.003,1.5,120.0,300.0,7.33,0.3524,89.2632,59.5088,-148.4195
581,2026-09-18T07:59:41.751117,,,,,,,,-20.817,-44.7212,-1.2883,-15.0201,,,,,,,False,,cex_momentum,BTC/USDT,20.0,0.01,0.003,2.0,30.0,267.0,7.12,-0.8173,79.5064,53.0042,-133.3279
582,2026-09-18T07:59:41.836781,,,,,,,,-19.8827,-42.7322,-1.224,-14.9457,,,,,,,False,,cex_momentum,BTC/USDT,20.0,0.01,0.003,2.0,60.0,255.0,6.67,-0.3011,75.9566,50.6378,-126.8955
583,2026-09-18T07:59:41.919552,,,,,,,,-19.9048,-42.6571,-1.2255,-14.9428,,,,,,,False,,cex_momentum,BTC/USDT,20.0,0.01,0.003,2.0,90.0,255.0,6.67,-0.4534,75.9561,50.6374,-127.047
584,2026-09-18T07:59:41.998884,,,,,,,,-19.9048,-42.6571,-1.2255,-14.9428,,,,,,,False,,cex_momentum,BTC/USDT,20.0,0.01,0.003,2.0,120.0,255.0,6.67,-0.4534,75.9561,50.6374,-127.047
585,2026-09-18T07:59:42.083110,,,,,,,,-17.5603,-42.4179,-1.0671,-14.9331,,,,,,,False,,cex_momentum,BTC/USDT,20.0,0.01,0.003,2.5,30.0,217.0,6.45,-0.8676,64.7,43.1334,-108.701
586,2026-09-18T07:59:42.166681,,,,,,,,-17.0728,-39.2976,-1.0347,-14.7933,,,,,,,False,,cex_momentum,BTC/USDT,20.0,0.01,0.003,2.5,60.0,211.0,5.69,-0.5953,62.9191,41.9461,-105.4605
587,2026-09-18T07:59:42.245758,,,,,,,,-17.0728,-39.2976,-1.0347,-14.7933,,,,,,,False,,cex_momentum,BTC/USDT,20.0,0.01,0.003,2.5,90.0,211.0,5.69,-0.5953,62.9191,41.9461,-105.4605
588,2026-09-18T07:59:42.326158,,,,,,,,-17.0728,-39.2976,-1.0347,-14.7933,,,,,,,False,,cex_momentum,BTC/USDT,20.0,0.01,0.003,2.5,120.0,211.0,5.69,-0.5953,62.9191,41.9461,-105.4605
589,2026-09-18T07:59:42.410457,,,,,,,,-15.4012,-35.8212,-0.9249,-14.5991,,,,,,,False,,cex_momentum,BTC/USDT,20.0,0.01,0.003,3.0,30.0,193.0,7.25,2.0695,57.5856,38.3904,-93.9064
590,2026-09-18T07:59:42.494772,,,,,,,,-15.109,-33.9683,-0.9059,-14.4745,,,,,,,False,,cex_momentum,BTC/USDT,20.0,0.01,0.003,3.0,60.0,189.0,6.35,1.985,56.3964,37.5976,-92.0089
591,2026-09-18T07:59:42.576859,,,,,,,,-15.109,-33.9683,-0.9059,-14.4745,,,,,,,False,,cex_momentum,BTC/USDT,20.0,0.01,0.003,3.0,90.0,189.0,6.35,1.985,56.3964,37.5976,-92.0089
592,2026-09-18T07:59:42.657996,,,,,,,,-15.109,-33.9683,-0.9059,-14.4745,,,,,,,False,,cex_momentum,BTC/USDT,20.0,0.01,0.003,3.0,120.0,189.0,6.35,1.985,56.3964,37.5976,-92.0089
593,2026-09-18T07:59:42.743056,,,,,,,,-24.3217,-51.4433,-1.5363,-15.216,,,,,,,False,,cex_momentum,BTC/USDT,20.0,0.01,0.006,1.5,30.0,315.0,6.98,-1.6472,93.6868,62.4579,-157.7919
594,2026-09-18T07:59:42.824074,,,,,,,,-23.0578,-47.2467,-1.4456,-15.1026,,,,,,,False,,cex_momentum,BTC/USDT,20.0,0.01,0.006,1.5,60.0,300.0,7.33,-0.1909,89.2622,59.5081,-148.9612
595,2026-09-18T07:59:42.905821,,,,,,,,-23.0791,-47.1773,-1.4472,-15.1005,,,,,,,False,,cex_momentum,BTC/USDT,20.0,0.01,0.006,1.5,90.0,300.0,7.33,-0.343,89.2616,59.5077,-149.1123
596,2026-09-18T07:59:42.996022,,,,,,,,-23.0791,-47.1773,-1.4472,-15.1005,,,,,,,False,,cex_momentum,BTC/USDT,20.0,0.01,0.006,1.5,120.0,300.0,7.33,-0.343,89.2616,59.5077,-149.1123
597,2026-09-18T07:59:43.077439,,,,,,,,-20.9118,-43.1945,-1.2949,-14.9639,,,,,,,False,,cex_momentum,BTC/USDT,20.0,0.01,0.006,2.0,30.0,267.0,7.12,-1.4757,79.5051,53.0034,-133.9841
598,2026-09-18T07:59:43.156540,,,,,,,,-19.9786,-41.1309,-1.2306,-14.8788,,,,,,,False,,cex_momentum,BTC/USDT,20.0,0.01,0.006,2.0,60.0,255.0,6.67,-0.96,75.9553,50.6369,-127.5522
599,2026-09-18T07:59:43.238585,,,,,,,,-20.0006,-41.0706,-1.2321,-14.8762,,,,,,,False,,cex_momentum,BTC/USDT,20.0,0.01,0.006,2.0,90.0,255.0,6.67,-1.1122,75.9548,50.6366,-127.7036
600,2026-09-18T07:59:43.317189,,,,,,,,-20.0006,-41.0706,-1.2321,-14.8762,,,,,,,False,,cex_momentum,BTC/USDT,20.0,0.01,0.006,2.0,120.0,255.0,6.67,-1.1122,75.9548,50.6366,-127.7036
601,2026-09-18T07:59:43.402538,,,,,,,,-17.572,-41.4614,-1.0678,-14.8932,,,,,,,False,,cex_momentum,BTC/USDT,20.0,0.01,0.006,2.5,30.0,217.0,6.45,-0.9461,64.6998,43.1332,-108.779
602,2026-09-18T07:59:43.487428,,,,,,,,-17.0846,-38.4024,-1.0354,-14.7476,,,,,,,False,,cex_momentum,BTC/USDT,20.0,0.01,0.006,2.5,60.0,211.0,5.69,-0.6739,62.9189,41.9459,-105.5386
603,2026-09-18T07:59:43.567294,,,,,,,,-17.0846,-38.4024,-1.0354,-14.7476,,,,,,,False,,cex_momentum,BTC/USDT,20.0,0.01,0.006,2.5,90.0,211.0,5.69,-0.6739,62.9189,41.9459,-105.5386
604,2026-09-18T07:59:43.653570,,,,,,,,-17.0846,-38.4024,-1.0354,-14.7476,,,,,,,False,,cex_momentum,BTC/USDT,20.0,0.01,0.006,2.5,120.0,211.0,5.69,-0.6739,62.9189,41.9459,-105.5386
605,2026-09-18T07:59:43.739058,,,,,,,,-15.4132,-34.9821,-0.9256,-14.5447,,,,,,,False,,cex_momentum,BTC/USDT,20.0,0.01,0.006,3.0,30.0,193.0,7.25,1.991,57.5854,38.3902,-93.9846
606,2026-09-18T07:59:43.825012,,,,,,,,-15.1211,-33.2225,-0.9067,-14.4194,,,,,,,False,,cex_momentum,BTC/USDT,20.0,0.01,0.006,3.0,60.0,189.0,6.35,1.9065,56.3962,37.5974,-92.0871
607,2026-09-18T07:59:43.906426,,,,,,,,-15.1211,-33.2225,-0.9067,-14.4194,,,,,,,False,,cex_momentum,BTC/USDT,20.0,0.01,0.006,3.0,90.0,189.0,6.35,1.9065,56.3962,37.5974,-92.0871
608,2026-09-18T07:59:43.987980,,,,,,,,-15.1211,-33.2225,-0.9067,-14.4194,,,,,,,False,,cex_momentum,BTC/USDT,20.0,0.01,0.006,3.0,120.0,189.0,6.35,1.9065,56.3962,37.5974,-92.0871
625,2026-09-18T07:59:44.069683,,,,,,,,-24.2717,-53.9178,-1.5327,-15.2718,,,,,,,False,,cex_momentum,BTC/USDT,20.0,0.015,0.003,1.5,30.0,314.0,6.69,-1.7778,93.3918,62.2612,-157.4308
626,2026-09-18T07:59:44.152481,,,,,,,,-22.8363,-46.265,-1.4299,-15.072,,,,,,,False,,cex_momentum,BTC/USDT,20.0,0.015,0.003,1.5,60.0,298.0,7.05,0.3989,88.6721,59.1147,-147.3879
627,2026-09-18T07:59:44.258955,,,,,,,,-22.8576,-46.1948,-1.4314,-15.0698,,,,,,,False,,cex_momentum,BTC/USDT,20.0,0.015,0.003,1.5,90.0,298.0,7.05,0.2468,88.6715,59.1143,-147.539
628,2026-09-18T07:59:44.331255,,,,,,,,-22.8576,-46.1948,-1.4314,-15.0698,,,,,,,False,,cex_momentum,BTC/USDT,20.0,0.015,0.003,1.5,120.0,298.0,7.05,0.2468,88.6715,59.1143,-147.539
629,2026-09-18T07:59:44.414856,,,,,,,,-20.3124,-40.762,-1.2535,-14.8624,,,,,,,False,,cex_momentum,BTC/USDT,20.0,0.015,0.003,2.0,30.0,266.0,7.14,2.1853,79.2183,52.8122,-129.8452
630,2026-09-18T07:59:44.497447,,,,,,,,-19.0888,-35.2177,-1.1705,-14.5603,,,,,,,False,,cex_momentum,BTC/USDT,20.0,0.015,0.003,2.0,60.0,253.0,6.72,4.1364,75.373,50.2487,-121.4853
631,2026-09-18T07:59:44.579170,,,,,,,,-19.1111,-35.1735,-1.172,-14.5574,,,,,,,False,,cex_momentum,BTC/USDT,20.0,0.015,0.003,2.0,90.0,253.0,6.72,3.984,75.3725,50.2484,-121.6369
632,2026-09-18T07:59:44.655058,,,,,,,,-19.1111,-35.1735,-1.172,-14.5574,,,,,,,False,,cex_momentum,BTC/USDT,20.0,0.015,0.003,2.0,120.0,253.0,6.72,3.984,75.3725,50.2484,-121.6369
633,2026-09-18T07:59:44.740485,,,,,,,,-17.1835,-38.5317,-1.042,-14.7543,,,,,,,False,,cex_momentum,BTC/USDT,20.0,0.015,0.003,2.5,30.0,217.0,6.45,1.6474,64.7051,43.1368,-106.1945
634,2026-09-18T07:59:44.824068,,,,,,,,-16.401,-32.4045,-0.9903,-14.3554,,,,,,,False,,cex_momentum,BTC/USDT,20.0,0.015,0.003,2.5,60.0,210.0,5.71,3.3566,62.6284,41.7523,-101.024
635,2026-09-18T07:59:44.903719,,,,,,,,-16.401,-32.4045,-0.9903,-14.3554,,,,,,,False,,cex_momentum,BTC/USDT,20.0,0.015,0.003,2.5,90.0,210.0,5.71,3.3566,62.6284,41.7523,-101.024
636,2026-09-18T07:59:44.978704,,,,,,,,-16.401,-32.4045,-0.9903,-14.3554,,,,,,,False,,cex_momentum,BTC/USDT,20.0,0.015,0.003,2.5,120.0,210.0,5.71,3.3566,62.6284,41.7523,-101.024
637,2026-09-18T07:59:45.062926,,,,,,,,-15.3051,-32.7415,-0.9221,-14.3835,,,,,,,False,,cex_momentum,BTC/USDT,20.0,0.015,0.003,3.0,30.0,193.0,7.25,2.6901,57.5831,38.3887,-93.2817
638,2026-09-18T07:59:45.151566,,,,,,,,-14.8546,-29.3632,-0.904,-14.0999,,,,,,,False,,cex_momentum,BTC/USDT,20.0,0.015,0.003,3.0,60.0,189.0,6.35,3.6298,56.3947,37.5965,-90.3614
639,2026-09-18T07:59:45.233998,,,,,,,,-14.8546,-29.3632,-0.904,-14.0999,,,,,,,False,,cex_momentum,BTC/USDT,20.0,0.015,0.003,3.0,90.0,189.0,6.35,3.6298,56.3947,37.5965,-90.3614
640,2026-09-18T07:59:45.316515,,,,,,,,-14.8546,-29.3632,-0.904,-14.0999,,,,,,,False,,cex_momentum,BTC/USDT,20.0,0.015,0.003,3.0,120.0,189.0,6.35,3.6298,56.3947,37.5965,-90.3614
641,2026-09-18T07:59:45.398590,,,,,,,,-24.4284,-52.035,-1.544,-15.23,,,,,,,False,,cex_momentum,BTC/USDT,20.0,0.015,0.006,1.5,30.0,314.0,6.69,-2.9171,93.3877,62.2585,-158.5632
642,2026-09-18T07:59:45.480197,,,,,,,,-22.996,-44.747,-1.4412,-15.021,,,,,,,False,,cex_momentum,BTC/USDT,20.0,0.015,0.006,1.5,60.0,298.0,7.05,-0.7412,88.6681,59.1121,-148.5214
643,2026-09-18T07:59:45.564670,,,,,,,,-23.0172,-44.6911,-1.4428,-15.0191,,,,,,,False,,cex_momentum,BTC/USDT,20.0,0.015,0.006,1.5,90.0,298.0,7.05,-0.8933,88.6675,59.1117,-148.6725
644,2026-09-18T07:59:45.640924,,,,,,,,-23.0172,-44.6911,-1.4428,-15.0191,,,,,,,False,,cex_momentum,BTC/USDT,20.0,0.015,0.006,1.5,120.0,298.0,7.05,-0.8933,88.6675,59.1117,-148.6725
645,2026-09-18T07:59:45.724879,,,,,,,,-20.4078,-39.523,-1.2601,-14.8043,,,,,,,False,,cex_momentum,BTC/USDT,20.0,0.015,0.006,2.0,30.0,266.0,7.14,1.5266,79.217,52.8113,-130.5017
646,2026-09-18T07:59:45.808858,,,,,,,,-19.1856,-34.23,-1.177,-14.4931,,,,,,,False,,cex_momentum,BTC/USDT,20.0,0.015,0.006,2.0,60.0,253.0,6.72,3.4772,75.3718,50.2478,-122.1424
647,2026-09-18T07:59:45.892400,,,,,,,,-19.2079,-34.1939,-1.1786,-14.4906,,,,,,,False,,cex_momentum,BTC/USDT,20.0,0.015,0.006,2.0,90.0,253.0,6.72,3.3249,75.3713,50.2475,-122.2939
648,2026-09-18T07:59:45.970892,,,,,,,,-19.2079,-34.1939,-1.1786,-14.4906,,,,,,,False,,cex_momentum,BTC/USDT,20.0,0.015,0.006,2.0,120.0,253.0,6.72,3.3249,75.3713,50.2475,-122.2939
649,2026-09-18T07:59:46.054879,,,,,,,,-17.1952,-37.7763,-1.0428,-14.7139,,,,,,,False,,cex_momentum,BTC/USDT,20.0,0.015,0.006,2.5,30.0,217.0,6.45,1.5688,64.7049,43.1366,-106.2726
650,2026-09-18T07:59:46.139044,,,,,,,,-16.4128,-31.8537,-0.9911,-14.31,,,,,,,False,,cex_momentum,BTC/USDT,20.0,0.015,0.006,2.5,60.0,210.0,5.71,3.2781,62.6281,41.7521,-101.1022
651,2026-09-18T07:59:46.218668,,,,,,,,-16.4128,-31.8537,-0.9911,-14.31,,,,,,,False,,cex_momentum,BTC/USDT,20.0,0.015,0.006,2.5,90.0,210.0,5.71,3.2781,62.6281,41.7521,-101.1022
652,2026-09-18T07:59:46.298038,,,,,,,,-16.4128,-31.8537,-0.9911,-14.31,,,,,,,False,,cex_momentum,BTC/USDT,20.0,0.015,0.006,2.5,120.0,210.0,5.71,3.2781,62.6281,41.7521,-101.1022
653,2026-09-18T07:59:46.383243,,,,,,,,-15.3171,-32.0917,-0.9229,-14.331,,,,,,,False,,cex_momentum,BTC/USDT,20.0,0.015,0.006,3.0,30.0,193.0,7.25,2.6116,57.5829,38.3886,-93.3599
654,2026-09-18T07:59:46.469658,,,,,,,,-14.8667,-28.8638,-0.9048,-14.0474,,,,,,,False,,cex_momentum,BTC/USDT,20.0,0.015,0.006,3.0,60.0,189.0,6.35,3.5513,56.3945,37.5963,-90.4396
655,2026-09-18T07:59:46.549947,,,,,,,,-14.8667,-28.8638,-0.9048,-14.0474,,,,,,,False,,cex_momentum,BTC/USDT,20.0,0.015,0.006,3.0,90.0,189.0,6.35,3.5513,56.3945,37.5963,-90.4396
656,2026-09-18T07:59:46.632123,,,,,,,,-14.8667,-28.8638,-0.9048,-14.0474,,,,,,,False,,cex_momentum,BTC/USDT,20.0,0.015,0.006,3.0,120.0,189.0,6.35,3.5513,56.3945,37.5963,-90.4396
657,2026-09-18T07:59:46.713556,,,,,,,,-24.4815,-52.0713,-1.5479,-15.2309,,,,,,,False,,cex_momentum,BTC/USDT,20.0,0.015,0.01,1.5,30.0,314.0,6.69,-3.3056,93.3856,62.257,-158.9482
658,2026-09-18T07:59:46.795511,,,,,,,,-23.0502,-44.7704,-1.4451,-15.0219,,,,,,,False,,cex_momentum,BTC/USDT,20.0,0.015,0.01,1.5,60.0,298.0,7.05,-1.1301,88.666,59.1107,-148.9068
659,2026-09-18T07:59:46.876465,,,,,,,,-23.0714,-44.7159,-1.4466,-15.0199,,,,,,,False,,cex_momentum,BTC/USDT,20.0,0.015,0.01,1.5,90.0,298.0,7.05,-1.2822,88.6654,59.1103,-149.0579
660,2026-09-18T07:59:46.953267,,,,,,,,-23.0714,-44.7159,-1.4466,-15.0199,,,,,,,False,,cex_momentum,BTC/USDT,20.0,0.015,0.01,1.5,120.0,298.0,7.05,-1.2822,88.6654,59.1103,-149.0579
661,2026-09-18T07:59:47.031846,,,,,,,,-20.4078,-39.523,-1.2601,-14.8043,,,,,,,False,,cex_momentum,BTC/USDT,20.0,0.015,0.01,2.0,30.0,266.0,7.14,1.5266,79.217,52.8113,-130.5017
662,2026-09-18T07:59:47.112437,,,,,,,,-19.1856,-34.23,-1.177,-14.4931,,,,,,,False,,cex_momentum,BTC/USDT,20.0,0.015,0.01,2.0,60.0,253.0,6.72,3.4772,75.3718,50.2478,-122.1424
663,2026-09-18T07:59:47.187831,,,,,,,,-19.2079,-34.1939,-1.1786,-14.4906,,,,,,,False,,cex_momentum,BTC/USDT,20.0,0.015,0.01,2.0,90.0,253.0,6.72,3.3249,75.3713,50.2475,-122.2939
664,2026-09-18T07:59:47.266147,,,,,,,,-19.2079,-34.1939,-1.1786,-14.4906,,,,,,,False,,cex_momentum,BTC/USDT,20.0,0.015,0.01,2.0,120.0,253.0,6.72,3.3249,75.3713,50.2475,-122.2939
665,2026-09-18T07:59:47.345866,,,,,,,,-17.1952,-37.7763,-1.0428,-14.7139,,,,,,,False,,cex_momentum,BTC/USDT,20.0,0.015,0.01,2.5,30.0,217.0,6.45,1.5688,64.7049,43.1366,-106.2726
666,2026-09-18T07:59:47.421689,,,,,,,,-16.4128,-31.8537,-0.9911,-14.31,,,,,,,False,,cex_momentum,BTC/USDT,20.0,0.015,0.01,2.5,60.0,210.0,5.71,3.2781,62.6281,41.7521,-101.1022
667,2026-09-18T07:59:47.501563,,,,,,,,-16.4128,-31.8537,-0.9911,-14.31,,,,,,,False,,cex_momentum,BTC/USDT,20.0,0.015,0.01,2.5,90.0,210.0,5.71,3.2781,62.6281,41.7521,-101.1022
668,2026-09-18T07:59:47.581928,,,,,,,,-16.4128,-31.8537,-0.9911,-14.31,,,,,,,False,,cex_momentum,BTC/USDT,20.0,0.015,0.01,2.5,120.0,210.0,5.71,3.2781,62.6281,41.7521,-101.1022
669,2026-09-18T07:59:47.656040,,,,,,,,-15.3171,-32.0917,-0.9229,-14.331,,,,,,,False,,cex_momentum,BTC/USDT,20.0,0.015,0.01,3.0,30.0,193.0,7.25,2.6116,57.5829,38.3886,-93.3599
670,2026-09-18T07:59:47.732472,,,,,,,,-14.8667,-28.8638,-0.9048,-14.0474,,,,,,,False,,cex_momentum,BTC/USDT,20.0,0.015,0.01,3.0,60.0,189.0,6.35,3.5513,56.3945,37.5963,-90.4396
671,2026-09-18T07:59:47.812853,,,,,,,,-14.8667,-28.8638,-0.9048,-14.0474,,,,,,,False,,cex_momentum,BTC/USDT,20.0,0.015,0.01,3.0,90.0,189.0,6.35,3.5513,56.3945,37.5963,-90.4396
672,2026-09-18T07:59:47.892175,,,,,,,,-14.8667,-28.8638,-0.9048,-14.0474,,,,,,,False,,cex_momentum,BTC/USDT,20.0,0.015,0.01,3.0,120.0,189.0,6.35,3.5513,56.3945,37.5963,-90.4396
673,2026-09-18T07:59:47.973228,,,,,,,,-24.1265,-51.7179,-1.5222,-15.2226,,,,,,,False,,cex_momentum,BTC/USDT,20.0,0.02,0.003,1.5,30.0,313.0,6.71,-1.2223,93.0966,62.0644,-156.3832
674,2026-09-18T07:59:48.054149,,,,,,,,-22.7905,-46.3169,-1.4267,-15.0737,,,,,,,False,,cex_momentum,BTC/USDT,20.0,0.02,0.003,1.5,60.0,297.0,7.07,0.2304,88.376,58.9173,-147.063
675,2026-09-18T07:59:48.139334,,,,,,,,-22.8118,-46.245,-1.4282,-15.0714,,,,,,,False,,cex_momentum,BTC/USDT,20.0,0.02,0.003,1.5,90.0,297.0,7.07,0.0782,88.3754,58.9169,-147.2141
676,2026-09-18T07:59:48.217553,,,,,,,,-22.8118,-46.245,-1.4282,-15.0714,,,,,,,False,,cex_momentum,BTC/USDT,20.0,0.02,0.003,1.5,120.0,297.0,7.07,0.0782,88.3754,58.9169,-147.2141
677,2026-09-18T07:59:48.300789,,,,,,,,-20.4836,-41.5004,-1.2653,-14.8949,,,,,,,False,,cex_momentum,BTC/USDT,20.0,0.02,0.003,2.0,30.0,266.0,7.14,0.9984,79.2135,52.809,-131.0241
678,2026-09-18T07:59:48.385518,,,,,,,,-19.3692,-37.2994,-1.1889,-14.6873,,,,,,,False,,cex_momentum,BTC/USDT,20.0,0.02,0.003,2.0,60.0,253.0,6.72,2.2223,75.3679,50.2453,-123.3908
679,2026-09-18T07:59:48.466389,,,,,,,,-19.3915,-37.2483,-1.1904,-14.6844,,,,,,,False,,cex_momentum,BTC/USDT,20.0,0.02,0.003,2.0,90.0,253.0,6.72,2.07,75.3674,50.2449,-123.5423
680,2026-09-18T07:59:48.544743,,,,,,,,-19.3915,-37.2483,-1.1904,-14.6844,,,,,,,False,,cex_momentum,BTC/USDT,20.0,0.02,0.003,2.0,120.0,253.0,6.72,2.07,75.3674,50.2449,-123.5423
681,2026-09-18T07:59:48.630613,,,,,,,,-17.3613,-39.4977,-1.0538,-14.8031,,,,,,,False,,cex_momentum,BTC/USDT,20.0,0.02,0.003,2.5,30.0,217.0,6.45,0.4584,64.7008,43.1339,-107.3762
682,2026-09-18T07:59:48.714935,,,,,,,,-16.6907,-34.5825,-1.0094,-14.5177,,,,,,,False,,cex_momentum,BTC/USDT,20.0,0.02,0.003,2.5,60.0,210.0,5.71,1.4393,62.6236,41.7491,-102.9334
683,2026-09-18T07:59:48.794868,,,,,,,,-16.6907,-34.5825,-1.0094,-14.5177,,,,,,,False,,cex_momentum,BTC/USDT,20.0,0.02,0.003,2.5,90.0,210.0,5.71,1.4393,62.6236,41.7491,-102.9334
684,2026-09-18T07:59:48.876059,,,,,,,,-16.6907,-34.5825,-1.0094,-14.5177,,,,,,,False,,cex_momentum,BTC/USDT,20.0,0.02,0.003,2.5,120.0,210.0,5.71,1.4393,62.6236,41.7491,-102.9334
685,2026-09-18T07:59:48.960964,,,,,,,,-15.3336,-33.1292,-0.9221,-14.4126,,,,,,,False,,cex_momentum,BTC/USDT,20.0,0.02,0.003,3.0,30.0,193.0,7.25,2.5049,57.583,38.3887,-93.4668
686,2026-09-18T07:59:49.045043,,,,,,,,-14.9957,-31.074,-0.904,-14.2454,,,,,,,False,,cex_momentum,BTC/USDT,20.0,0.02,0.003,3.0,60.0,189.0,6.35,2.7156,56.3941,37.596,-91.2744
687,2026-09-18T07:59:49.125642,,,,,,,,-14.9957,-31.074,-0.904,-14.2454,,,,,,,False,,cex_momentum,BTC/USDT,20.0,0.02,0.003,3.0,90.0,189.0,6.35,2.7156,56.3941,37.596,-91.2744
688,2026-09-18T07:59:49.202683,,,,,,,,-14.9957,-31.074,-0.904,-14.2454,,,,,,,False,,cex_momentum,BTC/USDT,20.0,0.02,0.003,3.0,120.0,189.0,6.35,2.7156,56.3941,37.596,-91.2744
689,2026-09-18T07:59:49.284877,,,,,,,,-24.2224,-49.934,-1.5291,-15.1783,,,,,,,False,,cex_momentum,BTC/USDT,20.0,0.02,0.006,1.5,30.0,313.0,6.71,-1.9172,93.0949,62.0633,-157.0754
690,2026-09-18T07:59:49.368777,,,,,,,,-22.8882,-44.7107,-1.4336,-15.0198,,,,,,,False,,cex_momentum,BTC/USDT,20.0,0.02,0.006,1.5,60.0,297.0,7.07,-0.4651,88.3745,58.9163,-147.7559
691,2026-09-18T07:59:49.448398,,,,,,,,-22.9095,-44.652,-1.4351,-15.0177,,,,,,,False,,cex_momentum,BTC/USDT,20.0,0.02,0.006,1.5,90.0,297.0,7.07,-0.6172,88.3738,58.9159,-147.907
692,2026-09-18T07:59:49.525050,,,,,,,,-22.9095,-44.652,-1.4351,-15.0177,,,,,,,False,,cex_momentum,BTC/USDT,20.0,0.02,0.006,1.5,120.0,297.0,7.07,-0.6172,88.3738,58.9159,-147.907
693,2026-09-18T07:59:49.608365,,,,,,,,-20.5787,-40.2263,-1.2719,-14.8379,,,,,,,False,,cex_momentum,BTC/USDT,20.0,0.02,0.006,2.0,30.0,266.0,7.14,0.3398,79.2122,52.8081,-131.6805
694,2026-09-18T07:59:49.689175,,,,,,,,-19.4657,-36.166,-1.1955,-14.6205,,,,,,,False,,cex_momentum,BTC/USDT,20.0,0.02,0.006,2.0,60.0,253.0,6.72,1.5633,75.3666,50.2444,-124.0477
695,2026-09-18T07:59:49.769554,,,,,,,,-19.4879,-36.1243,-1.197,-14.6179,,,,,,,False,,cex_momentum,BTC/USDT,20.0,0.02,0.006,2.0,90.0,253.0,6.72,1.411,75.3661,50.2441,-124.1992
696,2026-09-18T07:59:49.849007,,,,,,,,-19.4879,-36.1243,-1.197,-14.6179,,,,,,,False,,cex_momentum,BTC/USDT,20.0,0.02,0.006,2.0,120.0,253.0,6.72,1.411,75.3661,50.2441,-124.1992
697,2026-09-18T07:59:49.932162,,,,,,,,-17.3731,-38.7039,-1.0546,-14.7633,,,,,,,False,,cex_momentum,BTC/USDT,20.0,0.02,0.006,2.5,30.0,217.0,6.45,0.3799,64.7005,43.1337,-107.4543
698,2026-09-18T07:59:50.016856,,,,,,,,-16.7026,-33.9392,-1.0102,-14.4724,,,,,,,False,,cex_momentum,BTC/USDT,20.0,0.02,0.006,2.5,60.0,210.0,5.71,1.3608,62.6234,41.7489,-103.0116
699,2026-09-18T07:59:50.097415,,,,,,,,-16.7026,-33.9392,-1.0102,-14.4724,,,,,,,False,,cex_momentum,BTC/USDT,20.0,0.02,0.006,2.5,90.0,210.0,5.71,1.3608,62.6234,41.7489,-103.0116
700,2026-09-18T07:59:50.173293,,,,,,,,-16.7026,-33.9392,-1.0102,-14.4724,,,,,,,False,,cex_momentum,BTC/USDT,20.0,0.02,0.006,2.5,120.0,210.0,5.71,1.3608,62.6234,41.7489,-103.0116
701,2026-09-18T07:59:50.255234,,,,,,,,-15.3456,-32.4589,-0.9229,-14.36,,,,,,,False,,cex_momentum,BTC/USDT,20.0,0.02,0.006,3.0,30.0,193.0,7.25,2.4263,57.5828,38.3885,-93.545
702,2026-09-18T07:59:50.336946,,,,,,,,-15.0078,-30.4939,-0.9048,-14.1923,,,,,,,False,,cex_momentum,BTC/USDT,20.0,0.02,0.006,3.0,60.0,189.0,6.35,2.6371,56.3938,37.5959,-91.3527
703,2026-09-18T07:59:50.418792,,,,,,,,-15.0078,-30.4939,-0.9048,-14.1923,,,,,,,False,,cex_momentum,BTC/USDT,20.0,0.02,0.006,3.0,90.0,189.0,6.35,2.6371,56.3938,37.5959,-91.3527
704,2026-09-18T07:59:50.500063,,,,,,,,-15.0078,-30.4939,-0.9048,-14.1923,,,,,,,False,,cex_momentum,BTC/USDT,20.0,0.02,0.006,3.0,120.0,189.0,6.35,2.6371,56.3938,37.5959,-91.3527
705,2026-09-18T07:59:50.577091,,,,,,,,-24.2224,-49.934,-1.5291,-15.1783,,,,,,,False,,cex_momentum,BTC/USDT,20.0,0.02,0.01,1.5,30.0,313.0,6.71,-1.9172,93.0949,62.0633,-157.0754
706,2026-09-18T07:59:50.654873,,,,,,,,-22.8882,-44.7107,-1.4336,-15.0198,,,,,,,False,,cex_momentum,BTC/USDT,20.0,0.02,0.01,1.5,60.0,297.0,7.07,-0.4651,88.3745,58.9163,-147.7559
707,2026-09-18T07:59:50.735224,,,,,,,,-22.9095,-44.652,-1.4351,-15.0177,,,,,,,False,,cex_momentum,BTC/USDT,20.0,0.02,0.01,1.5,90.0,297.0,7.07,-0.6172,88.3738,58.9159,-147.907
708,2026-09-18T07:59:50.814407,,,,,,,,-22.9095,-44.652,-1.4351,-15.0177,,,,,,,False,,cex_momentum,BTC/USDT,20.0,0.02,0.01,1.5,120.0,297.0,7.07,-0.6172,88.3738,58.9159,-147.907
709,2026-09-18T07:59:50.892866,,,,,,,,-20.5787,-40.2263,-1.2719,-14.8379,,,,,,,False,,cex_momentum,BTC/USDT,20.0,0.02,0.01,2.0,30.0,266.0,7.14,0.3398,79.2122,52.8081,-131.6805
710,2026-09-18T07:59:50.968878,,,,,,,,-19.4657,-36.166,-1.1955,-14.6205,,,,,,,False,,cex_momentum,BTC/USDT,20.0,0.02,0.01,2.0,60.0,253.0,6.72,1.5633,75.3666,50.2444,-124.0477
711,2026-09-18T07:59:51.046210,,,,,,,,-19.4879,-36.1243,-1.197,-14.6179,,,,,,,False,,cex_momentum,BTC/USDT,20.0,0.02,0.01,2.0,90.0,253.0,6.72,1.411,75.3661,50.2441,-124.1992
712,2026-09-18T07:59:51.125786,,,,,,,,-19.4879,-36.1243,-1.197,-14.6179,,,,,,,False,,cex_momentum,BTC/USDT,20.0,0.02,0.01,2.0,120.0,253.0,6.72,1.411,75.3661,50.2441,-124.1992
713,2026-09-18T07:59:51.202733,,,,,,,,-17.3731,-38.7039,-1.0546,-14.7633,,,,,,,False,,cex_momentum,BTC/USDT,20.0,0.02,0.01,2.5,30.0,217.0,6.45,0.3799,64.7005,43.1337,-107.4543
714,2026-09-18T07:59:51.280522,,,,,,,,-16.7026,-33.9392,-1.0102,-14.4724,,,,,,,False,,cex_momentum,BTC/USDT,20.0,0.02,0.01,2.5,60.0,210.0,5.71,1.3608,62.6234,41.7489,-103.0116
715,2026-09-18T07:59:51.358535,,,,,,,,-16.7026,-33.9392,-1.0102,-14.4724,,,,,,,False,,cex_momentum,BTC/USDT,20.0,0.02,0.01,2.5,90.0,210.0,5.71,1.3608,62.6234,41.7489,-103.0116
716,2026-09-18T07:59:51.439422,,,,,,,,-16.7026,-33.9392,-1.0102,-14.4724,,,,,,,False,,cex_momentum,BTC/USDT,20.0,0.02,0.01,2.5,120.0,210.0,5.71,1.3608,62.6234,41.7489,-103.0116
717,2026-09-18T07:59:51.520001,,,,,,,,-15.3456,-32.4589,-0.9229,-14.36,,,,,,,False,,cex_momentum,BTC/USDT,20.0,0.02,0.01,3.0,30.0,193.0,7.25,2.4263,57.5828,38.3885,-93.545
718,2026-09-18T07:59:51.601510,,,,,,,,-15.0078,-30.4939,-0.9048,-14.1923,,,,,,,False,,cex_momentum,BTC/USDT,20.0,0.02,0.01,3.0,60.0,189.0,6.35,2.6371,56.3938,37.5959,-91.3527
719,2026-09-18T07:59:51.696675,,,,,,,,-15.0078,-30.4939,-0.9048,-14.1923,,,,,,,False,,cex_momentum,BTC/USDT,20.0,0.02,0.01,3.0,90.0,189.0,6.35,2.6371,56.3938,37.5959,-91.3527
720,2026-09-18T07:59:51.779375,,,,,,,,-15.0078,-30.4939,-0.9048,-14.1923,,,,,,,False,,cex_momentum,BTC/USDT,20.0,0.02,0.01,3.0,120.0,189.0,6.35,2.6371,56.3938,37.5959,-91.3527
721,2026-09-18T07:59:51.861961,,,,,,,,-21.4298,-54.383,-1.3309,-15.2815,,,,,,,False,,cex_momentum,BTC/USDT,30.0,0.004,0.003,1.5,30.0,280.0,11.07,2.1757,83.3596,55.5731,-136.757
722,2026-09-18T07:59:51.945462,,,,,,,,-20.9247,-52.4214,-1.2958,-15.2389,,,,,,,False,,cex_momentum,BTC/USDT,30.0,0.004,0.003,1.5,60.0,273.0,10.99,2.2392,81.2904,54.1936,-133.2448
723,2026-09-18T07:59:52.023299,,,,,,,,-20.9247,-52.4214,-1.2958,-15.2389,,,,,,,False,,cex_momentum,BTC/USDT,30.0,0.004,0.003,1.5,90.0,273.0,10.99,2.2392,81.2904,54.1936,-133.2448
724,2026-09-18T07:59:52.100668,,,,,,,,-20.9247,-52.4214,-1.2958,-15.2389,,,,,,,False,,cex_momentum,BTC/USDT,30.0,0.004,0.003,1.5,120.0,273.0,10.99,2.2392,81.2904,54.1936,-133.2448
725,2026-09-18T07:59:52.181144,,,,,,,,-18.5732,-44.6673,-1.135,-15.0182,,,,,,,False,,cex_momentum,BTC/USDT,30.0,0.004,0.003,2.0,30.0,241.0,11.2,2.2905,71.8215,47.881,-117.4119
726,2026-09-18T07:59:52.263133,,,,,,,,-18.1196,-42.7269,-1.1045,-14.9455,,,,,,,False,,cex_momentum,BTC/USDT,30.0,0.004,0.003,2.0,60.0,235.0,11.06,2.3799,70.0447,46.6964,-114.3612
727,2026-09-18T07:59:52.340948,,,,,,,,-18.1196,-42.7269,-1.1045,-14.9455,,,,,,,False,,cex_momentum,BTC/USDT,30.0,0.004,0.003,2.0,90.0,235.0,11.06,2.3799,70.0447,46.6964,-114.3612
728,2026-09-18T07:59:52.420511,,,,,,,,-18.1196,-42.7269,-1.1045,-14.9455,,,,,,,False,,cex_momentum,BTC/USDT,30.0,0.004,0.003,2.0,120.0,235.0,11.06,2.3799,70.0447,46.6964,-114.3612
729,2026-09-18T07:59:52.505632,,,,,,,,-16.0956,-43.2794,-0.9702,-14.9671,,,,,,,False,,cex_momentum,BTC/USDT,30.0,0.004,0.003,2.5,30.0,201.0,10.45,1.3947,59.9583,39.9722,-98.5357
730,2026-09-18T07:59:52.591255,,,,,,,,-15.7725,-40.6443,-0.9491,-14.8571,,,,,,,False,,cex_momentum,BTC/USDT,30.0,0.004,0.003,2.5,60.0,197.0,10.15,1.5297,58.7706,39.1804,-96.4214
731,2026-09-18T07:59:52.673462,,,,,,,,-15.7725,-40.6443,-0.9491,-14.8571,,,,,,,False,,cex_momentum,BTC/USDT,30.0,0.004,0.003,2.5,90.0,197.0,10.15,1.5297,58.7706,39.1804,-96.4214
732,2026-09-18T07:59:52.753884,,,,,,,,-15.7725,-40.6443,-0.9491,-14.8571,,,,,,,False,,cex_momentum,BTC/USDT,30.0,0.004,0.003,2.5,120.0,197.0,10.15,1.5297,58.7706,39.1804,-96.4214
733,2026-09-18T07:59:52.842973,,,,,,,,-14.6427,-37.5531,-0.8757,-14.7016,,,,,,,False,,cex_momentum,BTC/USDT,30.0,0.004,0.003,3.0,30.0,181.0,10.5,1.5229,54.0191,36.0128,-88.509
734,2026-09-18T07:59:52.928062,,,,,,,,-14.376,-35.0058,-0.8585,-14.5463,,,,,,,False,,cex_momentum,BTC/USDT,30.0,0.004,0.003,3.0,60.0,178.0,10.11,1.7554,53.1279,35.4186,-86.7912
735,2026-09-18T07:59:53.011862,,,,,,,,-14.376,-35.0058,-0.8585,-14.5463,,,,,,,False,,cex_momentum,BTC/USDT,30.0,0.004,0.003,3.0,90.0,178.0,10.11,1.7554,53.1279,35.4186,-86.7912
736,2026-09-18T07:59:53.093247,,,,,,,,-14.376,-35.0058,-0.8585,-14.5463,,,,,,,False,,cex_momentum,BTC/USDT,30.0,0.004,0.003,3.0,120.0,178.0,10.11,1.7554,53.1279,35.4186,-86.7912
769,2026-09-18T07:59:53.176554,,,,,,,,-20.9025,-47.9809,-1.2943,-15.1245,,,,,,,False,,cex_momentum,BTC/USDT,30.0,0.007,0.003,1.5,30.0,271.0,7.75,1.3653,80.697,53.798,-133.1298
770,2026-09-18T07:59:53.259312,,,,,,,,-19.9703,-46.1205,-1.23,-15.0674,,,,,,,False,,cex_momentum,BTC/USDT,30.0,0.007,0.003,1.5,60.0,259.0,7.72,1.6451,77.1479,51.4319,-126.9347
771,2026-09-18T07:59:53.341401,,,,,,,,-19.9924,-46.0466,-1.2315,-15.065,,,,,,,False,,cex_momentum,BTC/USDT,30.0,0.007,0.003,1.5,90.0,259.0,7.72,1.4927,77.1473,51.4315,-127.0862
772,2026-09-18T07:59:53.420741,,,,,,,,-19.9924,-46.0466,-1.2315,-15.065,,,,,,,False,,cex_momentum,BTC/USDT,30.0,0.007,0.003,1.5,120.0,259.0,7.72,1.4927,77.1473,51.4315,-127.0862
773,2026-09-18T07:59:53.504498,,,,,,,,-17.8725,-40.2827,-1.0879,-14.8405,,,,,,,False,,cex_momentum,BTC/USDT,30.0,0.007,0.003,2.0,30.0,232.0,8.19,2.5507,69.1544,46.1029,-112.7067
774,2026-09-18T07:59:53.588279,,,,,,,,-17.1564,-39.2688,-1.0402,-14.7918,,,,,,,False,,cex_momentum,BTC/USDT,30.0,0.007,0.003,2.0,60.0,223.0,7.62,2.8772,66.4882,44.3254,-107.9363
775,2026-09-18T07:59:53.672219,,,,,,,,-17.1792,-39.1936,-1.0417,-14.7881,,,,,,,False,,cex_momentum,BTC/USDT,30.0,0.007,0.003,2.0,90.0,223.0,7.62,2.7247,66.4877,44.3251,-108.0881
776,2026-09-18T07:59:53.751674,,,,,,,,-17.1792,-39.1936,-1.0417,-14.7881,,,,,,,False,,cex_momentum,BTC/USDT,30.0,0.007,0.003,2.0,120.0,223.0,7.62,2.7247,66.4877,44.3251,-108.0881
777,2026-09-18T07:59:53.837017,,,,,,,,-15.5469,-37.8333,-0.9343,-14.717,,,,,,,False,,cex_momentum,BTC/USDT,30.0,0.007,0.003,2.5,30.0,194.0,7.22,1.5187,57.8807,38.5871,-94.9491
778,2026-09-18T07:59:53.922024,,,,,,,,-15.2557,-35.8796,-0.9154,-14.6027,,,,,,,False,,cex_momentum,BTC/USDT,30.0,0.007,0.003,2.5,60.0,190.0,6.32,1.4311,56.6916,37.7944,-93.0548
779,2026-09-18T07:59:54.000758,,,,,,,,-15.2557,-35.8796,-0.9154,-14.6027,,,,,,,False,,cex_momentum,BTC/USDT,30.0,0.007,0.003,2.5,90.0,190.0,6.32,1.4311,56.6916,37.7944,-93.0548
780,2026-09-18T07:59:54.082027,,,,,,,,-15.2557,-35.8796,-0.9154,-14.6027,,,,,,,False,,cex_momentum,BTC/USDT,30.0,0.007,0.003,2.5,120.0,190.0,6.32,1.4311,56.6916,37.7944,-93.0548
781,2026-09-18T07:59:54.165537,,,,,,,,-13.894,-32.5719,-0.8276,-14.3688,,,,,,,False,,cex_momentum,BTC/USDT,30.0,0.007,0.003,3.0,30.0,173.0,7.51,2.372,51.6428,34.4285,-83.6992
782,2026-09-18T07:59:54.252845,,,,,,,,-13.6647,-30.6285,-0.813,-14.2018,,,,,,,False,,cex_momentum,BTC/USDT,30.0,0.007,0.003,3.0,60.0,170.0,6.47,2.3492,50.7501,33.8334,-82.2344
783,2026-09-18T07:59:54.334187,,,,,,,,-13.6647,-30.6285,-0.813,-14.2018,,,,,,,False,,cex_momentum,BTC/USDT,30.0,0.007,0.003,3.0,90.0,170.0,6.47,2.3492,50.7501,33.8334,-82.2344
784,2026-09-18T07:59:54.415513,,,,,,,,-13.6647,-30.6285,-0.813,-14.2018,,,,,,,False,,cex_momentum,BTC/USDT,30.0,0.007,0.003,3.0,120.0,170.0,6.47,2.3492,50.7501,33.8334,-82.2344
785,2026-09-18T07:59:54.498945,,,,,,,,-21.188,-48.4508,-1.3141,-15.1379,,,,,,,False,,cex_momentum,BTC/USDT,30.0,0.007,0.006,1.5,30.0,271.0,7.75,-0.6252,80.6916,53.7944,-135.1113
786,2026-09-18T07:59:54.581011,,,,,,,,-20.2591,-46.5538,-1.2498,-15.0812,,,,,,,False,,cex_momentum,BTC/USDT,30.0,0.007,0.006,1.5,60.0,259.0,7.72,-0.3466,77.1425,51.4284,-128.9174
787,2026-09-18T07:59:54.663284,,,,,,,,-20.2811,-46.4883,-1.2513,-15.0791,,,,,,,False,,cex_momentum,BTC/USDT,30.0,0.007,0.006,1.5,90.0,259.0,7.72,-0.4989,77.142,51.428,-129.0689
788,2026-09-18T07:59:54.740297,,,,,,,,-20.2811,-46.4883,-1.2513,-15.0791,,,,,,,False,,cex_momentum,BTC/USDT,30.0,0.007,0.006,1.5,120.0,259.0,7.72,-0.4989,77.142,51.428,-129.0689
789,2026-09-18T07:59:54.823849,,,,,,,,-18.01,-39.0067,-1.0971,-14.7787,,,,,,,False,,cex_momentum,BTC/USDT,30.0,0.007,0.006,2.0,30.0,232.0,8.19,1.6285,69.153,46.102,-113.6264
790,2026-09-18T07:59:54.908512,,,,,,,,-17.295,-37.9124,-1.0494,-14.7214,,,,,,,False,,cex_momentum,BTC/USDT,30.0,0.007,0.006,2.0,60.0,223.0,7.62,1.9546,66.4867,44.3245,-108.8565
791,2026-09-18T07:59:54.994742,,,,,,,,-17.3178,-37.853,-1.0509,-14.7181,,,,,,,False,,cex_momentum,BTC/USDT,30.0,0.007,0.006,2.0,90.0,223.0,7.62,1.8021,66.4862,44.3241,-109.0082
792,2026-09-18T07:59:55.070926,,,,,,,,-17.3178,-37.853,-1.0509,-14.7181,,,,,,,False,,cex_momentum,BTC/USDT,30.0,0.007,0.006,2.0,120.0,223.0,7.62,1.8021,66.4862,44.3241,-109.0082
793,2026-09-18T07:59:55.160122,,,,,,,,-15.5992,-37.4014,-0.9378,-14.6931,,,,,,,False,,cex_momentum,BTC/USDT,30.0,0.007,0.006,2.5,30.0,194.0,7.22,1.1772,57.8803,38.5868,-95.2899
794,2026-09-18T07:59:55.242366,,,,,,,,-15.3081,-35.4954,-0.9188,-14.5783,,,,,,,False,,cex_momentum,BTC/USDT,30.0,0.007,0.006,2.5,60.0,190.0,6.32,1.0895,56.6911,37.7941,-93.3956
795,2026-09-18T07:59:55.321513,,,,,,,,-15.3081,-35.4954,-0.9188,-14.5783,,,,,,,False,,cex_momentum,BTC/USDT,30.0,0.007,0.006,2.5,90.0,190.0,6.32,1.0895,56.6911,37.7941,-93.3956
796,2026-09-18T07:59:55.403663,,,,,,,,-15.3081,-35.4954,-0.9188,-14.5783,,,,,,,False,,cex_momentum,BTC/USDT,30.0,0.007,0.006,2.5,120.0,190.0,6.32,1.0895,56.6911,37.7941,-93.3956
797,2026-09-18T07:59:55.489079,,,,,,,,-13.9473,-32.1263,-0.831,-14.3327,,,,,,,False,,cex_momentum,BTC/USDT,30.0,0.007,0.006,3.0,30.0,173.0,7.51,2.0302,51.6424,34.4282,-84.0404
798,2026-09-18T07:59:55.574553,,,,,,,,-13.7182,-30.2474,-0.8164,-14.166,,,,,,,False,,cex_momentum,BTC/USDT,30.0,0.007,0.006,3.0,60.0,170.0,6.47,2.0073,50.7497,33.8332,-82.5756
799,2026-09-18T07:59:55.656343,,,,,,,,-13.7182,-30.2474,-0.8164,-14.166,,,,,,,False,,cex_momentum,BTC/USDT,30.0,0.007,0.006,3.0,90.0,170.0,6.47,2.0073,50.7497,33.8332,-82.5756
800,2026-09-18T07:59:55.737501,,,,,,,,-13.7182,-30.2474,-0.8164,-14.166,,,,,,,False,,cex_momentum,BTC/USDT,30.0,0.007,0.006,3.0,120.0,170.0,6.47,2.0073,50.7497,33.8332,-82.5756
817,2026-09-18T07:59:55.820618,,,,,,,,-20.594,-43.1392,-1.2729,-14.9617,,,,,,,False,,cex_momentum,BTC/USDT,30.0,0.01,0.003,1.5,30.0,268.0,7.46,2.022,79.8105,53.207,-130.9954
818,2026-09-18T07:59:55.902927,,,,,,,,-19.3515,-39.3851,-1.1877,-14.7976,,,,,,,False,,cex_momentum,BTC/USDT,30.0,0.01,0.003,1.5,60.0,254.0,7.48,3.4069,75.6698,50.4465,-122.7094
819,2026-09-18T07:59:55.982672,,,,,,,,-19.3738,-39.336,-1.1892,-14.7952,,,,,,,False,,cex_momentum,BTC/USDT,30.0,0.01,0.003,1.5,90.0,254.0,7.48,3.2545,75.6692,50.4462,-122.8609
820,2026-09-18T07:59:56.060644,,,,,,,,-19.3738,-39.336,-1.1892,-14.7952,,,,,,,False,,cex_momentum,BTC/USDT,30.0,0.01,0.003,1.5,120.0,254.0,7.48,3.2545,75.6692,50.4462,-122.8609
821,2026-09-18T07:59:56.146738,,,,,,,,-17.9811,-40.4309,-1.0952,-14.8473,,,,,,,False,,cex_momentum,BTC/USDT,30.0,0.01,0.003,2.0,30.0,230.0,7.39,0.8269,68.556,45.704,-113.4332
822,2026-09-18T07:59:56.231397,,,,,,,,-17.0403,-38.0002,-1.0325,-14.7261,,,,,,,False,,cex_momentum,BTC/USDT,30.0,0.01,0.003,2.0,60.0,219.0,6.85,1.662,65.2972,43.5314,-107.1667
823,2026-09-18T07:59:56.314856,,,,,,,,-17.0632,-37.9316,-1.034,-14.7224,,,,,,,False,,cex_momentum,BTC/USDT,30.0,0.01,0.003,2.0,90.0,219.0,6.85,1.5094,65.2967,43.5311,-107.3184
824,2026-09-18T07:59:56.393906,,,,,,,,-17.0632,-37.9316,-1.034,-14.7224,,,,,,,False,,cex_momentum,BTC/USDT,30.0,0.01,0.003,2.0,120.0,219.0,6.85,1.5094,65.2967,43.5311,-107.3184
825,2026-09-18T07:59:56.478286,,,,,,,,-15.5368,-37.3442,-0.9337,-14.6899,,,,,,,False,,cex_momentum,BTC/USDT,30.0,0.01,0.003,2.5,30.0,191.0,6.28,0.0927,56.9858,37.9906,-94.8837
826,2026-09-18T07:59:56.563867,,,,,,,,-15.0145,-34.1744,-0.8998,-14.4892,,,,,,,False,,cex_momentum,BTC/USDT,30.0,0.01,0.003,2.5,60.0,185.0,5.41,0.5148,55.2032,36.8021,-91.4905
827,2026-09-18T07:59:56.644874,,,,,,,,-15.0145,-34.1744,-0.8998,-14.4892,,,,,,,False,,cex_momentum,BTC/USDT,30.0,0.01,0.003,2.5,90.0,185.0,5.41,0.5148,55.2032,36.8021,-91.4905
828,2026-09-18T07:59:56.726311,,,,,,,,-15.0145,-34.1744,-0.8998,-14.4892,,,,,,,False,,cex_momentum,BTC/USDT,30.0,0.01,0.003,2.5,120.0,185.0,5.41,0.5148,55.2032,36.8021,-91.4905
829,2026-09-18T07:59:56.813505,,,,,,,,-13.7914,-31.5984,-0.8211,-14.2883,,,,,,,False,,cex_momentum,BTC/USDT,30.0,0.01,0.003,3.0,30.0,171.0,7.02,2.0372,51.0483,34.0322,-83.0433
830,2026-09-18T07:59:56.899691,,,,,,,,-13.4704,-29.5143,-0.8006,-14.094,,,,,,,False,,cex_momentum,BTC/USDT,30.0,0.01,0.003,3.0,60.0,167.0,5.99,2.102,49.8583,33.2389,-80.9952
831,2026-09-18T07:59:56.981885,,,,,,,,-13.4704,-29.5143,-0.8006,-14.094,,,,,,,False,,cex_momentum,BTC/USDT,30.0,0.01,0.003,3.0,90.0,167.0,5.99,2.102,49.8583,33.2389,-80.9952
832,2026-09-18T07:59:57.060613,,,,,,,,-13.4704,-29.5143,-0.8006,-14.094,,,,,,,False,,cex_momentum,BTC/USDT,30.0,0.01,0.003,3.0,120.0,167.0,5.99,2.102,49.8583,33.2389,-80.9952
833,2026-09-18T07:59:57.146598,,,,,,,,-20.6944,-41.9043,-1.2799,-14.912,,,,,,,False,,cex_momentum,BTC/USDT,30.0,0.01,0.006,1.5,30.0,268.0,7.46,1.3256,79.809,53.206,-131.6894
834,2026-09-18T07:59:57.231335,,,,,,,,-19.4535,-38.1871,-1.1947,-14.7362,,,,,,,False,,cex_momentum,BTC/USDT,30.0,0.01,0.006,1.5,60.0,254.0,7.48,2.7099,75.6683,50.4455,-123.404
835,2026-09-18T07:59:57.315181,,,,,,,,-19.4758,-38.1479,-1.1962,-14.7341,,,,,,,False,,cex_momentum,BTC/USDT,30.0,0.01,0.006,1.5,90.0,254.0,7.48,2.5575,75.6678,50.4452,-123.5554
836,2026-09-18T07:59:57.393316,,,,,,,,-19.4758,-38.1479,-1.1962,-14.7341,,,,,,,False,,cex_momentum,BTC/USDT,30.0,0.01,0.006,1.5,120.0,254.0,7.48,2.5575,75.6678,50.4452,-123.5554
837,2026-09-18T07:59:57.478683,,,,,,,,-18.0792,-38.6949,-1.1018,-14.7628,,,,,,,False,,cex_momentum,BTC/USDT,30.0,0.01,0.006,2.0,30.0,230.0,7.39,0.1673,68.5548,45.7032,-114.0908
838,2026-09-18T07:59:57.561941,,,,,,,,-17.1395,-36.2642,-1.0391,-14.6265,,,,,,,False,,cex_momentum,BTC/USDT,30.0,0.01,0.006,2.0,60.0,219.0,6.85,1.002,65.296,43.5307,-107.8247
839,2026-09-18T07:59:57.641254,,,,,,,,-17.1624,-36.2122,-1.0406,-14.6233,,,,,,,False,,cex_momentum,BTC/USDT,30.0,0.01,0.006,2.0,90.0,219.0,6.85,0.8495,65.2955,43.5304,-107.9764
840,2026-09-18T07:59:57.718340,,,,,,,,-17.1624,-36.2122,-1.0406,-14.6233,,,,,,,False,,cex_momentum,BTC/USDT,30.0,0.01,0.006,2.0,120.0,219.0,6.85,0.8495,65.2955,43.5304,-107.9764
841,2026-09-18T07:59:57.804607,,,,,,,,-15.5488,-36.4959,-0.9345,-14.6405,,,,,,,False,,cex_momentum,BTC/USDT,30.0,0.01,0.006,2.5,30.0,191.0,6.28,0.0141,56.9856,37.9904,-94.9619
842,2026-09-18T07:59:57.889838,,,,,,,,-15.0266,-33.3996,-0.9005,-14.4328,,,,,,,False,,cex_momentum,BTC/USDT,30.0,0.01,0.006,2.5,60.0,185.0,5.41,0.4362,55.2029,36.802,-91.5687
843,2026-09-18T07:59:57.969235,,,,,,,,-15.0266,-33.3996,-0.9005,-14.4328,,,,,,,False,,cex_momentum,BTC/USDT,30.0,0.01,0.006,2.5,90.0,185.0,5.41,0.4362,55.2029,36.802,-91.5687
844,2026-09-18T07:59:58.048607,,,,,,,,-15.0266,-33.3996,-0.9005,-14.4328,,,,,,,False,,cex_momentum,BTC/USDT,30.0,0.01,0.006,2.5,120.0,185.0,5.41,0.4362,55.2029,36.802,-91.5687
845,2026-09-18T07:59:58.136415,,,,,,,,-13.8036,-30.8217,-0.8218,-14.2195,,,,,,,False,,cex_momentum,BTC/USDT,30.0,0.01,0.006,3.0,30.0,171.0,7.02,1.9586,51.0481,34.0321,-83.1216
846,2026-09-18T07:59:58.254237,,,,,,,,-13.4827,-28.8487,-0.8014,-14.0248,,,,,,,False,,cex_momentum,BTC/USDT,30.0,0.01,0.006,3.0,60.0,167.0,5.99,2.0234,49.8581,33.2387,-81.0735
847,2026-09-18T07:59:58.332647,,,,,,,,-13.4827,-28.8487,-0.8014,-14.0248,,,,,,,False,,cex_momentum,BTC/USDT,30.0,0.01,0.006,3.0,90.0,167.0,5.99,2.0234,49.8581,33.2387,-81.0735
848,2026-09-18T07:59:58.413783,,,,,,,,-13.4827,-28.8487,-0.8014,-14.0248,,,,,,,False,,cex_momentum,BTC/USDT,30.0,0.01,0.006,3.0,120.0,167.0,5.99,2.0234,49.8581,33.2387,-81.0735
865,2026-09-18T07:59:58.495921,,,,,,,,-20.6421,-43.7497,-1.2762,-14.9849,,,,,,,False,,cex_momentum,BTC/USDT,30.0,0.015,0.003,1.5,30.0,267.0,7.12,1.1946,79.5132,53.0088,-131.3274
866,2026-09-18T07:59:58.578823,,,,,,,,-19.2217,-37.1098,-1.1818,-14.677,,,,,,,False,,cex_momentum,BTC/USDT,30.0,0.015,0.003,1.5,60.0,252.0,7.14,3.3012,75.0767,50.0511,-121.8265
867,2026-09-18T07:59:58.660627,,,,,,,,-19.244,-37.0711,-1.1833,-14.6748,,,,,,,False,,cex_momentum,BTC/USDT,30.0,0.015,0.003,1.5,90.0,252.0,7.14,3.1488,75.0761,50.0508,-121.978
868,2026-09-18T07:59:58.738740,,,,,,,,-19.244,-37.0711,-1.1833,-14.6748,,,,,,,False,,cex_momentum,BTC/USDT,30.0,0.015,0.003,1.5,120.0,252.0,7.14,3.1488,75.0761,50.0508,-121.978
869,2026-09-18T07:59:58.821703,,,,,,,,-17.4584,-35.1464,-1.0603,-14.5556,,,,,,,False,,cex_momentum,BTC/USDT,30.0,0.015,0.003,2.0,30.0,229.0,7.42,3.8343,68.2667,45.5111,-109.9435
870,2026-09-18T07:59:58.904218,,,,,,,,-16.2182,-29.6876,-0.9939,-14.1315,,,,,,,False,,cex_momentum,BTC/USDT,30.0,0.015,0.003,2.0,60.0,217.0,6.91,6.1072,64.7117,43.1411,-101.7457
871,2026-09-18T07:59:58.988177,,,,,,,,-16.2413,-29.6578,-0.9954,-14.1285,,,,,,,False,,cex_momentum,BTC/USDT,30.0,0.015,0.003,2.0,90.0,217.0,6.91,5.9546,64.7112,43.1408,-101.8975
872,2026-09-18T07:59:59.068638,,,,,,,,-16.2413,-29.6578,-0.9954,-14.1285,,,,,,,False,,cex_momentum,BTC/USDT,30.0,0.015,0.003,2.0,120.0,217.0,6.91,5.9546,64.7112,43.1408,-101.8975
873,2026-09-18T07:59:59.161452,,,,,,,,-15.1508,-33.1416,-0.9086,-14.4133,,,,,,,False,,cex_momentum,BTC/USDT,30.0,0.015,0.003,2.5,30.0,191.0,6.28,2.6105,56.9906,37.9937,-92.3738
874,2026-09-18T07:59:59.246563,,,,,,,,-14.326,-27.4007,-0.87,-13.8828,,,,,,,False,,cex_momentum,BTC/USDT,30.0,0.015,0.003,2.5,60.0,184.0,5.43,4.4717,54.9117,36.6078,-87.0477
875,2026-09-18T07:59:59.329239,,,,,,,,-14.326,-27.4007,-0.87,-13.8828,,,,,,,False,,cex_momentum,BTC/USDT,30.0,0.015,0.003,2.5,90.0,184.0,5.43,4.4717,54.9117,36.6078,-87.0477
876,2026-09-18T07:59:59.411371,,,,,,,,-14.326,-27.4007,-0.87,-13.8828,,,,,,,False,,cex_momentum,BTC/USDT,30.0,0.015,0.003,2.5,120.0,184.0,5.43,4.4717,54.9117,36.6078,-87.0477
877,2026-09-18T07:59:59.495465,,,,,,,,-13.6935,-29.5461,-0.8183,-14.0987,,,,,,,False,,cex_momentum,BTC/USDT,30.0,0.015,0.003,3.0,30.0,171.0,7.02,2.6589,51.0461,34.0307,-82.4179
878,2026-09-18T07:59:59.580855,,,,,,,,-13.211,-26.1724,-0.7987,-13.7305,,,,,,,False,,cex_momentum,BTC/USDT,30.0,0.015,0.003,3.0,60.0,167.0,5.99,3.749,49.8569,33.2379,-79.3459
879,2026-09-18T07:59:59.661772,,,,,,,,-13.211,-26.1724,-0.7987,-13.7305,,,,,,,False,,cex_momentum,BTC/USDT,30.0,0.015,0.003,3.0,90.0,167.0,5.99,3.749,49.8569,33.2379,-79.3459
880,2026-09-18T07:59:59.742740,,,,,,,,-13.211,-26.1724,-0.7987,-13.7305,,,,,,,False,,cex_momentum,BTC/USDT,30.0,0.015,0.003,3.0,120.0,167.0,5.99,3.749,49.8569,33.2379,-79.3459
881,2026-09-18T07:59:59.825342,,,,,,,,-20.8062,-42.9191,-1.2876,-14.9531,,,,,,,False,,cex_momentum,BTC/USDT,30.0,0.015,0.006,1.5,30.0,267.0,7.12,0.0532,79.5096,53.0064,-132.4628
882,2026-09-18T07:59:59.907235,,,,,,,,-19.3888,-36.4319,-1.1931,-14.6371,,,,,,,False,,cex_momentum,BTC/USDT,30.0,0.015,0.006,1.5,60.0,252.0,7.14,2.1589,75.0732,50.0488,-122.963
883,2026-09-18T07:59:59.990441,,,,,,,,-19.4111,-36.4006,-1.1946,-14.6353,,,,,,,False,,cex_momentum,BTC/USDT,30.0,0.015,0.006,1.5,90.0,252.0,7.14,2.0066,75.0727,50.0484,-123.1145
884,2026-09-18T08:00:00.065701,,,,,,,,-19.4111,-36.4006,-1.1946,-14.6353,,,,,,,False,,cex_momentum,BTC/USDT,30.0,0.015,0.006,1.5,120.0,252.0,7.14,2.0066,75.0727,50.0484,-123.1145
885,2026-09-18T08:00:00.146745,,,,,,,,-17.5572,-33.9233,-1.0669,-14.4713,,,,,,,False,,cex_momentum,BTC/USDT,30.0,0.015,0.006,2.0,30.0,229.0,7.42,3.1744,68.2655,45.5103,-110.6013
886,2026-09-18T08:00:00.224719,,,,,,,,-16.3184,-28.7716,-1.0005,-14.0361,,,,,,,False,,cex_momentum,BTC/USDT,30.0,0.015,0.006,2.0,60.0,217.0,6.91,5.4469,64.7105,43.1404,-102.404
887,2026-09-18T08:00:00.308606,,,,,,,,-16.3415,-28.7489,-1.002,-14.0335,,,,,,,False,,cex_momentum,BTC/USDT,30.0,0.015,0.006,2.0,90.0,217.0,6.91,5.2943,64.7101,43.1401,-102.5559
888,2026-09-18T08:00:00.386886,,,,,,,,-16.3415,-28.7489,-1.002,-14.0335,,,,,,,False,,cex_momentum,BTC/USDT,30.0,0.015,0.006,2.0,120.0,217.0,6.91,5.2943,64.7101,43.1401,-102.5559
889,2026-09-18T08:00:00.472572,,,,,,,,-15.1628,-32.5133,-0.9094,-14.3641,,,,,,,False,,cex_momentum,BTC/USDT,30.0,0.015,0.006,2.5,30.0,191.0,6.28,2.5319,56.9903,37.9936,-92.452
890,2026-09-18T08:00:00.559161,,,,,,,,-14.3381,-26.958,-0.8708,-13.8282,,,,,,,False,,cex_momentum,BTC/USDT,30.0,0.015,0.006,2.5,60.0,184.0,5.43,4.3931,54.9114,36.6076,-87.126
891,2026-09-18T08:00:00.640413,,,,,,,,-14.3381,-26.958,-0.8708,-13.8282,,,,,,,False,,cex_momentum,BTC/USDT,30.0,0.015,0.006,2.5,90.0,184.0,5.43,4.3931,54.9114,36.6076,-87.126
892,2026-09-18T08:00:00.721409,,,,,,,,-14.3381,-26.958,-0.8708,-13.8282,,,,,,,False,,cex_momentum,BTC/USDT,30.0,0.015,0.006,2.5,120.0,184.0,5.43,4.3931,54.9114,36.6076,-87.126
893,2026-09-18T08:00:00.805839,,,,,,,,-13.7057,-28.9011,-0.8191,-14.0319,,,,,,,False,,cex_momentum,BTC/USDT,30.0,0.015,0.006,3.0,30.0,171.0,7.02,2.5803,51.0459,34.0306,-82.4961
894,2026-09-18T08:00:00.890516,,,,,,,,-13.2233,-25.6888,-0.7995,-13.6643,,,,,,,False,,cex_momentum,BTC/USDT,30.0,0.015,0.006,3.0,60.0,167.0,5.99,3.6704,49.8567,33.2378,-79.4242
895,2026-09-18T08:00:00.971294,,,,,,,,-13.2233,-25.6888,-0.7995,-13.6643,,,,,,,False,,cex_momentum,BTC/USDT,30.0,0.015,0.006,3.0,90.0,167.0,5.99,3.6704,49.8567,33.2378,-79.4242
896,2026-09-18T08:00:01.052018,,,,,,,,-13.2233,-25.6888,-0.7995,-13.6643,,,,,,,False,,cex_momentum,BTC/USDT,30.0,0.015,0.006,3.0,120.0,167.0,5.99,3.6704,49.8567,33.2378,-79.4242
897,2026-09-18T08:00:01.133755,,,,,,,,-20.862,-43.2763,-1.2915,-14.967,,,,,,,False,,cex_momentum,BTC/USDT,30.0,0.015,0.01,1.5,30.0,267.0,7.12,-0.336,79.5077,53.0051,-132.8488
898,2026-09-18T08:00:01.209300,,,,,,,,-19.4455,-36.6945,-1.197,-14.6528,,,,,,,False,,cex_momentum,BTC/USDT,30.0,0.015,0.01,1.5,60.0,252.0,7.14,1.7696,75.0714,50.0476,-123.3494
899,2026-09-18T08:00:01.291192,,,,,,,,-19.4678,-36.6631,-1.1985,-14.6509,,,,,,,False,,cex_momentum,BTC/USDT,30.0,0.015,0.01,1.5,90.0,252.0,7.14,1.6172,75.0709,50.0472,-123.5009
900,2026-09-18T08:00:01.368073,,,,,,,,-19.4678,-36.6631,-1.1985,-14.6509,,,,,,,False,,cex_momentum,BTC/USDT,30.0,0.015,0.01,1.5,120.0,252.0,7.14,1.6172,75.0709,50.0472,-123.5009
901,2026-09-18T08:00:01.447667,,,,,,,,-17.5572,-33.9233,-1.0669,-14.4713,,,,,,,False,,cex_momentum,BTC/USDT,30.0,0.015,0.01,2.0,30.0,229.0,7.42,3.1744,68.2655,45.5103,-110.6013
902,2026-09-18T08:00:01.524981,,,,,,,,-16.3184,-28.7716,-1.0005,-14.0361,,,,,,,False,,cex_momentum,BTC/USDT,30.0,0.015,0.01,2.0,60.0,217.0,6.91,5.4469,64.7105,43.1404,-102.404
903,2026-09-18T08:00:01.605178,,,,,,,,-16.3415,-28.7489,-1.002,-14.0335,,,,,,,False,,cex_momentum,BTC/USDT,30.0,0.015,0.01,2.0,90.0,217.0,6.91,5.2943,64.7101,43.1401,-102.5559
904,2026-09-18T08:00:01.679277,,,,,,,,-16.3415,-28.7489,-1.002,-14.0335,,,,,,,False,,cex_momentum,BTC/USDT,30.0,0.015,0.01,2.0,120.0,217.0,6.91,5.2943,64.7101,43.1401,-102.5559
905,2026-09-18T08:00:01.760097,,,,,,,,-15.1628,-32.5133,-0.9094,-14.3641,,,,,,,False,,cex_momentum,BTC/USDT,30.0,0.015,0.01,2.5,30.0,191.0,6.28,2.5319,56.9903,37.9936,-92.452
906,2026-09-18T08:00:01.841777,,,,,,,,-14.3381,-26.958,-0.8708,-13.8282,,,,,,,False,,cex_momentum,BTC/USDT,30.0,0.015,0.01,2.5,60.0,184.0,5.43,4.3931,54.9114,36.6076,-87.126
907,2026-09-18T08:00:01.922457,,,,,,,,-14.3381,-26.958,-0.8708,-13.8282,,,,,,,False,,cex_momentum,BTC/USDT,30.0,0.015,0.01,2.5,90.0,184.0,5.43,4.3931,54.9114,36.6076,-87.126
908,2026-09-18T08:00:02.003779,,,,,,,,-14.3381,-26.958,-0.8708,-13.8282,,,,,,,False,,cex_momentum,BTC/USDT,30.0,0.015,0.01,2.5,120.0,184.0,5.43,4.3931,54.9114,36.6076,-87.126
909,2026-09-18T08:00:02.081612,,,,,,,,-13.7057,-28.9011,-0.8191,-14.0319,,,,,,,False,,cex_momentum,BTC/USDT,30.0,0.015,0.01,3.0,30.0,171.0,7.02,2.5803,51.0459,34.0306,-82.4961
910,2026-09-18T08:00:02.157018,,,,,,,,-13.2233,-25.6888,-0.7995,-13.6643,,,,,,,False,,cex_momentum,BTC/USDT,30.0,0.015,0.01,3.0,60.0,167.0,5.99,3.6704,49.8567,33.2378,-79.4242
911,2026-09-18T08:00:02.234893,,,,,,,,-13.2233,-25.6888,-0.7995,-13.6643,,,,,,,False,,cex_momentum,BTC/USDT,30.0,0.015,0.01,3.0,90.0,167.0,5.99,3.6704,49.8567,33.2378,-79.4242
912,2026-09-18T08:00:02.316466,,,,,,,,-13.2233,-25.6888,-0.7995,-13.6643,,,,,,,False,,cex_momentum,BTC/USDT,30.0,0.015,0.01,3.0,120.0,167.0,5.99,3.6704,49.8567,33.2378,-79.4242
913,2026-09-18T08:00:02.395294,,,,,,,,-20.4899,-41.5838,-1.2657,-14.8984,,,,,,,False,,cex_momentum,BTC/USDT,30.0,0.02,0.003,1.5,30.0,266.0,7.14,1.7519,79.2173,52.8115,-130.277
914,2026-09-18T08:00:02.480320,,,,,,,,-19.1737,-36.9016,-1.1779,-14.6648,,,,,,,False,,cex_momentum,BTC/USDT,30.0,0.02,0.003,1.5,60.0,251.0,7.17,3.1325,74.78,49.8533,-121.5008
915,2026-09-18T08:00:02.561214,,,,,,,,-19.196,-36.8629,-1.1795,-14.6625,,,,,,,False,,cex_momentum,BTC/USDT,30.0,0.02,0.003,1.5,90.0,251.0,7.17,2.9801,74.7795,49.853,-121.6524
916,2026-09-18T08:00:02.641718,,,,,,,,-19.196,-36.8629,-1.1795,-14.6625,,,,,,,False,,cex_momentum,BTC/USDT,30.0,0.02,0.003,1.5,120.0,251.0,7.17,2.9801,74.7795,49.853,-121.6524
917,2026-09-18T08:00:02.723704,,,,,,,,-17.6357,-36.4982,-1.0721,-14.6406,,,,,,,False,,cex_momentum,BTC/USDT,30.0,0.02,0.003,2.0,30.0,229.0,7.42,2.6459,68.2624,45.5083,-111.1248
918,2026-09-18T08:00:02.805334,,,,,,,,-16.5086,-32.0938,-1.0039,-14.3335,,,,,,,False,,cex_momentum,BTC/USDT,30.0,0.02,0.003,2.0,60.0,217.0,6.91,4.1902,64.7071,43.1381,-103.6549
919,2026-09-18T08:00:02.886744,,,,,,,,-16.5316,-32.0546,-1.0054,-14.3302,,,,,,,False,,cex_momentum,BTC/USDT,30.0,0.02,0.003,2.0,90.0,217.0,6.91,4.0376,64.7066,43.1377,-103.8067
920,2026-09-18T08:00:02.965977,,,,,,,,-16.5316,-32.0546,-1.0054,-14.3302,,,,,,,False,,cex_momentum,BTC/USDT,30.0,0.02,0.003,2.0,120.0,217.0,6.91,4.0376,64.7066,43.1377,-103.8067
921,2026-09-18T08:00:03.048839,,,,,,,,-15.333,-34.5013,-0.9204,-14.5121,,,,,,,False,,cex_momentum,BTC/USDT,30.0,0.02,0.003,2.5,30.0,191.0,6.28,1.4206,56.9866,37.9911,-93.5571
922,2026-09-18T08:00:03.132038,,,,,,,,-14.6229,-29.6933,-0.88,-14.1151,,,,,,,False,,cex_momentum,BTC/USDT,30.0,0.02,0.003,2.5,60.0,184.0,5.43,2.5524,54.9073,36.6049,-88.9598
923,2026-09-18T08:00:03.206732,,,,,,,,-14.6229,-29.6933,-0.88,-14.1151,,,,,,,False,,cex_momentum,BTC/USDT,30.0,0.02,0.003,2.5,90.0,184.0,5.43,2.5524,54.9073,36.6049,-88.9598
924,2026-09-18T08:00:03.284284,,,,,,,,-14.6229,-29.6933,-0.88,-14.1151,,,,,,,False,,cex_momentum,BTC/USDT,30.0,0.02,0.003,2.5,120.0,184.0,5.43,2.5524,54.9073,36.6049,-88.9598
925,2026-09-18T08:00:03.373403,,,,,,,,-13.7225,-29.8812,-0.8183,-14.1309,,,,,,,False,,cex_momentum,BTC/USDT,30.0,0.02,0.003,3.0,30.0,171.0,7.02,2.4734,51.0459,34.0306,-82.6031
926,2026-09-18T08:00:03.458608,,,,,,,,-13.3548,-27.6267,-0.7987,-13.8913,,,,,,,False,,cex_momentum,BTC/USDT,30.0,0.02,0.003,3.0,60.0,167.0,5.99,2.8338,49.8562,33.2375,-80.26
927,2026-09-18T08:00:03.545672,,,,,,,,-13.3548,-27.6267,-0.7987,-13.8913,,,,,,,False,,cex_momentum,BTC/USDT,30.0,0.02,0.003,3.0,90.0,167.0,5.99,2.8338,49.8562,33.2375,-80.26
928,2026-09-18T08:00:03.623432,,,,,,,,-13.3548,-27.6267,-0.7987,-13.8913,,,,,,,False,,cex_momentum,BTC/USDT,30.0,0.02,0.003,3.0,120.0,167.0,5.99,2.8338,49.8562,33.2375,-80.26
929,2026-09-18T08:00:03.705897,,,,,,,,-20.5905,-40.4672,-1.2727,-14.849,,,,,,,False,,cex_momentum,BTC/USDT,30.0,0.02,0.006,1.5,30.0,266.0,7.14,1.0554,79.2158,52.8106,-130.971
930,2026-09-18T08:00:03.787377,,,,,,,,-19.276,-35.9017,-1.1849,-14.6044,,,,,,,False,,cex_momentum,BTC/USDT,30.0,0.02,0.006,1.5,60.0,251.0,7.17,2.4355,74.7786,49.8524,-122.1955
931,2026-09-18T08:00:03.868390,,,,,,,,-19.2982,-35.8708,-1.1864,-14.6025,,,,,,,False,,cex_momentum,BTC/USDT,30.0,0.02,0.006,1.5,90.0,251.0,7.17,2.2831,74.7781,49.852,-122.347
932,2026-09-18T08:00:03.943908,,,,,,,,-19.2982,-35.8708,-1.1864,-14.6025,,,,,,,False,,cex_momentum,BTC/USDT,30.0,0.02,0.006,1.5,120.0,251.0,7.17,2.2831,74.7781,49.852,-122.347
933,2026-09-18T08:00:04.024441,,,,,,,,-17.7343,-35.1616,-1.0787,-14.5566,,,,,,,False,,cex_momentum,BTC/USDT,30.0,0.02,0.006,2.0,30.0,229.0,7.42,1.9861,68.2612,45.5075,-111.7825
934,2026-09-18T08:00:04.103261,,,,,,,,-16.6085,-30.975,-1.0104,-14.2368,,,,,,,False,,cex_momentum,BTC/USDT,30.0,0.02,0.006,2.0,60.0,217.0,6.91,3.53,64.7059,43.1373,-104.3132
935,2026-09-18T08:00:04.185001,,,,,,,,-16.6315,-30.945,-1.012,-14.2341,,,,,,,False,,cex_momentum,BTC/USDT,30.0,0.02,0.006,2.0,90.0,217.0,6.91,3.3775,64.7055,43.137,-104.465
936,2026-09-18T08:00:04.263208,,,,,,,,-16.6315,-30.945,-1.012,-14.2341,,,,,,,False,,cex_momentum,BTC/USDT,30.0,0.02,0.006,2.0,120.0,217.0,6.91,3.3775,64.7055,43.137,-104.465
937,2026-09-18T08:00:04.343602,,,,,,,,-15.345,-33.8117,-0.9212,-14.4632,,,,,,,False,,cex_momentum,BTC/USDT,30.0,0.02,0.006,2.5,30.0,191.0,6.28,1.342,56.9864,37.9909,-93.6353
938,2026-09-18T08:00:04.423295,,,,,,,,-14.6351,-29.1542,-0.8807,-14.0601,,,,,,,False,,cex_momentum,BTC/USDT,30.0,0.02,0.006,2.5,60.0,184.0,5.43,2.4738,54.9071,36.6047,-89.038
939,2026-09-18T08:00:04.504601,,,,,,,,-14.6351,-29.1542,-0.8807,-14.0601,,,,,,,False,,cex_momentum,BTC/USDT,30.0,0.02,0.006,2.5,90.0,184.0,5.43,2.4738,54.9071,36.6047,-89.038
940,2026-09-18T08:00:04.583789,,,,,,,,-14.6351,-29.1542,-0.8807,-14.0601,,,,,,,False,,cex_momentum,BTC/USDT,30.0,0.02,0.006,2.5,120.0,184.0,5.43,2.4738,54.9071,36.6047,-89.038
941,2026-09-18T08:00:04.669033,,,,,,,,-13.7348,-29.217,-0.8191,-14.0639,,,,,,,False,,cex_momentum,BTC/USDT,30.0,0.02,0.006,3.0,30.0,171.0,7.02,2.3948,51.0457,34.0305,-82.6814
942,2026-09-18T08:00:04.752002,,,,,,,,-13.3671,-27.0708,-0.7995,-13.8242,,,,,,,False,,cex_momentum,BTC/USDT,30.0,0.02,0.006,3.0,60.0,167.0,5.99,2.7552,49.8561,33.2374,-80.3383
943,2026-09-18T08:00:04.832574,,,,,,,,-13.3671,-27.0708,-0.7995,-13.8242,,,,,,,False,,cex_momentum,BTC/USDT,30.0,0.02,0.006,3.0,90.0,167.0,5.99,2.7552,49.8561,33.2374,-80.3383
944,2026-09-18T08:00:04.911937,,,,,,,,-13.3671,-27.0708,-0.7995,-13.8242,,,,,,,False,,cex_momentum,BTC/USDT,30.0,0.02,0.006,3.0,120.0,167.0,5.99,2.7552,49.8561,33.2374,-80.3383
945,2026-09-18T08:00:04.988467,,,,,,,,-20.5905,-40.4672,-1.2727,-14.849,,,,,,,False,,cex_momentum,BTC/USDT,30.0,0.02,0.01,1.5,30.0,266.0,7.14,1.0554,79.2158,52.8106,-130.971
946,2026-09-18T08:00:05.066462,,,,,,,,-19.276,-35.9017,-1.1849,-14.6044,,,,,,,False,,cex_momentum,BTC/USDT,30.0,0.02,0.01,1.5,60.0,251.0,7.17,2.4355,74.7786,49.8524,-122.1955
947,2026-09-18T08:00:05.144298,,,,,,,,-19.2982,-35.8708,-1.1864,-14.6025,,,,,,,False,,cex_momentum,BTC/USDT,30.0,0.02,0.01,1.5,90.0,251.0,7.17,2.2831,74.7781,49.852,-122.347
948,2026-09-18T08:00:05.218010,,,,,,,,-19.2982,-35.8708,-1.1864,-14.6025,,,,,,,False,,cex_momentum,BTC/USDT,30.0,0.02,0.01,1.5,120.0,251.0,7.17,2.2831,74.7781,49.852,-122.347
949,2026-09-18T08:00:05.296599,,,,,,,,-17.7343,-35.1616,-1.0787,-14.5566,,,,,,,False,,cex_momentum,BTC/USDT,30.0,0.02,0.01,2.0,30.0,229.0,7.42,1.9861,68.2612,45.5075,-111.7825
950,2026-09-18T08:00:05.374892,,,,,,,,-16.6085,-30.975,-1.0104,-14.2368,,,,,,,False,,cex_momentum,BTC/USDT,30.0,0.02,0.01,2.0,60.0,217.0,6.91,3.53,64.7059,43.1373,-104.3132
951,2026-09-18T08:00:05.454450,,,,,,,,-16.6315,-30.945,-1.012,-14.2341,,,,,,,False,,cex_momentum,BTC/USDT,30.0,0.02,0.01,2.0,90.0,217.0,6.91,3.3775,64.7055,43.137,-104.465
952,2026-09-18T08:00:05.534630,,,,,,,,-16.6315,-30.945,-1.012,-14.2341,,,,,,,False,,cex_momentum,BTC/USDT,30.0,0.02,0.01,2.0,120.0,217.0,6.91,3.3775,64.7055,43.137,-104.465
953,2026-09-18T08:00:05.615453,,,,,,,,-15.345,-33.8117,-0.9212,-14.4632,,,,,,,False,,cex_momentum,BTC/USDT,30.0,0.02,0.01,2.5,30.0,191.0,6.28,1.342,56.9864,37.9909,-93.6353
954,2026-09-18T08:00:05.697089,,,,,,,,-14.6351,-29.1542,-0.8807,-14.0601,,,,,,,False,,cex_momentum,BTC/USDT,30.0,0.02,0.01,2.5,60.0,184.0,5.43,2.4738,54.9071,36.6047,-89.038
955,2026-09-18T08:00:05.779162,,,,,,,,-14.6351,-29.1542,-0.8807,-14.0601,,,,,,,False,,cex_momentum,BTC/USDT,30.0,0.02,0.01,2.5,90.0,184.0,5.43,2.4738,54.9071,36.6047,-89.038
956,2026-09-18T08:00:05.861047,,,,,,,,-14.6351,-29.1542,-0.8807,-14.0601,,,,,,,False,,cex_momentum,BTC/USDT,30.0,0.02,0.01,2.5,120.0,184.0,5.43,2.4738,54.9071,36.6047,-89.038
957,2026-09-18T08:00:05.942745,,,,,,,,-13.7348,-29.217,-0.8191,-14.0639,,,,,,,False,,cex_momentum,BTC/USDT,30.0,0.02,0.01,3.0,30.0,171.0,7.02,2.3948,51.0457,34.0305,-82.6814
958,2026-09-18T08:00:06.023096,,,,,,,,-13.3671,-27.0708,-0.7995,-13.8242,,,,,,,False,,cex_momentum,BTC/USDT,30.0,0.02,0.01,3.0,60.0,167.0,5.99,2.7552,49.8561,33.2374,-80.3383
959,2026-09-18T08:00:06.103283,,,,,,,,-13.3671,-27.0708,-0.7995,-13.8242,,,,,,,False,,cex_momentum,BTC/USDT,30.0,0.02,0.01,3.0,90.0,167.0,5.99,2.7552,49.8561,33.2374,-80.3383
960,2026-09-18T08:00:06.181501,,,,,,,,-13.3671,-27.0708,-0.7995,-13.8242,,,,,,,False,,cex_momentum,BTC/USDT,30.0,0.02,0.01,3.0,120.0,167.0,5.99,2.7552,49.8561,33.2374,-80.3383
1,2026-09-18T08:00:09.686645,,,,,,,,-31.3408,-105.315,-2.0673,-15.7097,,,,,,,False,,cex_momentum,ETH/USDT,10.0,0.004,0.003,1.5,30.0,448.0,14.96,9.0252,132.8842,88.5895,-212.4485
2,2026-09-18T08:00:09.762097,,,,,,,,-30.678,-91.7674,-2.015,-15.6584,,,,,,,False,,cex_momentum,ETH/USDT,10.0,0.004,0.003,1.5,60.0,440.0,16.14,10.3452,130.5411,87.0274,-207.2233
3,2026-09-18T08:00:09.835580,,,,,,,,-30.6157,-92.3406,-2.0101,-15.6611,,,,,,,False,,cex_momentum,ETH/USDT,10.0,0.004,0.003,1.5,90.0,439.0,15.95,10.3455,130.2478,86.8319,-206.7342
4,2026-09-18T08:00:09.907960,,,,,,,,-30.6157,-92.3406,-2.0101,-15.6611,,,,,,,False,,cex_momentum,ETH/USDT,10.0,0.004,0.003,1.5,120.0,439.0,15.95,10.3455,130.2478,86.8319,-206.7342
5,2026-09-18T08:00:09.987381,,,,,,,,-25.9732,-70.997,-1.6569,-15.5184,,,,,,,False,,cex_momentum,ETH/USDT,10.0,0.004,0.003,2.0,30.0,371.0,15.36,13.3103,110.2902,73.5268,-170.5066
6,2026-09-18T08:00:10.066454,,,,,,,,-25.6008,-66.505,-1.6295,-15.4705,,,,,,,False,,cex_momentum,ETH/USDT,10.0,0.004,0.003,2.0,60.0,366.0,16.67,13.5856,108.8109,72.5406,-167.7659
7,2026-09-18T08:00:10.146120,,,,,,,,-25.5339,-66.1642,-1.6246,-15.4665,,,,,,,False,,cex_momentum,ETH/USDT,10.0,0.004,0.003,2.0,90.0,365.0,16.44,13.5859,108.5165,72.3443,-167.2749
8,2026-09-18T08:00:10.218566,,,,,,,,-25.5339,-66.1642,-1.6246,-15.4665,,,,,,,False,,cex_momentum,ETH/USDT,10.0,0.004,0.003,2.0,120.0,365.0,16.44,13.5859,108.5165,72.3443,-167.2749
9,2026-09-18T08:00:10.297782,,,,,,,,-23.5888,-75.3826,-1.4836,-15.5574,,,,,,,False,,cex_momentum,ETH/USDT,10.0,0.004,0.003,2.5,30.0,323.0,13.62,7.4566,96.1154,64.0769,-152.7357
10,2026-09-18T08:00:10.377176,,,,,,,,-23.2235,-67.9396,-1.4575,-15.4868,,,,,,,False,,cex_momentum,ETH/USDT,10.0,0.004,0.003,2.5,60.0,320.0,15.62,8.5899,95.2297,63.4865,-150.1263
11,2026-09-18T08:00:10.461606,,,,,,,,-23.1545,-67.4515,-1.4525,-15.4814,,,,,,,False,,cex_momentum,ETH/USDT,10.0,0.004,0.003,2.5,90.0,319.0,15.36,8.59,94.9346,63.2897,-149.6344
12,2026-09-18T08:00:10.537813,,,,,,,,-23.1545,-67.4515,-1.4525,-15.4814,,,,,,,False,,cex_momentum,ETH/USDT,10.0,0.004,0.003,2.5,120.0,319.0,15.36,8.59,94.9346,63.2897,-149.6344
13,2026-09-18T08:00:10.620087,,,,,,,,-21.4381,-114.231,-1.3315,-15.7341,,,,,,,False,,cex_momentum,ETH/USDT,10.0,0.004,0.003,3.0,30.0,277.0,13.0,1.0876,82.4942,54.9961,-136.4027
14,2026-09-18T08:00:10.702844,,,,,,,,-20.6891,-94.182,-1.2795,-15.6692,,,,,,,False,,cex_momentum,ETH/USDT,10.0,0.004,0.003,3.0,60.0,272.0,15.81,3.8402,81.0251,54.0168,-131.2017
15,2026-09-18T08:00:10.787061,,,,,,,,-20.7096,-94.4402,-1.2809,-15.6703,,,,,,,False,,cex_momentum,ETH/USDT,10.0,0.004,0.003,3.0,90.0,272.0,15.44,3.6968,81.0239,54.016,-131.3431
16,2026-09-18T08:00:10.863805,,,,,,,,-20.7096,-94.4402,-1.2809,-15.6703,,,,,,,False,,cex_momentum,ETH/USDT,10.0,0.004,0.003,3.0,120.0,272.0,15.44,3.6968,81.0239,54.016,-131.3431
49,2026-09-18T08:00:10.942238,,,,,,,,-29.2319,-87.8392,-1.9026,-15.6391,,,,,,,False,,cex_momentum,ETH/USDT,10.0,0.007,0.003,1.5,30.0,414.0,11.59,8.8639,122.9087,81.9392,-195.984
50,2026-09-18T08:00:11.020067,,,,,,,,-28.587,-76.9262,-1.8531,-15.5697,,,,,,,False,,cex_momentum,ETH/USDT,10.0,0.007,0.003,1.5,60.0,403.0,11.66,8.4026,119.6667,79.7778,-191.0419
51,2026-09-18T08:00:11.099115,,,,,,,,-28.4893,-76.3986,-1.8457,-15.5656,,,,,,,False,,cex_momentum,ETH/USDT,10.0,0.007,0.003,1.5,90.0,402.0,11.44,8.6633,119.3762,79.5841,-190.297
52,2026-09-18T08:00:11.169325,,,,,,,,-28.4893,-76.3986,-1.8457,-15.5656,,,,,,,False,,cex_momentum,ETH/USDT,10.0,0.007,0.003,1.5,120.0,402.0,11.44,8.6633,119.3762,79.5841,-190.297
53,2026-09-18T08:00:11.253043,,,,,,,,-23.8592,-58.4898,-1.503,-15.358,,,,,,,False,,cex_momentum,ETH/USDT,10.0,0.007,0.003,2.0,30.0,343.0,11.95,14.9578,102.0457,68.0305,-155.1184
54,2026-09-18T08:00:11.331066,,,,,,,,-23.3791,-51.8083,-1.4686,-15.2247,,,,,,,False,,cex_momentum,ETH/USDT,10.0,0.007,0.003,2.0,60.0,335.0,12.84,14.4499,99.6781,66.4521,-151.6804
55,2026-09-18T08:00:11.410681,,,,,,,,-23.3234,-51.6777,-1.4646,-15.2216,,,,,,,False,,cex_momentum,ETH/USDT,10.0,0.007,0.003,2.0,90.0,334.0,12.57,14.3555,99.3828,66.2552,-151.2826
56,2026-09-18T08:00:11.486481,,,,,,,,-23.3234,-51.6777,-1.4646,-15.2216,,,,,,,False,,cex_momentum,ETH/USDT,10.0,0.007,0.003,2.0,120.0,334.0,12.57,14.3555,99.3828,66.2552,-151.2826
57,2026-09-18T08:00:11.565713,,,,,,,,-22.0294,-63.6286,-1.3729,-15.4347,,,,,,,False,,cex_momentum,ETH/USDT,10.0,0.007,0.003,2.5,30.0,302.0,10.6,8.1804,89.9147,59.9431,-141.6774
58,2026-09-18T08:00:11.647112,,,,,,,,-21.2484,-51.4002,-1.3183,-15.215,,,,,,,False,,cex_momentum,ETH/USDT,10.0,0.007,0.003,2.5,60.0,295.0,11.86,10.2029,87.8519,58.5679,-136.2169
59,2026-09-18T08:00:11.727037,,,,,,,,-21.1911,-51.2329,-1.3143,-15.211,,,,,,,False,,cex_momentum,ETH/USDT,10.0,0.007,0.003,2.5,90.0,294.0,11.56,10.1083,87.556,58.3707,-135.8184
60,2026-09-18T08:00:11.801684,,,,,,,,-21.1911,-51.2329,-1.3143,-15.211,,,,,,,False,,cex_momentum,ETH/USDT,10.0,0.007,0.003,2.5,120.0,294.0,11.56,10.1083,87.556,58.3707,-135.8184
61,2026-09-18T08:00:11.882581,,,,,,,,-20.035,-100.6017,-1.2344,-15.6941,,,,,,,False,,cex_momentum,ETH/USDT,10.0,0.007,0.003,3.0,30.0,260.0,10.0,2.424,77.4727,51.6485,-126.6971
62,2026-09-18T08:00:11.963746,,,,,,,,-19.082,-77.1805,-1.1694,-15.5716,,,,,,,False,,cex_momentum,ETH/USDT,10.0,0.007,0.003,3.0,60.0,252.0,11.9,4.9906,75.1125,50.075,-120.1969
63,2026-09-18T08:00:12.041856,,,,,,,,-19.1168,-77.5612,-1.1718,-15.5745,,,,,,,False,,cex_momentum,ETH/USDT,10.0,0.007,0.003,3.0,90.0,252.0,11.51,4.7523,75.1111,50.074,-120.4328
64,2026-09-18T08:00:12.120015,,,,,,,,-19.1168,-77.5612,-1.1718,-15.5745,,,,,,,False,,cex_momentum,ETH/USDT,10.0,0.007,0.003,3.0,120.0,252.0,11.51,4.7523,75.1111,50.074,-120.4328
65,2026-09-18T08:00:12.195676,,,,,,,,-29.4831,-86.3741,-1.9219,-15.6313,,,,,,,False,,cex_momentum,ETH/USDT,10.0,0.007,0.006,1.5,30.0,414.0,11.59,6.9168,122.9027,81.9351,-197.921
66,2026-09-18T08:00:12.272385,,,,,,,,-28.8303,-75.8331,-1.8717,-15.5611,,,,,,,False,,cex_momentum,ETH/USDT,10.0,0.007,0.006,1.5,60.0,403.0,11.66,6.534,119.6613,79.7742,-192.9016
67,2026-09-18T08:00:12.351626,,,,,,,,-28.733,-75.252,-1.8643,-15.5564,,,,,,,False,,cex_momentum,ETH/USDT,10.0,0.007,0.006,1.5,90.0,402.0,11.44,6.7946,119.3708,79.5805,-192.1568
68,2026-09-18T08:00:12.426845,,,,,,,,-28.733,-75.252,-1.8643,-15.5564,,,,,,,False,,cex_momentum,ETH/USDT,10.0,0.007,0.006,1.5,120.0,402.0,11.44,6.7946,119.3708,79.5805,-192.1568
69,2026-09-18T08:00:12.509634,,,,,,,,-24.0933,-58.9621,-1.5198,-15.3658,,,,,,,False,,cex_momentum,ETH/USDT,10.0,0.007,0.006,2.0,30.0,343.0,11.95,13.266,102.0412,68.0275,-156.8028
70,2026-09-18T08:00:12.590082,,,,,,,,-23.6148,-52.3225,-1.4854,-15.2367,,,,,,,False,,cex_momentum,ETH/USDT,10.0,0.007,0.006,2.0,60.0,335.0,12.84,12.7575,99.6737,66.4491,-153.3653
71,2026-09-18T08:00:12.672222,,,,,,,,-23.5592,-52.1733,-1.4814,-15.2332,,,,,,,False,,cex_momentum,ETH/USDT,10.0,0.007,0.006,2.0,90.0,334.0,12.57,12.6631,99.3784,66.2523,-152.9676
72,2026-09-18T08:00:12.748820,,,,,,,,-23.5592,-52.1733,-1.4814,-15.2332,,,,,,,False,,cex_momentum,ETH/USDT,10.0,0.007,0.006,2.0,120.0,334.0,12.57,12.6631,99.3784,66.2523,-152.9676
73,2026-09-18T08:00:12.832028,,,,,,,,-22.0885,-62.3444,-1.3771,-15.4172,,,,,,,False,,cex_momentum,ETH/USDT,10.0,0.007,0.006,2.5,30.0,302.0,10.6,7.7618,89.9127,59.9418,-142.0927
74,2026-09-18T08:00:12.915857,,,,,,,,-21.3081,-50.6156,-1.3225,-15.1957,,,,,,,False,,cex_momentum,ETH/USDT,10.0,0.007,0.006,2.5,60.0,295.0,11.86,9.7841,87.8499,58.5666,-136.6324
75,2026-09-18T08:00:12.997809,,,,,,,,-21.2509,-50.4465,-1.3185,-15.1914,,,,,,,False,,cex_momentum,ETH/USDT,10.0,0.007,0.006,2.5,90.0,294.0,11.56,9.6895,87.5541,58.3694,-136.234
76,2026-09-18T08:00:13.075839,,,,,,,,-21.2509,-50.4465,-1.3185,-15.1914,,,,,,,False,,cex_momentum,ETH/USDT,10.0,0.007,0.006,2.5,120.0,294.0,11.56,9.6895,87.5541,58.3694,-136.234
77,2026-09-18T08:00:13.160598,,,,,,,,-20.2134,-92.5477,-1.2467,-15.662,,,,,,,False,,cex_momentum,ETH/USDT,10.0,0.007,0.006,3.0,30.0,260.0,10.0,1.1935,77.4695,51.6463,-127.9223
78,2026-09-18T08:00:13.247346,,,,,,,,-19.2626,-72.6042,-1.1817,-15.5335,,,,,,,False,,cex_momentum,ETH/USDT,10.0,0.007,0.006,3.0,60.0,252.0,11.9,3.7593,75.1094,50.0729,-121.4229
79,2026-09-18T08:00:13.332239,,,,,,,,-19.2972,-72.9671,-1.184,-15.5368,,,,,,,False,,cex_momentum,ETH/USDT,10.0,0.007,0.006,3.0,90.0,252.0,11.51,3.5211,75.1079,50.0719,-121.6587
80,2026-09-18T08:00:13.409495,,,,,,,,-19.2972,-72.9671,-1.184,-15.5368,,,,,,,False,,cex_momentum,ETH/USDT,10.0,0.007,0.006,3.0,120.0,252.0,11.51,3.5211,75.1079,50.0719,-121.6587
97,2026-09-18T08:00:13.491185,,,,,,,,-28.4417,-75.5782,-1.842,-15.559,,,,,,,False,,cex_momentum,ETH/USDT,10.0,0.01,0.003,1.5,30.0,409.0,11.25,12.4997,121.4604,80.9736,-189.9343
98,2026-09-18T08:00:13.570054,,,,,,,,-27.4157,-63.9386,-1.7644,-15.4388,,,,,,,False,,cex_momentum,ETH/USDT,10.0,0.01,0.003,1.5,60.0,394.0,11.68,12.9048,117.0462,78.0308,-182.1722
99,2026-09-18T08:00:13.649750,,,,,,,,-27.2512,-62.5091,-1.752,-15.4195,,,,,,,False,,cex_momentum,ETH/USDT,10.0,0.01,0.003,1.5,90.0,392.0,11.48,13.165,116.4614,77.6409,-180.9374
100,2026-09-18T08:00:13.724069,,,,,,,,-27.2512,-62.5091,-1.752,-15.4195,,,,,,,False,,cex_momentum,ETH/USDT,10.0,0.01,0.003,1.5,120.0,392.0,11.48,13.165,116.4614,77.6409,-180.9374
101,2026-09-18T08:00:13.806559,,,,,,,,-23.3097,-47.2931,-1.4636,-15.1041,,,,,,,False,,cex_momentum,ETH/USDT,10.0,0.01,0.003,2.0,30.0,340.0,11.76,17.4411,101.1754,67.4503,-151.1847
102,2026-09-18T08:00:13.886397,,,,,,,,-22.3042,-41.1318,-1.3923,-14.8844,,,,,,,False,,cex_momentum,ETH/USDT,10.0,0.01,0.003,2.0,60.0,327.0,12.84,18.1761,97.3388,64.8925,-144.0551
103,2026-09-18T08:00:13.967510,,,,,,,,-22.2477,-41.087,-1.3883,-14.8825,,,,,,,False,,cex_momentum,ETH/USDT,10.0,0.01,0.003,2.0,90.0,326.0,12.58,18.0819,97.0434,64.6956,-143.657
104,2026-09-18T08:00:14.045218,,,,,,,,-22.2477,-41.087,-1.3883,-14.8825,,,,,,,False,,cex_momentum,ETH/USDT,10.0,0.01,0.003,2.0,120.0,326.0,12.58,18.0819,97.0434,64.6956,-143.657
105,2026-09-18T08:00:14.125054,,,,,,,,-20.9761,-42.7102,-1.2994,-14.9551,,,,,,,False,,cex_momentum,ETH/USDT,10.0,0.01,0.003,2.5,30.0,300.0,10.67,14.5917,89.35,59.5666,-134.3249
106,2026-09-18T08:00:14.208408,,,,,,,,-19.8673,-36.222,-1.2229,-14.6685,,,,,,,False,,cex_momentum,ETH/USDT,10.0,0.01,0.003,2.5,60.0,289.0,12.11,16.8209,86.1039,57.4026,-126.6857
107,2026-09-18T08:00:14.292290,,,,,,,,-19.8091,-36.1691,-1.219,-14.6655,,,,,,,False,,cex_momentum,ETH/USDT,10.0,0.01,0.003,2.5,90.0,288.0,11.81,16.7266,85.808,57.2054,-126.2868
108,2026-09-18T08:00:14.360957,,,,,,,,-19.8091,-36.1691,-1.219,-14.6655,,,,,,,False,,cex_momentum,ETH/USDT,10.0,0.01,0.003,2.5,120.0,288.0,11.81,16.7266,85.808,57.2054,-126.2868
109,2026-09-18T08:00:14.443951,,,,,,,,-18.8263,-52.1663,-1.1521,-15.2331,,,,,,,False,,cex_momentum,ETH/USDT,10.0,0.01,0.003,3.0,30.0,258.0,10.08,9.7148,76.9079,51.2719,-118.4651
110,2026-09-18T08:00:14.527387,,,,,,,,-17.6099,-41.9184,-1.0704,-14.9134,,,,,,,False,,cex_momentum,ETH/USDT,10.0,0.01,0.003,3.0,60.0,247.0,12.15,12.4686,73.659,49.106,-110.2964
111,2026-09-18T08:00:14.609650,,,,,,,,-17.6453,-41.9785,-1.0727,-14.9159,,,,,,,False,,cex_momentum,ETH/USDT,10.0,0.01,0.003,3.0,90.0,247.0,11.74,12.2301,73.6575,49.105,-110.5325
112,2026-09-18T08:00:14.685793,,,,,,,,-17.6453,-41.9785,-1.0727,-14.9159,,,,,,,False,,cex_momentum,ETH/USDT,10.0,0.01,0.003,3.0,120.0,247.0,11.74,12.2301,73.6575,49.105,-110.5325
113,2026-09-18T08:00:14.763618,,,,,,,,-28.6242,-75.0623,-1.856,-15.5548,,,,,,,False,,cex_momentum,ETH/USDT,10.0,0.01,0.006,1.5,30.0,409.0,11.25,11.0997,121.4555,80.9703,-191.326
114,2026-09-18T08:00:14.843740,,,,,,,,-27.6112,-63.4611,-1.7791,-15.4325,,,,,,,False,,cex_momentum,ETH/USDT,10.0,0.01,0.006,1.5,60.0,394.0,11.68,11.4245,117.0408,78.0272,-183.6435
115,2026-09-18T08:00:14.922398,,,,,,,,-27.4471,-62.0152,-1.7667,-15.4125,,,,,,,False,,cex_momentum,ETH/USDT,10.0,0.01,0.006,1.5,90.0,392.0,11.48,11.6845,116.456,77.6373,-182.4088
116,2026-09-18T08:00:14.997900,,,,,,,,-27.4471,-62.0152,-1.7667,-15.4125,,,,,,,False,,cex_momentum,ETH/USDT,10.0,0.01,0.006,1.5,120.0,392.0,11.48,11.6845,116.456,77.6373,-182.4088
117,2026-09-18T08:00:15.078581,,,,,,,,-23.4798,-47.6719,-1.4758,-15.1154,,,,,,,False,,cex_momentum,ETH/USDT,10.0,0.01,0.006,2.0,30.0,340.0,11.76,16.2192,101.1714,67.4476,-152.3997
118,2026-09-18T08:00:15.160433,,,,,,,,-22.4766,-41.4806,-1.4044,-14.8982,,,,,,,False,,cex_momentum,ETH/USDT,10.0,0.01,0.006,2.0,60.0,327.0,12.84,16.9536,97.3348,64.8899,-145.2711
119,2026-09-18T08:00:15.241014,,,,,,,,-22.4202,-41.4288,-1.4005,-14.896,,,,,,,False,,cex_momentum,ETH/USDT,10.0,0.01,0.006,2.0,90.0,326.0,12.58,16.8593,97.0394,64.6929,-144.873
120,2026-09-18T08:00:15.318657,,,,,,,,-22.4202,-41.4288,-1.4005,-14.896,,,,,,,False,,cex_momentum,ETH/USDT,10.0,0.01,0.006,2.0,120.0,326.0,12.58,16.8593,97.0394,64.6929,-144.873
121,2026-09-18T08:00:15.400475,,,,,,,,-20.9873,-42.6662,-1.3001,-14.9533,,,,,,,False,,cex_momentum,ETH/USDT,10.0,0.01,0.006,2.5,30.0,300.0,10.67,14.512,89.3489,59.5659,-134.4028
122,2026-09-18T08:00:15.482905,,,,,,,,-19.8787,-36.273,-1.2237,-14.6716,,,,,,,False,,cex_momentum,ETH/USDT,10.0,0.01,0.006,2.5,60.0,289.0,12.11,16.7412,86.1029,57.4019,-126.7636
123,2026-09-18T08:00:15.561337,,,,,,,,-19.8205,-36.2197,-1.2197,-14.6686,,,,,,,False,,cex_momentum,ETH/USDT,10.0,0.01,0.006,2.5,90.0,288.0,11.81,16.6469,85.807,57.2047,-126.3648
124,2026-09-18T08:00:15.640303,,,,,,,,-19.8205,-36.2197,-1.2197,-14.6686,,,,,,,False,,cex_momentum,ETH/USDT,10.0,0.01,0.006,2.5,120.0,288.0,11.81,16.6469,85.807,57.2047,-126.3648
125,2026-09-18T08:00:15.724125,,,,,,,,-18.9575,-51.6223,-1.161,-15.2203,,,,,,,False,,cex_momentum,ETH/USDT,10.0,0.01,0.006,3.0,30.0,258.0,10.08,8.8228,76.9055,51.2703,-119.353
126,2026-09-18T08:00:15.807591,,,,,,,,-17.7431,-41.635,-1.0793,-14.9014,,,,,,,False,,cex_momentum,ETH/USDT,10.0,0.01,0.006,3.0,60.0,247.0,12.15,11.576,73.6566,49.1044,-111.1851
127,2026-09-18T08:00:15.894753,,,,,,,,-17.7784,-41.7005,-1.0816,-14.9042,,,,,,,False,,cex_momentum,ETH/USDT,10.0,0.01,0.006,3.0,90.0,247.0,11.74,11.3375,73.6552,49.1035,-111.4211
128,2026-09-18T08:00:15.971927,,,,,,,,-17.7784,-41.7005,-1.0816,-14.9042,,,,,,,False,,cex_momentum,ETH/USDT,10.0,0.01,0.006,3.0,120.0,247.0,11.74,11.3375,73.6552,49.1035,-111.4211
145,2026-09-18T08:00:16.051753,,,,,,,,-28.1549,-71.3462,-1.8202,-15.5217,,,,,,,False,,cex_momentum,ETH/USDT,10.0,0.015,0.003,1.5,30.0,404.0,10.4,12.2222,119.9856,79.9904,-187.7538
146,2026-09-18T08:00:16.131040,,,,,,,,-26.811,-59.7093,-1.7191,-15.3779,,,,,,,False,,cex_momentum,ETH/USDT,10.0,0.015,0.003,1.5,60.0,385.0,10.91,13.0094,114.3935,76.2624,-177.6465
147,2026-09-18T08:00:16.220452,,,,,,,,-26.6452,-58.6031,-1.7067,-15.3599,,,,,,,False,,cex_momentum,ETH/USDT,10.0,0.015,0.003,1.5,90.0,383.0,10.7,13.2695,113.8084,75.8723,-176.4111
148,2026-09-18T08:00:16.299201,,,,,,,,-26.6452,-58.6031,-1.7067,-15.3599,,,,,,,False,,cex_momentum,ETH/USDT,10.0,0.015,0.003,1.5,120.0,383.0,10.7,13.2695,113.8084,75.8723,-176.4111
149,2026-09-18T08:00:16.384163,,,,,,,,-23.3349,-53.6288,-1.4654,-15.2656,,,,,,,False,,cex_momentum,ETH/USDT,10.0,0.015,0.003,2.0,30.0,336.0,10.71,15.269,99.9802,66.6534,-151.3646
150,2026-09-18T08:00:16.468977,,,,,,,,-22.2936,-44.661,-1.3915,-15.018,,,,,,,False,,cex_momentum,ETH/USDT,10.0,0.015,0.003,2.0,60.0,322.0,11.8,15.7594,95.844,63.896,-143.9806
151,2026-09-18T08:00:16.546377,,,,,,,,-22.2371,-44.6274,-1.3875,-15.0168,,,,,,,False,,cex_momentum,ETH/USDT,10.0,0.015,0.003,2.0,90.0,321.0,11.53,15.6651,95.5485,63.699,-143.5825
152,2026-09-18T08:00:16.621075,,,,,,,,-22.2371,-44.6274,-1.3875,-15.0168,,,,,,,False,,cex_momentum,ETH/USDT,10.0,0.015,0.003,2.0,120.0,321.0,11.53,15.6651,95.5485,63.699,-143.5825
153,2026-09-18T08:00:16.715417,,,,,,,,-21.2179,-48.5988,-1.3162,-15.1421,,,,,,,False,,cex_momentum,ETH/USDT,10.0,0.015,0.003,2.5,30.0,296.0,9.46,10.9141,88.1513,58.7675,-136.0047
154,2026-09-18T08:00:16.799284,,,,,,,,-20.0754,-40.5986,-1.2372,-14.8602,,,,,,,False,,cex_momentum,ETH/USDT,10.0,0.015,0.003,2.5,60.0,284.0,10.92,12.8978,84.6057,56.4038,-128.1118
155,2026-09-18T08:00:16.880867,,,,,,,,-20.0173,-40.5469,-1.2332,-14.8578,,,,,,,False,,cex_momentum,ETH/USDT,10.0,0.015,0.003,2.5,90.0,283.0,10.6,12.8032,84.3098,56.2065,-127.713
156,2026-09-18T08:00:16.959065,,,,,,,,-20.0173,-40.5469,-1.2332,-14.8578,,,,,,,False,,cex_momentum,ETH/USDT,10.0,0.015,0.003,2.5,120.0,283.0,10.6,12.8032,84.3098,56.2065,-127.713
157,2026-09-18T08:00:17.044326,,,,,,,,-19.0216,-50.51,-1.1653,-15.193,,,,,,,False,,cex_momentum,ETH/USDT,10.0,0.015,0.003,3.0,30.0,256.0,9.38,7.4018,76.3135,50.8757,-119.7875
158,2026-09-18T08:00:17.128306,,,,,,,,-17.7699,-41.6126,-1.0811,-14.9102,,,,,,,False,,cex_momentum,ETH/USDT,10.0,0.015,0.003,3.0,60.0,244.0,11.48,9.9104,72.7649,48.5099,-111.3644
159,2026-09-18T08:00:17.208325,,,,,,,,-17.8053,-41.6792,-1.0834,-14.913,,,,,,,False,,cex_momentum,ETH/USDT,10.0,0.015,0.003,3.0,90.0,244.0,11.07,9.672,72.7634,48.509,-111.6004
160,2026-09-18T08:00:17.287934,,,,,,,,-17.8053,-41.6792,-1.0834,-14.913,,,,,,,False,,cex_momentum,ETH/USDT,10.0,0.015,0.003,3.0,120.0,244.0,11.07,9.672,72.7634,48.509,-111.6004
161,2026-09-18T08:00:17.366341,,,,,,,,-28.399,-70.6444,-1.8388,-15.5149,,,,,,,False,,cex_momentum,ETH/USDT,10.0,0.015,0.006,1.5,30.0,404.0,10.4,10.3584,119.9806,79.9871,-189.6093
162,2026-09-18T08:00:17.439910,,,,,,,,-27.0334,-59.0312,-1.7357,-15.3669,,,,,,,False,,cex_momentum,ETH/USDT,10.0,0.015,0.006,1.5,60.0,385.0,10.91,11.3417,114.3891,76.2594,-179.3068
163,2026-09-18T08:00:17.518030,,,,,,,,-26.868,-57.9103,-1.7233,-15.3481,,,,,,,False,,cex_momentum,ETH/USDT,10.0,0.015,0.006,1.5,90.0,383.0,10.7,11.6017,113.8039,75.8693,-178.0716
164,2026-09-18T08:00:17.591339,,,,,,,,-26.868,-57.9103,-1.7233,-15.3481,,,,,,,False,,cex_momentum,ETH/USDT,10.0,0.015,0.006,1.5,120.0,383.0,10.7,11.6017,113.8039,75.8693,-178.0716
165,2026-09-18T08:00:17.665917,,,,,,,,-23.57,-54.4097,-1.4822,-15.282,,,,,,,False,,cex_momentum,ETH/USDT,10.0,0.015,0.006,2.0,30.0,336.0,10.71,13.5819,99.976,66.6507,-153.0448
166,2026-09-18T08:00:17.746276,,,,,,,,-22.5039,-44.9824,-1.4064,-15.0292,,,,,,,False,,cex_momentum,ETH/USDT,10.0,0.015,0.006,2.0,60.0,322.0,11.8,14.2696,95.8403,63.8935,-145.4642
167,2026-09-18T08:00:17.823807,,,,,,,,-22.4476,-44.9374,-1.4024,-15.0277,,,,,,,False,,cex_momentum,ETH/USDT,10.0,0.015,0.006,2.0,90.0,321.0,11.53,14.1752,95.5448,63.6966,-145.0662
168,2026-09-18T08:00:17.901179,,,,,,,,-22.4476,-44.9374,-1.4024,-15.0277,,,,,,,False,,cex_momentum,ETH/USDT,10.0,0.015,0.006,2.0,120.0,321.0,11.53,14.1752,95.5448,63.6966,-145.0662
169,2026-09-18T08:00:17.985030,,,,,,,,-21.3279,-49.0079,-1.3238,-15.1535,,,,,,,False,,cex_momentum,ETH/USDT,10.0,0.015,0.006,2.5,30.0,296.0,9.46,10.1447,88.1492,58.7661,-136.7706
170,2026-09-18T08:00:18.066693,,,,,,,,-20.1582,-40.7561,-1.2429,-14.8672,,,,,,,False,,cex_momentum,ETH/USDT,10.0,0.015,0.006,2.5,60.0,284.0,10.92,12.3265,84.604,56.4026,-128.6801
171,2026-09-18T08:00:18.151115,,,,,,,,-20.1001,-40.7004,-1.2389,-14.8648,,,,,,,False,,cex_momentum,ETH/USDT,10.0,0.015,0.006,2.5,90.0,283.0,10.6,12.232,84.308,56.2053,-128.2813
172,2026-09-18T08:00:18.224769,,,,,,,,-20.1001,-40.7004,-1.2389,-14.8648,,,,,,,False,,cex_momentum,ETH/USDT,10.0,0.015,0.006,2.5,120.0,283.0,10.6,12.232,84.308,56.2053,-128.2813
173,2026-09-18T08:00:18.310271,,,,,,,,-19.1452,-49.7677,-1.1737,-15.1739,,,,,,,False,,cex_momentum,ETH/USDT,10.0,0.015,0.006,3.0,30.0,256.0,9.38,6.5604,76.3115,50.8743,-120.6254
174,2026-09-18T08:00:18.394952,,,,,,,,-17.8657,-40.9055,-1.0875,-14.8791,,,,,,,False,,cex_momentum,ETH/USDT,10.0,0.015,0.006,3.0,60.0,244.0,11.48,9.2674,72.7632,48.5088,-112.0046
175,2026-09-18T08:00:18.479552,,,,,,,,-17.901,-40.9752,-1.0898,-14.8822,,,,,,,False,,cex_momentum,ETH/USDT,10.0,0.015,0.006,3.0,90.0,244.0,11.07,9.029,72.7618,48.5078,-112.2406
176,2026-09-18T08:00:18.558382,,,,,,,,-17.901,-40.9752,-1.0898,-14.8822,,,,,,,False,,cex_momentum,ETH/USDT,10.0,0.015,0.006,3.0,120.0,244.0,11.07,9.029,72.7618,48.5078,-112.2406
177,2026-09-18T08:00:18.637929,,,,,,,,-28.437,-70.2971,-1.8417,-15.5115,,,,,,,False,,cex_momentum,ETH/USDT,10.0,0.015,0.01,1.5,30.0,404.0,10.4,10.0681,119.9799,79.9866,-189.8984
178,2026-09-18T08:00:18.717151,,,,,,,,-27.0721,-58.8014,-1.7386,-15.3632,,,,,,,False,,cex_momentum,ETH/USDT,10.0,0.015,0.01,1.5,60.0,385.0,10.91,11.0512,114.3884,76.2589,-179.5962
179,2026-09-18T08:00:18.796090,,,,,,,,-26.9068,-57.6831,-1.7262,-15.3441,,,,,,,False,,cex_momentum,ETH/USDT,10.0,0.015,0.01,1.5,90.0,383.0,10.7,11.3111,113.8032,75.8688,-178.361
180,2026-09-18T08:00:18.870315,,,,,,,,-26.9068,-57.6831,-1.7262,-15.3441,,,,,,,False,,cex_momentum,ETH/USDT,10.0,0.015,0.01,1.5,120.0,383.0,10.7,11.3111,113.8032,75.8688,-178.361
181,2026-09-18T08:00:18.950414,,,,,,,,-23.6105,-54.3039,-1.4851,-15.2798,,,,,,,False,,cex_momentum,ETH/USDT,10.0,0.015,0.01,2.0,30.0,336.0,10.71,13.2906,99.9754,66.6502,-153.335
182,2026-09-18T08:00:19.030196,,,,,,,,-22.545,-44.9106,-1.4093,-15.0268,,,,,,,False,,cex_momentum,ETH/USDT,10.0,0.015,0.01,2.0,60.0,322.0,11.8,13.9782,95.8397,63.8931,-145.7546
183,2026-09-18T08:00:19.108892,,,,,,,,-22.4887,-44.8631,-1.4053,-15.0251,,,,,,,False,,cex_momentum,ETH/USDT,10.0,0.015,0.01,2.0,90.0,321.0,11.53,13.8838,95.5442,63.6961,-145.3566
184,2026-09-18T08:00:19.179339,,,,,,,,-22.4887,-44.8631,-1.4053,-15.0251,,,,,,,False,,cex_momentum,ETH/USDT,10.0,0.015,0.01,2.0,120.0,321.0,11.53,13.8838,95.5442,63.6961,-145.3566
185,2026-09-18T08:00:19.262992,,,,,,,,-21.3286,-49.0122,-1.3239,-15.1536,,,,,,,False,,cex_momentum,ETH/USDT,10.0,0.015,0.01,2.5,30.0,296.0,9.46,10.1398,88.1491,58.7661,-136.7755
186,2026-09-18T08:00:19.345761,,,,,,,,-20.1589,-40.7589,-1.2429,-14.8674,,,,,,,False,,cex_momentum,ETH/USDT,10.0,0.015,0.01,2.5,60.0,284.0,10.92,12.3216,84.604,56.4026,-128.685
187,2026-09-18T08:00:19.428727,,,,,,,,-20.1009,-40.7031,-1.239,-14.8649,,,,,,,False,,cex_momentum,ETH/USDT,10.0,0.015,0.01,2.5,90.0,283.0,10.6,12.2271,84.308,56.2053,-128.2862
188,2026-09-18T08:00:19.507834,,,,,,,,-20.1009,-40.7031,-1.239,-14.8649,,,,,,,False,,cex_momentum,ETH/USDT,10.0,0.015,0.01,2.5,120.0,283.0,10.6,12.2271,84.308,56.2053,-128.2862
189,2026-09-18T08:00:19.591036,,,,,,,,-18.6315,-49.7557,-1.1389,-15.1736,,,,,,,False,,cex_momentum,ETH/USDT,10.0,0.015,0.01,3.0,30.0,255.0,9.8,9.5519,76.0207,50.6804,-117.1491
190,2026-09-18T08:00:19.674486,,,,,,,,-17.3439,-41.0134,-1.0527,-14.8847,,,,,,,False,,cex_momentum,ETH/USDT,10.0,0.015,0.01,3.0,60.0,243.0,11.93,12.2612,72.4719,48.3146,-108.5253
191,2026-09-18T08:00:19.758896,,,,,,,,-17.3794,-41.0628,-1.055,-14.8868,,,,,,,False,,cex_momentum,ETH/USDT,10.0,0.015,0.01,3.0,90.0,243.0,11.52,12.0227,72.4705,48.3136,-108.7614
192,2026-09-18T08:00:19.839088,,,,,,,,-17.3794,-41.0628,-1.055,-14.8868,,,,,,,False,,cex_momentum,ETH/USDT,10.0,0.015,0.01,3.0,120.0,243.0,11.52,12.0227,72.4705,48.3136,-108.7614
193,2026-09-18T08:00:19.918002,,,,,,,,-28.2226,-74.3731,-1.8254,-15.549,,,,,,,False,,cex_momentum,ETH/USDT,10.0,0.02,0.003,1.5,30.0,403.0,10.42,11.2145,119.6895,79.793,-188.2679
194,2026-09-18T08:00:19.996210,,,,,,,,-26.88,-61.8229,-1.7242,-15.4098,,,,,,,False,,cex_momentum,ETH/USDT,10.0,0.02,0.003,1.5,60.0,384.0,10.94,12.0008,114.0972,76.0648,-178.1612
195,2026-09-18T08:00:20.074660,,,,,,,,-26.7143,-60.6129,-1.7119,-15.3919,,,,,,,False,,cex_momentum,ETH/USDT,10.0,0.02,0.003,1.5,90.0,382.0,10.73,12.2608,113.512,75.6747,-176.9258
196,2026-09-18T08:00:20.147634,,,,,,,,-26.7143,-60.6129,-1.7119,-15.3919,,,,,,,False,,cex_momentum,ETH/USDT,10.0,0.02,0.003,1.5,120.0,382.0,10.73,12.2608,113.512,75.6747,-176.9258
197,2026-09-18T08:00:20.225010,,,,,,,,-23.0749,-46.803,-1.4469,-15.089,,,,,,,False,,cex_momentum,ETH/USDT,10.0,0.02,0.003,2.0,30.0,334.0,10.78,16.153,99.3988,66.2659,-149.5117
198,2026-09-18T08:00:20.308898,,,,,,,,-22.0301,-39.7413,-1.373,-14.8229,,,,,,,False,,cex_momentum,ETH/USDT,10.0,0.02,0.003,2.0,60.0,320.0,11.88,16.6435,95.2619,63.5079,-142.1263
199,2026-09-18T08:00:20.389939,,,,,,,,-21.9734,-39.7046,-1.369,-14.8212,,,,,,,False,,cex_momentum,ETH/USDT,10.0,0.02,0.003,2.0,90.0,319.0,11.6,16.5492,94.9664,63.3109,-141.7281
200,2026-09-18T08:00:20.467523,,,,,,,,-21.9734,-39.7046,-1.369,-14.8212,,,,,,,False,,cex_momentum,ETH/USDT,10.0,0.02,0.003,2.0,120.0,319.0,11.6,16.5492,94.9664,63.3109,-141.7281
201,2026-09-18T08:00:20.550849,,,,,,,,-20.7892,-41.469,-1.2864,-14.9073,,,,,,,False,,cex_momentum,ETH/USDT,10.0,0.02,0.003,2.5,30.0,294.0,9.52,12.9213,87.571,58.3807,-133.0303
202,2026-09-18T08:00:20.631110,,,,,,,,-19.6405,-35.0731,-1.2074,-14.6029,,,,,,,False,,cex_momentum,ETH/USDT,10.0,0.02,0.003,2.5,60.0,282.0,10.99,14.9062,84.0247,56.0165,-125.135
203,2026-09-18T08:00:20.711295,,,,,,,,-19.5821,-35.0258,-1.2034,-14.6001,,,,,,,False,,cex_momentum,ETH/USDT,10.0,0.02,0.003,2.5,90.0,281.0,10.68,14.8117,83.7287,55.8191,-124.7361
204,2026-09-18T08:00:20.788781,,,,,,,,-19.5821,-35.0258,-1.2034,-14.6001,,,,,,,False,,cex_momentum,ETH/USDT,10.0,0.02,0.003,2.5,120.0,281.0,10.68,14.8117,83.7287,55.8191,-124.7361
205,2026-09-18T08:00:20.871612,,,,,,,,-18.4617,-44.1827,-1.1275,-15.0054,,,,,,,False,,cex_momentum,ETH/USDT,10.0,0.02,0.003,3.0,30.0,255.0,9.41,10.7065,76.0266,50.6844,-116.0045
206,2026-09-18T08:00:20.954128,,,,,,,,-17.2014,-36.4526,-1.0432,-14.6761,,,,,,,False,,cex_momentum,ETH/USDT,10.0,0.02,0.003,3.0,60.0,243.0,11.52,13.2174,72.4774,48.3183,-107.5782
207,2026-09-18T08:00:21.037369,,,,,,,,-17.2369,-36.5005,-1.0455,-14.6789,,,,,,,False,,cex_momentum,ETH/USDT,10.0,0.02,0.003,3.0,90.0,243.0,11.11,12.9789,72.476,48.3173,-107.8143
208,2026-09-18T08:00:21.116833,,,,,,,,-17.2369,-36.5005,-1.0455,-14.6789,,,,,,,False,,cex_momentum,ETH/USDT,10.0,0.02,0.003,3.0,120.0,243.0,11.11,12.9789,72.476,48.3173,-107.8143
209,2026-09-18T08:00:21.237941,,,,,,,,-28.4244,-74.5718,-1.8407,-15.5507,,,,,,,False,,cex_momentum,ETH/USDT,10.0,0.02,0.006,1.5,30.0,403.0,10.42,9.6721,119.6848,79.7898,-189.8025
210,2026-09-18T08:00:21.320541,,,,,,,,-27.0593,-61.8574,-1.7376,-15.4103,,,,,,,False,,cex_momentum,ETH/USDT,10.0,0.02,0.006,1.5,60.0,384.0,10.94,10.6549,114.093,76.062,-179.5002
211,2026-09-18T08:00:21.398311,,,,,,,,-26.8939,-60.6071,-1.7253,-15.3918,,,,,,,False,,cex_momentum,ETH/USDT,10.0,0.02,0.006,1.5,90.0,382.0,10.73,10.9147,113.5078,75.6719,-178.265
212,2026-09-18T08:00:21.471706,,,,,,,,-26.8939,-60.6071,-1.7253,-15.3918,,,,,,,False,,cex_momentum,ETH/USDT,10.0,0.02,0.006,1.5,120.0,382.0,10.73,10.9147,113.5078,75.6719,-178.265
213,2026-09-18T08:00:21.551689,,,,,,,,-23.2656,-47.5057,-1.4605,-15.1104,,,,,,,False,,cex_momentum,ETH/USDT,10.0,0.02,0.006,2.0,30.0,334.0,10.78,14.7881,99.3949,66.2633,-150.8702
214,2026-09-18T08:00:21.632628,,,,,,,,-22.1953,-40.1555,-1.3846,-14.8409,,,,,,,False,,cex_momentum,ETH/USDT,10.0,0.02,0.006,2.0,60.0,320.0,11.88,15.4762,95.2585,63.5057,-143.2879
215,2026-09-18T08:00:21.713584,,,,,,,,-22.1387,-40.113,-1.3806,-14.839,,,,,,,False,,cex_momentum,ETH/USDT,10.0,0.02,0.006,2.0,90.0,319.0,11.6,15.3819,94.963,63.3087,-142.8898
216,2026-09-18T08:00:21.789267,,,,,,,,-22.1387,-40.113,-1.3806,-14.839,,,,,,,False,,cex_momentum,ETH/USDT,10.0,0.02,0.006,2.0,120.0,319.0,11.6,15.3819,94.963,63.3087,-142.8898
217,2026-09-18T08:00:21.871715,,,,,,,,-20.7925,-41.4236,-1.2866,-14.9053,,,,,,,False,,cex_momentum,ETH/USDT,10.0,0.02,0.006,2.5,30.0,294.0,9.52,12.897,87.5704,58.3802,-133.0536
218,2026-09-18T08:00:21.953756,,,,,,,,-19.6149,-34.9629,-1.2057,-14.5957,,,,,,,False,,cex_momentum,ETH/USDT,10.0,0.02,0.006,2.5,60.0,282.0,10.99,15.0806,84.0244,56.0162,-124.96
219,2026-09-18T08:00:22.035179,,,,,,,,-19.5564,-34.9163,-1.2017,-14.5929,,,,,,,False,,cex_momentum,ETH/USDT,10.0,0.02,0.006,2.5,90.0,281.0,10.68,14.9862,83.7283,55.8189,-124.5611
220,2026-09-18T08:00:22.112782,,,,,,,,-19.5564,-34.9163,-1.2017,-14.5929,,,,,,,False,,cex_momentum,ETH/USDT,10.0,0.02,0.006,2.5,120.0,281.0,10.68,14.9862,83.7283,55.8189,-124.5611
221,2026-09-18T08:00:22.196734,,,,,,,,-18.5861,-43.8876,-1.1359,-14.9945,,,,,,,False,,cex_momentum,ETH/USDT,10.0,0.02,0.006,3.0,30.0,255.0,9.41,9.8648,76.0246,50.683,-116.8428
222,2026-09-18T08:00:22.277784,,,,,,,,-17.2978,-36.1097,-1.0496,-14.6546,,,,,,,False,,cex_momentum,ETH/USDT,10.0,0.02,0.006,3.0,60.0,243.0,11.52,12.5742,72.4757,48.3171,-108.2187
223,2026-09-18T08:00:22.362360,,,,,,,,-17.3333,-36.1604,-1.0519,-14.6576,,,,,,,False,,cex_momentum,ETH/USDT,10.0,0.02,0.006,3.0,90.0,243.0,11.11,12.3357,72.4743,48.3162,-108.4548
224,2026-09-18T08:00:22.442826,,,,,,,,-17.3333,-36.1604,-1.0519,-14.6576,,,,,,,False,,cex_momentum,ETH/USDT,10.0,0.02,0.006,3.0,120.0,243.0,11.11,12.3357,72.4743,48.3162,-108.4548
225,2026-09-18T08:00:22.522696,,,,,,,,-28.5545,-76.1009,-1.8506,-15.5632,,,,,,,False,,cex_momentum,ETH/USDT,10.0,0.02,0.01,1.5,30.0,403.0,10.42,8.6767,119.6824,79.7883,-190.794
226,2026-09-18T08:00:22.600589,,,,,,,,-27.1918,-63.0217,-1.7476,-15.4266,,,,,,,False,,cex_momentum,ETH/USDT,10.0,0.02,0.01,1.5,60.0,384.0,10.94,9.6586,114.0908,76.0605,-180.4927
227,2026-09-18T08:00:22.679345,,,,,,,,-27.0268,-61.6877,-1.7352,-15.4078,,,,,,,False,,cex_momentum,ETH/USDT,10.0,0.02,0.01,1.5,90.0,382.0,10.73,9.9183,113.5056,75.6704,-179.2576
228,2026-09-18T08:00:22.753689,,,,,,,,-27.0268,-61.6877,-1.7352,-15.4078,,,,,,,False,,cex_momentum,ETH/USDT,10.0,0.02,0.01,1.5,120.0,382.0,10.73,9.9183,113.5056,75.6704,-179.2576
229,2026-09-18T08:00:22.836316,,,,,,,,-23.3803,-47.7514,-1.4686,-15.1177,,,,,,,False,,cex_momentum,ETH/USDT,10.0,0.02,0.01,2.0,30.0,334.0,10.78,13.9678,99.3939,66.2626,-151.6886
230,2026-09-18T08:00:22.916934,,,,,,,,-22.3116,-40.4557,-1.3928,-14.8548,,,,,,,False,,cex_momentum,ETH/USDT,10.0,0.02,0.01,2.0,60.0,320.0,11.88,14.6554,95.2575,63.505,-144.107
231,2026-09-18T08:00:22.997025,,,,,,,,-22.2551,-40.4089,-1.3888,-14.8527,,,,,,,False,,cex_momentum,ETH/USDT,10.0,0.02,0.01,2.0,90.0,319.0,11.6,14.561,94.962,63.308,-143.7089
232,2026-09-18T08:00:23.073196,,,,,,,,-22.2551,-40.4089,-1.3888,-14.8527,,,,,,,False,,cex_momentum,ETH/USDT,10.0,0.02,0.01,2.0,120.0,319.0,11.6,14.561,94.962,63.308,-143.7089
233,2026-09-18T08:00:23.161059,,,,,,,,-20.8697,-41.5678,-1.292,-14.9114,,,,,,,False,,cex_momentum,ETH/USDT,10.0,0.02,0.01,2.5,30.0,294.0,9.52,12.3622,87.5699,58.38,-133.5877
234,2026-09-18T08:00:23.241424,,,,,,,,-19.6932,-35.1819,-1.211,-14.6099,,,,,,,False,,cex_momentum,ETH/USDT,10.0,0.02,0.01,2.5,60.0,282.0,10.99,14.5454,84.0239,56.016,-125.4945
235,2026-09-18T08:00:23.323456,,,,,,,,-19.6347,-35.133,-1.207,-14.607,,,,,,,False,,cex_momentum,ETH/USDT,10.0,0.02,0.01,2.5,90.0,281.0,10.68,14.4509,83.7279,55.8186,-125.0957
236,2026-09-18T08:00:23.401433,,,,,,,,-19.6347,-35.133,-1.207,-14.607,,,,,,,False,,cex_momentum,ETH/USDT,10.0,0.02,0.01,2.5,120.0,281.0,10.68,14.4509,83.7279,55.8186,-125.0957
237,2026-09-18T08:00:23.486164,,,,,,,,-18.0689,-43.9985,-1.1011,-14.9988,,,,,,,False,,cex_momentum,ETH/USDT,10.0,0.02,0.01,3.0,30.0,254.0,9.84,12.8574,75.7336,50.489,-113.3652
238,2026-09-18T08:00:23.570433,,,,,,,,-16.7724,-36.2069,-1.0148,-14.6633,,,,,,,False,,cex_momentum,ETH/USDT,10.0,0.02,0.01,3.0,60.0,242.0,11.98,15.569,72.1842,48.1228,-104.738
239,2026-09-18T08:00:23.654774,,,,,,,,-16.8082,-36.2419,-1.0171,-14.6653,,,,,,,False,,cex_momentum,ETH/USDT,10.0,0.02,0.01,3.0,90.0,242.0,11.57,15.3305,72.1828,48.1219,-104.9742
240,2026-09-18T08:00:23.734288,,,,,,,,-16.8082,-36.2419,-1.0171,-14.6653,,,,,,,False,,cex_momentum,ETH/USDT,10.0,0.02,0.01,3.0,120.0,242.0,11.57,15.3305,72.1828,48.1219,-104.9742
241,2026-09-18T08:00:23.813172,,,,,,,,-27.7124,-105.3479,-1.7867,-15.7098,,,,,,,False,,cex_momentum,ETH/USDT,15.0,0.004,0.003,1.5,30.0,398.0,16.08,12.6498,118.2338,78.8225,-184.4065
242,2026-09-18T08:00:23.892286,,,,,,,,-27.1749,-92.9699,-1.7463,-15.6639,,,,,,,False,,cex_momentum,ETH/USDT,15.0,0.004,0.003,1.5,60.0,391.0,17.14,13.2649,116.1783,77.4522,-180.3655
243,2026-09-18T08:00:23.972688,,,,,,,,-27.1094,-94.5246,-1.7414,-15.6706,,,,,,,False,,cex_momentum,ETH/USDT,15.0,0.004,0.003,1.5,90.0,390.0,16.92,13.2653,115.8842,77.2562,-179.8751
244,2026-09-18T08:00:24.047451,,,,,,,,-27.1094,-94.5246,-1.7414,-15.6706,,,,,,,False,,cex_momentum,ETH/USDT,15.0,0.004,0.003,1.5,120.0,390.0,16.92,13.2653,115.8842,77.2562,-179.8751
245,2026-09-18T08:00:24.130763,,,,,,,,-23.4821,-71.4499,-1.4759,-15.5227,,,,,,,False,,cex_momentum,ETH/USDT,15.0,0.004,0.003,2.0,30.0,340.0,16.47,16.2094,101.1752,67.4502,-152.416
246,2026-09-18T08:00:24.208787,,,,,,,,-23.2602,-68.4939,-1.4601,-15.4928,,,,,,,False,,cex_momentum,ETH/USDT,15.0,0.004,0.003,2.0,60.0,336.0,17.56,15.8171,99.9893,66.6595,-150.8317
247,2026-09-18T08:00:24.291842,,,,,,,,-23.1912,-68.6828,-1.4551,-15.4949,,,,,,,False,,cex_momentum,ETH/USDT,15.0,0.004,0.003,2.0,90.0,335.0,17.31,15.8176,99.6945,66.463,-150.3398
248,2026-09-18T08:00:24.369883,,,,,,,,-23.1912,-68.6828,-1.4551,-15.4949,,,,,,,False,,cex_momentum,ETH/USDT,15.0,0.004,0.003,2.0,120.0,335.0,17.31,15.8176,99.6945,66.463,-150.3398
249,2026-09-18T08:00:24.453541,,,,,,,,-21.7107,-66.4491,-1.3506,-15.4699,,,,,,,False,,cex_momentum,ETH/USDT,15.0,0.004,0.003,2.5,30.0,300.0,14.67,9.4524,89.3371,59.5581,-139.4427
250,2026-09-18T08:00:24.535317,,,,,,,,-21.5032,-63.4724,-1.3361,-15.4326,,,,,,,False,,cex_momentum,ETH/USDT,15.0,0.004,0.003,2.5,60.0,298.0,16.44,9.9174,88.7461,59.1641,-137.9928
251,2026-09-18T08:00:24.616392,,,,,,,,-21.4326,-63.4171,-1.3311,-15.4319,,,,,,,False,,cex_momentum,ETH/USDT,15.0,0.004,0.003,2.5,90.0,297.0,16.16,9.9176,88.4507,58.9671,-137.5002
252,2026-09-18T08:00:24.695501,,,,,,,,-21.4326,-63.4171,-1.3311,-15.4319,,,,,,,False,,cex_momentum,ETH/USDT,15.0,0.004,0.003,2.5,120.0,297.0,16.16,9.9176,88.4507,58.9671,-137.5002
253,2026-09-18T08:00:24.780722,,,,,,,,-20.0599,-77.6142,-1.2361,-15.5749,,,,,,,False,,cex_momentum,ETH/USDT,15.0,0.004,0.003,3.0,30.0,260.0,13.85,2.2476,77.4695,51.6463,-126.8683
254,2026-09-18T08:00:24.867857,,,,,,,,-19.4881,-71.3148,-1.197,-15.5214,,,,,,,False,,cex_momentum,ETH/USDT,15.0,0.004,0.003,3.0,60.0,256.0,16.41,4.1994,76.2944,50.863,-122.958
255,2026-09-18T08:00:24.956305,,,,,,,,-19.5089,-71.3168,-1.1984,-15.5215,,,,,,,False,,cex_momentum,ETH/USDT,15.0,0.004,0.003,3.0,90.0,256.0,16.02,4.056,76.2933,50.8622,-123.0995
256,2026-09-18T08:00:25.037447,,,,,,,,-19.5089,-71.3168,-1.1984,-15.5215,,,,,,,False,,cex_momentum,ETH/USDT,15.0,0.004,0.003,3.0,120.0,256.0,16.02,4.056,76.2933,50.8622,-123.0995
289,2026-09-18T08:00:25.117784,,,,,,,,-25.5097,-92.6688,-1.6228,-15.6625,,,,,,,False,,cex_momentum,ETH/USDT,15.0,0.007,0.003,1.5,30.0,365.0,12.6,12.8484,108.5236,72.3491,-168.0243
290,2026-09-18T08:00:25.195885,,,,,,,,-24.9242,-76.605,-1.58,-15.5672,,,,,,,False,,cex_momentum,ETH/USDT,15.0,0.007,0.003,1.5,60.0,354.0,12.71,11.7117,105.2754,70.1836,-163.7472
291,2026-09-18T08:00:25.276881,,,,,,,,-24.8086,-76.2076,-1.5716,-15.5641,,,,,,,False,,cex_momentum,ETH/USDT,15.0,0.007,0.003,1.5,90.0,353.0,12.46,12.0674,104.9842,69.9895,-162.9063
292,2026-09-18T08:00:25.354201,,,,,,,,-24.8086,-76.2076,-1.5716,-15.5641,,,,,,,False,,cex_momentum,ETH/USDT,15.0,0.007,0.003,1.5,120.0,353.0,12.46,12.0674,104.9842,69.9895,-162.9063
293,2026-09-18T08:00:25.436962,,,,,,,,-21.2114,-56.8615,-1.3157,-15.3295,,,,,,,False,,cex_momentum,ETH/USDT,15.0,0.007,0.003,2.0,30.0,312.0,13.14,18.4573,92.9171,61.9447,-136.4044
294,2026-09-18T08:00:25.520256,,,,,,,,-20.8531,-51.4064,-1.2908,-15.2152,,,,,,,False,,cex_momentum,ETH/USDT,15.0,0.007,0.003,2.0,60.0,304.0,13.49,16.9904,90.545,60.3633,-133.9179
295,2026-09-18T08:00:25.603426,,,,,,,,-20.782,-51.5659,-1.2859,-15.219,,,,,,,False,,cex_momentum,ETH/USDT,15.0,0.007,0.003,2.0,90.0,303.0,13.2,16.9909,90.2496,60.1664,-133.4252
296,2026-09-18T08:00:25.680889,,,,,,,,-20.782,-51.5659,-1.2859,-15.219,,,,,,,False,,cex_momentum,ETH/USDT,15.0,0.007,0.003,2.0,120.0,303.0,13.2,16.9909,90.2496,60.1664,-133.4252
297,2026-09-18T08:00:25.763957,,,,,,,,-19.8479,-53.1482,-1.2216,-15.2552,,,,,,,False,,cex_momentum,ETH/USDT,15.0,0.007,0.003,2.5,30.0,277.0,11.55,11.0135,82.5396,55.0264,-126.5525
298,2026-09-18T08:00:25.846131,,,,,,,,-19.4122,-51.1631,-1.1919,-15.2093,,,,,,,False,,cex_momentum,ETH/USDT,15.0,0.007,0.003,2.5,60.0,272.0,12.5,11.5234,81.0612,54.0408,-123.5787
299,2026-09-18T08:00:25.929778,,,,,,,,-19.3398,-51.1663,-1.1869,-15.2093,,,,,,,False,,cex_momentum,ETH/USDT,15.0,0.007,0.003,2.5,90.0,271.0,12.18,11.5236,80.7654,53.8436,-123.0854
300,2026-09-18T08:00:26.010465,,,,,,,,-19.3398,-51.1663,-1.1869,-15.2093,,,,,,,False,,cex_momentum,ETH/USDT,15.0,0.007,0.003,2.5,120.0,271.0,12.18,11.5236,80.7654,53.8436,-123.0854
301,2026-09-18T08:00:26.098758,,,,,,,,-18.3621,-64.4755,-1.1208,-15.4457,,,,,,,False,,cex_momentum,ETH/USDT,15.0,0.007,0.003,3.0,30.0,241.0,10.79,4.4209,71.8531,47.9021,-115.3343
302,2026-09-18T08:00:26.186749,,,,,,,,-17.7836,-64.803,-1.082,-15.4499,,,,,,,False,,cex_momentum,ETH/USDT,15.0,0.007,0.003,3.0,60.0,235.0,12.34,5.3419,70.0787,46.7192,-111.456
303,2026-09-18T08:00:26.268627,,,,,,,,-17.8048,-64.7853,-1.0834,-15.4497,,,,,,,False,,cex_momentum,ETH/USDT,15.0,0.007,0.003,3.0,90.0,235.0,11.91,5.1985,70.0777,46.7184,-111.5976
304,2026-09-18T08:00:26.348840,,,,,,,,-17.8048,-64.7853,-1.0834,-15.4497,,,,,,,False,,cex_momentum,ETH/USDT,15.0,0.007,0.003,3.0,120.0,235.0,11.91,5.1985,70.0777,46.7184,-111.5976
305,2026-09-18T08:00:26.428713,,,,,,,,-25.7716,-91.1319,-1.6421,-15.6555,,,,,,,False,,cex_momentum,ETH/USDT,15.0,0.007,0.006,1.5,30.0,365.0,12.6,10.9147,108.5178,72.3452,-169.9482
306,2026-09-18T08:00:26.509448,,,,,,,,-25.1775,-75.3179,-1.5985,-15.5569,,,,,,,False,,cex_momentum,ETH/USDT,15.0,0.007,0.006,1.5,60.0,354.0,12.71,9.8569,105.2701,70.1801,-165.5934
307,2026-09-18T08:00:26.589971,,,,,,,,-25.0622,-74.8192,-1.5901,-15.5528,,,,,,,False,,cex_momentum,ETH/USDT,15.0,0.007,0.006,1.5,90.0,353.0,12.46,10.2123,104.979,69.986,-164.7526
308,2026-09-18T08:00:26.665939,,,,,,,,-25.0622,-74.8192,-1.5901,-15.5528,,,,,,,False,,cex_momentum,ETH/USDT,15.0,0.007,0.006,1.5,120.0,353.0,12.46,10.2123,104.979,69.986,-164.7526
309,2026-09-18T08:00:26.748298,,,,,,,,-21.4537,-57.2646,-1.3326,-15.3367,,,,,,,False,,cex_momentum,ETH/USDT,15.0,0.007,0.006,2.0,30.0,312.0,13.14,16.7627,92.9128,61.9419,-138.092
310,2026-09-18T08:00:26.830392,,,,,,,,-21.0965,-51.8013,-1.3077,-15.2246,,,,,,,False,,cex_momentum,ETH/USDT,15.0,0.007,0.006,2.0,60.0,304.0,13.49,15.2954,90.5408,60.3605,-135.6059
311,2026-09-18T08:00:26.911397,,,,,,,,-21.0256,-51.931,-1.3028,-15.2276,,,,,,,False,,cex_momentum,ETH/USDT,15.0,0.007,0.006,2.0,90.0,303.0,13.2,15.2958,90.2455,60.1636,-135.1133
312,2026-09-18T08:00:26.989507,,,,,,,,-21.0256,-51.931,-1.3028,-15.2276,,,,,,,False,,cex_momentum,ETH/USDT,15.0,0.007,0.006,2.0,120.0,303.0,13.2,15.2958,90.2455,60.1636,-135.1133
313,2026-09-18T08:00:27.073196,,,,,,,,-19.9087,-52.4734,-1.2258,-15.2401,,,,,,,False,,cex_momentum,ETH/USDT,15.0,0.007,0.006,2.5,30.0,277.0,11.55,10.5944,82.5377,55.0251,-126.9684
314,2026-09-18T08:00:27.156711,,,,,,,,-19.4733,-50.4764,-1.196,-15.1922,,,,,,,False,,cex_momentum,ETH/USDT,15.0,0.007,0.006,2.5,60.0,272.0,12.5,11.1042,81.0594,54.0396,-123.9948
315,2026-09-18T08:00:27.236007,,,,,,,,-19.4009,-50.4651,-1.1911,-15.1919,,,,,,,False,,cex_momentum,ETH/USDT,15.0,0.007,0.006,2.5,90.0,271.0,12.18,11.1044,80.7636,53.8424,-123.5015
316,2026-09-18T08:00:27.316306,,,,,,,,-19.4009,-50.4651,-1.1911,-15.1919,,,,,,,False,,cex_momentum,ETH/USDT,15.0,0.007,0.006,2.5,120.0,271.0,12.18,11.1044,80.7636,53.8424,-123.5015
317,2026-09-18T08:00:27.402142,,,,,,,,-18.5443,-62.1716,-1.133,-15.4148,,,,,,,False,,cex_momentum,ETH/USDT,15.0,0.007,0.006,3.0,30.0,241.0,10.79,3.1891,71.85,47.9,-116.5609
318,2026-09-18T08:00:27.488132,,,,,,,,-17.9671,-62.0674,-1.0942,-15.4133,,,,,,,False,,cex_momentum,ETH/USDT,15.0,0.007,0.006,3.0,60.0,235.0,12.34,4.1097,70.0757,46.7171,-112.6831
319,2026-09-18T08:00:27.572359,,,,,,,,-17.9882,-62.0747,-1.0957,-15.4134,,,,,,,False,,cex_momentum,ETH/USDT,15.0,0.007,0.006,3.0,90.0,235.0,11.91,3.9664,70.0746,46.7164,-112.8247
320,2026-09-18T08:00:27.649279,,,,,,,,-17.9882,-62.0747,-1.0957,-15.4134,,,,,,,False,,cex_momentum,ETH/USDT,15.0,0.007,0.006,3.0,120.0,235.0,11.91,3.9664,70.0746,46.7164,-112.8247
337,2026-09-18T08:00:27.733224,,,,,,,,-24.6021,-74.2149,-1.5566,-15.5477,,,,,,,False,,cex_momentum,ETH/USDT,15.0,0.01,0.003,1.5,30.0,360.0,12.5,17.0449,107.0712,71.3808,-161.4071
338,2026-09-18T08:00:27.812517,,,,,,,,-23.8516,-63.9476,-1.5024,-15.4389,,,,,,,False,,cex_momentum,ETH/USDT,15.0,0.01,0.003,1.5,60.0,347.0,12.68,16.0652,103.2343,68.8229,-155.992
339,2026-09-18T08:00:27.893201,,,,,,,,-23.6659,-62.2244,-1.4891,-15.4155,,,,,,,False,,cex_momentum,ETH/USDT,15.0,0.01,0.003,1.5,90.0,345.0,12.46,16.4204,102.6481,68.4321,-154.6598
340,2026-09-18T08:00:27.968255,,,,,,,,-23.6659,-62.2244,-1.4891,-15.4155,,,,,,,False,,cex_momentum,ETH/USDT,15.0,0.01,0.003,1.5,120.0,345.0,12.46,16.4204,102.6481,68.4321,-154.6598
341,2026-09-18T08:00:28.050159,,,,,,,,-20.6428,-45.5859,-1.2763,-15.0503,,,,,,,False,,cex_momentum,ETH/USDT,15.0,0.01,0.003,2.0,30.0,309.0,12.94,20.9435,92.044,61.3627,-132.4632
342,2026-09-18T08:00:28.134769,,,,,,,,-19.8862,-40.3212,-1.2242,-14.8553,,,,,,,False,,cex_momentum,ETH/USDT,15.0,0.01,0.003,2.0,60.0,298.0,13.42,20.7255,88.7914,59.1943,-127.2601
343,2026-09-18T08:00:28.212565,,,,,,,,-19.8142,-40.437,-1.2193,-14.8607,,,,,,,False,,cex_momentum,ETH/USDT,15.0,0.01,0.003,2.0,90.0,297.0,13.13,20.7262,88.496,58.9973,-126.7671
344,2026-09-18T08:00:28.290923,,,,,,,,-19.8142,-40.437,-1.2193,-14.8607,,,,,,,False,,cex_momentum,ETH/USDT,15.0,0.01,0.003,2.0,120.0,297.0,13.13,20.7262,88.496,58.9973,-126.7671
345,2026-09-18T08:00:28.375236,,,,,,,,-18.765,-36.6469,-1.1479,-14.7014,,,,,,,False,,cex_momentum,ETH/USDT,15.0,0.01,0.003,2.5,30.0,275.0,11.64,17.4325,81.9727,54.6485,-119.1888
346,2026-09-18T08:00:28.457461,,,,,,,,-18.0249,-34.2483,-1.0981,-14.5643,,,,,,,False,,cex_momentum,ETH/USDT,15.0,0.01,0.003,2.5,60.0,267.0,12.73,18.4711,79.6079,53.0719,-114.2087
347,2026-09-18T08:00:28.540448,,,,,,,,-17.9512,-34.2558,-1.0932,-14.5655,,,,,,,False,,cex_momentum,ETH/USDT,15.0,0.01,0.003,2.5,90.0,266.0,12.41,18.4717,79.312,52.8747,-113.715
348,2026-09-18T08:00:28.619522,,,,,,,,-17.9512,-34.2558,-1.0932,-14.5655,,,,,,,False,,cex_momentum,ETH/USDT,15.0,0.01,0.003,2.5,120.0,266.0,12.41,18.4717,79.312,52.8747,-113.715
349,2026-09-18T08:00:28.704238,,,,,,,,-17.1282,-39.4861,-1.0383,-14.8035,,,,,,,False,,cex_momentum,ETH/USDT,15.0,0.01,0.003,3.0,30.0,239.0,10.88,11.7178,71.2863,47.5242,-107.0928
350,2026-09-18T08:00:28.785765,,,,,,,,-16.3144,-36.8583,-0.9846,-14.6663,,,,,,,False,,cex_momentum,ETH/USDT,15.0,0.01,0.003,3.0,60.0,231.0,12.55,13.1476,68.9208,45.9472,-101.7204
351,2026-09-18T08:00:28.869717,,,,,,,,-16.336,-36.8495,-0.986,-14.6658,,,,,,,False,,cex_momentum,ETH/USDT,15.0,0.01,0.003,3.0,90.0,231.0,12.12,13.0041,68.9197,45.9465,-101.8621
352,2026-09-18T08:00:28.948708,,,,,,,,-16.336,-36.8495,-0.986,-14.6658,,,,,,,False,,cex_momentum,ETH/USDT,15.0,0.01,0.003,3.0,120.0,231.0,12.12,13.0041,68.9197,45.9465,-101.8621
353,2026-09-18T08:00:29.026753,,,,,,,,-24.7918,-74.3708,-1.5704,-15.549,,,,,,,False,,cex_momentum,ETH/USDT,15.0,0.01,0.006,1.5,30.0,360.0,12.5,15.6597,107.0664,71.3776,-162.7842
354,2026-09-18T08:00:29.106100,,,,,,,,-24.0542,-64.3014,-1.517,-15.4435,,,,,,,False,,cex_momentum,ETH/USDT,15.0,0.01,0.006,1.5,60.0,347.0,12.68,14.5998,103.229,68.8193,-157.4485
355,2026-09-18T08:00:29.185760,,,,,,,,-23.8689,-62.4925,-1.5037,-15.4193,,,,,,,False,,cex_momentum,ETH/USDT,15.0,0.01,0.006,1.5,90.0,345.0,12.46,14.9548,102.6428,68.4286,-156.1166
356,2026-09-18T08:00:29.260370,,,,,,,,-23.8689,-62.4925,-1.5037,-15.4193,,,,,,,False,,cex_momentum,ETH/USDT,15.0,0.01,0.006,1.5,120.0,345.0,12.46,14.9548,102.6428,68.4286,-156.1166
357,2026-09-18T08:00:29.344186,,,,,,,,-20.8189,-45.8215,-1.2885,-15.0577,,,,,,,False,,cex_momentum,ETH/USDT,15.0,0.01,0.006,2.0,30.0,309.0,12.94,19.7197,92.0402,61.3601,-133.6806
358,2026-09-18T08:00:29.425922,,,,,,,,-20.064,-40.6231,-1.2364,-14.8667,,,,,,,False,,cex_momentum,ETH/USDT,15.0,0.01,0.006,2.0,60.0,298.0,13.42,19.5012,88.7876,59.1917,-128.4781
359,2026-09-18T08:00:29.507025,,,,,,,,-19.9921,-40.7284,-1.2315,-14.8716,,,,,,,False,,cex_momentum,ETH/USDT,15.0,0.01,0.006,2.0,90.0,297.0,13.13,19.5018,88.4922,58.9948,-127.9851
360,2026-09-18T08:00:29.584000,,,,,,,,-19.9921,-40.7284,-1.2315,-14.8716,,,,,,,False,,cex_momentum,ETH/USDT,15.0,0.01,0.006,2.0,120.0,297.0,13.13,19.5018,88.4922,58.9948,-127.9851
361,2026-09-18T08:00:29.667630,,,,,,,,-18.7766,-36.6258,-1.1487,-14.7,,,,,,,False,,cex_momentum,ETH/USDT,15.0,0.01,0.006,2.5,30.0,275.0,11.64,17.3528,81.9717,54.6478,-119.2667
362,2026-09-18T08:00:29.750229,,,,,,,,-18.0365,-34.3209,-1.0989,-14.5694,,,,,,,False,,cex_momentum,ETH/USDT,15.0,0.01,0.006,2.5,60.0,267.0,12.73,18.3914,79.6069,53.0713,-114.2868
363,2026-09-18T08:00:29.832420,,,,,,,,-17.9628,-34.3284,-1.094,-14.5706,,,,,,,False,,cex_momentum,ETH/USDT,15.0,0.01,0.006,2.5,90.0,266.0,12.41,18.392,79.311,52.874,-113.7931
364,2026-09-18T08:00:29.910778,,,,,,,,-17.9628,-34.3284,-1.094,-14.5706,,,,,,,False,,cex_momentum,ETH/USDT,15.0,0.01,0.006,2.5,120.0,266.0,12.41,18.392,79.311,52.874,-113.7931
365,2026-09-18T08:00:29.993252,,,,,,,,-17.2621,-39.1883,-1.0472,-14.7888,,,,,,,False,,cex_momentum,ETH/USDT,15.0,0.01,0.006,3.0,30.0,239.0,10.88,10.825,71.284,47.5227,-107.9818
366,2026-09-18T08:00:30.075962,,,,,,,,-16.4496,-36.6149,-0.9935,-14.6519,,,,,,,False,,cex_momentum,ETH/USDT,15.0,0.01,0.006,3.0,60.0,231.0,12.55,12.2544,68.9185,45.9457,-102.6098
367,2026-09-18T08:00:30.159958,,,,,,,,-16.4712,-36.6103,-0.9949,-14.6516,,,,,,,False,,cex_momentum,ETH/USDT,15.0,0.01,0.006,3.0,90.0,231.0,12.12,12.1109,68.9175,45.945,-102.7516
368,2026-09-18T08:00:30.234720,,,,,,,,-16.4712,-36.6103,-0.9949,-14.6516,,,,,,,False,,cex_momentum,ETH/USDT,15.0,0.01,0.006,3.0,120.0,231.0,12.12,12.1109,68.9175,45.945,-102.7516
385,2026-09-18T08:00:30.316076,,,,,,,,-24.2999,-68.9181,-1.5347,-15.4973,,,,,,,False,,cex_momentum,ETH/USDT,15.0,0.015,0.003,1.5,30.0,355.0,11.55,16.7679,105.5929,70.3953,-159.2202
386,2026-09-18T08:00:30.396778,,,,,,,,-23.2855,-59.8065,-1.4619,-15.3794,,,,,,,False,,cex_momentum,ETH/USDT,15.0,0.015,0.003,1.5,60.0,339.0,11.8,16.1768,100.8702,67.2468,-151.9402
387,2026-09-18T08:00:30.477560,,,,,,,,-23.0984,-58.4819,-1.4485,-15.3578,,,,,,,False,,cex_momentum,ETH/USDT,15.0,0.015,0.003,1.5,90.0,337.0,11.57,16.532,100.2837,66.8558,-150.6075
388,2026-09-18T08:00:30.553409,,,,,,,,-23.0984,-58.4819,-1.4485,-15.3578,,,,,,,False,,cex_momentum,ETH/USDT,15.0,0.015,0.003,1.5,120.0,337.0,11.57,16.532,100.2837,66.8558,-150.6075
389,2026-09-18T08:00:30.632840,,,,,,,,-20.6689,-51.7066,-1.2781,-15.2223,,,,,,,False,,cex_momentum,ETH/USDT,15.0,0.015,0.003,2.0,30.0,305.0,11.8,18.7695,90.8478,60.5652,-132.6435
390,2026-09-18T08:00:30.715110,,,,,,,,-19.8753,-45.3927,-1.2235,-15.0433,,,,,,,False,,cex_momentum,ETH/USDT,15.0,0.015,0.003,2.0,60.0,293.0,12.29,18.3069,87.2954,58.1969,-127.1854
391,2026-09-18T08:00:30.796591,,,,,,,,-19.8033,-45.6096,-1.2186,-15.0506,,,,,,,False,,cex_momentum,ETH/USDT,15.0,0.015,0.003,2.0,90.0,292.0,11.99,18.3075,86.9999,57.9999,-126.6924
392,2026-09-18T08:00:30.872435,,,,,,,,-19.8033,-45.6096,-1.2186,-15.0506,,,,,,,False,,cex_momentum,ETH/USDT,15.0,0.015,0.003,2.0,120.0,292.0,11.99,18.3075,86.9999,57.9999,-126.6924
393,2026-09-18T08:00:30.955687,,,,,,,,-19.0136,-41.5271,-1.1648,-14.9022,,,,,,,False,,cex_momentum,ETH/USDT,15.0,0.015,0.003,2.5,30.0,271.0,10.33,13.7508,80.7732,53.8488,-120.8712
394,2026-09-18T08:00:31.036748,,,,,,,,-18.2378,-39.5416,-1.1124,-14.8177,,,,,,,False,,cex_momentum,ETH/USDT,15.0,0.015,0.003,2.5,60.0,262.0,11.45,14.5443,78.1086,52.0724,-115.6367
395,2026-09-18T08:00:31.118899,,,,,,,,-18.1642,-39.5937,-1.1075,-14.8204,,,,,,,False,,cex_momentum,ETH/USDT,15.0,0.015,0.003,2.5,90.0,261.0,11.11,14.5447,77.8126,51.8751,-115.143
396,2026-09-18T08:00:31.194987,,,,,,,,-18.1642,-39.5937,-1.1075,-14.8204,,,,,,,False,,cex_momentum,ETH/USDT,15.0,0.015,0.003,2.5,120.0,261.0,11.11,14.5447,77.8126,51.8751,-115.143
397,2026-09-18T08:00:31.278373,,,,,,,,-17.3276,-39.0092,-1.0516,-14.7901,,,,,,,False,,cex_momentum,ETH/USDT,15.0,0.015,0.003,3.0,30.0,237.0,10.13,9.4023,70.6914,47.1276,-108.4167
398,2026-09-18T08:00:31.363178,,,,,,,,-16.4769,-37.1303,-0.9953,-14.6986,,,,,,,False,,cex_momentum,ETH/USDT,15.0,0.015,0.003,3.0,60.0,228.0,11.84,10.5875,68.0261,45.3507,-102.7893
399,2026-09-18T08:00:31.447322,,,,,,,,-16.4984,-37.1247,-0.9967,-14.6982,,,,,,,False,,cex_momentum,ETH/USDT,15.0,0.015,0.003,3.0,90.0,228.0,11.4,10.444,68.025,45.35,-102.931
400,2026-09-18T08:00:31.528123,,,,,,,,-16.4984,-37.1247,-0.9967,-14.6982,,,,,,,False,,cex_momentum,ETH/USDT,15.0,0.015,0.003,3.0,120.0,228.0,11.4,10.444,68.025,45.35,-102.931
401,2026-09-18T08:00:31.609280,,,,,,,,-24.5545,-68.3825,-1.5531,-15.4916,,,,,,,False,,cex_momentum,ETH/USDT,15.0,0.015,0.006,1.5,30.0,355.0,11.55,14.9174,105.5879,70.3919,-161.0625
402,2026-09-18T08:00:31.688517,,,,,,,,-23.5159,-59.4064,-1.4783,-15.373,,,,,,,False,,cex_momentum,ETH/USDT,15.0,0.015,0.006,1.5,60.0,339.0,11.8,14.5235,100.8658,67.2438,-153.5861
403,2026-09-18T08:00:31.770801,,,,,,,,-23.3294,-58.0365,-1.465,-15.3502,,,,,,,False,,cex_momentum,ETH/USDT,15.0,0.015,0.006,1.5,90.0,337.0,11.57,14.8785,100.2793,66.8528,-152.2536
404,2026-09-18T08:00:31.846176,,,,,,,,-23.3294,-58.0365,-1.465,-15.3502,,,,,,,False,,cex_momentum,ETH/USDT,15.0,0.015,0.006,1.5,120.0,337.0,11.57,14.8785,100.2793,66.8528,-152.2536
405,2026-09-18T08:00:31.927850,,,,,,,,-20.9122,-52.053,-1.2949,-15.2305,,,,,,,False,,cex_momentum,ETH/USDT,15.0,0.015,0.006,2.0,30.0,305.0,11.8,17.0795,90.8439,60.5626,-134.3269
406,2026-09-18T08:00:32.009964,,,,,,,,-20.0922,-45.5518,-1.2384,-15.0486,,,,,,,False,,cex_momentum,ETH/USDT,15.0,0.015,0.006,2.0,60.0,293.0,12.29,16.8148,87.2919,58.1946,-128.6716
407,2026-09-18T08:00:32.090602,,,,,,,,-20.0203,-45.7448,-1.2334,-15.0551,,,,,,,False,,cex_momentum,ETH/USDT,15.0,0.015,0.006,2.0,90.0,292.0,11.99,16.8153,86.9964,57.9976,-128.1786
408,2026-09-18T08:00:32.167208,,,,,,,,-20.0203,-45.7448,-1.2334,-15.0551,,,,,,,False,,cex_momentum,ETH/USDT,15.0,0.015,0.006,2.0,120.0,292.0,11.99,16.8153,86.9964,57.9976,-128.1786
409,2026-09-18T08:00:32.245448,,,,,,,,-19.1268,-41.6598,-1.1724,-14.9078,,,,,,,False,,cex_momentum,ETH/USDT,15.0,0.015,0.006,2.5,30.0,271.0,10.33,12.9803,80.7711,53.8474,-121.6382
410,2026-09-18T08:00:32.329449,,,,,,,,-18.3224,-39.5973,-1.1181,-14.8203,,,,,,,False,,cex_momentum,ETH/USDT,15.0,0.015,0.006,2.5,60.0,262.0,11.45,13.9724,78.1068,52.0712,-116.2057
411,2026-09-18T08:00:32.413611,,,,,,,,-18.249,-39.6426,-1.1132,-14.8226,,,,,,,False,,cex_momentum,ETH/USDT,15.0,0.015,0.006,2.5,90.0,261.0,11.11,13.9728,77.8109,51.8739,-115.7121
412,2026-09-18T08:00:32.492591,,,,,,,,-18.249,-39.6426,-1.1132,-14.8226,,,,,,,False,,cex_momentum,ETH/USDT,15.0,0.015,0.006,2.5,120.0,261.0,11.11,13.9728,77.8109,51.8739,-115.7121
413,2026-09-18T08:00:32.576863,,,,,,,,-17.4537,-38.5673,-1.06,-14.7672,,,,,,,False,,cex_momentum,ETH/USDT,15.0,0.015,0.006,3.0,30.0,237.0,10.13,8.56,70.6894,47.1263,-109.2556
414,2026-09-18T08:00:32.662773,,,,,,,,-16.5742,-36.5373,-1.0017,-14.6635,,,,,,,False,,cex_momentum,ETH/USDT,15.0,0.015,0.006,3.0,60.0,228.0,11.84,9.944,68.0244,45.3496,-103.43
415,2026-09-18T08:00:32.746210,,,,,,,,-16.5957,-36.5359,-1.0031,-14.6633,,,,,,,False,,cex_momentum,ETH/USDT,15.0,0.015,0.006,3.0,90.0,228.0,11.4,9.8005,68.0234,45.3489,-103.5718
416,2026-09-18T08:00:32.826336,,,,,,,,-16.5957,-36.5359,-1.0031,-14.6633,,,,,,,False,,cex_momentum,ETH/USDT,15.0,0.015,0.006,3.0,120.0,228.0,11.4,9.8005,68.0234,45.3489,-103.5718
417,2026-09-18T08:00:32.906659,,,,,,,,-24.5945,-67.9182,-1.556,-15.4866,,,,,,,False,,cex_momentum,ETH/USDT,15.0,0.015,0.01,1.5,30.0,355.0,11.55,14.6263,105.5872,70.3915,-161.3524
418,2026-09-18T08:00:32.987874,,,,,,,,-23.5565,-59.089,-1.4812,-15.3679,,,,,,,False,,cex_momentum,ETH/USDT,15.0,0.015,0.01,1.5,60.0,339.0,11.8,14.2322,100.8651,67.2434,-153.8763
419,2026-09-18T08:00:33.066450,,,,,,,,-23.3701,-57.7243,-1.4679,-15.3448,,,,,,,False,,cex_momentum,ETH/USDT,15.0,0.015,0.01,1.5,90.0,337.0,11.57,14.5872,100.2786,66.8524,-152.5438
420,2026-09-18T08:00:33.143363,,,,,,,,-23.3701,-57.7243,-1.4679,-15.3448,,,,,,,False,,cex_momentum,ETH/USDT,15.0,0.015,0.01,1.5,120.0,337.0,11.57,14.5872,100.2786,66.8524,-152.5438
421,2026-09-18T08:00:33.225596,,,,,,,,-20.9541,-51.8654,-1.2978,-15.2261,,,,,,,False,,cex_momentum,ETH/USDT,15.0,0.015,0.01,2.0,30.0,305.0,11.8,16.7877,90.8432,60.5622,-134.6177
422,2026-09-18T08:00:33.306221,,,,,,,,-20.1345,-45.4085,-1.2413,-15.0438,,,,,,,False,,cex_momentum,ETH/USDT,15.0,0.015,0.01,2.0,60.0,293.0,12.29,16.5229,87.2913,58.1942,-128.9625
423,2026-09-18T08:00:33.388003,,,,,,,,-20.0627,-45.5933,-1.2363,-15.05,,,,,,,False,,cex_momentum,ETH/USDT,15.0,0.015,0.01,2.0,90.0,292.0,11.99,16.5234,86.9958,57.9972,-128.4695
424,2026-09-18T08:00:33.465912,,,,,,,,-20.0627,-45.5933,-1.2363,-15.05,,,,,,,False,,cex_momentum,ETH/USDT,15.0,0.015,0.01,2.0,120.0,292.0,11.99,16.5234,86.9958,57.9972,-128.4695
425,2026-09-18T08:00:33.550715,,,,,,,,-19.1275,-41.6617,-1.1725,-14.9079,,,,,,,False,,cex_momentum,ETH/USDT,15.0,0.015,0.01,2.5,30.0,271.0,10.33,12.9753,80.7711,53.8474,-121.6431
426,2026-09-18T08:00:33.632300,,,,,,,,-18.3232,-39.599,-1.1181,-14.8204,,,,,,,False,,cex_momentum,ETH/USDT,15.0,0.015,0.01,2.5,60.0,262.0,11.45,13.9675,78.1068,52.0712,-116.2106
427,2026-09-18T08:00:33.714718,,,,,,,,-18.2497,-39.6442,-1.1132,-14.8227,,,,,,,False,,cex_momentum,ETH/USDT,15.0,0.015,0.01,2.5,90.0,261.0,11.11,13.9679,77.8109,51.8739,-115.7169
428,2026-09-18T08:00:33.793207,,,,,,,,-18.2497,-39.6442,-1.1132,-14.8227,,,,,,,False,,cex_momentum,ETH/USDT,15.0,0.015,0.01,2.5,120.0,261.0,11.11,13.9679,77.8109,51.8739,-115.7169
429,2026-09-18T08:00:33.877196,,,,,,,,-16.9293,-39.0566,-1.0251,-14.7931,,,,,,,False,,cex_momentum,ETH/USDT,15.0,0.015,0.01,3.0,30.0,236.0,10.59,11.5548,70.398,46.932,-105.7753
430,2026-09-18T08:00:33.961556,,,,,,,,-16.0442,-37.1374,-0.9668,-14.7003,,,,,,,False,,cex_momentum,ETH/USDT,15.0,0.015,0.01,3.0,60.0,227.0,12.33,12.9402,67.7328,45.1552,-99.9477
431,2026-09-18T08:00:34.045915,,,,,,,,-16.0658,-37.1204,-0.9683,-14.6992,,,,,,,False,,cex_momentum,ETH/USDT,15.0,0.015,0.01,3.0,90.0,227.0,11.89,12.7967,67.7317,45.1545,-100.0895
432,2026-09-18T08:00:34.124369,,,,,,,,-16.0658,-37.1204,-0.9683,-14.6992,,,,,,,False,,cex_momentum,ETH/USDT,15.0,0.015,0.01,3.0,120.0,227.0,11.89,12.7967,67.7317,45.1545,-100.0895
433,2026-09-18T08:00:34.202530,,,,,,,,-24.3712,-72.3301,-1.5399,-15.531,,,,,,,False,,cex_momentum,ETH/USDT,15.0,0.02,0.003,1.5,30.0,354.0,11.58,15.7575,105.296,70.1974,-159.7359
434,2026-09-18T08:00:34.281783,,,,,,,,-23.3578,-61.5862,-1.467,-15.4064,,,,,,,False,,cex_momentum,ETH/USDT,15.0,0.02,0.003,1.5,60.0,338.0,11.83,15.1658,100.5732,67.0488,-152.4562
435,2026-09-18T08:00:34.361336,,,,,,,,-23.1709,-60.152,-1.4537,-15.3848,,,,,,,False,,cex_momentum,ETH/USDT,15.0,0.02,0.003,1.5,90.0,336.0,11.61,15.5208,99.9867,66.6578,-151.1236
436,2026-09-18T08:00:34.436397,,,,,,,,-23.1709,-60.152,-1.4537,-15.3848,,,,,,,False,,cex_momentum,ETH/USDT,15.0,0.02,0.003,1.5,120.0,336.0,11.61,15.5208,99.9867,66.6578,-151.1236
437,2026-09-18T08:00:34.518790,,,,,,,,-20.3998,-44.728,-1.2595,-15.0219,,,,,,,False,,cex_momentum,ETH/USDT,15.0,0.02,0.003,2.0,30.0,303.0,11.88,19.6539,90.2646,60.1764,-130.7871
438,2026-09-18T08:00:34.599395,,,,,,,,-19.6036,-39.4264,-1.2049,-14.8169,,,,,,,False,,cex_momentum,ETH/USDT,15.0,0.02,0.003,2.0,60.0,291.0,12.37,19.1914,86.7116,57.8078,-125.328
439,2026-09-18T08:00:34.679211,,,,,,,,-19.5313,-39.5513,-1.2,-14.8232,,,,,,,False,,cex_momentum,ETH/USDT,15.0,0.02,0.003,2.0,90.0,290.0,12.07,19.192,86.4161,57.6108,-124.8349
440,2026-09-18T08:00:34.757558,,,,,,,,-19.5313,-39.5513,-1.2,-14.8232,,,,,,,False,,cex_momentum,ETH/USDT,15.0,0.02,0.003,2.0,120.0,290.0,12.07,19.192,86.4161,57.6108,-124.8349
441,2026-09-18T08:00:34.842126,,,,,,,,-18.5729,-35.9079,-1.135,-14.6653,,,,,,,False,,cex_momentum,ETH/USDT,15.0,0.02,0.003,2.5,30.0,269.0,10.41,15.7601,80.1914,53.4609,-117.8922
442,2026-09-18T08:00:34.924869,,,,,,,,-17.7928,-33.7529,-1.0826,-14.5402,,,,,,,False,,cex_momentum,ETH/USDT,15.0,0.02,0.003,2.5,60.0,260.0,11.54,16.5544,77.5263,51.6842,-112.6561
443,2026-09-18T08:00:35.008266,,,,,,,,-17.7189,-33.769,-1.0776,-14.5421,,,,,,,False,,cex_momentum,ETH/USDT,15.0,0.02,0.003,2.5,90.0,259.0,11.2,16.5549,77.2303,51.4869,-112.1623
444,2026-09-18T08:00:35.087752,,,,,,,,-17.7189,-33.769,-1.0776,-14.5421,,,,,,,False,,cex_momentum,ETH/USDT,15.0,0.02,0.003,2.5,120.0,259.0,11.2,16.5549,77.2303,51.4869,-112.1623
445,2026-09-18T08:00:35.176493,,,,,,,,-16.756,-34.582,-1.0137,-14.5581,,,,,,,False,,cex_momentum,ETH/USDT,15.0,0.02,0.003,3.0,30.0,236.0,10.17,12.7101,70.4037,46.9358,-104.6294
446,2026-09-18T08:00:35.259591,,,,,,,,-15.8994,-32.8073,-0.9574,-14.447,,,,,,,False,,cex_momentum,ETH/USDT,15.0,0.02,0.003,3.0,60.0,227.0,11.89,13.8968,67.738,45.1587,-98.9998
447,2026-09-18T08:00:35.343502,,,,,,,,-15.9211,-32.8034,-0.9588,-14.4465,,,,,,,False,,cex_momentum,ETH/USDT,15.0,0.02,0.003,3.0,90.0,227.0,11.45,13.7533,67.737,45.158,-99.1416
448,2026-09-18T08:00:35.421097,,,,,,,,-15.9211,-32.8034,-0.9588,-14.4465,,,,,,,False,,cex_momentum,ETH/USDT,15.0,0.02,0.003,3.0,120.0,227.0,11.45,13.7533,67.737,45.158,-99.1416
449,2026-09-18T08:00:35.500207,,,,,,,,-24.5813,-73.0963,-1.5551,-15.5379,,,,,,,False,,cex_momentum,ETH/USDT,15.0,0.02,0.006,1.5,30.0,354.0,11.58,14.2294,105.2914,70.1943,-161.2562
450,2026-09-18T08:00:35.579021,,,,,,,,-23.543,-62.2789,-1.4803,-15.4163,,,,,,,False,,cex_momentum,ETH/USDT,15.0,0.02,0.006,1.5,60.0,338.0,11.83,13.8351,100.569,67.046,-153.78
451,2026-09-18T08:00:35.659426,,,,,,,,-23.3566,-60.7501,-1.4669,-15.394,,,,,,,False,,cex_momentum,ETH/USDT,15.0,0.02,0.006,1.5,90.0,336.0,11.61,14.19,99.9825,66.655,-152.4476
452,2026-09-18T08:00:35.735529,,,,,,,,-23.3566,-60.7501,-1.4669,-15.394,,,,,,,False,,cex_momentum,ETH/USDT,15.0,0.02,0.006,1.5,120.0,336.0,11.61,14.19,99.9825,66.655,-152.4476
453,2026-09-18T08:00:35.817761,,,,,,,,-20.5972,-45.1954,-1.2731,-15.0374,,,,,,,False,,cex_momentum,ETH/USDT,15.0,0.02,0.006,2.0,30.0,303.0,11.88,18.2868,90.261,60.174,-132.1481
454,2026-09-18T08:00:35.899767,,,,,,,,-19.7739,-39.8116,-1.2165,-14.8328,,,,,,,False,,cex_momentum,ETH/USDT,15.0,0.02,0.006,2.0,60.0,291.0,12.37,18.0223,86.7084,57.8056,-126.4916
455,2026-09-18T08:00:35.981235,,,,,,,,-19.7018,-39.9285,-1.2116,-14.8385,,,,,,,False,,cex_momentum,ETH/USDT,15.0,0.02,0.006,2.0,90.0,290.0,12.07,18.0229,86.4128,57.6086,-125.9985
456,2026-09-18T08:00:36.058047,,,,,,,,-19.7018,-39.9285,-1.2116,-14.8385,,,,,,,False,,cex_momentum,ETH/USDT,15.0,0.02,0.006,2.0,120.0,290.0,12.07,18.0229,86.4128,57.6086,-125.9985
457,2026-09-18T08:00:36.140652,,,,,,,,-18.5764,-35.8823,-1.1352,-14.6636,,,,,,,False,,cex_momentum,ETH/USDT,15.0,0.02,0.006,2.5,30.0,269.0,10.41,15.7358,80.1907,53.4605,-117.9155
458,2026-09-18T08:00:36.219521,,,,,,,,-17.7666,-33.6894,-1.0808,-14.5357,,,,,,,False,,cex_momentum,ETH/USDT,15.0,0.02,0.006,2.5,60.0,260.0,11.54,16.7291,77.526,51.684,-112.4809
459,2026-09-18T08:00:36.308669,,,,,,,,-17.6927,-33.7064,-1.0759,-14.5377,,,,,,,False,,cex_momentum,ETH/USDT,15.0,0.02,0.006,2.5,90.0,259.0,11.2,16.7296,77.23,51.4867,-111.9871
460,2026-09-18T08:00:36.387301,,,,,,,,-17.6927,-33.7064,-1.0759,-14.5377,,,,,,,False,,cex_momentum,ETH/USDT,15.0,0.02,0.006,2.5,120.0,259.0,11.2,16.7296,77.23,51.4867,-111.9871
461,2026-09-18T08:00:36.472664,,,,,,,,-16.883,-34.4034,-1.0221,-14.5449,,,,,,,False,,cex_momentum,ETH/USDT,15.0,0.02,0.006,3.0,30.0,236.0,10.17,11.8675,70.4017,46.9345,-105.4687
462,2026-09-18T08:00:36.558964,,,,,,,,-15.9973,-32.5124,-0.9638,-14.4226,,,,,,,False,,cex_momentum,ETH/USDT,15.0,0.02,0.006,3.0,60.0,227.0,11.89,13.2531,67.7364,45.1576,-99.6409
463,2026-09-18T08:00:36.644401,,,,,,,,-16.019,-32.5112,-0.9652,-14.4223,,,,,,,False,,cex_momentum,ETH/USDT,15.0,0.02,0.006,3.0,90.0,227.0,11.45,13.1096,67.7353,45.1569,-99.7826
464,2026-09-18T08:00:36.724233,,,,,,,,-16.019,-32.5112,-0.9652,-14.4223,,,,,,,False,,cex_momentum,ETH/USDT,15.0,0.02,0.006,3.0,120.0,227.0,11.45,13.1096,67.7353,45.1569,-99.7826
465,2026-09-18T08:00:36.804443,,,,,,,,-24.7184,-74.7457,-1.565,-15.5522,,,,,,,False,,cex_momentum,ETH/USDT,15.0,0.02,0.01,1.5,30.0,354.0,11.58,13.2314,105.2892,70.1928,-162.2506
466,2026-09-18T08:00:36.884597,,,,,,,,-23.682,-63.1183,-1.4902,-15.4279,,,,,,,False,,cex_momentum,ETH/USDT,15.0,0.02,0.01,1.5,60.0,338.0,11.83,12.8364,100.5669,67.0446,-154.7751
467,2026-09-18T08:00:36.964043,,,,,,,,-23.4959,-61.4984,-1.4769,-15.4051,,,,,,,False,,cex_momentum,ETH/USDT,15.0,0.02,0.01,1.5,90.0,336.0,11.61,13.1912,99.9804,66.6536,-153.4428
468,2026-09-18T08:00:37.041645,,,,,,,,-23.4959,-61.4984,-1.4769,-15.4051,,,,,,,False,,cex_momentum,ETH/USDT,15.0,0.02,0.01,1.5,120.0,336.0,11.61,13.1912,99.9804,66.6536,-153.4428
469,2026-09-18T08:00:37.124176,,,,,,,,-20.7159,-45.5393,-1.2813,-15.049,,,,,,,False,,cex_momentum,ETH/USDT,15.0,0.02,0.01,2.0,30.0,303.0,11.88,17.465,90.2599,60.1733,-132.9682
470,2026-09-18T08:00:37.205402,,,,,,,,-19.8938,-40.045,-1.2248,-14.8437,,,,,,,False,,cex_momentum,ETH/USDT,15.0,0.02,0.01,2.0,60.0,291.0,12.37,17.2002,86.7074,57.8049,-127.3121
471,2026-09-18T08:00:37.285420,,,,,,,,-19.8218,-40.1555,-1.2198,-14.849,,,,,,,False,,cex_momentum,ETH/USDT,15.0,0.02,0.01,2.0,90.0,290.0,12.07,17.2007,86.4118,57.6079,-126.819
472,2026-09-18T08:00:37.360879,,,,,,,,-19.8218,-40.1555,-1.2198,-14.849,,,,,,,False,,cex_momentum,ETH/USDT,15.0,0.02,0.01,2.0,120.0,290.0,12.07,17.2007,86.4118,57.6079,-126.819
473,2026-09-18T08:00:37.444376,,,,,,,,-18.6557,-36.0683,-1.1406,-14.6748,,,,,,,False,,cex_momentum,ETH/USDT,15.0,0.02,0.01,2.5,30.0,269.0,10.41,15.2002,80.1903,53.4602,-118.4504
474,2026-09-18T08:00:37.527566,,,,,,,,-17.8467,-33.8303,-1.0862,-14.5454,,,,,,,False,,cex_momentum,ETH/USDT,15.0,0.02,0.01,2.5,60.0,260.0,11.54,16.1932,77.5256,51.6837,-113.0161
475,2026-09-18T08:00:37.608595,,,,,,,,-17.7728,-33.8441,-1.0812,-14.5471,,,,,,,False,,cex_momentum,ETH/USDT,15.0,0.02,0.01,2.5,90.0,259.0,11.2,16.1937,77.2296,51.4864,-112.5223
476,2026-09-18T08:00:37.682983,,,,,,,,-17.7728,-33.8441,-1.0812,-14.5471,,,,,,,False,,cex_momentum,ETH/USDT,15.0,0.02,0.01,2.5,120.0,259.0,11.2,16.1937,77.2296,51.4864,-112.5223
477,2026-09-18T08:00:37.768283,,,,,,,,-16.355,-34.7997,-0.9872,-14.5752,,,,,,,False,,cex_momentum,ETH/USDT,15.0,0.02,0.01,3.0,30.0,235.0,10.64,14.8633,70.1102,46.7401,-101.987
478,2026-09-18T08:00:37.851773,,,,,,,,-15.4637,-32.9763,-0.9289,-14.4641,,,,,,,False,,cex_momentum,ETH/USDT,15.0,0.02,0.01,3.0,60.0,226.0,12.39,16.2504,67.4445,44.963,-96.1572
479,2026-09-18T08:00:37.934827,,,,,,,,-15.4855,-32.9628,-0.9304,-14.4628,,,,,,,False,,cex_momentum,ETH/USDT,15.0,0.02,0.01,3.0,90.0,226.0,11.95,16.1068,67.4435,44.9623,-96.299
480,2026-09-18T08:00:38.015859,,,,,,,,-15.4855,-32.9628,-0.9304,-14.4628,,,,,,,False,,cex_momentum,ETH/USDT,15.0,0.02,0.01,3.0,120.0,226.0,11.95,16.1068,67.4435,44.9623,-96.299
481,2026-09-18T08:00:38.098991,,,,,,,,-25.2545,-99.7919,-1.6041,-15.6912,,,,,,,False,,cex_momentum,ETH/USDT,20.0,0.004,0.003,1.5,30.0,361.0,16.07,12.6237,107.348,71.5654,-166.2897
482,2026-09-18T08:00:38.183022,,,,,,,,-24.6606,-89.7924,-1.5608,-15.649,,,,,,,False,,cex_momentum,ETH/USDT,20.0,0.004,0.003,1.5,60.0,354.0,17.23,13.5179,105.29,70.1933,-161.9655
483,2026-09-18T08:00:38.303227,,,,,,,,-24.5929,-91.7985,-1.5559,-15.6586,,,,,,,False,,cex_momentum,ETH/USDT,20.0,0.004,0.003,1.5,90.0,353.0,17.0,13.5182,104.9954,69.997,-161.4741
484,2026-09-18T08:00:38.378827,,,,,,,,-24.5929,-91.7985,-1.5559,-15.6586,,,,,,,False,,cex_momentum,ETH/USDT,20.0,0.004,0.003,1.5,120.0,353.0,17.0,13.5182,104.9954,69.997,-161.4741
485,2026-09-18T08:00:38.460699,,,,,,,,-22.0524,-74.6375,-1.3745,-15.5513,,,,,,,False,,cex_momentum,ETH/USDT,20.0,0.004,0.003,2.0,30.0,316.0,16.14,14.3897,94.0842,62.7228,-142.4172
486,2026-09-18T08:00:38.543878,,,,,,,,-21.7869,-72.4569,-1.3559,-15.5321,,,,,,,False,,cex_momentum,ETH/USDT,20.0,0.004,0.003,2.0,60.0,312.0,17.31,14.2763,92.8988,61.9325,-140.555
487,2026-09-18T08:00:38.626800,,,,,,,,-21.7166,-72.9445,-1.351,-15.5366,,,,,,,False,,cex_momentum,ETH/USDT,20.0,0.004,0.003,2.0,90.0,311.0,17.04,14.2767,92.6036,61.7357,-140.0626
488,2026-09-18T08:00:38.705187,,,,,,,,-21.7166,-72.9445,-1.351,-15.5366,,,,,,,False,,cex_momentum,ETH/USDT,20.0,0.004,0.003,2.0,120.0,311.0,17.04,14.2767,92.6036,61.7357,-140.0626
489,2026-09-18T08:00:38.789402,,,,,,,,-20.2738,-60.0753,-1.2508,-15.3836,,,,,,,False,,cex_momentum,ETH/USDT,20.0,0.004,0.003,2.5,30.0,278.0,14.75,8.5798,82.8328,55.2219,-129.4748
490,2026-09-18T08:00:38.872713,,,,,,,,-20.0626,-57.7802,-1.2363,-15.3458,,,,,,,False,,cex_momentum,ETH/USDT,20.0,0.004,0.003,2.5,60.0,276.0,16.67,9.0454,82.2413,54.8275,-128.0234
491,2026-09-18T08:00:38.957551,,,,,,,,-19.9907,-57.7983,-1.2314,-15.3461,,,,,,,False,,cex_momentum,ETH/USDT,20.0,0.004,0.003,2.5,90.0,275.0,16.36,9.0455,81.9455,54.6304,-127.5304
492,2026-09-18T08:00:39.038654,,,,,,,,-19.9907,-57.7983,-1.2314,-15.3461,,,,,,,False,,cex_momentum,ETH/USDT,20.0,0.004,0.003,2.5,120.0,275.0,16.36,9.0455,81.9455,54.6304,-127.5304
493,2026-09-18T08:00:39.125906,,,,,,,,-18.5782,-70.6385,-1.1353,-15.5149,,,,,,,False,,cex_momentum,ETH/USDT,20.0,0.004,0.003,3.0,30.0,243.0,14.4,3.9507,72.4441,48.296,-116.7893
494,2026-09-18T08:00:39.206508,,,,,,,,-17.9958,-64.8954,-1.0962,-15.4511,,,,,,,False,,cex_momentum,ETH/USDT,20.0,0.004,0.003,3.0,60.0,239.0,17.15,5.9039,71.2674,47.5116,-112.8751
495,2026-09-18T08:00:39.290034,,,,,,,,-18.0169,-64.8572,-1.0976,-15.4506,,,,,,,False,,cex_momentum,ETH/USDT,20.0,0.004,0.003,3.0,90.0,239.0,16.74,5.7605,71.2663,47.5109,-113.0167
496,2026-09-18T08:00:39.369795,,,,,,,,-18.0169,-64.8572,-1.0976,-15.4506,,,,,,,False,,cex_momentum,ETH/USDT,20.0,0.004,0.003,3.0,120.0,239.0,16.74,5.7605,71.2663,47.5109,-113.0167
529,2026-09-18T08:00:39.452199,,,,,,,,-23.4037,-96.3919,-1.4703,-15.6783,,,,,,,False,,cex_momentum,ETH/USDT,20.0,0.007,0.003,1.5,30.0,334.0,12.87,12.7275,99.3873,66.2582,-152.918
530,2026-09-18T08:00:39.534512,,,,,,,,-22.7346,-78.1598,-1.4227,-15.5789,,,,,,,False,,cex_momentum,ETH/USDT,20.0,0.007,0.003,1.5,60.0,323.0,13.0,12.0691,96.1369,64.0913,-148.159
531,2026-09-18T08:00:39.616712,,,,,,,,-22.6156,-78.2062,-1.4143,-15.5793,,,,,,,False,,cex_momentum,ETH/USDT,20.0,0.007,0.003,1.5,90.0,322.0,12.73,12.4248,95.8449,63.8966,-147.3168
532,2026-09-18T08:00:39.693724,,,,,,,,-22.6156,-78.2062,-1.4143,-15.5793,,,,,,,False,,cex_momentum,ETH/USDT,20.0,0.007,0.003,1.5,120.0,322.0,12.73,12.4248,95.8449,63.8966,-147.3168
533,2026-09-18T08:00:39.775404,,,,,,,,-19.8711,-54.1155,-1.2232,-15.2759,,,,,,,False,,cex_momentum,ETH/USDT,20.0,0.007,0.003,2.0,30.0,291.0,13.06,17.215,86.7036,57.8024,-127.291
534,2026-09-18T08:00:39.857550,,,,,,,,-19.4368,-50.7904,-1.1935,-15.2001,,,,,,,False,,cex_momentum,ETH/USDT,20.0,0.007,0.003,2.0,60.0,283.0,13.43,16.2273,84.3318,56.2212,-124.3257
535,2026-09-18T08:00:39.938097,,,,,,,,-19.3644,-51.0452,-1.1886,-15.2064,,,,,,,False,,cex_momentum,ETH/USDT,20.0,0.007,0.003,2.0,90.0,282.0,13.12,16.2278,84.0362,56.0241,-123.8325
536,2026-09-18T08:00:40.015975,,,,,,,,-19.3644,-51.0452,-1.1886,-15.2064,,,,,,,False,,cex_momentum,ETH/USDT,20.0,0.007,0.003,2.0,120.0,282.0,13.12,16.2278,84.0362,56.0241,-123.8325
537,2026-09-18T08:00:40.101300,,,,,,,,-18.4197,-44.8222,-1.1246,-15.0237,,,,,,,False,,cex_momentum,ETH/USDT,20.0,0.007,0.003,2.5,30.0,257.0,12.06,10.8482,76.625,51.0833,-116.8601
538,2026-09-18T08:00:40.189938,,,,,,,,-17.9763,-43.3872,-1.0949,-14.9712,,,,,,,False,,cex_momentum,ETH/USDT,20.0,0.007,0.003,2.5,60.0,252.0,13.1,11.3587,75.1452,50.0968,-113.8834
539,2026-09-18T08:00:40.272345,,,,,,,,-17.9025,-43.3918,-1.0899,-14.9714,,,,,,,False,,cex_momentum,ETH/USDT,20.0,0.007,0.003,2.5,90.0,251.0,12.75,11.359,74.8491,49.8994,-113.3896
540,2026-09-18T08:00:40.351981,,,,,,,,-17.9025,-43.3918,-1.0899,-14.9714,,,,,,,False,,cex_momentum,ETH/USDT,20.0,0.007,0.003,2.5,120.0,251.0,12.75,11.359,74.8491,49.8994,-113.3896
541,2026-09-18T08:00:40.434365,,,,,,,,-16.7654,-59.9623,-1.0143,-15.3819,,,,,,,False,,cex_momentum,ETH/USDT,20.0,0.007,0.003,3.0,30.0,224.0,11.61,6.6792,66.8224,44.5483,-104.6915
542,2026-09-18T08:00:40.519047,,,,,,,,-16.1756,-61.8359,-0.9755,-15.41,,,,,,,False,,cex_momentum,ETH/USDT,20.0,0.007,0.003,3.0,60.0,218.0,13.3,7.6015,65.0463,43.3642,-100.809
543,2026-09-18T08:00:40.604354,,,,,,,,-16.1972,-61.7552,-0.9769,-15.4088,,,,,,,False,,cex_momentum,ETH/USDT,20.0,0.007,0.003,3.0,90.0,218.0,12.84,7.4581,65.0453,43.3636,-100.9508
544,2026-09-18T08:00:40.685135,,,,,,,,-16.1972,-61.7552,-0.9769,-15.4088,,,,,,,False,,cex_momentum,ETH/USDT,20.0,0.007,0.003,3.0,120.0,218.0,12.84,7.4581,65.0453,43.3636,-100.9508
545,2026-09-18T08:00:40.767526,,,,,,,,-23.7494,-89.5599,-1.4951,-15.6479,,,,,,,False,,cex_momentum,ETH/USDT,20.0,0.007,0.006,1.5,30.0,334.0,12.87,10.2419,99.3804,66.2536,-155.3921
546,2026-09-18T08:00:40.848154,,,,,,,,-23.0722,-73.3659,-1.4467,-15.5403,,,,,,,False,,cex_momentum,ETH/USDT,20.0,0.007,0.006,1.5,60.0,323.0,13.0,9.662,96.1305,64.087,-150.5556
547,2026-09-18T08:00:40.930624,,,,,,,,-22.9538,-73.1786,-1.4382,-15.5386,,,,,,,False,,cex_momentum,ETH/USDT,20.0,0.007,0.006,1.5,90.0,322.0,12.73,10.0175,95.8386,63.8924,-149.7135
548,2026-09-18T08:00:41.008211,,,,,,,,-22.9538,-73.1786,-1.4382,-15.5386,,,,,,,False,,cex_momentum,ETH/USDT,20.0,0.007,0.006,1.5,120.0,322.0,12.73,10.0175,95.8386,63.8924,-149.7135
549,2026-09-18T08:00:41.090282,,,,,,,,-20.1974,-52.9179,-1.2456,-15.2501,,,,,,,False,,cex_momentum,ETH/USDT,20.0,0.007,0.006,2.0,30.0,291.0,13.06,14.9684,86.6983,57.7989,-129.5288
550,2026-09-18T08:00:41.172224,,,,,,,,-19.7649,-49.8121,-1.2159,-15.1751,,,,,,,False,,cex_momentum,ETH/USDT,20.0,0.007,0.006,2.0,60.0,283.0,13.43,13.9802,84.3266,56.2177,-126.5641
551,2026-09-18T08:00:41.250484,,,,,,,,-19.6927,-49.9911,-1.211,-15.1797,,,,,,,False,,cex_momentum,ETH/USDT,20.0,0.007,0.006,2.0,90.0,282.0,13.12,13.9806,84.031,56.0206,-126.071
552,2026-09-18T08:00:41.328820,,,,,,,,-19.6927,-49.9911,-1.211,-15.1797,,,,,,,False,,cex_momentum,ETH/USDT,20.0,0.007,0.006,2.0,120.0,282.0,13.12,13.9806,84.031,56.0206,-126.071
553,2026-09-18T08:00:41.410112,,,,,,,,-18.5917,-44.0193,-1.1362,-14.9949,,,,,,,False,,cex_momentum,ETH/USDT,20.0,0.007,0.006,2.5,30.0,257.0,12.06,9.684,76.6216,51.0811,-118.0188
554,2026-09-18T08:00:41.494415,,,,,,,,-18.1492,-42.599,-1.1065,-14.9404,,,,,,,False,,cex_momentum,ETH/USDT,20.0,0.007,0.006,2.5,60.0,252.0,13.1,10.1942,75.142,50.0946,-115.0424
555,2026-09-18T08:00:41.577008,,,,,,,,-18.0756,-42.5786,-1.1015,-14.9396,,,,,,,False,,cex_momentum,ETH/USDT,20.0,0.007,0.006,2.5,90.0,251.0,12.75,10.1944,74.8459,49.8972,-114.5487
556,2026-09-18T08:00:41.663823,,,,,,,,-18.0756,-42.5786,-1.1015,-14.9396,,,,,,,False,,cex_momentum,ETH/USDT,20.0,0.007,0.006,2.5,120.0,251.0,12.75,10.1944,74.8459,49.8972,-114.5487
557,2026-09-18T08:00:41.748135,,,,,,,,-16.9511,-58.528,-1.0266,-15.3586,,,,,,,False,,cex_momentum,ETH/USDT,20.0,0.007,0.006,3.0,30.0,224.0,11.61,5.4462,66.8194,44.5462,-105.9194
558,2026-09-18T08:00:41.836272,,,,,,,,-16.3626,-59.8418,-0.9878,-15.38,,,,,,,False,,cex_momentum,ETH/USDT,20.0,0.007,0.006,3.0,60.0,218.0,13.3,6.3681,65.0433,43.3622,-102.0374
559,2026-09-18T08:00:41.920394,,,,,,,,-16.3842,-59.7933,-0.9892,-15.3792,,,,,,,False,,cex_momentum,ETH/USDT,20.0,0.007,0.006,3.0,90.0,218.0,12.84,6.2247,65.0423,43.3615,-102.1792
560,2026-09-18T08:00:42.001508,,,,,,,,-16.3842,-59.7933,-0.9892,-15.3792,,,,,,,False,,cex_momentum,ETH/USDT,20.0,0.007,0.006,3.0,120.0,218.0,12.84,6.2247,65.0423,43.3615,-102.1792
577,2026-09-18T08:00:42.082669,,,,,,,,-22.4857,-68.4007,-1.4051,-15.4918,,,,,,,False,,cex_momentum,ETH/USDT,20.0,0.01,0.003,1.5,30.0,328.0,12.5,16.3269,97.6353,65.0902,-146.3987
578,2026-09-18T08:00:42.163033,,,,,,,,-21.5926,-58.763,-1.3423,-15.3625,,,,,,,False,,cex_momentum,ETH/USDT,20.0,0.01,0.003,1.5,60.0,315.0,12.7,16.1999,93.7952,62.5302,-140.1255
579,2026-09-18T08:00:42.237820,,,,,,,,-21.4014,-57.592,-1.329,-15.3425,,,,,,,False,,cex_momentum,ETH/USDT,20.0,0.01,0.003,1.5,90.0,313.0,12.46,16.5552,93.2078,62.1386,-138.7911
580,2026-09-18T08:00:42.314408,,,,,,,,-21.4014,-57.592,-1.329,-15.3425,,,,,,,False,,cex_momentum,ETH/USDT,20.0,0.01,0.003,1.5,120.0,313.0,12.46,16.5552,93.2078,62.1386,-138.7911
581,2026-09-18T08:00:42.397273,,,,,,,,-19.2537,-42.2363,-1.1811,-14.9304,,,,,,,False,,cex_momentum,ETH/USDT,20.0,0.01,0.003,2.0,30.0,287.0,12.54,19.4748,85.5329,57.0219,-123.08
582,2026-09-18T08:00:42.478524,,,,,,,,-18.413,-36.9222,-1.1242,-14.6938,,,,,,,False,,cex_momentum,ETH/USDT,20.0,0.01,0.003,2.0,60.0,276.0,13.04,19.7364,82.2789,54.8526,-117.395
583,2026-09-18T08:00:42.560698,,,,,,,,-18.3397,-37.0427,-1.1193,-14.7011,,,,,,,False,,cex_momentum,ETH/USDT,20.0,0.01,0.003,2.0,90.0,275.0,12.73,19.7371,81.9831,54.6554,-116.9015
584,2026-09-18T08:00:42.640299,,,,,,,,-18.3397,-37.0427,-1.1193,-14.7011,,,,,,,False,,cex_momentum,ETH/USDT,20.0,0.01,0.003,2.0,120.0,275.0,12.73,19.7371,81.9831,54.6554,-116.9015
585,2026-09-18T08:00:42.726665,,,,,,,,-17.543,-32.6735,-1.0659,-14.4587,,,,,,,False,,cex_momentum,ETH/USDT,20.0,0.01,0.003,2.5,30.0,254.0,11.81,15.2664,75.7533,50.5022,-110.9891
586,2026-09-18T08:00:42.809479,,,,,,,,-16.7917,-29.9317,-1.016,-14.2405,,,,,,,False,,cex_momentum,ETH/USDT,20.0,0.01,0.003,2.5,60.0,246.0,13.01,16.3048,73.3858,48.9239,-106.0049
587,2026-09-18T08:00:42.893870,,,,,,,,-16.7169,-29.9208,-1.0111,-14.2404,,,,,,,False,,cex_momentum,ETH/USDT,20.0,0.01,0.003,2.5,90.0,245.0,12.65,16.3052,73.0896,48.7264,-105.5108
588,2026-09-18T08:00:42.973337,,,,,,,,-16.7169,-29.9208,-1.0111,-14.2404,,,,,,,False,,cex_momentum,ETH/USDT,20.0,0.01,0.003,2.5,120.0,245.0,12.65,16.3052,73.0896,48.7264,-105.5108
589,2026-09-18T08:00:43.057963,,,,,,,,-15.5073,-35.5493,-0.9318,-14.5931,,,,,,,False,,cex_momentum,ETH/USDT,20.0,0.01,0.003,3.0,30.0,222.0,11.71,13.9814,66.2535,44.169,-96.4411
590,2026-09-18T08:00:43.142954,,,,,,,,-14.6776,-32.9987,-0.878,-14.4241,,,,,,,False,,cex_momentum,ETH/USDT,20.0,0.01,0.003,3.0,60.0,214.0,13.55,15.4128,63.8854,42.5903,-91.0629
591,2026-09-18T08:00:43.226698,,,,,,,,-14.6996,-32.9847,-0.8794,-14.423,,,,,,,False,,cex_momentum,ETH/USDT,20.0,0.01,0.003,3.0,90.0,214.0,13.08,15.2692,63.8845,42.5896,-91.2048
592,2026-09-18T08:00:43.307485,,,,,,,,-14.6996,-32.9847,-0.8794,-14.423,,,,,,,False,,cex_momentum,ETH/USDT,20.0,0.01,0.003,3.0,120.0,214.0,13.08,15.2692,63.8845,42.5896,-91.2048
593,2026-09-18T08:00:43.388959,,,,,,,,-22.862,-65.3186,-1.4317,-15.4563,,,,,,,False,,cex_momentum,ETH/USDT,20.0,0.01,0.006,1.5,30.0,328.0,12.5,13.6504,97.6277,65.0851,-149.0623
594,2026-09-18T08:00:43.469249,,,,,,,,-21.9845,-56.812,-1.3698,-15.3286,,,,,,,False,,cex_momentum,ETH/USDT,20.0,0.01,0.006,1.5,60.0,315.0,12.7,13.4424,93.7872,62.5248,-142.8696
595,2026-09-18T08:00:43.551856,,,,,,,,-21.7942,-55.5995,-1.3564,-15.3058,,,,,,,False,,cex_momentum,ETH/USDT,20.0,0.01,0.006,1.5,90.0,313.0,12.46,13.7973,93.1998,62.1332,-141.5356
596,2026-09-18T08:00:43.631594,,,,,,,,-21.7942,-55.5995,-1.3564,-15.3058,,,,,,,False,,cex_momentum,ETH/USDT,20.0,0.01,0.006,1.5,120.0,313.0,12.46,13.7973,93.1998,62.1332,-141.5356
597,2026-09-18T08:00:43.710841,,,,,,,,-19.6217,-41.4842,-1.2061,-14.8974,,,,,,,False,,cex_momentum,ETH/USDT,20.0,0.01,0.006,2.0,30.0,287.0,12.54,16.958,85.5264,57.0176,-125.586
598,2026-09-18T08:00:43.788648,,,,,,,,-18.7848,-36.5347,-1.1493,-14.6662,,,,,,,False,,cex_momentum,ETH/USDT,20.0,0.01,0.006,2.0,60.0,276.0,13.04,17.2184,82.2725,54.8484,-119.9025
599,2026-09-18T08:00:43.868521,,,,,,,,-18.7118,-36.6195,-1.1443,-14.6715,,,,,,,False,,cex_momentum,ETH/USDT,20.0,0.01,0.006,2.0,90.0,275.0,12.73,17.219,81.9768,54.6512,-119.4091
600,2026-09-18T08:00:43.947782,,,,,,,,-18.7118,-36.6195,-1.1443,-14.6715,,,,,,,False,,cex_momentum,ETH/USDT,20.0,0.01,0.006,2.0,120.0,275.0,12.73,17.219,81.9768,54.6512,-119.4091
601,2026-09-18T08:00:44.032546,,,,,,,,-17.6661,-32.6408,-1.0741,-14.4548,,,,,,,False,,cex_momentum,ETH/USDT,20.0,0.01,0.006,2.5,30.0,254.0,11.81,14.4414,75.7508,50.5006,-111.81
602,2026-09-18T08:00:44.117221,,,,,,,,-16.916,-29.9882,-1.0243,-14.2444,,,,,,,False,,cex_momentum,ETH/USDT,20.0,0.01,0.006,2.5,60.0,246.0,13.01,15.4795,73.3834,48.9223,-106.8262
603,2026-09-18T08:00:44.202373,,,,,,,,-16.8412,-29.9722,-1.0193,-14.2438,,,,,,,False,,cex_momentum,ETH/USDT,20.0,0.01,0.006,2.5,90.0,245.0,12.65,15.4799,73.0872,48.7248,-106.3321
604,2026-09-18T08:00:44.281783,,,,,,,,-16.8412,-29.9722,-1.0193,-14.2438,,,,,,,False,,cex_momentum,ETH/USDT,20.0,0.01,0.006,2.5,120.0,245.0,12.65,15.4799,73.0872,48.7248,-106.3321
605,2026-09-18T08:00:44.358570,,,,,,,,-15.6439,-35.5859,-0.9407,-14.5953,,,,,,,False,,cex_momentum,ETH/USDT,20.0,0.01,0.006,3.0,30.0,222.0,11.71,13.0877,66.2512,44.1675,-97.3311
606,2026-09-18T08:00:44.443540,,,,,,,,-14.8155,-33.0599,-0.8869,-14.4284,,,,,,,False,,cex_momentum,ETH/USDT,20.0,0.01,0.006,3.0,60.0,214.0,13.55,14.5186,63.8832,42.5888,-91.9533
607,2026-09-18T08:00:44.528055,,,,,,,,-14.8374,-33.049,-0.8883,-14.4275,,,,,,,False,,cex_momentum,ETH/USDT,20.0,0.01,0.006,3.0,90.0,214.0,13.08,14.3751,63.8822,42.5881,-92.0952
608,2026-09-18T08:00:44.607935,,,,,,,,-14.8374,-33.049,-0.8883,-14.4275,,,,,,,False,,cex_momentum,ETH/USDT,20.0,0.01,0.006,3.0,120.0,214.0,13.08,14.3751,63.8822,42.5881,-92.0952
625,2026-09-18T08:00:44.685871,,,,,,,,-22.3349,-64.1473,-1.3944,-15.4415,,,,,,,False,,cex_momentum,ETH/USDT,20.0,0.015,0.003,1.5,30.0,323.0,11.76,14.9188,96.1519,64.1013,-145.3343
626,2026-09-18T08:00:44.766221,,,,,,,,-21.172,-56.4593,-1.313,-15.3221,,,,,,,False,,cex_momentum,ETH/USDT,20.0,0.015,0.003,1.5,60.0,307.0,12.05,15.1804,91.4246,60.9497,-137.1939
627,2026-09-18T08:00:44.856290,,,,,,,,-20.9797,-55.5118,-1.2996,-15.3041,,,,,,,False,,cex_momentum,ETH/USDT,20.0,0.015,0.003,1.5,90.0,305.0,11.8,15.5356,90.8368,60.5579,-135.8592
628,2026-09-18T08:00:44.932627,,,,,,,,-20.9797,-55.5118,-1.2996,-15.3041,,,,,,,False,,cex_momentum,ETH/USDT,20.0,0.015,0.003,1.5,120.0,305.0,11.8,15.5356,90.8368,60.5579,-135.8592
629,2026-09-18T08:00:45.015447,,,,,,,,-19.4461,-48.8786,-1.1942,-15.1499,,,,,,,False,,cex_momentum,ETH/USDT,20.0,0.015,0.003,2.0,30.0,283.0,11.66,16.1672,84.3335,56.2223,-124.3886
630,2026-09-18T08:00:45.096967,,,,,,,,-18.5695,-43.1768,-1.1347,-14.9632,,,,,,,False,,cex_momentum,ETH/USDT,20.0,0.015,0.003,2.0,60.0,271.0,12.18,16.1837,80.7797,53.8532,-118.4492
631,2026-09-18T08:00:45.178534,,,,,,,,-18.4963,-43.4203,-1.1298,-14.9725,,,,,,,False,,cex_momentum,ETH/USDT,20.0,0.015,0.003,2.0,90.0,270.0,11.85,16.1842,80.4839,53.656,-117.9557
632,2026-09-18T08:00:45.251893,,,,,,,,-18.4963,-43.4203,-1.1298,-14.9725,,,,,,,False,,cex_momentum,ETH/USDT,20.0,0.015,0.003,2.0,120.0,270.0,11.85,16.1842,80.4839,53.656,-117.9557
633,2026-09-18T08:00:45.335800,,,,,,,,-17.9235,-39.0752,-1.0913,-14.7892,,,,,,,False,,cex_momentum,ETH/USDT,20.0,0.015,0.003,2.5,30.0,251.0,10.76,11.2178,74.8487,49.8992,-113.5301
634,2026-09-18T08:00:45.418037,,,,,,,,-17.1372,-36.7733,-1.0389,-14.6711,,,,,,,False,,cex_momentum,ETH/USDT,20.0,0.015,0.003,2.5,60.0,242.0,11.98,12.0112,72.1817,48.1211,-108.2917
635,2026-09-18T08:00:45.502043,,,,,,,,-17.0627,-36.8155,-1.034,-14.6737,,,,,,,False,,cex_momentum,ETH/USDT,20.0,0.015,0.003,2.5,90.0,241.0,11.62,12.0114,71.8855,47.9237,-107.7977
636,2026-09-18T08:00:45.582721,,,,,,,,-17.0627,-36.8155,-1.034,-14.6737,,,,,,,False,,cex_momentum,ETH/USDT,20.0,0.015,0.003,2.5,120.0,241.0,11.62,12.0114,71.8855,47.9237,-107.7977
637,2026-09-18T08:00:45.669252,,,,,,,,-15.7106,-35.2105,-0.945,-14.5948,,,,,,,False,,cex_momentum,ETH/USDT,20.0,0.015,0.003,3.0,30.0,220.0,10.91,11.6633,65.6578,43.7719,-97.7664
638,2026-09-18T08:00:45.754431,,,,,,,,-14.8433,-33.7927,-0.8887,-14.5164,,,,,,,False,,cex_momentum,ETH/USDT,20.0,0.015,0.003,3.0,60.0,211.0,12.8,12.8501,62.9899,41.9933,-92.133
639,2026-09-18T08:00:45.835185,,,,,,,,-14.8652,-33.7793,-0.8901,-14.5153,,,,,,,False,,cex_momentum,ETH/USDT,20.0,0.015,0.003,3.0,90.0,211.0,12.32,12.7066,62.9889,41.9926,-92.2749
640,2026-09-18T08:00:45.914955,,,,,,,,-14.8652,-33.7793,-0.8901,-14.5153,,,,,,,False,,cex_momentum,ETH/USDT,20.0,0.015,0.003,3.0,120.0,211.0,12.32,12.7066,62.9889,41.9926,-92.2749
641,2026-09-18T08:00:45.995462,,,,,,,,-22.5687,-62.4282,-1.4109,-15.4184,,,,,,,False,,cex_momentum,ETH/USDT,20.0,0.015,0.006,1.5,30.0,323.0,11.76,13.2612,96.1476,64.0984,-146.9849
642,2026-09-18T08:00:46.075241,,,,,,,,-21.3809,-55.3656,-1.3275,-15.3012,,,,,,,False,,cex_momentum,ETH/USDT,20.0,0.015,0.006,1.5,60.0,307.0,12.05,13.7201,91.4208,60.9472,-138.6479
643,2026-09-18T08:00:46.158149,,,,,,,,-21.1891,-54.3856,-1.3142,-15.2815,,,,,,,False,,cex_momentum,ETH/USDT,20.0,0.015,0.006,1.5,90.0,305.0,11.8,14.0751,90.8331,60.5554,-137.3134
644,2026-09-18T08:00:46.232680,,,,,,,,-21.1891,-54.3856,-1.3142,-15.2815,,,,,,,False,,cex_momentum,ETH/USDT,20.0,0.015,0.006,1.5,120.0,305.0,11.8,14.0751,90.8331,60.5554,-137.3134
645,2026-09-18T08:00:46.314202,,,,,,,,-19.6646,-48.1867,-1.2091,-15.1304,,,,,,,False,,cex_momentum,ETH/USDT,20.0,0.015,0.006,2.0,30.0,283.0,11.66,14.6713,84.3301,56.2201,-125.8788
646,2026-09-18T08:00:46.396338,,,,,,,,-18.7611,-42.6403,-1.1477,-14.9421,,,,,,,False,,cex_momentum,ETH/USDT,20.0,0.015,0.006,2.0,60.0,271.0,12.18,14.886,80.7767,53.8512,-119.7419
647,2026-09-18T08:00:46.477728,,,,,,,,-18.688,-42.8461,-1.1427,-14.9503,,,,,,,False,,cex_momentum,ETH/USDT,20.0,0.015,0.006,2.0,90.0,270.0,11.85,14.8864,80.4809,53.654,-119.2485
648,2026-09-18T08:00:46.556396,,,,,,,,-18.688,-42.8461,-1.1427,-14.9503,,,,,,,False,,cex_momentum,ETH/USDT,20.0,0.015,0.006,2.0,120.0,270.0,11.85,14.8864,80.4809,53.654,-119.2485
649,2026-09-18T08:00:46.641671,,,,,,,,-18.0386,-38.7577,-1.099,-14.7729,,,,,,,False,,cex_momentum,ETH/USDT,20.0,0.015,0.006,2.5,30.0,251.0,10.76,10.4435,74.8467,49.8978,-114.3009
650,2026-09-18T08:00:46.725447,,,,,,,,-17.2235,-36.4797,-1.0447,-14.6534,,,,,,,False,,cex_momentum,ETH/USDT,20.0,0.015,0.006,2.5,60.0,242.0,11.98,11.4357,72.18,48.12,-108.8643
651,2026-09-18T08:00:46.808605,,,,,,,,-17.1491,-36.5112,-1.0397,-14.6555,,,,,,,False,,cex_momentum,ETH/USDT,20.0,0.015,0.006,2.5,90.0,241.0,11.62,11.4359,71.8837,47.9225,-108.3703
652,2026-09-18T08:00:46.887532,,,,,,,,-17.1491,-36.5112,-1.0397,-14.6555,,,,,,,False,,cex_momentum,ETH/USDT,20.0,0.015,0.006,2.5,120.0,241.0,11.62,11.4359,71.8837,47.9225,-108.3703
653,2026-09-18T08:00:46.971888,,,,,,,,-15.8392,-35.0916,-0.9534,-14.5863,,,,,,,False,,cex_momentum,ETH/USDT,20.0,0.015,0.006,3.0,30.0,220.0,10.91,10.8201,65.6558,43.7706,-98.6063
654,2026-09-18T08:00:47.056635,,,,,,,,-14.9425,-33.5731,-0.8951,-14.4994,,,,,,,False,,cex_momentum,ETH/USDT,20.0,0.015,0.006,3.0,60.0,211.0,12.8,12.206,62.9882,41.9922,-92.7745
655,2026-09-18T08:00:47.141663,,,,,,,,-14.9644,-33.563,-0.8965,-14.4984,,,,,,,False,,cex_momentum,ETH/USDT,20.0,0.015,0.006,3.0,90.0,211.0,12.32,12.0625,62.9873,41.9915,-92.9164
656,2026-09-18T08:00:47.219546,,,,,,,,-14.9644,-33.563,-0.8965,-14.4984,,,,,,,False,,cex_momentum,ETH/USDT,20.0,0.015,0.006,3.0,120.0,211.0,12.32,12.0625,62.9873,41.9915,-92.9164
657,2026-09-18T08:00:47.301089,,,,,,,,-22.3164,-65.2736,-1.3931,-15.4558,,,,,,,False,,cex_momentum,ETH/USDT,20.0,0.015,0.01,1.5,30.0,322.0,11.8,14.5548,95.8553,63.9036,-145.2041
658,2026-09-18T08:00:47.382267,,,,,,,,-21.1247,-57.4572,-1.3097,-15.3402,,,,,,,False,,cex_momentum,ETH/USDT,20.0,0.015,0.01,1.5,60.0,306.0,12.09,15.0147,91.1282,60.7521,-136.8656
659,2026-09-18T08:00:47.456781,,,,,,,,-20.9324,-56.4966,-1.2963,-15.3228,,,,,,,False,,cex_momentum,ETH/USDT,20.0,0.015,0.01,1.5,90.0,304.0,11.84,15.3698,90.5404,60.3603,-135.5308
660,2026-09-18T08:00:47.534421,,,,,,,,-20.9324,-56.4966,-1.2963,-15.3228,,,,,,,False,,cex_momentum,ETH/USDT,20.0,0.015,0.01,1.5,120.0,304.0,11.84,15.3698,90.5404,60.3603,-135.5308
661,2026-09-18T08:00:47.610643,,,,,,,,-19.4028,-49.8986,-1.1912,-15.1773,,,,,,,False,,cex_momentum,ETH/USDT,20.0,0.015,0.01,2.0,30.0,282.0,11.7,15.9671,84.0368,56.0246,-124.0942
662,2026-09-18T08:00:47.688302,,,,,,,,-18.4964,-43.9625,-1.1298,-14.9928,,,,,,,False,,cex_momentum,ETH/USDT,20.0,0.015,0.01,2.0,60.0,270.0,12.22,16.1825,80.4832,53.6555,-117.9562
663,2026-09-18T08:00:47.770644,,,,,,,,-18.4231,-44.2373,-1.1249,-15.0029,,,,,,,False,,cex_momentum,ETH/USDT,20.0,0.015,0.01,2.0,90.0,269.0,11.9,16.183,80.1874,53.4583,-117.4627
664,2026-09-18T08:00:47.848645,,,,,,,,-18.4231,-44.2373,-1.1249,-15.0029,,,,,,,False,,cex_momentum,ETH/USDT,20.0,0.015,0.01,2.0,120.0,269.0,11.9,16.183,80.1874,53.4583,-117.4627
665,2026-09-18T08:00:47.933580,,,,,,,,-17.518,-40.2009,-1.0642,-14.8442,,,,,,,False,,cex_momentum,ETH/USDT,20.0,0.015,0.01,2.5,30.0,250.0,11.2,13.4377,74.556,49.704,-110.8223
666,2026-09-18T08:00:48.016521,,,,,,,,-16.6977,-37.885,-1.0098,-14.735,,,,,,,False,,cex_momentum,ETH/USDT,20.0,0.015,0.01,2.5,60.0,241.0,12.45,14.4312,71.889,47.926,-105.3839
667,2026-09-18T08:00:48.099285,,,,,,,,-16.6227,-37.9849,-1.0049,-14.7406,,,,,,,False,,cex_momentum,ETH/USDT,20.0,0.015,0.01,2.5,90.0,240.0,12.08,14.4316,71.5928,47.7285,-104.8897
668,2026-09-18T08:00:48.177915,,,,,,,,-16.6227,-37.9849,-1.0049,-14.7406,,,,,,,False,,cex_momentum,ETH/USDT,20.0,0.015,0.01,2.5,120.0,240.0,12.08,14.4316,71.5928,47.7285,-104.8897
669,2026-09-18T08:00:48.259503,,,,,,,,-15.3046,-35.4319,-0.9186,-14.6114,,,,,,,False,,cex_momentum,ETH/USDT,20.0,0.015,0.01,3.0,30.0,219.0,11.42,13.8181,65.3642,43.5761,-95.1223
670,2026-09-18T08:00:48.341246,,,,,,,,-14.4021,-34.0752,-0.8602,-14.5407,,,,,,,False,,cex_momentum,ETH/USDT,20.0,0.015,0.01,3.0,60.0,210.0,13.33,15.2054,62.6963,41.7975,-89.2884
671,2026-09-18T08:00:48.424864,,,,,,,,-14.4242,-34.0485,-0.8616,-14.5386,,,,,,,False,,cex_momentum,ETH/USDT,20.0,0.015,0.01,3.0,90.0,210.0,12.86,15.0619,62.6953,41.7969,-89.4303
672,2026-09-18T08:00:48.506362,,,,,,,,-14.4242,-34.0485,-0.8616,-14.5386,,,,,,,False,,cex_momentum,ETH/USDT,20.0,0.015,0.01,3.0,120.0,210.0,12.86,15.0619,62.6953,41.7969,-89.4303
673,2026-09-18T08:00:48.588755,,,,,,,,-22.4304,-67.5639,-1.4012,-15.4826,,,,,,,False,,cex_momentum,ETH/USDT,20.0,0.02,0.003,1.5,30.0,323.0,11.76,14.2438,96.1509,64.1006,-146.0077
674,2026-09-18T08:00:48.670861,,,,,,,,-21.2689,-58.4926,-1.3197,-15.358,,,,,,,False,,cex_momentum,ETH/USDT,20.0,0.02,0.003,1.5,60.0,307.0,12.05,14.5049,91.4236,60.9491,-137.8678
675,2026-09-18T08:00:48.754819,,,,,,,,-21.0769,-57.4471,-1.3064,-15.34,,,,,,,False,,cex_momentum,ETH/USDT,20.0,0.02,0.003,1.5,90.0,305.0,11.8,14.8599,90.8359,60.5573,-136.5332
676,2026-09-18T08:00:48.831143,,,,,,,,-21.0769,-57.4471,-1.3064,-15.34,,,,,,,False,,cex_momentum,ETH/USDT,20.0,0.02,0.003,1.5,120.0,305.0,11.8,14.8599,90.8359,60.5573,-136.5332
677,2026-09-18T08:00:48.912765,,,,,,,,-19.196,-42.5135,-1.1771,-14.9388,,,,,,,False,,cex_momentum,ETH/USDT,20.0,0.02,0.003,2.0,30.0,282.0,11.7,17.3885,84.046,56.0307,-122.6881
678,2026-09-18T08:00:48.994915,,,,,,,,-18.3168,-37.5322,-1.1177,-14.7204,,,,,,,False,,cex_momentum,ETH/USDT,20.0,0.02,0.003,2.0,60.0,270.0,12.22,17.4054,80.4918,53.6612,-116.7477
679,2026-09-18T08:00:49.077614,,,,,,,,-18.2433,-37.673,-1.1128,-14.7284,,,,,,,False,,cex_momentum,ETH/USDT,20.0,0.02,0.003,2.0,90.0,269.0,11.9,17.4059,80.196,53.464,-116.2541
680,2026-09-18T08:00:49.156441,,,,,,,,-18.2433,-37.673,-1.1128,-14.7284,,,,,,,False,,cex_momentum,ETH/USDT,20.0,0.02,0.003,2.0,120.0,269.0,11.9,17.4059,80.196,53.464,-116.2541
681,2026-09-18T08:00:49.237562,,,,,,,,-17.5006,-33.3041,-1.0631,-14.4929,,,,,,,False,,cex_momentum,ETH/USDT,20.0,0.02,0.003,2.5,30.0,250.0,10.8,13.5652,74.563,49.7087,-110.7065
682,2026-09-18T08:00:49.337011,,,,,,,,-16.7102,-31.0079,-1.0107,-14.3261,,,,,,,False,,cex_momentum,ETH/USDT,20.0,0.02,0.003,2.5,60.0,241.0,12.03,14.3595,71.8956,47.9304,-105.4666
683,2026-09-18T08:00:49.422139,,,,,,,,-16.6353,-31.0111,-1.0057,-14.3273,,,,,,,False,,cex_momentum,ETH/USDT,20.0,0.02,0.003,2.5,90.0,240.0,11.67,14.3598,71.5994,47.7329,-104.9725
684,2026-09-18T08:00:49.499426,,,,,,,,-16.6353,-31.0111,-1.0057,-14.3273,,,,,,,False,,cex_momentum,ETH/USDT,20.0,0.02,0.003,2.5,120.0,240.0,11.67,14.3598,71.5994,47.7329,-104.9725
685,2026-09-18T08:00:49.576100,,,,,,,,-15.1278,-30.8795,-0.9071,-14.3091,,,,,,,False,,cex_momentum,ETH/USDT,20.0,0.02,0.003,3.0,30.0,219.0,10.96,14.9741,65.3695,43.5797,-93.9751
686,2026-09-18T08:00:49.656214,,,,,,,,-14.2545,-29.4465,-0.8507,-14.2045,,,,,,,False,,cex_momentum,ETH/USDT,20.0,0.02,0.003,3.0,60.0,210.0,12.86,16.1625,62.7012,41.8008,-88.3395
687,2026-09-18T08:00:49.740930,,,,,,,,-14.2766,-29.4389,-0.8521,-14.2033,,,,,,,False,,cex_momentum,ETH/USDT,20.0,0.02,0.003,3.0,90.0,210.0,12.38,16.0189,62.7002,41.8002,-88.4814
688,2026-09-18T08:00:49.822298,,,,,,,,-14.2766,-29.4389,-0.8521,-14.2033,,,,,,,False,,cex_momentum,ETH/USDT,20.0,0.02,0.003,3.0,120.0,210.0,12.38,16.0189,62.7002,41.8002,-88.4814
689,2026-09-18T08:00:49.902033,,,,,,,,-22.7232,-65.9512,-1.4219,-15.464,,,,,,,False,,cex_momentum,ETH/USDT,20.0,0.02,0.006,1.5,30.0,323.0,11.76,12.1642,96.1452,64.0968,-148.0777
690,2026-09-18T08:00:49.982388,,,,,,,,-21.5377,-57.8394,-1.3385,-15.3468,,,,,,,False,,cex_momentum,ETH/USDT,20.0,0.02,0.006,1.5,60.0,307.0,12.05,12.6224,91.4184,60.9456,-139.7417
691,2026-09-18T08:00:50.062489,,,,,,,,-21.3463,-56.7227,-1.3251,-15.3269,,,,,,,False,,cex_momentum,ETH/USDT,20.0,0.02,0.006,1.5,90.0,305.0,11.8,12.9772,90.8307,60.5538,-138.4073
692,2026-09-18T08:00:50.133413,,,,,,,,-21.3463,-56.7227,-1.3251,-15.3269,,,,,,,False,,cex_momentum,ETH/USDT,20.0,0.02,0.006,1.5,120.0,305.0,11.8,12.9772,90.8307,60.5538,-138.4073
693,2026-09-18T08:00:50.214843,,,,,,,,-19.477,-42.3009,-1.1963,-14.9293,,,,,,,False,,cex_momentum,ETH/USDT,20.0,0.02,0.006,2.0,30.0,282.0,11.7,15.4697,84.0413,56.0276,-124.5992
694,2026-09-18T08:00:50.305445,,,,,,,,-18.5714,-37.4773,-1.1349,-14.7138,,,,,,,False,,cex_momentum,ETH/USDT,20.0,0.02,0.006,2.0,60.0,270.0,12.22,15.6845,80.4876,53.6584,-118.4615
695,2026-09-18T08:00:50.388308,,,,,,,,-18.4981,-37.595,-1.1299,-14.7206,,,,,,,False,,cex_momentum,ETH/USDT,20.0,0.02,0.006,2.0,90.0,269.0,11.9,15.6849,80.1917,53.4612,-117.968
696,2026-09-18T08:00:50.466166,,,,,,,,-18.4981,-37.595,-1.1299,-14.7206,,,,,,,False,,cex_momentum,ETH/USDT,20.0,0.02,0.006,2.0,120.0,269.0,11.9,15.6849,80.1917,53.4612,-117.968
697,2026-09-18T08:00:50.549583,,,,,,,,-17.6163,-33.2545,-1.0708,-14.4881,,,,,,,False,,cex_momentum,ETH/USDT,20.0,0.02,0.006,2.5,30.0,250.0,10.8,12.7907,74.561,49.7073,-111.4775
698,2026-09-18T08:00:50.633102,,,,,,,,-16.7969,-30.9626,-1.0164,-14.3209,,,,,,,False,,cex_momentum,ETH/USDT,20.0,0.02,0.006,2.5,60.0,241.0,12.03,13.7838,71.8939,47.9293,-106.0394
699,2026-09-18T08:00:50.718092,,,,,,,,-16.7221,-30.9609,-1.0114,-14.3216,,,,,,,False,,cex_momentum,ETH/USDT,20.0,0.02,0.006,2.5,90.0,240.0,11.67,13.7841,71.5977,47.7318,-105.5453
700,2026-09-18T08:00:50.791494,,,,,,,,-16.7221,-30.9609,-1.0114,-14.3216,,,,,,,False,,cex_momentum,ETH/USDT,20.0,0.02,0.006,2.5,120.0,240.0,11.67,13.7841,71.5977,47.7318,-105.5453
701,2026-09-18T08:00:50.870219,,,,,,,,-15.2573,-30.9414,-0.9155,-14.3132,,,,,,,False,,cex_momentum,ETH/USDT,20.0,0.02,0.006,3.0,30.0,219.0,10.96,14.1306,65.3675,43.5783,-94.8153
702,2026-09-18T08:00:50.953439,,,,,,,,-14.3543,-29.4353,-0.8571,-14.2016,,,,,,,False,,cex_momentum,ETH/USDT,20.0,0.02,0.006,3.0,60.0,210.0,12.86,15.5181,62.6996,41.7997,-88.9812
703,2026-09-18T08:00:51.038676,,,,,,,,-14.3764,-29.4295,-0.8586,-14.2006,,,,,,,False,,cex_momentum,ETH/USDT,20.0,0.02,0.006,3.0,90.0,210.0,12.38,15.3746,62.6986,41.7991,-89.1231
704,2026-09-18T08:00:51.123452,,,,,,,,-14.3764,-29.4295,-0.8586,-14.2006,,,,,,,False,,cex_momentum,ETH/USDT,20.0,0.02,0.006,3.0,120.0,210.0,12.38,15.3746,62.6986,41.7991,-89.1231
705,2026-09-18T08:00:51.204753,,,,,,,,-22.5719,-71.5381,-1.4112,-15.5236,,,,,,,False,,cex_momentum,ETH/USDT,20.0,0.02,0.01,1.5,30.0,322.0,11.8,12.7449,95.8515,63.901,-147.0076
706,2026-09-18T08:00:51.294722,,,,,,,,-21.3841,-61.6071,-1.3278,-15.4067,,,,,,,False,,cex_momentum,ETH/USDT,20.0,0.02,0.01,1.5,60.0,306.0,12.09,13.2035,91.1244,60.7496,-138.6706
707,2026-09-18T08:00:51.387445,,,,,,,,-21.1924,-60.4055,-1.3144,-15.3887,,,,,,,False,,cex_momentum,ETH/USDT,20.0,0.02,0.01,1.5,90.0,304.0,11.84,13.5584,90.5367,60.3578,-137.3361
708,2026-09-18T08:00:51.463590,,,,,,,,-21.1924,-60.4055,-1.3144,-15.3887,,,,,,,False,,cex_momentum,ETH/USDT,20.0,0.02,0.01,1.5,120.0,304.0,11.84,13.5584,90.5367,60.3578,-137.3361
709,2026-09-18T08:00:51.542777,,,,,,,,-19.2933,-43.9083,-1.1838,-14.9918,,,,,,,False,,cex_momentum,ETH/USDT,20.0,0.02,0.01,2.0,30.0,281.0,11.74,16.2303,83.7476,55.8317,-123.349
710,2026-09-18T08:00:51.624281,,,,,,,,-18.3856,-38.6657,-1.1223,-14.7784,,,,,,,False,,cex_momentum,ETH/USDT,20.0,0.02,0.01,2.0,60.0,269.0,12.27,16.4455,80.1936,53.4624,-117.2105
711,2026-09-18T08:00:51.707517,,,,,,,,-18.3122,-38.8237,-1.1174,-14.7867,,,,,,,False,,cex_momentum,ETH/USDT,20.0,0.02,0.01,2.0,90.0,268.0,11.94,16.446,79.8977,53.2652,-116.7169
712,2026-09-18T08:00:51.788077,,,,,,,,-18.3122,-38.8237,-1.1174,-14.7867,,,,,,,False,,cex_momentum,ETH/USDT,20.0,0.02,0.01,2.0,120.0,268.0,11.94,16.446,79.8977,53.2652,-116.7169
713,2026-09-18T08:00:51.876553,,,,,,,,-17.1737,-34.2529,-1.0413,-14.5659,,,,,,,False,,cex_momentum,ETH/USDT,20.0,0.02,0.01,2.5,30.0,249.0,11.24,15.2495,74.2698,49.5132,-108.5335
714,2026-09-18T08:00:51.959844,,,,,,,,-16.3499,-31.8323,-0.9869,-14.4037,,,,,,,False,,cex_momentum,ETH/USDT,20.0,0.02,0.01,2.5,60.0,240.0,12.5,16.2436,71.6024,47.735,-103.0938
715,2026-09-18T08:00:52.042447,,,,,,,,-16.2747,-31.8657,-0.982,-14.4076,,,,,,,False,,cex_momentum,ETH/USDT,20.0,0.02,0.01,2.5,90.0,239.0,12.13,16.2441,71.3062,47.5374,-102.5995
716,2026-09-18T08:00:52.119971,,,,,,,,-16.2747,-31.8657,-0.982,-14.4076,,,,,,,False,,cex_momentum,ETH/USDT,20.0,0.02,0.01,2.5,120.0,239.0,12.13,16.2441,71.3062,47.5374,-102.5995
717,2026-09-18T08:00:52.206066,,,,,,,,-14.7189,-31.1742,-0.8806,-14.3412,,,,,,,False,,cex_momentum,ETH/USDT,20.0,0.02,0.01,3.0,30.0,218.0,11.47,17.1296,65.0757,43.3838,-91.3299
718,2026-09-18T08:00:52.364796,,,,,,,,-13.8103,-29.767,-0.8223,-14.246,,,,,,,False,,cex_momentum,ETH/USDT,20.0,0.02,0.01,3.0,60.0,209.0,13.4,18.5186,62.4074,41.6049,-85.4937
719,2026-09-18T08:00:52.450145,,,,,,,,-13.8325,-29.7488,-0.8237,-14.2437,,,,,,,False,,cex_momentum,ETH/USDT,20.0,0.02,0.01,3.0,90.0,209.0,12.92,18.375,62.4064,41.6043,-85.6357
720,2026-09-18T08:00:52.527625,,,,,,,,-13.8325,-29.7488,-0.8237,-14.2437,,,,,,,False,,cex_momentum,ETH/USDT,20.0,0.02,0.01,3.0,120.0,209.0,12.92,18.375,62.4064,41.6043,-85.6357
721,2026-09-18T08:00:52.603862,,,,,,,,-21.9035,-77.7706,-1.3641,-15.5761,,,,,,,False,,cex_momentum,ETH/USDT,30.0,0.004,0.003,1.5,30.0,311.0,17.04,14.2482,92.6184,61.7456,-140.1159
722,2026-09-18T08:00:52.685544,,,,,,,,-21.4438,-73.4499,-1.3319,-15.541,,,,,,,False,,cex_momentum,ETH/USDT,30.0,0.004,0.003,1.5,60.0,305.0,18.36,14.5086,90.8451,60.5634,-136.9
723,2026-09-18T08:00:52.767827,,,,,,,,-21.3731,-73.7314,-1.327,-15.5435,,,,,,,False,,cex_momentum,ETH/USDT,30.0,0.004,0.003,1.5,90.0,304.0,18.09,14.509,90.5498,60.3666,-136.4074
724,2026-09-18T08:00:52.844791,,,,,,,,-21.3731,-73.7314,-1.327,-15.5435,,,,,,,False,,cex_momentum,ETH/USDT,30.0,0.004,0.003,1.5,120.0,304.0,18.09,14.509,90.5498,60.3666,-136.4074
725,2026-09-18T08:00:52.928091,,,,,,,,-19.2823,-62.4569,-1.183,-15.4188,,,,,,,False,,cex_momentum,ETH/USDT,30.0,0.004,0.003,2.0,30.0,279.0,17.2,16.5776,83.162,55.4414,-122.0258
726,2026-09-18T08:00:53.010794,,,,,,,,-19.0854,-61.727,-1.1696,-15.4084,,,,,,,False,,cex_momentum,ETH/USDT,30.0,0.004,0.003,2.0,60.0,276.0,18.48,16.4289,82.2707,54.8472,-120.689
727,2026-09-18T08:00:53.092813,,,,,,,,-19.0126,-62.2561,-1.1647,-15.416,,,,,,,False,,cex_momentum,ETH/USDT,30.0,0.004,0.003,2.0,90.0,275.0,18.18,16.4294,81.975,54.65,-120.1956
728,2026-09-18T08:00:53.165672,,,,,,,,-19.0126,-62.2561,-1.1647,-15.416,,,,,,,False,,cex_momentum,ETH/USDT,30.0,0.004,0.003,2.0,120.0,275.0,18.18,16.4294,81.975,54.65,-120.1956
729,2026-09-18T08:00:53.247501,,,,,,,,-17.8052,-52.6159,-1.0834,-15.2434,,,,,,,False,,cex_momentum,ETH/USDT,30.0,0.004,0.003,2.5,30.0,249.0,16.06,12.2818,74.2626,49.5084,-111.4893
730,2026-09-18T08:00:53.336277,,,,,,,,-17.5814,-51.629,-1.0685,-15.2205,,,,,,,False,,cex_momentum,ETH/USDT,30.0,0.004,0.003,2.5,60.0,247.0,18.22,12.7885,73.6704,49.1136,-109.9955
731,2026-09-18T08:00:53.420338,,,,,,,,-17.5073,-51.6934,-1.0635,-15.222,,,,,,,False,,cex_momentum,ETH/USDT,30.0,0.004,0.003,2.5,90.0,246.0,17.89,12.7888,73.3742,48.9161,-109.5016
732,2026-09-18T08:00:53.500807,,,,,,,,-17.5073,-51.6934,-1.0635,-15.222,,,,,,,False,,cex_momentum,ETH/USDT,30.0,0.004,0.003,2.5,120.0,246.0,17.89,12.7888,73.3742,48.9161,-109.5016
733,2026-09-18T08:00:53.587240,,,,,,,,-16.6104,-61.7693,-1.0041,-15.409,,,,,,,False,,cex_momentum,ETH/USDT,30.0,0.004,0.003,3.0,30.0,222.0,15.32,7.4215,66.2339,44.1559,-102.9683
734,2026-09-18T08:00:53.670713,,,,,,,,-16.0079,-56.1024,-0.9645,-15.3154,,,,,,,False,,cex_momentum,ETH/USDT,30.0,0.004,0.003,3.0,60.0,218.0,18.35,9.4169,65.0554,43.3703,-99.0088
735,2026-09-18T08:00:53.756289,,,,,,,,-16.0295,-56.2287,-0.9659,-15.3178,,,,,,,False,,cex_momentum,ETH/USDT,30.0,0.004,0.003,3.0,90.0,218.0,17.89,9.2734,65.0544,43.3696,-99.1506
736,2026-09-18T08:00:53.830576,,,,,,,,-16.0295,-56.2287,-0.9659,-15.3178,,,,,,,False,,cex_momentum,ETH/USDT,30.0,0.004,0.003,3.0,120.0,218.0,17.89,9.2734,65.0544,43.3696,-99.1506
769,2026-09-18T08:00:53.911817,,,,,,,,-20.1778,-77.7329,-1.2442,-15.5758,,,,,,,False,,cex_momentum,ETH/USDT,30.0,0.007,0.003,1.5,30.0,285.0,13.68,13.4093,84.9272,56.6182,-128.1361
770,2026-09-18T08:00:53.992302,,,,,,,,-19.5068,-64.2952,-1.1983,-15.4434,,,,,,,False,,cex_momentum,ETH/USDT,30.0,0.007,0.003,1.5,60.0,275.0,14.18,13.0666,81.9661,54.6441,-123.5436
771,2026-09-18T08:00:54.073023,,,,,,,,-19.4344,-65.031,-1.1934,-15.4527,,,,,,,False,,cex_momentum,ETH/USDT,30.0,0.007,0.003,1.5,90.0,274.0,13.87,13.0669,81.6704,54.4469,-123.0504
772,2026-09-18T08:00:54.149543,,,,,,,,-19.4344,-65.031,-1.1934,-15.4527,,,,,,,False,,cex_momentum,ETH/USDT,30.0,0.007,0.003,1.5,120.0,274.0,13.87,13.0669,81.6704,54.4469,-123.0504
773,2026-09-18T08:00:54.232432,,,,,,,,-17.3382,-45.0287,-1.0523,-15.0308,,,,,,,False,,cex_momentum,ETH/USDT,30.0,0.007,0.003,2.0,30.0,255.0,13.73,17.8063,76.058,50.7053,-108.957
774,2026-09-18T08:00:54.318579,,,,,,,,-16.9151,-42.7634,-1.0242,-14.947,,,,,,,False,,cex_momentum,ETH/USDT,30.0,0.007,0.003,2.0,60.0,248.0,14.11,17.1491,73.98,49.32,-106.1509
775,2026-09-18T08:00:54.397250,,,,,,,,-16.8404,-42.9771,-1.0193,-14.9554,,,,,,,False,,cex_momentum,ETH/USDT,30.0,0.007,0.003,2.0,90.0,247.0,13.77,17.1496,73.6838,49.1226,-105.6568
776,2026-09-18T08:00:54.481044,,,,,,,,-16.8404,-42.9771,-1.0193,-14.9554,,,,,,,False,,cex_momentum,ETH/USDT,30.0,0.007,0.003,2.0,120.0,247.0,13.77,17.1496,73.6838,49.1226,-105.6568
777,2026-09-18T08:00:54.564926,,,,,,,,-16.0518,-38.8557,-0.9673,-14.771,,,,,,,False,,cex_momentum,ETH/USDT,30.0,0.007,0.003,2.5,30.0,227.0,12.78,13.0185,67.7431,45.1621,-99.8866
778,2026-09-18T08:00:54.650693,,,,,,,,-15.5894,-38.1319,-0.9371,-14.7337,,,,,,,False,,cex_momentum,ETH/USDT,30.0,0.007,0.003,2.5,60.0,222.0,13.96,13.5703,66.2612,44.1741,-96.865
779,2026-09-18T08:00:54.734563,,,,,,,,-15.5135,-38.1366,-0.9322,-14.734,,,,,,,False,,cex_momentum,ETH/USDT,30.0,0.007,0.003,2.5,90.0,221.0,13.57,13.5706,65.9646,43.9764,-96.3704
780,2026-09-18T08:00:54.812994,,,,,,,,-15.5135,-38.1366,-0.9322,-14.734,,,,,,,False,,cex_momentum,ETH/USDT,30.0,0.007,0.003,2.5,120.0,221.0,13.57,13.5706,65.9646,43.9764,-96.3704
781,2026-09-18T08:00:54.897006,,,,,,,,-14.9141,-52.55,-0.8933,-15.2419,,,,,,,False,,cex_momentum,ETH/USDT,30.0,0.007,0.003,3.0,30.0,202.0,11.88,8.6171,60.3039,40.2026,-91.8895
782,2026-09-18T08:00:54.980595,,,,,,,,-14.305,-53.0366,-0.854,-15.2528,,,,,,,False,,cex_momentum,ETH/USDT,30.0,0.007,0.003,3.0,60.0,196.0,13.78,9.5806,58.5257,39.0171,-87.9622
783,2026-09-18T08:00:55.062478,,,,,,,,-14.3271,-53.1541,-0.8554,-15.2553,,,,,,,False,,cex_momentum,ETH/USDT,30.0,0.007,0.003,3.0,90.0,196.0,13.27,9.4372,58.5248,39.0165,-88.1041
784,2026-09-18T08:00:55.144657,,,,,,,,-14.3271,-53.1541,-0.8554,-15.2553,,,,,,,False,,cex_momentum,ETH/USDT,30.0,0.007,0.003,3.0,120.0,196.0,13.27,9.4372,58.5248,39.0165,-88.1041
785,2026-09-18T08:00:55.230009,,,,,,,,-20.4161,-70.1076,-1.2606,-15.5096,,,,,,,False,,cex_momentum,ETH/USDT,30.0,0.007,0.006,1.5,30.0,285.0,13.68,11.764,84.9237,56.6158,-129.7755
786,2026-09-18T08:00:55.320548,,,,,,,,-19.7355,-59.2011,-1.2139,-15.3697,,,,,,,False,,cex_momentum,ETH/USDT,30.0,0.007,0.006,1.5,60.0,275.0,14.18,11.5002,81.9631,54.642,-125.1049
787,2026-09-18T08:00:55.403525,,,,,,,,-19.6633,-59.6698,-1.209,-15.3772,,,,,,,False,,cex_momentum,ETH/USDT,30.0,0.007,0.006,1.5,90.0,274.0,13.87,11.5004,81.6673,54.4449,-124.6117
788,2026-09-18T08:00:55.481474,,,,,,,,-19.6633,-59.6698,-1.209,-15.3772,,,,,,,False,,cex_momentum,ETH/USDT,30.0,0.007,0.006,1.5,120.0,274.0,13.87,11.5004,81.6673,54.4449,-124.6117
789,2026-09-18T08:00:55.565975,,,,,,,,-17.5674,-43.5026,-1.0675,-14.9756,,,,,,,False,,cex_momentum,ETH/USDT,30.0,0.007,0.006,2.0,30.0,255.0,13.73,16.2767,76.0553,50.7035,-110.4822
790,2026-09-18T08:00:55.647027,,,,,,,,-17.1454,-41.413,-1.0395,-14.8911,,,,,,,False,,cex_momentum,ETH/USDT,30.0,0.007,0.006,2.0,60.0,248.0,14.11,15.619,73.9773,49.3182,-107.6765
791,2026-09-18T08:00:55.728401,,,,,,,,-17.0709,-41.5641,-1.0345,-14.8976,,,,,,,False,,cex_momentum,ETH/USDT,30.0,0.007,0.006,2.0,90.0,247.0,13.77,15.6195,73.6812,49.1208,-107.1825
792,2026-09-18T08:00:55.809270,,,,,,,,-17.0709,-41.5641,-1.0345,-14.8976,,,,,,,False,,cex_momentum,ETH/USDT,30.0,0.007,0.006,2.0,120.0,247.0,13.77,15.6195,73.6812,49.1208,-107.1825
793,2026-09-18T08:00:55.893774,,,,,,,,-16.1393,-38.2077,-0.9731,-14.7373,,,,,,,False,,cex_momentum,ETH/USDT,30.0,0.007,0.006,2.5,30.0,227.0,12.78,12.4426,67.7414,45.1609,-100.4598
794,2026-09-18T08:00:55.976498,,,,,,,,-15.6774,-37.4916,-0.9429,-14.6987,,,,,,,False,,cex_momentum,ETH/USDT,30.0,0.007,0.006,2.5,60.0,222.0,13.96,12.9943,66.2595,44.173,-97.4383
795,2026-09-18T08:00:56.060018,,,,,,,,-15.6015,-37.4808,-0.9379,-14.6981,,,,,,,False,,cex_momentum,ETH/USDT,30.0,0.007,0.006,2.5,90.0,221.0,13.57,12.9946,65.963,43.9753,-96.9438
796,2026-09-18T08:00:56.139770,,,,,,,,-15.6015,-37.4808,-0.9379,-14.6981,,,,,,,False,,cex_momentum,ETH/USDT,30.0,0.007,0.006,2.5,120.0,221.0,13.57,12.9946,65.963,43.9753,-96.9438
797,2026-09-18T08:00:56.222870,,,,,,,,-15.0132,-51.3158,-0.8997,-15.213,,,,,,,False,,cex_momentum,ETH/USDT,30.0,0.007,0.006,3.0,30.0,202.0,11.88,7.9729,60.3023,40.2015,-92.5309
798,2026-09-18T08:00:56.313025,,,,,,,,-14.4048,-51.6187,-0.8604,-15.2202,,,,,,,False,,cex_momentum,ETH/USDT,30.0,0.007,0.006,3.0,60.0,196.0,13.78,8.9362,58.5241,39.016,-88.6039
799,2026-09-18T08:00:56.399373,,,,,,,,-14.4269,-51.7379,-0.8618,-15.2231,,,,,,,False,,cex_momentum,ETH/USDT,30.0,0.007,0.006,3.0,90.0,196.0,13.27,8.7928,58.5232,39.0154,-88.7458
800,2026-09-18T08:00:56.477179,,,,,,,,-14.4269,-51.7379,-0.8618,-15.2231,,,,,,,False,,cex_momentum,ETH/USDT,30.0,0.007,0.006,3.0,120.0,196.0,13.27,8.7928,58.5232,39.0154,-88.7458
817,2026-09-18T08:00:56.559369,,,,,,,,-19.2281,-54.8992,-1.1793,-15.292,,,,,,,False,,cex_momentum,ETH/USDT,30.0,0.01,0.003,1.5,30.0,280.0,13.21,17.4632,83.466,55.644,-121.6469
818,2026-09-18T08:00:56.640589,,,,,,,,-18.3779,-46.6618,-1.1218,-15.0846,,,,,,,False,,cex_momentum,ETH/USDT,30.0,0.01,0.003,1.5,60.0,268.0,13.81,17.2883,79.9125,53.275,-115.8992
819,2026-09-18T08:00:56.718300,,,,,,,,-18.3045,-46.9018,-1.1169,-15.0921,,,,,,,False,,cex_momentum,ETH/USDT,30.0,0.01,0.003,1.5,90.0,267.0,13.48,17.2888,79.6166,53.0777,-115.4055
820,2026-09-18T08:00:56.806896,,,,,,,,-18.3045,-46.9018,-1.1169,-15.0921,,,,,,,False,,cex_momentum,ETH/USDT,30.0,0.01,0.003,1.5,120.0,267.0,13.48,17.2888,79.6166,53.0777,-115.4055
821,2026-09-18T08:00:56.909698,,,,,,,,-16.5899,-35.1677,-1.0027,-14.6018,,,,,,,False,,cex_momentum,ETH/USDT,30.0,0.01,0.003,2.0,30.0,252.0,13.1,21.3016,75.1828,50.1219,-104.0031
822,2026-09-18T08:00:56.984084,,,,,,,,-15.7467,-30.5413,-0.9474,-14.3006,,,,,,,False,,cex_momentum,ETH/USDT,30.0,0.01,0.003,2.0,60.0,242.0,13.64,21.8952,72.2204,48.1469,-98.4721
823,2026-09-18T08:00:57.073671,,,,,,,,-15.6709,-30.6307,-0.9424,-14.3103,,,,,,,False,,cex_momentum,ETH/USDT,30.0,0.01,0.003,2.0,90.0,241.0,13.28,21.8959,71.9241,47.9494,-97.9776
824,2026-09-18T08:00:57.159281,,,,,,,,-15.6709,-30.6307,-0.9424,-14.3103,,,,,,,False,,cex_momentum,ETH/USDT,30.0,0.01,0.003,2.0,120.0,241.0,13.28,21.8959,71.9241,47.9494,-97.9776
825,2026-09-18T08:00:57.246600,,,,,,,,-15.1153,-28.1848,-0.9063,-14.0764,,,,,,,False,,cex_momentum,ETH/USDT,30.0,0.01,0.003,2.5,30.0,225.0,12.44,18.1622,67.167,44.778,-93.7827
826,2026-09-18T08:00:57.335246,,,,,,,,-14.3357,-25.7253,-0.8559,-13.8022,,,,,,,False,,cex_momentum,ETH/USDT,30.0,0.01,0.003,2.5,60.0,217.0,13.82,19.2427,64.7957,43.1971,-88.7501
827,2026-09-18T08:00:57.413980,,,,,,,,-14.2587,-25.7057,-0.851,-13.8012,,,,,,,False,,cex_momentum,ETH/USDT,30.0,0.01,0.003,2.5,90.0,216.0,13.43,19.2433,64.499,42.9994,-88.2551
828,2026-09-18T08:00:57.484440,,,,,,,,-14.2587,-25.7057,-0.851,-13.8012,,,,,,,False,,cex_momentum,ETH/USDT,30.0,0.01,0.003,2.5,120.0,216.0,13.43,19.2433,64.499,42.9994,-88.2551
829,2026-09-18T08:00:57.553925,,,,,,,,-13.5931,-31.3263,-0.8084,-14.2882,,,,,,,False,,cex_momentum,ETH/USDT,30.0,0.01,0.003,3.0,30.0,201.0,11.94,16.6472,60.0316,40.021,-83.4054
830,2026-09-18T08:00:57.622918,,,,,,,,-12.7382,-28.4618,-0.7541,-14.0233,,,,,,,False,,cex_momentum,ETH/USDT,30.0,0.01,0.003,3.0,60.0,193.0,13.99,18.1206,57.6605,38.4403,-77.9802
831,2026-09-18T08:00:57.691885,,,,,,,,-12.7607,-28.4899,-0.7556,-14.0263,,,,,,,False,,cex_momentum,ETH/USDT,30.0,0.01,0.003,3.0,90.0,193.0,13.47,17.977,57.6596,38.4397,-78.1223
832,2026-09-18T08:00:57.757622,,,,,,,,-12.7607,-28.4899,-0.7556,-14.0263,,,,,,,False,,cex_momentum,ETH/USDT,30.0,0.01,0.003,3.0,120.0,193.0,13.47,17.977,57.6596,38.4397,-78.1223
833,2026-09-18T08:00:57.824968,,,,,,,,-19.5828,-51.1144,-1.2035,-15.2081,,,,,,,False,,cex_momentum,ETH/USDT,30.0,0.01,0.006,1.5,30.0,280.0,13.21,15.0381,83.4601,55.6401,-124.062
834,2026-09-18T08:00:57.892548,,,,,,,,-18.7481,-44.2995,-1.1468,-15.0051,,,,,,,False,,cex_momentum,ETH/USDT,30.0,0.01,0.006,1.5,60.0,268.0,13.81,14.7823,79.9062,53.2708,-118.3947
835,2026-09-18T08:00:57.959443,,,,,,,,-18.675,-44.4367,-1.1419,-15.01,,,,,,,False,,cex_momentum,ETH/USDT,30.0,0.01,0.006,1.5,90.0,267.0,13.48,14.7827,79.6103,53.0735,-117.9012
836,2026-09-18T08:00:58.023193,,,,,,,,-18.675,-44.4367,-1.1419,-15.01,,,,,,,False,,cex_momentum,ETH/USDT,30.0,0.01,0.006,1.5,120.0,267.0,13.48,14.7827,79.6103,53.0735,-117.9012
837,2026-09-18T08:00:58.092707,,,,,,,,-16.9504,-34.0701,-1.0265,-14.5238,,,,,,,False,,cex_momentum,ETH/USDT,30.0,0.01,0.006,2.0,30.0,252.0,13.1,18.9118,75.1776,50.1184,-106.3842
838,2026-09-18T08:00:58.160450,,,,,,,,-16.1109,-29.8983,-0.9712,-14.2326,,,,,,,False,,cex_momentum,ETH/USDT,30.0,0.01,0.006,2.0,60.0,242.0,13.64,19.5042,72.2152,48.1435,-100.8545
839,2026-09-18T08:00:58.232028,,,,,,,,-16.0354,-29.9533,-0.9663,-14.2391,,,,,,,False,,cex_momentum,ETH/USDT,30.0,0.01,0.006,2.0,90.0,241.0,13.28,19.5048,71.9189,47.946,-100.3601
840,2026-09-18T08:00:58.300591,,,,,,,,-16.0354,-29.9533,-0.9663,-14.2391,,,,,,,False,,cex_momentum,ETH/USDT,30.0,0.01,0.006,2.0,120.0,241.0,13.28,19.5048,71.9189,47.946,-100.3601
841,2026-09-18T08:00:58.369615,,,,,,,,-15.242,-28.1165,-0.9145,-14.0662,,,,,,,False,,cex_momentum,ETH/USDT,30.0,0.01,0.006,2.5,30.0,225.0,12.44,17.3362,67.1647,44.7765,-94.605
842,2026-09-18T08:00:58.438914,,,,,,,,-14.4636,-25.745,-0.8642,-13.8019,,,,,,,False,,cex_momentum,ETH/USDT,30.0,0.01,0.006,2.5,60.0,217.0,13.82,18.4163,64.7935,43.1956,-89.5728
843,2026-09-18T08:00:58.530010,,,,,,,,-14.3867,-25.7205,-0.8592,-13.8002,,,,,,,False,,cex_momentum,ETH/USDT,30.0,0.01,0.006,2.5,90.0,216.0,13.43,18.4169,64.4968,42.9979,-89.0779
844,2026-09-18T08:00:58.608058,,,,,,,,-14.3867,-25.7205,-0.8592,-13.8002,,,,,,,False,,cex_momentum,ETH/USDT,30.0,0.01,0.006,2.5,120.0,216.0,13.43,18.4169,64.4968,42.9979,-89.0779
845,2026-09-18T08:00:58.686511,,,,,,,,-13.7327,-31.3276,-0.8173,-14.2878,,,,,,,False,,cex_momentum,ETH/USDT,30.0,0.01,0.006,3.0,30.0,201.0,11.94,15.7525,60.0294,40.0196,-84.2964
846,2026-09-18T08:00:58.771812,,,,,,,,-12.8793,-28.5005,-0.763,-14.0267,,,,,,,False,,cex_momentum,ETH/USDT,30.0,0.01,0.006,3.0,60.0,193.0,13.99,17.2255,57.6583,38.4389,-78.8718
847,2026-09-18T08:00:58.858151,,,,,,,,-12.9017,-28.5307,-0.7645,-14.0298,,,,,,,False,,cex_momentum,ETH/USDT,30.0,0.01,0.006,3.0,90.0,193.0,13.47,17.0819,57.6574,38.4383,-79.0139
848,2026-09-18T08:00:58.938031,,,,,,,,-12.9017,-28.5307,-0.7645,-14.0298,,,,,,,False,,cex_momentum,ETH/USDT,30.0,0.01,0.006,3.0,120.0,193.0,13.47,17.0819,57.6574,38.4383,-79.0139
865,2026-09-18T08:00:59.020878,,,,,,,,-19.0708,-52.0854,-1.1686,-15.2312,,,,,,,False,,cex_momentum,ETH/USDT,30.0,0.015,0.003,1.5,30.0,275.0,12.36,16.0528,81.9794,54.6529,-120.5795
866,2026-09-18T08:00:59.101465,,,,,,,,-18.0132,-45.3328,-1.0973,-15.0413,,,,,,,False,,cex_momentum,ETH/USDT,30.0,0.015,0.003,1.5,60.0,261.0,13.03,16.2708,77.8328,51.8885,-113.4505
867,2026-09-18T08:00:59.183602,,,,,,,,-17.9394,-45.597,-1.0924,-15.0501,,,,,,,False,,cex_momentum,ETH/USDT,30.0,0.015,0.003,1.5,90.0,260.0,12.69,16.2713,77.5368,51.6912,-112.9568
868,2026-09-18T08:00:59.253003,,,,,,,,-17.9394,-45.597,-1.0924,-15.0501,,,,,,,False,,cex_momentum,ETH/USDT,30.0,0.015,0.003,1.5,120.0,260.0,12.69,16.2713,77.5368,51.6912,-112.9568
869,2026-09-18T08:00:59.330894,,,,,,,,-16.7885,-39.9048,-1.0158,-14.8227,,,,,,,False,,cex_momentum,ETH/USDT,30.0,0.015,0.003,2.0,30.0,248.0,12.1,17.9906,73.9828,49.3218,-105.314
870,2026-09-18T08:00:59.409355,,,,,,,,-15.9083,-35.6323,-0.9579,-14.5981,,,,,,,False,,cex_momentum,ETH/USDT,30.0,0.015,0.003,2.0,60.0,237.0,12.66,18.3392,70.7203,47.1469,-99.528
871,2026-09-18T08:00:59.495554,,,,,,,,-15.8327,-35.8252,-0.953,-14.6104,,,,,,,False,,cex_momentum,ETH/USDT,30.0,0.015,0.003,2.0,90.0,236.0,12.29,18.3398,70.424,46.9493,-99.0336
872,2026-09-18T08:00:59.572612,,,,,,,,-15.8327,-35.8252,-0.953,-14.6104,,,,,,,False,,cex_momentum,ETH/USDT,30.0,0.015,0.003,2.0,120.0,236.0,12.29,18.3398,70.424,46.9493,-99.0336
873,2026-09-18T08:00:59.654348,,,,,,,,-15.507,-33.722,-0.9318,-14.4724,,,,,,,False,,cex_momentum,ETH/USDT,30.0,0.015,0.003,2.5,30.0,222.0,11.26,14.1094,66.2624,44.1749,-96.3279
874,2026-09-18T08:00:59.736303,,,,,,,,-14.6913,-31.9433,-0.8789,-14.3457,,,,,,,False,,cex_momentum,ETH/USDT,30.0,0.015,0.003,2.5,60.0,213.0,12.68,14.9449,63.5913,42.3942,-91.0406
875,2026-09-18T08:00:59.820319,,,,,,,,-14.6146,-31.9781,-0.8739,-14.3489,,,,,,,False,,cex_momentum,ETH/USDT,30.0,0.015,0.003,2.5,90.0,212.0,12.26,14.9453,63.2946,42.1964,-90.5457
876,2026-09-18T08:00:59.899525,,,,,,,,-14.6146,-31.9781,-0.8739,-14.3489,,,,,,,False,,cex_momentum,ETH/USDT,30.0,0.015,0.003,2.5,120.0,212.0,12.26,14.9453,63.2946,42.1964,-90.5457
877,2026-09-18T08:00:59.980771,,,,,,,,-13.8009,-31.6289,-0.8217,-14.3503,,,,,,,False,,cex_momentum,ETH/USDT,30.0,0.015,0.003,3.0,30.0,199.0,11.06,14.3265,59.4352,39.6235,-84.7321
878,2026-09-18T08:01:00.065256,,,,,,,,-12.9076,-29.9698,-0.7648,-14.2289,,,,,,,False,,cex_momentum,ETH/USDT,30.0,0.015,0.003,3.0,60.0,190.0,13.16,15.5553,56.7641,37.8427,-79.0514
879,2026-09-18T08:01:00.165158,,,,,,,,-12.9301,-29.9996,-0.7663,-14.2315,,,,,,,False,,cex_momentum,ETH/USDT,30.0,0.015,0.003,3.0,90.0,190.0,12.63,15.4118,56.7632,37.8421,-79.1935
880,2026-09-18T08:01:00.238952,,,,,,,,-12.9301,-29.9996,-0.7663,-14.2315,,,,,,,False,,cex_momentum,ETH/USDT,30.0,0.015,0.003,3.0,120.0,190.0,12.63,15.4118,56.7632,37.8421,-79.1935
881,2026-09-18T08:01:00.316173,,,,,,,,-19.2769,-49.4966,-1.1826,-15.1667,,,,,,,False,,cex_momentum,ETH/USDT,30.0,0.015,0.006,1.5,30.0,275.0,12.36,14.6485,81.9766,54.651,-121.9791
882,2026-09-18T08:01:00.397892,,,,,,,,-18.1924,-43.427,-1.1094,-14.9728,,,,,,,False,,cex_momentum,ETH/USDT,30.0,0.015,0.006,1.5,60.0,261.0,13.03,15.0646,77.8304,51.8869,-114.6526
883,2026-09-18T08:01:00.477711,,,,,,,,-18.1188,-43.6183,-1.1044,-14.98,,,,,,,False,,cex_momentum,ETH/USDT,30.0,0.015,0.006,1.5,90.0,260.0,12.69,15.0651,77.5344,51.6896,-114.1589
884,2026-09-18T08:01:00.551466,,,,,,,,-18.1188,-43.6183,-1.1044,-14.98,,,,,,,False,,cex_momentum,ETH/USDT,30.0,0.015,0.006,1.5,120.0,260.0,12.69,15.0651,77.5344,51.6896,-114.1589
885,2026-09-18T08:01:00.625950,,,,,,,,-16.9946,-38.6403,-1.0295,-14.76,,,,,,,False,,cex_momentum,ETH/USDT,30.0,0.015,0.006,2.0,30.0,248.0,12.1,16.6231,73.9803,49.3202,-106.6773
886,2026-09-18T08:01:00.708674,,,,,,,,-16.0863,-34.6794,-0.9696,-14.5348,,,,,,,False,,cex_momentum,ETH/USDT,30.0,0.015,0.006,2.0,60.0,237.0,12.66,17.1703,70.7182,47.1455,-100.6933
887,2026-09-18T08:01:00.786872,,,,,,,,-16.0108,-34.8299,-0.9647,-14.5452,,,,,,,False,,cex_momentum,ETH/USDT,30.0,0.015,0.006,2.0,90.0,236.0,12.29,17.1708,70.4218,46.9479,-100.1989
888,2026-09-18T08:01:00.865495,,,,,,,,-16.0108,-34.8299,-0.9647,-14.5452,,,,,,,False,,cex_momentum,ETH/USDT,30.0,0.015,0.006,2.0,120.0,236.0,12.29,17.1708,70.4218,46.9479,-100.1989
889,2026-09-18T08:01:00.948988,,,,,,,,-15.6255,-33.3761,-0.9395,-14.4465,,,,,,,False,,cex_momentum,ETH/USDT,30.0,0.015,0.006,2.5,30.0,222.0,11.26,13.3341,66.2605,44.1736,-97.1
890,2026-09-18T08:01:01.032250,,,,,,,,-14.7802,-31.6303,-0.8846,-14.3187,,,,,,,False,,cex_momentum,ETH/USDT,30.0,0.015,0.006,2.5,60.0,213.0,12.68,14.3687,63.5897,42.3931,-91.6142
891,2026-09-18T08:01:01.115241,,,,,,,,-14.7036,-31.654,-0.8796,-14.321,,,,,,,False,,cex_momentum,ETH/USDT,30.0,0.015,0.006,2.5,90.0,212.0,12.26,14.369,63.293,42.1954,-91.1193
892,2026-09-18T08:01:01.194517,,,,,,,,-14.7036,-31.654,-0.8796,-14.321,,,,,,,False,,cex_momentum,ETH/USDT,30.0,0.015,0.006,2.5,120.0,212.0,12.26,14.369,63.293,42.1954,-91.1193
893,2026-09-18T08:01:01.275243,,,,,,,,-13.9324,-31.477,-0.8301,-14.3358,,,,,,,False,,cex_momentum,ETH/USDT,30.0,0.015,0.006,3.0,30.0,199.0,11.06,13.4824,59.4333,39.6222,-85.5731
894,2026-09-18T08:01:01.363016,,,,,,,,-13.0091,-29.7493,-0.7713,-14.2053,,,,,,,False,,cex_momentum,ETH/USDT,30.0,0.015,0.006,3.0,60.0,190.0,13.16,14.9104,56.7625,37.8417,-79.6937
895,2026-09-18T08:01:01.447865,,,,,,,,-13.0315,-29.7809,-0.7727,-14.2082,,,,,,,False,,cex_momentum,ETH/USDT,30.0,0.015,0.006,3.0,90.0,190.0,12.63,14.7669,56.7616,37.8411,-79.8358
896,2026-09-18T08:01:01.526388,,,,,,,,-13.0315,-29.7809,-0.7727,-14.2082,,,,,,,False,,cex_momentum,ETH/USDT,30.0,0.015,0.006,3.0,120.0,190.0,12.63,14.7669,56.7616,37.8411,-79.8358
897,2026-09-18T08:01:01.606696,,,,,,,,-19.0139,-52.4856,-1.1648,-15.2404,,,,,,,False,,cex_momentum,ETH/USDT,30.0,0.015,0.01,1.5,30.0,274.0,12.41,15.945,81.6832,54.4555,-120.1938
898,2026-09-18T08:01:01.687697,,,,,,,,-17.9259,-45.7972,-1.0915,-15.0568,,,,,,,False,,cex_momentum,ETH/USDT,30.0,0.015,0.01,1.5,60.0,260.0,13.08,16.362,77.5368,51.6912,-112.866
899,2026-09-18T08:01:01.766349,,,,,,,,-17.8521,-46.0885,-1.0865,-15.0663,,,,,,,False,,cex_momentum,ETH/USDT,30.0,0.015,0.01,1.5,90.0,259.0,12.74,16.3624,77.2408,51.4939,-112.3722
900,2026-09-18T08:01:01.849365,,,,,,,,-17.8521,-46.0885,-1.0865,-15.0663,,,,,,,False,,cex_momentum,ETH/USDT,30.0,0.015,0.01,1.5,120.0,259.0,12.74,16.3624,77.2408,51.4939,-112.3722
901,2026-09-18T08:01:01.933335,,,,,,,,-16.7242,-40.3139,-1.0116,-14.8419,,,,,,,False,,cex_momentum,ETH/USDT,30.0,0.015,0.01,2.0,30.0,247.0,12.15,17.9211,73.6862,49.1241,-104.8892
902,2026-09-18T08:01:02.015386,,,,,,,,-15.8129,-36.0365,-0.9517,-14.6237,,,,,,,False,,cex_momentum,ETH/USDT,30.0,0.015,0.01,2.0,60.0,236.0,12.71,18.4689,70.4238,46.9492,-98.9042
903,2026-09-18T08:01:02.098846,,,,,,,,-15.7371,-36.2516,-0.9468,-14.637,,,,,,,False,,cex_momentum,ETH/USDT,30.0,0.015,0.01,2.0,90.0,235.0,12.34,18.4695,70.1275,46.7517,-98.4097
904,2026-09-18T08:01:02.175521,,,,,,,,-15.7371,-36.2516,-0.9468,-14.637,,,,,,,False,,cex_momentum,ETH/USDT,30.0,0.015,0.01,2.0,120.0,235.0,12.34,18.4695,70.1275,46.7517,-98.4097
905,2026-09-18T08:01:02.256346,,,,,,,,-15.0895,-35.7336,-0.9046,-14.6108,,,,,,,False,,cex_momentum,ETH/USDT,30.0,0.015,0.01,2.5,30.0,221.0,11.76,16.3325,65.9688,43.9792,-93.6154
906,2026-09-18T08:01:02.346145,,,,,,,,-14.2388,-34.0087,-0.8497,-14.5086,,,,,,,False,,cex_momentum,ETH/USDT,30.0,0.015,0.01,2.5,60.0,212.0,13.21,17.3685,63.2977,42.1985,-88.1277
907,2026-09-18T08:01:02.436889,,,,,,,,-14.1617,-34.1231,-0.8448,-14.5172,,,,,,,False,,cex_momentum,ETH/USDT,30.0,0.015,0.01,2.5,90.0,211.0,12.8,17.369,63.001,42.0007,-87.6327
908,2026-09-18T08:01:02.518379,,,,,,,,-14.1617,-34.1231,-0.8448,-14.5172,,,,,,,False,,cex_momentum,ETH/USDT,30.0,0.015,0.01,2.5,120.0,211.0,12.8,17.369,63.001,42.0007,-87.6327
909,2026-09-18T08:01:02.602567,,,,,,,,-13.3857,-32.6777,-0.7952,-14.4418,,,,,,,False,,cex_momentum,ETH/USDT,30.0,0.015,0.01,3.0,30.0,198.0,11.62,16.4839,59.141,39.4273,-82.0844
910,2026-09-18T08:01:02.688687,,,,,,,,-12.4565,-31.0812,-0.7364,-14.342,,,,,,,False,,cex_momentum,ETH/USDT,30.0,0.015,0.01,3.0,60.0,189.0,13.76,17.9134,56.4699,37.6466,-76.203
911,2026-09-18T08:01:02.773470,,,,,,,,-12.479,-31.1003,-0.7378,-14.3434,,,,,,,False,,cex_momentum,ETH/USDT,30.0,0.015,0.01,3.0,90.0,189.0,13.23,17.7698,56.469,37.646,-76.3451
912,2026-09-18T08:01:02.854555,,,,,,,,-12.479,-31.1003,-0.7378,-14.3434,,,,,,,False,,cex_momentum,ETH/USDT,30.0,0.015,0.01,3.0,120.0,189.0,13.23,17.7698,56.469,37.646,-76.3451
913,2026-09-18T08:01:02.936881,,,,,,,,-19.1703,-54.2969,-1.1754,-15.2797,,,,,,,False,,cex_momentum,ETH/USDT,30.0,0.02,0.003,1.5,30.0,275.0,12.36,15.3762,81.9785,54.6523,-121.2546
914,2026-09-18T08:01:03.015495,,,,,,,,-18.114,-46.6219,-1.1041,-15.0834,,,,,,,False,,cex_momentum,ETH/USDT,30.0,0.02,0.003,1.5,60.0,261.0,13.03,15.5938,77.832,51.888,-114.1261
915,2026-09-18T08:01:03.097034,,,,,,,,-18.0403,-46.9045,-1.0992,-15.0922,,,,,,,False,,cex_momentum,ETH/USDT,30.0,0.02,0.003,1.5,90.0,260.0,12.69,15.5943,77.536,51.6907,-113.6324
916,2026-09-18T08:01:03.173450,,,,,,,,-18.0403,-46.9045,-1.0992,-15.0922,,,,,,,False,,cex_momentum,ETH/USDT,30.0,0.02,0.003,1.5,120.0,260.0,12.69,15.5943,77.536,51.6907,-113.6324
917,2026-09-18T08:01:03.252097,,,,,,,,-16.5302,-34.859,-0.9988,-14.5693,,,,,,,False,,cex_momentum,ETH/USDT,30.0,0.02,0.003,2.0,30.0,247.0,12.15,19.2127,73.6938,49.1292,-103.6103
918,2026-09-18T08:01:03.330044,,,,,,,,-15.6473,-30.9472,-0.9409,-14.3201,,,,,,,False,,cex_momentum,ETH/USDT,30.0,0.02,0.003,2.0,60.0,236.0,12.71,19.5617,70.4309,46.954,-97.8232
919,2026-09-18T08:01:03.412400,,,,,,,,-15.5714,-31.0519,-0.9359,-14.3306,,,,,,,False,,cex_momentum,ETH/USDT,30.0,0.02,0.003,2.0,90.0,235.0,12.34,19.5623,70.1346,46.7564,-97.3287
920,2026-09-18T08:01:03.491300,,,,,,,,-15.5714,-31.0519,-0.9359,-14.3306,,,,,,,False,,cex_momentum,ETH/USDT,30.0,0.02,0.003,2.0,120.0,235.0,12.34,19.5623,70.1346,46.7564,-97.3287
921,2026-09-18T08:01:03.576268,,,,,,,,-15.0716,-28.9078,-0.9035,-14.1361,,,,,,,False,,cex_momentum,ETH/USDT,30.0,0.02,0.003,2.5,30.0,221.0,11.31,16.4592,65.9752,43.9834,-93.4994
922,2026-09-18T08:01:03.667662,,,,,,,,-14.2517,-26.9576,-0.8506,-13.9454,,,,,,,False,,cex_momentum,ETH/USDT,30.0,0.02,0.003,2.5,60.0,212.0,12.74,17.2956,63.3037,42.2025,-88.2106
923,2026-09-18T08:01:03.752593,,,,,,,,-14.1746,-26.9545,-0.8456,-13.9467,,,,,,,False,,cex_momentum,ETH/USDT,30.0,0.02,0.003,2.5,90.0,211.0,12.32,17.2961,63.007,42.0047,-87.7156
924,2026-09-18T08:01:03.830205,,,,,,,,-14.1746,-26.9545,-0.8456,-13.9467,,,,,,,False,,cex_momentum,ETH/USDT,30.0,0.02,0.003,2.5,120.0,211.0,12.32,17.2961,63.007,42.0047,-87.7156
925,2026-09-18T08:01:03.912575,,,,,,,,-13.2049,-27.2447,-0.7837,-13.97,,,,,,,False,,cex_momentum,ETH/USDT,30.0,0.02,0.003,3.0,30.0,198.0,11.11,17.6409,59.146,39.4307,-80.9357
926,2026-09-18T08:01:03.992245,,,,,,,,-12.3055,-25.6301,-0.7268,-13.8074,,,,,,,False,,cex_momentum,ETH/USDT,30.0,0.02,0.003,3.0,60.0,189.0,13.23,18.8713,56.4745,37.6497,-75.2529
927,2026-09-18T08:01:04.074362,,,,,,,,-12.3281,-25.6549,-0.7283,-13.8103,,,,,,,False,,cex_momentum,ETH/USDT,30.0,0.02,0.003,3.0,90.0,189.0,12.7,18.7277,56.4736,37.6491,-75.395
928,2026-09-18T08:01:04.150576,,,,,,,,-12.3281,-25.6549,-0.7283,-13.8103,,,,,,,False,,cex_momentum,ETH/USDT,30.0,0.02,0.003,3.0,120.0,189.0,12.7,18.7277,56.4736,37.6491,-75.395
929,2026-09-18T08:01:04.227874,,,,,,,,-19.4379,-51.7868,-1.1936,-15.2242,,,,,,,False,,cex_momentum,ETH/USDT,30.0,0.02,0.006,1.5,30.0,275.0,12.36,13.5492,81.9743,54.6496,-123.0747
930,2026-09-18T08:01:04.319316,,,,,,,,-18.3556,-45.0825,-1.1203,-15.0327,,,,,,,False,,cex_momentum,ETH/USDT,30.0,0.02,0.006,1.5,60.0,261.0,13.03,13.9646,77.8282,51.8855,-115.7491
931,2026-09-18T08:01:04.398677,,,,,,,,-18.2822,-45.2886,-1.1154,-15.0397,,,,,,,False,,cex_momentum,ETH/USDT,30.0,0.02,0.006,1.5,90.0,260.0,12.69,13.965,77.5322,51.6882,-115.2554
932,2026-09-18T08:01:04.470369,,,,,,,,-18.2822,-45.2886,-1.1154,-15.0397,,,,,,,False,,cex_momentum,ETH/USDT,30.0,0.02,0.006,1.5,120.0,260.0,12.69,13.965,77.5322,51.6882,-115.2554
933,2026-09-18T08:01:04.548775,,,,,,,,-16.8008,-34.2495,-1.0166,-14.5259,,,,,,,False,,cex_momentum,ETH/USDT,30.0,0.02,0.006,2.0,30.0,247.0,12.15,17.4217,73.6901,49.1267,-105.3951
934,2026-09-18T08:01:04.627272,,,,,,,,-15.8903,-30.63,-0.9568,-14.2876,,,,,,,False,,cex_momentum,ETH/USDT,30.0,0.02,0.006,2.0,60.0,236.0,12.71,17.969,70.4276,46.9518,-99.4104
935,2026-09-18T08:01:04.707410,,,,,,,,-15.8147,-30.7113,-0.9518,-14.2961,,,,,,,False,,cex_momentum,ETH/USDT,30.0,0.02,0.006,2.0,90.0,235.0,12.34,17.9696,70.1313,46.7542,-98.9159
936,2026-09-18T08:01:04.782366,,,,,,,,-15.8147,-30.7113,-0.9518,-14.2961,,,,,,,False,,cex_momentum,ETH/USDT,30.0,0.02,0.006,2.0,120.0,235.0,12.34,17.9696,70.1313,46.7542,-98.9159
937,2026-09-18T08:01:04.856937,,,,,,,,-15.1907,-28.8217,-0.9112,-14.1249,,,,,,,False,,cex_momentum,ETH/USDT,30.0,0.02,0.006,2.5,30.0,221.0,11.31,15.6837,65.9732,43.9822,-94.2717
938,2026-09-18T08:01:04.939850,,,,,,,,-14.341,-26.8905,-0.8563,-13.9349,,,,,,,False,,cex_momentum,ETH/USDT,30.0,0.02,0.006,2.5,60.0,212.0,12.74,16.7192,63.3021,42.2014,-88.7844
939,2026-09-18T08:01:05.022889,,,,,,,,-14.264,-26.8824,-0.8513,-13.9355,,,,,,,False,,cex_momentum,ETH/USDT,30.0,0.02,0.006,2.5,90.0,211.0,12.32,16.7196,63.0054,42.0036,-88.2894
940,2026-09-18T08:01:05.100512,,,,,,,,-14.264,-26.8824,-0.8513,-13.9355,,,,,,,False,,cex_momentum,ETH/USDT,30.0,0.02,0.006,2.5,120.0,211.0,12.32,16.7196,63.0054,42.0036,-88.2894
941,2026-09-18T08:01:05.185333,,,,,,,,-13.3373,-27.2869,-0.7921,-13.9726,,,,,,,False,,cex_momentum,ETH/USDT,30.0,0.02,0.006,3.0,30.0,198.0,11.11,16.7965,59.1441,39.4294,-81.777
942,2026-09-18T08:01:05.267575,,,,,,,,-12.4076,-25.6207,-0.7333,-13.8029,,,,,,,False,,cex_momentum,ETH/USDT,30.0,0.02,0.006,3.0,60.0,189.0,13.23,18.2262,56.473,37.6486,-75.8954
943,2026-09-18T08:01:05.366187,,,,,,,,-12.4302,-25.6467,-0.7347,-13.8059,,,,,,,False,,cex_momentum,ETH/USDT,30.0,0.02,0.006,3.0,90.0,189.0,12.7,18.0826,56.4721,37.6481,-76.0376
944,2026-09-18T08:01:05.452340,,,,,,,,-12.4302,-25.6467,-0.7347,-13.8059,,,,,,,False,,cex_momentum,ETH/USDT,30.0,0.02,0.006,3.0,120.0,189.0,12.7,18.0826,56.4721,37.6481,-76.0376
945,2026-09-18T08:01:05.565671,,,,,,,,-19.2803,-56.5566,-1.1829,-15.3239,,,,,,,False,,cex_momentum,ETH/USDT,30.0,0.02,0.01,1.5,30.0,274.0,12.41,14.1311,81.6797,54.4532,-122.0018
946,2026-09-18T08:01:05.648407,,,,,,,,-18.1958,-48.6124,-1.1096,-15.1425,,,,,,,False,,cex_momentum,ETH/USDT,30.0,0.02,0.01,1.5,60.0,260.0,13.08,14.5469,77.5333,51.6889,-114.6754
947,2026-09-18T08:01:05.728375,,,,,,,,-18.1222,-48.9368,-1.1046,-15.1515,,,,,,,False,,cex_momentum,ETH/USDT,30.0,0.02,0.01,1.5,90.0,259.0,12.74,14.5473,77.2374,51.4916,-114.1817
948,2026-09-18T08:01:05.805594,,,,,,,,-18.1222,-48.9368,-1.1046,-15.1515,,,,,,,False,,cex_momentum,ETH/USDT,30.0,0.02,0.01,1.5,120.0,259.0,12.74,14.5473,77.2374,51.4916,-114.1817
949,2026-09-18T08:01:05.889334,,,,,,,,-16.611,-35.8797,-1.0041,-14.6356,,,,,,,False,,cex_momentum,ETH/USDT,30.0,0.02,0.01,2.0,30.0,246.0,12.2,18.1834,73.3955,48.9304,-104.1425
950,2026-09-18T08:01:05.972626,,,,,,,,-15.6984,-31.8939,-0.9442,-14.4034,,,,,,,False,,cex_momentum,ETH/USDT,30.0,0.02,0.01,2.0,60.0,235.0,12.77,18.731,70.1328,46.7552,-98.157
951,2026-09-18T08:01:06.052980,,,,,,,,-15.6226,-32.015,-0.9393,-14.4147,,,,,,,False,,cex_momentum,ETH/USDT,30.0,0.02,0.01,2.0,90.0,234.0,12.39,18.7316,69.8365,46.5577,-97.6625
952,2026-09-18T08:01:06.129955,,,,,,,,-15.6226,-32.015,-0.9393,-14.4147,,,,,,,False,,cex_momentum,ETH/USDT,30.0,0.02,0.01,2.0,120.0,234.0,12.39,18.7316,69.8365,46.5577,-97.6625
953,2026-09-18T08:01:06.218583,,,,,,,,-14.735,-30.6113,-0.8817,-14.3146,,,,,,,False,,cex_momentum,ETH/USDT,30.0,0.02,0.01,2.5,30.0,220.0,11.82,18.1459,65.6811,43.7874,-91.3226
954,2026-09-18T08:01:06.296574,,,,,,,,-13.8808,-28.5226,-0.8268,-14.1427,,,,,,,False,,cex_momentum,ETH/USDT,30.0,0.02,0.01,2.5,60.0,211.0,13.27,19.1825,63.0096,42.0064,-85.8336
955,2026-09-18T08:01:06.375330,,,,,,,,-13.8034,-28.5626,-0.8218,-14.1491,,,,,,,False,,cex_momentum,ETH/USDT,30.0,0.02,0.01,2.5,90.0,210.0,12.86,19.1831,62.7129,41.8086,-85.3384
956,2026-09-18T08:01:06.455575,,,,,,,,-13.8034,-28.5626,-0.8218,-14.1491,,,,,,,False,,cex_momentum,ETH/USDT,30.0,0.02,0.01,2.5,120.0,210.0,12.86,19.1831,62.7129,41.8086,-85.3384
957,2026-09-18T08:01:06.540296,,,,,,,,-12.7868,-28.064,-0.7572,-14.0787,,,,,,,False,,cex_momentum,ETH/USDT,30.0,0.02,0.01,3.0,30.0,197.0,11.68,19.799,58.8516,39.2344,-78.2871
958,2026-09-18T08:01:06.622797,,,,,,,,-11.8512,-26.4547,-0.6983,-13.9384,,,,,,,False,,cex_momentum,ETH/USDT,30.0,0.02,0.01,3.0,60.0,188.0,13.83,21.2302,56.1801,37.4534,-72.4034
959,2026-09-18T08:01:06.711502,,,,,,,,-11.8739,-26.4718,-0.6998,-13.9399,,,,,,,False,,cex_momentum,ETH/USDT,30.0,0.02,0.01,3.0,90.0,188.0,13.3,21.0866,56.1793,37.4529,-72.5456
960,2026-09-18T08:01:06.789787,,,,,,,,-11.8739,-26.4718,-0.6998,-13.9399,,,,,,,False,,cex_momentum,ETH/USDT,30.0,0.02,0.01,3.0,120.0,188.0,13.3,21.0866,56.1793,37.4529,-72.5456
1,2026-09-18T08:01:10.020936,,,,,,,,-32.7658,-60.6438,-2.1813,-15.3924,,,,,,,False,,cex_momentum,SOL/USDT,10.0,0.004,0.003,1.5,30.0,461.0,18.87,4.4972,136.6588,91.1059,-223.2675
2,2026-09-18T08:01:10.097386,,,,,,,,-32.0333,-53.1165,-2.1224,-15.2545,,,,,,,False,,cex_momentum,SOL/USDT,10.0,0.004,0.003,1.5,60.0,452.0,19.69,6.0039,134.0304,89.3536,-217.38
3,2026-09-18T08:01:10.177635,,,,,,,,-31.9265,-52.6218,-2.1139,-15.2435,,,,,,,False,,cex_momentum,SOL/USDT,10.0,0.004,0.003,1.5,90.0,451.0,19.73,6.376,133.7415,89.161,-216.5266
4,2026-09-18T08:01:10.246801,,,,,,,,-31.9265,-52.6218,-2.1139,-15.2435,,,,,,,False,,cex_momentum,SOL/USDT,10.0,0.004,0.003,1.5,120.0,451.0,19.73,6.376,133.7415,89.161,-216.5266
5,2026-09-18T08:01:10.320811,,,,,,,,-28.6185,-58.2842,-1.8555,-15.3545,,,,,,,False,,cex_momentum,SOL/USDT,10.0,0.004,0.003,2.0,30.0,397.0,19.14,6.3319,117.8683,78.5789,-190.1153
6,2026-09-18T08:01:10.401109,,,,,,,,-27.9204,-50.8036,-1.8024,-15.2004,,,,,,,False,,cex_momentum,SOL/USDT,10.0,0.004,0.003,2.0,60.0,390.0,20.0,8.2276,115.8221,77.2147,-184.8092
7,2026-09-18T08:01:10.482038,,,,,,,,-27.8071,-50.2703,-1.7939,-15.1869,,,,,,,False,,cex_momentum,SOL/USDT,10.0,0.004,0.003,2.0,90.0,389.0,20.05,8.6,115.5318,77.0212,-183.953
8,2026-09-18T08:01:10.559920,,,,,,,,-27.8071,-50.2703,-1.7939,-15.1869,,,,,,,False,,cex_momentum,SOL/USDT,10.0,0.004,0.003,2.0,120.0,389.0,20.05,8.6,115.5318,77.0212,-183.953
9,2026-09-18T08:01:10.642391,,,,,,,,-25.0786,-60.0687,-1.5913,-15.3835,,,,,,,False,,cex_momentum,SOL/USDT,10.0,0.004,0.003,2.5,30.0,337.0,18.99,3.8571,100.2052,66.8035,-163.1516
10,2026-09-18T08:01:10.729767,,,,,,,,-24.4855,-56.2376,-1.5481,-15.3179,,,,,,,False,,cex_momentum,SOL/USDT,10.0,0.004,0.003,2.5,60.0,332.0,19.88,5.7305,98.7432,65.8288,-158.8415
11,2026-09-18T08:01:10.816880,,,,,,,,-24.4482,-56.0991,-1.5454,-15.3153,,,,,,,False,,cex_momentum,SOL/USDT,10.0,0.004,0.003,2.5,90.0,332.0,19.88,6.0049,98.746,65.8307,-158.5718
12,2026-09-18T08:01:10.889646,,,,,,,,-24.4482,-56.0991,-1.5454,-15.3153,,,,,,,False,,cex_momentum,SOL/USDT,10.0,0.004,0.003,2.5,120.0,332.0,19.88,6.0049,98.746,65.8307,-158.5718
13,2026-09-18T08:01:10.968468,,,,,,,,-21.9554,-43.7391,-1.3677,-14.9845,,,,,,,False,,cex_momentum,SOL/USDT,10.0,0.004,0.003,3.0,30.0,284.0,18.31,0.8902,84.5485,56.3657,-140.024
14,2026-09-18T08:01:11.054656,,,,,,,,-21.4749,-42.1227,-1.3341,-14.9211,,,,,,,False,,cex_momentum,SOL/USDT,10.0,0.004,0.003,3.0,60.0,280.0,19.29,2.2975,83.3752,55.5835,-136.6612
15,2026-09-18T08:01:11.137337,,,,,,,,-21.4361,-42.1129,-1.3314,-14.9207,,,,,,,False,,cex_momentum,SOL/USDT,10.0,0.004,0.003,3.0,90.0,280.0,19.29,2.5718,83.3776,55.5851,-136.3909
16,2026-09-18T08:01:11.215045,,,,,,,,-21.4361,-42.1129,-1.3314,-14.9207,,,,,,,False,,cex_momentum,SOL/USDT,10.0,0.004,0.003,3.0,120.0,280.0,19.29,2.5718,83.3776,55.5851,-136.3909
49,2026-09-18T08:01:11.289840,,,,,,,,-29.8986,-50.6459,-1.9541,-15.1965,,,,,,,False,,cex_momentum,SOL/USDT,10.0,0.007,0.003,1.5,30.0,425.0,15.53,9.6136,126.1031,84.0688,-200.5583
50,2026-09-18T08:01:11.376995,,,,,,,,-29.2028,-45.2376,-1.9003,-15.038,,,,,,,False,,cex_momentum,SOL/USDT,10.0,0.007,0.003,1.5,60.0,412.0,15.29,8.6177,122.2786,81.5191,-195.1799
51,2026-09-18T08:01:11.455318,,,,,,,,-28.9805,-45.2646,-1.8832,-15.0389,,,,,,,False,,cex_momentum,SOL/USDT,10.0,0.007,0.003,1.5,90.0,410.0,15.37,9.3611,121.6997,81.1332,-193.4718
52,2026-09-18T08:01:11.527152,,,,,,,,-28.9805,-45.2646,-1.8832,-15.0389,,,,,,,False,,cex_momentum,SOL/USDT,10.0,0.007,0.003,1.5,120.0,410.0,15.37,9.3611,121.6997,81.1332,-193.4718
53,2026-09-18T08:01:11.601811,,,,,,,,-26.2592,-48.967,-1.6781,-15.1524,,,,,,,False,,cex_momentum,SOL/USDT,10.0,0.007,0.003,2.0,30.0,368.0,15.49,10.1225,109.3527,72.9018,-172.132
54,2026-09-18T08:01:11.688072,,,,,,,,-25.6486,-43.2084,-1.633,-14.9644,,,,,,,False,,cex_momentum,SOL/USDT,10.0,0.007,0.003,2.0,60.0,358.0,15.36,9.7121,106.4041,70.9361,-167.628
55,2026-09-18T08:01:11.769035,,,,,,,,-25.4151,-43.1101,-1.6159,-14.9606,,,,,,,False,,cex_momentum,SOL/USDT,10.0,0.007,0.003,2.0,90.0,356.0,15.45,10.4558,105.8225,70.5483,-165.9151
56,2026-09-18T08:01:11.843547,,,,,,,,-25.4151,-43.1101,-1.6159,-14.9606,,,,,,,False,,cex_momentum,SOL/USDT,10.0,0.007,0.003,2.0,120.0,356.0,15.45,10.4558,105.8225,70.5483,-165.9151
57,2026-09-18T08:01:11.923996,,,,,,,,-22.8123,-45.413,-1.4282,-15.044,,,,,,,False,,cex_momentum,SOL/USDT,10.0,0.007,0.003,2.5,30.0,315.0,15.24,9.617,93.7341,62.4894,-146.6064
58,2026-09-18T08:01:12.005217,,,,,,,,-22.1391,-42.4696,-1.3806,-14.9352,,,,,,,False,,cex_momentum,SOL/USDT,10.0,0.007,0.003,2.5,60.0,308.0,15.58,10.9423,91.6761,61.1174,-141.8513
59,2026-09-18T08:01:12.087708,,,,,,,,-22.0979,-42.4529,-1.3777,-14.9346,,,,,,,False,,cex_momentum,SOL/USDT,10.0,0.007,0.003,2.5,90.0,308.0,15.58,11.2364,91.679,61.1193,-141.5618
60,2026-09-18T08:01:12.164715,,,,,,,,-22.0979,-42.4529,-1.3777,-14.9346,,,,,,,False,,cex_momentum,SOL/USDT,10.0,0.007,0.003,2.5,120.0,308.0,15.58,11.2364,91.679,61.1193,-141.5618
61,2026-09-18T08:01:12.246613,,,,,,,,-20.1432,-33.5071,-1.2419,-14.4408,,,,,,,False,,cex_momentum,SOL/USDT,10.0,0.007,0.003,3.0,30.0,269.0,14.87,6.3464,80.1253,53.4169,-127.1957
62,2026-09-18T08:01:12.330482,,,,,,,,-19.2277,-31.6529,-1.1793,-14.2929,,,,,,,False,,cex_momentum,SOL/USDT,10.0,0.007,0.003,3.0,60.0,262.0,15.65,9.1755,78.0701,52.0467,-120.9413
63,2026-09-18T08:01:12.411155,,,,,,,,-19.185,-31.6699,-1.1764,-14.2944,,,,,,,False,,cex_momentum,SOL/USDT,10.0,0.007,0.003,3.0,90.0,262.0,15.65,9.4696,78.0725,52.0483,-120.6513
64,2026-09-18T08:01:12.488205,,,,,,,,-19.185,-31.6699,-1.1764,-14.2944,,,,,,,False,,cex_momentum,SOL/USDT,10.0,0.007,0.003,3.0,120.0,262.0,15.65,9.4696,78.0725,52.0483,-120.6513
65,2026-09-18T08:01:12.566863,,,,,,,,-29.8166,-48.6461,-1.9478,-15.1434,,,,,,,False,,cex_momentum,SOL/USDT,10.0,0.007,0.006,1.5,30.0,424.0,15.8,9.7532,125.8049,83.8699,-199.9217
66,2026-09-18T08:01:12.645141,,,,,,,,-29.139,-43.6998,-1.8954,-14.9831,,,,,,,False,,cex_momentum,SOL/USDT,10.0,0.007,0.006,1.5,60.0,411.0,15.57,8.6084,121.9787,81.3191,-194.6894
67,2026-09-18T08:01:12.724533,,,,,,,,-28.9165,-43.707,-1.8783,-14.9833,,,,,,,False,,cex_momentum,SOL/USDT,10.0,0.007,0.006,1.5,90.0,409.0,15.65,9.3518,121.3998,80.9332,-192.9812
68,2026-09-18T08:01:12.789648,,,,,,,,-28.9165,-43.707,-1.8783,-14.9833,,,,,,,False,,cex_momentum,SOL/USDT,10.0,0.007,0.006,1.5,120.0,409.0,15.65,9.3518,121.3998,80.9332,-192.9812
69,2026-09-18T08:01:12.865815,,,,,,,,-26.2322,-45.8739,-1.6761,-15.0593,,,,,,,False,,cex_momentum,SOL/USDT,10.0,0.007,0.006,2.0,30.0,367.0,15.8,9.8187,109.0506,72.7004,-171.9322
70,2026-09-18T08:01:12.946736,,,,,,,,-25.6413,-40.9159,-1.6325,-14.8693,,,,,,,False,,cex_momentum,SOL/USDT,10.0,0.007,0.006,2.0,60.0,357.0,15.69,9.2593,106.1006,70.7337,-167.575
71,2026-09-18T08:01:13.025816,,,,,,,,-25.4078,-40.8387,-1.6153,-14.8659,,,,,,,False,,cex_momentum,SOL/USDT,10.0,0.007,0.006,2.0,90.0,355.0,15.77,10.0029,105.519,70.346,-165.8621
72,2026-09-18T08:01:13.100392,,,,,,,,-25.4078,-40.8387,-1.6153,-14.8659,,,,,,,False,,cex_momentum,SOL/USDT,10.0,0.007,0.006,2.0,120.0,355.0,15.77,10.0029,105.519,70.346,-165.8621
73,2026-09-18T08:01:13.182535,,,,,,,,-22.8361,-42.9392,-1.4299,-14.9539,,,,,,,False,,cex_momentum,SOL/USDT,10.0,0.007,0.006,2.5,30.0,315.0,15.56,9.4402,93.729,62.486,-146.7749
74,2026-09-18T08:01:13.260156,,,,,,,,-22.163,-40.2702,-1.3823,-14.8399,,,,,,,False,,cex_momentum,SOL/USDT,10.0,0.007,0.006,2.5,60.0,308.0,15.91,10.7656,91.6712,61.1142,-142.0198
75,2026-09-18T08:01:13.348278,,,,,,,,-22.1219,-40.2465,-1.3794,-14.8388,,,,,,,False,,cex_momentum,SOL/USDT,10.0,0.007,0.006,2.5,90.0,308.0,15.91,11.0597,91.6741,61.116,-141.7304
76,2026-09-18T08:01:13.445126,,,,,,,,-22.1219,-40.2465,-1.3794,-14.8388,,,,,,,False,,cex_momentum,SOL/USDT,10.0,0.007,0.006,2.5,120.0,308.0,15.91,11.0597,91.6741,61.116,-141.7304
77,2026-09-18T08:01:13.528439,,,,,,,,-19.9137,-31.2454,-1.2405,-14.2689,,,,,,,False,,cex_momentum,SOL/USDT,10.0,0.007,0.006,3.0,30.0,269.0,15.24,7.9201,80.1249,53.4166,-125.6214
78,2026-09-18T08:01:13.612974,,,,,,,,-18.9955,-29.6551,-1.1774,-14.1194,,,,,,,False,,cex_momentum,SOL/USDT,10.0,0.007,0.006,3.0,60.0,262.0,16.03,10.7503,78.0697,52.0465,-119.3659
79,2026-09-18T08:01:13.695195,,,,,,,,-18.9527,-29.6651,-1.1745,-14.1204,,,,,,,False,,cex_momentum,SOL/USDT,10.0,0.007,0.006,3.0,90.0,262.0,16.03,11.0444,78.0722,52.0481,-119.0758
80,2026-09-18T08:01:13.774740,,,,,,,,-18.9527,-29.6651,-1.1745,-14.1204,,,,,,,False,,cex_momentum,SOL/USDT,10.0,0.007,0.006,3.0,120.0,262.0,16.03,11.0444,78.0722,52.0481,-119.0758
97,2026-09-18T08:01:13.853834,,,,,,,,-28.8195,-43.0356,-1.8709,-14.9577,,,,,,,False,,cex_momentum,SOL/USDT,10.0,0.01,0.003,1.5,30.0,411.0,14.11,11.0996,122.0037,81.3358,-192.2399
98,2026-09-18T08:01:13.931980,,,,,,,,-27.4319,-36.655,-1.7656,-14.65,,,,,,,False,,cex_momentum,SOL/USDT,10.0,0.01,0.003,1.5,60.0,392.0,14.03,12.3187,116.4202,77.6135,-181.7151
99,2026-09-18T08:01:14.009882,,,,,,,,-27.1235,-36.4101,-1.7424,-14.6353,,,,,,,False,,cex_momentum,SOL/USDT,10.0,0.01,0.003,1.5,90.0,389.0,14.14,13.1769,115.5468,77.0312,-179.4012
100,2026-09-18T08:01:14.083822,,,,,,,,-27.1235,-36.4101,-1.7424,-14.6353,,,,,,,False,,cex_momentum,SOL/USDT,10.0,0.01,0.003,1.5,120.0,389.0,14.14,13.1769,115.5468,77.0312,-179.4012
101,2026-09-18T08:01:14.164700,,,,,,,,-25.3245,-44.3409,-1.6092,-15.0066,,,,,,,False,,cex_momentum,SOL/USDT,10.0,0.01,0.003,2.0,30.0,359.0,14.48,12.3599,106.7154,71.1436,-165.4991
102,2026-09-18T08:01:14.243018,,,,,,,,-24.2176,-36.7754,-1.5288,-14.6571,,,,,,,False,,cex_momentum,SOL/USDT,10.0,0.01,0.003,2.0,60.0,343.0,14.29,12.529,101.9913,67.9942,-157.4565
103,2026-09-18T08:01:14.336389,,,,,,,,-24.0452,-36.9245,-1.5163,-14.6658,,,,,,,False,,cex_momentum,SOL/USDT,10.0,0.01,0.003,2.0,90.0,341.0,14.37,12.7976,101.4068,67.6046,-156.2138
104,2026-09-18T08:01:14.406803,,,,,,,,-24.0452,-36.9245,-1.5163,-14.6658,,,,,,,False,,cex_momentum,SOL/USDT,10.0,0.01,0.003,2.0,120.0,341.0,14.37,12.7976,101.4068,67.6046,-156.2138
105,2026-09-18T08:01:14.489947,,,,,,,,-22.3628,-43.0909,-1.3964,-14.9598,,,,,,,False,,cex_momentum,SOL/USDT,10.0,0.01,0.003,2.5,30.0,307.0,14.01,8.6087,91.3702,60.9134,-143.6749
106,2026-09-18T08:01:14.571750,,,,,,,,-21.1257,-36.8691,-1.3098,-14.6626,,,,,,,False,,cex_momentum,SOL/USDT,10.0,0.01,0.003,2.5,60.0,296.0,14.53,11.8721,88.132,58.7547,-135.0146
107,2026-09-18T08:01:14.658176,,,,,,,,-21.1521,-37.0487,-1.3116,-14.673,,,,,,,False,,cex_momentum,SOL/USDT,10.0,0.01,0.003,2.5,90.0,296.0,14.53,11.6901,88.1329,58.7552,-135.198
108,2026-09-18T08:01:14.735453,,,,,,,,-21.1521,-37.0487,-1.3116,-14.673,,,,,,,False,,cex_momentum,SOL/USDT,10.0,0.01,0.003,2.5,120.0,296.0,14.53,11.6901,88.1329,58.7552,-135.198
109,2026-09-18T08:01:14.817848,,,,,,,,-19.8243,-32.2664,-1.2315,-14.3516,,,,,,,False,,cex_momentum,SOL/USDT,10.0,0.01,0.003,3.0,30.0,264.0,14.02,5.8168,78.6447,52.4298,-125.2577
110,2026-09-18T08:01:14.904050,,,,,,,,-18.9882,-29.8758,-1.1807,-14.1483,,,,,,,False,,cex_momentum,SOL/USDT,10.0,0.01,0.003,3.0,60.0,256.0,14.45,7.5746,76.2837,50.8558,-119.565
111,2026-09-18T08:01:14.986804,,,,,,,,-19.0153,-30.0539,-1.1825,-14.1657,,,,,,,False,,cex_momentum,SOL/USDT,10.0,0.01,0.003,3.0,90.0,256.0,14.45,7.3922,76.2844,50.8563,-119.7486
112,2026-09-18T08:01:15.065221,,,,,,,,-19.0153,-30.0539,-1.1825,-14.1657,,,,,,,False,,cex_momentum,SOL/USDT,10.0,0.01,0.003,3.0,120.0,256.0,14.45,7.3922,76.2844,50.8563,-119.7486
113,2026-09-18T08:01:15.143379,,,,,,,,-28.924,-43.7776,-1.8789,-14.986,,,,,,,False,,cex_momentum,SOL/USDT,10.0,0.01,0.006,1.5,30.0,410.0,14.15,9.8074,121.7088,81.1392,-193.0406
114,2026-09-18T08:01:15.224452,,,,,,,,-27.5499,-37.7011,-1.7745,-14.7098,,,,,,,False,,cex_momentum,SOL/USDT,10.0,0.01,0.006,1.5,60.0,391.0,14.07,10.9421,116.1266,77.4177,-182.6021
115,2026-09-18T08:01:15.310898,,,,,,,,-27.2419,-37.4483,-1.7513,-14.6957,,,,,,,False,,cex_momentum,SOL/USDT,10.0,0.01,0.006,1.5,90.0,388.0,14.18,11.8,115.2531,76.8354,-180.2885
116,2026-09-18T08:01:15.384852,,,,,,,,-27.2419,-37.4483,-1.7513,-14.6957,,,,,,,False,,cex_momentum,SOL/USDT,10.0,0.01,0.006,1.5,120.0,388.0,14.18,11.8,115.2531,76.8354,-180.2885
117,2026-09-18T08:01:15.465035,,,,,,,,-25.4769,-45.453,-1.6204,-15.0453,,,,,,,False,,cex_momentum,SOL/USDT,10.0,0.01,0.006,2.0,30.0,358.0,14.53,10.746,106.4168,70.9446,-166.6154
118,2026-09-18T08:01:15.548851,,,,,,,,-24.3841,-38.125,-1.5408,-14.7328,,,,,,,False,,cex_momentum,SOL/USDT,10.0,0.01,0.006,2.0,60.0,342.0,14.33,10.8306,101.694,67.796,-158.6594
119,2026-09-18T08:01:15.629606,,,,,,,,-24.2121,-38.3405,-1.5284,-14.7443,,,,,,,False,,cex_momentum,SOL/USDT,10.0,0.01,0.006,2.0,90.0,340.0,14.41,11.0989,101.1094,67.4063,-157.4169
120,2026-09-18T08:01:15.705809,,,,,,,,-24.2121,-38.3405,-1.5284,-14.7443,,,,,,,False,,cex_momentum,SOL/USDT,10.0,0.01,0.006,2.0,120.0,340.0,14.41,11.0989,101.1094,67.4063,-157.4169
121,2026-09-18T08:01:15.789161,,,,,,,,-22.6946,-45.5973,-1.4199,-15.0502,,,,,,,False,,cex_momentum,SOL/USDT,10.0,0.01,0.006,2.5,30.0,307.0,14.01,6.255,91.365,60.91,-146.0199
122,2026-09-18T08:01:15.878223,,,,,,,,-21.4628,-39.1286,-1.3332,-14.7848,,,,,,,False,,cex_momentum,SOL/USDT,10.0,0.01,0.006,2.5,60.0,296.0,14.53,9.5165,88.127,58.7513,-137.3618
123,2026-09-18T08:01:15.959864,,,,,,,,-21.4891,-39.3364,-1.3351,-14.7952,,,,,,,False,,cex_momentum,SOL/USDT,10.0,0.01,0.006,2.5,90.0,296.0,14.53,9.3346,88.1278,58.7519,-137.545
124,2026-09-18T08:01:16.036814,,,,,,,,-21.4891,-39.3364,-1.3351,-14.7952,,,,,,,False,,cex_momentum,SOL/USDT,10.0,0.01,0.006,2.5,120.0,296.0,14.53,9.3346,88.1278,58.7519,-137.545
125,2026-09-18T08:01:16.120034,,,,,,,,-19.8788,-33.31,-1.2288,-14.4275,,,,,,,False,,cex_momentum,SOL/USDT,10.0,0.01,0.006,3.0,30.0,264.0,14.02,5.4427,78.644,52.4293,-125.6306
126,2026-09-18T08:01:16.202934,,,,,,,,-19.0433,-30.8995,-1.1779,-14.234,,,,,,,False,,cex_momentum,SOL/USDT,10.0,0.01,0.006,3.0,60.0,256.0,14.45,7.2003,76.283,50.8554,-119.938
127,2026-09-18T08:01:16.281541,,,,,,,,-19.0704,-31.0927,-1.1797,-14.2514,,,,,,,False,,cex_momentum,SOL/USDT,10.0,0.01,0.006,3.0,90.0,256.0,14.45,7.0179,76.2837,50.8558,-120.1216
128,2026-09-18T08:01:16.369503,,,,,,,,-19.0704,-31.0927,-1.1797,-14.2514,,,,,,,False,,cex_momentum,SOL/USDT,10.0,0.01,0.006,3.0,120.0,256.0,14.45,7.0179,76.2837,50.8558,-120.1216
145,2026-09-18T08:01:16.443032,,,,,,,,-28.843,-43.7264,-1.8727,-14.9841,,,,,,,False,,cex_momentum,SOL/USDT,10.0,0.015,0.003,1.5,30.0,405.0,13.33,7.968,120.2329,80.1553,-192.4201
146,2026-09-18T08:01:16.527544,,,,,,,,-27.2185,-38.0173,-1.7496,-14.727,,,,,,,False,,cex_momentum,SOL/USDT,10.0,0.015,0.003,1.5,60.0,383.0,13.58,9.5002,113.7679,75.8453,-180.1129
147,2026-09-18T08:01:16.609364,,,,,,,,-26.9567,-37.8318,-1.73,-14.717,,,,,,,False,,cex_momentum,SOL/USDT,10.0,0.015,0.003,1.5,90.0,380.0,13.68,9.998,112.8913,75.2608,-178.1541
148,2026-09-18T08:01:16.682802,,,,,,,,-26.9567,-37.8318,-1.73,-14.717,,,,,,,False,,cex_momentum,SOL/USDT,10.0,0.015,0.003,1.5,120.0,380.0,13.68,9.998,112.8913,75.2608,-178.1541
149,2026-09-18T08:01:16.760333,,,,,,,,-25.1093,-43.5658,-1.5935,-14.978,,,,,,,False,,cex_momentum,SOL/USDT,10.0,0.015,0.003,2.0,30.0,353.0,13.6,10.9909,104.9507,69.9671,-163.9269
150,2026-09-18T08:01:16.838345,,,,,,,,-23.6849,-36.2003,-1.4904,-14.6226,,,,,,,False,,cex_momentum,SOL/USDT,10.0,0.015,0.003,2.0,60.0,335.0,13.73,12.4517,99.6465,66.431,-153.6258
151,2026-09-18T08:01:16.918138,,,,,,,,-23.5611,-36.4937,-1.4816,-14.6403,,,,,,,False,,cex_momentum,SOL/USDT,10.0,0.015,0.003,2.0,90.0,333.0,13.81,12.3598,99.0592,66.0395,-152.7389
152,2026-09-18T08:01:16.994606,,,,,,,,-23.5611,-36.4937,-1.4816,-14.6403,,,,,,,False,,cex_momentum,SOL/USDT,10.0,0.015,0.003,2.0,120.0,333.0,13.81,12.3598,99.0592,66.0395,-152.7389
153,2026-09-18T08:01:17.076696,,,,,,,,-22.4009,-43.4784,-1.3991,-14.9747,,,,,,,False,,cex_momentum,SOL/USDT,10.0,0.015,0.003,2.5,30.0,303.0,13.53,6.3693,90.1878,60.1252,-143.9437
154,2026-09-18T08:01:17.160598,,,,,,,,-21.0035,-37.4593,-1.3013,-14.6963,,,,,,,False,,cex_momentum,SOL/USDT,10.0,0.015,0.003,2.5,60.0,290.0,14.14,9.7696,86.3614,57.5742,-134.166
155,2026-09-18T08:01:17.242189,,,,,,,,-21.0813,-37.791,-1.3067,-14.7147,,,,,,,False,,cex_momentum,SOL/USDT,10.0,0.015,0.003,2.5,90.0,290.0,14.14,9.2273,86.3601,57.5734,-134.7063
156,2026-09-18T08:01:17.322854,,,,,,,,-21.0813,-37.791,-1.3067,-14.7147,,,,,,,False,,cex_momentum,SOL/USDT,10.0,0.015,0.003,2.5,120.0,290.0,14.14,9.2273,86.3601,57.5734,-134.7063
157,2026-09-18T08:01:17.405114,,,,,,,,-19.6769,-32.3609,-1.2139,-14.3527,,,,,,,False,,cex_momentum,SOL/USDT,10.0,0.015,0.003,3.0,30.0,260.0,13.46,4.8589,77.4651,51.6434,-124.2496
158,2026-09-18T08:01:17.485082,,,,,,,,-18.8025,-31.8271,-1.1505,-14.3077,,,,,,,False,,cex_momentum,SOL/USDT,10.0,0.015,0.003,3.0,60.0,251.0,13.94,6.3787,74.8117,49.8745,-118.3076
159,2026-09-18T08:01:17.565320,,,,,,,,-18.8296,-32.0374,-1.1523,-14.3253,,,,,,,False,,cex_momentum,SOL/USDT,10.0,0.015,0.003,3.0,90.0,251.0,13.94,6.1962,74.8124,49.8749,-118.4912
160,2026-09-18T08:01:17.635251,,,,,,,,-18.8296,-32.0374,-1.1523,-14.3253,,,,,,,False,,cex_momentum,SOL/USDT,10.0,0.015,0.003,3.0,120.0,251.0,13.94,6.1962,74.8124,49.8749,-118.4912
161,2026-09-18T08:01:17.708148,,,,,,,,-28.5954,-41.1928,-1.8538,-14.8815,,,,,,,False,,cex_momentum,SOL/USDT,10.0,0.015,0.006,1.5,30.0,403.0,13.4,8.8802,119.6445,79.763,-190.5273
162,2026-09-18T08:01:17.786279,,,,,,,,-27.0023,-36.2131,-1.7334,-14.6234,,,,,,,False,,cex_momentum,SOL/USDT,10.0,0.015,0.006,1.5,60.0,382.0,13.61,10.6277,113.4735,75.649,-178.4949
163,2026-09-18T08:01:17.863021,,,,,,,,-26.7398,-36.0368,-1.7138,-14.6125,,,,,,,False,,cex_momentum,SOL/USDT,10.0,0.015,0.006,1.5,90.0,379.0,13.72,11.1257,112.5969,75.0646,-176.5357
164,2026-09-18T08:01:17.935812,,,,,,,,-26.7398,-36.0368,-1.7138,-14.6125,,,,,,,False,,cex_momentum,SOL/USDT,10.0,0.015,0.006,1.5,120.0,379.0,13.72,11.1257,112.5969,75.0646,-176.5357
165,2026-09-18T08:01:18.022178,,,,,,,,-24.8179,-39.7874,-1.5723,-14.8171,,,,,,,False,,cex_momentum,SOL/USDT,10.0,0.015,0.006,2.0,30.0,351.0,13.68,12.1312,104.3616,69.5744,-161.8048
166,2026-09-18T08:01:18.101245,,,,,,,,-23.4269,-33.6725,-1.473,-14.4531,,,,,,,False,,cex_momentum,SOL/USDT,10.0,0.015,0.006,2.0,60.0,334.0,13.77,13.8077,99.3523,66.2349,-151.7795
167,2026-09-18T08:01:18.180354,,,,,,,,-23.3027,-33.9364,-1.4641,-14.4723,,,,,,,False,,cex_momentum,SOL/USDT,10.0,0.015,0.006,2.0,90.0,332.0,13.86,13.716,98.765,65.8434,-150.8924
168,2026-09-18T08:01:18.246899,,,,,,,,-23.3027,-33.9364,-1.4641,-14.4723,,,,,,,False,,cex_momentum,SOL/USDT,10.0,0.015,0.006,2.0,120.0,332.0,13.86,13.716,98.765,65.8434,-150.8924
169,2026-09-18T08:01:18.320570,,,,,,,,-22.2746,-39.1839,-1.3902,-14.7876,,,,,,,False,,cex_momentum,SOL/USDT,10.0,0.015,0.006,2.5,30.0,302.0,13.58,6.7628,89.8894,59.9263,-143.0529
170,2026-09-18T08:01:18.403401,,,,,,,,-21.088,-36.0253,-1.3071,-14.6118,,,,,,,False,,cex_momentum,SOL/USDT,10.0,0.015,0.006,2.5,60.0,290.0,14.14,9.1773,86.3579,57.572,-134.7525
171,2026-09-18T08:01:18.484528,,,,,,,,-21.1657,-36.3333,-1.3125,-14.6307,,,,,,,False,,cex_momentum,SOL/USDT,10.0,0.015,0.006,2.5,90.0,290.0,14.14,8.635,86.3567,57.5711,-135.2928
172,2026-09-18T08:01:18.560168,,,,,,,,-21.1657,-36.3333,-1.3125,-14.6307,,,,,,,False,,cex_momentum,SOL/USDT,10.0,0.015,0.006,2.5,120.0,290.0,14.14,8.635,86.3567,57.5711,-135.2928
173,2026-09-18T08:01:18.644393,,,,,,,,-19.4539,-30.4768,-1.2111,-14.2028,,,,,,,False,,cex_momentum,SOL/USDT,10.0,0.015,0.006,3.0,30.0,259.0,13.51,5.8866,77.1694,51.4463,-122.729
174,2026-09-18T08:01:18.727342,,,,,,,,-18.4058,-28.5092,-1.143,-14.0108,,,,,,,False,,cex_momentum,SOL/USDT,10.0,0.015,0.006,3.0,60.0,250.0,14.0,8.5627,74.5168,49.6779,-115.632
175,2026-09-18T08:01:18.811196,,,,,,,,-18.4331,-28.6719,-1.1448,-14.0285,,,,,,,False,,cex_momentum,SOL/USDT,10.0,0.015,0.006,3.0,90.0,250.0,14.0,8.3802,74.5175,49.6783,-115.8156
176,2026-09-18T08:01:18.896604,,,,,,,,-18.4331,-28.6719,-1.1448,-14.0285,,,,,,,False,,cex_momentum,SOL/USDT,10.0,0.015,0.006,3.0,120.0,250.0,14.0,8.3802,74.5175,49.6783,-115.8156
177,2026-09-18T08:01:18.971362,,,,,,,,-28.5954,-41.1928,-1.8538,-14.8815,,,,,,,False,,cex_momentum,SOL/USDT,10.0,0.015,0.01,1.5,30.0,403.0,13.4,8.8802,119.6445,79.763,-190.5273
178,2026-09-18T08:01:19.044506,,,,,,,,-27.0023,-36.2131,-1.7334,-14.6234,,,,,,,False,,cex_momentum,SOL/USDT,10.0,0.015,0.01,1.5,60.0,382.0,13.61,10.6277,113.4735,75.649,-178.4949
179,2026-09-18T08:01:19.117389,,,,,,,,-26.7398,-36.0368,-1.7138,-14.6125,,,,,,,False,,cex_momentum,SOL/USDT,10.0,0.015,0.01,1.5,90.0,379.0,13.72,11.1257,112.5969,75.0646,-176.5357
180,2026-09-18T08:01:19.189041,,,,,,,,-26.7398,-36.0368,-1.7138,-14.6125,,,,,,,False,,cex_momentum,SOL/USDT,10.0,0.015,0.01,1.5,120.0,379.0,13.72,11.1257,112.5969,75.0646,-176.5357
181,2026-09-18T08:01:19.260134,,,,,,,,-24.8179,-39.7874,-1.5723,-14.8171,,,,,,,False,,cex_momentum,SOL/USDT,10.0,0.015,0.01,2.0,30.0,351.0,13.68,12.1312,104.3616,69.5744,-161.8048
182,2026-09-18T08:01:19.327526,,,,,,,,-23.4269,-33.6725,-1.473,-14.4531,,,,,,,False,,cex_momentum,SOL/USDT,10.0,0.015,0.01,2.0,60.0,334.0,13.77,13.8077,99.3523,66.2349,-151.7795
183,2026-09-18T08:01:19.396985,,,,,,,,-23.3027,-33.9364,-1.4641,-14.4723,,,,,,,False,,cex_momentum,SOL/USDT,10.0,0.015,0.01,2.0,90.0,332.0,13.86,13.716,98.765,65.8434,-150.8924
184,2026-09-18T08:01:19.463103,,,,,,,,-23.3027,-33.9364,-1.4641,-14.4723,,,,,,,False,,cex_momentum,SOL/USDT,10.0,0.015,0.01,2.0,120.0,332.0,13.86,13.716,98.765,65.8434,-150.8924
185,2026-09-18T08:01:19.551534,,,,,,,,-21.6466,-38.8318,-1.3461,-14.7698,,,,,,,False,,cex_momentum,SOL/USDT,10.0,0.015,0.01,2.5,30.0,301.0,13.62,10.6928,89.6029,59.7353,-138.6454
186,2026-09-18T08:01:19.634675,,,,,,,,-20.4504,-36.0265,-1.263,-14.6119,,,,,,,False,,cex_momentum,SOL/USDT,10.0,0.015,0.01,2.5,60.0,289.0,14.19,13.1101,86.0709,57.3806,-130.3414
187,2026-09-18T08:01:19.715164,,,,,,,,-20.5288,-36.3204,-1.2684,-14.6299,,,,,,,False,,cex_momentum,SOL/USDT,10.0,0.015,0.01,2.5,90.0,289.0,14.19,12.5676,86.0697,57.3798,-130.8819
188,2026-09-18T08:01:19.790359,,,,,,,,-20.5288,-36.3204,-1.2684,-14.6299,,,,,,,False,,cex_momentum,SOL/USDT,10.0,0.015,0.01,2.5,120.0,289.0,14.19,12.5676,86.0697,57.3798,-130.8819
189,2026-09-18T08:01:19.869765,,,,,,,,-19.4539,-30.4768,-1.2111,-14.2028,,,,,,,False,,cex_momentum,SOL/USDT,10.0,0.015,0.01,3.0,30.0,259.0,13.51,5.8866,77.1694,51.4463,-122.729
190,2026-09-18T08:01:19.948649,,,,,,,,-18.4058,-28.5092,-1.143,-14.0108,,,,,,,False,,cex_momentum,SOL/USDT,10.0,0.015,0.01,3.0,60.0,250.0,14.0,8.5627,74.5168,49.6779,-115.632
191,2026-09-18T08:01:20.024149,,,,,,,,-18.4331,-28.6719,-1.1448,-14.0285,,,,,,,False,,cex_momentum,SOL/USDT,10.0,0.015,0.01,3.0,90.0,250.0,14.0,8.3802,74.5175,49.6783,-115.8156
192,2026-09-18T08:01:20.103791,,,,,,,,-18.4331,-28.6719,-1.1448,-14.0285,,,,,,,False,,cex_momentum,SOL/USDT,10.0,0.015,0.01,3.0,120.0,250.0,14.0,8.3802,74.5175,49.6783,-115.8156
193,2026-09-18T08:01:20.181656,,,,,,,,-28.3484,-40.0227,-1.8349,-14.8283,,,,,,,False,,cex_momentum,SOL/USDT,10.0,0.02,0.003,1.5,30.0,401.0,13.47,9.7821,119.0563,79.3709,-188.645
194,2026-09-18T08:01:20.256298,,,,,,,,-26.583,-34.2951,-1.7021,-14.4977,,,,,,,False,,cex_momentum,SOL/USDT,10.0,0.02,0.003,1.5,60.0,377.0,13.79,11.2995,112.0012,74.6674,-175.3691
195,2026-09-18T08:01:20.334000,,,,,,,,-26.319,-34.1425,-1.6825,-14.4869,,,,,,,False,,cex_momentum,SOL/USDT,10.0,0.02,0.003,1.5,90.0,374.0,13.9,11.7977,111.1242,74.0828,-173.4094
196,2026-09-18T08:01:20.408269,,,,,,,,-26.319,-34.1425,-1.6825,-14.4869,,,,,,,False,,cex_momentum,SOL/USDT,10.0,0.02,0.003,1.5,120.0,374.0,13.9,11.7977,111.1242,74.0828,-173.4094
197,2026-09-18T08:01:20.488525,,,,,,,,-24.8755,-40.7981,-1.5765,-14.864,,,,,,,False,,cex_momentum,SOL/USDT,10.0,0.02,0.003,2.0,30.0,350.0,13.43,11.2035,104.0563,69.3709,-162.2237
198,2026-09-18T08:01:20.570178,,,,,,,,-23.3114,-33.2362,-1.4713,-14.4227,,,,,,,False,,cex_momentum,SOL/USDT,10.0,0.02,0.003,2.0,60.0,330.0,13.64,12.6482,98.1616,65.4411,-150.9545
199,2026-09-18T08:01:20.645505,,,,,,,,-23.1869,-33.4601,-1.4624,-14.4396,,,,,,,False,,cex_momentum,SOL/USDT,10.0,0.02,0.003,2.0,90.0,328.0,13.72,12.5564,97.5742,65.0495,-150.0674
200,2026-09-18T08:01:20.729945,,,,,,,,-23.1869,-33.4601,-1.4624,-14.4396,,,,,,,False,,cex_momentum,SOL/USDT,10.0,0.02,0.003,2.0,120.0,328.0,13.72,12.5564,97.5742,65.0495,-150.0674
201,2026-09-18T08:01:20.816489,,,,,,,,-21.836,-37.8469,-1.3593,-14.7178,,,,,,,False,,cex_momentum,SOL/USDT,10.0,0.02,0.003,2.5,30.0,300.0,13.67,8.8754,89.3079,59.5386,-139.9711
202,2026-09-18T08:01:20.900076,,,,,,,,-20.2877,-32.2169,-1.2553,-14.3408,,,,,,,False,,cex_momentum,SOL/USDT,10.0,0.02,0.003,2.5,60.0,285.0,14.39,12.2606,84.8889,56.5926,-129.2209
203,2026-09-18T08:01:20.982380,,,,,,,,-20.3663,-32.4521,-1.2608,-14.3599,,,,,,,False,,cex_momentum,SOL/USDT,10.0,0.02,0.003,2.5,90.0,285.0,14.39,11.718,84.8877,56.5918,-129.7615
204,2026-09-18T08:01:21.055795,,,,,,,,-20.3663,-32.4521,-1.2608,-14.3599,,,,,,,False,,cex_momentum,SOL/USDT,10.0,0.02,0.003,2.5,120.0,285.0,14.39,11.718,84.8877,56.5918,-129.7615
205,2026-09-18T08:01:21.139136,,,,,,,,-19.3786,-29.2961,-1.2136,-14.1039,,,,,,,False,,cex_momentum,SOL/USDT,10.0,0.02,0.003,3.0,30.0,259.0,13.51,6.3968,77.1676,51.4451,-122.2158
206,2026-09-18T08:01:21.225675,,,,,,,,-18.3569,-28.8029,-1.1358,-14.0346,,,,,,,False,,cex_momentum,SOL/USDT,10.0,0.02,0.003,3.0,60.0,248.0,14.11,7.9001,73.9217,49.2811,-115.3027
207,2026-09-18T08:01:21.330636,,,,,,,,-18.3842,-28.9701,-1.1376,-14.0523,,,,,,,False,,cex_momentum,SOL/USDT,10.0,0.02,0.003,3.0,90.0,248.0,14.11,7.7176,73.9224,49.2816,-115.4864
208,2026-09-18T08:01:21.418920,,,,,,,,-18.3842,-28.9701,-1.1376,-14.0523,,,,,,,False,,cex_momentum,SOL/USDT,10.0,0.02,0.003,3.0,120.0,248.0,14.11,7.7176,73.9224,49.2816,-115.4864
209,2026-09-18T08:01:21.497389,,,,,,,,-28.4164,-40.6642,-1.8401,-14.858,,,,,,,False,,cex_momentum,SOL/USDT,10.0,0.02,0.006,1.5,30.0,400.0,13.5,8.7762,118.7634,79.1756,-189.1628
210,2026-09-18T08:01:21.574976,,,,,,,,-26.6527,-35.0405,-1.7073,-14.5486,,,,,,,False,,cex_momentum,SOL/USDT,10.0,0.02,0.006,1.5,60.0,376.0,13.83,10.2923,111.7079,74.4719,-175.8876
211,2026-09-18T08:01:21.650113,,,,,,,,-26.3889,-34.8888,-1.6877,-14.5385,,,,,,,False,,cex_momentum,SOL/USDT,10.0,0.02,0.006,1.5,90.0,373.0,13.94,10.7902,110.8309,73.8873,-173.9279
212,2026-09-18T08:01:21.715656,,,,,,,,-26.3889,-34.8888,-1.6877,-14.5385,,,,,,,False,,cex_momentum,SOL/USDT,10.0,0.02,0.006,1.5,120.0,373.0,13.94,10.7902,110.8309,73.8873,-173.9279
213,2026-09-18T08:01:21.788449,,,,,,,,-25.0087,-41.8876,-1.5862,-14.9113,,,,,,,False,,cex_momentum,SOL/USDT,10.0,0.02,0.006,2.0,30.0,349.0,13.47,9.7385,103.7592,69.1728,-163.1934
214,2026-09-18T08:01:21.869356,,,,,,,,-23.4473,-34.1432,-1.4734,-14.487,,,,,,,False,,cex_momentum,SOL/USDT,10.0,0.02,0.006,2.0,60.0,329.0,13.68,11.1819,97.8644,65.2429,-151.9253
215,2026-09-18T08:01:21.946408,,,,,,,,-23.3231,-34.4226,-1.4646,-14.5066,,,,,,,False,,cex_momentum,SOL/USDT,10.0,0.02,0.006,2.0,90.0,327.0,13.76,11.0899,97.277,64.8513,-151.0383
216,2026-09-18T08:01:22.021192,,,,,,,,-23.3231,-34.4226,-1.4646,-14.5066,,,,,,,False,,cex_momentum,SOL/USDT,10.0,0.02,0.006,2.0,120.0,327.0,13.76,11.0899,97.277,64.8513,-151.0383
217,2026-09-18T08:01:22.104009,,,,,,,,-22.1701,-39.4366,-1.3828,-14.8001,,,,,,,False,,cex_momentum,SOL/USDT,10.0,0.02,0.006,2.5,30.0,300.0,13.67,6.5209,89.3028,59.5352,-142.317
218,2026-09-18T08:01:22.184916,,,,,,,,-20.5946,-33.283,-1.273,-14.424,,,,,,,False,,cex_momentum,SOL/USDT,10.0,0.02,0.006,2.5,60.0,285.0,14.39,10.1377,84.8843,56.5895,-131.3361
219,2026-09-18T08:01:22.261033,,,,,,,,-20.6729,-33.5382,-1.2784,-14.4431,,,,,,,False,,cex_momentum,SOL/USDT,10.0,0.02,0.006,2.5,90.0,285.0,14.39,9.5952,84.8831,56.5887,-131.8766
220,2026-09-18T08:01:22.333347,,,,,,,,-20.6729,-33.5382,-1.2784,-14.4431,,,,,,,False,,cex_momentum,SOL/USDT,10.0,0.02,0.006,2.5,120.0,285.0,14.39,9.5952,84.8831,56.5887,-131.8766
221,2026-09-18T08:01:22.416161,,,,,,,,-19.4334,-30.2139,-1.2108,-14.18,,,,,,,False,,cex_momentum,SOL/USDT,10.0,0.02,0.006,3.0,30.0,259.0,13.51,6.0226,77.1669,51.4446,-122.5888
222,2026-09-18T08:01:22.501626,,,,,,,,-18.4124,-29.7158,-1.133,-14.1191,,,,,,,False,,cex_momentum,SOL/USDT,10.0,0.02,0.006,3.0,60.0,248.0,14.11,7.5257,73.921,49.2807,-115.676
223,2026-09-18T08:01:22.594199,,,,,,,,-18.4396,-29.8958,-1.1348,-14.1369,,,,,,,False,,cex_momentum,SOL/USDT,10.0,0.02,0.006,3.0,90.0,248.0,14.11,7.3432,73.9217,49.2811,-115.8596
224,2026-09-18T08:01:22.670428,,,,,,,,-18.4396,-29.8958,-1.1348,-14.1369,,,,,,,False,,cex_momentum,SOL/USDT,10.0,0.02,0.006,3.0,120.0,248.0,14.11,7.3432,73.9217,49.2811,-115.8596
225,2026-09-18T08:01:22.747336,,,,,,,,-28.4634,-40.6684,-1.8437,-14.8582,,,,,,,False,,cex_momentum,SOL/USDT,10.0,0.02,0.01,1.5,30.0,400.0,13.5,8.4171,118.7625,79.175,-189.5203
226,2026-09-18T08:01:22.830244,,,,,,,,-26.7008,-35.0565,-1.7109,-14.5497,,,,,,,False,,cex_momentum,SOL/USDT,10.0,0.02,0.01,1.5,60.0,376.0,13.83,9.9328,111.7071,74.4714,-176.2456
227,2026-09-18T08:01:22.910085,,,,,,,,-26.4372,-34.9003,-1.6913,-14.5392,,,,,,,False,,cex_momentum,SOL/USDT,10.0,0.02,0.01,1.5,90.0,373.0,13.94,10.4307,110.83,73.8867,-174.286
228,2026-09-18T08:01:22.983808,,,,,,,,-26.4372,-34.9003,-1.6913,-14.5392,,,,,,,False,,cex_momentum,SOL/USDT,10.0,0.02,0.01,1.5,120.0,373.0,13.94,10.4307,110.83,73.8867,-174.286
229,2026-09-18T08:01:23.064076,,,,,,,,-25.0932,-41.8885,-1.5923,-14.9113,,,,,,,False,,cex_momentum,SOL/USDT,10.0,0.02,0.01,2.0,30.0,349.0,13.47,9.1199,103.7577,69.1718,-163.8096
230,2026-09-18T08:01:23.141001,,,,,,,,-23.5336,-34.1313,-1.4796,-14.4861,,,,,,,False,,cex_momentum,SOL/USDT,10.0,0.02,0.01,2.0,60.0,329.0,13.68,10.5628,97.863,65.242,-152.5422
231,2026-09-18T08:01:23.222875,,,,,,,,-23.4095,-34.4026,-1.4707,-14.5052,,,,,,,False,,cex_momentum,SOL/USDT,10.0,0.02,0.01,2.0,90.0,327.0,13.76,10.4708,97.2756,64.8504,-151.6552
232,2026-09-18T08:01:23.308084,,,,,,,,-23.4095,-34.4026,-1.4707,-14.5052,,,,,,,False,,cex_momentum,SOL/USDT,10.0,0.02,0.01,2.0,120.0,327.0,13.76,10.4708,97.2756,64.8504,-151.6552
233,2026-09-18T08:01:23.389397,,,,,,,,-21.779,-39.6836,-1.3554,-14.8121,,,,,,,False,,cex_momentum,SOL/USDT,10.0,0.02,0.01,2.5,30.0,299.0,13.71,8.7826,89.0125,59.3417,-139.5716
234,2026-09-18T08:01:23.471040,,,,,,,,-20.1956,-33.5941,-1.2455,-14.4472,,,,,,,False,,cex_momentum,SOL/USDT,10.0,0.02,0.01,2.5,60.0,284.0,14.44,12.4014,84.5934,56.3956,-128.5876
235,2026-09-18T08:01:23.553124,,,,,,,,-20.2742,-33.8463,-1.2509,-14.4657,,,,,,,False,,cex_momentum,SOL/USDT,10.0,0.02,0.01,2.5,90.0,284.0,14.44,11.8588,84.5922,56.3948,-129.1283
236,2026-09-18T08:01:23.631331,,,,,,,,-20.2742,-33.8463,-1.2509,-14.4657,,,,,,,False,,cex_momentum,SOL/USDT,10.0,0.02,0.01,2.5,120.0,284.0,14.44,11.8588,84.5922,56.3948,-129.1283
237,2026-09-18T08:01:23.708178,,,,,,,,-19.4334,-30.2139,-1.2108,-14.18,,,,,,,False,,cex_momentum,SOL/USDT,10.0,0.02,0.01,3.0,30.0,259.0,13.51,6.0226,77.1669,51.4446,-122.5888
238,2026-09-18T08:01:23.778334,,,,,,,,-18.4124,-29.7158,-1.133,-14.1191,,,,,,,False,,cex_momentum,SOL/USDT,10.0,0.02,0.01,3.0,60.0,248.0,14.11,7.5257,73.921,49.2807,-115.676
239,2026-09-18T08:01:23.853924,,,,,,,,-18.4396,-29.8958,-1.1348,-14.1369,,,,,,,False,,cex_momentum,SOL/USDT,10.0,0.02,0.01,3.0,90.0,248.0,14.11,7.3432,73.9217,49.2811,-115.8596
240,2026-09-18T08:01:23.933420,,,,,,,,-18.4396,-29.8958,-1.1348,-14.1369,,,,,,,False,,cex_momentum,SOL/USDT,10.0,0.02,0.01,3.0,120.0,248.0,14.11,7.3432,73.9217,49.2811,-115.8596
241,2026-09-18T08:01:24.014287,,,,,,,,-29.0318,-53.2165,-1.8872,-15.2567,,,,,,,False,,cex_momentum,SOL/USDT,15.0,0.004,0.003,1.5,30.0,408.0,19.85,9.2843,121.152,80.768,-192.6357
242,2026-09-18T08:01:24.094811,,,,,,,,-28.291,-47.7066,-1.8306,-15.1164,,,,,,,False,,cex_momentum,SOL/USDT,15.0,0.004,0.003,1.5,60.0,400.0,20.75,11.0445,118.8127,79.2085,-186.9766
243,2026-09-18T08:01:24.180136,,,,,,,,-28.1783,-47.223,-1.822,-15.1019,,,,,,,False,,cex_momentum,SOL/USDT,15.0,0.004,0.003,1.5,90.0,399.0,20.8,11.417,118.5225,79.015,-186.1206
244,2026-09-18T08:01:24.252401,,,,,,,,-28.1783,-47.223,-1.822,-15.1019,,,,,,,False,,cex_momentum,SOL/USDT,15.0,0.004,0.003,1.5,120.0,399.0,20.8,11.417,118.5225,79.015,-186.1206
245,2026-09-18T08:01:24.328713,,,,,,,,-25.5788,-55.8871,-1.6279,-15.3113,,,,,,,False,,cex_momentum,SOL/USDT,15.0,0.004,0.003,2.0,30.0,355.0,20.0,9.7702,105.5392,70.3594,-166.1284
246,2026-09-18T08:01:24.414699,,,,,,,,-24.9618,-49.6752,-1.5827,-15.1715,,,,,,,False,,cex_momentum,SOL/USDT,15.0,0.004,0.003,2.0,60.0,349.0,20.92,11.3513,103.7807,69.1871,-161.6165
247,2026-09-18T08:01:24.498704,,,,,,,,-24.8439,-49.0752,-1.5742,-15.1553,,,,,,,False,,cex_momentum,SOL/USDT,15.0,0.004,0.003,2.0,90.0,348.0,20.98,11.724,103.4893,68.9929,-160.7582
248,2026-09-18T08:01:24.576865,,,,,,,,-24.8439,-49.0752,-1.5742,-15.1553,,,,,,,False,,cex_momentum,SOL/USDT,15.0,0.004,0.003,2.0,120.0,348.0,20.98,11.724,103.4893,68.9929,-160.7582
249,2026-09-18T08:01:24.661262,,,,,,,,-22.4273,-57.7699,-1.401,-15.3456,,,,,,,False,,cex_momentum,SOL/USDT,15.0,0.004,0.003,2.5,30.0,298.0,19.13,5.099,88.7133,59.1422,-142.7564
250,2026-09-18T08:01:24.742751,,,,,,,,-21.8441,-53.9639,-1.3599,-15.2727,,,,,,,False,,cex_momentum,SOL/USDT,15.0,0.004,0.003,2.5,60.0,293.0,20.14,6.7556,87.2457,58.1638,-138.6539
251,2026-09-18T08:01:24.827543,,,,,,,,-21.8055,-53.6003,-1.3572,-15.265,,,,,,,False,,cex_momentum,SOL/USDT,15.0,0.004,0.003,2.5,90.0,293.0,20.14,7.0301,87.2483,58.1655,-138.3837
252,2026-09-18T08:01:24.905955,,,,,,,,-21.8055,-53.6003,-1.3572,-15.265,,,,,,,False,,cex_momentum,SOL/USDT,15.0,0.004,0.003,2.5,120.0,293.0,20.14,7.0301,87.2483,58.1655,-138.3837
253,2026-09-18T08:01:24.989255,,,,,,,,-19.9609,-48.3525,-1.2294,-15.1351,,,,,,,False,,cex_momentum,SOL/USDT,15.0,0.004,0.003,3.0,30.0,257.0,18.68,2.0107,76.567,51.0447,-125.6009
254,2026-09-18T08:01:25.072880,,,,,,,,-19.4826,-46.5838,-1.1967,-15.0822,,,,,,,False,,cex_momentum,SOL/USDT,15.0,0.004,0.003,3.0,60.0,253.0,19.76,3.3187,75.3904,50.2603,-122.332
255,2026-09-18T08:01:25.160373,,,,,,,,-19.4429,-46.4641,-1.1939,-15.0784,,,,,,,False,,cex_momentum,SOL/USDT,15.0,0.004,0.003,3.0,90.0,253.0,19.76,3.593,75.3926,50.2618,-122.0613
256,2026-09-18T08:01:25.236389,,,,,,,,-19.4429,-46.4641,-1.1939,-15.0784,,,,,,,False,,cex_momentum,SOL/USDT,15.0,0.004,0.003,3.0,120.0,253.0,19.76,3.593,75.3926,50.2618,-122.0613
289,2026-09-18T08:01:25.313476,,,,,,,,-26.3348,-45.1599,-1.6837,-15.0354,,,,,,,False,,cex_momentum,SOL/USDT,15.0,0.007,0.003,1.5,30.0,376.0,16.49,13.9374,111.7378,74.4919,-172.2923
290,2026-09-18T08:01:25.395606,,,,,,,,-25.6174,-41.5989,-1.6307,-14.8991,,,,,,,False,,cex_momentum,SOL/USDT,15.0,0.007,0.003,1.5,60.0,365.0,16.16,13.8293,108.4971,72.3314,-166.9992
291,2026-09-18T08:01:25.476176,,,,,,,,-25.3838,-41.2915,-1.6136,-14.8858,,,,,,,False,,cex_momentum,SOL/USDT,15.0,0.007,0.003,1.5,90.0,363.0,16.25,14.5736,107.9159,71.9439,-165.2862
292,2026-09-18T08:01:25.546527,,,,,,,,-25.3838,-41.2915,-1.6136,-14.8858,,,,,,,False,,cex_momentum,SOL/USDT,15.0,0.007,0.003,1.5,120.0,363.0,16.25,14.5736,107.9159,71.9439,-165.2862
293,2026-09-18T08:01:25.619064,,,,,,,,-23.1695,-44.758,-1.4536,-15.0214,,,,,,,False,,cex_momentum,SOL/USDT,15.0,0.007,0.003,2.0,30.0,328.0,16.46,14.195,97.5932,65.0621,-148.4603
294,2026-09-18T08:01:25.699360,,,,,,,,-22.6064,-40.5733,-1.4136,-14.8539,,,,,,,False,,cex_momentum,SOL/USDT,15.0,0.007,0.003,2.0,60.0,320.0,16.25,14.2539,95.2301,63.4867,-144.4629
295,2026-09-18T08:01:25.781300,,,,,,,,-22.3634,-40.1562,-1.3964,-14.8346,,,,,,,False,,cex_momentum,SOL/USDT,15.0,0.007,0.003,2.0,90.0,318.0,16.35,14.9984,94.6466,63.0978,-142.746
296,2026-09-18T08:01:25.858642,,,,,,,,-22.3634,-40.1562,-1.3964,-14.8346,,,,,,,False,,cex_momentum,SOL/USDT,15.0,0.007,0.003,2.0,120.0,318.0,16.35,14.9984,94.6466,63.0978,-142.746
297,2026-09-18T08:01:25.939586,,,,,,,,-20.284,-43.0309,-1.2515,-14.9575,,,,,,,False,,cex_momentum,SOL/USDT,15.0,0.007,0.003,2.5,30.0,279.0,15.41,10.9464,83.112,55.408,-127.5736
298,2026-09-18T08:01:26.021802,,,,,,,,-19.5473,-40.8461,-1.2011,-14.8662,,,,,,,False,,cex_momentum,SOL/USDT,15.0,0.007,0.003,2.5,60.0,272.0,16.18,12.5509,81.0466,54.0311,-122.5268
299,2026-09-18T08:01:26.104598,,,,,,,,-19.5048,-40.7009,-1.1982,-14.8597,,,,,,,False,,cex_momentum,SOL/USDT,15.0,0.007,0.003,2.5,90.0,272.0,16.18,12.8452,81.0491,54.0328,-122.2367
300,2026-09-18T08:01:26.179409,,,,,,,,-19.5048,-40.7009,-1.1982,-14.8597,,,,,,,False,,cex_momentum,SOL/USDT,15.0,0.007,0.003,2.5,120.0,272.0,16.18,12.8452,81.0491,54.0328,-122.2367
301,2026-09-18T08:01:26.260400,,,,,,,,-18.1104,-35.9962,-1.1038,-14.61,,,,,,,False,,cex_momentum,SOL/USDT,15.0,0.007,0.003,3.0,30.0,243.0,15.23,7.9174,72.4348,48.2899,-112.8073
302,2026-09-18T08:01:26.348456,,,,,,,,-17.4617,-35.0265,-1.0605,-14.5477,,,,,,,False,,cex_momentum,SOL/USDT,15.0,0.007,0.003,3.0,60.0,237.0,16.03,9.2992,70.663,47.1087,-108.4725
303,2026-09-18T08:01:26.429497,,,,,,,,-17.4181,-34.9984,-1.0576,-14.5458,,,,,,,False,,cex_momentum,SOL/USDT,15.0,0.007,0.003,3.0,90.0,237.0,16.03,9.5934,70.6652,47.1102,-108.182
304,2026-09-18T08:01:26.509224,,,,,,,,-17.4181,-34.9984,-1.0576,-14.5458,,,,,,,False,,cex_momentum,SOL/USDT,15.0,0.007,0.003,3.0,120.0,237.0,16.03,9.5934,70.6652,47.1102,-108.182
305,2026-09-18T08:01:26.592886,,,,,,,,-26.3867,-44.9927,-1.6875,-15.0296,,,,,,,False,,cex_momentum,SOL/USDT,15.0,0.007,0.006,1.5,30.0,376.0,16.76,13.5382,111.7294,74.4863,-172.6775
306,2026-09-18T08:01:26.672556,,,,,,,,-25.6698,-41.1924,-1.6346,-14.8815,,,,,,,False,,cex_momentum,SOL/USDT,15.0,0.007,0.006,1.5,60.0,365.0,16.44,13.4303,108.4889,72.3259,-167.3846
307,2026-09-18T08:01:26.752075,,,,,,,,-25.4364,-40.8783,-1.6174,-14.8676,,,,,,,False,,cex_momentum,SOL/USDT,15.0,0.007,0.006,1.5,90.0,363.0,16.53,14.1746,107.9077,71.9385,-165.6716
308,2026-09-18T08:01:26.834892,,,,,,,,-25.4364,-40.8783,-1.6174,-14.8676,,,,,,,False,,cex_momentum,SOL/USDT,15.0,0.007,0.006,1.5,120.0,363.0,16.53,14.1746,107.9077,71.9385,-165.6716
309,2026-09-18T08:01:26.917502,,,,,,,,-23.2854,-43.2006,-1.4619,-14.9641,,,,,,,False,,cex_momentum,SOL/USDT,15.0,0.007,0.006,2.0,30.0,328.0,16.77,13.3514,97.5825,65.055,-149.2862
310,2026-09-18T08:01:26.998533,,,,,,,,-22.7231,-39.1113,-1.4219,-14.784,,,,,,,False,,cex_momentum,SOL/USDT,15.0,0.007,0.006,2.0,60.0,320.0,16.56,13.4103,95.2197,63.4798,-145.2891
311,2026-09-18T08:01:27.080171,,,,,,,,-22.4804,-38.7447,-1.4047,-14.7654,,,,,,,False,,cex_momentum,SOL/USDT,15.0,0.007,0.006,2.0,90.0,318.0,16.67,14.1548,94.6363,63.0908,-143.5723
312,2026-09-18T08:01:27.151875,,,,,,,,-22.4804,-38.7447,-1.4047,-14.7654,,,,,,,False,,cex_momentum,SOL/USDT,15.0,0.007,0.006,2.0,120.0,318.0,16.67,14.1548,94.6363,63.0908,-143.5723
313,2026-09-18T08:01:27.233289,,,,,,,,-20.2781,-40.7148,-1.2511,-14.8603,,,,,,,False,,cex_momentum,SOL/USDT,15.0,0.007,0.006,2.5,30.0,279.0,15.77,10.9814,83.1084,55.4056,-127.5326
314,2026-09-18T08:01:27.312414,,,,,,,,-19.5413,-38.514,-1.2007,-14.7534,,,,,,,False,,cex_momentum,SOL/USDT,15.0,0.007,0.006,2.5,60.0,272.0,16.54,12.586,81.0431,54.0287,-122.4857
315,2026-09-18T08:01:27.440096,,,,,,,,-19.4988,-38.3821,-1.1978,-14.7465,,,,,,,False,,cex_momentum,SOL/USDT,15.0,0.007,0.006,2.5,90.0,272.0,16.54,12.8803,81.0456,54.0304,-122.1957
316,2026-09-18T08:01:27.518876,,,,,,,,-19.4988,-38.3821,-1.1978,-14.7465,,,,,,,False,,cex_momentum,SOL/USDT,15.0,0.007,0.006,2.5,120.0,272.0,16.54,12.8803,81.0456,54.0304,-122.1957
317,2026-09-18T08:01:27.593944,,,,,,,,-17.875,-33.1397,-1.0929,-14.4147,,,,,,,False,,cex_momentum,SOL/USDT,15.0,0.007,0.006,3.0,30.0,243.0,15.64,9.4937,72.4346,48.2897,-111.2307
318,2026-09-18T08:01:27.673493,,,,,,,,-17.2244,-32.294,-1.0499,-14.3484,,,,,,,False,,cex_momentum,SOL/USDT,15.0,0.007,0.006,3.0,60.0,237.0,16.46,10.8762,70.6628,47.1085,-106.8951
319,2026-09-18T08:01:27.757028,,,,,,,,-17.1807,-32.2651,-1.047,-14.3461,,,,,,,False,,cex_momentum,SOL/USDT,15.0,0.007,0.006,3.0,90.0,237.0,16.46,11.1704,70.665,47.11,-106.6046
320,2026-09-18T08:01:27.844700,,,,,,,,-17.1807,-32.2651,-1.047,-14.3461,,,,,,,False,,cex_momentum,SOL/USDT,15.0,0.007,0.006,3.0,120.0,237.0,16.46,11.1704,70.665,47.11,-106.6046
337,2026-09-18T08:01:27.924750,,,,,,,,-25.2612,-38.1697,-1.6046,-14.7352,,,,,,,False,,cex_momentum,SOL/USDT,15.0,0.01,0.003,1.5,30.0,361.0,14.68,14.4849,107.3259,71.5506,-164.3916
338,2026-09-18T08:01:27.999948,,,,,,,,-23.9822,-34.1561,-1.5118,-14.4879,,,,,,,False,,cex_momentum,SOL/USDT,15.0,0.01,0.003,1.5,60.0,345.0,14.78,15.9015,102.6099,68.4066,-155.1149
339,2026-09-18T08:01:28.078633,,,,,,,,-23.659,-33.7121,-1.4886,-14.4559,,,,,,,False,,cex_momentum,SOL/USDT,15.0,0.01,0.003,1.5,90.0,342.0,14.91,16.7607,101.7333,67.8222,-152.7948
340,2026-09-18T08:01:28.153879,,,,,,,,-23.659,-33.7121,-1.4886,-14.4559,,,,,,,False,,cex_momentum,SOL/USDT,15.0,0.01,0.003,1.5,120.0,342.0,14.91,16.7607,101.7333,67.8222,-152.7948
341,2026-09-18T08:01:28.235601,,,,,,,,-22.2585,-39.1806,-1.389,-14.7874,,,,,,,False,,cex_momentum,SOL/USDT,15.0,0.01,0.003,2.0,30.0,318.0,15.09,15.494,94.649,63.0993,-142.2542
342,2026-09-18T08:01:28.330815,,,,,,,,-21.212,-34.1026,-1.3158,-14.4841,,,,,,,False,,cex_momentum,SOL/USDT,15.0,0.01,0.003,2.0,60.0,305.0,15.08,16.4139,90.8057,60.5372,-134.929
343,2026-09-18T08:01:28.413213,,,,,,,,-21.0328,-33.9675,-1.3033,-14.4744,,,,,,,False,,cex_momentum,SOL/USDT,15.0,0.01,0.003,2.0,90.0,303.0,15.18,16.6824,90.2195,60.1464,-133.6835
344,2026-09-18T08:01:28.489039,,,,,,,,-21.0328,-33.9675,-1.3033,-14.4744,,,,,,,False,,cex_momentum,SOL/USDT,15.0,0.01,0.003,2.0,120.0,303.0,15.18,16.6824,90.2195,60.1464,-133.6835
345,2026-09-18T08:01:28.572432,,,,,,,,-19.811,-40.3072,-1.2191,-14.8416,,,,,,,False,,cex_momentum,SOL/USDT,15.0,0.01,0.003,2.5,30.0,272.0,14.71,10.4923,81.0412,54.0274,-124.5763
346,2026-09-18T08:01:28.649158,,,,,,,,-18.5254,-34.8081,-1.1318,-14.533,,,,,,,False,,cex_momentum,SOL/USDT,15.0,0.01,0.003,2.5,60.0,261.0,15.71,13.813,77.7955,51.8637,-115.8461
347,2026-09-18T08:01:28.730608,,,,,,,,-18.5526,-34.8959,-1.1336,-14.5389,,,,,,,False,,cex_momentum,SOL/USDT,15.0,0.01,0.003,2.5,90.0,261.0,15.71,13.6305,77.7962,51.8641,-116.0298
348,2026-09-18T08:01:28.807958,,,,,,,,-18.5526,-34.8959,-1.1336,-14.5389,,,,,,,False,,cex_momentum,SOL/USDT,15.0,0.01,0.003,2.5,120.0,261.0,15.71,13.6305,77.7962,51.8641,-116.0298
349,2026-09-18T08:01:28.892878,,,,,,,,-17.9123,-34.3666,-1.0925,-14.503,,,,,,,False,,cex_momentum,SOL/USDT,15.0,0.01,0.003,3.0,30.0,238.0,14.29,6.5224,70.9509,47.3006,-111.7291
350,2026-09-18T08:01:28.976515,,,,,,,,-17.1422,-31.7539,-1.0482,-14.3076,,,,,,,False,,cex_momentum,SOL/USDT,15.0,0.01,0.003,3.0,60.0,231.0,15.15,8.2044,68.8814,45.921,-106.598
351,2026-09-18T08:01:29.055302,,,,,,,,-17.1699,-31.9531,-1.05,-14.3244,,,,,,,False,,cex_momentum,SOL/USDT,15.0,0.01,0.003,3.0,90.0,231.0,15.15,8.0216,68.882,45.9214,-106.7819
352,2026-09-18T08:01:29.134799,,,,,,,,-17.1699,-31.9531,-1.05,-14.3244,,,,,,,False,,cex_momentum,SOL/USDT,15.0,0.01,0.003,3.0,120.0,231.0,15.15,8.0216,68.882,45.9214,-106.7819
353,2026-09-18T08:01:29.214687,,,,,,,,-25.4707,-39.5578,-1.6199,-14.806,,,,,,,False,,cex_momentum,SOL/USDT,15.0,0.01,0.006,1.5,30.0,361.0,14.68,12.9478,107.3238,71.5492,-165.9252
354,2026-09-18T08:01:29.311546,,,,,,,,-24.2275,-35.8162,-1.5295,-14.5987,,,,,,,False,,cex_momentum,SOL/USDT,15.0,0.01,0.006,1.5,60.0,345.0,14.78,14.1301,102.6076,68.4051,-156.8827
355,2026-09-18T08:01:29.390925,,,,,,,,-23.9054,-35.329,-1.5063,-14.5676,,,,,,,False,,cex_momentum,SOL/USDT,15.0,0.01,0.006,1.5,90.0,342.0,14.91,14.9888,101.7311,67.8207,-154.563
356,2026-09-18T08:01:29.466264,,,,,,,,-23.9054,-35.329,-1.5063,-14.5676,,,,,,,False,,cex_momentum,SOL/USDT,15.0,0.01,0.006,1.5,120.0,342.0,14.91,14.9888,101.7311,67.8207,-154.563
357,2026-09-18T08:01:29.546275,,,,,,,,-22.5208,-40.7709,-1.4076,-14.8628,,,,,,,False,,cex_momentum,SOL/USDT,15.0,0.01,0.006,2.0,30.0,318.0,15.09,13.6351,94.6443,63.0962,-144.1054
358,2026-09-18T08:01:29.628378,,,,,,,,-21.5113,-35.9624,-1.3366,-14.6079,,,,,,,False,,cex_momentum,SOL/USDT,15.0,0.01,0.006,2.0,60.0,305.0,15.08,14.3204,90.8011,60.5341,-137.0147
359,2026-09-18T08:01:29.709928,,,,,,,,-21.3328,-35.8623,-1.3242,-14.6016,,,,,,,False,,cex_momentum,SOL/USDT,15.0,0.01,0.006,2.0,90.0,303.0,15.18,14.5887,90.2149,60.1433,-135.7694
360,2026-09-18T08:01:29.785815,,,,,,,,-21.3328,-35.8623,-1.3242,-14.6016,,,,,,,False,,cex_momentum,SOL/USDT,15.0,0.01,0.006,2.0,120.0,303.0,15.18,14.5887,90.2149,60.1433,-135.7694
361,2026-09-18T08:01:29.862992,,,,,,,,-20.1232,-42.0014,-1.2405,-14.916,,,,,,,False,,cex_momentum,SOL/USDT,15.0,0.01,0.006,2.5,30.0,272.0,14.71,8.3458,81.0371,54.0247,-126.7161
362,2026-09-18T08:01:29.942019,,,,,,,,-18.8426,-36.6323,-1.1532,-14.6486,,,,,,,False,,cex_momentum,SOL/USDT,15.0,0.01,0.006,2.5,60.0,261.0,15.71,11.6648,77.7916,51.861,-117.9878
363,2026-09-18T08:01:30.025459,,,,,,,,-18.8697,-36.7322,-1.155,-14.6545,,,,,,,False,,cex_momentum,SOL/USDT,15.0,0.01,0.006,2.5,90.0,261.0,15.71,11.4823,77.7923,51.8615,-118.1714
364,2026-09-18T08:01:30.103994,,,,,,,,-18.8697,-36.7322,-1.155,-14.6545,,,,,,,False,,cex_momentum,SOL/USDT,15.0,0.01,0.006,2.5,120.0,261.0,15.71,11.4823,77.7923,51.8615,-118.1714
365,2026-09-18T08:01:30.186919,,,,,,,,-17.9681,-35.4786,-1.0943,-14.5773,,,,,,,False,,cex_momentum,SOL/USDT,15.0,0.01,0.006,3.0,30.0,238.0,14.29,6.1478,70.9502,47.3001,-112.1025
366,2026-09-18T08:01:30.272314,,,,,,,,-17.1985,-32.8758,-1.0454,-14.3932,,,,,,,False,,cex_momentum,SOL/USDT,15.0,0.01,0.006,3.0,60.0,231.0,15.15,7.8297,68.8808,45.9205,-106.9716
367,2026-09-18T08:01:30.348468,,,,,,,,-17.2262,-33.0925,-1.0472,-14.4099,,,,,,,False,,cex_momentum,SOL/USDT,15.0,0.01,0.006,3.0,90.0,231.0,15.15,7.6469,68.8814,45.9209,-107.1554
368,2026-09-18T08:01:30.422719,,,,,,,,-17.2262,-33.0925,-1.0472,-14.4099,,,,,,,False,,cex_momentum,SOL/USDT,15.0,0.01,0.006,3.0,120.0,231.0,15.15,7.6469,68.8814,45.9209,-107.1554
385,2026-09-18T08:01:30.498124,,,,,,,,-25.2661,-39.2374,-1.605,-14.7903,,,,,,,False,,cex_momentum,SOL/USDT,15.0,0.015,0.003,1.5,30.0,356.0,14.04,11.9879,105.8491,70.5661,-164.4273
386,2026-09-18T08:01:30.580858,,,,,,,,-23.6223,-34.5255,-1.486,-14.5137,,,,,,,False,,cex_momentum,SOL/USDT,15.0,0.015,0.003,1.5,60.0,336.0,14.29,14.0687,99.9602,66.6402,-152.5317
387,2026-09-18T08:01:30.663014,,,,,,,,-23.3476,-34.1351,-1.4663,-14.4864,,,,,,,False,,cex_momentum,SOL/USDT,15.0,0.015,0.003,1.5,90.0,333.0,14.41,14.567,99.0806,66.0538,-150.5674
388,2026-09-18T08:01:30.737668,,,,,,,,-23.3476,-34.1351,-1.4663,-14.4864,,,,,,,False,,cex_momentum,SOL/USDT,15.0,0.015,0.003,1.5,120.0,333.0,14.41,14.567,99.0806,66.0538,-150.5674
389,2026-09-18T08:01:30.817944,,,,,,,,-22.0137,-37.9324,-1.3718,-14.7224,,,,,,,False,,cex_momentum,SOL/USDT,15.0,0.015,0.003,2.0,30.0,313.0,14.38,14.7642,93.1783,62.1188,-140.5329
390,2026-09-18T08:01:30.898621,,,,,,,,-20.6557,-32.8872,-1.2772,-14.3936,,,,,,,False,,cex_momentum,SOL/USDT,15.0,0.015,0.003,2.0,60.0,297.0,14.48,16.3518,88.4542,58.9695,-131.0719
391,2026-09-18T08:01:30.978127,,,,,,,,-20.527,-32.8184,-1.2683,-14.3883,,,,,,,False,,cex_momentum,SOL/USDT,15.0,0.015,0.003,2.0,90.0,295.0,14.58,16.2595,87.8655,58.577,-130.183
392,2026-09-18T08:01:31.051746,,,,,,,,-20.527,-32.8184,-1.2683,-14.3883,,,,,,,False,,cex_momentum,SOL/USDT,15.0,0.015,0.003,2.0,120.0,295.0,14.58,16.2595,87.8655,58.577,-130.183
393,2026-09-18T08:01:31.133840,,,,,,,,-19.9905,-40.1459,-1.2314,-14.8341,,,,,,,False,,cex_momentum,SOL/USDT,15.0,0.015,0.003,2.5,30.0,269.0,14.13,7.7791,80.1508,53.4339,-125.8056
394,2026-09-18T08:01:31.227757,,,,,,,,-18.5886,-35.551,-1.136,-14.5819,,,,,,,False,,cex_momentum,SOL/USDT,15.0,0.015,0.003,2.5,60.0,255.0,15.29,10.4151,76.0124,50.6749,-116.2723
395,2026-09-18T08:01:31.313402,,,,,,,,-18.6688,-35.7609,-1.1414,-14.5953,,,,,,,False,,cex_momentum,SOL/USDT,15.0,0.015,0.003,2.5,90.0,255.0,15.29,9.8719,76.0113,50.6742,-116.8136
396,2026-09-18T08:01:31.391842,,,,,,,,-18.6688,-35.7609,-1.1414,-14.5953,,,,,,,False,,cex_momentum,SOL/USDT,15.0,0.015,0.003,2.5,120.0,255.0,15.29,9.8719,76.0113,50.6742,-116.8136
397,2026-09-18T08:01:31.473891,,,,,,,,-17.757,-34.1428,-1.0802,-14.487,,,,,,,False,,cex_momentum,SOL/USDT,15.0,0.015,0.003,3.0,30.0,234.0,13.68,5.5919,69.7692,46.5128,-110.6901
398,2026-09-18T08:01:31.556872,,,,,,,,-17.016,-34.5013,-1.0309,-14.5121,,,,,,,False,,cex_momentum,SOL/USDT,15.0,0.015,0.003,3.0,60.0,225.0,14.67,6.0783,67.1037,44.7358,-105.7611
399,2026-09-18T08:01:31.638731,,,,,,,,-17.0437,-34.747,-1.0327,-14.5289,,,,,,,False,,cex_momentum,SOL/USDT,15.0,0.015,0.003,3.0,90.0,225.0,14.67,5.8955,67.1043,44.7362,-105.945
400,2026-09-18T08:01:31.722992,,,,,,,,-17.0437,-34.747,-1.0327,-14.5289,,,,,,,False,,cex_momentum,SOL/USDT,15.0,0.015,0.003,3.0,120.0,225.0,14.67,5.8955,67.1043,44.7362,-105.945
401,2026-09-18T08:01:31.804482,,,,,,,,-25.1264,-37.9874,-1.5948,-14.7254,,,,,,,False,,cex_momentum,SOL/USDT,15.0,0.015,0.006,1.5,30.0,355.0,14.08,12.5123,105.5515,70.3676,-163.4067
402,2026-09-18T08:01:31.891540,,,,,,,,-23.539,-33.6269,-1.48,-14.4497,,,,,,,False,,cex_momentum,SOL/USDT,15.0,0.015,0.006,1.5,60.0,336.0,14.29,14.6592,99.9564,66.6376,-151.9349
403,2026-09-18T08:01:31.973103,,,,,,,,-23.264,-33.2506,-1.4603,-14.4215,,,,,,,False,,cex_momentum,SOL/USDT,15.0,0.015,0.006,1.5,90.0,333.0,14.41,15.1577,99.0769,66.0513,-149.9705
404,2026-09-18T08:01:32.044706,,,,,,,,-23.264,-33.2506,-1.4603,-14.4215,,,,,,,False,,cex_momentum,SOL/USDT,15.0,0.015,0.006,1.5,120.0,333.0,14.41,15.1577,99.0769,66.0513,-149.9705
405,2026-09-18T08:01:32.124596,,,,,,,,-21.836,-35.8198,-1.3593,-14.599,,,,,,,False,,cex_momentum,SOL/USDT,15.0,0.015,0.006,2.0,30.0,312.0,14.42,15.5161,92.8811,61.9207,-139.2856
406,2026-09-18T08:01:32.204601,,,,,,,,-20.5366,-31.3179,-1.269,-14.2639,,,,,,,False,,cex_momentum,SOL/USDT,15.0,0.015,0.006,2.0,60.0,297.0,14.48,17.1702,88.4518,58.9678,-130.2494
407,2026-09-18T08:01:32.281488,,,,,,,,-20.4077,-31.2818,-1.2601,-14.2607,,,,,,,False,,cex_momentum,SOL/USDT,15.0,0.015,0.006,2.0,90.0,295.0,14.58,17.0779,87.8631,58.5754,-129.3605
408,2026-09-18T08:01:32.366581,,,,,,,,-20.4077,-31.2818,-1.2601,-14.2607,,,,,,,False,,cex_momentum,SOL/USDT,15.0,0.015,0.006,2.0,120.0,295.0,14.58,17.0779,87.8631,58.5754,-129.3605
409,2026-09-18T08:01:32.442814,,,,,,,,-19.8296,-36.4336,-1.2204,-14.6367,,,,,,,False,,cex_momentum,SOL/USDT,15.0,0.015,0.006,2.5,30.0,268.0,14.18,8.3851,79.853,53.2353,-124.7032
410,2026-09-18T08:01:32.524869,,,,,,,,-18.6445,-34.0418,-1.1398,-14.4798,,,,,,,False,,cex_momentum,SOL/USDT,15.0,0.015,0.006,2.5,60.0,255.0,15.29,10.0337,76.0101,50.6734,-116.6499
411,2026-09-18T08:01:32.605849,,,,,,,,-18.7247,-34.2415,-1.1452,-14.4939,,,,,,,False,,cex_momentum,SOL/USDT,15.0,0.015,0.006,2.5,90.0,255.0,15.29,9.4905,76.009,50.6727,-117.1912
412,2026-09-18T08:01:32.684002,,,,,,,,-18.7247,-34.2415,-1.1452,-14.4939,,,,,,,False,,cex_momentum,SOL/USDT,15.0,0.015,0.006,2.5,120.0,255.0,15.29,9.4905,76.009,50.6727,-117.1912
413,2026-09-18T08:01:32.765866,,,,,,,,-17.5287,-31.8118,-1.0717,-14.3097,,,,,,,False,,cex_momentum,SOL/USDT,15.0,0.015,0.006,3.0,30.0,233.0,13.73,6.6212,69.4732,46.3154,-109.1674
414,2026-09-18T08:01:32.845914,,,,,,,,-16.6106,-30.2622,-1.0146,-14.1762,,,,,,,False,,cex_momentum,SOL/USDT,15.0,0.015,0.006,3.0,60.0,224.0,14.73,8.2652,66.8084,44.5389,-103.0821
415,2026-09-18T08:01:32.926168,,,,,,,,-16.6385,-30.4426,-1.0165,-14.1932,,,,,,,False,,cex_momentum,SOL/USDT,15.0,0.015,0.006,3.0,90.0,224.0,14.73,8.0823,66.809,44.5393,-103.2661
416,2026-09-18T08:01:33.003316,,,,,,,,-16.6385,-30.4426,-1.0165,-14.1932,,,,,,,False,,cex_momentum,SOL/USDT,15.0,0.015,0.006,3.0,120.0,224.0,14.73,8.0823,66.809,44.5393,-103.2661
417,2026-09-18T08:01:33.077502,,,,,,,,-25.1264,-37.9874,-1.5948,-14.7254,,,,,,,False,,cex_momentum,SOL/USDT,15.0,0.015,0.01,1.5,30.0,355.0,14.08,12.5123,105.5515,70.3676,-163.4067
418,2026-09-18T08:01:33.150871,,,,,,,,-23.539,-33.6269,-1.48,-14.4497,,,,,,,False,,cex_momentum,SOL/USDT,15.0,0.015,0.01,1.5,60.0,336.0,14.29,14.6592,99.9564,66.6376,-151.9349
419,2026-09-18T08:01:33.223335,,,,,,,,-23.264,-33.2506,-1.4603,-14.4215,,,,,,,False,,cex_momentum,SOL/USDT,15.0,0.015,0.01,1.5,90.0,333.0,14.41,15.1577,99.0769,66.0513,-149.9705
420,2026-09-18T08:01:33.290636,,,,,,,,-23.264,-33.2506,-1.4603,-14.4215,,,,,,,False,,cex_momentum,SOL/USDT,15.0,0.015,0.01,1.5,120.0,333.0,14.41,15.1577,99.0769,66.0513,-149.9705
421,2026-09-18T08:01:33.361529,,,,,,,,-21.836,-35.8198,-1.3593,-14.599,,,,,,,False,,cex_momentum,SOL/USDT,15.0,0.015,0.01,2.0,30.0,312.0,14.42,15.5161,92.8811,61.9207,-139.2856
422,2026-09-18T08:01:33.438791,,,,,,,,-20.5366,-31.3179,-1.269,-14.2639,,,,,,,False,,cex_momentum,SOL/USDT,15.0,0.015,0.01,2.0,60.0,297.0,14.48,17.1702,88.4518,58.9678,-130.2494
423,2026-09-18T08:01:33.514434,,,,,,,,-20.4077,-31.2818,-1.2601,-14.2607,,,,,,,False,,cex_momentum,SOL/USDT,15.0,0.015,0.01,2.0,90.0,295.0,14.58,17.0779,87.8631,58.5754,-129.3605
424,2026-09-18T08:01:33.581394,,,,,,,,-20.4077,-31.2818,-1.2601,-14.2607,,,,,,,False,,cex_momentum,SOL/USDT,15.0,0.015,0.01,2.0,120.0,295.0,14.58,17.0779,87.8631,58.5754,-129.3605
425,2026-09-18T08:01:33.662525,,,,,,,,-19.1819,-35.5107,-1.1762,-14.5793,,,,,,,False,,cex_momentum,SOL/USDT,15.0,0.015,0.01,2.5,30.0,267.0,14.23,12.3219,79.5657,53.0438,-120.2876
426,2026-09-18T08:01:33.742734,,,,,,,,-17.9873,-33.5441,-1.0956,-14.4435,,,,,,,False,,cex_momentum,SOL/USDT,15.0,0.015,0.01,2.5,60.0,254.0,15.35,13.973,75.7222,50.4814,-112.2306
427,2026-09-18T08:01:33.823585,,,,,,,,-18.0681,-33.7165,-1.101,-14.4562,,,,,,,False,,cex_momentum,SOL/USDT,15.0,0.015,0.01,2.5,90.0,254.0,15.35,13.4296,75.721,50.4807,-112.7722
428,2026-09-18T08:01:33.902280,,,,,,,,-18.0681,-33.7165,-1.101,-14.4562,,,,,,,False,,cex_momentum,SOL/USDT,15.0,0.015,0.01,2.5,120.0,254.0,15.35,13.4296,75.721,50.4807,-112.7722
429,2026-09-18T08:01:33.977450,,,,,,,,-17.5287,-31.8118,-1.0717,-14.3097,,,,,,,False,,cex_momentum,SOL/USDT,15.0,0.015,0.01,3.0,30.0,233.0,13.73,6.6212,69.4732,46.3154,-109.1674
430,2026-09-18T08:01:34.057260,,,,,,,,-16.6106,-30.2622,-1.0146,-14.1762,,,,,,,False,,cex_momentum,SOL/USDT,15.0,0.015,0.01,3.0,60.0,224.0,14.73,8.2652,66.8084,44.5389,-103.0821
431,2026-09-18T08:01:34.134382,,,,,,,,-16.6385,-30.4426,-1.0165,-14.1932,,,,,,,False,,cex_momentum,SOL/USDT,15.0,0.015,0.01,3.0,90.0,224.0,14.73,8.0823,66.809,44.5393,-103.2661
432,2026-09-18T08:01:34.214833,,,,,,,,-16.6385,-30.4426,-1.0165,-14.1932,,,,,,,False,,cex_momentum,SOL/USDT,15.0,0.015,0.01,3.0,120.0,224.0,14.73,8.0823,66.809,44.5393,-103.2661
433,2026-09-18T08:01:34.288922,,,,,,,,-24.7466,-35.9907,-1.5671,-14.6097,,,,,,,False,,cex_momentum,SOL/USDT,15.0,0.02,0.003,1.5,30.0,352.0,14.2,13.808,104.6697,69.7798,-160.6414
434,2026-09-18T08:01:34.366680,,,,,,,,-22.9769,-31.1055,-1.4399,-14.2451,,,,,,,False,,cex_momentum,SOL/USDT,15.0,0.02,0.003,1.5,60.0,330.0,14.55,15.7192,98.1877,65.4585,-147.927
435,2026-09-18T08:01:34.447260,,,,,,,,-22.6999,-30.7885,-1.4202,-14.2165,,,,,,,False,,cex_momentum,SOL/USDT,15.0,0.02,0.003,1.5,90.0,327.0,14.68,16.2179,97.3078,64.8719,-145.9618
436,2026-09-18T08:01:34.522977,,,,,,,,-22.6999,-30.7885,-1.4202,-14.2165,,,,,,,False,,cex_momentum,SOL/USDT,15.0,0.02,0.003,1.5,120.0,327.0,14.68,16.2179,97.3078,64.8719,-145.9618
437,2026-09-18T08:01:34.603406,,,,,,,,-21.7703,-36.1225,-1.3547,-14.6178,,,,,,,False,,cex_momentum,SOL/USDT,15.0,0.02,0.003,2.0,30.0,310.0,14.19,14.9797,92.2832,61.5221,-138.8256
438,2026-09-18T08:01:34.682260,,,,,,,,-20.2895,-30.516,-1.2541,-14.1916,,,,,,,False,,cex_momentum,SOL/USDT,15.0,0.02,0.003,2.0,60.0,292.0,14.38,16.3964,86.9661,57.9774,-128.5472
439,2026-09-18T08:01:34.757752,,,,,,,,-20.1602,-30.4499,-1.2452,-14.1854,,,,,,,False,,cex_momentum,SOL/USDT,15.0,0.02,0.003,2.0,90.0,290.0,14.48,16.3041,86.3773,57.5849,-127.658
440,2026-09-18T08:01:34.839208,,,,,,,,-20.1602,-30.4499,-1.2452,-14.1854,,,,,,,False,,cex_momentum,SOL/USDT,15.0,0.02,0.003,2.0,120.0,290.0,14.48,16.3041,86.3773,57.5849,-127.658
441,2026-09-18T08:01:34.924085,,,,,,,,-19.408,-34.8374,-1.1916,-14.535,,,,,,,False,,cex_momentum,SOL/USDT,15.0,0.02,0.003,2.5,30.0,266.0,14.29,10.289,79.2688,52.8459,-121.8257
442,2026-09-18T08:01:35.007579,,,,,,,,-17.9959,-30.6869,-1.0962,-14.2072,,,,,,,False,,cex_momentum,SOL/USDT,15.0,0.02,0.003,2.5,60.0,252.0,15.48,12.9272,75.1294,50.0863,-112.2885
443,2026-09-18T08:01:35.091365,,,,,,,,-18.0767,-30.844,-1.1016,-14.2216,,,,,,,False,,cex_momentum,SOL/USDT,15.0,0.02,0.003,2.5,90.0,252.0,15.48,12.3838,75.1283,50.0855,-112.83
444,2026-09-18T08:01:35.165391,,,,,,,,-18.0767,-30.844,-1.1016,-14.2216,,,,,,,False,,cex_momentum,SOL/USDT,15.0,0.02,0.003,2.5,120.0,252.0,15.48,12.3838,75.1283,50.0855,-112.83
445,2026-09-18T08:01:35.249916,,,,,,,,-17.4516,-30.7635,-1.0742,-14.2291,,,,,,,False,,cex_momentum,SOL/USDT,15.0,0.02,0.003,3.0,30.0,233.0,13.73,7.1324,69.4716,46.3144,-108.6536
446,2026-09-18T08:01:35.327962,,,,,,,,-16.7078,-31.2496,-1.0171,-14.2614,,,,,,,False,,cex_momentum,SOL/USDT,15.0,0.02,0.003,3.0,60.0,224.0,14.73,7.6198,66.806,44.5373,-103.7236
447,2026-09-18T08:01:35.424466,,,,,,,,-16.7357,-31.4439,-1.019,-14.2784,,,,,,,False,,cex_momentum,SOL/USDT,15.0,0.02,0.003,3.0,90.0,224.0,14.73,7.4369,66.8066,44.5377,-103.9075
448,2026-09-18T08:01:35.505634,,,,,,,,-16.7357,-31.4439,-1.019,-14.2784,,,,,,,False,,cex_momentum,SOL/USDT,15.0,0.02,0.003,3.0,120.0,224.0,14.73,7.4369,66.8066,44.5377,-103.9075
449,2026-09-18T08:01:35.582956,,,,,,,,-24.9387,-37.2546,-1.5811,-14.6848,,,,,,,False,,cex_momentum,SOL/USDT,15.0,0.02,0.006,1.5,30.0,352.0,14.2,12.4082,104.668,69.7787,-162.0385
450,2026-09-18T08:01:35.657307,,,,,,,,-23.1735,-32.3106,-1.4539,-14.3478,,,,,,,False,,cex_momentum,SOL/USDT,15.0,0.02,0.006,1.5,60.0,330.0,14.55,14.3178,98.1862,65.4575,-149.3259
451,2026-09-18T08:01:35.735215,,,,,,,,-22.8972,-31.9735,-1.4342,-14.32,,,,,,,False,,cex_momentum,SOL/USDT,15.0,0.02,0.006,1.5,90.0,327.0,14.68,14.8163,97.3063,64.8709,-147.3609
452,2026-09-18T08:01:35.810471,,,,,,,,-22.8972,-31.9735,-1.4342,-14.32,,,,,,,False,,cex_momentum,SOL/USDT,15.0,0.02,0.006,1.5,120.0,327.0,14.68,14.8163,97.3063,64.8709,-147.3609
453,2026-09-18T08:01:35.892130,,,,,,,,-22.0343,-37.6212,-1.3733,-14.7054,,,,,,,False,,cex_momentum,SOL/USDT,15.0,0.02,0.006,2.0,30.0,310.0,14.19,13.1203,92.2787,61.5191,-140.6774
454,2026-09-18T08:01:35.970218,,,,,,,,-20.5585,-31.7979,-1.2705,-14.3053,,,,,,,False,,cex_momentum,SOL/USDT,15.0,0.02,0.006,2.0,60.0,292.0,14.38,14.5355,86.9619,57.9746,-130.4009
455,2026-09-18T08:01:36.049721,,,,,,,,-20.4296,-31.7657,-1.2616,-14.3025,,,,,,,False,,cex_momentum,SOL/USDT,15.0,0.02,0.006,2.0,90.0,290.0,14.48,14.4431,86.373,57.582,-129.5119
456,2026-09-18T08:01:36.125247,,,,,,,,-20.4296,-31.7657,-1.2616,-14.3025,,,,,,,False,,cex_momentum,SOL/USDT,15.0,0.02,0.006,2.0,120.0,290.0,14.48,14.4431,86.373,57.582,-129.5119
457,2026-09-18T08:01:36.208739,,,,,,,,-19.7218,-35.8856,-1.213,-14.6031,,,,,,,False,,cex_momentum,SOL/USDT,15.0,0.02,0.006,2.5,30.0,266.0,14.29,8.1421,79.2649,52.8432,-123.966
458,2026-09-18T08:01:36.286336,,,,,,,,-18.2804,-31.5121,-1.1153,-14.2808,,,,,,,False,,cex_momentum,SOL/USDT,15.0,0.02,0.006,2.5,60.0,252.0,15.48,11.0126,75.1259,50.084,-114.1973
459,2026-09-18T08:01:36.365040,,,,,,,,-18.3609,-31.6821,-1.1207,-14.2954,,,,,,,False,,cex_momentum,SOL/USDT,15.0,0.02,0.006,2.5,90.0,252.0,15.48,10.4693,75.1248,50.0832,-114.7387
460,2026-09-18T08:01:36.443725,,,,,,,,-18.3609,-31.6821,-1.1207,-14.2954,,,,,,,False,,cex_momentum,SOL/USDT,15.0,0.02,0.006,2.5,120.0,252.0,15.48,10.4693,75.1248,50.0832,-114.7387
461,2026-09-18T08:01:36.526354,,,,,,,,-17.5077,-31.7478,-1.0714,-14.3055,,,,,,,False,,cex_momentum,SOL/USDT,15.0,0.02,0.006,3.0,30.0,233.0,13.73,6.7578,69.4709,46.3139,-109.0271
462,2026-09-18T08:01:36.606953,,,,,,,,-16.7644,-32.2645,-1.0143,-14.344,,,,,,,False,,cex_momentum,SOL/USDT,15.0,0.02,0.006,3.0,60.0,224.0,14.73,7.245,66.8053,44.5369,-104.0972
463,2026-09-18T08:01:36.689609,,,,,,,,-16.7923,-32.4742,-1.0162,-14.361,,,,,,,False,,cex_momentum,SOL/USDT,15.0,0.02,0.006,3.0,90.0,224.0,14.73,7.0621,66.8059,44.5373,-104.2811
464,2026-09-18T08:01:36.767506,,,,,,,,-16.7923,-32.4742,-1.0162,-14.361,,,,,,,False,,cex_momentum,SOL/USDT,15.0,0.02,0.006,3.0,120.0,224.0,14.73,7.0621,66.8059,44.5373,-104.2811
465,2026-09-18T08:01:36.845557,,,,,,,,-24.988,-37.3204,-1.5847,-14.6885,,,,,,,False,,cex_momentum,SOL/USDT,15.0,0.02,0.01,1.5,30.0,352.0,14.2,12.0482,104.6671,69.7781,-162.397
466,2026-09-18T08:01:36.925036,,,,,,,,-23.2239,-32.3756,-1.4575,-14.353,,,,,,,False,,cex_momentum,SOL/USDT,15.0,0.02,0.01,1.5,60.0,330.0,14.55,13.9574,98.1854,65.4569,-149.6848
467,2026-09-18T08:01:37.005970,,,,,,,,-22.9478,-32.0339,-1.4378,-14.325,,,,,,,False,,cex_momentum,SOL/USDT,15.0,0.02,0.01,1.5,90.0,327.0,14.68,14.4558,97.3055,64.8703,-147.72
468,2026-09-18T08:01:37.081862,,,,,,,,-22.9478,-32.0339,-1.4378,-14.325,,,,,,,False,,cex_momentum,SOL/USDT,15.0,0.02,0.01,1.5,120.0,327.0,14.68,14.4558,97.3055,64.8703,-147.72
469,2026-09-18T08:01:37.156158,,,,,,,,-22.1222,-37.7524,-1.3794,-14.7126,,,,,,,False,,cex_momentum,SOL/USDT,15.0,0.02,0.01,2.0,30.0,310.0,14.19,12.5004,92.2772,61.5182,-141.295
470,2026-09-18T08:01:37.238189,,,,,,,,-20.648,-31.8731,-1.2767,-14.3116,,,,,,,False,,cex_momentum,SOL/USDT,15.0,0.02,0.01,2.0,60.0,292.0,14.38,13.9152,86.9605,57.9737,-131.0191
471,2026-09-18T08:01:37.327586,,,,,,,,-20.5193,-31.8361,-1.2678,-14.3085,,,,,,,False,,cex_momentum,SOL/USDT,15.0,0.02,0.01,2.0,90.0,290.0,14.48,13.8227,86.3717,57.5811,-130.1302
472,2026-09-18T08:01:37.404421,,,,,,,,-20.5193,-31.8361,-1.2678,-14.3085,,,,,,,False,,cex_momentum,SOL/USDT,15.0,0.02,0.01,2.0,120.0,290.0,14.48,13.8227,86.3717,57.5811,-130.1302
473,2026-09-18T08:01:37.486876,,,,,,,,-19.3184,-35.7507,-1.1855,-14.5946,,,,,,,False,,cex_momentum,SOL/USDT,15.0,0.02,0.01,2.5,30.0,265.0,14.34,10.4076,78.9739,52.6492,-121.2155
474,2026-09-18T08:01:37.568174,,,,,,,,-17.8697,-31.5693,-1.0877,-14.2858,,,,,,,False,,cex_momentum,SOL/USDT,15.0,0.02,0.01,2.5,60.0,251.0,15.54,13.2799,74.8343,49.8896,-111.444
475,2026-09-18T08:01:37.647994,,,,,,,,-17.9507,-31.7273,-1.0931,-14.2993,,,,,,,False,,cex_momentum,SOL/USDT,15.0,0.02,0.01,2.5,90.0,251.0,15.54,12.7365,74.8332,49.8888,-111.9856
476,2026-09-18T08:01:37.723505,,,,,,,,-17.9507,-31.7273,-1.0931,-14.2993,,,,,,,False,,cex_momentum,SOL/USDT,15.0,0.02,0.01,2.5,120.0,251.0,15.54,12.7365,74.8332,49.8888,-111.9856
477,2026-09-18T08:01:37.796927,,,,,,,,-17.5077,-31.7478,-1.0714,-14.3055,,,,,,,False,,cex_momentum,SOL/USDT,15.0,0.02,0.01,3.0,30.0,233.0,13.73,6.7578,69.4709,46.3139,-109.0271
478,2026-09-18T08:01:37.870908,,,,,,,,-16.7644,-32.2645,-1.0143,-14.344,,,,,,,False,,cex_momentum,SOL/USDT,15.0,0.02,0.01,3.0,60.0,224.0,14.73,7.245,66.8053,44.5369,-104.0972
479,2026-09-18T08:01:37.949059,,,,,,,,-16.7923,-32.4742,-1.0162,-14.361,,,,,,,False,,cex_momentum,SOL/USDT,15.0,0.02,0.01,3.0,90.0,224.0,14.73,7.0621,66.8059,44.5373,-104.2811
480,2026-09-18T08:01:38.027738,,,,,,,,-16.7923,-32.4742,-1.0162,-14.361,,,,,,,False,,cex_momentum,SOL/USDT,15.0,0.02,0.01,3.0,120.0,224.0,14.73,7.0621,66.8059,44.5373,-104.2811
481,2026-09-18T08:01:38.107243,,,,,,,,-28.2374,-58.3769,-1.8265,-15.3561,,,,,,,False,,cex_momentum,SOL/USDT,20.0,0.004,0.003,1.5,30.0,380.0,18.95,1.5592,112.877,75.2514,-186.5692
482,2026-09-18T08:01:38.184773,,,,,,,,-27.7003,-52.4489,-1.7858,-15.2396,,,,,,,False,,cex_momentum,SOL/USDT,20.0,0.004,0.003,1.5,60.0,374.0,19.79,2.6965,111.1196,74.0797,-182.5028
483,2026-09-18T08:01:38.263513,,,,,,,,-27.5918,-51.5758,-1.7776,-15.2192,,,,,,,False,,cex_momentum,SOL/USDT,20.0,0.004,0.003,1.5,90.0,373.0,19.84,3.0293,110.8287,73.8858,-181.6852
484,2026-09-18T08:01:38.351101,,,,,,,,-27.5918,-51.5758,-1.7776,-15.2192,,,,,,,False,,cex_momentum,SOL/USDT,20.0,0.004,0.003,1.5,120.0,373.0,19.84,3.0293,110.8287,73.8858,-181.6852
485,2026-09-18T08:01:38.429205,,,,,,,,-24.7115,-60.4337,-1.5645,-15.3892,,,,,,,False,,cex_momentum,SOL/USDT,20.0,0.004,0.003,2.0,30.0,331.0,19.64,4.2752,98.4429,65.6286,-159.7963
486,2026-09-18T08:01:38.515067,,,,,,,,-24.3198,-53.8242,-1.5362,-15.2698,,,,,,,False,,cex_momentum,SOL/USDT,20.0,0.004,0.003,2.0,60.0,327.0,20.49,5.1551,97.2683,64.8456,-156.9587
487,2026-09-18T08:01:38.594798,,,,,,,,-24.2063,-52.7602,-1.528,-15.2466,,,,,,,False,,cex_momentum,SOL/USDT,20.0,0.004,0.003,2.0,90.0,326.0,20.55,5.4883,96.9763,64.6509,-156.1389
488,2026-09-18T08:01:38.669064,,,,,,,,-24.2063,-52.7602,-1.528,-15.2466,,,,,,,False,,cex_momentum,SOL/USDT,20.0,0.004,0.003,2.0,120.0,326.0,20.55,5.4883,96.9763,64.6509,-156.1389
489,2026-09-18T08:01:38.749480,,,,,,,,-21.1293,-63.575,-1.31,-15.434,,,,,,,False,,cex_momentum,SOL/USDT,20.0,0.004,0.003,2.5,30.0,276.0,19.2,3.3434,82.2049,54.8033,-133.6648
490,2026-09-18T08:01:38.832729,,,,,,,,-20.6577,-57.0177,-1.2773,-15.3323,,,,,,,False,,cex_momentum,SOL/USDT,20.0,0.004,0.003,2.5,60.0,272.0,20.22,4.6513,81.0287,54.0191,-130.3965
491,2026-09-18T08:01:38.914940,,,,,,,,-20.6185,-56.3995,-1.2746,-15.321,,,,,,,False,,cex_momentum,SOL/USDT,20.0,0.004,0.003,2.5,90.0,272.0,20.22,4.9257,81.031,54.0207,-130.126
492,2026-09-18T08:01:38.987820,,,,,,,,-20.6185,-56.3995,-1.2746,-15.321,,,,,,,False,,cex_momentum,SOL/USDT,20.0,0.004,0.003,2.5,120.0,272.0,20.22,4.9257,81.031,54.0207,-130.126
493,2026-09-18T08:01:39.068351,,,,,,,,-18.8466,-49.8706,-1.1535,-15.1766,,,,,,,False,,cex_momentum,SOL/USDT,20.0,0.004,0.003,3.0,30.0,239.0,18.83,0.7098,71.2342,47.4894,-118.0138
494,2026-09-18T08:01:39.162481,,,,,,,,-18.4864,-46.5944,-1.1291,-15.0825,,,,,,,False,,cex_momentum,SOL/USDT,20.0,0.004,0.003,3.0,60.0,236.0,19.92,1.669,70.3504,46.9003,-115.5817
495,2026-09-18T08:01:39.271136,,,,,,,,-18.4462,-46.3421,-1.1264,-15.0745,,,,,,,False,,cex_momentum,SOL/USDT,20.0,0.004,0.003,3.0,90.0,236.0,19.92,1.9433,70.3525,46.9017,-115.3108
496,2026-09-18T08:01:39.377456,,,,,,,,-18.4462,-46.3421,-1.1264,-15.0745,,,,,,,False,,cex_momentum,SOL/USDT,20.0,0.004,0.003,3.0,120.0,236.0,19.92,1.9433,70.3525,46.9017,-115.3108
529,2026-09-18T08:01:39.459736,,,,,,,,-26.0266,-52.5058,-1.6609,-15.2409,,,,,,,False,,cex_momentum,SOL/USDT,20.0,0.007,0.003,1.5,30.0,351.0,15.1,3.8649,104.3265,69.551,-170.0127
530,2026-09-18T08:01:39.545762,,,,,,,,-25.4294,-48.0385,-1.6169,-15.1261,,,,,,,False,,cex_momentum,SOL/USDT,20.0,0.007,0.003,1.5,60.0,342.0,14.91,3.8362,101.674,67.7827,-165.6205
531,2026-09-18T08:01:39.623216,,,,,,,,-25.2005,-47.0788,-1.6002,-15.0975,,,,,,,False,,cex_momentum,SOL/USDT,20.0,0.007,0.003,1.5,90.0,340.0,15.0,4.5399,101.0916,67.3944,-163.9461
532,2026-09-18T08:01:39.695442,,,,,,,,-25.2005,-47.0788,-1.6002,-15.0975,,,,,,,False,,cex_momentum,SOL/USDT,20.0,0.007,0.003,1.5,120.0,340.0,15.0,4.5399,101.0916,67.3944,-163.9461
533,2026-09-18T08:01:39.771182,,,,,,,,-22.5686,-47.0511,-1.4109,-15.0967,,,,,,,False,,cex_momentum,SOL/USDT,20.0,0.007,0.003,2.0,30.0,306.0,15.69,7.5964,91.075,60.7166,-144.1952
534,2026-09-18T08:01:39.848166,,,,,,,,-22.188,-43.7043,-1.3841,-14.9832,,,,,,,False,,cex_momentum,SOL/USDT,20.0,0.007,0.003,2.0,60.0,300.0,15.33,7.3226,89.2996,59.5331,-141.51
535,2026-09-18T08:01:39.924983,,,,,,,,-21.9491,-42.8019,-1.3673,-14.9485,,,,,,,False,,cex_momentum,SOL/USDT,20.0,0.007,0.003,2.0,90.0,298.0,15.44,8.0269,88.7151,59.1434,-139.8315
536,2026-09-18T08:01:40.008926,,,,,,,,-21.9491,-42.8019,-1.3673,-14.9485,,,,,,,False,,cex_momentum,SOL/USDT,20.0,0.007,0.003,2.0,120.0,298.0,15.44,8.0269,88.7151,59.1434,-139.8315
537,2026-09-18T08:01:40.102116,,,,,,,,-19.1129,-48.6628,-1.1715,-15.1439,,,,,,,False,,cex_momentum,SOL/USDT,20.0,0.007,0.003,2.5,30.0,258.0,15.12,8.5843,76.8933,51.2622,-119.5712
538,2026-09-18T08:01:40.182341,,,,,,,,-18.4356,-44.9663,-1.1257,-15.0287,,,,,,,False,,cex_momentum,SOL/USDT,20.0,0.007,0.003,2.5,60.0,252.0,15.87,10.2097,75.1215,50.081,-114.9929
539,2026-09-18T08:01:40.260531,,,,,,,,-18.3925,-44.6668,-1.1228,-15.0182,,,,,,,False,,cex_momentum,SOL/USDT,20.0,0.007,0.003,2.5,90.0,252.0,15.87,10.5039,75.1239,50.0826,-114.7026
540,2026-09-18T08:01:40.343599,,,,,,,,-18.3925,-44.6668,-1.1228,-15.0182,,,,,,,False,,cex_momentum,SOL/USDT,20.0,0.007,0.003,2.5,120.0,252.0,15.87,10.5039,75.1239,50.0826,-114.7026
541,2026-09-18T08:01:40.423831,,,,,,,,-17.1401,-38.6946,-1.0391,-14.7628,,,,,,,False,,cex_momentum,SOL/USDT,20.0,0.007,0.003,3.0,30.0,226.0,15.04,5.9886,67.3942,44.9295,-106.3351
542,2026-09-18T08:01:40.505489,,,,,,,,-16.591,-36.8284,-1.0028,-14.6602,,,,,,,False,,cex_momentum,SOL/USDT,20.0,0.007,0.003,3.0,60.0,221.0,15.84,7.1556,65.916,43.944,-102.7043
543,2026-09-18T08:01:40.588614,,,,,,,,-16.5469,-36.7196,-0.9999,-14.6538,,,,,,,False,,cex_momentum,SOL/USDT,20.0,0.007,0.003,3.0,90.0,221.0,15.84,7.4497,65.9181,43.9454,-102.4137
544,2026-09-18T08:01:40.669155,,,,,,,,-16.5469,-36.7196,-0.9999,-14.6538,,,,,,,False,,cex_momentum,SOL/USDT,20.0,0.007,0.003,3.0,120.0,221.0,15.84,7.4497,65.9181,43.9454,-102.4137
545,2026-09-18T08:01:40.746430,,,,,,,,-26.396,-55.4734,-1.6882,-15.3033,,,,,,,False,,cex_momentum,SOL/USDT,20.0,0.007,0.006,1.5,30.0,351.0,15.1,1.1144,104.3162,69.5441,-172.746
546,2026-09-18T08:01:40.822144,,,,,,,,-25.8018,-50.6236,-1.6443,-15.1959,,,,,,,False,,cex_momentum,SOL/USDT,20.0,0.007,0.006,1.5,60.0,342.0,14.91,1.0848,101.6639,67.776,-168.355
547,2026-09-18T08:01:40.901225,,,,,,,,-25.574,-49.4948,-1.6275,-15.1667,,,,,,,False,,cex_momentum,SOL/USDT,20.0,0.007,0.006,1.5,90.0,340.0,15.0,1.7881,101.0815,67.3877,-166.6811
548,2026-09-18T08:01:40.969800,,,,,,,,-25.574,-49.4948,-1.6275,-15.1667,,,,,,,False,,cex_momentum,SOL/USDT,20.0,0.007,0.006,1.5,120.0,340.0,15.0,1.7881,101.0815,67.3877,-166.6811
549,2026-09-18T08:01:41.048157,,,,,,,,-22.9978,-49.8137,-1.4414,-15.1751,,,,,,,False,,cex_momentum,SOL/USDT,20.0,0.007,0.006,2.0,30.0,306.0,15.69,4.5338,91.0632,60.7088,-147.2382
550,2026-09-18T08:01:41.126154,,,,,,,,-22.6193,-46.3485,-1.4145,-15.0747,,,,,,,False,,cex_momentum,SOL/USDT,20.0,0.007,0.006,2.0,60.0,300.0,15.33,4.2595,89.288,59.5253,-144.5539
551,2026-09-18T08:01:41.210893,,,,,,,,-22.3818,-45.3609,-1.3977,-15.0422,,,,,,,False,,cex_momentum,SOL/USDT,20.0,0.007,0.006,2.0,90.0,298.0,15.44,4.9633,88.7035,59.1357,-142.8759
552,2026-09-18T08:01:41.297555,,,,,,,,-22.3818,-45.3609,-1.3977,-15.0422,,,,,,,False,,cex_momentum,SOL/USDT,20.0,0.007,0.006,2.0,120.0,298.0,15.44,4.9633,88.7035,59.1357,-142.8759
553,2026-09-18T08:01:41.375007,,,,,,,,-19.0063,-46.9178,-1.1643,-15.0926,,,,,,,False,,cex_momentum,SOL/USDT,20.0,0.007,0.006,2.5,30.0,258.0,15.5,9.3041,76.8915,51.261,-118.8484
554,2026-09-18T08:01:41.456269,,,,,,,,-18.3281,-43.1456,-1.1185,-14.962,,,,,,,False,,cex_momentum,SOL/USDT,20.0,0.007,0.006,2.5,60.0,252.0,16.27,10.9299,75.1198,50.0799,-114.2697
555,2026-09-18T08:01:41.549268,,,,,,,,-18.2849,-42.875,-1.1156,-14.9514,,,,,,,False,,cex_momentum,SOL/USDT,20.0,0.007,0.006,2.5,90.0,252.0,16.27,11.2241,75.1221,50.0814,-113.9794
556,2026-09-18T08:01:41.652783,,,,,,,,-18.2849,-42.875,-1.1156,-14.9514,,,,,,,False,,cex_momentum,SOL/USDT,20.0,0.007,0.006,2.5,120.0,252.0,16.27,11.2241,75.1221,50.0814,-113.9794
557,2026-09-18T08:01:41.790883,,,,,,,,-16.9019,-35.2448,-1.0256,-14.5625,,,,,,,False,,cex_momentum,SOL/USDT,20.0,0.007,0.006,3.0,30.0,226.0,15.49,7.5662,67.3941,44.9294,-104.7574
558,2026-09-18T08:01:42.038939,,,,,,,,-16.3513,-33.6819,-0.9896,-14.4543,,,,,,,False,,cex_momentum,SOL/USDT,20.0,0.007,0.006,3.0,60.0,221.0,16.29,8.7338,65.9159,43.9439,-101.126
559,2026-09-18T08:01:42.245028,,,,,,,,-16.3071,-33.5888,-0.9867,-14.4475,,,,,,,False,,cex_momentum,SOL/USDT,20.0,0.007,0.006,3.0,90.0,221.0,16.29,9.028,65.918,43.9453,-100.8354
560,2026-09-18T08:01:42.582270,,,,,,,,-16.3071,-33.5888,-0.9867,-14.4475,,,,,,,False,,cex_momentum,SOL/USDT,20.0,0.007,0.006,3.0,120.0,221.0,16.29,9.028,65.918,43.9453,-100.8354
577,2026-09-18T08:01:42.706691,,,,,,,,-25.5293,-47.6007,-1.6242,-15.1133,,,,,,,False,,cex_momentum,SOL/USDT,20.0,0.01,0.003,1.5,30.0,339.0,13.57,1.6355,100.7943,67.1962,-166.3551
578,2026-09-18T08:01:42.788551,,,,,,,,-24.3747,-43.0132,-1.5401,-14.9568,,,,,,,False,,cex_momentum,SOL/USDT,20.0,0.01,0.003,1.5,60.0,325.0,13.85,3.163,96.6653,64.4436,-157.9459
579,2026-09-18T08:01:42.865416,,,,,,,,-24.0586,-41.7645,-1.5173,-14.9061,,,,,,,False,,cex_momentum,SOL/USDT,20.0,0.01,0.003,1.5,90.0,322.0,13.98,3.9806,95.7875,63.8584,-155.6653
580,2026-09-18T08:01:42.944161,,,,,,,,-24.0586,-41.7645,-1.5173,-14.9061,,,,,,,False,,cex_momentum,SOL/USDT,20.0,0.01,0.003,1.5,120.0,322.0,13.98,3.9806,95.7875,63.8584,-155.6653
581,2026-09-18T08:01:43.050418,,,,,,,,-22.2391,-46.3922,-1.3877,-15.0761,,,,,,,False,,cex_momentum,SOL/USDT,20.0,0.01,0.003,2.0,30.0,299.0,14.38,6.2378,89.0135,59.3424,-142.1181
582,2026-09-18T08:01:43.143973,,,,,,,,-21.4245,-41.4606,-1.3306,-14.8932,,,,,,,False,,cex_momentum,SOL/USDT,20.0,0.01,0.003,2.0,60.0,288.0,14.24,6.5182,85.7563,57.1708,-136.4089
583,2026-09-18T08:01:43.234423,,,,,,,,-21.2513,-40.9729,-1.3185,-14.8718,,,,,,,False,,cex_momentum,SOL/USDT,20.0,0.01,0.003,2.0,90.0,286.0,14.34,6.7462,85.1692,56.7795,-135.2025
584,2026-09-18T08:01:43.311656,,,,,,,,-21.2513,-40.9729,-1.3185,-14.8718,,,,,,,False,,cex_momentum,SOL/USDT,20.0,0.01,0.003,2.0,120.0,286.0,14.34,6.7462,85.1692,56.7795,-135.2025
585,2026-09-18T08:01:43.392840,,,,,,,,-18.7258,-46.4563,-1.1453,-15.0781,,,,,,,False,,cex_momentum,SOL/USDT,20.0,0.01,0.003,2.5,30.0,251.0,14.34,7.5012,74.8199,49.88,-117.1986
586,2026-09-18T08:01:43.477373,,,,,,,,-17.7077,-39.5889,-1.0769,-14.8075,,,,,,,False,,cex_momentum,SOL/USDT,20.0,0.01,0.003,2.5,60.0,242.0,15.29,9.9028,72.1582,48.1055,-110.3609
587,2026-09-18T08:01:43.559496,,,,,,,,-17.7352,-39.7087,-1.0787,-14.8133,,,,,,,False,,cex_momentum,SOL/USDT,20.0,0.01,0.003,2.5,90.0,242.0,15.29,9.7201,72.1589,48.1059,-110.5447
588,2026-09-18T08:01:43.637561,,,,,,,,-17.7352,-39.7087,-1.0787,-14.8133,,,,,,,False,,cex_momentum,SOL/USDT,20.0,0.01,0.003,2.5,120.0,242.0,15.29,9.7201,72.1589,48.1059,-110.5447
589,2026-09-18T08:01:43.724302,,,,,,,,-17.0345,-38.8844,-1.0321,-14.7725,,,,,,,False,,cex_momentum,SOL/USDT,20.0,0.01,0.003,3.0,30.0,221.0,14.03,3.964,65.9088,43.9392,-105.884
590,2026-09-18T08:01:43.815356,,,,,,,,-16.3638,-34.5362,-0.988,-14.5145,,,,,,,False,,cex_momentum,SOL/USDT,20.0,0.01,0.003,3.0,60.0,215.0,14.88,5.4313,64.1329,42.7553,-101.4569
591,2026-09-18T08:01:43.897047,,,,,,,,-16.3917,-34.7901,-0.9898,-14.5318,,,,,,,False,,cex_momentum,SOL/USDT,20.0,0.01,0.003,3.0,90.0,215.0,14.88,5.2483,64.1334,42.7556,-101.6408
592,2026-09-18T08:01:43.974185,,,,,,,,-16.3917,-34.7901,-0.9898,-14.5318,,,,,,,False,,cex_momentum,SOL/USDT,20.0,0.01,0.003,3.0,120.0,215.0,14.88,5.2483,64.1334,42.7556,-101.6408
593,2026-09-18T08:01:44.052222,,,,,,,,-25.5525,-47.0536,-1.6259,-15.0968,,,,,,,False,,cex_momentum,SOL/USDT,20.0,0.01,0.006,1.5,30.0,339.0,13.57,1.462,100.7921,67.1947,-166.5248
594,2026-09-18T08:01:44.130650,,,,,,,,-24.4816,-43.2201,-1.5479,-14.9648,,,,,,,False,,cex_momentum,SOL/USDT,20.0,0.01,0.006,1.5,60.0,325.0,13.85,2.3847,96.6627,64.4418,-158.7198
595,2026-09-18T08:01:44.227440,,,,,,,,-24.166,-41.9446,-1.5251,-14.9137,,,,,,,False,,cex_momentum,SOL/USDT,20.0,0.01,0.006,1.5,90.0,322.0,13.98,3.2021,95.7849,63.8566,-156.4394
596,2026-09-18T08:01:44.300843,,,,,,,,-24.166,-41.9446,-1.5251,-14.9137,,,,,,,False,,cex_momentum,SOL/USDT,20.0,0.01,0.006,1.5,120.0,322.0,13.98,3.2021,95.7849,63.8566,-156.4394
597,2026-09-18T08:01:44.389087,,,,,,,,-22.0526,-41.8095,-1.3746,-14.908,,,,,,,False,,cex_momentum,SOL/USDT,20.0,0.01,0.006,2.0,30.0,298.0,14.43,7.051,88.714,59.1427,-140.8057
598,2026-09-18T08:01:44.482857,,,,,,,,-21.323,-37.9758,-1.3235,-14.7248,,,,,,,False,,cex_momentum,SOL/USDT,20.0,0.01,0.006,2.0,60.0,287.0,14.29,6.726,85.4563,56.9709,-135.7012
599,2026-09-18T08:01:44.561934,,,,,,,,-21.1496,-37.6137,-1.3114,-14.7049,,,,,,,False,,cex_momentum,SOL/USDT,20.0,0.01,0.006,2.0,90.0,285.0,14.39,6.954,84.8692,56.5795,-134.4948
600,2026-09-18T08:01:44.637019,,,,,,,,-21.1496,-37.6137,-1.3114,-14.7049,,,,,,,False,,cex_momentum,SOL/USDT,20.0,0.01,0.006,2.0,120.0,285.0,14.39,6.954,84.8692,56.5795,-134.4948
601,2026-09-18T08:01:44.716651,,,,,,,,-18.9416,-48.7767,-1.1599,-15.1471,,,,,,,False,,cex_momentum,SOL/USDT,20.0,0.01,0.006,2.5,30.0,251.0,14.34,6.0377,74.8176,49.8784,-118.6582
602,2026-09-18T08:01:44.800015,,,,,,,,-17.9262,-42.2045,-1.0915,-14.9244,,,,,,,False,,cex_momentum,SOL/USDT,20.0,0.01,0.006,2.5,60.0,242.0,15.29,8.4384,72.1559,48.104,-111.8215
603,2026-09-18T08:01:44.880608,,,,,,,,-17.9536,-42.3445,-1.0933,-14.9302,,,,,,,False,,cex_momentum,SOL/USDT,20.0,0.01,0.006,2.5,90.0,242.0,15.29,8.2557,72.1566,48.1044,-112.0053
604,2026-09-18T08:01:44.959807,,,,,,,,-17.9536,-42.3445,-1.0933,-14.9302,,,,,,,False,,cex_momentum,SOL/USDT,20.0,0.01,0.006,2.5,120.0,242.0,15.29,8.2557,72.1566,48.1044,-112.0053
605,2026-09-18T08:01:45.040433,,,,,,,,-17.0909,-40.4426,-1.0358,-14.8479,,,,,,,False,,cex_momentum,SOL/USDT,20.0,0.01,0.006,3.0,30.0,221.0,14.03,3.5893,65.9081,43.9388,-106.2576
606,2026-09-18T08:01:45.128098,,,,,,,,-16.4206,-35.9063,-0.9916,-14.6044,,,,,,,False,,cex_momentum,SOL/USDT,20.0,0.01,0.006,3.0,60.0,215.0,14.88,5.0565,64.1323,42.7549,-101.8307
607,2026-09-18T08:01:45.232631,,,,,,,,-16.4485,-36.1858,-0.9934,-14.6217,,,,,,,False,,cex_momentum,SOL/USDT,20.0,0.01,0.006,3.0,90.0,215.0,14.88,4.8735,64.1329,42.7552,-102.0146
608,2026-09-18T08:01:45.310896,,,,,,,,-16.4485,-36.1858,-0.9934,-14.6217,,,,,,,False,,cex_momentum,SOL/USDT,20.0,0.01,0.006,3.0,120.0,215.0,14.88,4.8735,64.1329,42.7552,-102.0146
625,2026-09-18T08:01:45.400266,,,,,,,,-24.8599,-43.8169,-1.5753,-14.9874,,,,,,,False,,cex_momentum,SOL/USDT,20.0,0.015,0.003,1.5,30.0,335.0,13.43,4.5816,99.6276,66.4184,-161.4645
626,2026-09-18T08:01:45.475320,,,,,,,,-23.3982,-39.0058,-1.4699,-14.7787,,,,,,,False,,cex_momentum,SOL/USDT,20.0,0.015,0.003,1.5,60.0,317.0,13.88,6.2748,94.322,62.8813,-150.9285
627,2026-09-18T08:01:45.553758,,,,,,,,-23.0781,-38.0799,-1.4471,-14.7304,,,,,,,False,,cex_momentum,SOL/USDT,20.0,0.015,0.003,1.5,90.0,314.0,14.01,7.0929,93.4436,62.2957,-148.6463
628,2026-09-18T08:01:45.638575,,,,,,,,-23.0781,-38.0799,-1.4471,-14.7304,,,,,,,False,,cex_momentum,SOL/USDT,20.0,0.015,0.003,1.5,120.0,314.0,14.01,7.0929,93.4436,62.2957,-148.6463
629,2026-09-18T08:01:45.714530,,,,,,,,-21.726,-41.4508,-1.3516,-14.8927,,,,,,,False,,cex_momentum,SOL/USDT,20.0,0.015,0.003,2.0,30.0,294.0,14.29,7.39,87.5431,58.3621,-138.5152
630,2026-09-18T08:01:45.790182,,,,,,,,-20.6695,-36.6691,-1.2781,-14.6508,,,,,,,False,,cex_momentum,SOL/USDT,20.0,0.015,0.003,2.0,60.0,280.0,14.29,7.8364,83.4022,55.6015,-131.1673
631,2026-09-18T08:01:45.871264,,,,,,,,-20.4947,-36.3202,-1.2661,-14.6299,,,,,,,False,,cex_momentum,SOL/USDT,20.0,0.015,0.003,2.0,90.0,278.0,14.39,8.0644,82.8148,55.2099,-129.9603
632,2026-09-18T08:01:45.943873,,,,,,,,-20.4947,-36.3202,-1.2661,-14.6299,,,,,,,False,,cex_momentum,SOL/USDT,20.0,0.015,0.003,2.0,120.0,278.0,14.39,8.0644,82.8148,55.2099,-129.9603
633,2026-09-18T08:01:46.026141,,,,,,,,-18.4843,-42.4727,-1.129,-14.9354,,,,,,,False,,cex_momentum,SOL/USDT,20.0,0.015,0.003,2.5,30.0,248.0,14.11,7.6491,73.9311,49.2874,-115.5694
634,2026-09-18T08:01:46.106150,,,,,,,,-17.3003,-36.5388,-1.0498,-14.643,,,,,,,False,,cex_momentum,SOL/USDT,20.0,0.015,0.003,2.5,60.0,236.0,15.25,9.6488,70.3777,46.9184,-107.6473
635,2026-09-18T08:01:46.186460,,,,,,,,-17.3279,-36.6364,-1.0516,-14.6489,,,,,,,False,,cex_momentum,SOL/USDT,20.0,0.015,0.003,2.5,90.0,236.0,15.25,9.4661,70.3783,46.9189,-107.8311
636,2026-09-18T08:01:46.277469,,,,,,,,-17.3279,-36.6364,-1.0516,-14.6489,,,,,,,False,,cex_momentum,SOL/USDT,20.0,0.015,0.003,2.5,120.0,236.0,15.25,9.4661,70.3783,46.9189,-107.8311
637,2026-09-18T08:01:46.356262,,,,,,,,-16.4434,-32.1416,-1.0072,-14.3507,,,,,,,False,,cex_momentum,SOL/USDT,20.0,0.015,0.003,3.0,30.0,217.0,13.82,5.8991,64.7281,43.152,-101.981
638,2026-09-18T08:01:46.436807,,,,,,,,-15.799,-32.2406,-0.9572,-14.3458,,,,,,,False,,cex_momentum,SOL/USDT,20.0,0.015,0.003,3.0,60.0,209.0,14.83,6.1715,62.3559,41.5706,-97.755
639,2026-09-18T08:01:46.517886,,,,,,,,-15.8271,-32.4584,-0.959,-14.3634,,,,,,,False,,cex_momentum,SOL/USDT,20.0,0.015,0.003,3.0,90.0,209.0,14.83,5.9884,62.3564,41.5709,-97.939
640,2026-09-18T08:01:46.593476,,,,,,,,-15.8271,-32.4584,-0.959,-14.3634,,,,,,,False,,cex_momentum,SOL/USDT,20.0,0.015,0.003,3.0,120.0,209.0,14.83,5.9884,62.3564,41.5709,-97.939
641,2026-09-18T08:01:46.680412,,,,,,,,-24.7431,-41.8401,-1.5668,-14.9093,,,,,,,False,,cex_momentum,SOL/USDT,20.0,0.015,0.006,1.5,30.0,334.0,13.47,4.9347,99.3304,66.2203,-160.616
642,2026-09-18T08:01:46.792840,,,,,,,,-23.3388,-37.656,-1.4657,-14.7073,,,,,,,False,,cex_momentum,SOL/USDT,20.0,0.015,0.006,1.5,60.0,317.0,13.88,6.6939,94.3189,62.8792,-150.5042
643,2026-09-18T08:01:46.879905,,,,,,,,-23.0184,-36.7893,-1.4428,-14.6579,,,,,,,False,,cex_momentum,SOL/USDT,20.0,0.015,0.006,1.5,90.0,314.0,14.01,7.5121,93.4404,62.2936,-148.2219
644,2026-09-18T08:01:46.953634,,,,,,,,-23.0184,-36.7893,-1.4428,-14.6579,,,,,,,False,,cex_momentum,SOL/USDT,20.0,0.015,0.006,1.5,120.0,314.0,14.01,7.5121,93.4404,62.2936,-148.2219
645,2026-09-18T08:01:47.036611,,,,,,,,-21.5837,-38.7729,-1.3417,-14.7668,,,,,,,False,,cex_momentum,SOL/USDT,20.0,0.015,0.006,2.0,30.0,293.0,14.33,7.887,87.2441,58.1628,-137.5199
646,2026-09-18T08:01:47.119277,,,,,,,,-20.587,-34.6724,-1.2724,-14.5238,,,,,,,False,,cex_momentum,SOL/USDT,20.0,0.015,0.006,2.0,60.0,280.0,14.29,8.3998,83.3982,55.5988,-130.5972
647,2026-09-18T08:01:47.195303,,,,,,,,-20.4119,-34.3983,-1.2604,-14.5049,,,,,,,False,,cex_momentum,SOL/USDT,20.0,0.015,0.006,2.0,90.0,278.0,14.39,8.6278,82.8107,55.2072,-129.3901
648,2026-09-18T08:01:47.268672,,,,,,,,-20.4119,-34.3983,-1.2604,-14.5049,,,,,,,False,,cex_momentum,SOL/USDT,20.0,0.015,0.006,2.0,120.0,278.0,14.39,8.6278,82.8107,55.2072,-129.3901
649,2026-09-18T08:01:47.348517,,,,,,,,-18.7007,-44.8178,-1.1436,-15.0235,,,,,,,False,,cex_momentum,SOL/USDT,20.0,0.015,0.006,2.5,30.0,248.0,14.11,6.1853,73.9287,49.2858,-117.0292
650,2026-09-18T08:01:47.426432,,,,,,,,-17.4847,-38.4064,-1.062,-14.7478,,,,,,,False,,cex_momentum,SOL/USDT,20.0,0.015,0.006,2.5,60.0,236.0,15.25,8.4183,70.3756,46.9171,-108.8744
651,2026-09-18T08:01:47.505320,,,,,,,,-17.5123,-38.516,-1.0639,-14.7535,,,,,,,False,,cex_momentum,SOL/USDT,20.0,0.015,0.006,2.5,90.0,236.0,15.25,8.2355,70.3763,46.9175,-109.0582
652,2026-09-18T08:01:47.580460,,,,,,,,-17.5123,-38.516,-1.0639,-14.7535,,,,,,,False,,cex_momentum,SOL/USDT,20.0,0.015,0.006,2.5,120.0,236.0,15.25,8.2355,70.3763,46.9175,-109.0582
653,2026-09-18T08:01:47.656320,,,,,,,,-16.5002,-33.4005,-1.0044,-14.4378,,,,,,,False,,cex_momentum,SOL/USDT,20.0,0.015,0.006,3.0,30.0,217.0,13.82,5.5244,64.7275,43.1516,-102.3547
654,2026-09-18T08:01:47.738001,,,,,,,,-15.8562,-33.4381,-0.9545,-14.4357,,,,,,,False,,cex_momentum,SOL/USDT,20.0,0.015,0.006,3.0,60.0,209.0,14.83,5.7966,62.3553,41.5702,-98.1289
655,2026-09-18T08:01:47.821874,,,,,,,,-15.8843,-33.6759,-0.9564,-14.4533,,,,,,,False,,cex_momentum,SOL/USDT,20.0,0.015,0.006,3.0,90.0,209.0,14.83,5.6135,62.3558,41.5705,-98.3129
656,2026-09-18T08:01:47.900609,,,,,,,,-15.8843,-33.6759,-0.9564,-14.4533,,,,,,,False,,cex_momentum,SOL/USDT,20.0,0.015,0.006,3.0,120.0,209.0,14.83,5.6135,62.3558,41.5705,-98.3129
657,2026-09-18T08:01:47.981755,,,,,,,,-24.5264,-41.8157,-1.5511,-14.9083,,,,,,,False,,cex_momentum,SOL/USDT,20.0,0.015,0.01,1.5,30.0,333.0,13.51,6.0202,99.0384,66.0256,-159.0438
658,2026-09-18T08:01:48.062758,,,,,,,,-23.118,-37.5393,-1.4499,-14.7008,,,,,,,False,,cex_momentum,SOL/USDT,20.0,0.015,0.01,1.5,60.0,316.0,13.92,7.7802,94.0264,62.6843,-148.9304
659,2026-09-18T08:01:48.137616,,,,,,,,-22.7967,-36.7024,-1.4271,-14.6528,,,,,,,False,,cex_momentum,SOL/USDT,20.0,0.015,0.01,1.5,90.0,313.0,14.06,8.5988,93.1479,62.0986,-146.6477
660,2026-09-18T08:01:48.209949,,,,,,,,-22.7967,-36.7024,-1.4271,-14.6528,,,,,,,False,,cex_momentum,SOL/USDT,20.0,0.015,0.01,1.5,120.0,313.0,14.06,8.5988,93.1479,62.0986,-146.6477
661,2026-09-18T08:01:48.292314,,,,,,,,-21.305,-38.9013,-1.3222,-14.7734,,,,,,,False,,cex_momentum,SOL/USDT,20.0,0.015,0.01,2.0,30.0,293.0,14.33,9.838,87.2486,58.1657,-135.5764
662,2026-09-18T08:01:48.373635,,,,,,,,-20.3048,-34.8369,-1.253,-14.535,,,,,,,False,,cex_momentum,SOL/USDT,20.0,0.015,0.01,2.0,60.0,280.0,14.29,10.3517,83.4024,55.6016,-128.6523
663,2026-09-18T08:01:48.455144,,,,,,,,-20.1292,-34.586,-1.2409,-14.5179,,,,,,,False,,cex_momentum,SOL/USDT,20.0,0.015,0.01,2.0,90.0,278.0,14.39,10.58,82.815,55.21,-127.4449
664,2026-09-18T08:01:48.526229,,,,,,,,-20.1292,-34.586,-1.2409,-14.5179,,,,,,,False,,cex_momentum,SOL/USDT,20.0,0.015,0.01,2.0,120.0,278.0,14.39,10.58,82.815,55.21,-127.4449
665,2026-09-18T08:01:48.601336,,,,,,,,-18.0439,-39.0619,-1.0994,-14.7815,,,,,,,False,,cex_momentum,SOL/USDT,20.0,0.015,0.01,2.5,30.0,247.0,14.17,10.1246,73.6408,49.0939,-112.6101
666,2026-09-18T08:01:48.681222,,,,,,,,-16.8181,-34.3871,-1.0178,-14.5041,,,,,,,False,,cex_momentum,SOL/USDT,20.0,0.015,0.01,2.5,60.0,235.0,15.32,12.3599,70.0869,46.7246,-104.4517
667,2026-09-18T08:01:48.755372,,,,,,,,-16.8459,-34.4691,-1.0196,-14.5098,,,,,,,False,,cex_momentum,SOL/USDT,20.0,0.015,0.01,2.5,90.0,235.0,15.32,12.177,70.0876,46.7251,-104.6356
668,2026-09-18T08:01:48.826437,,,,,,,,-16.8459,-34.4691,-1.0196,-14.5098,,,,,,,False,,cex_momentum,SOL/USDT,20.0,0.015,0.01,2.5,120.0,235.0,15.32,12.177,70.0876,46.7251,-104.6356
669,2026-09-18T08:01:48.903902,,,,,,,,-16.5002,-33.4005,-1.0044,-14.4378,,,,,,,False,,cex_momentum,SOL/USDT,20.0,0.015,0.01,3.0,30.0,217.0,13.82,5.5244,64.7275,43.1516,-102.3547
670,2026-09-18T08:01:48.981266,,,,,,,,-15.8562,-33.4381,-0.9545,-14.4357,,,,,,,False,,cex_momentum,SOL/USDT,20.0,0.015,0.01,3.0,60.0,209.0,14.83,5.7966,62.3553,41.5702,-98.1289
671,2026-09-18T08:01:49.057304,,,,,,,,-15.8843,-33.6759,-0.9564,-14.4533,,,,,,,False,,cex_momentum,SOL/USDT,20.0,0.015,0.01,3.0,90.0,209.0,14.83,5.6135,62.3558,41.5705,-98.3129
672,2026-09-18T08:01:49.136484,,,,,,,,-15.8843,-33.6759,-0.9564,-14.4533,,,,,,,False,,cex_momentum,SOL/USDT,20.0,0.015,0.01,3.0,120.0,209.0,14.83,5.6135,62.3558,41.5705,-98.3129
673,2026-09-18T08:01:49.216371,,,,,,,,-24.7544,-41.8232,-1.5677,-14.9086,,,,,,,False,,cex_momentum,SOL/USDT,20.0,0.02,0.003,1.5,30.0,331.0,13.29,3.3582,98.4335,65.6223,-160.6977
674,2026-09-18T08:01:49.298931,,,,,,,,-23.2442,-36.4091,-1.4589,-14.6353,,,,,,,False,,cex_momentum,SOL/USDT,20.0,0.02,0.003,1.5,60.0,312.0,13.78,4.8883,92.8308,61.8872,-149.8297
675,2026-09-18T08:01:49.387376,,,,,,,,-22.9235,-35.598,-1.4361,-14.5849,,,,,,,False,,cex_momentum,SOL/USDT,20.0,0.02,0.003,1.5,90.0,309.0,13.92,5.7064,91.9522,61.3015,-147.5473
676,2026-09-18T08:01:49.462576,,,,,,,,-22.9235,-35.598,-1.4361,-14.5849,,,,,,,False,,cex_momentum,SOL/USDT,20.0,0.02,0.003,1.5,120.0,309.0,13.92,5.7064,91.9522,61.3015,-147.5473
677,2026-09-18T08:01:49.544208,,,,,,,,-21.5025,-38.9767,-1.336,-14.7772,,,,,,,False,,cex_momentum,SOL/USDT,20.0,0.02,0.003,2.0,30.0,291.0,14.09,7.4584,86.6467,57.7645,-136.9528
678,2026-09-18T08:01:49.639285,,,,,,,,-20.3948,-33.6429,-1.2592,-14.4508,,,,,,,False,,cex_momentum,SOL/USDT,20.0,0.02,0.003,2.0,60.0,276.0,14.13,7.7424,82.2085,54.8057,-129.2719
679,2026-09-18T08:01:49.721678,,,,,,,,-20.2194,-33.3417,-1.2471,-14.4284,,,,,,,False,,cex_momentum,SOL/USDT,20.0,0.02,0.003,2.0,90.0,274.0,14.23,7.9704,81.621,54.414,-128.0646
680,2026-09-18T08:01:49.798342,,,,,,,,-20.2194,-33.3417,-1.2471,-14.4284,,,,,,,False,,cex_momentum,SOL/USDT,20.0,0.02,0.003,2.0,120.0,274.0,14.23,7.9704,81.621,54.414,-128.0646
681,2026-09-18T08:01:49.880626,,,,,,,,-17.9389,-36.5296,-1.0924,-14.6425,,,,,,,False,,cex_momentum,SOL/USDT,20.0,0.02,0.003,2.5,30.0,245.0,13.88,9.8388,73.0475,48.6984,-111.9071
682,2026-09-18T08:01:49.959171,,,,,,,,-16.9498,-33.7863,-1.0265,-14.4613,,,,,,,False,,cex_momentum,SOL/USDT,20.0,0.02,0.003,2.5,60.0,234.0,14.96,10.9926,69.7893,46.5262,-105.3229
683,2026-09-18T08:01:50.039927,,,,,,,,-16.9776,-33.8679,-1.0283,-14.4673,,,,,,,False,,cex_momentum,SOL/USDT,20.0,0.02,0.003,2.5,90.0,234.0,14.96,10.8098,69.7899,46.5266,-105.5068
684,2026-09-18T08:01:50.118066,,,,,,,,-16.9776,-33.8679,-1.0283,-14.4673,,,,,,,False,,cex_momentum,SOL/USDT,20.0,0.02,0.003,2.5,120.0,234.0,14.96,10.8098,69.7899,46.5266,-105.5068
685,2026-09-18T08:01:50.202778,,,,,,,,-16.3525,-31.2686,-1.0069,-14.2926,,,,,,,False,,cex_momentum,SOL/USDT,20.0,0.02,0.003,3.0,30.0,216.0,13.43,5.9989,64.4291,42.9528,-101.383
686,2026-09-18T08:01:50.287973,,,,,,,,-15.7157,-31.6292,-0.9569,-14.3031,,,,,,,False,,cex_momentum,SOL/USDT,20.0,0.02,0.003,3.0,60.0,208.0,14.42,6.2167,62.0569,41.3712,-97.2114
687,2026-09-18T08:01:50.368597,,,,,,,,-15.7439,-31.8376,-0.9587,-14.3208,,,,,,,False,,cex_momentum,SOL/USDT,20.0,0.02,0.003,3.0,90.0,208.0,14.42,6.0336,62.0574,41.3716,-97.3954
688,2026-09-18T08:01:50.470603,,,,,,,,-15.7439,-31.8376,-0.9587,-14.3208,,,,,,,False,,cex_momentum,SOL/USDT,20.0,0.02,0.003,3.0,120.0,208.0,14.42,6.0336,62.0574,41.3716,-97.3954
689,2026-09-18T08:01:50.572538,,,,,,,,-24.9044,-42.875,-1.5786,-14.9514,,,,,,,False,,cex_momentum,SOL/USDT,20.0,0.02,0.006,1.5,30.0,331.0,13.29,2.2633,98.4311,65.6207,-161.7885
690,2026-09-18T08:01:50.648010,,,,,,,,-23.3973,-37.4458,-1.4699,-14.6956,,,,,,,False,,cex_momentum,SOL/USDT,20.0,0.02,0.006,1.5,60.0,312.0,13.78,3.7924,92.8285,61.8857,-150.9218
691,2026-09-18T08:01:50.729235,,,,,,,,-23.0771,-36.5805,-1.447,-14.6455,,,,,,,False,,cex_momentum,SOL/USDT,20.0,0.02,0.006,1.5,90.0,309.0,13.92,4.6103,91.9499,61.3,-148.6396
692,2026-09-18T08:01:50.805073,,,,,,,,-23.0771,-36.5805,-1.447,-14.6455,,,,,,,False,,cex_momentum,SOL/USDT,20.0,0.02,0.006,1.5,120.0,309.0,13.92,4.6103,91.9499,61.3,-148.6396
693,2026-09-18T08:01:50.886247,,,,,,,,-21.7208,-40.0528,-1.3513,-14.8297,,,,,,,False,,cex_momentum,SOL/USDT,20.0,0.02,0.006,2.0,30.0,291.0,14.09,5.9238,86.6418,57.7612,-138.4792
694,2026-09-18T08:01:50.969791,,,,,,,,-20.6163,-34.6393,-1.2745,-14.5215,,,,,,,False,,cex_momentum,SOL/USDT,20.0,0.02,0.006,2.0,60.0,276.0,14.13,6.2069,82.2039,54.8026,-130.7995
695,2026-09-18T08:01:51.054846,,,,,,,,-20.4413,-34.363,-1.2624,-14.5024,,,,,,,False,,cex_momentum,SOL/USDT,20.0,0.02,0.006,2.0,90.0,274.0,14.23,6.4348,81.6163,54.4109,-129.5924
696,2026-09-18T08:01:51.131564,,,,,,,,-20.4413,-34.363,-1.2624,-14.5024,,,,,,,False,,cex_momentum,SOL/USDT,20.0,0.02,0.006,2.0,120.0,274.0,14.23,6.4348,81.6163,54.4109,-129.5924
697,2026-09-18T08:01:51.212676,,,,,,,,-18.122,-38.2394,-1.1046,-14.7389,,,,,,,False,,cex_momentum,SOL/USDT,20.0,0.02,0.006,2.5,30.0,245.0,13.88,8.6087,73.0454,48.6969,-113.1337
698,2026-09-18T08:01:51.300121,,,,,,,,-17.135,-35.4016,-1.0388,-14.5723,,,,,,,False,,cex_momentum,SOL/USDT,20.0,0.02,0.006,2.5,60.0,234.0,14.96,9.7618,69.7873,46.5249,-106.5504
699,2026-09-18T08:01:51.407908,,,,,,,,-17.1628,-35.492,-1.0406,-14.5781,,,,,,,False,,cex_momentum,SOL/USDT,20.0,0.02,0.006,2.5,90.0,234.0,14.96,9.579,69.7879,46.5253,-106.7342
700,2026-09-18T08:01:51.489816,,,,,,,,-17.1628,-35.492,-1.0406,-14.5781,,,,,,,False,,cex_momentum,SOL/USDT,20.0,0.02,0.006,2.5,120.0,234.0,14.96,9.579,69.7879,46.5253,-106.7342
701,2026-09-18T08:01:51.570271,,,,,,,,-16.4094,-32.5209,-1.0041,-14.3798,,,,,,,False,,cex_momentum,SOL/USDT,20.0,0.02,0.006,3.0,30.0,216.0,13.43,5.6241,64.4286,42.9524,-101.7568
702,2026-09-18T08:01:51.660034,,,,,,,,-15.773,-32.8525,-0.9541,-14.3933,,,,,,,False,,cex_momentum,SOL/USDT,20.0,0.02,0.006,3.0,60.0,208.0,14.42,5.8418,62.0563,41.3709,-97.5853
703,2026-09-18T08:01:51.735551,,,,,,,,-15.8012,-33.0806,-0.9559,-14.4109,,,,,,,False,,cex_momentum,SOL/USDT,20.0,0.02,0.006,3.0,90.0,208.0,14.42,5.6587,62.0568,41.3712,-97.7694
704,2026-09-18T08:01:51.836928,,,,,,,,-15.8012,-33.0806,-0.9559,-14.4109,,,,,,,False,,cex_momentum,SOL/USDT,20.0,0.02,0.006,3.0,120.0,208.0,14.42,5.6587,62.0568,41.3712,-97.7694
705,2026-09-18T08:01:51.941127,,,,,,,,-24.5941,-42.7834,-1.556,-14.9478,,,,,,,False,,cex_momentum,SOL/USDT,20.0,0.02,0.01,1.5,30.0,330.0,13.33,4.0334,98.1407,65.4271,-159.5344
706,2026-09-18T08:01:52.017418,,,,,,,,-23.0807,-37.2298,-1.4473,-14.6834,,,,,,,False,,cex_momentum,SOL/USDT,20.0,0.02,0.01,1.5,60.0,311.0,13.83,5.564,92.5375,61.6917,-148.6652
707,2026-09-18T08:01:52.108580,,,,,,,,-22.7593,-36.408,-1.4244,-14.6352,,,,,,,False,,cex_momentum,SOL/USDT,20.0,0.02,0.01,1.5,90.0,308.0,13.96,6.3822,91.6589,61.1059,-146.3825
708,2026-09-18T08:01:52.180781,,,,,,,,-22.7593,-36.408,-1.4244,-14.6352,,,,,,,False,,cex_momentum,SOL/USDT,20.0,0.02,0.01,1.5,120.0,308.0,13.96,6.3822,91.6589,61.1059,-146.3825
709,2026-09-18T08:01:52.258542,,,,,,,,-21.3275,-40.0347,-1.3238,-14.8289,,,,,,,False,,cex_momentum,SOL/USDT,20.0,0.02,0.01,2.0,30.0,290.0,14.14,8.1861,86.3513,57.5675,-135.7327
710,2026-09-18T08:01:52.334480,,,,,,,,-20.2174,-34.6991,-1.247,-14.5256,,,,,,,False,,cex_momentum,SOL/USDT,20.0,0.02,0.01,2.0,60.0,275.0,14.18,8.4706,81.9129,54.6086,-128.0509
711,2026-09-18T08:01:52.409149,,,,,,,,-20.0415,-34.4561,-1.2349,-14.5089,,,,,,,False,,cex_momentum,SOL/USDT,20.0,0.02,0.01,2.0,90.0,273.0,14.29,8.6987,81.3253,54.2169,-126.8434
712,2026-09-18T08:01:52.483405,,,,,,,,-20.0415,-34.4561,-1.2349,-14.5089,,,,,,,False,,cex_momentum,SOL/USDT,20.0,0.02,0.01,2.0,120.0,273.0,14.29,8.6987,81.3253,54.2169,-126.8434
713,2026-09-18T08:01:52.560079,,,,,,,,-17.7105,-36.1586,-1.0771,-14.62,,,,,,,False,,cex_momentum,SOL/USDT,20.0,0.02,0.01,2.5,30.0,244.0,13.93,10.8763,72.7539,48.5026,-110.3801
714,2026-09-18T08:01:52.643838,,,,,,,,-16.7187,-33.725,-1.0112,-14.4569,,,,,,,False,,cex_momentum,SOL/USDT,20.0,0.02,0.01,2.5,60.0,233.0,15.02,12.0305,69.4953,46.3302,-103.795
715,2026-09-18T08:01:52.725223,,,,,,,,-16.7465,-33.8034,-1.0131,-14.4626,,,,,,,False,,cex_momentum,SOL/USDT,20.0,0.02,0.01,2.5,90.0,233.0,15.02,11.8477,69.4959,46.3306,-103.9789
716,2026-09-18T08:01:52.800748,,,,,,,,-16.7465,-33.8034,-1.0131,-14.4626,,,,,,,False,,cex_momentum,SOL/USDT,20.0,0.02,0.01,2.5,120.0,233.0,15.02,11.8477,69.4959,46.3306,-103.9789
717,2026-09-18T08:01:52.876548,,,,,,,,-16.4094,-32.5209,-1.0041,-14.3798,,,,,,,False,,cex_momentum,SOL/USDT,20.0,0.02,0.01,3.0,30.0,216.0,13.43,5.6241,64.4286,42.9524,-101.7568
718,2026-09-18T08:01:52.955270,,,,,,,,-15.773,-32.8525,-0.9541,-14.3933,,,,,,,False,,cex_momentum,SOL/USDT,20.0,0.02,0.01,3.0,60.0,208.0,14.42,5.8418,62.0563,41.3709,-97.5853
719,2026-09-18T08:01:53.028002,,,,,,,,-15.8012,-33.0806,-0.9559,-14.4109,,,,,,,False,,cex_momentum,SOL/USDT,20.0,0.02,0.01,3.0,90.0,208.0,14.42,5.6587,62.0568,41.3712,-97.7694
720,2026-09-18T08:01:53.102435,,,,,,,,-15.8012,-33.0806,-0.9559,-14.4109,,,,,,,False,,cex_momentum,SOL/USDT,20.0,0.02,0.01,3.0,120.0,208.0,14.42,5.6587,62.0568,41.3712,-97.7694
721,2026-09-18T08:01:53.185471,,,,,,,,-24.295,-51.3668,-1.5344,-15.2142,,,,,,,False,,cex_momentum,SOL/USDT,30.0,0.004,0.003,1.5,30.0,327.0,20.18,6.1198,97.3054,64.8702,-156.0558
722,2026-09-18T08:01:53.265929,,,,,,,,-23.7467,-47.9371,-1.4949,-15.1232,,,,,,,False,,cex_momentum,SOL/USDT,30.0,0.004,0.003,1.5,60.0,321.0,21.18,7.1233,95.5391,63.6928,-152.1086
723,2026-09-18T08:01:53.349353,,,,,,,,-23.7091,-47.808,-1.4922,-15.1194,,,,,,,False,,cex_momentum,SOL/USDT,30.0,0.004,0.003,1.5,90.0,321.0,21.18,7.3978,95.5419,63.6946,-151.8387
724,2026-09-18T08:01:53.427596,,,,,,,,-23.7091,-47.808,-1.4922,-15.1194,,,,,,,False,,cex_momentum,SOL/USDT,30.0,0.004,0.003,1.5,120.0,321.0,21.18,7.3978,95.5419,63.6946,-151.8387
725,2026-09-18T08:01:53.511156,,,,,,,,-21.8308,-48.4871,-1.359,-15.139,,,,,,,False,,cex_momentum,SOL/USDT,30.0,0.004,0.003,2.0,30.0,288.0,20.14,5.0055,85.7629,57.1753,-137.9327
726,2026-09-18T08:01:53.604453,,,,,,,,-21.5054,-44.8727,-1.3362,-15.0254,,,,,,,False,,cex_momentum,SOL/USDT,30.0,0.004,0.003,2.0,60.0,285.0,21.05,5.8087,84.879,56.586,-135.6564
727,2026-09-18T08:01:53.704981,,,,,,,,-21.4667,-44.6765,-1.3335,-15.0186,,,,,,,False,,cex_momentum,SOL/USDT,30.0,0.004,0.003,2.0,90.0,285.0,21.05,6.0831,84.8815,56.5877,-135.386
728,2026-09-18T08:01:53.782999,,,,,,,,-21.4667,-44.6765,-1.3335,-15.0186,,,,,,,False,,cex_momentum,SOL/USDT,30.0,0.004,0.003,2.0,120.0,285.0,21.05,6.0831,84.8815,56.5877,-135.386
729,2026-09-18T08:01:53.867090,,,,,,,,-18.6951,-46.7429,-1.1432,-15.0871,,,,,,,False,,cex_momentum,SOL/USDT,30.0,0.004,0.003,2.5,30.0,241.0,19.09,3.3896,71.8498,47.8999,-116.3601
730,2026-09-18T08:01:53.951572,,,,,,,,-18.2118,-43.5859,-1.1107,-14.9788,,,,,,,False,,cex_momentum,SOL/USDT,30.0,0.004,0.003,2.5,60.0,237.0,20.25,4.6794,70.6706,47.1137,-113.1049
731,2026-09-18T08:01:54.035465,,,,,,,,-18.1714,-43.1838,-1.1079,-14.9634,,,,,,,False,,cex_momentum,SOL/USDT,30.0,0.004,0.003,2.5,90.0,237.0,20.25,4.9538,70.6727,47.1151,-112.834
732,2026-09-18T08:01:54.116184,,,,,,,,-18.1714,-43.1838,-1.1079,-14.9634,,,,,,,False,,cex_momentum,SOL/USDT,30.0,0.004,0.003,2.5,120.0,237.0,20.25,4.9538,70.6727,47.1151,-112.834
733,2026-09-18T08:01:54.200305,,,,,,,,-16.5236,-40.043,-0.9984,-14.8293,,,,,,,False,,cex_momentum,SOL/USDT,30.0,0.004,0.003,3.0,30.0,206.0,18.45,0.5479,61.4547,40.9698,-101.8766
734,2026-09-18T08:01:54.286465,,,,,,,,-16.1559,-38.3436,-0.9742,-14.7445,,,,,,,False,,cex_momentum,SOL/USDT,30.0,0.004,0.003,3.0,60.0,203.0,19.7,1.4885,60.5687,40.3791,-99.4594
735,2026-09-18T08:01:54.381804,,,,,,,,-16.1145,-38.1228,-0.9715,-14.7327,,,,,,,False,,cex_momentum,SOL/USDT,30.0,0.004,0.003,3.0,90.0,203.0,19.7,1.7628,60.5705,40.3803,-99.188
736,2026-09-18T08:01:54.462202,,,,,,,,-16.1145,-38.1228,-0.9715,-14.7327,,,,,,,False,,cex_momentum,SOL/USDT,30.0,0.004,0.003,3.0,120.0,203.0,19.7,1.7628,60.5705,40.3803,-99.188
769,2026-09-18T08:01:54.540492,,,,,,,,-22.3554,-49.7926,-1.3959,-15.1746,,,,,,,False,,cex_momentum,SOL/USDT,30.0,0.007,0.003,1.5,30.0,302.0,16.23,7.6347,89.9072,59.9381,-142.2106
770,2026-09-18T08:01:54.616209,,,,,,,,-21.8577,-45.6885,-1.3609,-15.0532,,,,,,,False,,cex_momentum,SOL/USDT,30.0,0.007,0.003,1.5,60.0,293.0,16.04,6.6956,87.244,58.1627,-138.7111
771,2026-09-18T08:01:54.696394,,,,,,,,-21.6967,-45.3864,-1.3496,-15.0431,,,,,,,False,,cex_momentum,SOL/USDT,30.0,0.007,0.003,1.5,90.0,292.0,16.1,7.3409,86.9545,57.9696,-137.5833
772,2026-09-18T08:01:54.773328,,,,,,,,-21.6967,-45.3864,-1.3496,-15.0431,,,,,,,False,,cex_momentum,SOL/USDT,30.0,0.007,0.003,1.5,120.0,292.0,16.1,7.3409,86.9545,57.9696,-137.5833
773,2026-09-18T08:01:54.854007,,,,,,,,-20.0894,-42.8311,-1.2382,-14.9497,,,,,,,False,,cex_momentum,SOL/USDT,30.0,0.007,0.003,2.0,30.0,267.0,16.1,6.9849,79.5552,53.0368,-125.6071
774,2026-09-18T08:01:54.942005,,,,,,,,-19.8795,-40.9601,-1.2238,-14.8713,,,,,,,False,,cex_momentum,SOL/USDT,30.0,0.007,0.003,2.0,60.0,262.0,15.65,5.9505,78.0711,52.0474,-124.168
775,2026-09-18T08:01:55.024303,,,,,,,,-19.7144,-40.1106,-1.2125,-14.8325,,,,,,,False,,cex_momentum,SOL/USDT,30.0,0.007,0.003,2.0,90.0,261.0,15.71,6.5958,77.7805,51.8537,-123.0384
776,2026-09-18T08:01:55.102666,,,,,,,,-19.7144,-40.1106,-1.2125,-14.8325,,,,,,,False,,cex_momentum,SOL/USDT,30.0,0.007,0.003,2.0,120.0,261.0,15.71,6.5958,77.7805,51.8537,-123.0384
777,2026-09-18T08:01:55.187475,,,,,,,,-17.5649,-39.7669,-1.0674,-14.8161,,,,,,,False,,cex_momentum,SOL/USDT,30.0,0.007,0.003,2.5,30.0,228.0,14.47,4.8042,68.0005,45.3336,-108.5299
778,2026-09-18T08:01:55.270811,,,,,,,,-16.8792,-37.1838,-1.0218,-14.6807,,,,,,,False,,cex_momentum,SOL/USDT,30.0,0.007,0.003,2.5,60.0,222.0,15.32,6.4013,66.227,44.1513,-103.9771
779,2026-09-18T08:01:55.355543,,,,,,,,-16.8353,-36.913,-1.0189,-14.6651,,,,,,,False,,cex_momentum,SOL/USDT,30.0,0.007,0.003,2.5,90.0,222.0,15.32,6.6954,66.2291,44.1528,-103.6865
780,2026-09-18T08:01:55.433968,,,,,,,,-16.8353,-36.913,-1.0189,-14.6651,,,,,,,False,,cex_momentum,SOL/USDT,30.0,0.007,0.003,2.5,120.0,222.0,15.32,6.6954,66.2291,44.1528,-103.6865
781,2026-09-18T08:01:55.517852,,,,,,,,-15.128,-32.2452,-0.9071,-14.3424,,,,,,,False,,cex_momentum,SOL/USDT,30.0,0.007,0.003,3.0,30.0,196.0,15.31,4.986,58.496,38.9974,-92.5074
782,2026-09-18T08:01:55.610468,,,,,,,,-14.5185,-30.7741,-0.8677,-14.2152,,,,,,,False,,cex_momentum,SOL/USDT,30.0,0.007,0.003,3.0,60.0,191.0,16.23,6.4595,57.0166,38.0111,-88.5683
783,2026-09-18T08:01:55.696172,,,,,,,,-14.4733,-30.6535,-0.8648,-14.2041,,,,,,,False,,cex_momentum,SOL/USDT,30.0,0.007,0.003,3.0,90.0,191.0,16.23,6.7536,57.0185,38.0123,-88.2772
784,2026-09-18T08:01:55.776654,,,,,,,,-14.4733,-30.6535,-0.8648,-14.2041,,,,,,,False,,cex_momentum,SOL/USDT,30.0,0.007,0.003,3.0,120.0,191.0,16.23,6.7536,57.0185,38.0123,-88.2772
785,2026-09-18T08:01:55.857479,,,,,,,,-22.7247,-52.7917,-1.422,-15.2473,,,,,,,False,,cex_momentum,SOL/USDT,30.0,0.007,0.006,1.5,30.0,302.0,16.23,5.0086,89.8981,59.9321,-144.8216
786,2026-09-18T08:01:55.940684,,,,,,,,-22.2295,-48.3447,-1.387,-15.1349,,,,,,,False,,cex_momentum,SOL/USDT,30.0,0.007,0.006,1.5,60.0,293.0,16.04,4.069,87.2352,58.1568,-141.323
787,2026-09-18T08:01:56.021589,,,,,,,,-22.0692,-47.9647,-1.3757,-15.124,,,,,,,False,,cex_momentum,SOL/USDT,30.0,0.007,0.006,1.5,90.0,292.0,16.1,4.714,86.9457,57.9638,-140.1954
788,2026-09-18T08:01:56.090032,,,,,,,,-22.0692,-47.9647,-1.3757,-15.124,,,,,,,False,,cex_momentum,SOL/USDT,30.0,0.007,0.006,1.5,120.0,292.0,16.1,4.714,86.9457,57.9638,-140.1954
789,2026-09-18T08:01:56.168617,,,,,,,,-20.5324,-45.3905,-1.2687,-15.0432,,,,,,,False,,cex_momentum,SOL/USDT,30.0,0.007,0.006,2.0,30.0,267.0,16.1,3.9185,79.5446,53.0297,-128.6558
790,2026-09-18T08:01:56.250545,,,,,,,,-20.3236,-43.6482,-1.2543,-14.9811,,,,,,,False,,cex_momentum,SOL/USDT,30.0,0.007,0.006,2.0,60.0,262.0,15.65,2.8839,78.0606,52.0404,-127.2172
791,2026-09-18T08:01:56.332383,,,,,,,,-20.1594,-42.7359,-1.243,-14.9459,,,,,,,False,,cex_momentum,SOL/USDT,30.0,0.007,0.006,2.0,90.0,261.0,15.71,3.5288,77.7701,51.8467,-126.088
792,2026-09-18T08:01:56.410416,,,,,,,,-20.1594,-42.7359,-1.243,-14.9459,,,,,,,False,,cex_momentum,SOL/USDT,30.0,0.007,0.006,2.0,120.0,261.0,15.71,3.5288,77.7701,51.8467,-126.088
793,2026-09-18T08:01:56.496731,,,,,,,,-17.4914,-39.2687,-1.0625,-14.7918,,,,,,,False,,cex_momentum,SOL/USDT,30.0,0.007,0.006,2.5,30.0,228.0,14.91,5.2911,67.9988,45.3325,-108.0401
794,2026-09-18T08:01:56.581975,,,,,,,,-16.8051,-36.5483,-1.0169,-14.6436,,,,,,,False,,cex_momentum,SOL/USDT,30.0,0.007,0.006,2.5,60.0,222.0,15.77,6.8886,66.2254,44.1503,-103.4871
795,2026-09-18T08:01:56.687700,,,,,,,,-16.7611,-36.2885,-1.014,-14.628,,,,,,,False,,cex_momentum,SOL/USDT,30.0,0.007,0.006,2.5,90.0,222.0,15.77,7.1827,66.2275,44.1517,-103.1965
796,2026-09-18T08:01:56.784156,,,,,,,,-16.7611,-36.2885,-1.014,-14.628,,,,,,,False,,cex_momentum,SOL/USDT,30.0,0.007,0.006,2.5,120.0,222.0,15.77,7.1827,66.2275,44.1517,-103.1965
797,2026-09-18T08:01:56.872560,,,,,,,,-14.884,-30.0303,-0.8913,-14.1451,,,,,,,False,,cex_momentum,SOL/USDT,30.0,0.007,0.006,3.0,30.0,196.0,15.82,6.5662,58.4962,38.9974,-90.9274
798,2026-09-18T08:01:56.957508,,,,,,,,-14.2728,-28.73,-0.8519,-14.0121,,,,,,,False,,cex_momentum,SOL/USDT,30.0,0.007,0.006,3.0,60.0,191.0,16.75,8.0403,57.0168,38.0112,-86.9877
799,2026-09-18T08:01:57.038637,,,,,,,,-14.2275,-28.6236,-0.849,-14.0006,,,,,,,False,,cex_momentum,SOL/USDT,30.0,0.007,0.006,3.0,90.0,191.0,16.75,8.3344,57.0186,38.0124,-86.6966
800,2026-09-18T08:01:57.118726,,,,,,,,-14.2275,-28.6236,-0.849,-14.0006,,,,,,,False,,cex_momentum,SOL/USDT,30.0,0.007,0.006,3.0,120.0,191.0,16.75,8.3344,57.0186,38.0124,-86.6966
817,2026-09-18T08:01:57.201103,,,,,,,,-21.6293,-42.0012,-1.3449,-14.916,,,,,,,False,,cex_momentum,SOL/USDT,30.0,0.01,0.003,1.5,30.0,290.0,14.14,6.8301,86.3661,57.5774,-137.1133
818,2026-09-18T08:01:57.281606,,,,,,,,-20.6228,-38.1978,-1.2749,-14.7367,,,,,,,False,,cex_momentum,SOL/USDT,30.0,0.01,0.003,1.5,60.0,278.0,14.75,7.9128,82.8191,55.2127,-130.1191
819,2026-09-18T08:01:57.363764,,,,,,,,-20.3712,-37.4761,-1.2576,-14.6973,,,,,,,False,,cex_momentum,SOL/USDT,30.0,0.01,0.003,1.5,90.0,276.0,14.86,8.6723,82.2336,54.8224,-128.3837
820,2026-09-18T08:01:57.442790,,,,,,,,-20.3712,-37.4761,-1.2576,-14.6973,,,,,,,False,,cex_momentum,SOL/USDT,30.0,0.01,0.003,1.5,120.0,276.0,14.86,8.6723,82.2336,54.8224,-128.3837
821,2026-09-18T08:01:57.524771,,,,,,,,-19.3662,-38.713,-1.1887,-14.7637,,,,,,,False,,cex_momentum,SOL/USDT,30.0,0.01,0.003,2.0,30.0,259.0,14.29,7.747,77.1952,51.4635,-120.9117
822,2026-09-18T08:01:57.611028,,,,,,,,-18.7862,-34.8993,-1.1494,-14.5392,,,,,,,False,,cex_momentum,SOL/USDT,30.0,0.01,0.003,2.0,60.0,251.0,14.34,7.7287,74.8235,49.8823,-116.9771
823,2026-09-18T08:01:57.691731,,,,,,,,-18.689,-34.7303,-1.1428,-14.5277,,,,,,,False,,cex_momentum,SOL/USDT,30.0,0.01,0.003,2.0,90.0,250.0,14.4,7.8974,74.5308,49.6872,-116.3206
824,2026-09-18T08:01:57.770248,,,,,,,,-18.689,-34.7303,-1.1428,-14.5277,,,,,,,False,,cex_momentum,SOL/USDT,30.0,0.01,0.003,2.0,120.0,250.0,14.4,7.8974,74.5308,49.6872,-116.3206
825,2026-09-18T08:01:57.855709,,,,,,,,-16.6596,-37.0287,-1.0073,-14.6718,,,,,,,False,,cex_momentum,SOL/USDT,30.0,0.01,0.003,2.5,30.0,220.0,13.64,6.6093,65.6305,43.7537,-102.7749
826,2026-09-18T08:01:57.948564,,,,,,,,-15.7225,-31.5207,-0.9458,-14.2816,,,,,,,False,,cex_momentum,SOL/USDT,30.0,0.01,0.003,2.5,60.0,212.0,14.62,8.8124,63.2623,42.1748,-96.6247
827,2026-09-18T08:01:58.031468,,,,,,,,-15.7507,-31.6336,-0.9476,-14.2913,,,,,,,False,,cex_momentum,SOL/USDT,30.0,0.01,0.003,2.5,90.0,212.0,14.62,8.6293,63.2628,42.1752,-96.8087
828,2026-09-18T08:01:58.109664,,,,,,,,-15.7507,-31.6336,-0.9476,-14.2913,,,,,,,False,,cex_momentum,SOL/USDT,30.0,0.01,0.003,2.5,120.0,212.0,14.62,8.6293,63.2628,42.1752,-96.8087
829,2026-09-18T08:01:58.194866,,,,,,,,-14.8809,-31.5266,-0.8911,-14.2821,,,,,,,False,,cex_momentum,SOL/USDT,30.0,0.01,0.003,3.0,30.0,191.0,14.14,3.8588,57.0093,38.0062,-91.1566
830,2026-09-18T08:01:58.276842,,,,,,,,-14.1455,-28.2478,-0.8476,-13.9607,,,,,,,False,,cex_momentum,SOL/USDT,30.0,0.01,0.003,3.0,60.0,185.0,15.14,5.6334,55.2318,36.8212,-86.4197
831,2026-09-18T08:01:58.360874,,,,,,,,-14.1742,-28.4058,-0.8494,-13.9783,,,,,,,False,,cex_momentum,SOL/USDT,30.0,0.01,0.003,3.0,90.0,185.0,15.14,5.4499,55.2323,36.8215,-86.6039
832,2026-09-18T08:01:58.441417,,,,,,,,-14.1742,-28.4058,-0.8494,-13.9783,,,,,,,False,,cex_momentum,SOL/USDT,30.0,0.01,0.003,3.0,120.0,185.0,15.14,5.4499,55.2323,36.8215,-86.6039
833,2026-09-18T08:01:58.518236,,,,,,,,-21.7438,-41.7642,-1.3529,-14.9061,,,,,,,False,,cex_momentum,SOL/USDT,30.0,0.01,0.006,1.5,30.0,290.0,14.14,6.0248,86.3636,57.5757,-137.9146
834,2026-09-18T08:01:58.605100,,,,,,,,-20.8263,-38.6921,-1.289,-14.7626,,,,,,,False,,cex_momentum,SOL/USDT,30.0,0.01,0.006,1.5,60.0,278.0,14.75,6.5005,82.8163,55.2108,-131.5266
835,2026-09-18T08:01:58.684717,,,,,,,,-20.5754,-37.9304,-1.2716,-14.7223,,,,,,,False,,cex_momentum,SOL/USDT,30.0,0.01,0.006,1.5,90.0,276.0,14.86,7.2598,82.2308,54.8205,-129.7915
836,2026-09-18T08:01:58.762642,,,,,,,,-20.5754,-37.9304,-1.2716,-14.7223,,,,,,,False,,cex_momentum,SOL/USDT,30.0,0.01,0.006,1.5,120.0,276.0,14.86,7.2598,82.2308,54.8205,-129.7915
837,2026-09-18T08:01:58.841985,,,,,,,,-19.2658,-35.9712,-1.1819,-14.6084,,,,,,,False,,cex_momentum,SOL/USDT,30.0,0.01,0.006,2.0,30.0,258.0,14.34,7.93,76.8952,51.2635,-120.2286
838,2026-09-18T08:01:58.925222,,,,,,,,-18.7748,-32.9381,-1.1486,-14.3976,,,,,,,False,,cex_momentum,SOL/USDT,30.0,0.01,0.006,2.0,60.0,250.0,14.4,7.3046,74.523,49.682,-116.9004
839,2026-09-18T08:01:59.007006,,,,,,,,-18.6777,-32.8285,-1.142,-14.3891,,,,,,,False,,cex_momentum,SOL/USDT,30.0,0.01,0.006,2.0,90.0,249.0,14.46,7.4733,74.2303,49.4869,-116.2439
840,2026-09-18T08:01:59.081575,,,,,,,,-18.6777,-32.8285,-1.142,-14.3891,,,,,,,False,,cex_momentum,SOL/USDT,30.0,0.01,0.006,2.0,120.0,249.0,14.46,7.4733,74.2303,49.4869,-116.2439
841,2026-09-18T08:01:59.156785,,,,,,,,-16.8809,-38.2261,-1.0219,-14.7382,,,,,,,False,,cex_momentum,SOL/USDT,30.0,0.01,0.006,2.5,30.0,220.0,13.64,5.1439,65.6283,43.7522,-104.2366
842,2026-09-18T08:01:59.239757,,,,,,,,-15.9462,-33.0461,-0.9604,-14.4059,,,,,,,False,,cex_momentum,SOL/USDT,30.0,0.01,0.006,2.5,60.0,212.0,14.62,7.3463,63.2601,42.1734,-98.0873
843,2026-09-18T08:01:59.323738,,,,,,,,-15.9744,-33.1716,-0.9623,-14.4155,,,,,,,False,,cex_momentum,SOL/USDT,30.0,0.01,0.006,2.5,90.0,212.0,14.62,7.1631,63.2607,42.1738,-98.2713
844,2026-09-18T08:01:59.402292,,,,,,,,-15.9744,-33.1716,-0.9623,-14.4155,,,,,,,False,,cex_momentum,SOL/USDT,30.0,0.01,0.006,2.5,120.0,212.0,14.62,7.1631,63.2607,42.1738,-98.2713
845,2026-09-18T08:01:59.488247,,,,,,,,-14.9388,-32.6353,-0.8949,-14.3738,,,,,,,False,,cex_momentum,SOL/USDT,30.0,0.01,0.006,3.0,30.0,191.0,14.14,3.4837,57.0087,38.0058,-91.5308
846,2026-09-18T08:01:59.574152,,,,,,,,-14.2039,-29.2779,-0.8475,-14.0698,,,,,,,False,,cex_momentum,SOL/USDT,30.0,0.01,0.006,3.0,60.0,185.0,15.14,5.2582,55.2313,36.8209,-86.794
847,2026-09-18T08:01:59.665601,,,,,,,,-14.2325,-29.449,-0.8493,-14.0873,,,,,,,False,,cex_momentum,SOL/USDT,30.0,0.01,0.006,3.0,90.0,185.0,15.14,5.0747,55.2318,36.8212,-86.9782
848,2026-09-18T08:01:59.762994,,,,,,,,-14.2325,-29.449,-0.8493,-14.0873,,,,,,,False,,cex_momentum,SOL/USDT,30.0,0.01,0.006,3.0,120.0,185.0,15.14,5.0747,55.2318,36.8212,-86.9782
865,2026-09-18T08:01:59.846367,,,,,,,,-20.897,-37.5765,-1.2939,-14.7029,,,,,,,False,,cex_momentum,SOL/USDT,30.0,0.015,0.003,1.5,30.0,286.0,13.99,9.9773,85.1959,56.7972,-132.0158
866,2026-09-18T08:01:59.926242,,,,,,,,-19.8644,-34.6295,-1.2227,-14.5209,,,,,,,False,,cex_momentum,SOL/USDT,30.0,0.015,0.003,1.5,60.0,271.0,14.76,9.6886,80.7553,53.8368,-124.9035
867,2026-09-18T08:02:00.008427,,,,,,,,-19.6104,-34.0802,-1.2054,-14.4825,,,,,,,False,,cex_momentum,SOL/USDT,30.0,0.015,0.003,1.5,90.0,269.0,14.87,10.4484,80.1694,53.4463,-123.1672
868,2026-09-18T08:02:00.084870,,,,,,,,-19.6104,-34.0802,-1.2054,-14.4825,,,,,,,False,,cex_momentum,SOL/USDT,30.0,0.015,0.003,1.5,120.0,269.0,14.87,10.4484,80.1694,53.4463,-123.1672
869,2026-09-18T08:02:00.169954,,,,,,,,-18.8056,-34.3493,-1.1507,-14.5015,,,,,,,False,,cex_momentum,SOL/USDT,30.0,0.015,0.003,2.0,30.0,254.0,14.17,9.0948,75.7219,50.4813,-117.1084
870,2026-09-18T08:02:00.251422,,,,,,,,-18.2776,-31.4601,-1.1151,-14.2763,,,,,,,False,,cex_momentum,SOL/USDT,30.0,0.015,0.003,2.0,60.0,244.0,14.34,7.7054,72.7526,48.5017,-113.5489
871,2026-09-18T08:02:00.329377,,,,,,,,-18.1798,-31.3227,-1.1085,-14.2643,,,,,,,False,,cex_momentum,SOL/USDT,30.0,0.015,0.003,2.0,90.0,243.0,14.4,7.874,72.4597,48.3065,-112.8922
872,2026-09-18T08:02:00.406624,,,,,,,,-18.1798,-31.3227,-1.1085,-14.2643,,,,,,,False,,cex_momentum,SOL/USDT,30.0,0.015,0.003,2.0,120.0,243.0,14.4,7.874,72.4597,48.3065,-112.8922
873,2026-09-18T08:02:00.492759,,,,,,,,-16.406,-33.6908,-0.9906,-14.4544,,,,,,,False,,cex_momentum,SOL/USDT,30.0,0.015,0.003,2.5,30.0,217.0,13.36,6.7969,64.7404,43.1603,-101.1037
874,2026-09-18T08:02:00.585107,,,,,,,,-15.4562,-28.6893,-0.9284,-14.0077,,,,,,,False,,cex_momentum,SOL/USDT,30.0,0.015,0.003,2.5,60.0,207.0,14.49,8.0702,61.7754,41.1836,-94.8888
875,2026-09-18T08:02:00.669340,,,,,,,,-15.4845,-28.7827,-0.9303,-14.0178,,,,,,,False,,cex_momentum,SOL/USDT,30.0,0.015,0.003,2.5,90.0,207.0,14.49,7.887,61.7759,41.1839,-95.0729
876,2026-09-18T08:02:00.748039,,,,,,,,-15.4845,-28.7827,-0.9303,-14.0178,,,,,,,False,,cex_momentum,SOL/USDT,30.0,0.015,0.003,2.5,120.0,207.0,14.49,7.887,61.7759,41.1839,-95.0729
877,2026-09-18T08:02:00.831702,,,,,,,,-14.2684,-27.0044,-0.8695,-13.845,,,,,,,False,,cex_momentum,SOL/USDT,30.0,0.015,0.003,3.0,30.0,187.0,13.9,5.8354,55.8262,37.2175,-87.2083
878,2026-09-18T08:02:00.915308,,,,,,,,-13.7198,-26.5782,-0.8266,-13.7696,,,,,,,False,,cex_momentum,SOL/USDT,30.0,0.015,0.003,3.0,60.0,180.0,15.0,5.8854,53.7481,35.8321,-83.6948
879,2026-09-18T08:02:01.009105,,,,,,,,-13.7486,-26.7177,-0.8284,-13.7874,,,,,,,False,,cex_momentum,SOL/USDT,30.0,0.015,0.003,3.0,90.0,180.0,15.0,5.7018,53.7485,35.8324,-83.879
880,2026-09-18T08:02:01.089155,,,,,,,,-13.7486,-26.7177,-0.8284,-13.7874,,,,,,,False,,cex_momentum,SOL/USDT,30.0,0.015,0.003,3.0,120.0,180.0,15.0,5.7018,53.7485,35.8324,-83.879
881,2026-09-18T08:02:01.171259,,,,,,,,-20.8865,-36.5922,-1.2932,-14.6462,,,,,,,False,,cex_momentum,SOL/USDT,30.0,0.015,0.006,1.5,30.0,285.0,14.04,9.5504,84.8964,56.5976,-131.9436
882,2026-09-18T08:02:01.252374,,,,,,,,-19.8023,-33.2848,-1.2185,-14.4241,,,,,,,False,,cex_momentum,SOL/USDT,30.0,0.015,0.006,1.5,60.0,271.0,14.76,10.1096,80.7526,53.8351,-124.4781
883,2026-09-18T08:02:01.329295,,,,,,,,-19.5481,-32.7666,-1.2011,-14.3842,,,,,,,False,,cex_momentum,SOL/USDT,30.0,0.015,0.006,1.5,90.0,269.0,14.87,10.8695,80.1667,53.4445,-122.7417
884,2026-09-18T08:02:01.407231,,,,,,,,-19.5481,-32.7666,-1.2011,-14.3842,,,,,,,False,,cex_momentum,SOL/USDT,30.0,0.015,0.006,1.5,120.0,269.0,14.87,10.8695,80.1667,53.4445,-122.7417
885,2026-09-18T08:02:01.491373,,,,,,,,-18.7734,-33.1131,-1.1485,-14.4111,,,,,,,False,,cex_momentum,SOL/USDT,30.0,0.015,0.006,2.0,30.0,253.0,14.23,8.8112,75.4212,50.2808,-116.8908
886,2026-09-18T08:02:01.596646,,,,,,,,-18.1926,-29.8268,-1.1094,-14.1252,,,,,,,False,,cex_momentum,SOL/USDT,30.0,0.015,0.006,2.0,60.0,244.0,14.34,8.2708,72.7491,48.4994,-112.9777
887,2026-09-18T08:02:01.690992,,,,,,,,-18.0947,-29.7367,-1.1028,-14.1163,,,,,,,False,,cex_momentum,SOL/USDT,30.0,0.015,0.006,2.0,90.0,243.0,14.4,8.4394,72.4562,48.3042,-112.321
888,2026-09-18T08:02:01.765602,,,,,,,,-18.0947,-29.7367,-1.1028,-14.1163,,,,,,,False,,cex_momentum,SOL/USDT,30.0,0.015,0.006,2.0,120.0,243.0,14.4,8.4394,72.4562,48.3042,-112.321
889,2026-09-18T08:02:01.849949,,,,,,,,-16.6279,-34.9756,-1.0052,-14.5443,,,,,,,False,,cex_momentum,SOL/USDT,30.0,0.015,0.006,2.5,30.0,217.0,13.36,5.3313,64.7382,43.1588,-102.5657
890,2026-09-18T08:02:01.956792,,,,,,,,-15.6448,-29.7411,-0.9407,-14.1167,,,,,,,False,,cex_momentum,SOL/USDT,30.0,0.015,0.006,2.5,60.0,207.0,14.49,6.8383,61.7735,41.1823,-96.1175
891,2026-09-18T08:02:02.056237,,,,,,,,-15.673,-29.8419,-0.9426,-14.1267,,,,,,,False,,cex_momentum,SOL/USDT,30.0,0.015,0.006,2.5,90.0,207.0,14.49,6.6551,61.774,41.1827,-96.3016
892,2026-09-18T08:02:02.137120,,,,,,,,-15.673,-29.8419,-0.9426,-14.1267,,,,,,,False,,cex_momentum,SOL/USDT,30.0,0.015,0.006,2.5,120.0,207.0,14.49,6.6551,61.774,41.1827,-96.3016
893,2026-09-18T08:02:02.215300,,,,,,,,-14.3266,-28.018,-0.8667,-13.9464,,,,,,,False,,cex_momentum,SOL/USDT,30.0,0.015,0.006,3.0,30.0,187.0,13.9,5.4602,55.8257,37.2171,-87.5826
894,2026-09-18T08:02:02.298944,,,,,,,,-13.7784,-27.4969,-0.8238,-13.8737,,,,,,,False,,cex_momentum,SOL/USDT,30.0,0.015,0.006,3.0,60.0,180.0,15.0,5.5101,53.7476,35.8317,-84.0692
895,2026-09-18T08:02:02.383580,,,,,,,,-13.8072,-27.6469,-0.8256,-13.8915,,,,,,,False,,cex_momentum,SOL/USDT,30.0,0.015,0.006,3.0,90.0,180.0,15.0,5.3265,53.748,35.832,-84.2535
896,2026-09-18T08:02:02.464119,,,,,,,,-13.8072,-27.6469,-0.8256,-13.8915,,,,,,,False,,cex_momentum,SOL/USDT,30.0,0.015,0.006,3.0,120.0,180.0,15.0,5.3265,53.748,35.832,-84.2535
897,2026-09-18T08:02:02.539672,,,,,,,,-20.6587,-36.5736,-1.2774,-14.6451,,,,,,,False,,cex_momentum,SOL/USDT,30.0,0.015,0.01,1.5,30.0,284.0,14.08,10.6385,84.6032,56.4021,-130.3668
898,2026-09-18T08:02:02.615368,,,,,,,,-19.5713,-33.1183,-1.2027,-14.4115,,,,,,,False,,cex_momentum,SOL/USDT,30.0,0.015,0.01,1.5,60.0,270.0,14.81,11.1984,80.4591,53.6394,-122.9001
899,2026-09-18T08:02:02.699800,,,,,,,,-19.3163,-32.6251,-1.1853,-14.373,,,,,,,False,,cex_momentum,SOL/USDT,30.0,0.015,0.01,1.5,90.0,268.0,14.93,11.9586,79.8732,53.2488,-121.1634
900,2026-09-18T08:02:02.773847,,,,,,,,-19.3163,-32.6251,-1.1853,-14.373,,,,,,,False,,cex_momentum,SOL/USDT,30.0,0.015,0.01,1.5,120.0,268.0,14.93,11.9586,79.8732,53.2488,-121.1634
901,2026-09-18T08:02:02.848142,,,,,,,,-18.4848,-33.4197,-1.129,-14.4343,,,,,,,False,,cex_momentum,SOL/USDT,30.0,0.015,0.01,2.0,30.0,253.0,14.23,10.7656,75.4253,50.2836,-114.9432
902,2026-09-18T08:02:02.927818,,,,,,,,-17.9019,-30.0362,-1.0899,-14.1457,,,,,,,False,,cex_momentum,SOL/USDT,30.0,0.015,0.01,2.0,60.0,244.0,14.34,10.2258,72.7531,48.5021,-111.0294
903,2026-09-18T08:02:03.008623,,,,,,,,-17.8037,-29.9594,-1.0833,-14.1382,,,,,,,False,,cex_momentum,SOL/USDT,30.0,0.015,0.01,2.0,90.0,243.0,14.4,10.3946,72.4602,48.3068,-110.3725
904,2026-09-18T08:02:03.086138,,,,,,,,-17.8037,-29.9594,-1.0833,-14.1382,,,,,,,False,,cex_momentum,SOL/USDT,30.0,0.015,0.01,2.0,120.0,243.0,14.4,10.3946,72.4602,48.3068,-110.3725
905,2026-09-18T08:02:03.174960,,,,,,,,-15.9543,-32.8219,-0.961,-14.3885,,,,,,,False,,cex_momentum,SOL/USDT,30.0,0.015,0.01,2.5,30.0,216.0,13.43,9.2751,64.4491,42.9661,-98.1402
906,2026-09-18T08:02:03.254646,,,,,,,,-14.9632,-28.1981,-0.8964,-13.9535,,,,,,,False,,cex_momentum,SOL/USDT,30.0,0.015,0.01,2.5,60.0,206.0,14.56,10.784,61.4839,40.9893,-91.6891
907,2026-09-18T08:02:03.338092,,,,,,,,-14.9917,-28.2861,-0.8983,-13.9634,,,,,,,False,,cex_momentum,SOL/USDT,30.0,0.015,0.01,2.5,90.0,206.0,14.56,10.6008,61.4844,40.9896,-91.8732
908,2026-09-18T08:02:03.415277,,,,,,,,-14.9917,-28.2861,-0.8983,-13.9634,,,,,,,False,,cex_momentum,SOL/USDT,30.0,0.015,0.01,2.5,120.0,206.0,14.56,10.6008,61.4844,40.9896,-91.8732
909,2026-09-18T08:02:03.495853,,,,,,,,-14.3266,-28.018,-0.8667,-13.9464,,,,,,,False,,cex_momentum,SOL/USDT,30.0,0.015,0.01,3.0,30.0,187.0,13.9,5.4602,55.8257,37.2171,-87.5826
910,2026-09-18T08:02:03.566608,,,,,,,,-13.7784,-27.4969,-0.8238,-13.8737,,,,,,,False,,cex_momentum,SOL/USDT,30.0,0.015,0.01,3.0,60.0,180.0,15.0,5.5101,53.7476,35.8317,-84.0692
911,2026-09-18T08:02:03.643968,,,,,,,,-13.8072,-27.6469,-0.8256,-13.8915,,,,,,,False,,cex_momentum,SOL/USDT,30.0,0.015,0.01,3.0,90.0,180.0,15.0,5.3265,53.748,35.832,-84.2535
912,2026-09-18T08:02:03.723400,,,,,,,,-13.8072,-27.6469,-0.8256,-13.8915,,,,,,,False,,cex_momentum,SOL/USDT,30.0,0.015,0.01,3.0,120.0,180.0,15.0,5.3265,53.748,35.832,-84.2535
913,2026-09-18T08:02:03.804523,,,,,,,,-20.6486,-35.5759,-1.2767,-14.5835,,,,,,,False,,cex_momentum,SOL/USDT,30.0,0.02,0.003,1.5,30.0,281.0,13.88,9.2169,83.7084,55.8056,-130.2971
914,2026-09-18T08:02:03.882651,,,,,,,,-19.7032,-32.9891,-1.2117,-14.4015,,,,,,,False,,cex_momentum,SOL/USDT,30.0,0.02,0.003,1.5,60.0,266.0,14.66,8.3028,79.2623,52.8416,-123.8012
915,2026-09-18T08:02:03.965901,,,,,,,,-19.4487,-32.4853,-1.1943,-14.3619,,,,,,,False,,cex_momentum,SOL/USDT,30.0,0.02,0.003,1.5,90.0,264.0,14.77,9.0625,78.6763,52.4509,-122.0647
916,2026-09-18T08:02:04.035255,,,,,,,,-19.4487,-32.4853,-1.1943,-14.3619,,,,,,,False,,cex_momentum,SOL/USDT,30.0,0.02,0.003,1.5,120.0,264.0,14.77,9.0625,78.6763,52.4509,-122.0647
917,2026-09-18T08:02:04.115370,,,,,,,,-18.4326,-32.2308,-1.1255,-14.3413,,,,,,,False,,cex_momentum,SOL/USDT,30.0,0.02,0.003,2.0,30.0,250.0,14.0,9.6288,74.5321,49.6881,-114.5914
918,2026-09-18T08:02:04.201454,,,,,,,,-17.9945,-29.5106,-1.0963,-14.0936,,,,,,,False,,cex_momentum,SOL/USDT,30.0,0.02,0.003,2.0,60.0,240.0,14.17,7.6139,71.558,47.7053,-111.6494
919,2026-09-18T08:02:04.281974,,,,,,,,-17.8964,-29.386,-1.0897,-14.0809,,,,,,,False,,cex_momentum,SOL/USDT,30.0,0.02,0.003,2.0,90.0,239.0,14.23,7.7825,71.265,47.51,-110.9925
920,2026-09-18T08:02:04.357732,,,,,,,,-17.8964,-29.386,-1.0897,-14.0809,,,,,,,False,,cex_momentum,SOL/USDT,30.0,0.02,0.003,2.0,120.0,239.0,14.23,7.7825,71.265,47.51,-110.9925
921,2026-09-18T08:02:04.443275,,,,,,,,-16.0176,-29.9323,-0.9651,-14.1471,,,,,,,False,,cex_momentum,SOL/USDT,30.0,0.02,0.003,2.5,30.0,214.0,13.08,7.8688,63.8541,42.5694,-98.5547
922,2026-09-18T08:02:04.526112,,,,,,,,-15.2704,-27.2501,-0.9164,-13.8546,,,,,,,False,,cex_momentum,SOL/USDT,30.0,0.02,0.003,2.5,60.0,205.0,14.15,8.2941,61.1848,40.7899,-93.6806
923,2026-09-18T08:02:04.631238,,,,,,,,-15.2987,-27.3347,-0.9182,-13.8649,,,,,,,False,,cex_momentum,SOL/USDT,30.0,0.02,0.003,2.5,90.0,205.0,14.15,8.1108,61.1853,40.7902,-93.8647
924,2026-09-18T08:02:04.709095,,,,,,,,-15.2987,-27.3347,-0.9182,-13.8649,,,,,,,False,,cex_momentum,SOL/USDT,30.0,0.02,0.003,2.5,120.0,205.0,14.15,8.1108,61.1853,40.7902,-93.8647
925,2026-09-18T08:02:04.793000,,,,,,,,-14.1751,-25.8122,-0.8692,-13.7123,,,,,,,False,,cex_momentum,SOL/USDT,30.0,0.02,0.003,3.0,30.0,186.0,13.44,5.9358,55.5271,37.0181,-86.6095
926,2026-09-18T08:02:04.876645,,,,,,,,-13.6345,-25.5845,-0.8263,-13.65,,,,,,,False,,cex_momentum,SOL/USDT,30.0,0.02,0.003,3.0,60.0,179.0,14.53,5.9311,53.449,35.6326,-83.1505
927,2026-09-18T08:02:04.960242,,,,,,,,-13.6633,-25.7135,-0.8281,-13.668,,,,,,,False,,cex_momentum,SOL/USDT,30.0,0.02,0.003,3.0,90.0,179.0,14.53,5.7476,53.4494,35.6329,-83.3347
928,2026-09-18T08:02:05.041087,,,,,,,,-13.6633,-25.7135,-0.8281,-13.668,,,,,,,False,,cex_momentum,SOL/USDT,30.0,0.02,0.003,3.0,120.0,179.0,14.53,5.7476,53.4494,35.6329,-83.3347
929,2026-09-18T08:02:05.121588,,,,,,,,-20.8068,-36.1538,-1.2876,-14.6197,,,,,,,False,,cex_momentum,SOL/USDT,30.0,0.02,0.006,1.5,30.0,281.0,13.88,8.119,83.7062,55.8041,-131.3913
930,2026-09-18T08:02:05.201146,,,,,,,,-19.8633,-33.7737,-1.2227,-14.4604,,,,,,,False,,cex_momentum,SOL/USDT,30.0,0.02,0.006,1.5,60.0,266.0,14.66,7.2044,79.2603,52.8402,-124.8961
931,2026-09-18T08:02:05.279887,,,,,,,,-19.6093,-33.2407,-1.2053,-14.4208,,,,,,,False,,cex_momentum,SOL/USDT,30.0,0.02,0.006,1.5,90.0,264.0,14.77,7.9639,78.6742,52.4495,-123.1598
932,2026-09-18T08:02:05.355946,,,,,,,,-19.6093,-33.2407,-1.2053,-14.4208,,,,,,,False,,cex_momentum,SOL/USDT,30.0,0.02,0.006,1.5,120.0,264.0,14.77,7.9639,78.6742,52.4495,-123.1598
933,2026-09-18T08:02:05.438803,,,,,,,,-18.6595,-33.0136,-1.1408,-14.4034,,,,,,,False,,cex_momentum,SOL/USDT,30.0,0.02,0.006,2.0,30.0,250.0,14.0,8.0915,74.5277,49.6851,-116.1213
934,2026-09-18T08:02:05.519229,,,,,,,,-18.2227,-30.3943,-1.1114,-14.1799,,,,,,,False,,cex_momentum,SOL/USDT,30.0,0.02,0.006,2.0,60.0,240.0,14.17,6.0766,71.5538,47.7025,-113.1797
935,2026-09-18T08:02:05.602033,,,,,,,,-18.1248,-30.3047,-1.1048,-14.1714,,,,,,,False,,cex_momentum,SOL/USDT,30.0,0.02,0.006,2.0,90.0,239.0,14.23,6.245,71.2608,47.5072,-112.523
936,2026-09-18T08:02:05.678444,,,,,,,,-18.1248,-30.3047,-1.1048,-14.1714,,,,,,,False,,cex_momentum,SOL/USDT,30.0,0.02,0.006,2.0,120.0,239.0,14.23,6.245,71.2608,47.5072,-112.523
937,2026-09-18T08:02:05.761913,,,,,,,,-16.2406,-31.0364,-0.9797,-14.2504,,,,,,,False,,cex_momentum,SOL/USDT,30.0,0.02,0.006,2.5,30.0,214.0,13.08,6.4029,63.852,42.568,-100.017
938,2026-09-18T08:02:05.845797,,,,,,,,-15.4953,-28.3136,-0.931,-13.9785,,,,,,,False,,cex_momentum,SOL/USDT,30.0,0.02,0.006,2.5,60.0,205.0,14.15,6.8276,61.1828,40.7885,-95.1437
939,2026-09-18T08:02:05.933654,,,,,,,,-15.5236,-28.4051,-0.9328,-13.9886,,,,,,,False,,cex_momentum,SOL/USDT,30.0,0.02,0.006,2.5,90.0,205.0,14.15,6.6444,61.1833,40.7888,-95.3277
940,2026-09-18T08:02:06.013271,,,,,,,,-15.5236,-28.4051,-0.9328,-13.9886,,,,,,,False,,cex_momentum,SOL/USDT,30.0,0.02,0.006,2.5,120.0,205.0,14.15,6.6444,61.1833,40.7888,-95.3277
941,2026-09-18T08:02:06.097556,,,,,,,,-14.2334,-26.7738,-0.8664,-13.813,,,,,,,False,,cex_momentum,SOL/USDT,30.0,0.02,0.006,3.0,30.0,186.0,13.44,5.5605,55.5266,37.0177,-86.9838
942,2026-09-18T08:02:06.183147,,,,,,,,-13.6931,-26.4757,-0.8235,-13.7535,,,,,,,False,,cex_momentum,SOL/USDT,30.0,0.02,0.006,3.0,60.0,179.0,14.53,5.5559,53.4485,35.6323,-83.5249
943,2026-09-18T08:02:06.269368,,,,,,,,-13.722,-26.6142,-0.8253,-13.7714,,,,,,,False,,cex_momentum,SOL/USDT,30.0,0.02,0.006,3.0,90.0,179.0,14.53,5.3723,53.4489,35.6326,-83.7092
944,2026-09-18T08:02:06.342895,,,,,,,,-13.722,-26.6142,-0.8253,-13.7714,,,,,,,False,,cex_momentum,SOL/USDT,30.0,0.02,0.006,3.0,120.0,179.0,14.53,5.3723,53.4489,35.6326,-83.7092
945,2026-09-18T08:02:06.426700,,,,,,,,-20.4796,-36.0915,-1.265,-14.6159,,,,,,,False,,cex_momentum,SOL/USDT,30.0,0.02,0.01,1.5,30.0,280.0,13.93,9.8938,83.4145,55.6096,-129.1303
946,2026-09-18T08:02:06.505063,,,,,,,,-19.5322,-33.4953,-1.2,-14.4399,,,,,,,False,,cex_momentum,SOL/USDT,30.0,0.02,0.01,1.5,60.0,265.0,14.72,8.98,78.9682,52.6454,-122.6336
947,2026-09-18T08:02:06.593000,,,,,,,,-19.2771,-33.0001,-1.1827,-14.4024,,,,,,,False,,cex_momentum,SOL/USDT,30.0,0.02,0.01,1.5,90.0,263.0,14.83,9.7399,78.3821,52.2547,-120.8969
948,2026-09-18T08:02:06.670597,,,,,,,,-19.2771,-33.0001,-1.1827,-14.4024,,,,,,,False,,cex_momentum,SOL/USDT,30.0,0.02,0.01,1.5,120.0,263.0,14.83,9.7399,78.3821,52.2547,-120.8969
949,2026-09-18T08:02:06.752542,,,,,,,,-18.2508,-33.3026,-1.1133,-14.4255,,,,,,,False,,cex_momentum,SOL/USDT,30.0,0.02,0.01,2.0,30.0,249.0,14.06,10.3583,74.2361,49.4908,-113.3686
950,2026-09-18T08:02:06.834943,,,,,,,,-17.8117,-30.5866,-1.0838,-14.1979,,,,,,,False,,cex_momentum,SOL/USDT,30.0,0.02,0.01,2.0,60.0,239.0,14.23,8.3437,71.2619,47.5079,-110.4262
951,2026-09-18T08:02:06.912225,,,,,,,,-17.7134,-30.5168,-1.0773,-14.1914,,,,,,,False,,cex_momentum,SOL/USDT,30.0,0.02,0.01,2.0,90.0,238.0,14.29,8.5123,70.9689,47.3126,-109.7693
952,2026-09-18T08:02:06.990426,,,,,,,,-17.7134,-30.5168,-1.0773,-14.1914,,,,,,,False,,cex_momentum,SOL/USDT,30.0,0.02,0.01,2.0,120.0,238.0,14.29,8.5123,70.9689,47.3126,-109.7693
953,2026-09-18T08:02:07.073062,,,,,,,,-15.8197,-30.3527,-0.9522,-14.1879,,,,,,,False,,cex_momentum,SOL/USDT,30.0,0.02,0.01,2.5,30.0,213.0,13.15,8.6728,63.5595,42.373,-97.2598
954,2026-09-18T08:02:07.168844,,,,,,,,-15.0707,-27.7559,-0.9034,-13.9154,,,,,,,False,,cex_momentum,SOL/USDT,30.0,0.02,0.01,2.5,60.0,204.0,14.22,9.0983,60.89,40.5934,-92.3851
955,2026-09-18T08:02:07.251638,,,,,,,,-15.0991,-27.8422,-0.9052,-13.9254,,,,,,,False,,cex_momentum,SOL/USDT,30.0,0.02,0.01,2.5,90.0,204.0,14.22,8.915,60.8905,40.5937,-92.5692
956,2026-09-18T08:02:07.330092,,,,,,,,-15.0991,-27.8422,-0.9052,-13.9254,,,,,,,False,,cex_momentum,SOL/USDT,30.0,0.02,0.01,2.5,120.0,204.0,14.22,8.915,60.8905,40.5937,-92.5692
957,2026-09-18T08:02:07.411349,,,,,,,,-14.2334,-26.7738,-0.8664,-13.813,,,,,,,False,,cex_momentum,SOL/USDT,30.0,0.02,0.01,3.0,30.0,186.0,13.44,5.5605,55.5266,37.0177,-86.9838
958,2026-09-18T08:02:07.490537,,,,,,,,-13.6931,-26.4757,-0.8235,-13.7535,,,,,,,False,,cex_momentum,SOL/USDT,30.0,0.02,0.01,3.0,60.0,179.0,14.53,5.5559,53.4485,35.6323,-83.5249
959,2026-09-18T08:02:07.563687,,,,,,,,-13.722,-26.6142,-0.8253,-13.7714,,,,,,,False,,cex_momentum,SOL/USDT,30.0,0.02,0.01,3.0,90.0,179.0,14.53,5.3723,53.4489,35.6326,-83.7092
960,2026-09-18T08:02:07.648492,,,,,,,,-13.722,-26.6142,-0.8253,-13.7714,,,,,,,False,,cex_momentum,SOL/USDT,30.0,0.02,0.01,3.0,120.0,179.0,14.53,5.3723,53.4489,35.6326,-83.7092
1,2026-09-18T08:06:58.727663,20.0,100.0,sma,0.0,0.0,0.0,0.0,16.9356,0.6182,-58.6877,0.9092,0.2886,,,,,,False,Tier1 auto-loop,btc_sma_crossover,,,,,,,,,,,,
2,2026-09-18T08:06:58.766021,20.0,150.0,sma,0.0,0.0,0.0,0.0,18.1426,0.6447,-63.1837,0.9387,0.2871,,,,,,False,Tier1 auto-loop,btc_sma_crossover,,,,,,,,,,,,
3,2026-09-18T08:06:58.802452,20.0,200.0,sma,0.0,0.0,0.0,0.0,16.3102,0.6024,-69.3221,0.8704,0.2353,,,,,,False,Tier1 auto-loop,btc_sma_crossover,,,,,,,,,,,,
4,2026-09-18T08:06:58.838706,20.0,300.0,sma,0.0,0.0,0.0,0.0,25.8866,0.7999,-52.8595,1.2306,0.4897,,,,,,False,Tier1 auto-loop,btc_sma_crossover,,,,,,,,,,,,
5,2026-09-18T08:06:58.875649,30.0,100.0,sma,0.0,0.0,0.0,0.0,21.5906,0.7302,-53.5936,1.0798,0.4029,,,,,,False,Tier1 auto-loop,btc_sma_crossover,,,,,,,,,,,,
6,2026-09-18T08:06:58.911883,30.0,150.0,sma,0.0,0.0,0.0,0.0,15.3106,0.5789,-65.526,0.8383,0.2337,,,,,,False,Tier1 auto-loop,btc_sma_crossover,,,,,,,,,,,,
7,2026-09-18T08:06:58.947318,30.0,200.0,sma,0.0,0.0,0.0,0.0,15.0964,0.5703,-68.2844,0.8272,0.2211,,,,,,False,Tier1 auto-loop,btc_sma_crossover,,,,,,,,,,,,
8,2026-09-18T08:06:58.984057,30.0,300.0,sma,0.0,0.0,0.0,0.0,19.0647,0.6469,-71.3833,0.9474,0.2671,,,,,,False,Tier1 auto-loop,btc_sma_crossover,,,,,,,,,,,,
9,2026-09-18T08:06:59.023291,50.0,100.0,sma,0.0,0.0,0.0,0.0,14.0851,0.5448,-62.3872,0.7942,0.2258,,,,,,False,Tier1 auto-loop,btc_sma_crossover,,,,,,,,,,,,
10,2026-09-18T08:06:59.059847,50.0,150.0,sma,0.0,0.0,0.0,0.0,13.9433,0.5435,-69.546,0.7896,0.2005,,,,,,False,Tier1 auto-loop,btc_sma_crossover,,,,,,,,,,,,
11,2026-09-18T08:06:59.095302,50.0,200.0,sma,0.0,0.0,0.0,0.0,15.9296,0.5851,-64.319,0.8646,0.2477,,,,,,False,Tier1 auto-loop,btc_sma_crossover,,,,,,,,,,,,
12,2026-09-18T08:06:59.131782,50.0,300.0,sma,0.0,0.0,0.0,0.0,13.9328,0.5355,-69.9817,0.7774,0.1991,,,,,,False,Tier1 auto-loop,btc_sma_crossover,,,,,,,,,,,,
13,2026-09-18T08:06:59.168737,75.0,100.0,sma,0.0,0.0,0.0,0.0,14.2384,0.5511,-67.384,0.7994,0.2113,,,,,,False,Tier1 auto-loop,btc_sma_crossover,,,,,,,,,,,,
14,2026-09-18T08:06:59.205669,75.0,150.0,sma,0.0,0.0,0.0,0.0,16.5288,0.604,-68.7876,0.8888,0.2403,,,,,,False,Tier1 auto-loop,btc_sma_crossover,,,,,,,,,,,,
15,2026-09-18T08:06:59.241334,75.0,200.0,sma,0.0,0.0,0.0,0.0,12.8549,0.5139,-66.9938,0.7517,0.1919,,,,,,False,Tier1 auto-loop,btc_sma_crossover,,,,,,,,,,,,
16,2026-09-18T08:06:59.277540,75.0,300.0,sma,0.0,0.0,0.0,0.0,21.9796,0.7282,-52.7753,1.1112,0.4165,,,,,,False,Tier1 auto-loop,btc_sma_crossover,,,,,,,,,,,,
17,2026-09-18T08:06:59.314478,100.0,150.0,sma,0.0,0.0,0.0,0.0,17.8618,0.6359,-62.8733,0.9323,0.2841,,,,,,False,Tier1 auto-loop,btc_sma_crossover,,,,,,,,,,,,
18,2026-09-18T08:06:59.351646,100.0,200.0,sma,0.0,0.0,0.0,0.0,16.0038,0.5982,-70.0671,0.9118,0.2284,,,,,,False,Tier1 auto-loop,btc_sma_crossover,,,,,,,,,,,,
19,2026-09-18T08:06:59.391640,100.0,300.0,sma,0.0,0.0,0.0,0.0,17.2154,0.6223,-60.0891,0.9426,0.2865,,,,,,False,Tier1 auto-loop,btc_sma_crossover,,,,,,,,,,,,
2132,2026-09-18T15:13:37.624813,20,300,sma,True,False,False,False,0.0,nan,0.0,nan,nan,,,,,,False,Tier2 RSI filter rsi<55,btc_sma_crossover,BTC/USD,0,,0.0,0.0,55,14,0.0,,2
2133,2026-09-18T15:13:37.765381,20,300,sma,True,False,False,False,13.7337,0.5981,-49.9903,0.927,0.2747,,,,,,False,Tier2 RSI filter rsi<60,btc_sma_crossover,BTC/USD,2,1.0,26955.5386,326.7927,60,14,33.3333,,2
2134,2026-09-18T15:13:37.905620,20,300,sma,True,False,False,False,26.5245,0.8398,-53.0129,1.3103,0.5003,,,,,,False,Tier2 RSI filter rsi<65,btc_sma_crossover,BTC/USD,3,1.0,95567.195,1010.1335,65,14,55.5556,,2
2135,2026-09-18T15:13:38.051466,20,300,sma,True,False,False,False,27.1267,0.8303,-49.9903,1.2833,0.5426,,,,,,False,Tier2 RSI filter rsi<70,btc_sma_crossover,BTC/USD,4,1.0,101014.5833,2000.29,70,14,55.5556,,2
2136,2026-09-18T15:13:38.193743,75,300,sma,True,False,False,False,22.6385,0.7864,-52.7753,1.2158,0.429,,,,,,False,Tier2 RSI filter rsi<55,btc_sma_crossover,BTC/USD,3,0.6667,88688.3185,1441.7738,55,14,44.4444,,2
2137,2026-09-18T15:13:38.329162,75,300,sma,True,False,False,False,22.6385,0.7864,-52.7753,1.2158,0.429,,,,,,False,Tier2 RSI filter rsi<60,btc_sma_crossover,BTC/USD,3,0.6667,88688.3185,1441.7738,60,14,44.4444,,2
2138,2026-09-18T15:13:38.464597,75,300,sma,True,False,False,False,22.6385,0.7864,-52.7753,1.2158,0.429,,,,,,False,Tier2 RSI filter rsi<65,btc_sma_crossover,BTC/USD,3,0.6667,88688.3185,1441.7738,65,14,44.4444,,2
2139,2026-09-18T15:13:38.611015,75,300,sma,True,False,False,False,22.0024,0.7287,-52.7753,1.1123,0.4169,,,,,,False,Tier2 RSI filter rsi<70,btc_sma_crossover,BTC/USD,4,0.5,88204.6001,1532.1769,70,14,44.4444,,2
2140,2026-09-18T15:13:38.760000,30,100,sma,True,False,False,False,23.6725,0.9235,-39.8182,1.5063,0.5945,,,,,,False,Tier2 RSI filter rsi<55,btc_sma_crossover,BTC/USD,6,0.6667,60409.829,2209.7374,55,14,44.4444,,2
2141,2026-09-18T15:13:38.900091,30,100,sma,True,False,False,False,17.3597,0.6877,-53.5936,1.0153,0.3239,,,,,,False,Tier2 RSI filter rsi<60,btc_sma_crossover,BTC/USD,8,0.5,42045.0619,3093.4723,60,14,44.4444,,2
2142,2026-09-18T15:13:39.041812,30,100,sma,True,False,False,False,15.7254,0.6384,-53.5936,0.9379,0.2934,,,,,,False,Tier2 RSI filter rsi<65,btc_sma_crossover,BTC/USD,9,0.4444,34498.6166,3585.7474,65,14,44.4444,,2
2143,2026-09-18T15:13:39.180022,30,100,sma,True,False,False,False,14.5297,0.5868,-53.5936,0.8541,0.2711,,,,,,False,Tier2 RSI filter rsi<70,btc_sma_crossover,BTC/USD,11,0.4545,18832.1522,5481.2706,70,14,44.4444,,2
2144,2026-09-18T15:16:05.865114+00:00,30,100,sma,False,True,False,False,19.2387,0.867,-32.066,1.4019,0.6,,,,1.2,,False,Tier2 vol>1.2×avg,btc_sma_crossover,BTC/USD,4,0.75,81205.234,2739.7268,,,55.5556,,2
2145,2026-09-18T15:16:06.028152+00:00,30,100,sma,True,True,False,False,12.3475,0.6871,-31.6766,1.1172,0.3898,,,,1.2,,False,Tier2 vol>1.2×avg + RSI<55,btc_sma_crossover,BTC/USD,2,0.5,33881.9321,403.7496,55,14,22.2222,,2
2146,2026-09-18T15:16:06.179132+00:00,30,100,sma,False,True,False,False,20.2754,0.9087,-32.066,1.4798,0.6323,,,,1.5,,False,Tier2 vol>1.5×avg,btc_sma_crossover,BTC/USD,3,1.0,82069.9189,2646.3229,,,55.5556,,2
2147,2026-09-18T15:16:06.340538+00:00,30,100,sma,True,True,False,False,13.3243,0.7363,-31.6766,1.2096,0.4206,,,,1.5,,False,Tier2 vol>1.5×avg + RSI<55,btc_sma_crossover,BTC/USD,1,1.0,34746.617,310.3457,55,14,22.2222,,2
2148,2026-09-18T15:16:06.491806+00:00,30,100,sma,False,True,False,False,6.4763,0.5663,-19.9114,0.9101,0.3253,,,,2.0,,False,Tier2 vol>2.0×avg,btc_sma_crossover,BTC/USD,2,1.0,47323.3019,1885.7822,,,33.3333,,2
2149,2026-09-18T15:16:06.634519+00:00,30,100,sma,True,True,False,False,0.0,0.0,0.0,0.0,0.0,,,,2.0,,False,Tier2 vol>2.0×avg + RSI<55,btc_sma_crossover,BTC/USD,0,,0.0,0.0,55,14,0.0,,2
2150,2026-09-18T15:16:06.785619+00:00,30,100,sma,False,True,False,False,5.5781,0.5303,-19.9114,0.8606,0.2801,,,,2.5,,False,Tier2 vol>2.5×avg,btc_sma_crossover,BTC/USD,1,1.0,34445.2273,596.2419,,,22.2222,,2
2151,2026-09-18T15:16:06.925168+00:00,30,100,sma,True,True,False,False,0.0,0.0,0.0,0.0,0.0,,,,2.5,,False,Tier2 vol>2.5×avg + RSI<55,btc_sma_crossover,BTC/USD,0,,0.0,0.0,55,14,0.0,,2
2152,2026-09-18T15:17:54.796094+00:00,50,200,sma,False,False,True,False,1.933,0.364,-14.3873,0.5332,0.1344,,,,,,False,Tier2 ATR sizing risk=0.5% mult=1.5,btc_sma_crossover,BTC/USD,8,0.625,28365.7958,1315.2287,,,55.5556,,2,0.005,1.5,14
2153,2026-09-18T15:17:54.938214+00:00,50,200,sma,False,False,True,False,1.4693,0.3536,-11.4303,0.517,0.1285,,,,,,False,Tier2 ATR sizing risk=0.5% mult=2.0,btc_sma_crossover,BTC/USD,8,0.625,20950.1277,950.402,,,55.5556,,2,0.005,2.0,14
2154,2026-09-18T15:17:55.083542+00:00,50,200,sma,False,False,True,False,1.1851,0.3469,-9.4839,0.5067,0.125,,,,,,False,Tier2 ATR sizing risk=0.5% mult=2.5,btc_sma_crossover,BTC/USD,8,0.625,16603.7485,743.3146,,,55.5556,,2,0.005,2.5,14
2155,2026-09-18T15:17:55.230886+00:00,50,200,sma,False,False,True,False,3.6723,0.3993,-23.5977,0.5881,0.1556,,,,,,False,Tier2 ATR sizing risk=1.0% mult=1.5,btc_sma_crossover,BTC/USD,8,0.625,60129.2765,3033.8879,,,55.5556,,2,0.01,1.5,14
2156,2026-09-18T15:17:55.373438+00:00,50,200,sma,False,False,True,False,2.8248,0.3828,-19.4321,0.5624,0.1454,,,,,,False,Tier2 ATR sizing risk=1.0% mult=2.0,btc_sma_crossover,BTC/USD,8,0.625,43832.7299,2121.2799,,,55.5556,,2,0.01,2.0,14
2157,2026-09-18T15:17:55.514509+00:00,50,200,sma,False,False,True,False,2.2953,0.3719,-16.53,0.5454,0.1389,,,,,,False,Tier2 ATR sizing risk=1.0% mult=2.5,btc_sma_crossover,BTC/USD,8,0.625,34451.5833,1625.22,,,55.5556,,2,0.01,2.5,14
2158,2026-09-18T15:17:55.659225+00:00,50,200,sma,False,False,True,False,6.6806,0.4492,-35.1356,0.6655,0.1901,,,,,,False,Tier2 ATR sizing risk=2.0% mult=1.5,btc_sma_crossover,BTC/USD,8,0.625,133045.8394,7854.9585,,,55.5556,,2,0.02,1.5,14
2159,2026-09-18T15:17:55.806052+00:00,50,200,sma,False,False,True,False,5.2477,0.427,-30.1435,0.631,0.1741,,,,,,False,Tier2 ATR sizing risk=2.0% mult=2.0,btc_sma_crossover,BTC/USD,8,0.625,95106.4054,5200.3148,,,55.5556,,2,0.02,2.0,14
2160,2026-09-18T15:17:55.950627+00:00,50,200,sma,False,False,True,False,4.3208,0.4111,-26.4557,0.6065,0.1633,,,,,,False,Tier2 ATR sizing risk=2.0% mult=2.5,btc_sma_crossover,BTC/USD,8,0.625,73747.0775,3844.3627,,,55.5556,,2,0.02,2.5,14
2161,2026-09-18T15:19:43.574985+00:00,20,100,ema,False,False,False,False,20.8429,0.7231,-50.2158,1.1023,0.4151,,,,,,False,Tier3 EMA grid,btc_sma_crossover,BTC/USD,13,0.5385,1048558.93,50193.8467,,,66.6667,,3,,,
2162,2026-09-18T15:19:43.719704+00:00,20,150,ema,False,False,False,False,18.0467,0.6403,-66.9723,0.9308,0.2695,,,,,,False,Tier3 EMA grid,btc_sma_crossover,BTC/USD,12,0.5833,770073.594,33233.6958,,,55.5556,,3,,,
2163,2026-09-18T15:19:43.863414+00:00,20,200,ema,False,False,False,False,17.7717,0.6295,-69.1024,0.9159,0.2572,,,,,,False,Tier3 EMA grid,btc_sma_crossover,BTC/USD,11,0.6364,755242.5241,29963.9152,,,55.5556,,3,,,
2164,2026-09-18T15:19:44.007752+00:00,20,300,ema,False,False,False,False,12.9105,0.5127,-76.6244,0.7383,0.1685,,,,,,False,Tier3 EMA grid,btc_sma_crossover,BTC/USD,8,0.375,392557.3397,9646.5545,,,55.5556,,3,,,
2165,2026-09-18T15:19:44.153169+00:00,30,100,ema,False,False,False,False,18.1868,0.6472,-65.0229,0.9383,0.2797,,,,,,False,Tier3 EMA grid,btc_sma_crossover,BTC/USD,12,0.5833,778746.0549,43162.2392,,,66.6667,,3,,,
2166,2026-09-18T15:19:44.297125+00:00,30,150,ema,False,False,False,False,17.5126,0.6271,-66.8827,0.9103,0.2618,,,,,,False,Tier3 EMA grid,btc_sma_crossover,BTC/USD,9,0.6667,728653.2945,25564.2184,,,55.5556,,3,,,
2167,2026-09-18T15:19:44.466901+00:00,30,200,ema,False,False,False,False,17.3055,0.6166,-69.8949,0.8996,0.2476,,,,,,False,Tier3 EMA grid,btc_sma_crossover,BTC/USD,9,0.7778,678851.8208,20887.7825,,,66.6667,,3,,,
2168,2026-09-18T15:19:44.608226+00:00,30,300,ema,False,False,False,False,14.6611,0.5511,-71.0195,0.7995,0.2064,,,,,,False,Tier3 EMA grid,btc_sma_crossover,BTC/USD,6,0.5,466391.9345,8193.2968,,,44.4444,,3,,,
2169,2026-09-18T15:19:44.751427+00:00,50,100,ema,False,False,False,False,15.9407,0.592,-69.0873,0.8577,0.2307,,,,,,False,Tier3 EMA grid,btc_sma_crossover,BTC/USD,9,0.7778,601044.4751,23766.2303,,,55.5556,,3,,,
2170,2026-09-18T15:19:44.878043+00:00,50,150,ema,False,False,False,False,17.8109,0.6302,-66.8197,0.9192,0.2666,,,,,,False,Tier3 EMA grid,btc_sma_crossover,BTC/USD,8,0.75,761600.5099,22214.1267,,,55.5556,,3,,,
2171,2026-09-18T15:19:45.016664+00:00,50,200,ema,False,False,False,False,17.863,0.622,-69.2045,0.912,0.2581,,,,,,False,Tier3 EMA grid,btc_sma_crossover,BTC/USD,6,0.6667,717025.926,11649.379,,,55.5556,,3,,,
2172,2026-09-18T15:19:45.153568+00:00,50,300,ema,False,False,False,False,12.5683,0.5033,-70.5162,0.7266,0.1782,,,,,,False,Tier3 EMA grid,btc_sma_crossover,BTC/USD,5,0.4,348358.4022,5753.5312,,,44.4444,,3,,,
2173,2026-09-18T15:19:45.290797+00:00,75,100,ema,False,False,False,False,17.4917,0.6247,-65.896,0.9094,0.2654,,,,,,False,Tier3 EMA grid,btc_sma_crossover,BTC/USD,8,0.75,694230.8562,20919.906,,,55.5556,,3,,,
2174,2026-09-18T15:19:45.425590+00:00,75,150,ema,False,False,False,False,15.7408,0.5764,-70.6371,0.8425,0.2228,,,,,,False,Tier3 EMA grid,btc_sma_crossover,BTC/USD,8,0.625,557590.2768,18296.8831,,,55.5556,,3,,,
2175,2026-09-18T15:19:45.564422+00:00,75,200,ema,False,False,False,False,14.3761,0.545,-70.58,0.7908,0.2037,,,,,,False,Tier3 EMA grid,btc_sma_crossover,BTC/USD,5,0.6,447890.6845,6792.2865,,,55.5556,,3,,,
2176,2026-09-18T15:19:45.705714+00:00,75,300,ema,False,False,False,False,15.3417,0.5658,-70.0457,0.8174,0.219,,,,,,False,Tier3 EMA grid,btc_sma_crossover,BTC/USD,4,0.5,507781.8708,5886.686,,,44.4444,,3,,,
2177,2026-09-18T15:19:45.842642+00:00,100,150,ema,False,False,False,False,16.6499,0.5942,-70.1498,0.8686,0.2373,,,,,,False,Tier3 EMA grid,btc_sma_crossover,BTC/USD,5,0.6,601979.7408,8350.1386,,,55.5556,,3,,,
2178,2026-09-18T15:19:45.982717+00:00,100,200,ema,False,False,False,False,15.1601,0.5611,-70.106,0.8128,0.2162,,,,,,False,Tier3 EMA grid,btc_sma_crossover,BTC/USD,4,0.5,495797.9415,5741.2347,,,44.4444,,3,,,
2179,2026-09-18T15:19:46.121629+00:00,100,300,ema,False,False,False,False,15.5234,0.5672,-66.7124,0.8247,0.2327,,,,,,False,Tier3 EMA grid,btc_sma_crossover,BTC/USD,4,0.5,520111.5236,6166.8828,,,44.4444,,3,,,
2180,2026-09-18T15:23:04.978392+00:00,50,200,sma,False,False,False,True,15.4755,0.5748,-64.319,0.849,0.2406,,,,,,False,Tier4 regime block=0.8 half=0.7,btc_sma_crossover,BTC/USD,8,0.625,552500.2984,40967.9429,,,55.5556,,4,,,,30,0.8,0.7
2181,2026-09-18T15:23:05.129941+00:00,50,200,sma,False,False,False,True,15.4755,0.5748,-64.319,0.849,0.2406,,,,,,False,Tier4 regime block=0.85 half=0.7,btc_sma_crossover,BTC/USD,8,0.625,552500.2984,40967.9429,,,55.5556,,4,,,,30,0.85,0.7
2182,2026-09-18T15:23:05.271218+00:00,50,200,sma,False,False,False,True,15.4755,0.5748,-64.319,0.849,0.2406,,,,,,False,Tier4 regime block=0.9 half=0.7,btc_sma_crossover,BTC/USD,8,0.625,552500.2984,40967.9429,,,55.5556,,4,,,,30,0.9,0.7
2183,2026-09-18T15:23:05.420279+00:00,20,300,sma,False,False,False,True,25.4036,0.7895,-52.8595,1.2139,0.4806,,,,,,False,Tier4 regime block=0.8 half=0.7,btc_sma_crossover,BTC/USD,5,0.8,1732978.3171,35243.311,,,55.5556,,4,,,,30,0.8,0.7
2184,2026-09-18T15:23:05.559691+00:00,20,300,sma,False,False,False,True,25.4036,0.7895,-52.8595,1.2139,0.4806,,,,,,False,Tier4 regime block=0.85 half=0.7,btc_sma_crossover,BTC/USD,5,0.8,1732978.3171,35243.311,,,55.5556,,4,,,,30,0.85,0.7
2185,2026-09-18T15:23:05.694829+00:00,20,300,sma,False,False,False,True,25.4036,0.7895,-52.8595,1.2139,0.4806,,,,,,False,Tier4 regime block=0.9 half=0.7,btc_sma_crossover,BTC/USD,5,0.8,1732978.3171,35243.311,,,55.5556,,4,,,,30,0.9,0.7
2186,2026-09-18T15:23:05.842294+00:00,30,100,sma,False,False,False,True,21.12,0.7193,-53.5936,1.0622,0.3941,,,,,,False,Tier4 regime block=0.8 half=0.7,btc_sma_crossover,BTC/USD,15,0.5333,1130759.8261,139500.3176,,,55.5556,,4,,,,30,0.8,0.7
2187,2026-09-18T15:23:05.978270+00:00,30,100,sma,False,False,False,True,21.12,0.7193,-53.5936,1.0622,0.3941,,,,,,False,Tier4 regime block=0.85 half=0.7,btc_sma_crossover,BTC/USD,15,0.5333,1130759.8261,139500.3176,,,55.5556,,4,,,,30,0.85,0.7
2188,2026-09-18T15:23:06.118384+00:00,30,100,sma,False,False,False,True,21.12,0.7193,-53.5936,1.0622,0.3941,,,,,,False,Tier4 regime block=0.9 half=0.7,btc_sma_crossover,BTC/USD,15,0.5333,1130759.8261,139500.3176,,,55.5556,,4,,,,30,0.9,0.7
2189,2026-09-18T15:42:05.263564+00:00,3,10,sma,False,False,False,False,-5.7696,0.0021,-81.7175,0.0031,-0.0706,,,,,,False,HiFreq N-floor=100,btc_sma_crossover,BTC/USD,190,0.2737,35610.6967,177465.9349,,,33.3333,,HF,,,,,,
2190,2026-09-18T15:42:05.408722+00:00,3,15,sma,False,False,False,False,6.3492,0.3494,-65.5842,0.5367,0.0968,,,,,,False,HiFreq N-floor=100,btc_sma_crossover,BTC/USD,136,0.3162,225825.823,218873.7074,,,66.6667,,HF,,,,,,
2191,2026-09-18T15:42:05.554268+00:00,3,20,sma,False,False,False,False,15.2524,0.583,-53.6447,0.9128,0.2843,,,,,,False,HiFreq N-floor=100,btc_sma_crossover,BTC/USD,107,0.3178,738990.2908,485084.2436,,,66.6667,,HF,,,,,,
2192,2026-09-18T15:42:05.674934+00:00,3,30,sma,False,False,False,False,,,,,,,,,,,False,HiFreq N-floor=100 below_floor,btc_sma_crossover,BTC/USD,85,0.2824,694511.7261,387509.3341,,,,,HF,,,,,,
2193,2026-09-18T15:42:05.790473+00:00,3,50,sma,False,False,False,False,,,,,,,,,,,False,HiFreq N-floor=100 below_floor,btc_sma_crossover,BTC/USD,58,0.2931,1040044.6458,410965.3328,,,,,HF,,,,,,
2194,2026-09-18T15:42:05.909411+00:00,3,75,sma,False,False,False,False,,,,,,,,,,,False,HiFreq N-floor=100 below_floor,btc_sma_crossover,BTC/USD,45,0.3333,750775.2507,241654.3588,,,,,HF,,,,,,
2195,2026-09-18T15:42:06.054379+00:00,5,10,sma,False,False,False,False,-4.9895,0.0278,-79.6561,0.0418,-0.0626,,,,,,False,HiFreq N-floor=100,btc_sma_crossover,BTC/USD,181,0.3149,28366.1297,152499.8738,,,66.6667,,HF,,,,,,
2196,2026-09-18T15:42:06.199580+00:00,5,15,sma,False,False,False,False,7.708,0.386,-69.8322,0.5893,0.1104,,,,,,False,HiFreq N-floor=100,btc_sma_crossover,BTC/USD,112,0.3393,265616.6818,223186.4706,,,66.6667,,HF,,,,,,
2197,2026-09-18T15:42:06.317163+00:00,5,20,sma,False,False,False,False,,,,,,,,,,,False,HiFreq N-floor=100 below_floor,btc_sma_crossover,BTC/USD,92,0.2935,305133.7473,247196.3244,,,,,HF,,,,,,
2198,2026-09-18T15:42:06.437224+00:00,5,30,sma,False,False,False,False,,,,,,,,,,,False,HiFreq N-floor=100 below_floor,btc_sma_crossover,BTC/USD,74,0.3378,420516.3497,248886.0501,,,,,HF,,,,,,
2199,2026-09-18T15:42:06.554436+00:00,5,50,sma,False,False,False,False,,,,,,,,,,,False,HiFreq N-floor=100 below_floor,btc_sma_crossover,BTC/USD,46,0.3478,762058.0297,236866.1505,,,,,HF,,,,,,
2200,2026-09-18T15:42:06.673030+00:00,5,75,sma,False,False,False,False,,,,,,,,,,,False,HiFreq N-floor=100 below_floor,btc_sma_crossover,BTC/USD,40,0.375,776534.9176,206204.3429,,,,,HF,,,,,,
2201,2026-09-18T15:42:06.813877+00:00,7,10,sma,False,False,False,False,-5.3454,0.0196,-76.2127,0.0292,-0.0701,,,,,,False,HiFreq N-floor=100,btc_sma_crossover,BTC/USD,193,0.3523,34779.638,170267.6627,,,55.5556,,HF,,,,,,
2202,2026-09-18T15:42:06.955325+00:00,7,15,sma,False,False,False,False,-0.6916,0.1537,-71.6739,0.2296,-0.0096,,,,,,False,HiFreq N-floor=100,btc_sma_crossover,BTC/USD,116,0.3362,50024.1696,117467.5494,,,66.6667,,HF,,,,,,
2203,2026-09-18T15:42:07.074424+00:00,7,20,sma,False,False,False,False,,,,,,,,,,,False,HiFreq N-floor=100 below_floor,btc_sma_crossover,BTC/USD,89,0.3708,267676.8715,218623.3661,,,,,HF,,,,,,
2204,2026-09-18T15:42:07.194055+00:00,7,30,sma,False,False,False,False,,,,,,,,,,,False,HiFreq N-floor=100 below_floor,btc_sma_crossover,BTC/USD,66,0.303,421391.7271,234685.8083,,,,,HF,,,,,,
2205,2026-09-18T15:42:07.313170+00:00,7,50,sma,False,False,False,False,,,,,,,,,,,False,HiFreq N-floor=100 below_floor,btc_sma_crossover,BTC/USD,43,0.3721,695643.5859,231156.4314,,,,,HF,,,,,,
2206,2026-09-18T15:42:07.433486+00:00,7,75,sma,False,False,False,False,,,,,,,,,,,False,HiFreq N-floor=100 below_floor,btc_sma_crossover,BTC/USD,33,0.4242,1199710.4939,265822.6189,,,,,HF,,,,,,
2207,2026-09-18T15:42:07.578641+00:00,10,15,sma,False,False,False,False,2.0335,0.232,-72.6056,0.347,0.028,,,,,,False,HiFreq N-floor=100,btc_sma_crossover,BTC/USD,128,0.3828,112971.6495,169308.7875,,,55.5556,,HF,,,,,,
2208,2026-09-18T15:42:07.697838+00:00,10,20,sma,False,False,False,False,,,,,,,,,,,False,HiFreq N-floor=100 below_floor,btc_sma_crossover,BTC/USD,83,0.3373,238600.0106,202715.0643,,,,,HF,,,,,,
2209,2026-09-18T15:42:07.813231+00:00,10,30,sma,False,False,False,False,,,,,,,,,,,False,HiFreq N-floor=100 below_floor,btc_sma_crossover,BTC/USD,62,0.3065,401567.4048,228864.2715,,,,,HF,,,,,,
2210,2026-09-18T15:42:07.931467+00:00,10,50,sma,False,False,False,False,,,,,,,,,,,False,HiFreq N-floor=100 below_floor,btc_sma_crossover,BTC/USD,39,0.3846,518712.1415,157829.8607,,,,,HF,,,,,,
2211,2026-09-18T15:42:08.044933+00:00,10,75,sma,False,False,False,False,,,,,,,,,,,False,HiFreq N-floor=100 below_floor,btc_sma_crossover,BTC/USD,27,0.3704,768450.2202,165341.5671,,,,,HF,,,,,,
2212,2026-09-18T15:42:08.312206+00:00,15,20,sma,False,False,False,False,,,,,,,,,,,False,HiFreq N-floor=100 below_floor,btc_sma_crossover,BTC/USD,99,0.3737,268049.6063,269149.0647,,,,,HF,,,,,,
2213,2026-09-18T15:42:08.427505+00:00,15,30,sma,False,False,False,False,,,,,,,,,,,False,HiFreq N-floor=100 below_floor,btc_sma_crossover,BTC/USD,57,0.3509,408249.3764,228227.4024,,,,,HF,,,,,,
2214,2026-09-18T15:42:08.524046+00:00,15,50,sma,False,False,False,False,,,,,,,,,,,False,HiFreq N-floor=100 below_floor,btc_sma_crossover,BTC/USD,35,0.3714,350827.6785,114642.987,,,,,HF,,,,,,
2215,2026-09-18T15:42:08.620535+00:00,15,75,sma,False,False,False,False,,,,,,,,,,,False,HiFreq N-floor=100 below_floor,btc_sma_crossover,BTC/USD,26,0.3462,582858.993,134039.9439,,,,,HF,,,,,,
2216,2026-09-18T15:42:08.738150+00:00,3,10,ema,False,False,False,False,7.5599,0.3825,-75.5591,0.5916,0.1001,,,,,,False,HiFreq N-floor=100,btc_sma_crossover,BTC/USD,163,0.2761,358005.564,417887.307,,,66.6667,,HF,,,,,,
2217,2026-09-18T15:42:08.864259+00:00,3,15,ema,False,False,False,False,15.9076,0.5978,-64.3059,0.926,0.2474,,,,,,False,HiFreq N-floor=100,btc_sma_crossover,BTC/USD,116,0.3103,761815.3159,441869.5937,,,66.6667,,HF,,,,,,
2218,2026-09-18T15:42:08.982236+00:00,3,20,ema,False,False,False,False,10.1922,0.4524,-62.5525,0.6899,0.1629,,,,,,False,HiFreq N-floor=100,btc_sma_crossover,BTC/USD,114,0.2544,385498.2929,293796.7416,,,55.5556,,HF,,,,,,
2219,2026-09-18T15:42:09.079188+00:00,3,30,ema,False,False,False,False,,,,,,,,,,,False,HiFreq N-floor=100 below_floor,btc_sma_crossover,BTC/USD,81,0.2716,688595.9604,380231.4361,,,,,HF,,,,,,
2220,2026-09-18T15:42:09.175929+00:00,3,50,ema,False,False,False,False,,,,,,,,,,,False,HiFreq N-floor=100 below_floor,btc_sma_crossover,BTC/USD,62,0.2742,796027.6183,325894.4742,,,,,HF,,,,,,
2221,2026-09-18T15:42:09.272549+00:00,3,75,ema,False,False,False,False,,,,,,,,,,,False,HiFreq N-floor=100 below_floor,btc_sma_crossover,BTC/USD,48,0.2708,1032981.898,348780.5787,,,,,HF,,,,,,
2222,2026-09-18T15:42:09.389078+00:00,5,10,ema,False,False,False,False,12.9333,0.5235,-69.836,0.8157,0.1852,,,,,,False,HiFreq N-floor=100,btc_sma_crossover,BTC/USD,124,0.3226,581865.036,440908.0892,,,66.6667,,HF,,,,,,
2223,2026-09-18T15:42:09.485705+00:00,5,15,ema,False,False,False,False,,,,,,,,,,,False,HiFreq N-floor=100 below_floor,btc_sma_crossover,BTC/USD,99,0.2828,529858.2269,350279.8295,,,,,HF,,,,,,
2224,2026-09-18T15:42:09.582416+00:00,5,20,ema,False,False,False,False,,,,,,,,,,,False,HiFreq N-floor=100 below_floor,btc_sma_crossover,BTC/USD,90,0.2556,409190.3336,274059.5363,,,,,HF,,,,,,
2225,2026-09-18T15:42:09.679095+00:00,5,30,ema,False,False,False,False,,,,,,,,,,,False,HiFreq N-floor=100 below_floor,btc_sma_crossover,BTC/USD,69,0.2754,699475.3245,334121.3736,,,,,HF,,,,,,
2226,2026-09-18T15:42:09.776183+00:00,5,50,ema,False,False,False,False,,,,,,,,,,,False,HiFreq N-floor=100 below_floor,btc_sma_crossover,BTC/USD,52,0.3269,953002.1805,341754.3322,,,,,HF,,,,,,
2227,2026-09-18T15:42:09.872696+00:00,5,75,ema,False,False,False,False,,,,,,,,,,,False,HiFreq N-floor=100 below_floor,btc_sma_crossover,BTC/USD,40,0.3,889219.7419,242820.5885,,,,,HF,,,,,,
2228,2026-09-18T15:42:09.969409+00:00,7,10,ema,False,False,False,False,,,,,,,,,,,False,HiFreq N-floor=100 below_floor,btc_sma_crossover,BTC/USD,97,0.3196,908615.7931,479745.0725,,,,,HF,,,,,,
2229,2026-09-18T15:42:10.079299+00:00,7,15,ema,False,False,False,False,,,,,,,,,,,False,HiFreq N-floor=100 below_floor,btc_sma_crossover,BTC/USD,91,0.2527,514121.855,352752.703,,,,,HF,,,,,,
2230,2026-09-18T15:42:10.198339+00:00,7,20,ema,False,False,False,False,,,,,,,,,,,False,HiFreq N-floor=100 below_floor,btc_sma_crossover,BTC/USD,76,0.3158,484644.4574,266789.0558,,,,,HF,,,,,,
2231,2026-09-18T15:42:10.316469+00:00,7,30,ema,False,False,False,False,,,,,,,,,,,False,HiFreq N-floor=100 below_floor,btc_sma_crossover,BTC/USD,56,0.3571,955714.7715,337414.2077,,,,,HF,,,,,,
2232,2026-09-18T15:42:10.436210+00:00,7,50,ema,False,False,False,False,,,,,,,,,,,False,HiFreq N-floor=100 below_floor,btc_sma_crossover,BTC/USD,41,0.3415,791350.4132,225600.6066,,,,,HF,,,,,,
2233,2026-09-18T15:42:10.554542+00:00,7,75,ema,False,False,False,False,,,,,,,,,,,False,HiFreq N-floor=100 below_floor,btc_sma_crossover,BTC/USD,34,0.3235,1076582.072,231399.6987,,,,,HF,,,,,,
2234,2026-09-18T15:42:10.672602+00:00,10,15,ema,False,False,False,False,,,,,,,,,,,False,HiFreq N-floor=100 below_floor,btc_sma_crossover,BTC/USD,77,0.3117,498788.9226,275866.025,,,,,HF,,,,,,
2235,2026-09-18T15:42:10.790915+00:00,10,20,ema,False,False,False,False,,,,,,,,,,,False,HiFreq N-floor=100 below_floor,btc_sma_crossover,BTC/USD,64,0.3125,687240.488,286178.3978,,,,,HF,,,,,,
2236,2026-09-18T15:42:10.906583+00:00,10,30,ema,False,False,False,False,,,,,,,,,,,False,HiFreq N-floor=100 below_floor,btc_sma_crossover,BTC/USD,44,0.3636,1275125.0405,391610.6045,,,,,HF,,,,,,
2237,2026-09-18T15:42:11.025333+00:00,10,50,ema,False,False,False,False,,,,,,,,,,,False,HiFreq N-floor=100 below_floor,btc_sma_crossover,BTC/USD,33,0.4242,1036038.9564,215584.7137,,,,,HF,,,,,,
2238,2026-09-18T15:42:11.143354+00:00,10,75,ema,False,False,False,False,,,,,,,,,,,False,HiFreq N-floor=100 below_floor,btc_sma_crossover,BTC/USD,29,0.3793,993151.1355,190564.1461,,,,,HF,,,,,,
2239,2026-09-18T15:42:11.259744+00:00,15,20,ema,False,False,False,False,,,,,,,,,,,False,HiFreq N-floor=100 below_floor,btc_sma_crossover,BTC/USD,46,0.3478,976235.3596,322608.3845,,,,,HF,,,,,,
2240,2026-09-18T15:42:11.379313+00:00,15,30,ema,False,False,False,False,,,,,,,,,,,False,HiFreq N-floor=100 below_floor,btc_sma_crossover,BTC/USD,40,0.375,641728.0284,212375.0698,,,,,HF,,,,,,
2241,2026-09-18T15:42:11.498644+00:00,15,50,ema,False,False,False,False,,,,,,,,,,,False,HiFreq N-floor=100 below_floor,btc_sma_crossover,BTC/USD,27,0.4444,1352404.3172,254451.0759,,,,,HF,,,,,,
2242,2026-09-18T15:42:11.616578+00:00,15,75,ema,False,False,False,False,,,,,,,,,,,False,HiFreq N-floor=100 below_floor,btc_sma_crossover,BTC/USD,21,0.4286,1353943.859,182207.4554,,,,,HF,,,,,,
,,,,,sma,,-86.3437,15,,,40.0,,,-0.0435,,,,,,-3.7555,4h coinbase 5yr SMA 5/15,-0.2727,-0.3899,,,,2026-09-18,5,,btc_4h_ma_crossover,,,,438
,,,,,sma,,-83.2959,20,,,40.0,,,-0.0375,,,,,,-3.1253,4h coinbase 5yr SMA 5/20,-0.2182,-0.3147,,,,2026-09-18,5,,btc_4h_ma_crossover,,,,353
,,,,,sma,,-76.5067,30,,,40.0,,,-0.0286,,,,,,-2.1874,4h coinbase 5yr SMA 5/30,-0.1392,-0.2001,,,,2026-09-18,5,,btc_4h_ma_crossover,,,,278
,,,,,sma,,-75.6527,50,,,60.0,,,-0.0252,,,,,,-1.9089,4h coinbase 5yr SMA 5/50,-0.1215,-0.1735,,,,2026-09-18,5,,btc_4h_ma_crossover,,,,203
,,,,,sma,,-47.7097,100,,,60.0,,,0.0069,,,,,,0.3306,4h coinbase 5yr SMA 5/100,0.0837,0.1209,,,,2026-09-18,5,,btc_4h_ma_crossover,,,,121
,,,,,sma,,-46.0206,200,,,60.0,,,0.0269,,,,,,1.238,4h coinbase 5yr SMA 5/200,0.1712,0.2472,,,,2026-09-18,5,,btc_4h_ma_crossover,,,,75
,,,,,sma,,-82.2266,15,,,40.0,,,-0.0373,,,,,,-3.0701,4h coinbase 5yr SMA 10/15,-0.2075,-0.2998,,,,2026-09-18,10,,btc_4h_ma_crossover,,,,437
,,,,,sma,,-79.3452,20,,,40.0,,,-0.0336,,,,,,-2.6643,4h coinbase 5yr SMA 10/20,-0.1807,-0.2567,,,,2026-09-18,10,,btc_4h_ma_crossover,,,,324
,,,,,sma,,-74.9094,30,,,40.0,,,-0.0172,,,,,,-1.2863,4h coinbase 5yr SMA 10/30,-0.0597,-0.0867,,,,2026-09-18,10,,btc_4h_ma_crossover,,,,224
,,,,,sma,,-74.6428,50,,,40.0,,,-0.0096,,,,,,-0.7171,4h coinbase 5yr SMA 10/50,-0.0118,-0.0169,,,,2026-09-18,10,,btc_4h_ma_crossover,,,,156
,,,,,sma,,-46.8918,100,,,60.0,,,0.0209,,,,,,0.9816,4h coinbase 5yr SMA 10/100,0.1465,0.2126,,,,2026-09-18,10,,btc_4h_ma_crossover,,,,85
,,,,,sma,,-34.1122,200,,,60.0,,,0.0512,,,,,,1.7466,4h coinbase 5yr SMA 10/200,0.2203,0.3205,,,,2026-09-18,10,,btc_4h_ma_crossover,,,,57
,,,,,sma,,-78.6241,20,,,40.0,,,-0.0338,,,,,,-2.654,4h coinbase 5yr SMA 15/20,-0.1776,-0.2532,,,,2026-09-18,15,,btc_4h_ma_crossover,,,,352
,,,,,sma,,-75.5367,30,,,40.0,,,-0.0266,,,,,,-2.0099,4h coinbase 5yr SMA 15/30,-0.1259,-0.1802,,,,2026-09-18,15,,btc_4h_ma_crossover,,,,214
,,,,,sma,,-60.3008,50,,,60.0,,,0.0042,,,,,,0.2533,4h coinbase 5yr SMA 15/50,0.0767,0.1117,,,,2026-09-18,15,,btc_4h_ma_crossover,,,,136
,,,,,sma,,-55.3541,100,,,60.0,,,0.0077,,,,,,0.4289,4h coinbase 5yr SMA 15/100,0.0931,0.1335,,,,2026-09-18,15,,btc_4h_ma_crossover,,,,74
,,,,,sma,,-41.5986,200,,,60.0,,,0.0344,,,,,,1.4306,4h coinbase 5yr SMA 15/200,0.1902,0.2758,,,,2026-09-18,15,,btc_4h_ma_crossover,,,,50
,,,,,sma,,-79.213,30,,,40.0,,,-0.0335,,,,,,-2.6572,4h coinbase 5yr SMA 20/30,-0.1869,-0.2657,,,,2026-09-18,20,,btc_4h_ma_crossover,,,,238
,,,,,sma,,-60.9042,50,,,60.0,,,-0.0025,,,,,,-0.1509,4h coinbase 5yr SMA 20/50,0.0397,0.0569,,,,2026-09-18,20,,btc_4h_ma_crossover,,,,121
,,,,,sma,,-39.9975,100,,,60.0,,,0.0318,,,,,,1.2719,4h coinbase 5yr SMA 20/100,0.1743,0.2516,,,,2026-09-18,20,,btc_4h_ma_crossover,,,,65
,,,,,sma,,-46.618,200,,,60.0,,,0.0305,,,,,,1.4228,4h coinbase 5yr SMA 20/200,0.19,0.2746,,,,2026-09-18,20,,btc_4h_ma_crossover,,,,43
,,,,,sma,,-60.9568,50,,,60.0,,,-0.0069,,,,,,-0.4219,4h coinbase 5yr SMA 30/50,0.0145,0.0207,,,,2026-09-18,30,,btc_4h_ma_crossover,,,,127
,,,,,sma,,-55.2492,100,,,60.0,,,0.0074,,,,,,0.4078,4h coinbase 5yr SMA 30/100,0.0912,0.1303,,,,2026-09-18,30,,btc_4h_ma_crossover,,,,57
,,,,,sma,,-52.5802,200,,,60.0,,,0.0124,,,,,,0.6519,4h coinbase 5yr SMA 30/200,0.1147,0.1635,,,,2026-09-18,30,,btc_4h_ma_crossover,,,,39
,,,,,sma,,-51.9611,100,,,60.0,,,0.0015,,,,,,0.0785,4h coinbase 5yr SMA 50/100,0.061,0.0868,,,,2026-09-18,50,,btc_4h_ma_crossover,,,,56
,,,,,sma,,-49.7646,200,,,60.0,,,0.0164,,,,,,0.8156,4h coinbase 5yr SMA 50/200,0.1301,0.1862,,,,2026-09-18,50,,btc_4h_ma_crossover,,,,34
,,,,,ema,,-87.5581,15,,,40.0,,,-0.0424,,,,,,-3.714,4h coinbase 5yr EMA 5/15,-0.2711,-0.3848,,,,2026-09-18,5,,btc_4h_ma_crossover,,,,378
,,,,,ema,,-79.806,20,,,40.0,,,-0.0319,,,,,,-2.5443,4h coinbase 5yr EMA 5/20,-0.1713,-0.2458,,,,2026-09-18,5,,btc_4h_ma_crossover,,,,321
,,,,,ema,,-74.4309,30,,,40.0,,,-0.0267,,,,,,-1.9863,4h coinbase 5yr EMA 5/30,-0.1249,-0.1789,,,,2026-09-18,5,,btc_4h_ma_crossover,,,,262
,,,,,ema,,-73.9567,50,,,40.0,,,-0.019,,,,,,-1.4064,4h coinbase 5yr EMA 5/50,-0.0744,-0.1066,,,,2026-09-18,5,,btc_4h_ma_crossover,,,,204
,,,,,ema,,-48.5401,100,,,60.0,,,0.019,,,,,,0.9224,4h coinbase 5yr EMA 5/100,0.1403,0.2033,,,,2026-09-18,5,,btc_4h_ma_crossover,,,,113
,,,,,ema,,-37.9407,200,,,60.0,,,0.0491,,,,,,1.862,4h coinbase 5yr EMA 5/200,0.2329,0.3385,,,,2026-09-18,5,,btc_4h_ma_crossover,,,,68
,,,,,ema,,-76.2834,15,,,40.0,,,-0.03,,,,,,-2.2892,4h coinbase 5yr EMA 10/15,-0.1472,-0.2107,,,,2026-09-18,10,,btc_4h_ma_crossover,,,,280
,,,,,ema,,-71.7095,20,,,40.0,,,-0.0223,,,,,,-1.6008,4h coinbase 5yr EMA 10/20,-0.0873,-0.125,,,,2026-09-18,10,,btc_4h_ma_crossover,,,,237
,,,,,ema,,-73.8607,30,,,40.0,,,-0.025,,,,,,-1.8434,4h coinbase 5yr EMA 10/30,-0.1151,-0.1638,,,,2026-09-18,10,,btc_4h_ma_crossover,,,,203
,,,,,ema,,-69.7865,50,,,40.0,,,-0.005,,,,,,-0.3482,4h coinbase 5yr EMA 10/50,0.0219,0.0316,,,,2026-09-18,10,,btc_4h_ma_crossover,,,,154
,,,,,ema,,-55.5573,100,,,60.0,,,0.023,,,,,,1.277,4h coinbase 5yr EMA 10/100,0.1752,0.2555,,,,2026-09-18,10,,btc_4h_ma_crossover,,,,83
,,,,,ema,,-47.096,200,,,80.0,,,0.0352,,,,,,1.6557,4h coinbase 5yr EMA 10/200,0.2129,0.3073,,,,2026-09-18,10,,btc_4h_ma_crossover,,,,54
,,,,,ema,,-70.0949,20,,,40.0,,,-0.0165,,,,,,-1.1594,4h coinbase 5yr EMA 15/20,-0.0511,-0.0733,,,,2026-09-18,15,,btc_4h_ma_crossover,,,,203
,,,,,ema,,-65.3866,30,,,40.0,,,-0.0116,,,,,,-0.7586,4h coinbase 5yr EMA 15/30,-0.0157,-0.0227,,,,2026-09-18,15,,btc_4h_ma_crossover,,,,161
,,,,,ema,,-60.1445,50,,,60.0,,,0.0009,,,,,,0.0544,4h coinbase 5yr EMA 15/50,0.0588,0.0848,,,,2026-09-18,15,,btc_4h_ma_crossover,,,,121
,,,,,ema,,-52.5728,100,,,60.0,,,0.0168,,,,,,0.8839,4h coinbase 5yr EMA 15/100,0.1377,0.199,,,,2026-09-18,15,,btc_4h_ma_crossover,,,,67
,,,,,ema,,-49.2827,200,,,80.0,,,0.0304,,,,,,1.4981,4h coinbase 5yr EMA 15/200,0.1976,0.2842,,,,2026-09-18,15,,btc_4h_ma_crossover,,,,47
,,,,,ema,,-66.9933,30,,,40.0,,,-0.0131,,,,,,-0.8768,4h coinbase 5yr EMA 20/30,-0.0284,-0.0405,,,,2026-09-18,20,,btc_4h_ma_crossover,,,,149
,,,,,ema,,-56.0143,50,,,60.0,,,0.0143,,,,,,0.7998,4h coinbase 5yr EMA 20/50,0.1282,0.1867,,,,2026-09-18,20,,btc_4h_ma_crossover,,,,101
,,,,,ema,,-50.6179,100,,,60.0,,,0.0151,,,,,,0.7649,4h coinbase 5yr EMA 20/100,0.126,0.1814,,,,2026-09-18,20,,btc_4h_ma_crossover,,,,62
,,,,,ema,,-48.8704,200,,,60.0,,,0.0304,,,,,,1.488,4h coinbase 5yr EMA 20/200,0.1974,0.2851,,,,2026-09-18,20,,btc_4h_ma_crossover,,,,43
,,,,,ema,,-57.0234,50,,,60.0,,,0.017,,,,,,0.968,4h coinbase 5yr EMA 30/50,0.144,0.2087,,,,2026-09-18,30,,btc_4h_ma_crossover,,,,83
,,,,,ema,,-48.7462,100,,,40.0,,,0.0082,,,,,,0.4009,4h coinbase 5yr EMA 30/100,0.0901,0.1294,,,,2026-09-18,30,,btc_4h_ma_crossover,,,,60
,,,,,ema,,-51.0766,200,,,60.0,,,0.023,,,,,,1.1764,4h coinbase 5yr EMA 30/200,0.1671,0.2396,,,,2026-09-18,30,,btc_4h_ma_crossover,,,,37
,,,,,ema,,-46.432,100,,,40.0,,,0.0149,,,,,,0.6914,4h coinbase 5yr EMA 50/100,0.1188,0.1703,,,,2026-09-18,50,,btc_4h_ma_crossover,,,,46
,,,,,ema,,-53.3353,200,,,80.0,,,0.0274,,,,,,1.4598,4h coinbase 5yr EMA 50/200,0.1949,0.2798,,,,2026-09-18,50,,btc_4h_ma_crossover,,,,29
4h coinbase 5yr SMA 5/15,747,,,-0.1323,50.0,,,,,sma,-0.0305,,,,,,btc_4h_ma_crossover,-2.793,,15,2026-09-19,,-0.1917,,,,,,-91.4253,,,,,5
4h coinbase 5yr SMA 5/20,593,,,0.0052,50.0,,,,,sma,-0.0105,,,,,,btc_4h_ma_crossover,-0.8877,,20,2026-09-19,,0.0077,,,,,,-84.15,,,,,5
4h coinbase 5yr SMA 5/30,464,,,0.073,62.5,,,,,sma,0.0006,,,,,,btc_4h_ma_crossover,0.0457,,30,2026-09-19,,0.107,,,,,,-77.4505,,,,,5
4h coinbase 5yr SMA 5/50,335,,,0.1139,62.5,,,,,sma,0.0079,,,,,,btc_4h_ma_crossover,0.628,,50,2026-09-19,,0.1671,,,,,,-79.3709,,,,,5
4h coinbase 5yr SMA 5/100,212,,,0.2399,62.5,,,,,sma,0.0348,,,,,,btc_4h_ma_crossover,2.358,,100,2026-09-19,,0.3511,,,,,,-67.8367,,,,,5
4h coinbase 5yr SMA 5/200,134,,,0.2859,75.0,,,,,sma,0.0587,,,,,,btc_4h_ma_crossover,3.0234,,200,2026-09-19,,0.4155,,,,,,-51.5057,,,,,5
4h coinbase 5yr SMA 10/15,769,,,-0.09,50.0,,,,,sma,-0.0249,,,,,,btc_4h_ma_crossover,-2.2221,,15,2026-09-19,,-0.131,,,,,,-89.2879,,,,,10
4h coinbase 5yr SMA 10/20,535,,,0.0544,50.0,,,,,sma,-0.0025,,,,,,btc_4h_ma_crossover,-0.2034,,20,2026-09-19,,0.0797,,,,,,-80.4751,,,,,10
4h coinbase 5yr SMA 10/30,379,,,0.0702,50.0,,,,,sma,0.0003,,,,,,btc_4h_ma_crossover,0.0218,,30,2026-09-19,,0.1013,,,,,,-77.3863,,,,,10
4h coinbase 5yr SMA 10/50,259,,,0.1632,50.0,,,,,sma,0.0166,,,,,,btc_4h_ma_crossover,1.3053,,50,2026-09-19,,0.2363,,,,,,-78.4511,,,,,10
4h coinbase 5yr SMA 10/100,153,,,0.2832,75.0,,,,,sma,0.0528,,,,,,btc_4h_ma_crossover,2.9418,,100,2026-09-19,,0.4153,,,,,,-55.7393,,,,,10
4h coinbase 5yr SMA 10/200,105,,,0.3179,75.0,,,,,sma,0.0686,,,,,,btc_4h_ma_crossover,3.4753,,200,2026-09-19,,0.4636,,,,,,-50.638,,,,,10
4h coinbase 5yr SMA 15/20,603,,,-0.003,50.0,,,,,sma,-0.0121,,,,,,btc_4h_ma_crossover,-0.9984,,20,2026-09-19,,-0.0043,,,,,,-82.3934,,,,,15
4h coinbase 5yr SMA 15/30,364,,,0.0393,50.0,,,,,sma,-0.0052,,,,,,btc_4h_ma_crossover,-0.4066,,30,2026-09-19,,0.0563,,,,,,-77.67,,,,,15
4h coinbase 5yr SMA 15/50,232,,,0.1551,75.0,,,,,sma,0.0176,,,,,,btc_4h_ma_crossover,1.1904,,50,2026-09-19,,0.2242,,,,,,-67.6582,,,,,15
4h coinbase 5yr SMA 15/100,136,,,0.2432,75.0,,,,,sma,0.0375,,,,,,btc_4h_ma_crossover,2.3981,,100,2026-09-19,,0.3533,,,,,,-63.9566,,,,,15
4h coinbase 5yr SMA 15/200,85,,,0.3586,75.0,,,,,sma,0.0896,,,,,,btc_4h_ma_crossover,4.0585,,200,2026-09-19,,0.5251,,,,,,-45.2716,,,,,15
4h coinbase 5yr SMA 20/30,396,,,-0.0784,62.5,,,,,sma,-0.0247,,,,,,btc_4h_ma_crossover,-1.9939,,30,2026-09-19,,-0.1112,,,,,,-80.6538,,,,,20
4h coinbase 5yr SMA 20/50,216,,,0.1174,62.5,,,,,sma,0.0093,,,,,,btc_4h_ma_crossover,0.6739,,50,2026-09-19,,0.1687,,,,,,-72.1073,,,,,20
4h coinbase 5yr SMA 20/100,117,,,0.2824,75.0,,,,,sma,0.0572,,,,,,btc_4h_ma_crossover,2.9459,,100,2026-09-19,,0.4102,,,,,,-51.5161,,,,,20
4h coinbase 5yr SMA 20/200,75,,,0.3429,75.0,,,,,sma,0.0755,,,,,,btc_4h_ma_crossover,3.8381,,200,2026-09-19,,0.4998,,,,,,-50.8664,,,,,20
4h coinbase 5yr SMA 30/50,221,,,0.1366,75.0,,,,,sma,0.014,,,,,,btc_4h_ma_crossover,0.9386,,50,2026-09-19,,0.1968,,,,,,-66.9103,,,,,30
4h coinbase 5yr SMA 30/100,105,,,0.2351,75.0,,,,,sma,0.0378,,,,,,btc_4h_ma_crossover,2.302,,100,2026-09-19,,0.3395,,,,,,-60.82,,,,,30
4h coinbase 5yr SMA 30/200,66,,,0.2987,75.0,,,,,sma,0.0557,,,,,,btc_4h_ma_crossover,3.2154,,200,2026-09-19,,0.4311,,,,,,-57.7027,,,,,30
4h coinbase 5yr SMA 50/100,102,,,0.1619,75.0,,,,,sma,0.0201,,,,,,btc_4h_ma_crossover,1.2893,,100,2026-09-19,,0.2305,,,,,,-64.1248,,,,,50
4h coinbase 5yr SMA 50/200,57,,,0.2481,75.0,,,,,sma,0.0394,,,,,,btc_4h_ma_crossover,2.5233,,200,2026-09-19,,0.3562,,,,,,-64.0087,,,,,50
4h coinbase 5yr EMA 5/15,625,,,-0.0165,50.0,,,,,ema,-0.0138,,,,,,btc_4h_ma_crossover,-1.2156,,15,2026-09-19,,-0.0241,,,,,,-87.8005,,,,,5
4h coinbase 5yr EMA 5/20,532,,,0.0739,62.5,,,,,ema,0.0007,,,,,,btc_4h_ma_crossover,0.0569,,20,2026-09-19,,0.1084,,,,,,-79.806,,,,,5
4h coinbase 5yr EMA 5/30,439,,,0.0745,50.0,,,,,ema,0.001,,,,,,btc_4h_ma_crossover,0.0774,,30,2026-09-19,,0.1086,,,,,,-78.4975,,,,,5
4h coinbase 5yr EMA 5/50,342,,,0.1149,62.5,,,,,ema,0.0084,,,,,,btc_4h_ma_crossover,0.6443,,50,2026-09-19,,0.1675,,,,,,-76.785,,,,,5
4h coinbase 5yr EMA 5/100,202,,,0.2741,75.0,,,,,ema,0.0486,,,,,,btc_4h_ma_crossover,2.8212,,100,2026-09-19,,0.4015,,,,,,-58.0276,,,,,5
4h coinbase 5yr EMA 5/200,127,,,0.3377,75.0,,,,,ema,0.0732,,,,,,btc_4h_ma_crossover,3.7471,,200,2026-09-19,,0.4955,,,,,,-51.2106,,,,,5
4h coinbase 5yr EMA 10/15,459,,,0.0743,62.5,,,,,ema,0.0008,,,,,,btc_4h_ma_crossover,0.0629,,15,2026-09-19,,0.1088,,,,,,-76.2834,,,,,10
4h coinbase 5yr EMA 10/20,396,,,0.1139,62.5,,,,,ema,0.0084,,,,,,btc_4h_ma_crossover,0.6214,,20,2026-09-19,,0.1666,,,,,,-74.0907,,,,,10
4h coinbase 5yr EMA 10/30,324,,,0.1348,62.5,,,,,ema,0.0123,,,,,,btc_4h_ma_crossover,0.9144,,30,2026-09-19,,0.1966,,,,,,-74.4423,,,,,10
4h coinbase 5yr EMA 10/50,255,,,0.1432,50.0,,,,,ema,0.0133,,,,,,btc_4h_ma_crossover,1.0273,,50,2026-09-19,,0.2075,,,,,,-76.9879,,,,,10
4h coinbase 5yr EMA 10/100,154,,,0.2761,75.0,,,,,ema,0.0465,,,,,,btc_4h_ma_crossover,2.8449,,100,2026-09-19,,0.4032,,,,,,-61.161,,,,,10
4h coinbase 5yr EMA 10/200,97,,,0.3361,87.5,,,,,ema,0.0738,,,,,,btc_4h_ma_crossover,3.7376,,200,2026-09-19,,0.4923,,,,,,-50.6697,,,,,10
4h coinbase 5yr EMA 15/20,336,,,0.1701,62.5,,,,,ema,0.0193,,,,,,btc_4h_ma_crossover,1.4057,,20,2026-09-19,,0.2507,,,,,,-72.9793,,,,,15
4h coinbase 5yr EMA 15/30,274,,,0.1323,50.0,,,,,ema,0.0119,,,,,,btc_4h_ma_crossover,0.8797,,30,2026-09-19,,0.1913,,,,,,-73.8541,,,,,15
4h coinbase 5yr EMA 15/50,211,,,0.1491,62.5,,,,,ema,0.0153,,,,,,btc_4h_ma_crossover,1.1077,,50,2026-09-19,,0.2151,,,,,,-72.528,,,,,15
4h coinbase 5yr EMA 15/100,127,,,0.282,75.0,,,,,ema,0.0474,,,,,,btc_4h_ma_crossover,2.9314,,100,2026-09-19,,0.4119,,,,,,-61.8834,,,,,15
4h coinbase 5yr EMA 15/200,84,,,0.3278,87.5,,,,,ema,0.0699,,,,,,btc_4h_ma_crossover,3.6336,,200,2026-09-19,,0.4766,,,,,,-51.9604,,,,,15
4h coinbase 5yr EMA 20/30,246,,,0.1008,50.0,,,,,ema,0.0061,,,,,,btc_4h_ma_crossover,0.4542,,30,2026-09-19,,0.1443,,,,,,-74.0515,,,,,20
4h coinbase 5yr EMA 20/50,176,,,0.2161,75.0,,,,,ema,0.0335,,,,,,btc_4h_ma_crossover,2.0218,,50,2026-09-19,,0.3151,,,,,,-60.3721,,,,,20
4h coinbase 5yr EMA 20/100,111,,,0.2857,75.0,,,,,ema,0.0535,,,,,,btc_4h_ma_crossover,2.9923,,100,2026-09-19,,0.4163,,,,,,-55.8944,,,,,20
4h coinbase 5yr EMA 20/200,75,,,0.3244,75.0,,,,,ema,0.0665,,,,,,btc_4h_ma_crossover,3.5744,,200,2026-09-19,,0.4725,,,,,,-53.731,,,,,20
4h coinbase 5yr EMA 30/50,149,,,0.2366,75.0,,,,,ema,0.0351,,,,,,btc_4h_ma_crossover,2.3067,,50,2026-09-19,,0.3444,,,,,,-65.8081,,,,,30
4h coinbase 5yr EMA 30/100,100,,,0.2761,62.5,,,,,ema,0.0518,,,,,,btc_4h_ma_crossover,2.8647,,100,2026-09-19,,0.4014,,,,,,-55.3154,,,,,30
4h coinbase 5yr EMA 30/200,61,,,0.3192,75.0,,,,,ema,0.0597,,,,,,btc_4h_ma_crossover,3.5067,,200,2026-09-19,,0.4634,,,,,,-58.7124,,,,,30
4h coinbase 5yr EMA 50/100,82,,,0.2938,62.5,,,,,ema,0.0599,,,,,,btc_4h_ma_crossover,3.1354,,100,2026-09-19,,0.4267,,,,,,-52.3404,,,,,50
4h coinbase 5yr EMA 50/200,48,,,0.3419,87.5,,,,,ema,0.0652,,,,,,btc_4h_ma_crossover,3.8343,,200,2026-09-19,,0.4981,,,,,,-58.7881,,,,,50
,,10,200,sma,True,False,False,,-0.1717,-0.1701,-12.0865,-0.2003,-0.0142,,,,,,,4h SMA10/200 + RSI<50,btc_4h_sma10_200_tier2,,,,,1.5,,7,,,,,,4h,2,50,14,0.02,2.0,2026-09-19
,,10,200,sma,True,False,False,,-0.5764,-0.2163,-35.6043,-0.2679,-0.0162,,,,,,,4h SMA10/200 + RSI<55,btc_4h_sma10_200_tier2,,,,,1.5,,19,,,,,,4h,2,55,14,0.02,2.0,2026-09-19
,,10,200,sma,True,False,False,,1.9483,0.2708,-45.3258,0.3916,0.043,,,,,,,4h SMA10/200 + RSI<60,btc_4h_sma10_200_tier2,,,,,1.5,,40,,,,,,4h,2,60,14,0.02,2.0,2026-09-19
,,10,200,sma,True,False,False,,2.2209,0.2744,-44.2103,0.3977,0.0502,,,,,,,4h SMA10/200 + RSI<65,btc_4h_sma10_200_tier2,,,,,1.5,,59,,,,,,4h,2,65,14,0.02,2.0,2026-09-19
,,10,200,sma,True,False,False,,2.0155,0.2352,-46.0116,0.3398,0.0438,,,,,,,4h SMA10/200 + RSI<70,btc_4h_sma10_200_tier2,,,,,1.5,,82,,,,,,4h,2,70,14,0.02,2.0,2026-09-19
,,10,200,sma,False,True,False,,0.985,0.159,-42.4761,0.2306,0.0232,,,,,,,4h SMA10/200 + vol>1.2x,btc_4h_sma10_200_tier2,,,,,1.2,,35,,,,,,4h,2,60,14,0.02,2.0,2026-09-19
,,10,200,sma,False,True,False,,0.7769,0.1787,-30.3637,0.2613,0.0256,,,,,,,4h SMA10/200 + vol>1.5x,btc_4h_sma10_200_tier2,,,,,1.5,,18,,,,,,4h,2,60,14,0.02,2.0,2026-09-19
,,10,200,sma,False,True,False,,0.2429,0.0866,-27.3427,0.1268,0.0089,,,,,,,4h SMA10/200 + vol>2.0x,btc_4h_sma10_200_tier2,,,,,2.0,,10,,,,,,4h,2,60,14,0.02,2.0,2026-09-19
,,10,200,sma,False,True,False,,0.3948,0.1493,-15.6168,0.2235,0.0253,,,,,,,4h SMA10/200 + vol>2.5x,btc_4h_sma10_200_tier2,,,,,2.5,,6,,,,,,4h,2,60,14,0.02,2.0,2026-09-19
,,10,200,sma,False,False,True,,3.3451,0.4307,-25.0636,0.6479,0.1335,,,,,,,4h SMA10/200 ATR risk=0.01 mult=1.5,btc_4h_sma10_200_tier2,,,,,1.5,,105,,,,,,4h,2,60,14,0.01,1.5,2026-09-19
,,10,200,sma,False,False,True,,2.7864,0.4315,-21.6857,0.6504,0.1285,,,,,,,4h SMA10/200 ATR risk=0.01 mult=2.0,btc_4h_sma10_200_tier2,,,,,1.5,,105,,,,,,4h,2,60,14,0.01,2.0,2026-09-19
,,10,200,sma,False,False,True,,3.6721,0.3685,-39.5154,0.5435,0.0929,,,,,,,4h SMA10/200 ATR risk=0.02 mult=1.5,btc_4h_sma10_200_tier2,,,,,1.5,,105,,,,,,4h,2,60,14,0.02,1.5,2026-09-19
,,10,200,sma,False,False,True,,3.7467,0.4031,-33.2837,0.6005,0.1126,,,,,,,4h SMA10/200 ATR risk=0.02 mult=2.0,btc_4h_sma10_200_tier2,,,,,1.5,,105,,,,,,4h,2,60,14,0.02,2.0,2026-09-19
,,10,200,sma,False,False,True,,3.6502,0.3577,-42.1342,0.5263,0.0866,,,,,,,4h SMA10/200 ATR risk=0.03 mult=2.0,btc_4h_sma10_200_tier2,,,,,1.5,,105,,,,,,4h,2,60,14,0.03,2.0,2026-09-19
,,10,200,sma,True,True,False,,0.5053,0.2023,-15.4033,0.3016,0.0328,,,,,,,4h SMA10/200 RSI<60+vol>1.5x,btc_4h_sma10_200_tier2,,,,,1.5,,2,,,,,,4h,2,60,14,0.02,2.0,2026-09-19
,,7,100,sma,,,True,,1.9129,0.3604,-21.1543,0.5491,0.0904,,,,,,,4h SMA 7/100 ATR,btc_4h_tier3,,,,,,,178,,,,,,4h,3,0.01,2.0,,,2026-09-19
,,7,150,sma,,,True,,1.845,0.3392,-24.8793,0.5091,0.0742,,,,,,,4h SMA 7/150 ATR,btc_4h_tier3,,,,,,,136,,,,,,4h,3,0.01,2.0,,,2026-09-19
,,7,175,sma,,,True,,1.9013,0.3481,-26.7674,0.521,0.071,,,,,,,4h SMA 7/175 ATR,btc_4h_tier3,,,,,,,120,,,,,,4h,3,0.01,2.0,,,2026-09-19
,,7,200,sma,,,True,,2.7447,0.4278,-23.7545,0.6443,0.1155,,,,,,,4h SMA 7/200 ATR,btc_4h_tier3,,,,,,,116,,,,,,4h,3,0.01,2.0,,,2026-09-19
,,7,250,sma,,,True,,3.1878,0.4332,-34.0602,0.6451,0.0936,,,,,,,4h SMA 7/250 ATR,btc_4h_tier3,,,,,,,94,,,,,,4h,3,0.01,2.0,,,2026-09-19
,,8,100,sma,,,True,,1.8502,0.3524,-20.9696,0.536,0.0882,,,,,,,4h SMA 8/100 ATR,btc_4h_tier3,,,,,,,172,,,,,,4h,3,0.01,2.0,,,2026-09-19
,,8,150,sma,,,True,,1.9742,0.3578,-23.904,0.5387,0.0826,,,,,,,4h SMA 8/150 ATR,btc_4h_tier3,,,,,,,131,,,,,,4h,3,0.01,2.0,,,2026-09-19
,,8,175,sma,,,True,,2.0052,0.3638,-24.2486,0.5457,0.0827,,,,,,,4h SMA 8/175 ATR,btc_4h_tier3,,,,,,,119,,,,,,4h,3,0.01,2.0,,,2026-09-19
,,8,200,sma,,,True,,2.7946,0.4331,-23.4745,0.6531,0.119,,,,,,,4h SMA 8/200 ATR,btc_4h_tier3,,,,,,,112,,,,,,4h,3,0.01,2.0,,,2026-09-19
,,8,250,sma,,,True,,3.3215,0.4489,-33.2438,0.6698,0.0999,,,,,,,4h SMA 8/250 ATR,btc_4h_tier3,,,,,,,87,,,,,,4h,3,0.01,2.0,,,2026-09-19
,,10,100,sma,,,True,,1.8843,0.3592,-20.4189,0.5455,0.0923,,,,,,,4h SMA 10/100 ATR,btc_4h_tier3,,,,,,,153,,,,,,4h,3,0.01,2.0,,,2026-09-19
,,10,150,sma,,,True,,1.9225,0.35,-23.2945,0.5258,0.0825,,,,,,,4h SMA 10/150 ATR,btc_4h_tier3,,,,,,,127,,,,,,4h,3,0.01,2.0,,,2026-09-19
,,10,175,sma,,,True,,2.0144,0.3643,-25.0874,0.5464,0.0803,,,,,,,4h SMA 10/175 ATR,btc_4h_tier3,,,,,,,110,,,,,,4h,3,0.01,2.0,,,2026-09-19
,,10,200,sma,,,True,,2.7864,0.4315,-21.6857,0.6504,0.1285,,,,,,,4h SMA 10/200 ATR,btc_4h_tier3,,,,,,,105,,,,,,4h,3,0.01,2.0,,,2026-09-19
,,10,250,sma,,,True,,3.1278,0.4212,-36.3414,0.6245,0.0861,,,,,,,4h SMA 10/250 ATR,btc_4h_tier3,,,,,,,85,,,,,,4h,3,0.01,2.0,,,2026-09-19
,,12,100,sma,,,True,,1.7802,0.337,-23.1177,0.5078,0.077,,,,,,,4h SMA 12/100 ATR,btc_4h_tier3,,,,,,,144,,,,,,4h,3,0.01,2.0,,,2026-09-19
,,12,150,sma,,,True,,2.0738,0.369,-23.2176,0.5541,0.0893,,,,,,,4h SMA 12/150 ATR,btc_4h_tier3,,,,,,,114,,,,,,4h,3,0.01,2.0,,,2026-09-19
,,12,175,sma,,,True,,2.1019,0.3755,-23.2234,0.5647,0.0905,,,,,,,4h SMA 12/175 ATR,btc_4h_tier3,,,,,,,101,,,,,,4h,3,0.01,2.0,,,2026-09-19
,,12,200,sma,,,True,,2.889,0.4399,-22.2638,0.6632,0.1298,,,,,,,4h SMA 12/200 ATR,btc_4h_tier3,,,,,,,98,,,,,,4h,3,0.01,2.0,,,2026-09-19
,,12,250,sma,,,True,,3.3064,0.4415,-37.2641,0.6557,0.0887,,,,,,,4h SMA 12/250 ATR,btc_4h_tier3,,,,,,,76,,,,,,4h,3,0.01,2.0,,,2026-09-19
,,15,100,sma,,,True,,1.7649,0.3319,-24.1689,0.4979,0.073,,,,,,,4h SMA 15/100 ATR,btc_4h_tier3,,,,,,,136,,,,,,4h,3,0.01,2.0,,,2026-09-19
,,15,150,sma,,,True,,1.832,0.3389,-25.4341,0.5059,0.072,,,,,,,4h SMA 15/150 ATR,btc_4h_tier3,,,,,,,107,,,,,,4h,3,0.01,2.0,,,2026-09-19
,,15,175,sma,,,True,,2.5105,0.4003,-24.8644,0.6032,0.101,,,,,,,4h SMA 15/175 ATR,btc_4h_tier3,,,,,,,89,,,,,,4h,3,0.01,2.0,,,2026-09-19
,,15,200,sma,,,True,,3.0161,0.4544,-21.8356,0.6869,0.1381,,,,,,,4h SMA 15/200 ATR,btc_4h_tier3,,,,,,,85,,,,,,4h,3,0.01,2.0,,,2026-09-19
,,15,250,sma,,,True,,3.6708,0.4437,-39.0626,0.6617,0.094,,,,,,,4h SMA 15/250 ATR,btc_4h_tier3,,,,,,,72,,,,,,4h,3,0.01,2.0,,,2026-09-19
,,20,100,sma,,,True,,1.7385,0.3363,-23.8417,0.499,0.0729,,,,,,,4h SMA 20/100 ATR,btc_4h_tier3,,,,,,,117,,,,,,4h,3,0.01,2.0,,,2026-09-19
,,20,150,sma,,,True,,1.7268,0.3224,-26.9722,0.4801,0.064,,,,,,,4h SMA 20/150 ATR,btc_4h_tier3,,,,,,,98,,,,,,4h,3,0.01,2.0,,,2026-09-19
,,20,175,sma,,,True,,2.3066,0.369,-25.9853,0.5521,0.0888,,,,,,,4h SMA 20/175 ATR,btc_4h_tier3,,,,,,,86,,,,,,4h,3,0.01,2.0,,,2026-09-19
,,20,200,sma,,,True,,2.7986,0.4274,-21.9811,0.6396,0.1273,,,,,,,4h SMA 20/200 ATR,btc_4h_tier3,,,,,,,75,,,,,,4h,3,0.01,2.0,,,2026-09-19
,,20,250,sma,,,True,,3.2972,0.4159,-33.2048,0.6189,0.0993,,,,,,,4h SMA 20/250 ATR,btc_4h_tier3,,,,,,,67,,,,,,4h,3,0.01,2.0,,,2026-09-19
,,7,100,ema,,,True,,2.1347,0.3932,-21.5959,0.601,0.0988,,,,,,,4h EMA 7/100 ATR,btc_4h_tier3,,,,,,,172,,,,,,4h,3,0.01,2.0,,,2026-09-19
,,7,150,ema,,,True,,1.9812,0.3616,-21.3378,0.5445,0.0928,,,,,,,4h EMA 7/150 ATR,btc_4h_tier3,,,,,,,147,,,,,,4h,3,0.01,2.0,,,2026-09-19
,,7,175,ema,,,True,,2.7303,0.4115,-27.5762,0.6169,0.099,,,,,,,4h EMA 7/175 ATR,btc_4h_tier3,,,,,,,128,,,,,,4h,3,0.01,2.0,,,2026-09-19
,,7,200,ema,,,True,,2.8351,0.4179,-29.3808,0.6228,0.0965,,,,,,,4h EMA 7/200 ATR,btc_4h_tier3,,,,,,,112,,,,,,4h,3,0.01,2.0,,,2026-09-19
,,7,250,ema,,,True,,3.2931,0.4191,-32.6165,0.6258,0.101,,,,,,,4h EMA 7/250 ATR,btc_4h_tier3,,,,,,,102,,,,,,4h,3,0.01,2.0,,,2026-09-19
,,8,100,ema,,,True,,2.0329,0.3748,-22.7822,0.5708,0.0892,,,,,,,4h EMA 8/100 ATR,btc_4h_tier3,,,,,,,166,,,,,,4h,3,0.01,2.0,,,2026-09-19
,,8,150,ema,,,True,,2.3226,0.381,-30.0367,0.5722,0.0773,,,,,,,4h EMA 8/150 ATR,btc_4h_tier3,,,,,,,137,,,,,,4h,3,0.01,2.0,,,2026-09-19
,,8,175,ema,,,True,,2.6823,0.4058,-28.7284,0.6078,0.0934,,,,,,,4h EMA 8/175 ATR,btc_4h_tier3,,,,,,,121,,,,,,4h,3,0.01,2.0,,,2026-09-19
,,8,200,ema,,,True,,2.8968,0.421,-28.6093,0.6266,0.1013,,,,,,,4h EMA 8/200 ATR,btc_4h_tier3,,,,,,,100,,,,,,4h,3,0.01,2.0,,,2026-09-19
,,8,250,ema,,,True,,3.3262,0.4219,-31.6041,0.6288,0.1052,,,,,,,4h EMA 8/250 ATR,btc_4h_tier3,,,,,,,94,,,,,,4h,3,0.01,2.0,,,2026-09-19
,,10,100,ema,,,True,,2.0584,0.3791,-23.0673,0.5766,0.0892,,,,,,,4h EMA 10/100 ATR,btc_4h_tier3,,,,,,,154,,,,,,4h,3,0.01,2.0,,,2026-09-19
,,10,150,ema,,,True,,2.4085,0.3936,-28.9906,0.5915,0.0831,,,,,,,4h EMA 10/150 ATR,btc_4h_tier3,,,,,,,123,,,,,,4h,3,0.01,2.0,,,2026-09-19
,,10,175,ema,,,True,,2.6147,0.3939,-28.5949,0.5892,0.0914,,,,,,,4h EMA 10/175 ATR,btc_4h_tier3,,,,,,,112,,,,,,4h,3,0.01,2.0,,,2026-09-19
,,10,200,ema,,,True,,2.7992,0.4102,-26.6114,0.609,0.1052,,,,,,,4h EMA 10/200 ATR,btc_4h_tier3,,,,,,,97,,,,,,4h,3,0.01,2.0,,,2026-09-19
,,10,250,ema,,,True,,3.3174,0.4223,-31.2879,0.6295,0.106,,,,,,,4h EMA 10/250 ATR,btc_4h_tier3,,,,,,,85,,,,,,4h,3,0.01,2.0,,,2026-09-19
,,12,100,ema,,,True,,2.1776,0.3965,-23.3528,0.603,0.0932,,,,,,,4h EMA 12/100 ATR,btc_4h_tier3,,,,,,,137,,,,,,4h,3,0.01,2.0,,,2026-09-19
,,12,150,ema,,,True,,2.4085,0.3936,-28.0858,0.5917,0.0858,,,,,,,4h EMA 12/150 ATR,btc_4h_tier3,,,,,,,115,,,,,,4h,3,0.01,2.0,,,2026-09-19
,,12,175,ema,,,True,,2.6251,0.3948,-28.3476,0.5886,0.0926,,,,,,,4h EMA 12/175 ATR,btc_4h_tier3,,,,,,,103,,,,,,4h,3,0.01,2.0,,,2026-09-19
,,12,200,ema,,,True,,2.9073,0.4192,-26.7573,0.6231,0.1087,,,,,,,4h EMA 12/200 ATR,btc_4h_tier3,,,,,,,90,,,,,,4h,3,0.01,2.0,,,2026-09-19
,,12,250,ema,,,True,,3.133,0.4032,-30.765,0.5996,0.1018,,,,,,,4h EMA 12/250 ATR,btc_4h_tier3,,,,,,,83,,,,,,4h,3,0.01,2.0,,,2026-09-19
,,15,100,ema,,,True,,2.0377,0.3709,-25.3365,0.5592,0.0804,,,,,,,4h EMA 15/100 ATR,btc_4h_tier3,,,,,,,127,,,,,,4h,3,0.01,2.0,,,2026-09-19
,,15,150,ema,,,True,,2.4052,0.3906,-28.2162,0.5865,0.0852,,,,,,,4h EMA 15/150 ATR,btc_4h_tier3,,,,,,,106,,,,,,4h,3,0.01,2.0,,,2026-09-19
,,15,175,ema,,,True,,2.7731,0.4125,-25.9285,0.616,0.107,,,,,,,4h EMA 15/175 ATR,btc_4h_tier3,,,,,,,91,,,,,,4h,3,0.01,2.0,,,2026-09-19
,,15,200,ema,,,True,,2.7756,0.398,-29.2874,0.588,0.0948,,,,,,,4h EMA 15/200 ATR,btc_4h_tier3,,,,,,,84,,,,,,4h,3,0.01,2.0,,,2026-09-19
,,15,250,ema,,,True,,3.1568,0.4055,-30.942,0.6038,0.102,,,,,,,4h EMA 15/250 ATR,btc_4h_tier3,,,,,,,75,,,,,,4h,3,0.01,2.0,,,2026-09-19
,,20,100,ema,,,True,,1.926,0.3623,-22.1756,0.5421,0.0869,,,,,,,4h EMA 20/100 ATR,btc_4h_tier3,,,,,,,111,,,,,,4h,3,0.01,2.0,,,2026-09-19
,,20,150,ema,,,True,,2.488,0.4008,-25.0504,0.6034,0.0993,,,,,,,4h EMA 20/150 ATR,btc_4h_tier3,,,,,,,98,,,,,,4h,3,0.01,2.0,,,2026-09-19
,,20,175,ema,,,True,,2.8268,0.4136,-24.6058,0.6186,0.1149,,,,,,,4h EMA 20/175 ATR,btc_4h_tier3,,,,,,,81,,,,,,4h,3,0.01,2.0,,,2026-09-19
,,20,200,ema,,,True,,2.6561,0.3868,-29.9382,0.5702,0.0887,,,,,,,4h EMA 20/200 ATR,btc_4h_tier3,,,,,,,75,,,,,,4h,3,0.01,2.0,,,2026-09-19
,,20,250,ema,,,True,,2.862,0.3797,-31.1094,0.5619,0.092,,,,,,,4h EMA 20/250 ATR,btc_4h_tier3,,,,,,,68,,,,,,4h,3,0.01,2.0,,,2026-09-19
,,10,200,sma,,,True,True,2.6297,0.4176,-23.4683,0.631,0.1121,,,,,,,4h SMA10/200 ATR regime eb=0.85 hs=0.7,btc_4h_tier3,,,,,,,97,,,,,,4h,3,0.01,2.0,0.85,0.7,2026-09-19
,,10,200,sma,,,True,True,2.7269,0.4291,-23.4683,0.6478,0.1162,,,,,,,4h SMA10/200 ATR regime eb=0.9 hs=0.75,btc_4h_tier3,,,,,,,99,,,,,,4h,3,0.01,2.0,0.9,0.75,2026-09-19
,,10,200,sma,,,True,True,2.6522,0.4209,-22.7056,0.6361,0.1168,,,,,,,4h SMA10/200 ATR regime eb=0.8 hs=0.65,btc_4h_tier3,,,,,,,94,,,,,,4h,3,0.01,2.0,0.8,0.65,2026-09-19
,,10,200,sma,,,True,True,2.6987,0.4232,-24.2994,0.6384,0.1111,,,,,,,4h SMA10/200 ATR regime eb=0.95 hs=0.8,btc_4h_tier3,,,,,,,102,,,,,,4h,3,0.01,2.0,0.95,0.8,2026-09-19
,,10,200,sma,,,True,,2.7864,0.4315,-21.6857,0.6504,0.1285,,,,,,,4h SMA10/200 ATR1%/2x on BTC,4h_sma10_200_atr_multiasset,BTC,,,,,,105,30.8,,,,,4h,0.01,2.0,8.62,12.2,25.25,-4.15,6851793.85,2026-09-19
,,10,200,sma,,,True,,2.4824,0.3836,-22.1119,0.5597,0.1123,,,,,,,4h SMA10/200 ATR1%/2x on ETH,4h_sma10_200_atr_multiasset,ETH,,,,,,85,33.3,,,,,4h,0.01,2.0,8.62,9.9,36.73,-5.52,115873427.63,2026-09-19
,,10,200,sma,,,True,,2.8761,0.4081,-34.648,0.6328,0.083,,,,,,,4h SMA10/200 ATR1%/2x on SOL,4h_sma10_200_atr_multiasset,SOL,,,,,,62,34.4,,,,,4h,0.01,2.0,5.16,12.0,45.64,-6.16,652290606.61,2026-09-19
,,10,200,sma,,,True,,1.5985,0.2637,-32.2645,0.3967,0.0495,,,,,,,4h SMA10/200 ATR1%/2x on LINK,4h_sma10_200_atr_multiasset,LINK,,,,,,98,29.9,,,,,4h,0.01,2.0,7.14,13.7,31.91,-5.78,1463192364.7,2026-09-19
