entry_bar,exit_bar,entry_mid,entry_exec,exit_mid,exit_exec,qty,position_usd,pool_depth_usd,max_pos_usd,gross_pnl,slippage_cost,gas_cost,net_pnl,exit_reason
161,186,1.1965418809241793e-05,1.214490009138042e-05,1.1973921853062141e-05,1.1794313025266209e-05,16467817.643221756,200.0,81861.19048693306,818.6119048693306,0.14002657504581711,5.913430447886771,1.0,-6.773403872840954,breakdown
206,216,1.1975321481207326e-05,1.2154951303425436e-05,1.1962100991129017e-05,1.1782669476262081e-05,16443054.927436734,199.86453192254316,102078.43096460355,1020.7843096460356,-0.2173852445252773,5.904065288008274,1.0,-7.121450532533552,breakdown
253,265,1.196198150323027e-05,1.2141411225778723e-05,1.1962271764614124e-05,1.1782837688144913e-05,16449661.344790071,199.7221029118925,122243.71897718523,1222.4371897718522,0.004774701465870193,5.903187962745411,1.0,-6.898413261279541,breakdown
294,315,1.19808870664264e-05,1.2160600372422794e-05,1.1980378416494462e-05,1.1800672740247045e-05,16412358.64466642,199.58413464666694,140491.2946517343,1404.912946517343,-0.008348145107544887,5.898913240286449,1.0,-6.907261385393993,breakdown
387,388,1.199735738287444e-05,1.2177317743617556e-05,1.1989421214958095e-05,1.1809579896733724e-05,16378482.816833273,199.44598941895904,180799.3972133948,1807.993972133948,-0.1299823898493703,5.8930056164367635,1.0,-7.022988006286134,breakdown
475,478,1.1996374268257967e-05,1.2176319882281835e-05,1.1979825525067125e-05,1.1800128142191118e-05,16368289.56414404,199.30552965883334,221096.431474238,2210.96431474238,-0.27087462047035354,5.886740712973733,1.0,-7.157615333444086,breakdown
832,840,1.1914400613318965e-05,1.2093116622518748e-05,1.190978437222184e-05,1.1731137606638513e-05,16469069.435855899,199.16237735216444,376648.073890726,3766.4807389072603,-0.07602519516118755,5.885432351693206,1.0,-6.961457546854393,breakdown
967,993,1.2675883423101553e-05,1.2866021674448074e-05,1.2701223454934163e-05,1.251070510311015e-05,15468895.765696354,199.02314820122734,441044.58704060066,4410.445870406007,0.39198231111807386,5.888337316969057,1.0,-6.496355005850983,breakdown
1078,1098,1.2721396953035735e-05,1.2912217907331269e-05,1.3545080200600635e-05,1.3341903997591626e-05,15403490.130706608,198.89322110111033,492690.9729113851,4926.909729113851,12.687596774694304,6.068931324067027,1.0,5.618665450627278,take_profit
1098,1109,1.3545080200600635e-05,1.3748256403609642e-05,1.3533196830684944e-05,1.3330198878224669e-05,14480249.787210196,199.07818686287973,502640.73223405966,5026.407322340597,-0.1720741646930226,5.881503228304376,1.0,-7.053577392997399,breakdown
1285,1303,1.471907017478763e-05,1.4939856227409443e-05,1.46987457771568e-05,1.4478264590499447e-05,13311006.467211891,198.86452286226293,589136.5694165416,5891.365694165416,-0.2705381883061562,5.873711075813722,1.0,-7.144249264119878,breakdown
1397,1413,1.5232346865980777e-05,1.5460832068970488e-05,1.5237790846075728e-05,1.5009223983384592e-05,12853230.472363127,198.72163787698054,638904.001956956,6389.04001956956,0.06997273084736765,5.874595538065583,1.0,-6.804622807218216,breakdown
1463,1471,1.5248339440131355e-05,1.5477064531733324e-05,1.5245005137274189e-05,1.5016330060215075e-05,12830956.736897185,198.58554542083618,647052.9796528145,6470.529796528144,-0.042782295708006325,5.868881775539833,1.0,-6.91166407124784,breakdown
1604,1620,1.5125763590253687e-05,1.5352650044107492e-05,1.51198335901698e-05,1.4893036086317253e-05,12925932.107439483,198.44731213941122,647903.3439463887,6479.033439463887,-0.0766507784814279,5.864288035546755,1.0,-6.940938814028183,breakdown
2123,2133,1.4863954278959025e-05,1.5086913593143409e-05,1.4849594574087623e-05,1.462685065547631e-05,13144404.396486798,198.30849336313065,653190.4146117143,6531.904146117144,-0.18874976784390718,5.858503532688173,1.0,-7.0472533005320805,breakdown
2201,2218,1.6010592039747604e-05,1.6250750920343815e-05,1.6001686388862317e-05,1.5761661093029383e-05,12194362.541674316,198.16754829712002,656365.5455624405,6563.6554556244055,-0.10859873556476808,5.855539934152343,1.0,-6.964138669717111,breakdown
2276,2282,1.6015267508907338e-05,1.6255496521540947e-05,1.5984953974536575e-05,1.5745179664918525e-05,12182234.1914508,198.02826552372568,656695.4432022016,6566.954432022017,-0.3692865748752276,5.847512884344134,1.0,-7.216799459219361,breakdown
2319,2327,1.6052280168572236e-05,1.6293064371100818e-05,1.604173041874061e-05,1.58011044624595e-05,12145286.17989935,197.88392953454127,655815.9714341881,6558.159714341881,-0.1281297308314574,5.846864148654511,1.0,-6.974993879485968,breakdown
2333,2355,1.6061368327722557e-05,1.6302288852638393e-05,1.60751187355908e-05,1.583399195455694e-05,12129856.82221845,197.74442965695158,655609.5864410033,6556.095864410033,0.16679047868890956,5.847164802705997,1.0,-6.680374324017087,breakdown
2484,2503,1.6010757259093228e-05,1.6250918617979626e-05,1.603685299626614e-05,1.5796300201322147e-05,12159978.57203219,197.61082217047124,656811.3755147983,6568.113755147983,0.31732360484399613,5.8454738098501355,1.0,-6.528150205006139,breakdown
2573,2590,1.7266688944154364e-05,1.7525689278316677e-05,1.7244478678678173e-05,1.6985811498498e-05,11268045.212390006,197.4802591663711,651496.5708979651,6514.965708979651,-0.25026627556490216,5.833100956596708,1.0,-7.08336723216161,breakdown
2656,2666,1.7247562887103145e-05,1.750627633040969e-05,1.723271049892054e-05,1.697421984143673e-05,11272448.126443442,197.33859182172787,654180.0448602643,6541.800448602643,-0.1674227753422378,5.830156396943105,1.0,-6.997579172285342,breakdown
2764,2787,1.7250193536354744e-05,1.7508946439400063e-05,1.725458397632617e-05,1.6995765216681275e-05,11262735.93450087,197.19864023828214,654413.4352601008,6544.134352601008,0.04944836603444547,5.829272964060433,1.0,-6.7798245980259875,breakdown
2812,2842,1.8395961246502835e-05,1.8671900665200374e-05,1.841679200910907e-05,1.8140540128972435e-05,10553989.509680526,197.0630437463216,655008.0385051337,6550.0803850513375,0.21984765002486187,5.827821175232785,1.0,-6.607973525207923,breakdown
2843,2852,1.843550908268137e-05,1.871204171892159e-05,1.841555498975341e-05,1.8139321664907106e-05,10524286.298308175,196.93088427581745,657228.6636848998,6572.286636848999,-0.21000258679691414,5.81746723043403,1.0,-7.027469817230944,breakdown
2980,3000,1.8454813717797814e-05,1.873163592356478e-05,1.8452322008093704e-05,1.81755371779723e-05,10505774.064928655,196.7903348794728,657085.5746051127,6570.8557460511265,-0.02617733918676521,5.816070439798093,1.0,-6.842247778984858,breakdown
3054,3058,1.8487855440133403e-05,1.8765173271735404e-05,1.846423713336516e-05,1.8187273576364684e-05,10479705.520230806,196.65348992389306,656172.0182627753,6561.720182627752,-0.24751289981765182,5.808705727898589,1.0,-7.056218627716241,breakdown
3095,3114,1.850803149195513e-05,1.8785651964334455e-05,1.8499267753766286e-05,1.822177873745979e-05,10460768.991378516,196.51236555133877,658009.3174930024,6580.093174930024,-0.09167544069443313,5.806872126064622,1.0,-6.8985475667590554,breakdown
3136,3147,1.8562215284099076e-05,1.8840648513360562e-05,1.854686210674919e-05,1.8268659175147953e-05,10422910.573420426,196.37439460000363,657620.1963908179,6576.201963908179,-0.16002479453572788,5.801768926604239,1.0,-6.9617937211399665,breakdown
3224,3227,1.8536659369887636e-05,1.881470926043595e-05,1.8525236041053632e-05,1.824735750043783e-05,10429879.94176605,196.23515872558085,659304.9457920237,6593.049457920237,-0.11914394827396972,5.798266793256112,1.0,-6.917410741530082,breakdown
3253,3270,1.9500167235372614e-05,1.9792669743903203e-05,1.9475755700892585e-05,1.9183619365379197e-05,9907547.240874594,196.09681051075023,658984.9908724977,6589.849908724977,-0.24185843108312294,5.792336966216025,1.0,-7.034195397299148,breakdown
3285,3312,1.953142628992645e-05,1.9824397684275344e-05,1.953727165244911e-05,1.9244212577662373e-05,9884594.211819919,195.95612660280426,659549.6037491069,6595.496037491069,0.05777903655747424,5.792673383168193,1.0,-6.7348943466107185,breakdown
3407,3418,1.9406636740054966e-05,1.969773629115579e-05,1.9410799216056896e-05,1.9119637227816044e-05,9941316.393995747,195.82142871587203,661412.937412364,6614.1293741236395,0.04138049091760168,5.7884461866506225,1.0,-6.747065695733021,breakdown
3434,3442,1.9460158599355884e-05,1.975206097834622e-05,1.9436691544889426e-05,1.9145141171716085e-05,9907142.733939737,195.68648740195738,661190.6215134969,6611.906215134969,-0.23249145814434233,5.780349694195541,1.0,-7.012841152339884,breakdown
3466,3526,1.947711135635026e-05,1.9769268026695514e-05,2.0129210400850574e-05,1.9827272244837817e-05,9891424.92857368,195.54623057891058,660458.7490723463,6604.587490723463,6.450188744669474,5.876444375374296,1.0,-0.426255630704822,timeout
3572,3594,2.0177706388941e-05,2.0480371984775113e-05,2.0198280575360717e-05,1.9895306366730306e-05,9547566.109231664,195.5377054662965,659362.8843169499,6593.628843169499,0.1964334049859056,5.782386071507197,1.0,-6.585952666521291,breakdown
3688,3721,2.2582405224374257e-05,2.2921141302739867e-05,2.26273748668369e-05,2.2287964243834347e-05,8525142.087475738,195.4059864129661,659928.5978228761,6599.2859782287605,0.38337259161702675,5.7812969853166045,1.0,-6.3979243936995775,breakdown
3801,3810,2.2613144406361802e-05,2.295234157245723e-05,2.260089865865765e-05,2.2261885178777786e-05,8507978.469587842,195.27802792509206,658830.8973107375,6588.308973107375,-0.10418655781092039,5.770201573803044,1.0,-6.874388131613965,breakdown
3919,3935,2.247658352042223e-05,2.2813732273228562e-05,2.2471442135540977e-05,2.213437050350786e-05,8553643.824051231,195.14054016245976,656462.5319545026,6564.625319545026,-0.04397757503661115,5.76704103083139,1.0,-6.811018605868001,breakdown
4041,4048,2.2914968252463353e-05,2.32586927762503e-05,2.2902216013065608e-05,2.2558682772869624e-05,8384147.882526889,195.0043197903424,654853.5383744327,6548.535383744327,-0.10691666094407834,5.762070726647684,1.0,-6.868987387591762,breakdown
4124,4135,2.411032269185071e-05,2.447197753222847e-05,2.4092311237405432e-05,2.373092656884435e-05,7962860.369006133,194.86694004259058,653763.0798496136,6537.630798496136,-0.14342269679045963,5.757462650954761,1.0,-6.90088534774522,breakdown
4195,4233,2.4114562020727666e-05,2.447628045103858e-05,2.420912978655933e-05,2.384599283976094e-05,7955821.666824092,194.7289223356357,655019.1498544249,6550.191498544249,0.7523642803866939,5.766820114520156,1.0,-6.014455834133463,breakdown
4351,4374,2.4774491751894217e-05,2.5146109128172627e-05,2.4748560360126198e-05,2.4377331954724306e-05,7739115.1142711695,194.608633218953,658357.032057155,6583.570320571551,-0.20068602596596485,5.748969016574639,1.0,-6.949655042540604,breakdown
4389,4408,2.862457011313655e-05,2.9053938664833596e-05,2.8640234796095368e-05,2.821063127415394e-05,6693400.242958625,194.46964011810218,658837.4717447477,6588.374717447477,0.10484999272242589,5.749443886386468,1.0,-6.644593893664042,breakdown
4466,4473,2.8686226568200558e-05,2.9116519966723565e-05,2.8669164146578233e-05,2.8239126684379558e-05,6674449.709729417,194.33674824022887,662365.2862610158,6623.652862610158,-0.11388227504440535,5.742235063615089,1.0,-6.8561173386594945,breakdown
4574,4596,2.867828312058286e-05,2.9108457367391603e-05,2.8709119245527846e-05,2.8278482456844927e-05,6671587.691589781,194.1996258934557,661268.9741521155,6612.689741521155,0.20572591163928408,5.742976309170817,1.0,-6.537250397531532,breakdown
4605,4610,2.8750260283642012e-05,2.9181514187896638e-05,2.871931001641387e-05,2.8288520366167664e-05,6650404.760901589,194.06888088550505,660093.4636079442,6600.9346360794425,-0.20583180452520553,5.732938558956903,1.0,-6.938770363482108,breakdown
4648,4665,2.8654394206615966e-05,2.90842101197152e-05,2.8623687597844663e-05,2.8194332283876993e-05,6667882.836769109,193.93010547823542,659931.8177315908,6599.3181773159085,-0.20474806960155456,5.728853078805299,1.0,-6.933601148406853,breakdown
4692,4700,2.8625144637820907e-05,2.905452180738822e-05,2.8609725761356506e-05,2.818057987493616e-05,6669923.351001028,193.79143345526728,658816.5748031113,6588.165748031112,-0.10284272417610431,5.726282978504864,1.0,-6.829125702680969,breakdown
4747,4757,2.863249193863769e-05,2.906197931771725e-05,2.8597226259280992e-05,2.8168267865391776e-05,6663512.103704326,193.65485094121368,656579.4385063918,6565.7943850639185,-0.23499328123870925,5.720263798551283,1.0,-6.955257079789992,breakdown
4908,4919,2.8403525089179662e-05,2.8829577965517356e-05,2.8407055744379084e-05,2.7980949908213397e-05,6712403.006075194,193.5157457996179,654923.9687884672,6549.239687884672,0.023699180574015394,5.720032703460863,1.0,-6.696333522886848,breakdown
5077,5104,2.8273625992919036e-05,2.8697730382812817e-05,2.828054285839028e-05,2.7856334715514425e-05,6738575.369882814,193.38181912916014,656805.1385213855,6568.051385213855,0.046609819301316247,5.716417939284401,1.0,-6.6698081199830845,breakdown
5285,5302,2.837694311338171e-05,2.880259726008243e-05,2.8378414088121904e-05,2.7952737876800076e-05,6709409.614062264,193.24842296676047,657088.2600571407,6570.882600571407,0.009869372063900322,5.711924088859593,1.0,-6.7020547167956925,breakdown
5310,5326,2.8411318732552297e-05,2.883748851354058e-05,2.8431356615616997e-05,2.8004886266382743e-05,6696643.564565206,193.11438187242456,655870.6326195833,6558.706326195833,0.13418656067273257,5.709827040944807,1.0,-6.5756404802720745,breakdown
5466,5471,2.8565453384340835e-05,2.8993935185105945e-05,2.8517874781497048e-05,2.8090106659774593e-05,6655973.665898018,192.98286906281913,658074.0952944421,6580.740952944421,-0.3166819275884638,5.6991769355044735,1.0,-7.015858863092937,breakdown
5580,5607,2.849889199724806e-05,2.8926375377206776e-05,2.8515153174640456e-05,2.8087425877020848e-05,6666668.373442741,192.84255188555727,659132.5994836956,6591.325994836956,0.10840787703683911,5.701405976841974,1.0,-6.5929980998051345,breakdown
5825,5885,3.1366715146212706e-05,3.1837215873405896e-05,3.20872024952241e-05,3.160589445779574e-05,6053000.761430754,192.71069192356117,656057.569253206,6560.57569253206,4.361110472167189,5.76129917699072,1.0,-2.400188704823531,timeout
5891,5914,3.2120227447705e-05,3.260203085942057e-05,3.214065784112041e-05,3.16585479735036e-05,5909530.2676150175,192.6626881494647,654487.3379914517,6544.8733799145175,0.12073402826764185,5.696274699570756,1.0,-6.575540671303114,breakdown
5950,5959,3.212128979534492e-05,3.260310914227509e-05,3.2103365471798455e-05,3.1621814989721476e-05,5905301.132350948,192.53117733603864,654643.5765392481,6546.435765392482,-0.10584852813556266,5.688988942108665,1.0,-6.794837470244228,breakdown
6087,6097,3.361732559354835e-05,3.4121585477451575e-05,3.360605314089077e-05,3.3101962343777414e-05,5638521.126568797,192.39528058663376,659159.3193746944,6591.593193746944,-0.06355996245800825,5.685606617902059,1.0,-6.749166580360067,breakdown
6213,6218,3.366636754017484e-05,3.417136305327746e-05,3.3633760432122024e-05,3.312925402564019e-05,5626357.279200965,192.26029725502653,658296.6187490685,6582.966187490685,-0.1834592397466642,5.679818473621333,1.0,-6.863277713367998,breakdown
6305,6315,3.3748722161048764e-05,3.425495299346449e-05,3.371304635507542e-05,3.320735065974929e-05,5608620.503359451,192.12303170075916,657024.7499681478,6570.247499681478,-0.20009205685597978,5.675511871386347,1.0,-6.875603928242327,breakdown
6332,6361,3.3731432789397594e-05,3.423740428123856e-05,3.379459091340427e-05,3.32876720497032e-05,5607478.827692515,191.9855196221943,657315.0963001451,6573.150963001452,0.35415784316420995,5.679761223475865,1.0,-6.325603380311655,breakdown
6415,6457,3.381262762984063e-05,3.431981704428824e-05,3.396641200355203e-05,3.345691582349875e-05,5590327.224268192,191.85900755458806,656164.4907987138,6561.644907987138,0.8597049710258647,5.683605157459617,1.0,-5.823900186433752,breakdown
6554,6590,3.660336067394315e-05,3.715241108405229e-05,3.656433500920703e-05,3.601586998406892e-05,5160971.359760956,191.74252955085936,655689.6915461842,6556.896915461843,-0.20141033799872116,5.664245728206651,1.0,-6.865656066205372,breakdown
6616,6626,3.850810998288379e-05,3.908573163262704e-05,4.056252558840769e-05,3.995408770458158e-05,4902178.069236696,191.60521642953526,656756.7527048741,6567.567527048742,10.071111126496909,5.81427503427288,1.0,3.256836092224029,take_profit
6626,6649,4.056252558840769e-05,4.1170963472233805e-05,4.051296361177132e-05,3.990526915759475e-05,4657165.885799665,191.7400065683914,656506.9628607915,6565.069628607915,-0.23081834682372396,5.663730037163893,1.0,-6.894548383987616,breakdown
6749,6766,4.485032834606021e-05,4.552308327125111e-05,4.4850311439862024e-05,4.4177556768264096e-05,4207370.160813716,191.53246218369998,660846.386936707,6608.4638693670695,-7.113063379276929e-05,5.661056928617833,1.0,-6.6611280592516255,breakdown
6893,6899,4.47719176204452e-05,4.544349638475188e-05,4.470117194819603e-05,4.403065436897309e-05,4211807.0758027565,191.39923962251495,660550.5024331841,6605.505024331841,-0.29796712296148264,5.652650876087054,1.0,-6.950617999048537,breakdown
6949,6964,4.484070341381057e-05,4.5513313965017724e-05,4.483365357551029e-05,4.4161148771877636e-05,4202291.82628933,191.260227262534,661835.7575385453,6618.357575385453,-0.029625477865916554,5.652567261059616,1.0,-6.682192738925533,breakdown
7119,7169,4.495914410111193e-05,4.5633531262628604e-05,4.511304625617411e-05,4.4436350562331496e-05,4188292.6462076767,191.1265834077555,663768.9474705018,6637.689474705017,0.644587264282437,5.658730387518586,1.0,-6.014143123236149,breakdown
7248,7281,4.507108824567542e-05,4.574715456936055e-05,4.5095633260383856e-05,4.44191987614781e-05,4175260.786016591,191.0063005452908,662501.760304165,6625.01760304165,0.10248183740434334,5.64704364761892,1.0,-6.544561810214577,breakdown
7350,7356,4.510262068169847e-05,4.577915999192394e-05,4.504806412985206e-05,4.4372343167904285e-05,4169482.5624314533,190.8754093090865,664843.7699239717,6648.437699239717,-0.22747259158998462,5.63822562469521,1.0,-6.865698216285194,breakdown
7533,7544,4.3417010247763997e-05,4.4068265401480455e-05,4.34211864961925e-05,4.2769868698749616e-05,4328241.504562443,190.7380953447608,660720.8931630183,6607.208931630183,0.018075811781621733,5.637850309928275,1.0,-6.619774498146653,breakdown
7643,7659,4.747892348781906e-05,4.8191107340136345e-05,4.750112563199985e-05,4.6788608747519854e-05,3955204.8163054013,190.60569985479785,663535.1040629494,6635.3510406294945,0.08781402759616584,5.63498321597447,1.0,-6.547169188378304,breakdown
7756,7771,4.7274783759317356e-05,4.798390551570711e-05,4.723678579757841e-05,4.652823401061473e-05,3969555.0919397348,190.4747564710303,664268.3882190263,6642.683882190263,-0.15083500250417628,5.627533232726879,1.0,-6.7783682352310555,breakdown
7811,7821,4.7269433129603145e-05,4.7978474626547185e-05,4.7245210127180994e-05,4.653653197527328e-05,3967178.8356732843,190.33918910632568,664991.4885423688,6649.914885423687,-0.09609698254561669,5.624347385842871,1.0,-6.720444368388487,breakdown
7972,7989,4.7115241227399884e-05,4.7821969845810874e-05,4.706822645996439e-05,4.6362203063064926e-05,3977351.431407411,190.20478021895792,665263.5423528639,6652.63542352864,-0.18699425255684174,5.6190112503187795,1.0,-6.806005502875621,breakdown
8134,8137,4.7390862188972905e-05,4.8101725121807494e-05,4.7344381148625613e-05,4.663421543139623e-05,3951389.677347155,190.06866010890045,659336.0911261876,6593.360911261876,-0.1836647030206434,5.6150379390773635,1.0,-6.798702642098007,breakdown
8174,8181,4.737807917771949e-05,4.8088750365385276e-05,4.731399453662755e-05,4.660428461857814e-05,3949628.231403862,189.9326860560585,659133.3735081933,6591.333735081933,-0.2531105076561,5.609977314485409,1.0,-6.863087822141509,breakdown
8251,8279,4.726878283383685e-05,4.7977814576344404e-05,4.733712928749408e-05,4.6627072348181664e-05,3955899.741902684,189.79542429961566,657061.894979292,6570.61894979292,0.27037171838258445,5.6137725501486155,1.0,-6.343400831766031,breakdown
8399,8440,4.734752478426223e-05,4.805773765602616e-05,4.752666674213608e-05,4.681376674100404e-05,3946680.920365735,189.66855628298035,656192.3895522759,6561.923895522759,0.7070161471777034,5.61657242298541,1.0,-5.909556275807707,breakdown
8457,8469,4.7542511643058175e-05,4.825564931770404e-05,4.751653882298653e-05,4.680379074064173e-05,3928045.064931329,189.5503651574642,657278.4475524119,6572.784475524119,-0.1020224077047709,5.600943510903075,1.0,-6.7029659186078465,breakdown
8520,8548,4.761490162440366e-05,4.832912514876971e-05,4.768553752497727e-05,4.6970254462102606e-05,3919299.2891143598,189.41630583909205,658070.565551064,6580.70565551064,0.2768432349041018,5.602664151156825,1.0,-6.325820916252723,breakdown
8698,8715,4.750251127989943e-05,4.821504894909792e-05,4.7534203131135565e-05,4.682119008416853e-05,3925948.299266604,189.28978942076702,658498.1826085314,6584.981826085314,0.12442056946110207,5.596638409648332,1.0,-6.47221784018723,breakdown
8912,8936,5.244950483025899e-05,5.323624740271287e-05,5.2447778594902514e-05,5.1661061915978975e-05,3553224.62218334,189.16034506396326,657454.5266931305,6574.545266931305,-0.006133701972308845,5.590854153996423,1.0,-6.596987855968732,breakdown
9003,9051,5.2279081177933074e-05,5.306326739560206e-05,5.2496965291969214e-05,5.170951081258968e-05,3562321.255070523,189.0284053068439,658374.6368010392,6583.746368010392,0.7761732105731518,5.598689060429846,1.0,-5.8225158498566945,breakdown
9149,9171,5.834522447438832e-05,5.922040284150414e-05,5.8340165222530794e-05,5.746506274419283e-05,3189980.9174794964,188.91195498984675,659263.1864142821,6592.631864142821,-0.016138916882235517,5.5833624972274585,1.0,-6.599501414109694,breakdown
9435,9449,6.191165693084009e-05,6.284033178480268e-05,6.191987484866916e-05,6.0991076725939125e-05,3004121.073199349,188.7799649615646,658079.5785222467,6580.795785222467,0.024687620128149523,5.580073712180679,1.0,-6.5553860920525295,breakdown
9551,9579,7.250993812329925e-05,7.359758719514873e-05,7.253387829208943e-05,7.144587011770809e-05,2563247.85131215,188.64885723972355,662010.6069208754,6620.106069208754,0.06136458621146389,5.576748761592883,1.0,-6.51538417538142,breakdown
9612,9622,7.290998220809286e-05,7.400363194121424e-05,7.285510529338995e-05,7.17622787139891e-05,2547422.938727766,188.51854955621596,662644.2300980578,6626.442300980578,-0.13979471132078342,5.569879913504058,1.0,-6.709674624824842,breakdown
9878,9889,7.259042447952245e-05,7.367928084671528e-05,7.254138343366615e-05,7.145326268216116e-05,2556815.890421627,188.38435606371945,663407.1692909797,6634.071692909798,-0.12538892532828763,5.566129690170897,1.0,-6.691518615499185,breakdown
9908,9921,7.266359037842406e-05,7.375354423410042e-05,7.2632287873853e-05,7.15428035557452e-05,2552426.837873516,188.25052569140945,662418.5112378248,6624.185112378248,-0.0798973527598365,5.562856486252724,1.0,-6.642753839012561,breakdown
9950,9957,7.267101372841861e-05,7.376107893434489e-05,7.260032953761477e-05,7.151132459455055e-05,2550364.953067914,188.11767061462922,660376.8357564205,6603.768357564205,-0.1802704829620871,5.557424138261851,1.0,-6.737694621223938,breakdown
9969,9988,7.2672104371156e-05,7.376218593672334e-05,7.265103486827741e-05,7.156126934525324e-05,2548499.8083362835,187.98291672220472,659293.446870432,6592.93446870432,-0.05369562404784308,5.555339887477846,1.0,-6.609035511525689,breakdown
10019,10032,8.492267629999727e-05,8.619651644449722e-05,8.494959470378478e-05,8.367535078322801e-05,2179330.9493305697,187.8507360119742,658844.9896016978,6588.449896016978,0.05866411048070121,5.553118464474182,1.0,-6.494454353993481,breakdown
10134,10145,8.475461455520854e-05,8.602593377353666e-05,8.474946161376642e-05,8.347821968955992e-05,2182142.508549452,187.72084692489432,659262.0290741939,6592.620290741939,-0.011244452564933975,5.548230749710866,1.0,-6.5594752022758,breakdown
10272,10283,8.467280564498277e-05,8.59428977296575e-05,8.461377094217537e-05,8.334456437804273e-05,2182724.371371931,187.58965742084882,659280.5869541066,6592.8058695410655,-0.12885648457439786,5.5425890469436645,1.0,-6.671445531518063,breakdown
10311,10319,8.467162294278334e-05,8.594169728692508e-05,8.46264692678846e-05,8.335707222886633e-05,2181202.308401902,187.45622851021847,659137.9112738755,6591.379112738755,-0.098489299921956,5.539100843069205,1.0,-6.6375901429911615,breakdown
10356,10361,8.445795094135434e-05,8.572482020547465e-05,8.435849980292559e-05,8.30931223058817e-05,2185171.998708906,187.32347670735865,658892.2131138748,6588.922131138748,-0.2173178429342322,5.533394716317327,1.0,-6.750712559251559,breakdown
10524,10539,9.277888471912454e-05,9.41705679899114e-05,9.268144599471203e-05,9.129122430479135e-05,1987759.7263321944,187.1884624561736,655020.193567605,6550.20193567605,-0.193684772172365,5.52975864337821,1.0,-6.723443415550576,breakdown
10749,10765,9.282675114286867e-05,9.42191524100117e-05,9.282457001493546e-05,9.143220146471142e-05,1985307.5388946747,187.05399358786258,654907.9069180945,6549.079069180945,-0.004330209729101608,5.528624512505174,1.0,-6.532954722234276,breakdown
10894,10915,9.262612923112667e-05,9.401552116959357e-05,9.260814562837368e-05,9.121902344394807e-05,1988217.8194409937,186.9233344934179,661063.6485392737,6610.636485392737,-0.03575531945125198,5.524291290703342,1.0,-6.560046610154594,breakdown
10937,10942,9.272351676466163e-05,9.411436951613155e-05,9.260011164033612e-05,9.121110996573108e-05,1984735.5353020555,186.7921335612148,662844.4889344635,6628.444889344635,-0.24492653548720866,5.517275862397687,1.0,-6.762202397884896,breakdown
11036,11073,9.345915771486042e-05,9.486104508058332e-05,9.357869439324382e-05,9.217501397734516e-05,1967687.4670176182,186.65688951325708,660132.3347575067,6601.323347575068,0.23521082390394177,5.520480561765172,1.0,-6.28526973786123,breakdown
11131,11155,0.00010146114897141543,0.00010298306620598664,0.00010144676650079,9.992506500327814e-05,1811280.1549858728,186.53118411849988,659072.0749157073,6590.720749157073,-0.02605068362351327,5.512846208765349,1.0,-6.538896892388862,breakdown
11205,11215,0.00010678922956810558,0.00010839106801162716,0.00010662006173937685,0.0001050207608132862,1719702.6434009937,186.4004061806521,660170.0027202566,6601.700027202566,-0.2909183622432024,5.505007835817153,1.0,-6.795926198060355,breakdown
11383,11393,0.00011532210664443865,0.00011705193824410521,0.00011517076638722347,0.00011344320489141512,1591297.7644867941,186.2644876566909,665146.1934841957,6651.461934841957,-0.24082741298336796,5.501741903781336,1.0,-6.742569316764704,breakdown
11512,11572,0.00011539883170902844,0.00011712981418466386,0.00011614416971798763,0.00011440200717221782,1589088.4619428187,186.12963627035563,663687.042070988,6636.87042070988,1.1844080302844895,5.519134680169213,1.0,-5.334726649884724,timeout
11578,11590,0.00012568463852368557,0.00012756990810154083,0.00012545806579587255,0.00012357619480893447,1458203.9330881282,186.0229417373579,665630.8593131298,6656.308593131298,-0.330389242827449,5.493259188077527,1.0,-6.823648430904976,breakdown
11624,11634,0.0001275985309331923,0.00012951250889719018,0.0001273869187237622,0.00012547611494290577,1435278.1082814208,185.8864687687398,663519.8840388474,6635.198840388474,-0.30372237164010274,5.489625507343816,1.0,-6.793347878983919,breakdown
11655,11665,0.0001440758781956034,0.00014623701636853743,0.00014392102588735647,0.00014176221049904612,1270202.3497459975,185.75060181116012,663914.6409699034,6639.146409699035,-0.19669376579882128,5.487215164286224,1.0,-6.683908930085045,breakdown
11723,11729,0.00014430189201110352,0.00014646642039127004,0.00014403291559036323,0.0001418724218565078,1267300.1984803195,185.61692363255844,662881.0698314622,6628.810698314623,-0.3408738713906919,5.481101383531852,1.0,-6.8219752549225445,breakdown
11854,11890,0.0001506676510534028,0.00015292766581920383,0.000150868789838085,0.00014860575799051373,1212864.1546568896,185.48048412745996,663167.8546139237,6631.678546139237,0.2439540220522897,5.485841107201523,1.0,-6.241887085149234,breakdown
11927,11937,0.00015085352282685405,0.00015311632566925685,0.00015078638771183137,0.0001485245918961539,1210554.4302711363,185.35564638575698,666960.9464266504,6669.609464266504,-0.0812707109174721,5.477272950737923,1.0,-6.558543661655396,breakdown
12106,12119,0.00015051291979853996,0.00015277061359551805,0.00015035674312892134,0.00014810139198198752,1212435.23969166,185.2244755125239,665562.3528305235,6655.623528305236,-0.18935409786329852,5.4717747283110825,1.0,-6.661128826174381,breakdown
12312,12321,0.0001498554947936535,0.0001521033272155583,0.00014979571237625048,0.00014754877669060672,1216878.3965763757,185.09125293600042,662336.2174979727,6623.362174979727,-0.07274793223286705,5.469586207696322,1.0,-6.542334139929189,breakdown
12367,12374,0.00014944462376952314,0.00015168629312606598,0.00014930328926781295,0.00014706373992879576,1219361.3703743282,184.96040625320185,663696.6557189382,6636.966557189382,-0.17233783168650088,5.4642249695651515,1.0,-6.636562801251652,breakdown
12454,12461,0.0001488010866369826,0.00015103310293653732,0.00014872272247266603,0.00014649188163557604,1223756.060119083,184.8276749971768,664670.8164514174,6646.708164514174,-0.09589862097857749,5.461448466414685,1.0,-6.557347087393262,breakdown
12494,12523,0.00015955461639956093,0.00016194793564555432,0.00015987097402331437,0.00015747290941296464,1140468.5544103698,184.69652805542893,665076.0807186372,6650.760807186372,0.3607959218387789,5.464422620268833,1.0,-6.103626698430054,breakdown
12580,12591,0.00016063672048381502,0.00016304627129107223,0.0001604883541152842,0.0001580810288035549,1132037.2680707043,184.57445552146032,665044.2686161586,6650.442686161587,-0.1679562585052185,5.452883282372481,1.0,-6.620839540877699,breakdown
12613,12620,0.0001609287129086856,0.00016334264360231586,0.00016072593904886513,0.00015831504996313215,1129172.6071220988,184.4420387306428,664428.7360903156,6644.287360903157,-0.22896668794969316,5.448054329157882,1.0,-6.677021017107576,breakdown
12748,12771,0.00016064346894914777,0.00016305312098338498,0.00016084546317522456,0.0001584327812275962,1130358.6045990589,184.3084983103006,665237.3040390408,6652.373040390408,0.2283259115252227,5.450966710652205,1.0,-6.2226407991269825,breakdown
12946,12954,0.00016982595618286368,0.0001723733455256066,0.00017886717067855056,0.0001761841631183723,1068518.1338953415,184.1840454943181,667057.5071312034,6670.575071312034,9.660701641078866,5.588773938241349,1.0,3.0719277028375167,take_profit
12954,12966,0.00017886717067855056,0.0001815501782387288,0.00017879231323829602,0.00017611042853972158,1015216.9647040603,184.31282089300342,667594.826028417,6675.94826028417,-0.0759965432807295,5.446529634895224,1.0,-6.522526178175954,breakdown
12973,12995,0.0001789377738112888,0.00018162184041845813,0.00017911389051466071,0.0001764271821569408,1013727.385982924,184.11503352481134,666311.9808126809,6663.119808126809,0.17853432533713393,5.444501665859702,1.0,-6.265967340522568,breakdown
13015,13032,0.00017926481006073282,0.0001819537822116438,0.00017918564989315912,0.00017649786514476173,1011189.2808251105,183.98971417800087,667194.6733996576,6671.946733996576,-0.08004591291884464,5.436918942183091,1.0,-6.516964855101936,breakdown
13205,13221,0.00020112577393860875,0.00020414266054768788,0.00020090939360361355,0.00019789575269955935,900641.6120355654,183.85937488089883,670560.6316755291,6705.606316755291,-0.19488113372287294,5.431344020853237,1.0,-6.62622515457611,breakdown
13423,13439,0.00020001904263839383,0.00020301932827796972,0.00020028136734934882,0.0001972771468391086,904972.2109525081,183.72685037780732,664483.9514558646,6644.839514558646,0.23739657366041333,5.433911206077044,1.0,-6.19651463241663,breakdown
13511,13529,0.00020046820827336015,0.00020347523139746055,0.00020063638844508054,0.00019762684261840434,902335.4775133108,183.60292008515898,664795.3443043927,6647.953443043927,0.15175493555758585,5.428963617190773,1.0,-6.277208681633187,breakdown
13582,13593,0.00020069408458719008,0.00020370449585599792,0.00020067929358656242,0.00019766910418276399,900703.6155020826,183.47737591152634,667543.6310359611,6675.4363103596115,-0.013322307742225892,5.422776793310753,1.0,-6.436099101052979,breakdown
13727,13747,0.0002009645808556033,0.00020397904956843732,0.00021928809370080603,0.00021599877229529395,898860.2227406186,183.34865392950525,671927.3432036348,6719.273432036349,16.470276837429523,5.666226189886721,1.0,9.804050647542802,take_profit
13774,13787,0.00022419467025842533,0.00022755759031230168,0.00022449353525714214,0.000221126132228285,806585.8611464376,183.5447349424561,674397.1493305434,6743.971493305434,0.24106028235652596,5.428583439480356,1.0,-6.18752315712383,breakdown
13814,13824,0.00023672021791504747,0.00024027102118377315,0.00023640367795579263,0.00023285762278645573,763392.037773139,183.42098447931363,672839.3134961536,6728.393134961536,-0.2416440845321794,5.417685224820104,1.0,-6.659329309352284,breakdown
13921,13926,0.00023800680639347464,0.00024157690848937674,0.00023768960635264376,0.0002341242622573541,758714.0635222866,183.2877978931266,668981.9036866735,6689.819036866735,-0.2406641319282337,5.413763374763735,1.0,-6.6544275066919685,breakdown
13981,14015,0.00023762694632885876,0.0002411913505237916,0.000238013382310475,0.00023444318157581786,759375.1141790054,183.15470934299276,666837.1193172168,6668.371193172168,0.2934498676627079,5.417841433029505,1.0,-6.124391565366797,breakdown
14178,14184,0.0002364669529430689,0.0002400139572372149,0.0002361972507576731,0.000232654291996308,762589.9077643545,183.03222151168544,667011.7857617168,6670.117857617168,-0.20567216468482843,5.406734272554913,1.0,-6.612406437239741,breakdown
14299,14315,0.00023582097719548707,0.00023935829185341937,0.00023588970778664584,0.00023235136216984614,764126.3311443864,182.89997338294063,664284.7911077559,6642.847911077559,0.052518854459531805,5.406698326155039,1.0,-6.354179471695508,breakdown
14319,14334,0.00023612957404421295,0.00023967151765487613,0.0002361286634612359,0.00023258673350931737,762597.4566435437,182.77288979350672,664754.5311505838,6647.545311505838,-0.0006944082623604968,5.4021439620092675,1.0,-6.402838370271628,breakdown
14339,14349,0.00023655999985613605,0.00024010839985397805,0.00023636613128558655,0.00023282063931630273,760676.5658226734,182.6448330261013,664335.9143749131,6643.359143749131,-0.14747127846654304,5.396157379870331,1.0,-6.543628658336874,breakdown
14391,14405,0.0002361472511694138,0.000239689459936955,0.00023603066908065766,0.00023249020904444779,761460.101336708,182.51396045293455,664977.6032963465,6649.776032963465,-0.08877260911829518,5.393169705038631,1.0,-6.481942314156926,breakdown
14469,14478,0.0002364829133185444,0.00024003015701832254,0.00023632945108502948,0.00023278450931875404,759839.1963420216,182.38432160665144,663849.40257042,6638.4940257042,-0.1166066201828251,5.388920504834739,1.0,-6.505527125017564,breakdown
14516,14521,0.0002368303700270912,0.00024038282557749756,0.00025825001392953137,0.0002543762637205884,758183.1631536161,182.2542110641511,663738.8833264025,6637.388833264025,16.24001336757615,5.6304241728530835,1.0,9.609589194723068,take_profit
14533,14541,0.00025848391233830104,0.00026236117102337555,0.0002584572185942611,0.0002545803603153472,695401.6942994592,182.44640284804555,665437.8224533844,6654.378224533844,-0.018562874832574783,5.392226074553734,1.0,-6.410788949386308,breakdown
14563,14580,0.0002629868454309069,0.0002669316481123705,0.00026303533385239604,0.00025908980384461007,683014.5033694436,182.3181870690578,665811.2546963658,6658.112546963658,0.03311829512256121,5.389211663167464,1.0,-6.3560933680449025,breakdown
14614,14633,0.0002769601923282881,0.0002811145952132124,0.00027726159552477793,0.0002731026715919063,648102.4760152117,182.19106520169692,666763.8403124181,6667.6384031241805,0.19534015792396214,5.387887694537241,1.0,-6.192547536613279,breakdown
14709,14723,0.0002778228044147534,0.0002819901464809747,0.0002781832769685556,0.0002740105278140273,645650.9793800485,182.06721425096464,664308.0640971442,6643.080640971442,0.23273945740202884,5.384788064795945,1.0,-6.152048607393916,breakdown
14726,14734,0.00027861114919502635,0.0002827903164329517,0.0002782802590032565,0.00027410605511820767,643388.9801242714,181.94417327881678,665570.5832937798,6655.705832937798,-0.21289110301592495,5.374466927409937,1.0,-6.587358030425862,breakdown
14769,14778,0.0002784368360239768,0.0002826133885643364,0.00027822059682431743,0.00027404728787195265,643325.5941687952,181.8124261182083,666909.1433128567,6669.091433128567,-0.13911221160344264,5.371679606034077,1.0,-6.510791817637519,breakdown
14904,14919,0.0002784672187947834,0.0002826442270767051,0.00027830317186395615,0.0002741286242859968,642794.6969267124,181.68221028185556,666962.0732846034,6669.620732846034,-0.10544849718286597,5.368335817818776,1.0,-6.473784315001643,breakdown
14970,14978,0.00027689653905955524,0.00028104998714544857,0.00027679920983117397,0.0002726472216837064,645980.2273593368,181.55273459555553,669421.2685472514,6694.212685472514,-0.06287275707844456,5.365147586344973,1.0,-6.428020343423418,breakdown
14999,15010,0.00029807304195405394,0.0003025441375833647,0.0002976373785243417,0.0002931728178464766,599661.8398817806,181.42417418868703,668676.7731418383,6686.767731418383,-0.2612507338304408,5.358372101712358,1.0,-6.619622835542798,breakdown
15049,15061,0.0002981288944419066,0.0003026008278585352,0.00029789937661310617,0.00029343088596390956,599111.981996062,181.2917817319762,665871.7444750083,6658.717444750084,-0.13750688131605796,5.35631518196182,1.0,-6.493822063277878,breakdown
15116,15146,0.00029852349188771787,0.0003030013442660336,0.00029857534386316356,0.0002940967137052161,597891.4243088355,181.16190529071065,664134.2589521002,6641.342589521002,0.03100185145245311,5.3550041004036295,1.0,-6.324002248951176,breakdown
15194,15204,0.00031217825452447667,0.0003168609283423438,0.0003121051589377848,0.000307423581553718,571340.3233172909,181.03542524573163,664195.9442068404,6641.959442068403,-0.041762456133613214,5.350174309337256,1.0,-6.391936765470869,breakdown
15368,15381,0.00031203378773570287,0.00031671429455173836,0.0003411038836145268,0.0003359873253603089,571201.204437172,180.90758651042222,664792.0605072783,6647.9206050727835,16.604873779088308,5.596095368078116,1.0,10.008778411010192,take_profit
15381,15393,0.0003411038836145268,0.00034622044186874467,0.0003405979161117898,0.00033548894737011297,523297.27495430683,181.17621376339008,666555.553054101,6665.55553054101,-0.2647714153976972,5.350990411923422,1.0,-6.615761827321119,breakdown
15417,15422,0.0003412245214318282,0.0003463428892533056,0.0003408666913730303,0.0003357536910024348,522532.589689565,180.975446842096,667855.7092893497,6678.557092893498,-0.18697786729245577,5.346223317471283,1.0,-6.533201184763739,breakdown
15585,15604,0.0003878537242399725,0.00039367153010357205,0.00038762560133045104,0.0003818112173104943,459379.88650289696,180.84478281840072,667538.2414976764,6675.382414976763,-0.10479507628466965,5.3435940684882635,1.0,-6.448389144772933,breakdown
15608,15622,0.00039388063183946366,0.00039978884131705556,0.00039388888639180014,0.00038798055309592313,452028.16176699445,180.71581503550527,668297.0675006942,6682.970675006942,0.0037312901188663525,5.341410108332235,1.0,-6.337678818213369,breakdown
15695,15706,0.00040494752571850146,0.00041102173860427894,0.00040490758234572696,0.000398833968610541,439366.2049904555,180.58906145914102,666938.293805877,6669.38293805877,-0.017549768110451638,5.337344481334728,1.0,-6.35489424944518,breakdown
16132,16146,0.00045771806841445197,0.0004645838394406687,0.00045747877134966826,0.00045061658977942325,388437.8840887311,180.46196357415212,663898.310111856,6638.98310111856,-0.09295204551322846,5.3324568594400255,1.0,-6.425408904953254,breakdown
16346,16368,0.00045895869594102067,0.0004658430763801359,0.00045943280095301676,0.0004525413089387215,387112.02235170256,180.33345539605304,663702.2229411632,6637.022229411632,0.18353175000088734,5.332805845098873,1.0,-6.149274095097986,breakdown
16391,16401,0.00045981620518288684,0.0004667134482606301,0.00045964512158037235,0.00045275044475666674,386126.58492222166,180.2104699141511,661772.9918300485,6617.729918300485,-0.06605992717510982,5.325426931067283,1.0,-6.391486858242393,breakdown
16507,16511,0.0004609265167839856,0.0004678404145357454,0.00046056312802574646,0.00045365468110536027,384923.2229235447,180.08264017698627,660678.1457664993,6606.7814576649935,-0.13987677199560442,5.320541459562518,1.0,-6.460418231558123,breakdown
16535,16565,0.0004608264026169096,0.0004677387986561632,0.0004610635463363303,0.00045414759314128534,384730.60676037625,179.95343181235512,660796.9789084233,6607.9697890842335,0.09123644706213335,5.320189191406083,1.0,-6.22895274434395,breakdown
16639,16652,0.00045975230765642015,0.00046664859227126644,0.000459417188388268,0.00045252593056244395,385362.46703800693,179.82885275746824,658453.6743681376,6584.536743681376,-0.1291423879270932,5.313201369327938,1.0,-6.442343757255031,breakdown
16675,16678,0.0004598078068635685,0.00046670492396652197,0.00045927450641350506,0.0004523853888173025,385039.8756350244,179.70000588232313,658688.0788752909,6586.880788752909,-0.20534193896852115,5.308250094038323,1.0,-6.513592033006844,breakdown
16720,16749,0.0004607227175509438,0.0004676335583142079,0.0004615540019290059,0.00045463069190007085,383996.68041147763,179.569734041663,661519.2722675493,6615.192722675493,0.3192104416537792,5.3122679805163235,1.0,-5.993057538862544,breakdown
16776,16799,0.00048675831771716074,0.0004940596924829182,0.00048668848208997795,0.0004793881548586283,363214.9629310028,179.44987289088576,662809.0097411626,6628.090097411627,-0.025365344738461953,5.303556649608797,1.0,-6.328921994347259,breakdown
16817,16852,0.00048727032059395415,0.0004945793754028634,0.0004882894051078525,0.00048096506403123466,362577.38063769776,179.32329445099882,662515.9633277309,6625.159633277309,0.3694969936976941,5.3057383500088795,1.0,-5.936241356311186,breakdown
16904,16949,0.0004892334391239133,0.0004965719407107719,0.0004909349818018324,0.0004835709570748049,360883.3986216918,179.2045696238726,660297.0552949569,6602.9705529495695,0.6140585045072987,5.305897664480101,1.0,-5.691839159972802,breakdown
16958,16970,0.0004916984474261692,0.0004990739241375617,0.0004917362204452988,0.00048436017713861934,358846.10311018705,179.09073284067313,661593.2728044376,6615.932728044376,0.013554700717381673,5.29352547343706,1.0,-6.279970772719678,breakdown
17079,17098,0.0004942437810671144,0.0005016574377831211,0.0004943172592381872,0.0004869025003496144,356747.69264078914,178.9651334252187,662044.3934867225,6620.443934867225,0.026213167989682904,5.290003052452418,1.0,-6.263789884462735,breakdown
17112,17116,0.0004946399094391137,0.0005020595080807004,0.0004941416230762733,0.0004867294987301292,356212.4703328653,178.83985762752943,663212.0894568538,6632.1208945685385,-0.17749581624054891,5.283244684752336,1.0,-6.460740500992886,breakdown
17132,17152,0.0004959593384580633,0.0005033987285349342,0.000495669178351935,0.00048823414067665597,355008.1330908798,178.71064281750958,663238.6514898503,6632.386514898502,-0.10300919757403716,5.2805428270859345,1.0,-6.383552024659972,breakdown
17188,17200,0.0004954229736996091,0.0005028543183051033,0.0004951890929894014,0.00048776125659456035,355138.5864179104,178.58297177701635,663644.7445993992,6636.447445993992,-0.08306006481360126,5.277068535786899,1.0,-6.3601286006005004,breakdown
17235,17255,0.0005203007136716614,0.0005281052243767362,0.0005210209302289903,0.0005132056162755554,337917.06835624634,178.45576920500437,663679.4586748952,6636.7945867489525,0.2433734676342033,5.278205356842229,1.0,-6.034831889208026,breakdown
17317,17326,0.0005220141426326601,0.0005298443547721499,0.0005215234420273905,0.0005137005903969796,336580.11255760194,178.3350725672202,663656.6764664162,6636.566764664162,-0.16516006495374938,5.268509965544518,1.0,-6.433670030498267,breakdown
17334,17346,0.0005688043636948852,0.0005773364291503084,0.0005684218016602699,0.0005598954746353659,308669.9369185563,178.20639916661023,664038.0044968396,6640.380044968396,-0.1180853990921383,5.265412930834611,1.0,-6.383498329926749,breakdown
17547,17556,0.0005710911619667129,0.0005796575293962135,0.0005706632923921606,0.0005621033430062782,307213.69113501057,178.07872920001165,662496.3559094025,6624.963559094025,-0.13144739132255756,5.261439004401442,1.0,-6.392886395724,breakdown
17592,17607,0.0005733007538844003,0.0005819002651926663,0.0005727399638977403,0.0005641488644392742,305809.9164350404,177.95087147209716,660203.9231858273,6602.0392318582735,-0.1714951389581018,5.257059242041652,1.0,-6.4285543809997545,breakdown
17667,17680,0.000575367357269329,0.0005839978676283689,0.0005750515669954955,0.000566425793490563,304491.35218013433,177.82230038447716,661169.3612944301,6611.693612944301,-0.09615540748490997,5.254389207345179,1.0,-6.350544614830089,breakdown
17867,17887,0.0005735156221354943,0.0005821183564675267,0.0005732594841148731,0.00056466059185315,305256.289409065,177.69528949218056,659813.6261150372,6598.136261150373,-0.07818774175141313,5.2509047058101,1.0,-6.329092447561513,breakdown
17939,17946,0.0005761043134585341,0.000584745878160412,0.0005758613125263849,0.0005672233928384891,303668.1647108889,177.56870764322935,661143.3453658754,6611.433453658754,-0.07379164708879676,5.247229311793058,1.0,-6.321020958881855,breakdown
18056,18116,0.0005762012742722494,0.0005848442933863331,0.0005814819171083218,0.000572759688351697,303400.9038485017,177.44228722405174,662701.1934973631,6627.0119349736315,1.6021518093654923,5.268631899526248,1.0,-4.666480090160756,breakdown
18205,18210,0.0005780946402192393,0.0005867660598225279,0.0005777640470123917,0.0005690975863072059,302248.1526554026,177.3489576222485,660138.9067324987,6601.389067324987,-0.09992118605010264,5.240342294196889,1.0,-6.340263480246992,breakdown
18239,18257,0.0005771044553802764,0.0005857610222109805,0.000577468117206022,0.0005688060954479317,302550.2647542351,177.22215235264355,661171.7137908445,6611.717137908446,0.1100259816603555,5.239743562709444,1.0,-6.129717581049088,breakdown
18376,18381,0.0005760080970254525,0.0005846482184808342,0.0005750072470935468,0.0005663821383871436,302916.44172148994,177.09955800102253,660945.9758978552,6609.459758978553,-0.30317390007006884,5.229922086110452,1.0,-6.533095986180522,breakdown
18457,18477,0.0005909672242754397,0.0005998317326395712,0.000590177551564489,0.0005813248882910216,295030.90025354916,176.9688960812989,660890.2141280636,6608.902141280637,-0.23297785081744604,5.227113098187459,1.0,-6.460090949004905,breakdown
18576,18591,0.0005893965781809188,0.0005982375268536325,0.0005893644090524586,0.0005805239429166717,295601.13888606866,176.83969426231886,661628.0088452955,6616.280088452955,-0.009509231009813844,5.2266463545097945,1.0,-6.236155585519608,breakdown
18608,18619,0.0005910571825838506,0.0005999230403226082,0.0005907746511357037,0.0005819130313686682,294562.7343393581,176.71497115060848,660530.8564503266,6605.308564503266,-0.08322323590300297,5.221854247045943,1.0,-6.305077482948946,breakdown
18672,18706,0.0005907649258311458,0.0005996263997186129,0.000591122462016199,0.000582255625085956,294498.15699211624,176.58886960094952,662472.982896571,6624.729828965711,0.10529374755614623,5.220954862399042,1.0,-6.115661114842895,breakdown
18726,18734,0.0005931428392555595,0.0006020399818443929,0.000592527196225568,0.0005836392882821845,293114.34738608997,176.46655637865265,662876.4148380342,6628.764148380342,-0.18045380495874885,5.213053479979392,1.0,-6.39350728493814,breakdown
18821,18836,0.0005933774848658941,0.0006022781471388825,0.0005939259391089487,0.0005850170500223145,292786.12725806073,176.33868623295388,665298.5496785523,6652.9854967855235,0.16057979380220272,5.214389570787444,1.0,-6.053809776985241,breakdown
18865,18907,0.0005953470385722273,0.0006042772441508106,0.0005959073002442965,0.000586968690740632,291617.153786839,176.2176100374142,664440.562238921,6644.405622389209,0.16338191418465775,5.210852995828461,1.0,-6.047471081643803,breakdown
18918,18931,0.0005967517886418506,0.0006057030654714783,0.0005964004195190137,0.0005874544132262285,290731.00443813665,176.09666061578133,666189.1063383919,6661.891063383919,-0.10215389801091725,5.203295098892831,1.0,-6.305448996903748,breakdown
18946,18955,0.0005974528403616669,0.0006064146329670918,0.0005967103788271034,0.0005877597231446969,290181.9020673148,175.97055163584326,667424.5306580825,6674.245306580825,-0.21544890031144526,5.197868314845376,1.0,-6.413317215156821,breakdown
19295,19307,0.0005985307643006523,0.000607508725765162,0.0005983457857188544,0.0005893705989330715,289448.1640079579,175.84228529154015,669459.2954586565,6694.592954586566,-0.05354171088220415,5.196505799209875,1.0,-6.250047510092079,breakdown
19396,19407,0.0006021092500696635,0.0006111408888207084,0.0006018813964410596,0.0005928531754944437,287523.364179432,175.71728434133829,668646.0765060434,6686.460765060435,-0.06551324183668092,5.192631616879986,1.0,-6.258144858716666,breakdown
19412,19425,0.0006025220815623041,0.0006115599127857386,0.0006017950843354003,0.0005927681580703693,287121.6994003382,175.59212144416392,668959.1323148671,6689.591323148671,-0.20873667924793754,5.18678386934322,1.0,-6.395520548591158,breakdown
19708,19725,0.0006065788334995804,0.0006156775160020741,0.0006062038076191711,0.0005971107505048836,284993.69633079314,175.46421103319213,665874.9259421268,6658.749259421268,-0.10688001187755698,5.184531116073821,1.0,-6.2914111279513785,breakdown
19748,19771,0.0006080838883048423,0.0006172051466294149,0.0006090980338453157,0.000599961563337636,284084.44707268546,175.33838281063308,665470.8882264465,6654.708882264465,0.2881029751166362,5.186736800113442,1.0,-5.898633824996805,breakdown
19908,19949,0.0006133646229269484,0.0006225650922708526,0.0006151702124280316,0.0006059426592416111,281449.1405147752,175.22041013413318,663595.8013025823,6635.958013025823,0.5081816132023576,5.186551102546799,1.0,-5.678369489344441,breakdown
19969,19989,0.0006164777822254623,0.0006257249489588442,0.0006167592042718717,0.0006075078162077936,279846.3494794477,175.10684274434627,661872.2258738525,6618.722258738525,0.07875493235070913,5.176753030714708,1.0,-6.097998098363998,breakdown
20058,20099,0.0006578726495082721,0.0006677407392508962,0.0006592417579522764,0.0006493531315829923,262055.12483585396,174.984882782379,662337.7079873371,6623.377079873371,0.35878188420736823,5.177348707052637,1.0,-5.818566822845269,breakdown
20150,20167,0.0006599750643495967,0.0006698746903148405,0.0006608063938895596,0.0006508942979812163,261046.60166177351,174.86851144592208,659314.6271841114,6593.146271841114,0.21701575126838446,5.1717826681682,1.0,-5.954766916899816,breakdown
20181,20190,0.0006612812367799801,0.0006712004553316797,0.0006608958320732047,0.0006509823945921066,260353.54225323055,174.74941610758407,658136.5813103036,6581.365813103037,-0.10034148061003065,5.163502250428802,1.0,-6.263843731038833,breakdown
20315,20324,0.0006815541013268062,0.0006917774128467083,0.0006806460862567349,0.0006704363949628839,252428.21750188948,174.62413923296327,657808.3706558053,6578.083706558054,-0.2292086256029691,5.157866478486791,1.0,-6.38707510408976,breakdown
20347,20352,0.0006814777757592141,0.0006916999423956022,0.0006806318625575618,0.0006704223846191984,252271.81185896674,174.4963977308815,657930.0592402691,6579.300592402691,-0.21340005605624196,5.154327996131024,1.0,-6.367728052187267,breakdown
20374,20387,0.0006827938263364599,0.0006930357337315067,0.0006823503670555056,0.0006721151115496731,251601.80735700877,174.36904316983777,656508.0885550907,6565.080885550908,-0.11157515657732461,5.152091195405166,1.0,-6.263666351982491,breakdown
20465,20479,0.0006834883647505378,0.0006937406902217958,0.0006836999638000017,0.0006734444643430017,251165.56128067194,174.24376984279812,654225.9813077165,6542.259813077165,0.0531463940250466,5.150859358751699,1.0,-6.097712964726653,breakdown
20584,20594,0.0007220506319686798,0.0007328813914482099,0.0007213311738915053,0.0007105112062831328,237585.25951850164,174.12181558350355,659228.3318991243,6592.2833189912435,-0.1709326339781706,5.143893613943634,1.0,-6.314826247921805,breakdown
20621,20630,0.0007206632381799681,0.0007314731867526675,0.00072005704174612,0.0007092561861199282,237869.98923499585,173.99551905854514,659872.9840919841,6598.729840919841,-0.1441959391937494,5.140561762149882,1.0,-6.284757701343631,breakdown
20703,20706,0.0007171926276337618,0.0007279505170482681,0.000716256599570803,0.0007055127505772409,238848.410479238,173.86982390451828,659025.473422256,6590.25473422256,-0.22356881500165557,5.135656041307536,1.0,-6.359224856309192,breakdown
20722,20746,0.0007168406549169721,0.0007275932647407265,0.0007169461977159135,0.0007061920047501748,238790.8847250039,173.7426394073921,658418.746785229,6584.18746785229,0.025202658335583196,5.135628465709283,1.0,-6.1104258073737,breakdown
20906,20937,0.0007375223271142984,0.0007485851620210129,0.0007374615148766108,0.0007263995921534615,231931.43505878234,173.6204308912446,657809.9457648773,6578.099457648773,-0.014104269556036527,5.131426787422018,1.0,-6.145531056978054,breakdown
20968,20972,0.0007378894861107721,0.0007489578284024336,0.0007369016791877629,0.0007258481539999464,231651.92176465312,173.49752027010504,658721.7618065627,6587.217618065627,-0.22882737204751963,5.124573114644067,1.0,-6.353400486691587,breakdown
21160,21170,0.000755192335237321,0.0007665202202658808,0.0007550115672157513,0.0007436863937075151,226178.57647673629,173.37045226037125,656984.1171447762,6569.841171447762,-0.04088585379113766,5.123636532696716,1.0,-6.164522386487854,breakdown
21201,21208,0.0007565418274876099,0.000767889954899924,0.0007557220751955054,0.0007443862440675729,225614.5697793639,173.2471618126415,656741.0462999189,6567.410462999189,-0.18494806070879802,5.117831546950693,1.0,-6.302779607659492,breakdown
21478,21506,0.0007536772808557088,0.0007649824400685444,0.00075608150188246,0.000744740279354223,226307.294328189,173.1211062204883,661621.8131278204,6616.218131278204,0.5440927555309973,5.1250413781454265,1.0,-5.580948622614429,breakdown
21526,21542,0.0007564227051078169,0.0007677690456844342,0.000756172811226448,0.0007448302190580514,225340.5346575353,173.00948724803604,660955.977847407,6609.55977847407,-0.05631122083531421,5.112736235570308,1.0,-6.169047456405623,breakdown
21618,21636,0.0008029524022953436,0.0008149966883297737,0.0008030932258853235,0.0007910468274970437,212131.05375092354,172.88610629890792,661944.1626419111,6619.44162641911,0.02987305653542161,5.110382272170433,1.0,-6.080509215635011,breakdown
21744,21759,0.0008015297559882746,0.0008135527023280987,0.0008015628765791089,0.0007895394334304222,212358.08770618626,172.76449611459523,658639.088528643,6586.390885286431,0.007033425333266586,5.106445288018282,1.0,-6.099411862685016,breakdown
21923,21948,0.0007988132961410493,0.0008107954955831649,0.000799502025237082,0.0007875094948585257,212929.78169935237,172.64250787734153,660334.7138157322,6603.347138157322,0.14665093606822882,5.1049339870166355,1.0,-5.958283050948407,breakdown
22024,22037,0.0007983691985497611,0.0008103447365280075,0.0007978774025575344,0.0007859092415191714,212901.1696373988,172.52334221632256,659867.4465524777,6598.674465524777,-0.10470394196804966,5.097641526081983,1.0,-6.202345468050033,breakdown
22070,22087,0.0007984960695495015,0.0008104735105927439,0.000798721320099583,0.0007867405002980893,212714.2874550909,172.3992953069616,659341.1197275239,6593.411197275239,0.04791401025945669,5.096264384251279,1.0,-6.0483503739918225,breakdown
22160,22166,0.0007991582201527825,0.0008111455934550741,0.000798284235633942,0.0007863099720994329,212388.90982032256,172.27832829948176,658260.212250205,6582.60212250205,-0.18562461915638576,5.089185925278619,1.0,-6.274810544435004,breakdown
22240,22242,0.0007983974898833304,0.0008103734522315803,0.0008354335041794725,0.0008229020016167804,212436.4163393114,172.15283208859307,655689.0112693121,6556.890112693121,7.867798152563938,5.206278019241949,1.0,1.6615201333219893,take_profit
22242,22253,0.0008354335041794725,0.0008479650067421644,0.0008350770675309133,0.0008225509115179496,203132.5633388426,172.2493054411748,656011.4771123155,6560.114771123155,-0.07240389008973298,5.090026417742491,1.0,-6.162430307832224,breakdown
22344,22392,0.0008333096535319681,0.0008458092983349476,0.0008357435876027299,0.000823207433788689,203429.79702850757,172.0628138851028,655669.3557797747,6556.693557797747,0.4951347139958532,5.093027431107064,1.0,-5.597892717111211,breakdown
22511,22529,0.0008345787070554304,0.0008470973876612617,0.0008349875864808622,0.0008224627726836492,202988.29690113568,171.9508560307606,658922.9666470578,6589.229666470578,0.08299773820631794,5.083536277327104,1.0,-6.000538539120786,breakdown
22984,23028,0.000904709559623906,0.0009182802030182645,0.0009059426631621012,0.0008923535232146696,187122.45423041147,171.83084525997816,657915.9766626622,6579.1597666266225,0.23074136038728382,5.082205315282011,1.0,-5.851463954894728,breakdown
23207,23239,0.000987222523181358,0.0010020308610290784,0.0009887611723952898,0.0009739297548093604,171365.7958643424,171.7138159808803,660449.2626983422,6604.492626983422,0.2636718471014464,5.0792402791118505,1.0,-5.815568432010404,breakdown
23255,23287,0.0010109889368899888,0.0010261537709433384,0.0010107249125815368,0.0009955640388928137,167223.96727587064,171.59750461224007,661038.463952347,6610.3846395234705,-0.04415119231660987,5.071185159078013,1.0,-6.115336351394623,breakdown
23370,23382,0.0010131145484610976,0.001028311266688014,0.0010135230690490136,0.0009983202230132784,166754.17593886695,171.4751978852122,660927.6001960447,6609.276001960447,0.0681225139919957,5.069254287519108,1.0,-6.001131773527113,breakdown
23429,23432,0.001013442569482751,0.001028644208024992,0.0010122058679798397,0.000997022779960142,166583.5221866902,171.35517524974162,656153.3013088208,6561.5330130882085,-0.20601409224853118,5.0615947713672576,1.0,-6.267608863615789,breakdown
23463,23473,0.0010179044857300957,0.0010331730530160471,0.001017235232789309,0.0010019767042974692,165731.9870786543,171.22982307246932,656061.170838678,6560.61170838678,-0.11091661973483298,5.059316242993711,1.0,-6.170232862728544,breakdown
23534,23556,0.0010183321006519191,0.0010336070821616978,0.0010199917788707596,0.0010046919021876983,165543.00117348344,171.10641841521473,656124.2503271687,6561.242503271687,0.2747481133291105,5.061453785696432,1.0,-5.786705672367321,breakdown
23792,23809,0.001142604849573351,0.0011597439223169513,0.0012571843867193312,0.0012383266209185413,147438.3103126421,170.99068430176737,657013.9766488676,6570.139766488676,16.89341335320792,5.307313051581883,1.0,10.586100301626036,take_profit
23809,23829,0.0012571843867193312,0.0012760421525201211,0.0012568105765410353,0.0012379584178929199,134218.14719213836,171.26801345031868,657203.7790299598,6572.037790299598,-0.05017210953243711,5.061356190287615,1.0,-6.111528299820052,breakdown
23836,23866,0.0012581078060046095,0.0012769794230946786,0.001259286738178995,0.00124039743710631,133972.53914021698,171.08017574180352,655976.1943615535,6559.7619436155355,0.15794453687652804,5.058926086530099,1.0,-5.900981549653571,breakdown
24118,24130,0.0012978474391060982,0.0013173151506926896,0.0012976940768158847,0.0012782286656636463,129780.75597241303,170.96215611081044,652015.668388449,6520.15668388449,-0.01990347396157985,5.052770101412068,1.0,-6.072673575373647,breakdown
24138,24149,0.0013006269544160913,0.0013201363587323327,0.001299620092658208,0.0012801257912683347,129411.40626060293,170.84070263930295,653145.3362866209,6531.453362866209,-0.13029939599771076,5.047524404802979,1.0,-6.17782380080069,breakdown
24272,24295,0.001300359875764511,0.0013198652739009786,0.001301962746522696,0.0012824333053248554,129344.37289854388,170.71714616328694,651916.9189419175,6519.169189419175,0.20732231305482796,5.048936814891496,1.0,-5.841614501836668,breakdown
24339,24357,0.0013043052554454536,0.0013238698342771353,0.001304040080205713,0.0012844794790026273,128864.86983548656,170.6003138732502,652430.7210390732,6524.3072103907325,-0.0341717727527704,5.041861232470291,1.0,-6.076033005223062,breakdown
24381,24387,0.0013038662151501604,0.0013234242083774127,0.0013024786526076597,0.0012829414728185448,128816.4385493308,170.47879321314574,652181.9067106899,6521.819067106899,-0.1787408649893936,5.036100952438334,1.0,-6.214841817427727,breakdown
24511,24529,0.0013099963251613893,0.00132964627003881,0.0013092059595814275,0.001289567870187706,128120.1626443286,170.3544963767972,649592.3849564296,6495.923849564296,-0.1012617666531825,5.033589340794701,1.0,-6.134851107447884,breakdown
24582,24623,0.001308858925887774,0.0013284918097760904,0.0013104103887943044,0.00129075423296239,128139.14101837017,170.23179935464825,650972.7869366192,6509.727869366192,0.19880312416467041,5.03446380118705,1.0,-5.835660677022379,breakdown
24632,24642,0.0013130926330282035,0.0013327890225236264,0.001312885566974291,0.0012931922834696766,127638.42083497667,170.11508614110784,649683.1985743429,6496.831985743429,-0.026429584129915886,5.027635658930894,1.0,-6.05406524306081,breakdown
24690,24715,0.0013143708019441997,0.0013340863639733625,0.001316006441922311,0.0012962663452934762,127423.53825575933,169.9940048362466,649415.0807397763,6494.150807397763,0.20841903332352119,5.0275796304135465,1.0,-5.8191605970900255,breakdown
24771,24778,0.001318025582126005,0.0013377959658578949,0.0013176117504537586,0.0012978475741969521,126983.20667708591,169.87762162430482,651636.4062779965,6516.364062779965,-0.05254967276638461,5.020225201932293,1.0,-6.072774874698678,breakdown
24789,24792,0.0013201428007992295,0.0013399449428112178,0.0013180567340801961,0.001298285883068993,126688.91138964317,169.75616612681085,652343.5688222605,6523.435688222605,-0.2642815217205054,5.01345940653806,1.0,-6.277740928258566,breakdown
24808,24815,0.0013194958067888622,0.001339288243890695,0.0013176962491317833,0.0012979308053948065,126657.28388346102,169.63061130824573,652263.0196104879,6522.630196104878,-0.22792708503730616,5.010293743229241,1.0,-6.238220828266547,breakdown
25022,25029,0.0013181896453677152,0.0013379624900482308,0.0013159526270299974,0.0012962133376245473,126689.53588195889,169.5058468916804,655094.5012471343,6550.945012471343,-0.2834068149649032,5.005773929056721,1.0,-6.289180744021624,breakdown
25191,25193,0.0013112048283521604,0.0013308729007774427,0.0013099400136710093,0.001290290913465944,127269.90171477299,169.38006327679997,659208.6707726835,6592.086707726835,-0.1609728401574963,5.003892696367094,1.0,-6.164865536524591,breakdown
25316,25361,0.0013064041285454368,0.0013260001904736184,0.001314030843131326,0.001294320380484356,127644.60154837131,169.25676596606948,658555.9486567918,6585.559486567919,0.9735089444389662,5.01726566764647,1.0,-5.043756723207504,breakdown
25440,25444,0.0013152896658665597,0.001335019010854558,0.0013137463978423107,0.001294040201874676,126706.72811118029,169.15589083160532,659604.1489037611,6596.0414890376105,-0.1955424419511917,4.996748365782713,1.0,-6.1922908077339045,breakdown
25570,25596,0.0013241318141107344,0.0013439937913223953,0.0013246474797304064,0.0013047777675344503,125768.47163046416,169.03204501545065,659314.9534007601,6593.149534007601,0.0648544768585221,4.996993852092306,1.0,-5.932139375233784,breakdown
25661,25670,0.0013251954021439702,0.0013450733331761297,0.001323791873052798,0.001303934994957006,125579.32572277657,168.91340222794597,660295.3706047272,6602.953706047272,-0.1762542369017081,4.989870538011379,1.0,-6.166124774913087,breakdown
25706,25729,0.0013279950776401719,0.0013479150038047743,0.0013291374098590664,0.0013092003487111803,125223.08844103826,168.79007973244768,661197.63350756,6611.9763350756,0.14304636847567617,4.991015047225096,1.0,-5.84796867874942,breakdown
25861,25875,0.0013310772508785308,0.0013510434096417087,0.0013297299093933922,0.0013097839607524914,124846.55870798713,168.6731203588727,663566.5729492583,6635.665729492583,-0.1682109478240662,4.982889260182818,1.0,-6.151100208006884,breakdown
25965,25970,0.0013270171605030431,0.0013469224179105887,0.0013254251226749371,0.0013055437458348131,125137.19878252201,168.55009835471253,663263.3346095508,6632.6333460955075,-0.1992231541649966,4.978787958738142,1.0,-6.178011112903138,breakdown
25989,25996,0.001328427432455399,0.00134835384394223,0.001327150270864446,0.0013072430168014793,124912.71403952826,168.42653813245448,661900.9300516987,6619.009300516987,-0.15953372059299653,4.975731273968085,1.0,-6.135264994561082,breakdown
26097,26113,0.001342402956434585,0.0013625390007811038,0.0013414649036996948,0.0013213429301441994,123522.21311542612,168.30383283256324,665926.2414238928,6659.262414238928,-0.11587034983262341,4.972759466897237,1.0,-6.088629816729861,breakdown
26119,26125,0.0013434873625383747,0.0013636396729764502,0.0013417011979807549,0.0013215756800110435,123333.21152877099,168.18206023622864,664801.7261353246,6648.017261353246,-0.22029341121012255,4.967593930937128,1.0,-6.187887342147251,breakdown
26205,26220,0.0013445341487657513,0.0013647021609972374,0.0013444568573883185,0.0013242900045274937,123146.50573029017,168.05830248938568,665258.1270922099,6652.581270922099,-0.009518163053934655,4.967097695220763,1.0,-5.976615858274697,breakdown
26308,26326,0.0013506758858365846,0.0013709360241241331,0.0013515535043314385,0.0013312802017664668,122499.34877852036,167.9387701722202,663261.7968058172,6632.617968058172,0.10750769409558747,4.965320108186416,1.0,-5.857812414090828,breakdown
26351,26356,0.0013559217332020897,0.001376260559200121,0.0013544646379641935,0.0013341476683947306,121940.2916127131,167.82161392393834,662794.7545624129,6627.947545624129,-0.1776786182165573,4.957579567247097,1.0,-6.1352581854636545,breakdown
26377,26381,0.0013569491060401535,0.0013773033426307557,0.001355539237347298,0.0013352061487870886,121758.87734354238,167.6989087602291,663998.7340888885,6639.987340888885,-0.1716640292438878,4.954043032474518,1.0,-6.125707061718406,breakdown
26397,26421,0.0013584338736425557,0.0013788103817471938,0.0013582523923485815,0.0013378786064633527,121536.93998637157,167.57639461899475,663534.4828339372,6635.344828339372,-0.02205668113439328,4.95266603507347,1.0,-5.9747227162078635,breakdown
26458,26467,0.0013608533168054137,0.0013812661165574947,0.001360059983721545,0.0013396590839657217,121234.3502510729,167.4569001646706,664884.9378228799,6648.849378228799,-0.0961792209554974,4.9480223411833215,1.0,-6.044201562138819,breakdown
26569,26579,0.001478430745218775,0.0015006072063970563,0.0014752897864196023,0.0014531604396233082,111512.20347341927,167.33601613342782,666162.2510254502,6661.622510254502,-0.3502552367149675,4.9406382739151224,1.0,-6.29089351063009,breakdown
26649,26663,0.0015997583489998817,0.0016237547242348798,0.0015989459826030192,0.0015749617928639739,102977.4976279163,167.2101982632152,664841.3864355084,6648.413864355084,-0.08365545870590642,4.94091851580065,1.0,-6.0245739745065565,breakdown
26684,26709,0.001600122204280303,0.0016241240373445075,0.0016021305514761545,0.0015780985932040122,102879.89275555692,167.08970678372506,664100.3813900109,6641.00381390011,0.20661854412512104,4.941711301326164,1.0,-5.735092757201043,breakdown
26823,26841,0.0016946956141683568,0.001720116048380882,0.0016936144011401527,0.0016682101851230504,97071.94179471319,166.97500492858103,662918.0095198068,6629.180095198069,-0.10495544814150588,4.933647488827071,1.0,-6.0386029369685765,breakdown
26888,26891,0.001706412334689911,0.0017320085197102596,0.0017049859559780537,0.0016794111666383828,96335.68828965923,166.85423286984167,663507.678421906,6635.07678421906,-0.13741117496849514,4.929591035424981,1.0,-6.0670022103934755,breakdown
27001,27007,0.0017144345250749982,0.001740151042951123,0.0017121515447920074,0.0016864692716201273,95815.18426289674,166.7328928256338,665858.1350039738,6658.581350039739,-0.21874417648332212,4.924784635154734,1.0,-6.143528811638056,breakdown
27053,27058,0.001713207743682162,0.0017389058598373944,0.0017115432794597874,0.0016858701302678906,95813.13520041895,166.61002224940106,664147.6824299122,6641.476824299121,-0.15947753557464694,4.922041992121091,1.0,-6.081519527695738,breakdown
27178,27185,0.0017186514027293998,0.0017444311737703406,0.001716997796410518,0.0016912428294643604,95439.93157322801,166.48839185884714,661985.459291327,6619.854592913271,-0.15782007392312863,4.91847186713294,1.0,-6.076291941056069,breakdown
27235,27245,0.0017162412900536407,0.0017419849094044452,0.0017157874411561627,0.0016900506295388202,95504.19473892226,166.36686602002598,662362.5343747953,6623.625343747953,-0.04334447348678454,4.91659710442556,1.0,-5.959941577912344,breakdown
27268,27284,0.0017172085838350023,0.0017429667125925272,0.0017169002228274869,0.0016911467194850745,95382.00929906877,166.24766718846774,662034.9456273577,6620.349456273577,-0.029412092486305073,4.9132829719664315,1.0,-5.942695064452737,breakdown
27389,27411,0.0017227069348732355,0.0017485475388963338,0.001721439671402314,0.0016956180763312793,95009.60631132602,166.1288132871787,662056.8199814782,6620.568199814782,-0.12040220346498771,4.908405197110943,1.0,-6.02880740057593,breakdown
27481,27498,0.0017207851874473151,0.0017465969652590246,0.0017205966507985867,0.0016947877010366078,95046.67673263005,166.0082371391672,660604.9275751995,6606.049275751995,-0.01791978190394335,4.906378606399535,1.0,-5.9242983883034785,breakdown
27628,27635,0.0017196534348988086,0.0017454482364222905,0.0017179276208601657,0.0016921587065472632,95041.34680695627,165.88975117140112,658784.639252018,6587.8463925201795,-0.16402369057097027,4.900684999461173,1.0,-6.064708690032144,breakdown
27667,27676,0.0017175650608078463,0.0017433285367199638,0.0017164481675819392,0.0016907014450682101,95087.33064709097,165.76845699760048,658013.3705269676,6580.133705269676,-0.10620239546932377,4.897967269415757,1.0,-6.00416966488508,breakdown
27784,27795,0.0017183778530779864,0.0017441535208741561,0.001716469460686146,0.0016907224187758536,94973.50526877996,165.64837360430278,657670.6044017182,6576.706044017183,-0.1812467148813626,4.893292341768488,1.0,-6.074539056649851,breakdown
27842,27855,0.001719347406925606,0.00174513761802949,0.0017202648976024214,0.001694460924138385,94850.33221051833,165.52688282316976,656311.1467763508,6563.111467763508,0.08702429549599273,4.893725546398049,1.0,-5.806701250902057,breakdown
28168,28188,0.0018914568502569166,0.0019198287030107702,0.0020657804280167814,0.0020347937215965295,86159.11853945428,165.41074879815173,652784.1645741673,6527.841645741673,15.019565800433966,5.1142811362129645,1.0,8.905284664221002,take_profit
28188,28212,0.0020657804280167814,0.002096767134437033,0.002063942765247994,0.002032983623769274,79003.64686045347,165.65225023766834,652394.9852831606,6523.949852831606,-0.14518206043389295,4.893947891881718,1.0,-6.03912995231561,breakdown
28280,28290,0.0020613889602167914,0.002092309794620043,0.0020598183110759165,0.002028921036409778,79083.92548649246,165.46807189238982,652523.7237842679,6525.237237842679,-0.12421309962237802,4.888818731359551,1.0,-6.013031830981929,breakdown
28375,28397,0.002056008517004291,0.0020868486447593554,0.002056378787519051,0.0020255331057062653,79233.25521043585,165.34781125577018,651259.5834665245,6512.595834665245,0.02933773819286816,4.887567492351815,1.0,-5.8582297541589465,breakdown
28425,28443,0.0020605185770340767,0.0020914263556895876,0.0020614750471604935,0.0020305529214530863,79003.80819586971,165.23064666068697,649312.2765460334,6493.122765460334,0.07556478241251499,4.884797905056985,1.0,-5.80923312264447,breakdown
28455,28463,0.002066549293537277,0.002097547532940336,0.002063660745643508,0.0020327058344588554,78717.86427017325,165.1144619982341,647542.7811782225,6475.427811782225,-0.22738032103959652,4.876819699073099,1.0,-6.104200020112696,breakdown
28540,28564,0.002184511625255277,0.0022172792996341057,0.0021878632011474684,0.0021550452531302563,74412.08603041522,164.99237799783188,648272.6996500236,6482.726996500236,0.24939775362722214,4.8803629760925435,1.0,-5.6309652224653215,breakdown
28600,28607,0.0021883911854288134,0.0022212170532102454,0.0021869868599002575,0.0021541820570017537,74229.46733417509,164.87975869338257,650293.0715764674,6502.930715764674,-0.10424233594849003,4.8717297253563165,1.0,-5.975972061304806,breakdown
28654,28664,0.0023722349577794764,0.0024078184821461684,0.0023681463448948724,0.0023326241497214494,68427.18438862561,164.7602392521565,649038.5243029105,6490.385243029105,-0.27977226774850333,4.865564182057364,1.0,-6.145336449805868,breakdown
28884,28894,0.002355066981449244,0.002390392986170983,0.0023544857104167366,0.0023191684247604854,68874.58818513452,164.63733252316038,654777.5456445481,6547.775456445482,-0.04003480298790664,4.865527532826917,1.0,-5.905562335814824,breakdown
28899,28903,0.0023581020262670362,0.0023934735566610416,0.002353984351079073,0.0023186745858128867,68736.59448569498,164.51922127644409,654335.6473201162,6543.356473201162,-0.28303496961884544,4.858391557518105,1.0,-6.14142652713695,breakdown
28924,28932,0.0023531548092956393,0.0023884521314350734,0.002350838688920699,0.002315576108586889,68829.67867860332,164.39639274590132,655940.5027251986,6559.405027251986,-0.15941782118809245,4.856615414827046,1.0,-6.016033236015138,breakdown
28958,28968,0.002538776094975283,0.0025768577363999116,0.002536163074914729,0.002498120628791008,63750.539954405314,164.276072081181,658354.1228586469,6583.5412285864695,-0.16658143977199422,4.852951684743745,1.0,-6.019533124515739,breakdown
29085,29110,0.0025370708269039396,0.0025751268893074984,0.002543194523857937,0.0025050466060000678,63746.6379230871,164.1556814186907,658849.47192092,6588.4947192091995,0.390365092477181,4.857747538023336,1.0,-5.467382445546155,breakdown
29153,29158,0.002553046780188611,0.00259134248189144,0.002549701905327517,0.0025114563767476045,63305.53947081559,164.04633376977978,656243.2527879393,6562.432527879393,-0.21174910754391882,4.845483874808904,1.0,-6.057232982352823,breakdown
29315,29319,0.0025435753115338198,0.0025817289412068266,0.0025399754077382567,0.002501875776622183,63494.3453953404,163.92518911013272,656264.9810974593,6562.6498109745935,-0.2285735349854799,4.841650878062885,1.0,-6.070224413048365,breakdown
29347,29389,0.0026877798777812582,0.002728096575947977,0.0026891623181338367,0.002648824883361829,60043.24995897629,163.80378462187173,656390.502431009,6563.90502431009,0.08300621164324493,4.842736264264453,1.0,-5.759730052621208,breakdown
29450,29485,0.002692576736369206,0.002732965387414744,0.0026982011671384453,0.0026577281496313688,59894.13213010393,163.68859002081933,655192.400760118,6551.92400760118,0.3368703996494449,4.8431394605509785,1.0,-5.506269060901534,breakdown
29516,29520,0.002708514821799478,0.0027491425441264696,0.002706371699021146,0.0026657761235358286,59501.630786328606,163.5784646396013,658572.4378605979,6585.724378605979,-0.12751930028606925,4.8329186776760436,1.0,-5.960437977962113,breakdown
29536,29546,0.0028800310223804017,0.0029232314877161076,0.002875025740683727,0.002831900354573471,55917.31498751445,163.45925588004206,659797.2090297983,6597.9720902979825,-0.2798819132342093,4.827109826869233,1.0,-6.106991740103442,breakdown
29704,29727,0.00287550474911791,0.0029186373203546785,0.0028771219438431224,0.0028339651146854754,55963.48505041076,163.33711604523998,660395.7782276054,6603.957782276054,0.09050385282802065,4.829055568981779,1.0,-5.738551716153759,breakdown
29972,29973,0.0028555748685189127,0.002898408491546696,0.0030810080582035866,0.0030347929373305328,56314.47240337594,163.2223450109169,662235.3529916175,6622.353529916175,12.695151139302585,5.014733030959004,1.0,6.680418108343581,take_profit
29973,29983,0.0030810080582035866,0.00312722317907664,0.003078977664562622,0.0030327929995941825,52256.58535324489,163.41800497606425,663664.8504255109,6636.648504255109,-0.10610143859974862,4.828497295447534,1.0,-5.934598734047282,breakdown
30006,30037,0.0030779569497053267,0.003124126303950906,0.0030820656711377796,0.0030358346860707127,52250.531994166144,163.23726139840284,663814.2242717519,6638.142242717519,0.21468288066149654,4.827966885527248,1.0,-5.6132840048657515,breakdown
30212,30220,0.003099608354067072,0.0031461024793780776,0.0030960993706720063,0.003049657880111926,51849.867188862874,163.1249957183055,662412.7390638,6624.127390638,-0.1819403230020777,4.818699340030994,1.0,-6.000639663033072,breakdown
30273,30294,0.00311366250460238,0.0031603674421714152,0.0031168577673805677,0.0030701049008698593,51577.85792561131,163.00498292504486,659927.148936252,6599.27148936252,0.16480480960836297,4.8203533408646635,1.0,-5.655548531256301,breakdown
30375,30388,0.003125497560785421,0.003172380024197202,0.003123629155353705,0.0030767747180233994,51346.89750659394,162.8918719544197,658735.0172485679,6587.350172485679,-0.09593682220307967,4.813099034989705,1.0,-5.909035857192785,breakdown
30502,30509,0.0031304437383463807,0.003177400394421576,0.0031266956110182547,0.003079795176852981,51228.57400126549,162.77369123727587,657741.9361443578,6577.419361443578,-0.19201121819506523,4.808164892927346,1.0,-6.0001761111224114,breakdown
30740,30793,0.003122768074533073,0.0031696095956510687,0.003137182651754254,0.0030901249119779403,51316.631530339226,162.6536877150534,659811.304217422,6598.11304217422,0.7397075479249628,4.818593772284492,1.0,-5.078886224359529,breakdown
30811,30845,0.0034166985601553844,0.003467949038557715,0.0034268048705813955,0.0033754027975226746,46872.69281735754,162.5521099905662,660708.283643149,6607.082836431489,0.4737099841152728,4.8116015115518636,1.0,-5.33789152743659,breakdown
31133,31135,0.0034403802612422113,0.003491985965160844,0.003436811651350365,0.0033852594765801094,46519.47452845364,162.44535216001748,660715.7144532301,6607.157144532302,-0.16600985696573917,4.798850310077066,1.0,-5.964860167042805,breakdown
31348,31358,0.003729555085131484,0.003785498411408456,0.0037238715172751,0.0036680134445159734,42881.025776545124,162.32605495667661,662176.9018788388,6621.769018788388,-0.24371721975235108,4.794158673920759,1.0,-6.037875893673109,breakdown
31372,31388,0.0037278066474342422,0.0037837237471457555,0.0037244469373255,0.0036685802332656176,42869.22309303432,162.20529743880317,660874.3747577873,6608.743747577873,-0.14402816217959605,4.792084822063952,1.0,-5.9361129842435485,breakdown
31429,31438,0.003724324638521181,0.0037801895080989984,0.003722025724892398,0.003666195339019012,42877.89668529852,162.08657517911828,659646.4709806584,6596.464709806584,-0.09857258106337538,4.789257623474738,1.0,-5.887830204538113,breakdown
31636,31654,0.003742412158645745,0.0037985483410254307,0.0037393245533169995,0.0036832346850172444,42639.66232197628,161.96881857502754,658309.9518465745,6583.099518465746,-0.13165444860124711,4.785280904700367,1.0,-5.916935353301614,breakdown
31664,31676,0.003929926721306605,0.003988875622126204,0.003927130770580657,0.0038682238090219467,40575.46416593701,161.8504798679615,660181.6222015779,6601.816222015779,-0.11344699849044362,4.782056320676677,1.0,-5.895503319167121,breakdown
31753,31771,0.004148862088475194,0.004211095019802321,0.004143264649736147,0.004081115679990105,38406.29789663836,161.73256980157817,659253.0886972741,6592.530886972741,-0.21497689967003222,4.7770483455663735,1.0,-5.992025245236405,breakdown
31822,31841,0.004365019383981034,0.004430494674740749,0.004366459181832016,0.004300962294104536,36477.35550119586,161.61272929667342,659579.1587371493,6595.791587371494,0.052520018060132276,4.777518715443515,1.0,-5.724998697383382,breakdown
31854,31862,0.004369062146289317,0.004434598078483657,0.004366596183431821,0.004301097240680344,36417.78273127012,161.49822932272576,658792.4611000236,6587.924611000236,-0.08980489956767489,4.771999605995917,1.0,-5.861804505563591,breakdown
31917,31935,0.004374737800725831,0.004440358867736719,0.004683516587211958,0.004613263838403779,36344.1329945639,161.3809932326145,656384.0565883921,6563.840565883921,11.222297281951853,4.938216032607045,1.0,5.284081249344808,take_profit
31935,31948,0.004683516587211958,0.004753769336020138,0.00468150454238786,0.004611281974252042,33983.083516157254,161.54774036251976,658673.3659979758,6586.733659979758,-0.06837548729558945,4.773784427666519,1.0,-5.842159914962108,breakdown
32169,32183,0.0046759374110404255,0.004746076472206031,0.004678215195875891,0.004608041967937753,34000.68090017428,161.36983165930212,661629.6784361219,6616.29678436122,0.0774462353499319,4.770713368189425,1.0,-5.693267132839494,breakdown
32202,32210,0.004687368726040396,0.0047576792569310015,0.004683576660584818,0.004613323010676046,33893.828820370174,161.25596631664533,660768.2437977312,6607.6824379773125,-0.12852761742701047,4.764258282289689,1.0,-5.892785899716699,breakdown
32273,32289,0.005026484197310532,0.005101881460270189,0.005023270428491244,0.0049479213720638755,31584.05616701987,161.138110598651,663213.5477781693,6632.135477781693,-0.10150385489620682,4.761180218491365,1.0,-5.862684073387571,breakdown
32292,32303,0.005633368116845605,0.005717868638598288,0.005623877716516353,0.005539519550768608,28160.992687068243,161.02085691718324,665103.6482127461,6651.036482127462,-0.26725909426940264,4.755228263847533,1.0,-6.022487358116935,breakdown
32371,32387,0.006161799793897774,0.00625422679080624,0.006165929615938671,0.006073440671699591,25726.666549180103,160.9004071700209,667119.0208724184,6671.190208724184,0.10624655455362296,4.757270757530745,1.0,-5.651024202977122,breakdown
32429,32489,0.006169443449690267,0.006261985101435621,0.006198722025822694,0.006105741195435353,25676.743729252772,160.78738668596137,667413.9434857544,6674.139434857544,0.7517784961097481,4.7636132297360705,1.0,-5.011834733626323,timeout
32555,32563,0.006207795838278549,0.006300912775852727,0.006199161008374803,0.006106173593249181,25502.201936058766,160.68714999128883,664586.2380135582,6645.8623801355825,-0.2202071758888486,4.74607078372981,1.0,-5.966277959618659,breakdown
32605,32612,0.006208281433829218,0.006301405655336655,0.006203328748667597,0.006110278817437583,25481.27088058705,160.56782443209647,664738.6473882425,6647.386473882426,-0.1262007121895268,4.743954016866807,1.0,-5.870154729056334,breakdown
32667,32674,0.0062032994090574795,0.006296348900193341,0.006196176367895577,0.006103233722377144,25483.08930793025,160.45042133751534,661911.7079540924,6619.117079540924,-0.1815170940728217,4.739654228934189,1.0,-5.921171323007011,breakdown
32781,32790,0.00640666444060176,0.006502764407210786,0.006403275976732747,0.0063072268370817555,24655.97519314497,160.3319979110552,658748.486332442,6587.48486332442,-0.08354588109726525,4.737623597331971,1.0,-5.821169478429236,breakdown
32855,32865,0.006933783225398574,0.007037789973779552,0.006920307805166149,0.006816503188088656,22765.040604848422,160.21557452148662,662204.6319932904,6622.046319932904,-0.3067684887585515,4.730834172811083,1.0,-6.037602661569635,breakdown
32896,32921,0.0069250254172656435,0.007028900798524628,0.006928865367565776,0.006824932387052289,22776.65129402015,160.09482246825522,662597.9253473468,6625.979253473468,0.08746120897248053,4.733178592073165,1.0,-5.645717383100685,breakdown
33010,33029,0.0069268623268547375,0.007030765261757558,0.006928782407424326,0.0068248506713129604,22754.551199537673,159.98190812059323,661550.9429634428,6615.509429634428,0.04369057162793217,4.729184662631362,1.0,-5.68549409100343,breakdown
33078,33087,0.0069313150547431,0.007035284780564246,0.006928794662409912,0.006824862742473763,22723.77071080715,159.86819823877315,662025.7362498768,6620.257362498768,-0.057272817480646866,4.7243093285882285,1.0,-5.781582146068875,breakdown
33202,33208,0.006941867025658121,0.007045995031042991,0.00694021702438735,0.00683611376902154,22672.818514918,159.75256659585176,658571.4186657923,6585.714186657923,-0.03741017936156491,4.721189584132781,1.0,-5.758599763494346,breakdown
33253,33265,0.006934602380907675,0.00703862141662129,0.006932458257817623,0.0068284713839503585,22680.207550814936,159.6373946005819,659117.2466211509,6591.172466211508,-0.04862915669687336,4.717617201090391,1.0,-5.7662463577872645,breakdown
33285,33287,0.007754746092460915,0.007871067283847828,0.008101287148393017,0.007979767841167123,20266.89188654002,159.52206967342613,659106.1377418301,6591.061377418301,7.023310114823337,4.820287671626571,1.0,1.2030224431967662,take_profit
33440,33465,0.008092139462424494,0.00821352155436086,0.008095007587255018,0.007973582473446194,19424.814200138208,159.5461301222901,659683.3143530345,6596.833143530345,0.05571279193573179,4.716484858055098,1.0,-5.660772066119367,breakdown
33528,33558,0.008592573814685705,0.00872146242190599,0.008585730111989369,0.008456944160309529,18280.525325719995,159.4329146809677,658617.5951363811,6586.175951363811,-0.12510648046207423,4.710426299767484,1.0,-5.835532780229558,breakdown
33578,33587,0.008590839266842265,0.008719701855844898,0.009257290579790418,0.009118431221093562,18270.831578785226,159.3162040253631,656962.4331268999,6569.6243312689985,12.176619694336003,4.891502616361732,1.0,6.28511707797427,take_profit
33587,33603,0.009257290579790418,0.009396149938487273,0.009258518786277375,0.009119641004483214,16975.31956495358,159.5026478860404,656756.2953187705,6567.562953187705,0.020849197607838852,4.714676714891421,1.0,-5.693827517283582,breakdown
33786,33811,0.00925722715724166,0.009396085564600285,0.009264287560953268,0.009125323247538968,16956.85173588081,159.32802981657696,651594.0457598125,6515.940457598124,0.11972221893318674,4.7109986850054835,1.0,-5.591276466072297,breakdown
33817,33823,0.009272914394452018,0.009412008110368797,0.009264573109505353,0.009125604512862772,16916.284221201848,159.2162042872555,650929.9322817988,6509.2993228179885,-0.14110354692782562,4.703781110458808,1.0,-5.8448846573866335,breakdown
33980,33985,0.009263570176738975,0.009402523729390058,0.009256586231764896,0.009117737438288422,16920.91518969541,159.09930659410776,655271.6497974952,6552.716497974952,-0.11817474059588165,4.700669938322819,1.0,-5.8188446789187,breakdown
34055,34093,0.010272224957384515,0.010426308331745283,0.010314935311141962,0.010160211281474832,15248.247475711943,158.9829297005294,657894.6035283826,6578.946035283826,0.6512580438687487,4.70877171894954,1.0,-5.057513675080791,breakdown
34155,34175,0.010279147866669626,0.010433335084669669,0.01028248710536256,0.010128249798782123,15228.28301187052,158.8817794270278,660011.4326531453,6600.114326531453,0.0508508718602025,4.696775948113208,1.0,-5.645925076253006,breakdown
34266,34273,0.010280009932334433,0.010434210081319449,0.010261659144788632,0.010107734257616803,15216.184041545172,158.76886092550274,657972.6275751673,6579.726275751674,-0.27922896060420993,4.688487257970328,1.0,-5.967716218574538,breakdown
34310,34318,0.010295710275080423,0.01045014592920663,0.010289526372295656,0.010135183476711222,15181.558963471416,158.64950660113124,655402.2400425744,6554.022400425743,-0.09388128475131477,4.687739759087289,1.0,-5.781621043838603,breakdown
34333,34343,0.010304025464896201,0.010458585846869643,0.01029725873839746,0.010142799857321498,15158.251459752104,158.53387418025446,655637.6719191322,6556.376719191322,-0.10257174182729065,4.684191695210162,1.0,-5.786763437037452,breakdown
34399,34427,0.010301145391831896,0.010455662572709374,0.010315126650936006,0.010160399751171965,15151.420372440622,158.41813891151372,656124.7763593573,6561.247763593573,0.21183593402237424,4.685487063488574,1.0,-5.4736511294662,breakdown
34836,34844,0.011141020685560245,0.011308135995843648,0.011125262024222865,0.010958383093859523,13999.536789008498,158.3086658889244,659890.9724408439,6598.90972440844,-0.2206139591381784,4.6757646592510875,1.0,-5.896378618389266,breakdown
34869,34901,0.011124204140578527,0.011291067202687204,0.011140421164463756,0.0109733148469968,14010.255671749805,158.1907383165566,659666.7328475328,6596.667328475329,0.227204650866939,4.678996394390293,1.0,-5.451791743523353,breakdown
34911,34937,0.012205058419826246,0.012388134296123638,0.012208810145786635,0.012025677993599835,12760.73528934469,158.08170248168614,660526.085940685,6605.260859406851,0.0478747818586837,4.67308371231959,1.0,-5.625208930460906,breakdown
35152,35156,0.012134371813758881,0.012316387390965263,0.012125486510926483,0.011943604213262585,12825.936152264574,157.96919830307692,657430.7940778872,6574.307940778872,-0.11396232682187477,4.66733090903098,1.0,-5.781293235852854,breakdown
35249,35293,0.012579978900429289,0.012768678583935726,0.012632931254158425,0.012443437285346049,12362.561356737056,157.85357243835986,658565.9504636239,6585.659504636239,0.6546267219600939,4.675442231519841,1.0,-5.020815509559747,breakdown
35441,35454,0.012582633886274175,0.012771373394568287,0.014036284128129083,0.013825739866207146,12352.090198479491,157.75315612816868,654423.3714555209,6544.233714555208,17.955618904433354,4.931989144497594,1.0,12.02362975993576,take_profit
35454,35480,0.014036284128129083,0.014246828390051019,0.01405812302891802,0.013847251183484248,11094.093199579982,158.05564195764802,654714.4486262214,6547.144486262214,0.24228280072883918,4.675229570808411,1.0,-5.432946770079572,breakdown
35522,35549,0.01402260256134601,0.0142329415997662,0.014957419066015,0.014733057780024775,11092.92613064325,157.88496978796582,652763.0599831357,6527.630599831356,10.369850431999232,4.822098587651392,1.0,4.54775184434784,take_profit
35549,35559,0.014957419066015,0.015181780352005224,0.014927845767698211,0.014703928081182737,10409.563148990006,158.0357012882941,652955.9563647178,6529.559563647178,-0.30784511635253936,4.666388272662419,1.0,-5.974233389014959,breakdown
35722,35729,0.014906094755570141,0.015129686176903691,0.014889611306455552,0.014666267136858719,10433.556804241525,157.85644015707246,653329.3623122103,6533.293623122103,-0.17198100266688585,4.66312787580943,1.0,-5.835108878476316,breakdown
35771,35786,0.014951016451775481,0.01517528169855211,0.01494307380169097,0.014718927694665606,10394.51794786472,157.73973797950293,654527.2849488328,6545.272849488329,-0.08256001885705773,4.6610198651211725,1.0,-5.743579883978231,breakdown
35816,35846,0.01637835729404589,0.016624032653456577,0.016377124802591913,0.016131467930553034,9481.7466776961,157.62486638182338,656437.9428947535,6564.379428947535,-0.011686171749049701,4.658687753191943,1.0,-5.670373924940993,breakdown
35874,35890,0.01643164026455935,0.01667811486852774,0.01641943206378107,0.016173140582824354,9444.200387452356,157.51145890332458,657302.0461694772,6573.020461694772,-0.11529669452035224,4.6537816501730696,1.0,-5.769078344693422,breakdown
36007,36013,0.01638222325789136,0.01662795660675973,0.016368467769469045,0.016122940752927008,9465.749824752658,157.3960773364307,655854.2687993527,6558.542687993527,-0.13020601212290334,4.650147717791478,1.0,-5.780353729914381,breakdown
36029,36085,0.01636717309558473,0.0166126806920185,0.016414605017139584,0.01616838594188249,9467.494932193407,157.28047026183242,656900.0845066246,6569.000845066246,0.4490614769447738,4.655419772257593,1.0,-5.206358295312819,breakdown
36177,36199,0.017098278863652474,0.01735475304660726,0.017114467548762273,0.01685775053553084,9056.674138423024,157.17634309592617,657851.796292852,6578.51796292852,0.1466156457689911,4.647805434566126,1.0,-5.501189788797135,breakdown
36215,36232,0.017142319843968263,0.017399454641627784,0.017141832887543392,0.016884705394230242,9027.082890539154,157.06631930015024,657748.8898674335,6577.488898674334,-0.004395796011389206,4.642288328088901,1.0,-5.64668412410029,breakdown
36302,36319,0.017275583361858703,0.01753471711228658,0.017284209394400726,0.017024946253484715,8951.007570443833,156.95338561766823,656372.0447278119,6563.7204472781195,0.07721168258653667,4.640174498913721,1.0,-5.562962816327184,breakdown
36374,36402,0.017289480963871184,0.01754882317832925,0.017326420238794243,0.017066523935212328,8937.47260243772,156.84212636134168,655262.6141223478,6552.626141223478,0.3301437575787611,4.640680029112698,1.0,-5.310536271533937,breakdown
36464,36472,0.01733242993392187,0.017592416382930697,0.01731893090133985,0.017059146937819753,8909.288651670748,156.735915635911,657997.6915574607,6579.976915574607,-0.12026677779152949,4.630784637818181,1.0,-5.751051415609711,breakdown
36791,36798,0.01721787576671193,0.01747614390321261,0.017206873328234666,0.016948770228311146,8961.98243016341,156.6208946075988,658199.7003232716,6581.9970032327155,-0.0986036603221979,4.627709948275427,1.0,-5.726313608597625,breakdown
37499,37507,0.017045311080559504,0.017300990746767896,0.017030843857288692,0.01677538119942936,9046.092829375379,156.50636833542686,661881.3385031773,6618.813385031773,-0.1308718446910669,4.623840912539294,1.0,-5.754712757230362,breakdown
37833,37851,0.01707789490503807,0.017334063328613637,0.01707342266460925,0.016817321324640113,9022.193533937569,156.39127408028227,661763.0380466374,6617.630380466375,-0.04034941867909266,4.621796948284808,1.0,-5.6621463669639,breakdown
38008,38018,0.017030643069218608,0.017286102715256886,0.017017818958783733,0.016762551674401976,9040.674681113078,156.27803115294296,664566.4549206016,6645.664549206016,-0.11593861051636889,4.617316028811012,1.0,-5.733254639327381,breakdown
38043,38051,0.01703447184133308,0.017289988918953073,0.01701788402759164,0.016762615767177767,9032.010766008767,156.16336606015642,664697.8561074253,6646.978561074253,-0.14982131229720969,4.613418672241348,1.0,-5.763239984538558,breakdown
38326,38360,0.016963065112752817,0.017217511089444106,0.017009116883461434,0.01675398013020951,9063.336765099415,156.04810126046564,666299.9404768384,6662.999404768384,0.41738270656133497,4.6185198911540555,1.0,-5.201137184592721,breakdown
38437,38455,0.01698016192795596,0.017234864356875296,0.016982125273874615,0.016727393394766494,9048.1755636542,155.9440785167738,666545.4290709308,6665.454290709308,0.017764698564178814,4.609451057181138,1.0,-5.591686358616959,breakdown
38474,38476,0.016994018773944627,0.017248929055553794,0.01697736226430867,0.01672270183034404,9034.314205114477,155.83224478960148,666684.7829784849,6666.847829784849,-0.1504801416117369,4.603621954218725,1.0,-5.754102095830461,breakdown
38531,38559,0.017865520384468807,0.018133503190235836,0.017872865996130156,0.017604773006188203,8587.263096053734,155.71716274768485,665633.903112891,6656.33903112891,0.06307869993744356,4.603423897179402,1.0,-5.540345197241958,breakdown
38568,38584,0.01791384237495013,0.01818255001057438,0.017898956532979658,0.017630472184984963,8558.005106722898,155.60635584374003,666088.5699748985,6660.885699748985,-0.12739311160116698,4.59729173910155,1.0,-5.724684850702717,breakdown
38944,38956,0.01788022601715338,0.01814842940741068,0.01786822489514431,0.017600201521717148,8567.786151413899,155.49186214672596,659922.8137094731,6599.228137094731,-0.10282304695071373,4.594276239913254,1.0,-5.697099286863968,breakdown
38990,39005,0.018969412474280384,0.01925395366139459,0.018943493301000983,0.01865934090148597,8069.922826942882,155.37792016098868,658632.9953261508,6586.329953261508,-0.20916572810292203,4.5893133562751665,1.0,-5.798479084378089,breakdown
39053,39057,0.018876610391184528,0.019159759547052294,0.018854636628611164,0.018571817079181995,8103.543794378567,155.26195057930113,657230.2179071906,6572.302179071906,-0.17806534734052873,4.5863521896214525,1.0,-5.7644175369619814,breakdown
39192,39203,0.018781020069203316,0.019062735370241363,0.018778563035465046,0.01849688458993307,8138.740805832081,155.1466622285619,658400.8556039133,6584.0085560391335,-0.01999716074696395,4.585315674960084,1.0,-5.605312835707048,breakdown
39470,39480,0.018815184895693896,0.0190974126691293,0.018809630363520933,0.018527485908068117,8118.092155093812,155.03455597184777,650285.4501612964,6502.854501612965,-0.04509220405854964,4.581625763890288,1.0,-5.626717967948838,breakdown
39688,39698,0.020399025339724784,0.020705010719820654,0.020396371422882073,0.02009042585153884,7482.344429031559,154.92202161248878,650093.9501799712,6500.939501799712,-0.01985751990317285,4.578678145452352,1.0,-5.598535665355525,breakdown
39946,39953,0.02021158782008151,0.02051476163738273,0.020194762986039925,0.019891841541249327,7546.275878588874,154.81005089918168,648560.8347054644,6485.608347054645,-0.1269648392892694,4.573762056450514,1.0,-5.700726895739783,breakdown
40065,40100,0.02099483674354002,0.021309759294693118,0.020997712996861147,0.02068274730190823,7259.398579870005,154.69603636126686,650395.2083028224,6503.9520830282245,0.020879869274734588,4.572609839258832,1.0,-5.551729969984097,breakdown
40179,40232,0.02365504404454594,0.024009869705214126,0.023757548680198776,0.023401185449995792,6438.39402961427,154.58500176186718,650611.5218498245,6506.115218498245,0.6599652341950035,4.57891430891294,1.0,-4.918949074717936,breakdown
40244,40262,0.02379583977137478,0.0241527773679454,0.023831061456870122,0.02347359553501707,6396.226008583231,154.4866227803728,652826.456464086,6528.26456464086,0.2252858608314516,4.56948636516487,1.0,-5.344200504333418,breakdown
40350,40361,0.023817704466522507,0.024174970033520343,0.02382030931863755,0.02346300467885799,6385.932994176517,154.37973877028614,652666.2421057608,6526.662421057608,0.0166344110664163,4.56319746011534,1.0,-5.546563049048924,breakdown
40488,40511,0.02534250122336318,0.025722638741713624,0.02532114856101757,0.024941331332602307,5997.394320946245,154.26880750930516,656803.4507188658,6568.034507188659,-0.12806033588863036,4.557748282428818,1.0,-5.6858086183174485,breakdown
40592,40599,0.02533880746770346,0.02571888957971901,0.02532679709871747,0.02494689514223671,5993.847085004011,154.15509133693882,656733.4904190003,6567.334904190003,-0.07198831513650393,4.55522829360612,1.0,-5.627216608742624,breakdown
40664,40684,0.025375160862013472,0.02575578827494367,0.025380890696903274,0.025000177336449724,5980.89040647314,154.04254700476397,656622.1038654111,6566.221038654112,0.03426951452309534,4.553495727587718,1.0,-5.519226213064623,breakdown
40705,40720,0.02542454885822296,0.025805917091096302,0.025394202228931354,0.025013289195497383,5964.994847387664,153.93216248050268,655767.2530189102,6557.672530189102,-0.18101748736001022,4.547003825783276,1.0,-5.7280213131432856,breakdown
40824,40835,0.025438564374410673,0.02582014284002683,0.025435321930336367,0.025053792101381322,5957.271538242194,153.8176020542398,656114.6482273634,6561.146482273633,-0.019316119798202976,4.546043323845583,1.0,-5.5653594436437865,breakdown
40920,40951,0.025528727106815752,0.025911658013417986,0.02555789145418919,0.02517452308237635,5931.935918024709,153.70629486536694,655305.4886607537,6553.054886607537,0.17300103971024192,4.545638213586795,1.0,-5.372637173876553,breakdown
40978,40992,0.025531599085154597,0.025914573071431912,0.02550813303989459,0.02512551104429617,5927.122229585019,153.59884212188942,657297.3878736928,6572.973878736928,-0.13908611850103753,4.537780963056655,1.0,-5.676867081557692,breakdown
41018,41026,0.0255301672301102,0.025913119738561852,0.025520518580155988,0.025137710801453647,5923.073189518497,153.48530478025828,658729.9806964733,6587.299806964733,-0.05714965985884771,4.535654226439801,1.0,-5.592803886298649,breakdown
41095,41105,0.02552672029879073,0.02590962110327259,0.02551075639395304,0.025128095048043742,5919.555831835766,153.3734487025323,657552.2063906796,6575.522063906796,-0.09449922598082891,4.5317878919807,1.0,-5.626287117961529,breakdown
41171,41176,0.025471095166668185,0.025853161594168207,0.025457188559489814,0.025075330731097467,5928.130778200246,153.26092296017308,657483.4679596996,6574.834679596996,-0.08244018603444225,4.528642893569279,1.0,-5.611083079603721,breakdown
41269,41288,0.025475362919696928,0.02585749336349238,0.025483247712829917,0.02510099899713747,5922.79766432458,153.14870129858102,658072.0173567738,6580.720173567738,0.04670003435175275,4.527263100473336,1.0,-5.480563066121583,breakdown
41503,41512,0.02538692165858852,0.025767725483467344,0.02535883421254035,0.024978451699352245,5939.177291198983,153.03909003725857,655229.5669217126,6552.2956692171265,-0.16681632173706892,4.52082061341804,1.0,-5.687636935155109,breakdown
41547,41555,0.025326474099154662,0.025706371210641978,0.025298346040032223,0.02491887084943174,5948.927448587031,152.9253372985555,656523.2072094036,6565.232072094036,-0.1673317829889525,4.517450731586855,1.0,-5.684782514575808,breakdown
41602,41605,0.026821356454125176,0.02722367680093705,0.02679855438773535,0.02639657607191932,5613.188944522149,152.81164164826396,656288.9939633202,6562.889939633202,-0.12799230697163425,4.5146803611569215,1.0,-5.642672668128556,breakdown
41761,41769,0.026759757289810737,0.027161153649157894,0.026728496127577543,0.02632756868566388,5621.955170510059,152.6987881949014,654845.0645021073,6548.450645021074,-0.17574885265305507,4.5106284429215755,1.0,-5.686377295574631,breakdown
41781,41788,0.026770972388470652,0.02717253697429771,0.02675333488819878,0.026352034864875796,5615.414592804453,152.5850606489899,656134.8290571548,6561.348290571548,-0.09904187640727062,4.508417642267386,1.0,-5.6074595186746565,breakdown
41893,41903,0.028199124060533976,0.028622110921441984,0.028149111534135476,0.027726874861123445,5327.102248925769,152.4729114586164,657524.8903874555,6575.248903874555,-0.2664218418519075,4.502592188390441,1.0,-5.7690140302423485,breakdown
41954,41960,0.028044154837393063,0.028464817159953956,0.0280176005247189,0.027597336516848116,5352.485853742192,152.35753117801156,655226.3349517673,6552.263349517673,-0.14213158294430134,4.501046287674897,1.0,-5.643177870619199,breakdown
42230,42237,0.02793142140261144,0.028350392723650607,0.027894110870652824,0.027475699207593032,5370.107888967368,152.2446676205992,660155.1705310515,6601.551705310515,-0.20036158201252632,4.496836968996882,1.0,-5.697198551009408,breakdown
42266,42270,0.027909500096436023,0.02832814259788256,0.027877629518734175,0.027459465075953163,5370.303510860974,152.130723649579,661301.5757047669,6613.0157570476695,-0.17115467532540168,4.49390727049807,1.0,-5.665061945823472,breakdown
42403,42422,0.031095653358779275,0.03156208815916096,0.031066688583986885,0.03060068825522708,4816.456428486947,152.01742241066253,665238.9625399566,6652.389625399565,-0.13950757574848033,4.491033171900597,1.0,-5.630540747649077,breakdown
42646,42657,0.03110037950814877,0.031566885200771,0.031087925493088947,0.030621606610692614,4812.157126988233,151.90481159570956,664022.450615672,6640.224506156721,-0.05993067732974827,4.488898426905362,1.0,-5.54882910423511,breakdown
42737,42741,0.031017401212079614,0.031482662230260805,0.030982365474598005,0.030517629992479034,4821.5056879059675,151.79383501362486,664472.4611278838,6644.724611278838,-0.16892500754756165,4.4839834159298855,1.0,-5.652908423477447,breakdown
42844,42848,0.031044617157327495,0.0315102864146874,0.03102728482826442,0.030561875555840456,4813.690832542059,151.68077684515532,664608.9135568785,6646.0891355687845,-0.08343247351752053,4.481924183197395,1.0,-5.565356656714916,breakdown
42876,42896,0.031077668338683192,0.031543833363763436,0.031105960959868045,0.030639371545470022,4805.042810241931,151.56946971202103,664588.8401606829,6645.88840160683,0.1359472560071753,4.481925013136296,1.0,-5.345977757129121,breakdown
42915,42919,0.03114105100061775,0.03160816676562701,0.0310999222711484,0.030633423437081173,4791.880252972775,151.46255015687845,664317.4619039191,6643.174619039191,-0.1970839465740254,4.473769361201738,1.0,-5.670853307775763,breakdown
42990,43027,0.03114715506142249,0.031614362387343824,0.03120895130996617,0.030740817040316677,4787.3536475722985,151.34913309072294,661937.695342134,6619.37695342134,0.29584049587186156,4.477810999282106,1.0,-5.181970503410244,breakdown
43109,43120,0.0328266038121688,0.03331900286935133,0.03280641805183106,0.03231432178105359,4539.31632569289,151.24549368065473,663648.5327191225,6636.485327191225,-0.09162955144764132,4.468935714777194,1.0,-5.5605652662248355,breakdown
43209,43230,0.035399534154883575,0.03593052716720682,0.03536500224970786,0.03483452721596224,4206.291816204353,151.13428237533023,665623.9095863997,6656.239095863997,-0.14525127013856096,4.46484435534192,1.0,-5.610095625480481,breakdown
43285,43299,0.03536593454661915,0.03589642356481843,0.03912911253996054,0.038542175851861135,4207.162314934216,151.02208046282064,663274.6992210889,6632.746992210889,15.83230063797568,4.701191321278619,1.0,10.13110931669706,take_profit
43299,43312,0.03912911253996054,0.03971604922805995,0.03910440446502813,0.03851783839805271,3809.1424587261995,151.28408940746306,663356.1413815636,6633.561413815636,-0.09411657729844179,4.470039169787707,1.0,-5.564155747086149,breakdown
43337,43370,0.04164034096996769,0.042264946084517196,0.041757050322771216,0.04113069456792965,3575.384178463907,151.11341953421285,661309.0352846289,6613.090352846289,0.41728077349249987,4.472665700298334,1.0,-5.055384926805834,breakdown
43385,43398,0.04179690522096271,0.042423858799277146,0.04181117764965223,0.04118400998490745,3559.608109912194,151.0123118356767,663047.8802491174,6630.478802491174,0.050804252911373284,4.464180147606776,1.0,-5.413375894695403,breakdown
43463,43467,0.041953873010208254,0.04258318110536137,0.04191731545922764,0.04128855572733922,3543.747564194622,150.90404431778282,662767.3696379302,6627.673696379302,-0.12955073224047464,4.4582747976700725,1.0,-5.587825529910547,breakdown
43541,43550,0.04195157155349529,0.04258084512679772,0.04190931503412915,0.04128067530861722,3541.317401243532,150.7922878071846,663943.1313208161,6639.431313208162,-0.14964374734728822,4.454670254346972,1.0,-5.60431400169426,breakdown
43595,43601,0.04213869710822869,0.04277077756485212,0.04208366962869936,0.04145241458426887,3522.970825084454,150.68020152715073,664751.2907135921,6647.512907135921,-0.1938602049597689,4.4506941125064134,1.0,-5.6445543174661825,breakdown
43669,43681,0.042262848179518066,0.04289679090221083,0.042268460484317684,0.04163443357705292,3509.99007790677,150.5673104408014,662702.4710018643,6627.024710018643,0.01969913416084829,4.450560820238071,1.0,-5.430861686077223,breakdown
43783,43792,0.042202216674289875,0.04283524992440422,0.042171619889389986,0.04153904559104914,3512.4971483208296,150.45869320707985,661289.492404504,6612.89492404504,-0.10747111970864569,4.445442904842198,1.0,-5.552914024550844,breakdown
43944,43954,0.04213005275611189,0.04276200354745356,0.042104364439706055,0.041472798973110465,3515.9165252803477,150.34763492658882,660035.136361167,6600.3513636116695,-0.09031797615790542,4.442417691242031,1.0,-5.532735667399936,breakdown
44044,44056,0.042028415894722754,0.04265884213314359,0.042012466175736035,0.041382279183099994,3521.8250824608044,150.23698021324086,659924.7163224462,6599.247163224462,-0.056172120385626884,4.439659296418084,1.0,-5.495831416803711,breakdown
44118,44129,0.04389065941969996,0.044549019310995454,0.04386956713547339,0.04321152362844129,3369.929706799424,150.1270635849048,657511.723482554,6575.1172348255395,-0.07107951519938582,4.4361869181558955,1.0,-5.507266433355281,breakdown
44144,44149,0.04399194663840986,0.044651825837986,0.04393671945812755,0.04327766866625563,3359.704008533867,150.01691825623766,658634.805521213,6586.34805521213,-0.18554697897449235,4.43121437924359,1.0,-5.616761358218082,breakdown
44279,44282,0.04391143345021765,0.04457010495197091,0.043870971557970824,0.043212906984601264,3363.3437298523672,149.9045830290733,658357.033194915,6583.57033194915,-0.13608725158631632,4.428636022134777,1.0,-5.564723273721093,breakdown
44319,44327,0.043864117790908284,0.044522079557771904,0.0438395729255651,0.04318197933168162,3364.4719665267867,149.79328856359888,658256.4324291364,6582.564324291364,-0.08258051136932867,4.426149131647654,1.0,-5.5087296430169825,breakdown
44383,44405,0.043895853148571265,0.04455429094579983,0.04884698718121141,0.04811428237349324,3359.566739662126,149.68311397073853,660663.702011529,6606.63702011529,16.63366521966704,4.673636425705997,1.0,10.960028793961044,take_profit
44405,44438,0.04884698718121141,0.04957969198892957,0.04879139839759813,0.048059527421634156,3024.6566677772425,149.96154596065776,661138.4021645776,6611.384021645777,-0.16813698500953572,4.429838909579274,1.0,-5.59797589458881,breakdown
44463,44494,0.048917246309641615,0.049651005004286236,0.049020928685344405,0.04828561475506424,3016.8645129296974,149.79035502872597,661338.3467595495,6613.383467595495,0.3127956798739887,4.43199306905208,1.0,-5.119197389178091,breakdown
44513,44531,0.04914798269752033,0.04988520243798313,0.04912827519578363,0.04839135106784687,3000.6487648723737,149.68797108094242,663015.0471427385,6630.150471427385,-0.05913529074495366,4.42338797795732,1.0,-5.482523268702274,breakdown
44558,44575,0.049174438603353424,0.04991205518240372,0.04920027032310148,0.04846226626825496,2996.8375389258977,149.57832061556837,662209.007252354,6622.09007252354,0.07741346743598992,4.422195308875629,1.0,-5.344781841439639,breakdown
44604,44614,0.04924587811614256,0.049984566287884696,0.04918286470151737,0.04844512173099461,2990.3515440718866,149.47142497873958,662141.1223521557,6621.411223521558,-0.18843226172167593,4.41504814598766,1.0,-5.603480407709336,breakdown
44734,44748,0.04883543147947285,0.049567962951664934,0.04883517562352289,0.04810264798917004,3013.2235919444533,149.3593553705854,661916.044955345,6619.16044955345,-0.0007709511845627588,4.414550663434264,1.0,-5.4153216146188266,breakdown
44817,44830,0.05143653876130659,0.05220808684272619,0.05140498555380796,0.05063391077050084,2858.7726148231227,149.25104893829302,662185.8938991416,6621.858938991416,-0.09020344550692361,4.410008000680737,1.0,-5.50021144618766,breakdown
44929,44989,0.05154891578408605,0.052322149520847336,0.051784387816860435,0.051007621999607525,2850.438028161386,149.14104470936928,660717.5617134025,6607.175617134025,0.6711984367885793,4.418177672395256,1.0,-4.746979235606677,timeout
45042,45048,0.052354751303391865,0.05314007257294274,0.05225033177286337,0.05146657679627042,2804.7779746643923,149.04610512465715,656941.7579547326,6569.417579547327,-0.29287359935112606,4.400910495753294,1.0,-5.69378409510442,breakdown
45059,45071,0.052304314278004846,0.05308887899217491,0.05231931635707029,0.05153452661171423,2805.3376200448133,148.93222944275504,658520.2889560916,6585.202889560916,0.042085896781170515,4.40256910449374,1.0,-5.360483207712569,breakdown
45164,45190,0.06217675219019706,0.06310940347305001,0.06232285184095707,0.06138800906334271,2358.206726548357,148.8250197786008,659794.686660988,6597.94686660988,0.34453317916862625,4.403937055183119,1.0,-5.0594038760144935,breakdown
45212,45226,0.06664355666351314,0.06764321001346583,0.06664145957860293,0.06564183768492389,2198.6513010171134,148.72383170108048,661425.0278318287,6614.250278318287,-0.004610758466177283,4.395709115502234,1.0,-5.400319873968411,breakdown
45292,45323,0.06664804159128165,0.06764776221515087,0.06672661033514683,0.06572571118011963,2196.906748089238,148.61582530360113,661527.5804500066,6615.275804500066,0.17260820358630638,4.395175092618361,1.0,-5.222566889032055,breakdown
45344,45356,0.06695252661399874,0.06795681451320872,0.0669320086351536,0.06592802850562629,2185.378685414315,148.5113739658205,660134.7858146495,6601.347858146495,-0.044839553635954064,4.388826144601485,1.0,-5.43366569823744,breakdown
45359,45369,0.06703174177798876,0.06803721790465858,0.06698509410901807,0.0659803176973828,2181.1988382566487,148.40270065185575,660331.0091238017,6603.310091238018,-0.10174784136626101,4.384760501153568,1.0,-5.486508342519829,breakdown
45609,45614,0.06657137694856438,0.06756994760279283,0.06649910513607568,0.06550161855903454,2194.6586573773816,148.29297048500536,662367.2014147806,6623.672014147806,-0.15861195896268038,4.380664283226556,1.0,-5.539276242189237,breakdown
45685,45698,0.06646323259775141,0.06746018108671768,0.06643548654461308,0.06543895424644389,2196.587417541595,148.18218496016155,661913.726783028,6619.13726783028,-0.0609466312101096,4.378854814132682,1.0,-5.439801445342791,breakdown
46036,46048,0.06891463009162155,0.06994834954299586,0.0688886496925472,0.06785531994715899,2116.8961083239988,148.0733889312547,658351.3542707356,6583.5135427073565,-0.054997805693199724,4.37572840034085,1.0,-5.430726206034049,breakdown
46061,46090,0.06891412328982145,0.06994783513916877,0.0689821509430384,0.06794741867889283,2115.3588829838995,147.964774407134,658193.2547307072,6581.932547307071,0.1439029005210256,4.375501629432959,1.0,-5.2315987289119334,breakdown
46152,46156,0.06914224395440055,0.07017937761371655,0.06904423419729894,0.06800857068433945,2106.8887679000522,147.86014243255576,657879.551497243,6578.79551497243,-0.20649565638200215,4.367153080402224,1.0,-5.573648736784226,breakdown
46189,46201,0.069066021552359,0.07010201187564438,0.06907534675803607,0.06803921655666553,2107.623811423771,147.74866945782006,657384.9192758414,6573.849192758415,0.019654025531431748,4.367250557904747,1.0,-5.347596532373315,breakdown
46543,46550,0.06893898414317894,0.06997306890532662,0.0688665520971543,0.06783355381569699,2109.9791653690572,147.6417175271726,658250.447499052,6582.504474990521,-0.15283010801704242,4.361502155094206,1.0,-5.514332263111248,breakdown
46568,46573,0.06893139993129638,0.06996537093026582,0.06884877609061141,0.06781604444925224,2108.635013583424,147.53143088191038,658839.6486299417,6588.396486299418,-0.17422352342506633,4.357921550062231,1.0,-5.532145073487297,breakdown
46630,46633,0.06893677506490702,0.06997082669088062,0.0688761342662871,0.06784299225229279,2106.889327343822,147.42078798044062,659446.2434847254,6594.4624348472535,-0.1277634514139173,4.355348217601421,1.0,-5.483111669015338,breakdown
46997,47035,0.06846296870690112,0.06948991323750463,0.06863612646002064,0.06760658456312033,2119.892210018684,147.31112574706032,659718.6174927648,6597.186174927649,0.36707577194240537,4.359529557674515,1.0,-4.99245378573211,breakdown
47242,47266,0.06877513652388781,0.06980676357174612,0.0688438136912623,0.06781115648589336,2108.8397332737622,147.21127667134567,658072.8934347291,6580.728934347291,0.144829139328022,4.353244653976985,1.0,-5.208415514648963,breakdown
47349,47373,0.06860310266609382,0.06963214920608522,0.06866771294606842,0.06763769725187739,2112.6320246940886,147.1071083610527,658854.1914901899,6588.541914901899,0.1364977465988031,4.350040816771968,1.0,-5.213543070173165,breakdown
47449,47459,0.07404823712023156,0.07515896067703504,0.07385247375152862,0.07274468664525569,1955.8923669971164,147.00283749964925,660116.6294343185,6601.166294343186,-0.3828920785837318,4.339168072012848,1.0,-5.72206015059658,breakdown
47516,47533,0.07377786247792255,0.07488453041509138,0.07387092576784227,0.07276286188132464,1961.5319143008887,146.88839629663732,663537.8262925822,6635.378262925822,0.1825466132273622,4.344267153778825,1.0,-5.161720540551462,breakdown
47601,47613,0.08225167152350289,0.08348544659635543,0.08223321978695822,0.08099972149015384,1758.2125732107447,146.78516188582628,664778.9076434794,6647.789076434794,-0.03244207519042001,4.337991060078832,1.0,-5.370433135269252,breakdown
47677,47688,0.08235658675038605,0.08359193555164184,0.08228837424646174,0.08105404863276482,1754.6878446486694,146.6777532231209,665129.0076215578,6651.290076215578,-0.11969165148904869,4.333507676157346,1.0,-5.453199327646395,breakdown
47818,47829,0.08187456091390344,0.08310267932761198,0.08177495245434932,0.08054832816753407,1763.7059409210715,146.56868923656796,663495.5452606352,6634.955452606352,-0.1756800318815942,4.329444284346445,1.0,-5.505124316228039,breakdown
47931,47938,0.08230198186757065,0.0835365115955842,0.08222392939223003,0.08099057045134657,1753.2284261434888,146.4585867502434,665829.8551303545,6658.2985513035455,-0.1368438184980441,4.326772566867655,1.0,-5.463616385365699,breakdown
48259,48264,0.08147023095012382,0.08269228441437566,0.08140175814348212,0.08018073177132988,1769.8061609856063,146.34931442253608,660531.367723495,6605.31367723495,-0.12118359505445302,4.323777746247664,1.0,-5.444961341302117,breakdown
48433,48445,0.08157495870128761,0.08279858308180692,0.08154194138151852,0.08031881226079574,1766.218813807733,146.24041519571006,659547.4362447102,6595.474362447102,-0.05831581135768404,4.321502066643726,1.0,-5.379817878001409,breakdown
48602,48612,0.08962316435020276,0.09096751181545579,0.08959647482973929,0.0882525277072932,1606.4286680128962,146.13281883815003,660200.3193094808,6602.003193094809,-0.042874810808041924,4.318553493743792,1.0,-5.3614283045518345,breakdown
48657,48662,0.08970181106098724,0.09104733822690203,0.08962534884790309,0.08828096861518454,1603.84249683548,146.025590272059,660814.7774316369,6608.14777431637,-0.12263334674644469,4.314187798480351,1.0,-5.436821145226795,breakdown
48710,48718,0.08973554241721253,0.09108157555347071,0.08966748237407451,0.0883224701384634,1602.0457810755802,145.91685384915445,659806.7999822763,6598.067999822763,-0.10903530496908008,4.311177884686186,1.0,-5.420213189655266,breakdown
48753,48760,0.08962712865295662,0.09097153558275096,0.08952121629425897,0.08817839804984508,1602.7920013807918,145.80844958536133,660287.9524136587,6602.879524136588,-0.1697554813679741,4.307063015130062,1.0,-5.476818496498036,breakdown
48878,48886,0.08976100586368287,0.0911074209516381,0.08969535083779519,0.08834992057522825,1599.1991837061407,145.6989132154314,659150.3937053503,6591.503937053503,-0.10499546380578129,4.304796887218226,1.0,-5.409792351024007,breakdown
48943,48954,0.08975281167153416,0.09109910384660717,0.08975992123219412,0.0884135224137112,1598.1575144093272,145.5907173684109,656454.1734093059,6564.541734093059,0.011362197792854679,4.303344345333717,1.0,-5.291982147540862,breakdown
49141,49152,0.08923958959023583,0.09057818343408935,0.08920889983803619,0.08787076634046564,1606.1801220745886,145.4848777254601,657491.3116889915,6574.913116889915,-0.04929326993445074,4.299306248008918,1.0,-5.348599517943368,breakdown
49177,49182,0.08936716619588914,0.09070767368882747,0.08923211348775889,0.0878936317854425,1602.7079057701326,145.37790573510122,656893.6211938153,6568.936211938153,-0.21645004301601073,4.293637162707506,1.0,-5.510087205723516,breakdown
49257,49268,0.09750566398105882,0.0989682489407747,0.0973957732499926,0.09593483665124271,1467.8213017380847,145.26770399098675,656282.1124499898,6562.821124499897,-0.16129995592257296,4.291207219606583,1.0,-5.452507175529155,breakdown
49502,49526,0.0970988408633886,0.09855532347633943,0.09737541212218412,0.09591478094035136,1472.8646685668382,145.1586538474762,658189.0415644121,6581.89041564412,0.4073520354209709,4.296513842525685,1.0,-4.889161807104713,breakdown
49639,49649,0.09703973094513814,0.0984953269093152,0.09697938393304596,0.09552469317405027,1472.7690659364162,145.0608706113341,660016.0974104811,6600.1609741048105,-0.08887721263104875,4.286180258894301,1.0,-5.37505747152535,breakdown
49695,49711,0.09716496614277667,0.09862244063491832,0.09713803301240401,0.09568096251721794,1469.780797643141,144.95336946190358,660986.8663293929,6609.868663293929,-0.03958579784216062,4.28374225624134,1.0,-5.323328054083501,breakdown
49764,49790,0.10687891134522878,0.1084820950154072,0.10661575507892213,0.10501651875273829,1335.2148378057227,144.84690290082193,660907.2205024943,6609.072205024942,-0.35137015143420364,4.275918696028643,1.0,-5.627288847462847,breakdown
49870,49885,0.10635753517552408,0.10795289820315694,0.10624260634196452,0.10464896724683505,1340.717660506868,144.73435712387266,664164.9159303509,6641.649159303509,-0.15408711685476836,4.275551465381346,1.0,-5.429638582236114,breakdown
49963,49969,0.10620829048689859,0.10780141484420205,0.10607300352427976,0.10448190847141556,1341.5943061716357,144.62576435222792,663087.7726329413,6630.877726329412,-0.18150021874867756,4.271930630282157,1.0,-5.453430849030835,breakdown
50273,50284,0.10583264135894568,0.10742013097932986,0.10576042232036056,0.10417401598555516,1345.3409004226194,144.51669573524734,658568.7598825521,6585.687598825521,-0.09715922639776066,4.269972042202477,1.0,-5.367131268600238,breakdown
50357,50371,0.10583478515887156,0.10742230693625462,0.1058560889994557,0.10426824766446387,1344.3143908235852,144.40935310987533,661015.8025408034,6610.1580254080345,0.02863905947707665,4.268686328055959,1.0,-5.240047268578882,breakdown
50407,50437,0.1060585146785673,0.10764939239874581,0.12111660148108296,0.1192998524588667,1340.5050316492543,144.30455216450375,660177.6408603241,6601.776408603241,20.18544112578346,4.567940794162725,1.0,14.617500331620734,take_profit
50437,50448,0.12111660148108296,0.12293335050329919,0.12111047870233978,0.11929382152180468,1176.699478237718,144.65560939524667,660835.4756588541,6608.354756588541,-0.007204670552462953,4.275427183003191,1.0,-5.282631853555654,breakdown
50514,50536,0.12571882115029018,0.12760460346754451,0.12590260915204454,0.12401407001476387,1132.3357120953367,144.49124953406508,658658.0104928137,6586.580104928136,0.20810971784110757,4.2737989718976195,1.0,-5.065689254056512,breakdown
50718,50729,0.13095705520307518,0.1329214110311213,0.1306769009199501,0.12871674740615086,1086.2804918251845,144.38993574898393,655620.0638398682,6556.200638398682,-0.3043261324600478,4.263117938032329,1.0,-5.567444070492377,breakdown
50741,50752,0.13077595665560726,0.13273759600544136,0.13063295830932992,0.12867346393468995,1086.9459083895088,144.2785868675741,655527.3243545151,6555.273243545151,-0.15543146739262675,4.262060258065192,1.0,-5.417491725457819,breakdown
50851,50885,0.13532071671322887,0.13735052746392729,0.1469943341882328,0.1447894191754093,1049.6518629746706,144.17023703306492,655093.8329243036,6550.938329243036,12.253234330291537,4.444987786867623,1.0,6.808246543423914,take_profit
50885,50892,0.1469943341882328,0.14919924920105626,0.16393898350919692,0.16147989875655896,967.5832190845207,144.36268982695162,657227.7550298602,6572.277550298602,16.395358336236804,4.5128079068746345,1.0,10.882550429362169,take_profit
50892,50904,0.16393898350919692,0.16639806826183484,0.1636327598606516,0.16117826846274183,868.8901371609323,144.58164035533986,657953.2821063737,6579.532821063737,-0.26607470798646676,4.2693578554001,1.0,-5.535432563386567,breakdown
50920,50924,0.16904712488621135,0.1715828317595045,0.17638913882767498,0.17374330174525987,841.6538114003555,144.41334432125294,657490.8470038312,6574.908470038312,6.179434017187417,4.361066219260361,1.0,0.8183677979270563,take_profit
50924,50935,0.17638913882767498,0.1790349759100901,0.17633295982731634,0.17368796542990658,807.0168888511788,144.48424925450666,658531.3825282556,6585.313825282556,-0.04533740208820464,4.269790360284144,1.0,-5.315127762372349,breakdown
50990,51002,0.17676377732825477,0.17941523398817857,0.17669968816919995,0.17404919284666195,804.4100041776459,144.32340912196403,657543.2728277309,6575.432728277308,-0.05155396070302496,4.264943216361791,1.0,-5.316497177064816,breakdown
51290,51299,0.17659299521185406,0.17924189014003186,0.17648704251791708,0.1738397368801483,804.5947242899182,144.21707917842275,654953.9536883275,6549.539536883275,-0.08524897856600148,4.261295034141886,1.0,-5.346544012707888,breakdown
51309,51323,0.1766181226580657,0.17926739449793666,0.176743155883625,0.1740920085453706,803.883766491777,144.11014829816858,655177.3765780705,6551.773765780705,0.10051218029921803,4.2609209328966635,1.0,-5.160408752597445,breakdown
51338,51352,0.1769001745227359,0.17955367714057693,0.17679153322319188,0.174139660224844,802.027240079133,144.00694012311664,654300.2722359409,6543.002722359409,-0.08713328163190164,4.255055763035127,1.0,-5.342189044667029,breakdown
51518,51522,0.1770485614441176,0.17970428986577935,0.17693410393623707,0.17428009237719352,800.7604963114786,143.9000963422233,656330.9145626033,6563.309145626034,-0.09165305081698631,4.251830022234493,1.0,-5.3434830730514795,breakdown
51579,51588,0.17758346124686572,0.1802472131655687,0.17743149970872704,0.17477002721309615,797.7556166079466,143.79322668076225,654875.6074379593,6548.756074379593,-0.12122817055851348,4.248227686232625,1.0,-5.369455856791139,breakdown
51682,51704,0.17707325045295552,0.17972934920974984,0.17730813007424484,0.17464850812313115,799.4567286611632,143.68583756362642,655404.4547574796,6554.0445475747965,0.18777609366513182,4.249688687620537,1.0,-5.061912593955405,breakdown
51743,51757,0.17760068718946892,0.18026469749731094,0.17752040348631387,0.17485759743401916,796.5209012368559,143.58459931174733,658254.9792863416,6582.549792863416,-0.06394764759169146,4.242920567899347,1.0,-5.306868215491038,breakdown
51772,51787,0.19776802930064796,0.20073454974015767,0.19789268762125006,0.1949242973069313,714.7671496170652,143.4784619474375,657745.2458716193,6577.452458716193,0.0891016724928134,4.2420792427456435,1.0,-5.15297757025283,breakdown
51941,51950,0.19703094971798543,0.1999864139637552,0.19700894676747804,0.19405381256596588,716.925712873762,143.37540239603246,655653.5414881092,6556.535414881092,-0.015774480977835393,4.237460005328165,1.0,-5.253234486306001,breakdown
51972,51980,0.19761033430304834,0.20057448931759403,0.19743470745865305,0.19447318684677325,714.2999002203562,143.27033770630632,656184.7949620939,6561.847949620939,-0.12545023742757022,4.2327095086939455,1.0,-5.358159746121515,breakdown
52042,52050,0.19999163058142289,0.2029915050401442,0.19975348839233292,0.19675718606644793,705.2668262303465,143.1631745113839,658653.722830687,6586.53722830687,-0.167953785891025,4.228904570395395,1.0,-5.39685835628642,breakdown
52242,52247,0.20036923032287868,0.20337476877772184,0.2000872292303255,0.1970859207918706,703.4070067000797,143.05523734425816,658931.0776055891,6589.3107760558905,-0.19836154439899242,4.225258192920464,1.0,-5.423619737319457,breakdown
52268,52284,0.20036853554848763,0.20337406358171492,0.20015693803265996,0.19715458396217006,702.876081797305,142.94676494951176,657880.9879101587,6578.809879101587,-0.14872683284299323,4.222796632960906,1.0,-5.371523465803899,breakdown
52360,52370,0.2005332922487618,0.2035412916324932,0.20040223296088713,0.19739619946647383,701.7707971417476,142.83933448019567,657986.8262434746,6579.868262434747,-0.09197358092462815,4.220472646932308,1.0,-5.3124462278569355,breakdown
52423,52482,0.20052067218178637,0.20352848226451314,0.20125291902981438,0.19823412524436715,701.2929294590688,142.73308555563855,656619.2377195332,6566.192377195332,0.5135195371407263,4.226414681401107,1.0,-4.712895144260381,breakdown
52486,52506,0.2016373802677118,0.20466194097172746,0.20168506133093494,0.19865978541097093,696.9484750096152,142.63882765275335,655865.4637524842,6558.654637524842,0.03323124430020643,4.216424409139972,1.0,-5.183193164839765,breakdown
52527,52556,0.20197161502195113,0.20500118924728036,0.20218024376574847,0.19914754010926225,695.2894483822976,142.53516378945656,656903.4763493269,6569.03476349327,0.14505736419154805,4.215037844387698,1.0,-5.06998048019615,breakdown
52698,52712,0.2025665430120747,0.20560504115725578,0.20245212053718167,0.19941533872912395,692.7542407431199,142.43376417985266,656073.344876334,6560.73344876334,-0.07926665471846049,4.208675951307873,1.0,-5.287942606026333,breakdown
52737,52752,0.20270169185748735,0.20574221723534963,0.20278318012324226,0.1997414324213936,691.7783196869233,142.32800532773211,657277.0533217785,6572.770533217786,0.05637181555813223,4.207584650959445,1.0,-5.151212835401313,breakdown
52801,52822,0.20300842640300007,0.20605355279904505,0.2033327044867926,0.2002827139194907,690.2330929946635,142.22498107102408,658279.6835482932,6582.796835482932,0.22382746476650728,4.207051433775165,1.0,-4.983223969008658,breakdown
53040,53056,0.20285926725130948,0.2059021562600791,0.20304441959555117,0.1999987533016179,690.2565722144386,142.12531659164392,662922.2025749827,6629.222025749827,0.12780262247373303,4.202665312981754,1.0,-5.074862690508021,breakdown
53066,53078,0.2033220737862633,0.20637190489305723,0.20321155246000905,0.20016337917310892,688.1935765986707,142.02381933783377,663062.4214259608,6630.624214259608,-0.0760600668053396,4.19660745381074,1.0,-5.27266752061608,breakdown
53207,53252,0.21867847080370442,0.22195864786575997,0.21951012033217515,0.2162174685271925,639.3910187867666,141.91836598742145,659055.746957321,6590.557469573209,0.5317492392824337,4.2026077456066195,1.0,-4.670858506324186,breakdown
53723,53735,0.21772005976549558,0.22098586066197798,0.21764985417663757,0.214385106363988,641.7829104199193,141.82494881729497,655334.3855484768,6553.343855484768,-0.04505674714503648,4.19119455718578,1.0,-5.236251304330816,breakdown
54218,54220,0.21493600944233812,0.21816004958397317,0.21475090811636785,0.21152964449462233,649.6158396620552,141.72022379120833,650490.2387899215,6504.902387899216,-0.12024475329273779,4.186971416125486,1.0,-5.307216169418224,breakdown
54348,54391,0.21349620519087673,0.21669864826873986,0.21432643541066276,0.21111153887950282,653.5069812350496,141.61407946781998,650053.6014235235,6500.536014235236,0.5425612446624853,4.193776235452795,1.0,-4.65121499079031,breakdown
54414,54423,0.2141534209896099,0.21736572230445403,0.21399129433601272,0.21078142492097252,651.0734704057074,141.52105516800418,648204.7173583767,6482.047173583767,-0.10555636300278569,4.181304984643752,1.0,-5.286861347646538,breakdown
54714,54719,0.2120732735855048,0.21525437268928735,0.21179797009229756,0.2086210005409131,656.9683866314746,141.41531794105126,652260.75278832,6522.6075278831995,-0.18086569176636275,4.177050106477236,1.0,-5.357915798243599,breakdown
54756,54761,0.2123865969954595,0.21557239595039138,0.21214649318927678,0.20896429579143763,655.5021063903049,141.30815962508638,649959.0460964139,6499.590460964138,-0.15738855070510457,4.174235022727198,1.0,-5.331623573432303,breakdown
54779,54802,0.21236581402176852,0.21555130123209504,0.21259161288458697,0.20940273869131817,655.0715599790273,141.20152715361772,650078.0146395015,6500.7801463950145,0.14791441330797558,4.175662868523296,1.0,-5.02774845521532,breakdown
54825,54835,0.23528106238869115,0.23881027832452148,0.23487350443775992,0.23135040187119352,590.8496618088188,141.1009721845134,650534.9993062924,6505.349993062924,-0.24080547747520975,4.166860002109205,1.0,-5.407665479584415,breakdown
55098,55109,0.2337211499690927,0.23722696721862907,0.23329834844367145,0.22979887321701636,594.337231251548,140.99281887492174,653599.0871956748,6535.9908719567475,-0.2512866879878041,4.163506134406934,1.0,-5.414792822394738,breakdown
55152,55172,0.2334093694188924,0.23691050996017576,0.23338167120209075,0.22988094613405938,594.6740102081427,140.88452301847386,651254.0606993515,6512.540606993515,-0.016471409661053326,4.163827500829681,1.0,-5.180298910490735,breakdown
55179,55190,0.23356954607269637,0.23707308926378678,0.23351957552067074,0.23001678188786068,593.8291751183102,140.78091704026403,651891.0246601596,6518.910246601597,-0.029673971689586437,4.1605672167378795,1.0,-5.190241188427466,breakdown
55341,55353,0.2339566075969191,0.23746595671087287,0.23383743659908082,0.2303298750500946,592.409599106356,140.6771122164955,650816.10721151,6508.1610721151,-0.07059804305448343,4.1568852327974,1.0,-5.227483275851883,breakdown
55392,55409,0.2450701384526475,0.2487461905294372,0.24547536941020176,0.24179323886904874,565.1244839238765,140.57256255097843,648846.0033145536,6488.460033145537,0.22900593575783204,4.158289154582529,1.0,-4.929283218824697,breakdown
55432,55439,0.24603947438242987,0.2497300664981663,0.2456707787423448,0.24198571706120964,562.5032614470289,140.47397688660195,650544.4751588448,6505.4447515884485,-0.20739250002915208,4.1488293160444485,1.0,-5.3562218160736,breakdown
55506,55547,0.24666871546956076,0.25036874620160415,0.24780906160317906,0.24409192567913138,560.6404736206692,140.36685245028048,649709.4239021356,6497.094239021356,0.6393241964432612,4.158363826994348,1.0,-4.519039630551087,breakdown
55685,55706,0.24779219450109713,0.25150907741861356,0.24818071825039484,0.2444580074766389,557.7392001012842,140.27647165766948,652084.9315064743,6520.849315064743,0.21669492515365604,4.149353034448817,1.0,-4.932658109295161,breakdown
55860,55885,0.24849001966361844,0.2522173699585727,0.2486901459592283,0.24495979376983987,555.7817787034577,140.17781849548356,650737.679616782,6507.37679616782,0.11122654853938466,4.144855151789182,1.0,-5.033628603249797,breakdown
56008,56027,0.2636963277520224,0.2676517726683027,0.26362010122405644,0.2596657997056956,523.355943160572,140.07714592341856,649699.4289657251,6496.994289657251,-0.039893606437481396,4.139612805462607,1.0,-5.179506411900089,breakdown
56101,56106,0.26301722585603543,0.2669624842438759,0.26265860052550966,0.258718721517627,524.3191986006234,139.97355579518057,648638.5773670796,6486.385773670796,-0.18803414589915787,4.134328920181382,1.0,-5.322363066080539,breakdown
56135,56144,0.26304277832891165,0.2669884200038453,0.2628855253489942,0.25894224246875924,523.8695690691173,139.86710853385895,648472.9079137669,6484.729079137669,-0.0823800508242033,4.132767507134947,1.0,-5.21514755795915,breakdown
56335,56346,0.2615261553945599,0.2654490477254783,0.2614011220773361,0.2574801052461761,526.5146241068436,139.76280558269977,650933.7031697008,6509.337031697009,-0.06583187001892048,4.129932883999956,1.0,-5.195764754018876,breakdown
56488,56511,0.27075952579028706,0.2748209186771413,0.2708046424631899,0.2667425728262421,508.1814403352977,139.65889028761939,649785.7248537792,6497.857248537792,0.022927455818909988,4.128192885855591,1.0,-5.105265430036681,breakdown
56543,56560,0.29693238766922,0.30138637348425823,0.2969420000769155,0.29248787007576177,463.04941847779946,139.55678497901866,649823.1132148365,6498.231132148365,0.00445101979358955,4.124897848420608,1.0,-5.120446828627019,breakdown
56602,56621,0.2978661370252053,0.3023341290805834,0.29806877399403725,0.29359774238412667,461.2591256783858,139.4543760424461,652456.0438019255,6524.560438019255,0.09346815107353774,4.123206240269437,1.0,-5.0297380891959,breakdown
56647,56657,0.29894225326626933,0.3034263870652633,0.2988425232167776,0.294359885368526,459.26718051284354,139.35378128066222,651912.2180208295,6519.122180208295,-0.045802738642463356,4.11814393273304,1.0,-5.163946671375504,breakdown
56854,56865,0.3000409948198694,0.30454160974216743,0.2996267708078613,0.2951323692457434,457.24622807742975,139.2505023472347,653788.0081799098,6537.880081799098,-0.18940236706979446,4.1129373589935,1.0,-5.302339726063295,breakdown
56960,56970,0.3286100780806677,0.33353922925187773,0.3285867951966044,0.3236579932686553,417.1756823472065,139.14445555271342,656209.1251438052,6562.091251438052,-0.009713053046133052,4.112498310688449,1.0,-5.122211363734582,breakdown
57069,57081,0.330292038116549,0.3352464186882972,0.3300254330385554,0.32507505154297706,414.7457021896366,139.04201132543872,655886.7469534064,6558.867469534064,-0.11057331027977303,4.107957498634633,1.0,-5.218530808914406,breakdown
57149,57182,0.3304960781051958,0.33545351927677375,0.33090830862209675,0.32594468399276527,414.1785157264267,138.93764070926042,653858.7572907633,6538.587572907633,0.17073702362716253,4.109092307844863,1.0,-4.9383552842177005,breakdown
57396,57427,0.3307625168888895,0.3357239546422228,0.3310510764004502,0.32608531025444343,413.55069152433606,138.83887360357608,654664.5935496505,6546.645935496505,0.11933398555183093,4.105402037475182,1.0,-4.9860680519233505,breakdown
57466,57474,0.33204094296883396,0.33702155711336645,0.3318697185199714,0.3268916727421718,411.6625459536076,138.7391522425376,653899.1623936903,6538.991623936903,-0.07048669254827446,4.09960729791338,1.0,-5.1700939904616545,breakdown
57633,57644,0.3410787626438591,0.346194944083517,0.3410644746044701,0.33594850748540306,400.4557337766421,138.63575036272837,659980.9777098397,6599.809777098397,-0.005721727297759974,4.097522559195806,1.0,-5.103244286493566,breakdown
57806,57825,0.3600629744513374,0.36546391906810743,0.3603109066529701,0.35490624305317553,379.06255104537837,138.5336854769985,660495.8330705195,6604.958330705195,0.09398181283719476,4.0960014161678835,1.0,-5.002019603330689,breakdown
57873,57878,0.3905509343618622,0.3964091983772901,0.39005500304696883,0.3842041780012643,349.2190535729572,138.4336450849319,659452.1612787591,6594.521612787591,-0.1731886644242633,4.089037000130146,1.0,-5.26222566455441,breakdown
58006,58016,0.38999379171728527,0.3958436985930445,0.389537222871485,0.3836941645284127,349.45207177303644,138.3284005716408,658909.3005611605,6589.093005611606,-0.15954892907192267,4.086130920890742,1.0,-5.245679849962665,breakdown
58040,58043,0.3901875903459044,0.39604040420109293,0.38987660765639115,0.38402845854154527,349.0135993913828,138.22348697464156,658202.3263887208,6582.023263887208,-0.10853718781542855,4.083795202517003,1.0,-5.192332390332431,breakdown
58170,58180,0.3880235881982795,0.3938439420212536,0.3878983160842929,0.3820798413430285,350.6963687647157,138.11964032683488,658920.7943682015,6589.207943682015,-0.04393247548256335,4.0816949141535215,1.0,-5.125627389636085,breakdown
58377,58383,0.390152289125385,0.39600457346226575,0.3893616767152322,0.38352125156450373,348.52407529630074,138.01712777904217,660901.2514411724,6609.012514411725,-0.2755474591662928,4.075190761877299,1.0,-5.350738221043592,breakdown
58582,58604,0.3895949594219962,0.3954388838133261,0.389958514630288,0.3841091369108337,348.752028846319,137.9101130146213,658695.8329175384,6586.958329175383,0.12679061648942655,4.078062835048955,1.0,-4.951272218559529,breakdown
58757,58776,0.390128128193342,0.3959800501162421,0.39031566989284755,0.3844609348444548,348.02532988668224,137.81108757025012,662503.4238847718,6625.0342388477175,0.06526926183791845,4.07421315430442,1.0,-5.008943892466502,breakdown
58792,58805,0.4245161924886667,0.4308839353759966,0.42415114956124494,0.41778888231782624,319.6009351618828,137.71090869240078,665707.8005265843,6657.078005265843,-0.11666806097821704,4.068523142407518,1.0,-5.185191203385735,breakdown
58814,58832,0.4244748554342896,0.4308419782658039,0.42456250471315726,0.4181940671424599,319.3913588044979,137.60720486833304,666664.5010357456,6666.645010357456,0.02799442227578081,4.067627941999153,1.0,-5.039633519723372,breakdown
58839,58848,0.42502377948082204,0.4313991361730343,0.42464177145564713,0.4182721448838124,318.7452191438435,137.5064121979386,666849.8180037884,6668.498180037884,-0.1217632316990826,4.06240248348329,1.0,-5.184165715182373,breakdown
59044,59058,0.4552717465066902,0.46210082270429054,0.45474730790885665,0.4479260982902238,297.3436144941951,137.40272888363495,661144.0106613007,6611.440106613008,-0.15593846826010316,4.058825323477624,1.0,-5.214763791737727,breakdown
59130,59144,0.4564740136860287,0.4633211238913191,0.4562879004814892,0.44944358197426687,296.3353633753297,137.29843360780018,661686.5935865664,6616.865935865664,-0.05515192409615511,4.057254502649894,1.0,-5.112406426746049,breakdown
59150,59175,0.45676239206973046,0.4636138279507764,0.45696427919040167,0.45010981500254565,295.9277252054525,137.19618547926527,662923.6739955227,6629.236739955227,0.05974399636850895,4.055955829283418,1.0,-4.996211832914909,breakdown
59240,59248,0.4568819939388957,0.4637352238479791,0.45641895382432646,0.44957266951696156,295.6347807807449,137.09626124260697,663216.7559065038,6632.1675590650375,-0.13689076276337675,4.050052882182401,1.0,-5.186943644945778,breakdown
59307,59317,0.45737541783001373,0.4642360490974639,0.4572837880547169,0.45042453123389614,295.09238379061594,136.99252236970804,661728.7689215211,6617.287689215212,-0.027039248818533777,4.048634481308354,1.0,-5.075673730126888,breakdown
59389,59412,0.5039102603480508,0.5114689142532715,0.5044166979110196,0.4968504474423543,267.64287150268376,136.8910088951055,659588.9088515437,6595.889088515437,0.1355444035898081,4.0480728378303645,1.0,-4.912528434240556,breakdown
59534,59540,0.5058894771272641,0.513477819284173,0.5054967756028336,0.49791432396879104,266.4044155152022,136.7927583264207,661908.1165756334,6619.0811657563345,-0.10461742008783473,4.041566452780083,1.0,-5.146183872867918,breakdown
59609,59624,0.5407575532325923,0.5488689165310812,0.5929789302737598,0.5840842463196534,249.0391248840613,136.68983464896334,661290.0580654549,6612.900580654549,13.005166038572957,4.235171125523324,1.0,7.769994913049633,take_profit
59624,59636,0.5929789302737598,0.6018736142278661,0.5929408276775043,0.5840467152623418,227.45562157432593,136.89953703338534,661332.1297013814,6613.321297013815,-0.008666649714884364,4.046161735231184,1.0,-5.0548283849460685,breakdown
59719,59730,0.5923078302425936,0.6011924476962325,0.5920434332946947,0.5831627817952743,227.45484994618366,136.74413797952542,661944.1894584866,6619.4418945848665,-0.060138368110579175,4.040796583971703,1.0,-5.100934952082283,breakdown
59776,59785,0.5918540626031812,0.6007318735422289,0.5916488344062524,0.5827741018901585,227.45941292372325,136.64211928048374,663294.3987379067,6632.943987379067,-0.046681085188821005,4.037983112209372,1.0,-5.084664197398193,breakdown
59976,59985,0.5910797972132122,0.5999459941714104,0.5906167202290026,0.5817574694255675,227.58786177931353,136.5404259965358,667646.0294321496,6676.460294321496,-0.10539070067549057,4.034096755151024,1.0,-5.139487455826515,breakdown
60131,60139,0.5931360420802652,0.602033082711469,0.5924946201688888,0.5836072008663554,226.6281374985641,136.43763624741922,663122.5936165092,6631.225936165092,-0.14536425312600124,4.0304590312007225,1.0,-5.175823284326723,breakdown
60231,60243,0.5931735819033377,0.6020711856318877,0.5929695926680553,0.5840750487780344,226.44186108765012,136.3341197817327,660681.6543228818,6606.816543228819,-0.04619170207919777,4.028887019495395,1.0,-5.0750787215745925,breakdown
60314,60330,0.6282103733695161,0.6376335289700588,0.6278632513954279,0.6184453026244965,213.65347337890424,136.23261820730121,663261.5030752718,6632.615030752719,-0.0741638154500988,4.025467391259911,1.0,-5.09963120671001,breakdown
60415,60445,0.626798944621886,0.6362009287912143,0.627350818714345,0.6179405564336298,213.97426413981518,136.13062558316702,660944.7513468665,6609.447513468665,0.1180868528317294,4.0253365909649,1.0,-4.907249738133171,breakdown
60497,60508,0.6644293067337873,0.674395746334794,0.6647072501547757,0.654736641402454,201.71016992279928,136.03248058840435,660860.2419904242,6608.602419904242,0.05606401467649703,4.021505411108946,1.0,-4.96544139643245,breakdown
60650,60657,0.6622281780276214,0.6721616006980357,0.661704963554168,0.6517793891008554,202.2328731949429,135.9331717604757,658907.5935166398,6589.075935166398,-0.10581116626365655,4.016142047101385,1.0,-5.121953213365042,breakdown
60686,60691,0.6633968810504449,0.6733478342662015,0.6626093402973509,0.6526702001928906,201.7244665890008,135.8307326962084,661351.9422478873,6613.519422478873,-0.15886623833499974,4.012318465426209,1.0,-5.171184703761209,breakdown
60767,60774,0.68583403623041,0.6961215467738661,0.6851150577811482,0.674838331914431,194.97645149924367,135.72730900213318,661970.4476989029,6619.704476989029,-0.1401838667414792,4.009541843047149,1.0,-5.149725709788628,breakdown
60854,60881,0.681465066386506,0.6916870423823035,0.6833998822812506,0.6731488840470318,196.0775700247631,135.6243144879374,659925.748230972,6599.25748230972,0.37937399908681796,4.0142910382012005,1.0,-4.634917039114383,breakdown
60979,60998,0.6827235286246973,0.6929643815540677,0.6825411787123099,0.6723030610316253,195.58237011144337,135.53161614715512,659731.8234155551,6597.318234155551,-0.035664428054344464,4.00532560935717,1.0,-5.040990037411515,breakdown
61110,61120,0.7334794045892502,0.7444815956580889,0.7316623042245848,0.720687369661216,181.9128869487929,135.43079634640688,655224.1411167543,6552.2414111675425,-0.3305539732119918,3.997922370591186,1.0,-5.328476343803178,breakdown
61137,61182,0.7319134985483593,0.7428922010265846,0.7340159359971109,0.7230056969571542,182.1586316729797,135.32422681953082,656473.1566930857,6564.731566930857,0.3829771288426226,4.005475498889216,1.0,-4.622498370046593,breakdown
61359,61368,0.731521018769017,0.7424938340505521,0.731128997152208,0.7201620621949248,182.13185167396654,135.23177685212988,652502.0769467492,6525.020769467493,-0.07139962296563758,3.99592733626034,1.0,-5.067326959225977,breakdown
61592,61638,0.7289482123312124,0.7398824355161805,0.7302355283191374,0.7192819953943503,182.6377054331224,135.13043031294535,651756.7926232701,6517.567926232701,0.23511243820199054,3.9975295529655037,1.0,-4.7624171147635135,breakdown
61652,61659,0.7324337161523189,0.7434202218946036,0.7315744773754672,0.7206008602148352,181.64044774907177,135.0351819706501,654159.894621722,6541.598946217221,-0.15607251615070364,3.9888465567104516,1.0,-5.144919072861155,breakdown
61781,61817,0.7375464414793171,0.7486096381015068,0.7396885673384274,0.7285932388283509,180.24385036156437,134.93228358919285,651170.8650007035,6511.708650007035,0.3861050128051004,3.9939378881731464,1.0,-4.607832875368047,breakdown
61861,61870,0.7419434171021813,0.753072568358714,0.7413800625761707,0.7302593616375281,179.05329791199694,134.8401269316855,653284.195630042,6532.84195630042,-0.10087048577583504,3.9839094136006183,1.0,-5.0847798993764535,breakdown
61975,62001,0.7383714593732386,0.749447031263837,0.7398800633111606,0.7287818623614932,179.78379486870546,134.73843133369797,655780.9533117196,6557.809533117196,0.2712225409135028,3.986485027779653,1.0,-4.71526248686615,breakdown
62002,62018,0.7741139250083773,0.7857256338835029,0.7741923817623534,0.7625794960359181,171.36277636567974,134.64412608396066,656335.3399074497,6563.353399074497,0.013444567185985001,3.979831010890863,1.0,-4.966386443704878,breakdown
62080,62094,0.7738447901676991,0.7854524620202146,0.7734801926156641,0.7618779897264292,171.2959152346815,134.54479835508656,657628.9755953744,6576.289755953744,-0.06245407136815894,3.9757567363704602,1.0,-5.038210807738619,breakdown
62263,62280,0.767989176818212,0.7795090144704852,0.7675898831889736,0.756076034941139,172.4727124935927,134.44403413893178,654594.3411932159,6545.9434119321595,-0.06886725531615887,3.97268228591701,1.0,-5.041549541233168,breakdown
62363,62370,0.7666183375218871,0.7781176125847153,0.7657289299640082,0.754242996014548,172.65153875884138,134.3432031481071,655803.075759707,6558.03075759707,-0.15355758345153855,3.968431704665186,1.0,-5.121989288116724,breakdown
62495,62499,0.767726765567012,0.7792426670505171,0.7668524596813711,0.7553496727861505,172.27080733458112,134.24076336234478,655173.4967757048,6551.734967757048,-0.15061738077674572,3.9654480307862245,1.0,-5.11606541156297,breakdown
62551,62561,0.765393422175675,0.77687432350831,0.7650088115102619,0.753533679337608,172.66427528245973,134.1384420541135,657618.9553956073,6576.189553956073,-0.06640852180945155,3.9636868885505976,1.0,-5.030095410360049,breakdown
62614,62625,0.7639397381665217,0.7753988342390195,0.7634099157742409,0.7519587670376273,172.86309216269555,134.0378401459063,659257.7402090419,6592.577402090419,-0.09158673702670131,3.960335759907348,1.0,-5.051922496934049,breakdown
62697,62713,0.7633648571743805,0.7748153300319961,0.7630275681001275,0.7515821545786255,172.86287003438187,133.93680169596763,658605.9070057813,6586.059070057813,-0.05830475740661522,3.9578486314753833,1.0,-5.016153388881999,breakdown
62754,62814,0.7636311099692588,0.7750855766187975,0.7688998558863203,0.7573663580480254,172.6731636679822,133.83647862818998,659076.8345030103,6590.768345030103,0.9097710260617736,3.9694045544014687,1.0,-4.059633528339695,timeout
62870,62887,0.7711828419296628,0.7827505845586077,0.770927495954696,0.7593635835153756,170.87855134985006,133.7552859576232,662374.4973232378,6623.7449732323785,-0.04363315029534048,3.9527037083896053,1.0,-4.996336858684946,breakdown
62947,62965,0.774497328775601,0.786114788707235,0.7744148389025058,0.7627986163189683,170.02015626782142,133.6553592204495,661369.1115261157,6613.691115261157,-0.014024941114144231,3.9501943319064257,1.0,-4.96421927302057,breakdown
63001,63024,0.8657479445846509,0.8787341637534205,0.8648915561998165,0.8519181828568192,151.98689244596838,133.5560748349891,662269.4318615041,6622.694318615041,-0.13015980933779833,3.9455177950270985,1.0,-5.075677604364897,breakdown
63193,63207,0.8620504666300334,0.8749812236294838,0.8625267577237308,0.8495888563578748,152.52277155082584,133.4545612829018,660781.9237667795,6607.819237667795,0.07264523767570163,3.9455594701779972,1.0,-4.872914232502295,breakdown
63283,63304,0.8672012354708293,0.8802092540028916,0.868026229186856,0.8550058357490532,151.50613606002108,133.35710299825175,660000.4716631889,6600.004716631889,0.12499161018900876,3.94346412533269,1.0,-4.818472515143681,breakdown
63389,63391,0.8701941531470995,0.8832470654443059,0.8688941305952846,0.8558607186363554,150.8759426004023,133.2607335479489,660335.4643078246,6603.354643078246,-0.19614212790684252,3.9357987611242216,1.0,-5.131940889031064,breakdown
63453,63460,0.8694817681593686,0.882523994681759,0.8687030152708225,0.8556724700417602,150.88325703618463,133.15809473016827,661797.8032238373,6617.978032238373,-0.11750077225017536,3.9339447218202364,1.0,-5.051445494070411,breakdown
63547,63551,0.8708465753979603,0.8839092740289296,0.8698309832124782,0.856783518464291,150.53249211177754,133.05706582028685,662616.7625965637,6626.167625965637,-0.15287962264986468,3.9304279629101098,1.0,-5.083307585559974,breakdown
63580,63587,0.8719034457502932,0.8849819974365475,0.8709713284935859,0.8579067585661821,150.23514608624393,132.95539966857567,661602.1471933296,6616.021471933296,-0.14003677223092664,3.927615694778379,1.0,-5.067652467009306,breakdown
63622,63624,0.8732174966459458,0.886315759095635,0.8724711130707151,0.8593840463746544,149.89471331841713,132.85404661923548,663738.5616148082,6637.385616148082,-0.11187895203478303,3.925042405450576,1.0,-5.036921357485359,breakdown
63741,63779,0.8691798291838955,0.8822175266216539,0.8722945465147498,0.8592101283170286,150.47684293968706,132.7533081920858,662424.7612487536,6624.247612487537,0.46869283059648875,3.9307734917324195,1.0,-4.46208066113593,breakdown
63812,63841,0.8746555083125359,0.8877753409372239,0.8745197190172072,0.8614019232319491,149.43427741393413,132.66406657886307,661115.7755641897,6611.157755641897,-0.02029157522800036,3.9208010424956115,1.0,-4.941092617723612,breakdown
63873,63892,0.8760515155645162,0.8891922882979839,0.8752111824600762,0.8620830147231751,149.08501397403447,132.5652447265086,662974.0712126774,6629.740712126774,-0.12528107261827864,3.9163053571080244,1.0,-5.041586429726303,breakdown
64011,64029,0.956733121800646,0.9710841186276555,0.9544637987192246,0.9401468417384362,136.40879348857436,132.4644129979141,661125.0521060394,6611.250521060394,-0.3095556235724614,3.910560990707914,1.0,-5.220116614280376,breakdown
64103,64109,0.957426132922441,0.9717875249162776,0.9562164824198021,0.941873235183505,136.20262379580527,132.3600106656285,660100.012668942,6601.00012668942,-0.16475757233534544,3.909647178256206,1.0,-5.074404750591551,breakdown
64209,64214,0.9527181651248162,0.9670089376016884,0.9515872272570973,0.9373134188482408,136.77073440358836,132.25852257061666,662096.5702410106,6620.965702410106,-0.15467920273274158,3.906798705671817,1.0,-5.061477908404559,breakdown
64315,64346,0.9515553901753542,0.9658287210279844,0.9900589636325452,0.975208079178057,136.83305345463975,132.15729301244855,662328.978864259,6623.28978864259,5.268561525062467,3.985155309943382,1.0,0.2834062151190855,take_profit
64356,64382,0.9907044969570028,1.0055650644113578,0.9918885413803297,0.9770102132596247,131.43153617226855,132.16296113675094,662920.198747304,6629.20198747304,0.1556207774540582,3.908628729496814,1.0,-4.753007952042756,breakdown
64483,64492,1.033914135268981,1.0494228472980156,1.033384416683038,1.0178836504327924,125.84812815706249,132.06790097771008,662085.4257413032,6620.854257413032,-0.06666409249092921,3.9024847965745106,1.0,-4.9691488890654405,breakdown
64496,64515,1.083530971833279,1.0997839364107782,1.0819283563043367,1.0656994309597716,119.99494958129435,131.96851799992876,663345.8848978805,6633.458848978805,-0.19230576959363832,3.897662743503251,1.0,-5.089968513096889,breakdown
64574,64579,1.0831591022356246,1.0994064887691588,1.0824210377170274,1.066184722151272,119.94355134041302,131.86671862966682,665170.7076253445,6651.707076253445,-0.08852607947890756,3.8962105904728457,1.0,-4.9847366699517535,breakdown
64605,64612,1.084444509466275,1.100711177108269,1.0834069744411396,1.0671558698245225,119.71080755483852,131.76702389626777,665988.9207260007,6659.8892072600065,-0.12420415572537179,3.8927287769626746,1.0,-5.0169329326880465,breakdown
64693,64708,1.0824633634212923,1.0987003138726117,1.0822165456256487,1.065983297441264,119.83857979754801,131.66668523761402,667200.2558079283,6672.002558079283,-0.029578294098692472,3.891182490247062,1.0,-4.920760784345754,breakdown
64754,64777,1.0811755000150722,1.0973931325152981,1.0817664094831787,1.065539913340931,119.89164696189037,131.5682700219271,667089.9606578966,6670.899606578966,0.07084510933665943,3.88978001718962,1.0,-4.81893490785296,breakdown
