time,open,high,low,close,volume
1726704000,10.856925010681152,11.118688583374023,10.856925010681152,11.01356029510498,13447568
1726718400,11.012442588806152,11.144304275512695,10.983880043029785,11.143139839172363,17077616
1726732800,11.144264221191406,11.2719144821167,11.12656307220459,11.271804809570312,11421696
1726747200,11.271588325500488,11.331658363342285,11.193930625915527,11.215534210205078,12921632
1726761600,11.215719223022461,11.389504432678223,11.215719223022461,11.23823070526123,12887200
1726776000,11.236076354980469,11.257621765136719,11.187878608703613,11.205124855041504,4298240
1726790400,11.205842971801758,11.378509521484375,11.136661529541016,11.378509521484375,4264880
1726804800,11.388018608093262,11.714805603027344,11.388018608093262,11.707642555236816,29086896
1726819200,11.707257270812988,11.724723815917969,11.571122169494629,11.634340286254883,2068160
1726833600,11.633394241333008,11.676904678344727,11.469033241271973,11.53528118133545,8813952
1726848000,11.533790588378906,11.54207706451416,11.388029098510742,11.438422203063965,178752
1726862400,11.438485145568848,11.492959022521973,11.41117000579834,11.426663398742676,945584
1726876800,11.427075386047363,11.481597900390625,11.281185150146484,11.2882661819458,1031952
1726891200,11.287468910217285,11.361465454101562,11.228163719177246,11.361465454101562,0
1726905600,11.361204147338867,11.38131046295166,11.321662902832031,11.340934753417969,0
1726920000,11.341176986694336,11.473733901977539,11.338132858276367,11.389189720153809,0
1726934400,11.38902473449707,11.430673599243164,11.336345672607422,11.359265327453613,0
1726948800,11.359906196594238,11.536630630493164,11.342381477355957,11.514772415161133,3517984
1726963200,11.512405395507812,11.535143852233887,11.33273696899414,11.37684154510498,0
1726977600,11.376729965209961,11.413116455078125,11.294388771057129,11.308756828308105,1974016
1726992000,11.309000015258789,11.327041625976562,11.17216968536377,11.235081672668457,6111088
1727006400,11.233997344970703,11.24763298034668,11.047658920288086,11.04879093170166,1247424
1727020800,11.048445701599121,11.148860931396484,10.971787452697754,11.07518482208252,4853712
1727035200,11.073081970214844,11.19031047821045,10.875191688537598,11.129786491394043,18374960
1727049600,11.131733894348145,11.471474647521973,10.972159385681152,11.425483703613281,19706240
1727064000,11.424509048461914,11.46114730834961,11.293824195861816,11.305740356445312,14327328
1727078400,11.307674407958984,11.461082458496094,11.29603385925293,11.427258491516113,10015104
1727092800,11.427511215209961,11.574592590332031,11.359474182128906,11.542290687561035,22641760
1727107200,11.532920837402344,11.581171035766602,11.400979042053223,11.443975448608398,7234304
1727121600,11.442914962768555,11.462738990783691,11.37243366241455,11.398948669433594,4054112
1727136000,11.398322105407715,11.411317825317383,11.218208312988281,11.29914665222168,2631984
1727150400,11.299759864807129,11.479228019714355,11.236038208007812,11.472514152526855,1488528
1727164800,11.472419738769531,11.53044605255127,11.448896408081055,11.507887840270996,4821216
1727179200,11.507986068725586,11.61382007598877,11.369773864746094,11.51807975769043,7521488
1727193600,11.520662307739258,11.845664978027344,11.484560012817383,11.84401798248291,22945840
1727208000,11.848234176635742,12.216399192810059,11.837691307067871,12.16183853149414,48236512
1727222400,12.161380767822266,12.269956588745117,12.12364673614502,12.269956588745117,12739776
1727236800,12.271464347839355,12.27981948852539,12.101550102233887,12.181139945983887,13935008
1727251200,12.180586814880371,12.359472274780273,12.180586814880371,12.319677352905273,14170656
1727265600,12.319079399108887,12.482394218444824,12.284546852111816,12.372654914855957,6949248
1727280000,12.37431812286377,12.53987979888916,12.152153968811035,12.152153968811035,8946368
1727294400,12.151392936706543,12.244661331176758,12.089717864990234,12.111525535583496,0
1727308800,12.111310005187988,12.128645896911621,11.89738941192627,12.066803932189941,2227200
1727323200,12.068122863769531,12.263997077941895,12.014809608459473,12.258939743041992,4256192
1727337600,12.257959365844727,12.331969261169434,12.138690948486328,12.301229476928711,5458848
1727352000,12.298904418945312,12.630311012268066,12.224133491516113,12.61141586303711,41017120
1727366400,12.610856056213379,12.727226257324219,12.531238555908203,12.60876750946045,7467392
1727380800,12.614967346191406,12.641674995422363,12.462176322937012,12.55159854888916,8410496
1727395200,12.551036834716797,12.623312950134277,12.469588279724121,12.622819900512695,3232768
1727409600,12.623331069946289,12.83047866821289,12.623331069946289,12.763938903808594,22802720
1727424000,12.763805389404297,12.826494216918945,12.600764274597168,12.747199058532715,7266784
1727438400,12.744073867797852,12.796632766723633,12.646245002746582,12.733036041259766,518336
1727452800,12.732234001159668,12.870301246643066,12.650999069213867,12.692517280578613,0
1727467200,12.692951202392578,12.748069763183594,12.621246337890625,12.680974960327148,0
1727481600,12.674286842346191,12.847736358642578,12.672669410705566,12.758112907409668,10308032
1727496000,12.75753116607666,12.792594909667969,12.593942642211914,12.593990325927734,0
1727510400,12.592733383178711,12.696916580200195,12.409711837768555,12.667902946472168,2898720
1727524800,12.669075012207031,12.92432689666748,12.601231575012207,12.833890914916992,273120
1727539200,12.834356307983398,12.960870742797852,12.758851051330566,12.916295051574707,0
1727553600,12.917677879333496,12.961787223815918,12.775976181030273,12.943346977233887,4680928
1727568000,12.94615650177002,12.964954376220703,12.701476097106934,12.768101692199707,511296
1727582400,12.766935348510742,12.766935348510742,12.54144287109375,12.54144287109375,295584
1727596800,12.538908004760742,12.631649017333984,12.513378143310547,12.603812217712402,9206832
1727611200,12.603620529174805,12.619396209716797,12.498499870300293,12.603032112121582,1890768
1727625600,12.602996826171875,12.677093505859375,12.524645805358887,12.667742729187012,2244656
1727640000,12.667474746704102,12.697607040405273,12.452921867370605,12.483302116394043,7749456
1727654400,12.480220794677734,12.480220794677734,12.170694351196289,12.263980865478516,19316560
1727668800,12.264281272888184,12.334671020507812,12.203632354736328,12.26610279083252,96176
1727683200,12.265524864196777,12.270218849182129,12.01871109008789,12.084863662719727,20929568
1727697600,12.083893775939941,12.171517372131348,11.970850944519043,11.970850944519043,8951696
1727712000,11.969654083251953,11.995172500610352,11.90931224822998,11.975218772888184,9451312
1727726400,11.97258472442627,12.033425331115723,11.783053398132324,11.85063362121582,6310048
1727740800,11.850171089172363,12.113995552062988,11.82153034210205,12.102934837341309,0
1727755200,12.101216316223145,12.237661361694336,12.094478607177734,12.207640647888184,2640400
1727769600,12.207660675048828,12.222639083862305,12.147627830505371,12.165298461914062,0
1727784000,12.164969444274902,12.164969444274902,11.275888442993164,11.43557357788086,68265184
1727798400,11.433863639831543,11.453649520874023,10.97189998626709,11.072697639465332,88801792
1727812800,11.070019721984863,11.088322639465332,10.949896812438965,11.025368690490723,31844640
1727827200,11.025327682495117,11.23587703704834,11.001421928405762,11.216121673583984,9322144
1727841600,11.21615219116211,11.29896354675293,11.155604362487793,11.250093460083008,3911232
1727856000,11.249832153320312,11.251673698425293,11.023660659790039,11.080479621887207,11570240
1727870400,11.079970359802246,11.079970359802246,10.813785552978516,10.930919647216797,7543040
1727884800,10.93167781829834,11.033096313476562,10.494535446166992,10.611634254455566,23126688
1727899200,10.605838775634766,10.66514778137207,10.497793197631836,10.662192344665527,8888928
1727913600,10.66136646270752,10.802733421325684,10.620132446289062,10.801633834838867,12573952
1727928000,10.811466217041016,10.855033874511719,10.650556564331055,10.651296615600586,7264192
1727942400,10.649975776672363,10.653057098388672,10.388113975524902,10.552334785461426,25608544
1727956800,10.55090618133545,10.603720664978027,10.376497268676758,10.548819541931152,4370560
1727971200,10.547959327697754,10.633140563964844,10.41384506225586,10.633140563964844,0
1727985600,10.633724212646484,10.662043571472168,10.573363304138184,10.650394439697266,0
1728000000,10.649911880493164,10.786972999572754,10.613266944885254,10.732919692993164,0
1728014400,10.732999801635742,10.978357315063477,10.732999801635742,10.974946022033691,2888224
1728028800,10.976019859313965,11.048089027404785,10.933202743530273,10.974288940429688,0
1728043200,10.973809242248535,11.1492280960083,10.923118591308594,11.1492280960083,5487872
1728057600,11.150117874145508,11.223438262939453,11.08328628540039,11.130071640014648,2474080
1728072000,11.13005542755127,11.137160301208496,11.050086975097656,11.068582534790039,73792
1728086400,11.068880081176758,11.136838912963867,11.015909194946289,11.062053680419922,1277168
1728100800,11.061943054199219,11.235208511352539,11.0462646484375,11.212716102600098,0
1728115200,11.213667869567871,11.371879577636719,11.213667869567871,11.314579963684082,0
1728129600,11.313594818115234,11.365386962890625,11.257259368896484,11.346046447753906,0
1728144000,11.344192504882812,11.350590705871582,11.171061515808105,11.171061515808105,0
1728158400,11.170658111572266,11.261728286743164,11.089599609375,11.261728286743164,1004432
1728172800,11.261103630065918,11.303577423095703,11.199027061462402,11.26421070098877,656688
1728187200,11.26417064666748,11.381715774536133,11.247873306274414,11.332647323608398,1815408
1728201600,11.332833290100098,11.339068412780762,11.229483604431152,11.266657829284668,1918656
1728216000,11.26694393157959,11.34108829498291,11.204048156738281,11.294764518737793,11345040
1728230400,11.294965744018555,11.347957611083984,11.212949752807617,11.212949752807617,5292976
1728244800,11.212525367736816,11.295949935913086,11.170476913452148,11.276803016662598,7217360
1728259200,11.276117324829102,11.600013732910156,11.251337051391602,11.583366394042969,28714384
1728273600,11.584646224975586,11.65701675415039,11.53955364227295,11.546802520751953,8439584
1728288000,11.547356605529785,11.584677696228027,11.283757209777832,11.393882751464844,20199312
1728302400,11.394847869873047,11.708135604858398,11.357175827026367,11.517003059387207,24601536
1728316800,11.517374992370605,11.574179649353027,11.23648738861084,11.341020584106445,15900320
1728331200,11.340850830078125,11.357434272766113,11.15123176574707,11.160249710083008,9188640
1728345600,11.16014575958252,11.275714874267578,11.16014575958252,11.213768005371094,0
1728360000,11.214122772216797,11.237983703613281,10.98813533782959,11.036523818969727,7805536
1728374400,11.03620719909668,11.166340827941895,11.001437187194824,11.166340827941895,1763552
1728388800,11.167337417602539,11.169195175170898,10.882440567016602,10.954792976379395,2611664
1728403200,10.953946113586426,11.02426528930664,10.848902702331543,10.896907806396484,948816
1728417600,10.896268844604492,10.953895568847656,10.802423477172852,10.82580852508545,598048
1728432000,10.825905799865723,10.94600772857666,10.77806282043457,10.867181777954102,6959632
1728446400,10.864493370056152,10.90138053894043,10.769079208374023,10.786213874816895,473840
1728460800,10.783432006835938,10.793487548828125,10.674629211425781,10.674629211425781,413120
1728475200,10.670597076416016,10.718868255615234,10.563885688781738,10.70383071899414,6495008
1728489600,10.707344055175781,10.707344055175781,10.565234184265137,10.58942699432373,608336
1728504000,10.589286804199219,10.589286804199219,10.425135612487793,10.52972412109375,9443968
1728518400,10.530431747436523,10.626235008239746,10.51160717010498,10.622078895568848,0
1728532800,10.618904113769531,10.71407699584961,10.618904113769531,10.637056350708008,3998576
1728547200,10.632905960083008,10.649645805358887,10.519898414611816,10.639740943908691,1312864
1728561600,10.642452239990234,10.646299362182617,10.411349296569824,10.601469993591309,4572256
1728576000,10.612347602844238,10.642358779907227,10.272882461547852,10.460931777954102,17834816
1728590400,10.454352378845215,10.549368858337402,10.41551685333252,10.538850784301758,188944
1728604800,10.53982925415039,10.634604454040527,10.508042335510254,10.623147010803223,1479008
1728619200,10.621251106262207,10.672537803649902,10.598650932312012,10.65245246887207,1126272
1728633600,10.650694847106934,10.725111961364746,10.650694847106934,10.682793617248535,0
1728648000,10.680669784545898,10.854463577270508,10.6345853805542,10.854463577270508,10597984
1728662400,10.860093116760254,10.9872465133667,10.849857330322266,10.950610160827637,2854704
1728676800,10.9485445022583,11.01341724395752,10.895182609558105,10.898591995239258,1011200
1728691200,10.902536392211914,11.004961013793945,10.848515510559082,10.863143920898438,1184576
1728705600,10.863126754760742,10.96689510345459,10.863126754760742,10.96689510345459,1018384
1728720000,10.967741012573242,11.116987228393555,10.967741012573242,11.066863059997559,4995680
1728734400,11.066401481628418,11.131446838378906,11.039046287536621,11.07535171508789,0
1728748800,11.075428009033203,11.129624366760254,11.005752563476562,11.023670196533203,0
1728763200,11.023432731628418,11.08105754852295,11.011963844299316,11.016778945922852,1314208
1728777600,11.015140533447266,11.032726287841797,10.953909873962402,10.957860946655273,670800
1728792000,10.957169532775879,11.060038566589355,10.949882507324219,10.977079391479492,339488
1728806400,10.977328300476074,11.027250289916992,10.89470100402832,10.896578788757324,261728
1728820800,10.896174430847168,10.944916725158691,10.654891014099121,10.695943832397461,3102624
1728835200,10.693998336791992,10.748435974121094,10.636842727661133,10.710171699523926,6491024
1728849600,10.710036277770996,10.814562797546387,10.69033432006836,10.73165512084961,5420128
1728864000,10.740418434143066,11.014585494995117,10.616216659545898,11.014585494995117,25348400
1728878400,11.014175415039062,11.022013664245605,10.86577033996582,11.009801864624023,23247200
1728892800,11.011592864990234,11.03450870513916,10.909486770629883,10.996007919311523,7767776
1728907200,10.996611595153809,11.264617919921875,10.985454559326172,11.264617919921875,23880752
1728921600,11.263036727905273,11.306803703308105,11.183778762817383,11.224506378173828,2824688
1728936000,11.224648475646973,11.310973167419434,11.196165084838867,11.264203071594238,1195264
1728950400,11.275029182434082,11.509772300720215,11.27097225189209,11.495447158813477,5373376
1728964800,11.49177074432373,11.564424514770508,11.358503341674805,11.497828483581543,3135040
1728979200,11.494307518005371,11.574455261230469,11.344721794128418,11.344721794128418,17933680
1728993600,11.347603797912598,11.654732704162598,10.964461326599121,11.137853622436523,75046976
1729008000,11.139322280883789,11.400952339172363,11.132285118103027,11.281994819641113,17555776
1729022400,11.282474517822266,11.437362670898438,11.144584655761719,11.436676025390625,9021088
1729036800,11.445429801940918,11.447514533996582,11.285975456237793,11.306071281433105,0
1729051200,11.306212425231934,11.333163261413574,11.16395378112793,11.17784309387207,0
1729065600,11.1770658493042,11.49918270111084,11.175528526306152,11.47286319732666,0
1729080000,11.457054138183594,11.493531227111816,11.128256797790527,11.157798767089844,0
1729094400,11.158539772033691,11.214742660522461,11.094834327697754,11.158842086791992,0
1729108800,11.155482292175293,11.34467887878418,11.155482292175293,11.238662719726562,0
1729123200,11.24239444732666,11.333904266357422,11.206376075744629,11.33069896697998,0
1729137600,11.330972671508789,11.338335990905762,11.107754707336426,11.136168479919434,82784
1729152000,11.141314506530762,11.154154777526855,10.941912651062012,10.949869155883789,8427264
1729166400,10.94898796081543,11.112906455993652,10.943255424499512,11.107648849487305,0
1729180800,11.107491493225098,11.107491493225098,10.871288299560547,11.000134468078613,8303744
1729195200,11.000024795532227,11.05241870880127,10.9979829788208,11.02193546295166,0
1729209600,11.022477149963379,11.264032363891602,10.987382888793945,11.175989151000977,10088768
1729224000,11.173917770385742,11.40105152130127,11.162195205688477,11.40105152130127,3852960
1729238400,11.410601615905762,11.46060848236084,11.364665031433105,11.364665031433105,8381168
1729252800,11.363273620605469,11.468842506408691,11.32850170135498,11.45052433013916,6608208
1729267200,11.450431823730469,11.487415313720703,11.35773754119873,11.417986869812012,1579984
1729281600,11.418655395507812,11.477060317993164,11.382161140441895,11.477060317993164,4318320
1729296000,11.476715087890625,11.587897300720215,11.476293563842773,11.499650955200195,401728
1729310400,11.497814178466797,11.503169059753418,11.392074584960938,11.39211368560791,929824
1729324800,11.392385482788086,11.39918041229248,11.319334030151367,11.319334030151367,0
1729339200,11.309685707092285,11.405216217041016,11.309685707092285,11.378800392150879,0
1729353600,11.378268241882324,11.39597225189209,11.321494102478027,11.355929374694824,0
1729368000,11.355834007263184,11.440690994262695,11.353629112243652,11.421721458435059,0
1729382400,11.421778678894043,11.442326545715332,11.290793418884277,11.331356048583984,0
1729396800,11.33108901977539,11.38903522491455,11.30780029296875,11.374818801879883,670928
1729411200,11.37470817565918,11.672558784484863,11.37470817565918,11.67021369934082,11759840
1729425600,11.672313690185547,11.895216941833496,11.6048002243042,11.889619827270508,40659096
1729440000,11.888219833374023,11.991199493408203,11.831450462341309,11.831450462341309,16278400
1729454400,11.83121109008789,12.015079498291016,11.824821472167969,11.962789535522461,16679472
1729468800,11.969635009765625,12.00851821899414,11.808838844299316,11.861472129821777,11851008
1729483200,11.867059707641602,12.003287315368652,11.85230827331543,11.925034523010254,11578624
1729497600,11.910493850708008,11.949117660522461,11.733518600463867,11.73987865447998,12373232
1729512000,11.738876342773438,11.745516777038574,11.56456470489502,11.636003494262695,0
1729526400,11.636979103088379,11.775439262390137,11.581873893737793,11.774828910827637,6044992
1729540800,11.77405071258545,11.805465698242188,11.697629928588867,11.709382057189941,0
1729555200,11.70968246459961,11.898126602172852,11.624618530273438,11.888866424560547,13793216
1729569600,11.88852596282959,12.17255687713623,11.841843605041504,12.108528137207031,16790016
1729584000,12.108540534973145,12.249972343444824,11.891783714294434,12.172151565551758,44226448
1729598400,12.171507835388184,12.306122779846191,12.075014114379883,12.149279594421387,33119520
1729612800,12.149924278259277,12.149924278259277,11.93912410736084,12.017692565917969,12237600
1729627200,12.016441345214844,12.098809242248535,11.954020500183105,11.966221809387207,4921472
1729641600,11.966084480285645,11.98534107208252,11.736129760742188,11.775100708007812,0
1729656000,11.774947166442871,11.795089721679688,11.60883617401123,11.618844985961914,0
1729670400,11.618209838867188,11.632637977600098,11.370136260986328,11.370707511901855,0
1729684800,11.370720863342285,11.442160606384277,11.256503105163574,11.297489166259766,451184
1729699200,11.30019760131836,11.307549476623535,11.03422737121582,11.225590705871582,14275328
1729713600,11.224844932556152,11.328129768371582,11.200865745544434,11.326855659484863,3189536
1729728000,11.325377464294434,11.514461517333984,11.282390594482422,11.38196849822998,5818912
1729742400,11.381850242614746,11.457098007202148,11.283869743347168,11.283869743347168,831216
1729756800,11.283815383911133,11.390323638916016,11.23129653930664,11.383779525756836,695648
1729771200,11.38352108001709,11.490730285644531,11.382261276245117,11.420226097106934,1853072
1729785600,11.419928550720215,11.504533767700195,11.372742652893066,11.504222869873047,0
1729800000,11.503161430358887,11.619274139404297,11.492024421691895,11.590865135192871,1588784
1729814400,11.592276573181152,12.068648338317871,11.592276573181152,11.904047012329102,26709456
1729828800,11.90390682220459,11.907139778137207,11.662130355834961,11.690218925476074,13778768
1729843200,11.689030647277832,11.85043716430664,11.599329948425293,11.796805381774902,9319536
1729857600,11.798135757446289,11.987128257751465,11.749418258666992,11.814291000366211,15728048
1729872000,11.815801620483398,11.895611763000488,11.409737586975098,11.587944030761719,56082736
1729886400,11.590529441833496,11.73790168762207,10.879280090332031,11.093274116516113,83292416
1729900800,11.092077255249023,11.357816696166992,10.987837791442871,11.340401649475098,22733152
1729915200,11.336047172546387,11.361865043640137,11.127093315124512,11.127093315124512,0
1729929600,11.118231773376465,11.195904731750488,11.07870864868164,11.085431098937988,183040
1729944000,11.085362434387207,11.101381301879883,10.835026741027832,10.847861289978027,466464
1729958400,10.847747802734375,11.000738143920898,10.844405174255371,10.964876174926758,0
1729972800,10.964835166931152,11.069316864013672,10.963330268859863,11.002786636352539,0
1729987200,11.002378463745117,11.02668571472168,10.901701927185059,11.02668571472168,0
1730001600,11.03234577178955,11.032417297363281,10.922451972961426,10.934879302978516,0
1730016000,10.93484115600586,10.95921516418457,10.859214782714844,10.887721061706543,0
1730030400,10.88786792755127,11.092007637023926,10.877492904663086,11.086288452148438,0
1730044800,11.095075607299805,11.141316413879395,10.895296096801758,10.947766304016113,2963552
1730059200,10.948525428771973,11.083940505981445,10.93475341796875,10.980671882629395,5835568
1730073600,10.975299835205078,10.986342430114746,10.779766082763672,10.779766082763672,6699936
1730088000,10.77843952178955,10.996201515197754,10.724833488464355,10.97484016418457,19364224
1730102400,10.973806381225586,11.130003929138184,10.959211349487305,11.101054191589355,7411520
1730116800,11.101309776306152,11.15638256072998,10.837764739990234,10.837764739990234,24866960
1730131200,10.834613800048828,11.051673889160156,10.791008949279785,10.99261474609375,20107408
1730145600,10.993167877197266,11.216361045837402,10.985379219055176,11.178401947021484,20159744
1730160000,11.178098678588867,11.454985618591309,11.155029296875,11.403091430664062,16458720
1730174400,11.404006004333496,11.505263328552246,11.404006004333496,11.468138694763184,4968080
1730188800,11.467493057250977,11.54986572265625,11.46580696105957,11.487765312194824,5728848
1730203200,11.48734188079834,11.542475700378418,11.435521125793457,11.542475700378418,0
1730217600,11.54178524017334,11.723771095275879,11.515817642211914,11.563161849975586,12104176
1730232000,11.558645248413086,11.786309242248535,11.473865509033203,11.786309242248535,3712608
1730246400,11.787964820861816,11.994507789611816,11.683000564575195,11.994507789611816,8308592
1730260800,11.993470191955566,12.120220184326172,11.941863059997559,11.96525764465332,7373232
1730275200,11.962383270263672,12.093650817871094,11.87977409362793,11.968382835388184,15662880
1730289600,11.967257499694824,12.353598594665527,11.946951866149902,12.254666328430176,40727872
1730304000,12.252045631408691,12.28288459777832,12.155000686645508,12.254825592041016,0
1730318400,12.253077507019043,12.433455467224121,12.147886276245117,12.394707679748535,10759392
1730332800,12.393924713134766,12.411263465881348,12.229336738586426,12.38342571258545,2616704
1730347200,12.383731842041016,12.386691093444824,12.112744331359863,12.16295051574707,4132160
1730361600,12.162139892578125,12.174677848815918,12.022046089172363,12.112648010253906,0
1730376000,12.112774848937988,12.139801025390625,11.736995697021484,11.7791109085083,2738112
1730390400,11.779878616333008,11.779878616333008,11.422246932983398,11.422246932983398,5160064
1730404800,11.419310569763184,11.508818626403809,11.336771011352539,11.422303199768066,699040
1730419200,11.420170783996582,11.472150802612305,11.247368812561035,11.37656307220459,5139360
1730433600,11.376665115356445,11.480223655700684,11.27322769165039,11.306926727294922,1467808
1730448000,11.30656909942627,11.361028671264648,11.2633638381958,11.333258628845215,2615552
1730462400,11.332368850708008,11.699472427368164,11.261438369750977,11.349370956420898,28882400
1730476800,11.347989082336426,11.531450271606445,11.300058364868164,11.338327407836914,15275392
1730491200,11.339962005615234,11.372394561767578,11.185053825378418,11.265908241271973,1207072
1730505600,11.261019706726074,11.382861137390137,11.255670547485352,11.289519309997559,0
1730520000,11.29076099395752,11.306509017944336,11.208996772766113,11.263595581054688,1605024
1730534400,11.263422966003418,11.263422966003418,11.170882225036621,11.186928749084473,0
1730548800,11.187481880187988,11.202327728271484,11.101795196533203,11.162346839904785,8652032
1730563200,11.162789344787598,11.197818756103516,11.109086036682129,11.179563522338867,5025056
1730577600,11.179252624511719,11.257430076599121,11.14987564086914,11.174460411071777,236832
1730592000,11.175065994262695,11.214405059814453,10.878169059753418,10.96525764465332,42031296
1730606400,10.965190887451172,11.035880088806152,10.93795394897461,10.990872383117676,2550400
1730620800,10.989700317382812,11.023517608642578,10.924944877624512,10.927680969238281,14022320
1730635200,10.926820755004883,10.935304641723633,10.560037612915039,10.697713851928711,20281504
1730649600,10.698914527893066,10.759305000305176,10.537881851196289,10.703300476074219,9152512
1730664000,10.70629596710205,10.83175277709961,10.678826332092285,10.764156341552734,16853040
1730678400,10.763866424560547,10.884521484375,10.61935043334961,10.801682472229004,8828064
1730692800,10.800504684448242,10.827947616577148,10.629473686218262,10.629473686218262,2085904
1730707200,10.629804611206055,10.693354606628418,10.54395866394043,10.640588760375977,2412864
1730721600,10.641365051269531,10.695752143859863,10.389562606811523,10.404204368591309,1070928
1730736000,10.404547691345215,10.404547691345215,10.265687942504883,10.362181663513184,20507328
1730750400,10.362547874450684,10.362547874450684,10.110285758972168,10.247278213500977,30478448
1730764800,10.247790336608887,10.399008750915527,10.20235824584961,10.399008750915527,2770208
1730779200,10.401464462280273,10.507110595703125,10.401464462280273,10.507110595703125,2973152
1730793600,10.506963729858398,10.607641220092773,10.506963729858398,10.59765911102295,39232
1730808000,10.597535133361816,10.876765251159668,10.579171180725098,10.772734642028809,10202816
1730822400,10.772130012512207,10.921488761901855,10.69947338104248,10.69947338104248,71152
1730836800,10.688708305358887,10.897481918334961,10.6804838180542,10.844111442565918,10476768
1730851200,10.842085838317871,11.711071014404297,10.82515811920166,11.696693420410156,109651840
1730865600,11.69604206085205,11.938652992248535,11.626669883728027,11.783719062805176,94116896
1730880000,11.783551216125488,11.88683795928955,11.579033851623535,11.837418556213379,65858752
1730894400,11.837547302246094,11.883718490600586,11.691118240356445,11.844101905822754,12387872
1730908800,11.843619346618652,11.958539009094238,11.82486629486084,11.958539009094238,11275904
1730923200,11.961495399475098,12.290355682373047,11.959280967712402,12.168517112731934,27810336
1730937600,12.168255805969238,12.675742149353027,12.091339111328125,12.559276580810547,12614208
1730952000,12.560197830200195,12.564587593078613,12.227007865905762,12.305819511413574,0
1730966400,12.305221557617188,12.384847640991211,12.242898941040039,12.242898941040039,0
1730980800,12.240092277526855,12.420873641967773,12.171592712402344,12.420873641967773,0
1730995200,12.424155235290527,12.563149452209473,12.346197128295898,12.555560111999512,23395200
1731009600,12.565518379211426,12.676826477050781,12.483755111694336,12.606698989868164,0
1731024000,12.606480598449707,12.808380126953125,12.55208683013916,12.62778091430664,10117216
1731038400,12.627893447875977,12.855645179748535,12.627893447875977,12.8466215133667,2640672
1731052800,12.845016479492188,13.004096984863281,12.706619262695312,13.003268241882324,29393824
1731067200,13.002527236938477,13.38489818572998,13.002527236938477,13.283442497253418,110678464
1731081600,13.282315254211426,13.569317817687988,13.025766372680664,13.547819137573242,59333984
1731096000,13.54536247253418,13.736578941345215,13.3746337890625,13.71864128112793,34075200
1731110400,13.672344207763672,13.672344207763672,13.31452751159668,13.329543113708496,11245248
1731124800,13.330554962158203,13.714760780334473,13.330554962158203,13.484992027282715,16406592
1731139200,13.490111351013184,13.632157325744629,13.459080696105957,13.632157325744629,0
1731153600,13.631078720092773,13.631078720092773,13.424092292785645,13.51858139038086,10809472
1731168000,13.516763687133789,13.627463340759277,13.344220161437988,13.563103675842285,0
1731182400,13.56259536743164,13.802576065063477,13.480518341064453,13.762983322143555,6263424
1731196800,13.764151573181152,14.029725074768066,13.71284008026123,13.942763328552246,26120768
1731211200,13.943560600280762,14.531889915466309,13.92839527130127,14.477516174316406,147111680
1731225600,14.479459762573242,14.604097366333008,14.412639617919922,14.580427169799805,36933376
1731240000,14.581401824951172,14.730772972106934,14.473809242248535,14.580037117004395,73076224
1731254400,14.580912590026855,14.826093673706055,14.336678504943848,14.394174575805664,98685440
1731268800,14.394773483276367,14.462447166442871,13.74744987487793,14.289470672607422,108722688
1731283200,14.2793607711792,14.542502403259277,14.263167381286621,14.436199188232422,13952128
1731297600,14.437662124633789,14.437662124633789,13.676410675048828,13.83112907409668,21915584
1731312000,13.829543113708496,14.159913063049316,13.816582679748535,14.128507614135742,105894080
1731326400,14.127429962158203,14.435401916503906,13.871896743774414,14.333696365356445,37270144
1731340800,14.332229614257812,14.72768783569336,14.32979965209961,14.569670677185059,47843328
1731355200,14.572102546691895,14.9000825881958,14.372048377990723,14.895793914794922,28064128
1731369600,14.901280403137207,14.910602569580078,14.43162727355957,14.763492584228516,53982464
1731384000,14.764726638793945,14.879300117492676,14.597030639648438,14.832557678222656,3187712
1731398400,14.83359432220459,15.316885948181152,13.88789176940918,14.21523380279541,270273792
1731412800,14.212210655212402,14.295270919799805,13.725944519042969,13.964120864868164,101684224
1731427200,13.961517333984375,14.239763259887695,13.727744102478027,14.159571647644043,0
1731441600,14.159029006958008,14.280545234680176,13.956832885742188,14.004148483276367,0
1731456000,14.003484725952148,14.100172996520996,13.419073104858398,13.51008415222168,0
1731470400,13.507964134216309,13.62018871307373,13.106123924255371,13.396058082580566,27766144
1731484800,13.396535873413086,13.570167541503906,13.27281379699707,13.494438171386719,0
1731499200,13.495349884033203,14.35509204864502,13.380577087402344,14.228699684143066,50909824
1731513600,14.227540016174316,14.334627151489258,13.326725006103516,13.329813957214355,52401920
1731528000,13.325992584228516,13.53741455078125,13.133720397949219,13.47575855255127,40806848
1731542400,13.4768648147583,13.517578125,13.235832214355469,13.463028907775879,0
1731556800,13.463624954223633,13.81222152709961,13.40168571472168,13.638357162475586,12596672
1731571200,13.637494087219238,13.637494087219238,13.180086135864258,13.295212745666504,9364352
1731585600,13.296573638916016,13.491867065429688,12.934861183166504,12.988555908203125,13974336
1731600000,12.97932243347168,13.357281684875488,12.947436332702637,13.281303405761719,0
1731614400,13.28464412689209,13.333914756774902,12.860755920410156,12.971002578735352,32397504
1731628800,12.975194931030273,13.160618782043457,12.877737998962402,13.096453666687012,24565248
1731643200,13.097237586975098,13.282083511352539,12.746542930603027,13.163500785827637,16997120
1731657600,13.16484546661377,13.52621078491211,13.102272033691406,13.489570617675781,7308800
1731672000,13.490421295166016,13.629291534423828,13.176728248596191,13.178418159484863,0
1731686400,13.179230690002441,13.52829360961914,13.179230690002441,13.453604698181152,10246528
1731700800,13.477690696716309,13.884332656860352,13.477690696716309,13.824383735656738,21367680
1731715200,13.825132369995117,14.222492218017578,13.76799201965332,14.222492218017578,28723008
1731729600,14.223000526428223,14.28262996673584,14.01806926727295,14.025278091430664,3237056
1731744000,14.02522087097168,14.414632797241211,14.02522087097168,14.414632797241211,40433088
1731758400,14.41700267791748,14.49941635131836,14.11286735534668,14.151862144470215,43309440
1731772800,14.151591300964355,14.769407272338867,14.10425090789795,14.741140365600586,73638656
1731787200,14.742423057556152,14.76098918914795,14.469732284545898,14.526206016540527,12496064
1731801600,14.526719093322754,14.853736877441406,13.832053184509277,14.1378812789917,89423232
1731816000,14.139132499694824,14.515000343322754,14.08466911315918,14.451001167297363,35763968
1731830400,14.4486722946167,14.516568183898926,14.063103675842285,14.063103675842285,2202432
1731844800,14.061652183532715,14.18953800201416,13.917357444763184,13.917357444763184,0
1731859200,13.917707443237305,14.08299732208252,13.75827693939209,13.854395866394043,0
1731873600,13.854815483093262,13.908834457397461,13.600220680236816,13.778369903564453,501376
1731888000,13.777753829956055,14.331145286560059,13.777753829956055,14.331145286560059,0
1731902400,14.335030555725098,14.856640815734863,14.215156555175781,14.856640815734863,13288800
1731916800,14.856047630310059,14.876482963562012,14.303662300109863,14.303770065307617,29974272
1731931200,14.322914123535156,15.158904075622559,14.277670860290527,15.158904075622559,106835776
1731945600,15.162074089050293,15.956270217895508,14.844526290893555,14.962409019470215,266570432
1731960000,14.959392547607422,15.408241271972656,14.89551067352295,15.220762252807617,58556544
1731974400,15.226066589355469,15.4004487991333,14.931182861328125,15.09858226776123,5648512
1731988800,15.097064018249512,15.097244262695312,14.860992431640625,14.87317180633545,103872
1732003200,14.871928215026855,14.979387283325195,14.684014320373535,14.979387283325195,0
1732017600,14.979581832885742,15.131953239440918,14.64771842956543,14.744324684143066,11584832
1732032000,14.745006561279297,15.006047248840332,14.686554908752441,14.912191390991211,0
1732046400,14.911335945129395,14.971358299255371,14.485088348388672,14.646294593811035,11249024
1732060800,14.639172554016113,14.667486190795898,14.237749099731445,14.41187572479248,22457408
1732075200,14.418819427490234,14.635393142700195,14.300543785095215,14.4861421585083,12711360
1732089600,14.484902381896973,14.915295600891113,14.467609405517578,14.707035064697266,26951616
1732104000,14.706405639648438,15.280155181884766,14.665700912475586,15.013643264770508,50680512
1732118400,15.004212379455566,15.004212379455566,14.074769020080566,14.206533432006836,42956032
1732132800,14.203248023986816,14.523197174072266,14.131401062011719,14.247103691101074,7824384
1732147200,14.245733261108398,14.436592102050781,13.88066577911377,14.173981666564941,9253824
1732161600,14.17344856262207,14.662031173706055,14.167183876037598,14.656383514404297,65463616
1732176000,14.657470703125,14.712459564208984,14.388566017150879,14.626181602478027,7728832
1732190400,14.6259183883667,15.358331680297852,14.620718955993652,14.84010124206543,56624128
1732204800,14.831694602966309,15.14341926574707,14.825468063354492,14.919046401977539,0
1732219200,14.915947914123535,14.991538047790527,14.707759857177734,14.908305168151855,5702592
1732233600,14.912341117858887,15.150798797607422,14.758637428283691,15.146857261657715,73565760
1732248000,15.136801719665527,15.400360107421875,15.075136184692383,15.276284217834473,20539008
1732262400,15.275291442871094,15.34311294555664,14.986967086791992,15.34311294555664,20435136
1732276800,15.345193862915039,15.527904510498047,14.954596519470215,15.415451049804688,31325440
1732291200,15.411810874938965,15.777528762817383,15.212268829345703,15.263042449951172,84253824
1732305600,15.264217376708984,16.552011489868164,15.23664665222168,16.531831741333008,205882048
1732320000,16.537132263183594,17.021453857421875,16.350112915039062,16.768156051635742,158618752
1732334400,16.76822853088379,17.01782989501953,16.500030517578125,17.015317916870117,29047040
1732348800,17.01637840270996,17.185705184936523,16.71190071105957,17.05471420288086,56169472
1732363200,17.04823112487793,17.90205955505371,16.96552276611328,17.90205955505371,90287360
1732377600,17.90044593811035,18.233489990234375,17.345855712890625,17.590452194213867,197723008
1732392000,17.580703735351562,17.772266387939453,17.110380172729492,17.385408401489258,26658176
1732406400,17.38474464416504,18.282127380371094,17.381498336791992,18.078174591064453,43481216
1732420800,18.077775955200195,18.11726188659668,17.613903045654297,17.795682907104492,0
1732435200,17.796470642089844,17.84026527404785,16.767515182495117,16.76778221130371,17969024
1732449600,16.76186180114746,16.854961395263672,16.257308959960938,16.410627365112305,28021632
1732464000,16.408309936523438,17.114099502563477,16.359155654907227,17.02116584777832,0
1732478400,17.017608642578125,18.070960998535156,17.017608642578125,17.946636199951172,40937856
1732492800,17.946636199951172,18.181102752685547,17.43068504333496,17.824674606323242,0
1732507200,17.824411392211914,18.33850860595703,17.820606231689453,18.27027130126953,51684288
1732521600,18.277267456054688,19.003215789794922,18.2656192779541,18.65532112121582,136906752
1732536000,18.655256271362305,18.78756332397461,17.708160400390625,18.640911102294922,90759936
1732550400,18.60584831237793,18.697559356689453,17.671676635742188,17.91067123413086,52719744
1732564800,17.904556274414062,18.162334442138672,17.191099166870117,17.386852264404297,4491264
1732579200,17.35683250427246,17.80042839050293,17.294231414794922,17.60390853881836,1693312
1732593600,17.599872589111328,17.6491641998291,17.189706802368164,17.213987350463867,0
1732608000,17.20362091064453,17.20832633972168,16.255958557128906,16.54008674621582,21111296
1732622400,16.537683486938477,17.459142684936523,16.522178649902344,17.008033752441406,8315008
1732636800,17.005407333374023,17.37308120727539,16.751535415649414,17.011173248291016,2438080
1732651200,17.016298294067383,17.465885162353516,17.00437355041504,17.338848114013672,2560192
1732665600,17.338172912597656,17.5010986328125,17.025819778442383,17.38686752319336,8121600
1732680000,17.380165100097656,18.215106964111328,17.380165100097656,18.1414737701416,92424640
1732694400,18.141550064086914,18.48469352722168,17.93406105041504,18.09944725036621,2365312
1732708800,18.101587295532227,18.249300003051758,17.760778427124023,18.132843017578125,6510784
1732723200,18.123079299926758,18.270166397094727,17.777793884277344,18.0937442779541,22411200
1732737600,18.091733932495117,18.96854019165039,18.081750869750977,18.69670867919922,74547584
1732752000,18.69960594177246,18.69960594177246,17.914520263671875,18.07666778564453,23305536
1732766400,18.075820922851562,18.229339599609375,17.84627342224121,17.851472854614258,0
1732780800,17.8621883392334,18.047800064086914,17.818405151367188,18.032535552978516,343168
1732795200,18.031801223754883,18.059473037719727,17.530717849731445,17.551836013793945,0
1732809600,17.54703140258789,17.95717430114746,17.531356811523438,17.815628051757812,0
1732824000,17.820608139038086,18.04881477355957,17.67972183227539,17.96095085144043,0
1732838400,17.961158752441406,18.04813003540039,17.79669189453125,17.825908660888672,0
1732852800,17.82455825805664,17.82455825805664,17.57450294494629,17.57450294494629,185696
1732867200,17.56936264038086,18.161052703857422,17.55548858642578,18.127229690551758,1015552
1732881600,18.127708435058594,18.37200927734375,17.957950592041016,18.14334487915039,11779616
1732896000,18.139413833618164,18.146495819091797,17.870431900024414,18.08134651184082,9161984
1732910400,18.08359718322754,18.37101936340332,18.043838500976562,18.2898006439209,10231936
1732924800,18.261777877807617,18.494760513305664,17.98229217529297,18.491147994995117,38369440
1732939200,18.491018295288086,18.682710647583008,18.28983497619629,18.62163734436035,40907712
1732953600,18.624547958374023,18.719894409179688,18.14018440246582,18.23517417907715,18423360
1732968000,18.23638153076172,18.919422149658203,18.23638153076172,18.89891242980957,21176064
1732982400,18.898094177246094,19.339078903198242,18.653026580810547,19.329381942749023,69976640
1732996800,19.330236434936523,19.40238380432129,19.022445678710938,19.022445678710938,23213760
1733011200,19.00564956665039,19.068954467773438,18.502708435058594,18.743412017822266,20513728
1733025600,18.742738723754883,18.90143585205078,18.565004348754883,18.660907745361328,6028416
1733040000,18.661283493041992,18.791587829589844,18.55260467529297,18.736003875732422,195840
1733054400,18.73960304260254,18.972572326660156,18.628087997436523,18.846675872802734,676416
1733068800,18.84697723388672,18.909013748168945,18.636743545532227,18.702106475830078,10654592
1733083200,18.705062866210938,19.00489616394043,18.481185913085938,18.889631271362305,21469440
1733097600,18.896873474121094,19.67886734008789,18.896873474121094,18.919574737548828,113832960
1733112000,18.931610107421875,19.955177307128906,18.665950775146484,19.84623146057129,341250880
1733126400,19.840572357177734,20.80854034423828,19.018251419067383,19.73072624206543,1487531520
1733140800,19.729646682739258,21.75481605529785,19.576372146606445,21.720258712768555,3173481728
1733155200,21.732685089111328,23.924362182617188,21.207578659057617,23.90398597717285,1830942720
1733169600,23.81458282470703,26.373817443847656,23.807405471801758,25.074655532836914,1343923712
1733184000,25.090578079223633,25.327438354492188,23.85912322998047,24.261829376220703,297085952
1733198400,24.2559757232666,25.28986358642578,24.080034255981445,24.907115936279297,168461312
1733212800,24.937437057495117,26.0714111328125,24.649789810180664,24.67511749267578,19511296
1733227200,24.653501510620117,24.8715763092041,23.008953094482422,23.901084899902344,0
1733241600,23.925539016723633,24.518054962158203,23.501684188842773,24.376028060913086,0
1733256000,24.368574142456055,25.17987060546875,24.188398361206055,24.21832275390625,0
1733270400,24.199621200561523,24.547826766967773,23.703369140625,24.024551391601562,0
1733284800,24.0208683013916,24.578319549560547,23.969755172729492,24.497243881225586,0
1733299200,24.49135398864746,25.038352966308594,24.07710075378418,24.64324378967285,0
1733313600,24.643848419189453,26.309694290161133,24.138376235961914,25.414379119873047,130008960
1733328000,25.405986785888672,25.422618865966797,24.19382095336914,25.008785247802734,61566464
1733342400,25.00782012939453,25.067386627197266,23.807849884033203,24.10849952697754,20058624
1733356800,24.102519989013672,24.180416107177734,23.112234115600586,23.583955764770508,89679360
1733371200,23.57949447631836,24.323123931884766,23.54954719543457,23.9531307220459,32651520
1733385600,23.946834564208984,24.238662719726562,23.772808074951172,24.23833465576172,1770496
1733400000,24.237810134887695,24.728059768676758,24.096637725830078,24.340723037719727,64142080
1733414400,24.3304500579834,24.565248489379883,23.65915870666504,23.66203498840332,0
1733428800,23.667158126831055,23.950319290161133,23.079423904418945,23.172365188598633,67292416
1733443200,23.195770263671875,24.059173583984375,23.14703941345215,23.975872039794922,28457472
1733457600,24.005739212036133,24.22525978088379,23.808406829833984,23.812801361083984,0
1733472000,23.81428337097168,24.02853012084961,23.186447143554688,23.303321838378906,13135232
1733486400,23.30194091796875,24.109853744506836,22.896303176879883,23.789987564086914,22880640
1733500800,23.800783157348633,24.99295997619629,23.796133041381836,24.99295997619629,45862656
1733515200,24.9836483001709,25.919862747192383,24.911327362060547,25.811050415039062,69865856
1733529600,25.87679100036621,26.766586303710938,25.235382080078125,26.745922088623047,151170048
1733544000,26.726499557495117,26.726499557495117,25.351919174194336,25.374616622924805,173488768
1733558400,25.38031768798828,25.39936065673828,24.82319450378418,24.946453094482422,13528320
1733572800,24.9490966796875,25.14640998840332,24.916698455810547,25.00897789001465,0
1733587200,25.00738525390625,25.00738525390625,24.498241424560547,24.809507369995117,0
1733601600,24.79825782775879,24.906763076782227,24.659013748168945,24.800466537475586,0
1733616000,24.803712844848633,24.997976303100586,24.752283096313477,24.82106590270996,0
1733630400,24.821008682250977,25.53158950805664,24.732471466064453,25.375703811645508,0
1733644800,25.374923706054688,26.706693649291992,25.245832443237305,26.68865203857422,300688576
1733659200,26.654150009155273,27.33694076538086,26.118928909301758,26.2706298828125,398959232
1733673600,26.268953323364258,26.268953323364258,25.5561466217041,25.91005516052246,34429056
1733688000,25.89121437072754,26.572399139404297,25.666250228881836,26.144441604614258,101139840
1733702400,26.14483070373535,27.260875701904297,25.94672966003418,26.636314392089844,461768576
1733716800,26.631973266601562,27.212400436401367,25.702367782592773,26.2691593170166,232166272
1733731200,26.269893646240234,26.269893646240234,24.55714225769043,24.651466369628906,8753664
1733745600,24.662734985351562,25.80333709716797,24.360321044921875,24.37289047241211,10619008
1733760000,24.3741397857666,24.552104949951172,23.652475357055664,23.713783264160156,122613888
1733774400,23.702077865600586,23.702077865600586,20.45658302307129,22.346227645874023,840657664
1733788800,22.344614028930664,22.643722534179688,20.810909271240234,21.578271865844727,1862912
1733803200,21.601728439331055,23.334041595458984,21.19672203063965,22.95652198791504,85742336
1733817600,22.960140228271484,23.69948959350586,22.826766967773438,23.2520694732666,21593600
1733832000,23.25192642211914,23.25192642211914,21.479887008666992,21.479887008666992,30638080
1733846400,21.470109939575195,21.58087158203125,20.40520668029785,21.462533950805664,204489472
1733860800,21.466516494750977,22.423250198364258,21.387277603149414,22.216453552246094,0
1733875200,22.210214614868164,22.48263931274414,21.223386764526367,22.48263931274414,23093760
1733889600,22.47377586364746,22.61081314086914,22.265066146850586,22.30174446105957,0
1733904000,22.295156478881836,22.95936393737793,22.28277015686035,22.79303741455078,0
1733918400,22.799240112304688,24.196657180786133,22.799240112304688,23.907249450683594,26273280
1733932800,23.912551879882812,24.13593292236328,23.49982261657715,23.780778884887695,0
1733947200,23.784465789794922,24.297826766967773,23.731063842773438,24.093076705932617,0
1733961600,24.092308044433594,27.00884437561035,23.964582443237305,26.987520217895508,384420480
1733976000,27.021644592285156,29.368080139160156,27.021644592285156,28.769657135009766,860268672
1733990400,28.774866104125977,29.133132934570312,27.629148483276367,27.83340072631836,287749376
1734004800,27.83041763305664,28.441118240356445,27.5306339263916,28.330842971801758,191182336
1734019200,28.329299926757812,28.443506240844727,26.968141555786133,26.968141555786133,97899520
1734033600,26.9665470123291,29.284948348999023,26.904129028320312,29.284948348999023,580709888
1734048000,29.222166061401367,30.803850173950195,28.336212158203125,30.07684898376465,544511744
1734062400,30.08162498474121,30.224653244018555,28.72616195678711,29.016592025756836,0
1734076800,28.995479583740234,28.995479583740234,28.189090728759766,28.441516876220703,0
1734091200,28.435453414916992,28.512008666992188,27.652374267578125,27.652374267578125,35904000
1734105600,27.657711029052734,28.163190841674805,27.657711029052734,28.1076717376709,56602112
1734120000,28.10546875,29.024141311645508,27.829971313476562,29.024141311645508,0
1734134400,29.0205078125,30.506046295166016,28.894269943237305,29.49153709411621,37206528
1734148800,29.489826202392578,29.766450881958008,29.210391998291016,29.57676124572754,0
1734163200,29.5633602142334,30.26503562927246,29.363208770751953,29.770246505737305,24646528
1734177600,29.77187156677246,30.683542251586914,28.802637100219727,30.43840980529785,201864576
1734192000,30.437307357788086,30.437307357788086,29.007545471191406,29.224594116210938,78996480
1734206400,29.218015670776367,29.607261657714844,28.895931243896484,29.112117767333984,77595904
1734220800,29.11775779724121,29.434906005859375,28.601545333862305,29.350008010864258,0
1734235200,29.33269500732422,29.739694595336914,28.617677688598633,28.737390518188477,74875648
1734249600,28.73732566833496,29.02866554260254,28.593372344970703,28.673065185546875,9620096
1734264000,28.730165481567383,29.255218505859375,28.325647354125977,29.155445098876953,0
1734278400,29.149221420288086,29.514236450195312,28.800193786621094,28.946102142333984,0
1734292800,28.945281982421875,29.51251220703125,28.068986892700195,29.224506378173828,81053952
1734307200,29.23497200012207,29.62027359008789,28.452648162841797,28.628080368041992,33134720
1734321600,28.636856079101562,29.416154861450195,28.482755661010742,29.27495002746582,1186432
1734336000,29.27094268798828,30.7210636138916,28.96609115600586,29.872920989990234,379309056
1734350400,29.890520095825195,30.50795555114746,29.31713104248047,30.31036376953125,242572416
1734364800,30.30633544921875,30.32299041748047,29.34592056274414,29.615489959716797,242678016
1734379200,29.610490798950195,29.71833038330078,28.744182586669922,28.744182586669922,35718656
1734393600,28.745296478271484,28.974647521972656,28.445228576660156,28.780187606811523,9389696
1734408000,28.77939224243164,28.77939224243164,28.10703468322754,28.125812530517578,12405120
1734422400,28.128387451171875,28.798912048339844,27.95625114440918,28.35982322692871,18317824
1734436800,28.361007690429688,28.545425415039062,27.569063186645508,27.569063186645508,0
1734451200,27.572341918945312,28.193574905395508,27.459674835205078,27.731386184692383,0
1734465600,27.730791091918945,28.214208602905273,27.541975021362305,27.824840545654297,25252992
1734480000,27.82785415649414,28.261234283447266,27.538684844970703,27.734079360961914,17252736
1734494400,27.6696720123291,27.6696720123291,26.890756607055664,27.182205200195312,75094912
1734508800,27.18025779724121,27.842639923095703,26.975374221801758,27.842639923095703,0
1734523200,27.843555450439453,27.86778450012207,26.60982322692871,27.101394653320312,0
1734537600,27.096899032592773,27.800756454467773,26.736717224121094,26.736717224121094,49963776
1734552000,26.700849533081055,26.700849533081055,24.803604125976562,24.891292572021484,369441536
1734566400,24.889589309692383,25.230350494384766,23.5899600982666,24.857088088989258,332780544
1734580800,24.85674285888672,24.921913146972656,24.47725486755371,24.899669647216797,25121792
1734595200,24.863998413085938,25.53402328491211,24.55963134765625,25.457923889160156,68427136
1734609600,25.45314598083496,25.45314598083496,23.82910919189453,24.054458618164062,19613952
1734624000,24.054983139038086,24.294952392578125,22.07879638671875,22.140268325805664,255411456
1734638400,22.163978576660156,23.203359603881836,21.83974266052246,22.89216423034668,22203904
1734652800,22.884130477905273,23.633407592773438,22.674606323242188,23.189128875732422,0
1734667200,23.189453125,23.296911239624023,22.228246688842773,22.61810302734375,23094400
1734681600,22.615633010864258,22.615633010864258,20.206106185913086,20.229366302490234,266651904
1734696000,20.210796356201172,22.85944175720215,20.06338119506836,22.777170181274414,299139968
1734710400,22.768077850341797,23.627979278564453,22.482206344604492,23.37141990661621,23414272
1734724800,23.368328094482422,23.580448150634766,22.760787963867188,23.364580154418945,20536320
1734739200,23.364343643188477,23.634492874145508,23.098583221435547,23.101879119873047,7049856
1734753600,23.106420516967773,24.884098052978516,23.106420516967773,24.630229949951172,125947392
1734768000,24.617244720458984,24.664546966552734,23.726465225219727,23.881437301635742,0
1734782400,23.868547439575195,23.868547439575195,22.41609764099121,22.888296127319336,0
1734796800,22.886165618896484,22.886165618896484,21.978561401367188,22.19085693359375,8345216
1734811200,22.196285247802734,22.519329071044922,21.85219383239746,22.126169204711914,2235136
1734825600,22.126245498657227,22.392087936401367,21.936676025390625,22.15388298034668,0
1734840000,22.157711029052734,22.196929931640625,21.609010696411133,21.960365295410156,0
1734854400,21.95940399169922,22.684038162231445,21.95940399169922,22.48596954345703,0
1734868800,22.48320960998535,22.622774124145508,21.621896743774414,21.797441482543945,0
1734883200,21.80062484741211,22.454050064086914,21.658803939819336,21.658803939819336,0
1734897600,21.662221908569336,22.361499786376953,21.378612518310547,22.047758102416992,12055168
1734912000,22.04673957824707,23.194866180419922,21.55217170715332,23.096588134765625,119774656
1734926400,23.095012664794922,23.338790893554688,22.329099655151367,22.566991806030273,72459776
1734940800,22.57270050048828,23.30326271057129,22.57270050048828,23.098430633544922,35537728
1734955200,23.096540451049805,23.292478561401367,22.159923553466797,22.159923553466797,69259968
1734969600,22.155515670776367,23.023666381835938,22.120323181152344,22.879776000976562,94571392
1734984000,22.88115882873535,24.884872436523438,22.88115882873535,24.475378036499023,276193408
1734998400,24.523937225341797,24.524974822998047,23.598125457763672,24.03514289855957,33181184
1735012800,24.048629760742188,24.267356872558594,23.79003143310547,23.894794464111328,0
1735027200,23.8917293548584,24.321271896362305,23.845335006713867,24.078800201416016,21487872
1735041600,24.1002140045166,24.883262634277344,23.82198715209961,24.63903045654297,61978240
1735056000,24.637197494506836,25.365251541137695,24.422039031982422,25.208984375,49621504
1735070400,25.181015014648438,25.93275260925293,24.679100036621094,25.439491271972656,0
1735084800,25.43753433227539,25.441638946533203,24.595457077026367,24.650300979614258,0
1735099200,24.654014587402344,25.070453643798828,24.6070556640625,24.75868034362793,7230080
1735113600,24.7561092376709,25.52446174621582,24.677955627441406,24.677955627441406,50378624
1735128000,24.660694122314453,24.81467628479004,24.495285034179688,24.654987335205078,19576064
1735142400,24.65436363220215,24.68886375427246,24.292211532592773,24.681976318359375,0
1735156800,24.685440063476562,24.71209716796875,24.213247299194336,24.430788040161133,170176
1735171200,24.432756423950195,24.637378692626953,23.899831771850586,23.976116180419922,0
1735185600,23.97233772277832,23.97233772277832,23.411270141601562,23.43075942993164,9040064
1735200000,23.429067611694336,23.429067611694336,22.828027725219727,23.0283145904541,33993856
1735214400,23.02726173400879,23.112611770629883,22.740629196166992,22.800052642822266,15776320
1735228800,22.792097091674805,23.0462703704834,22.608417510986328,22.762189865112305,45778624
1735243200,22.7662353515625,22.834362030029297,22.463027954101562,22.65219497680664,1715392
1735257600,22.652332305908203,23.19487762451172,22.55378532409668,22.988523483276367,26307968
1735272000,22.98696517944336,23.102388381958008,22.490625381469727,22.58345603942871,10817536
1735286400,22.58247184753418,23.619125366210938,22.58247184753418,23.391855239868164,44969792
1735300800,23.391216278076172,23.417652130126953,22.252267837524414,22.281822204589844,23594624
1735315200,22.27777671813965,22.684181213378906,22.0799560546875,22.225645065307617,32515200
1735329600,22.22252082824707,22.22252082824707,21.398128509521484,21.529010772705078,79441152
1735344000,21.536041259765625,21.5902042388916,21.241443634033203,21.38793182373047,9203648
1735358400,21.376262664794922,21.386192321777344,21.06110382080078,21.06110954284668,5341312
1735372800,21.060117721557617,21.378080368041992,21.060117721557617,21.301359176635742,12051520
1735387200,21.301557540893555,21.78435516357422,21.170211791992188,21.467235565185547,37365248
1735401600,21.4682674407959,22.121484756469727,21.374610900878906,21.75489616394043,45735488
1735416000,21.757266998291016,22.27290916442871,21.723346710205078,21.966087341308594,435008
1735430400,21.96441078186035,21.96441078186035,21.634199142456055,21.771142959594727,0
1735444800,21.772705078125,21.860950469970703,21.533872604370117,21.860950469970703,15416192
1735459200,21.863630294799805,21.88336753845215,21.515825271606445,21.515825271606445,0
1735473600,21.512996673583984,21.684497833251953,21.289234161376953,21.460628509521484,0
1735488000,21.445032119750977,21.445032119750977,21.212583541870117,21.243877410888672,0
1735502400,21.241722106933594,21.241722106933594,20.77836799621582,20.938501358032227,10462560
1735516800,20.89665985107422,21.71356964111328,20.865928649902344,21.083969116210938,44372320
1735531200,21.077192306518555,21.322616577148438,20.953649520874023,21.102596282958984,20073568
1735545600,21.111589431762695,21.32532501220703,20.998950958251953,21.199913024902344,24403616
1735560000,21.197059631347656,21.368209838867188,20.106237411499023,20.298145294189453,100700768
1735574400,20.298986434936523,21.124971389770508,20.172584533691406,21.025421142578125,90671296
1735588800,21.02566146850586,21.281822204589844,20.395044326782227,20.583101272583008,20801408
1735603200,20.58077621459961,20.58077621459961,20.2556095123291,20.2556095123291,0
1735617600,20.255020141601562,20.404115676879883,20.20431137084961,20.297361373901367,9632448
1735632000,20.297208786010742,20.819713592529297,20.297208786010742,20.491138458251953,32867392
1735646400,20.49250602722168,21.07358741760254,20.486270904541016,20.859235763549805,568128
1735660800,20.853734970092773,20.853734970092773,20.046550750732422,20.071290969848633,0
1735675200,20.071176528930664,20.121461868286133,19.859813690185547,20.001163482666016,0
1735689600,19.991310119628906,20.183021545410156,19.970035552978516,20.056081771850586,5167424
1735704000,20.055904388427734,20.055904388427734,19.9005184173584,19.960712432861328,1670080
1735718400,19.9597225189209,20.05443572998047,19.70803451538086,20.01284408569336,7257408
1735732800,20.012405395507812,20.470985412597656,19.993745803833008,20.470985412597656,448896
1735747200,20.470685958862305,21.468250274658203,20.399076461791992,21.43210220336914,88531776
1735761600,21.437116622924805,21.771202087402344,21.437116622924805,21.674785614013672,75330112
1735776000,21.673812866210938,22.245967864990234,21.673812866210938,21.867382049560547,101685056
1735790400,21.86585807800293,22.299894332885742,21.834312438964844,22.279157638549805,65079040
1735804800,22.28213882446289,22.718252182006836,22.056093215942383,22.510053634643555,103762816
1735819200,22.517194747924805,22.826824188232422,22.15735626220703,22.17838478088379,103549504
1735833600,22.18169593811035,22.471525192260742,22.087427139282227,22.151710510253906,0
1735848000,22.147281646728516,22.18338394165039,21.858808517456055,22.040437698364258,0
1735862400,22.03818130493164,22.35854148864746,21.924240112304688,22.177867889404297,31393920
1735876800,22.17629623413086,22.215322494506836,21.802953720092773,21.802953720092773,14217792
1735891200,21.802650451660156,22.609554290771484,21.69269561767578,22.609554290771484,0
1735905600,22.60978889465332,23.453449249267578,22.460342407226562,23.453449249267578,39427328
1735920000,23.454103469848633,23.854782104492188,23.382217407226562,23.8089542388916,65503552
1735934400,23.809314727783203,23.809314727783203,23.359546661376953,23.398448944091797,29508736
1735948800,23.406246185302734,23.47664451599121,23.14923667907715,23.214393615722656,6876608
1735963200,23.195690155029297,23.312231063842773,23.05790901184082,23.29435920715332,3239808
1735977600,23.294416427612305,23.294416427612305,22.910541534423828,23.072612762451172,0
1735992000,23.07551383972168,23.85621452331543,23.06502914428711,23.224884033203125,0
1736006400,23.221139907836914,23.7354793548584,23.202106475830078,23.635244369506836,0
1736020800,23.634550094604492,23.9805965423584,23.61278533935547,23.61278533935547,990656
1736035200,23.605886459350586,23.717557907104492,23.276275634765625,23.311317443847656,0
1736049600,23.310819625854492,23.771909713745117,23.310819625854492,23.513303756713867,10103168
1736064000,23.513935089111328,23.51416778564453,23.0759220123291,23.09908676147461,11750208
1736078400,23.09907341003418,23.3399658203125,22.906272888183594,23.290363311767578,3581312
1736092800,23.2879695892334,23.454835891723633,23.163066864013672,23.334379196166992,4938336
1736107200,23.365110397338867,23.699365615844727,23.284799575805664,23.63484001159668,11250784
1736121600,23.608015060424805,24.016481399536133,23.06033706665039,24.016481399536133,81332704
1736136000,24.05401611328125,24.1512393951416,23.528995513916016,23.528995513916016,59064832
1736150400,23.529130935668945,23.7821102142334,23.36707878112793,23.7821102142334,16109376
1736164800,23.786828994750977,24.417001724243164,23.550458908081055,24.318937301635742,162473600
1736179200,24.370269775390625,24.691917419433594,23.833606719970703,23.941513061523438,121426560
1736193600,23.94141960144043,24.053876876831055,23.700742721557617,23.810226440429688,20358912
1736208000,23.726757049560547,23.823366165161133,23.470672607421875,23.534950256347656,11785728
1736222400,23.530006408691406,23.64038848876953,23.368370056152344,23.3929386138916,0
1736236800,23.39413833618164,23.642902374267578,23.12982749938965,23.185264587402344,3396992
1736251200,23.195598602294922,23.355680465698242,21.89152717590332,22.134315490722656,154138880
1736265600,22.129253387451172,22.1372127532959,21.455671310424805,21.47395896911621,29015104
1736280000,21.472684860229492,21.6503849029541,21.27482032775879,21.394777297973633,42533632
1736294400,21.397001266479492,21.675188064575195,21.013418197631836,21.144432067871094,33315200
1736308800,21.14466667175293,21.19257354736328,20.57771110534668,20.90032958984375,53862272
1736323200,20.90076446533203,21.080677032470703,20.646257400512695,20.733936309814453,20341184
1736337600,20.73182487487793,20.915340423583984,20.557504653930664,20.622377395629883,19570048
1736352000,20.621238708496094,20.67212677001953,19.70777702331543,20.25961685180664,102018816
1736366400,20.232601165771484,20.595365524291992,20.070600509643555,20.455177307128906,3696128
1736380800,20.453502655029297,20.69354248046875,20.287242889404297,20.288354873657227,19073472
1736395200,20.287099838256836,20.330745697021484,19.808231353759766,19.812274932861328,2934720
1736409600,19.81183624267578,20.073225021362305,19.748010635375977,19.942468643188477,28600768
1736424000,19.932832717895508,20.282175064086914,19.35738754272461,20.225339889526367,53449216
1736438400,20.214576721191406,20.266969680786133,19.453937530517578,19.532983779907227,0
1736452800,19.50133514404297,19.82643699645996,19.207630157470703,19.645750045776367,24817984
1736467200,19.645477294921875,20.00688934326172,19.645477294921875,19.937829971313477,4747392
1736481600,19.93734359741211,20.48478889465332,19.881174087524414,20.351835250854492,11004608
1736496000,20.35139274597168,20.460220336914062,20.28453826904297,20.35483741760254,0
1736510400,20.35854721069336,20.392566680908203,19.595348358154297,20.013103485107422,43507776
1736524800,20.00943946838379,20.437023162841797,19.826248168945312,20.400453567504883,18520960
1736539200,20.39617156982422,20.39617156982422,20.23476219177246,20.266521453857422,0
1736553600,20.265413284301758,20.275400161743164,19.935842514038086,19.935842514038086,0
1736568000,19.935434341430664,20.071754455566406,19.889236450195312,19.914623260498047,0
1736582400,19.917104721069336,20.219417572021484,19.85542106628418,20.199417114257812,0
1736596800,20.197532653808594,20.197532653808594,19.944856643676758,19.978078842163086,0
1736611200,19.97955322265625,20.014751434326172,19.88752555847168,19.97006607055664,0
1736625600,19.971174240112305,20.660581588745117,19.970346450805664,20.19260597229004,40953760
1736640000,20.2017822265625,20.29555892944336,20.08266830444336,20.20602798461914,4512736
1736654400,20.209857940673828,20.295421600341797,19.991430282592773,20.075977325439453,8950912
1736668800,20.076148986816406,20.100378036499023,19.817155838012695,19.976734161376953,2016128
1736683200,19.96263313293457,20.199054718017578,19.898462295532227,20.135343551635742,30221248
1736697600,20.149024963378906,20.165233612060547,19.99742889404297,20.030994415283203,10625824
1736712000,20.028085708618164,20.07284927368164,19.61425018310547,19.837339401245117,0
1736726400,19.833377838134766,20.373106002807617,19.38962745666504,19.406221389770508,72081920
1736740800,19.389467239379883,19.704334259033203,19.035303115844727,19.09227752685547,40471232
1736755200,19.09332847595215,19.09332847595215,18.125749588012695,18.125749588012695,102055840
1736769600,18.1243896484375,19.044681549072266,18.059986114501953,18.942943572998047,176325056
1736784000,18.940898895263672,18.988237380981445,18.28483772277832,18.489063262939453,55312320
1736798400,18.48796844482422,19.537168502807617,18.42390251159668,19.36130142211914,72425600
1736812800,19.35721206665039,19.548099517822266,19.279247283935547,19.495107650756836,0
1736827200,19.50950050354004,19.732267379760742,19.449722290039062,19.46299934387207,0
1736841600,19.460464477539062,20.224807739257812,19.454370498657227,19.92526626586914,7747648
1736856000,19.926584243774414,20.359159469604492,19.802465438842773,20.215835571289062,6241472
1736870400,20.211071014404297,20.448593139648438,20.009077072143555,20.37477684020996,0
1736884800,20.368316650390625,20.47420310974121,20.218839645385742,20.310041427612305,0
1736899200,20.325937271118164,20.638965606689453,20.244277954101562,20.41135597229004,27105824
1736913600,20.416316986083984,20.78254508972168,20.281845092773438,20.695043563842773,12722208
1736928000,20.700380325317383,20.9478816986084,20.123558044433594,20.27825355529785,21240576
1736942400,20.281984329223633,21.718250274658203,20.186199188232422,21.652021408081055,150655712
1736956800,21.640954971313477,21.819910049438477,21.27662467956543,21.66961097717285,52814976
1736971200,21.659404754638672,22.12403106689453,21.599456787109375,22.1141414642334,63762368
1736985600,22.114198684692383,22.114198684692383,21.5116024017334,21.58983039855957,24871040
1737000000,21.599794387817383,21.80501937866211,21.59488296508789,21.728994369506836,4821632
1737014400,21.730106353759766,22.40374183654785,21.344816207885742,22.40374183654785,73124032
1737028800,22.436023712158203,23.22008514404297,22.286516189575195,23.133520126342773,99152768
1737043200,23.153425216674805,23.69117546081543,23.153425216674805,23.583282470703125,71194624
1737057600,23.5933780670166,23.710351943969727,22.846664428710938,23.005578994750977,12064256
1737072000,23.005475997924805,23.934772491455078,23.005475997924805,23.524394989013672,59164096
1737086400,23.52834701538086,24.23856544494629,23.516666412353516,24.115795135498047,70576384
1737100800,24.1284236907959,24.34778594970703,23.895864486694336,24.12171745300293,16239744
1737115200,24.128408432006836,24.458463668823242,23.94837188720703,24.36536979675293,0
1737129600,24.367172241210938,24.655927658081055,24.25461196899414,24.532054901123047,0
1737144000,24.52346420288086,25.196123123168945,24.52346420288086,25.112756729125977,31051712
1737158400,25.10898780822754,25.60883140563965,24.546777725219727,24.605554580688477,38441920
1737172800,24.597461700439453,24.64423179626465,23.552448272705078,23.841110229492188,77106112
1737187200,23.82326316833496,24.529970169067383,23.557342529296875,24.44248390197754,37701696
1737201600,24.437013626098633,24.685029983520508,23.96986961364746,24.17246437072754,24093760
1737216000,24.1660213470459,24.1660213470459,23.43672752380371,23.908288955688477,47958080
1737230400,23.9113712310791,24.148683547973633,23.57497787475586,24.11290168762207,12944896
1737244800,24.073848724365234,24.50165557861328,23.84348487854004,23.938003540039062,0
1737259200,23.923416137695312,23.923416137695312,23.13620376586914,23.365049362182617,5287040
1737273600,23.363880157470703,23.363880157470703,22.277576446533203,22.31227684020996,97216000
1737288000,22.3165340423584,25.742511749267578,22.3165340423584,25.306461334228516,413572416
1737302400,25.30512046813965,26.557714462280273,25.30512046813965,26.018861770629883,231069440
1737316800,26.019779205322266,26.430686950683594,23.82450294494629,24.2491512298584,597292416
1737331200,24.273317337036133,24.637733459472656,23.489015579223633,24.2677001953125,348973056
1737345600,24.27546501159668,26.326831817626953,24.053499221801758,26.265615463256836,399409408
1737360000,26.273128509521484,26.77670669555664,25.336389541625977,25.54100799560547,58490368
1737374400,25.56566047668457,26.369491577148438,24.736391067504883,25.819385528564453,463875584
1737388800,25.839628219604492,26.306861877441406,24.349790573120117,25.81096076965332,231297536
1737403200,25.806177139282227,25.806177139282227,25.007137298583984,25.068876266479492,0
1737417600,25.070112228393555,25.086780548095703,24.10698890686035,24.50520133972168,0
1737432000,24.50511360168457,24.50511360168457,23.723785400390625,24.019731521606445,0
1737446400,24.031728744506836,26.107675552368164,23.955699920654297,25.588899612426758,167793408
1737460800,25.599794387817383,26.33148956298828,25.49917984008789,25.865062713623047,0
1737475200,25.865896224975586,27.02432632446289,25.827342987060547,26.6534366607666,8445312
1737489600,26.653356552124023,26.83587074279785,26.19271469116211,26.595422744750977,30880512
1737504000,26.614215850830078,26.978302001953125,26.280067443847656,26.280067443847656,1735040
1737518400,26.282630920410156,26.32265281677246,25.739046096801758,25.800046920776367,0
1737532800,25.798812866210938,25.969697952270508,25.61678123474121,25.879901885986328,0
1737547200,25.877351760864258,25.900146484375,25.3754825592041,25.430448532104492,0
1737561600,25.433700561523438,25.649250030517578,25.283052444458008,25.44598388671875,0
1737576000,25.442644119262695,25.574962615966797,25.231618881225586,25.290746688842773,0
1737590400,25.289403915405273,25.289403915405273,24.527917861938477,24.792936325073242,0
1737604800,24.79452133178711,24.798887252807617,24.354854583740234,24.533414840698242,2846400
1737619200,24.53824234008789,24.571514129638672,24.03372573852539,24.451988220214844,14040640
1737633600,24.455047607421875,25.807687759399414,24.13654136657715,25.50075340270996,240981376
1737648000,25.484804153442383,26.08141326904297,24.762285232543945,24.769695281982422,109323072
1737662400,24.779632568359375,25.794153213500977,24.738697052001953,25.651262283325195,169005056
1737676800,25.674449920654297,25.768535614013672,24.967803955078125,25.212736129760742,29038080
1737691200,25.218368530273438,26.277956008911133,25.085330963134766,25.947412490844727,98655872
1737705600,25.942018508911133,26.373376846313477,25.909244537353516,26.169382095336914,56516864
1737720000,26.16438865661621,26.264509201049805,25.7793025970459,26.115678787231445,0
1737734400,26.120798110961914,26.180374145507812,25.728696823120117,25.767065048217773,0
1737748800,25.765419006347656,25.83588981628418,25.15300750732422,25.189668655395508,0
1737763200,25.188884735107422,25.295385360717773,24.853857040405273,25.268823623657227,0
1737777600,25.278615951538086,25.278615951538086,24.950763702392578,24.98708152770996,0
1737792000,24.98828887939453,25.057044982910156,24.753564834594727,24.99999237060547,0
1737806400,24.997909545898438,25.244915008544922,24.77084732055664,25.121889114379883,4105536
1737820800,25.1297664642334,25.332876205444336,24.851959228515625,25.224254608154297,12999136
1737835200,25.224254608154297,25.386058807373047,24.92491912841797,24.92491912841797,0
1737849600,24.925128936767578,25.580663681030273,24.90619468688965,25.546283721923828,11347648
1737864000,25.561288833618164,25.83102798461914,25.49638557434082,25.61623191833496,22001120
1737878400,25.617477416992188,25.79878044128418,25.196027755737305,25.291980743408203,5088608
1737892800,25.292537689208984,25.438350677490234,25.15627670288086,25.438350677490234,6499680
1737907200,25.440614700317383,26.22420883178711,25.317779541015625,26.21107292175293,34357408
1737921600,26.210857391357422,26.354522705078125,24.899673461914062,24.9117431640625,107574368
1737936000,24.90492057800293,25.071624755859375,23.793624877929688,23.979698181152344,144273280
1737950400,23.97866439819336,23.97866439819336,22.49990463256836,22.85550308227539,168691392
1737964800,22.84606170654297,22.851106643676758,22.242324829101562,22.479291915893555,102760320
1737979200,22.478214263916016,24.019304275512695,22.391216278076172,23.753915786743164,213178944
1737993600,23.726303100585938,23.849674224853516,22.845605850219727,23.037628173828125,8893184
1738008000,23.045944213867188,24.320894241333008,23.045944213867188,24.149030685424805,25865344
1738022400,24.160030364990234,24.53029441833496,23.826417922973633,24.311216354370117,848640
1738036800,24.31044578552246,24.622629165649414,24.119794845581055,24.119794845581055,0
1738051200,24.121931076049805,24.174020767211914,23.865644454956055,23.94806671142578,0
1738065600,23.947988510131836,24.099077224731445,23.562732696533203,23.85908317565918,0
1738080000,23.908357620239258,23.908357620239258,23.173542022705078,23.270240783691406,0
1738094400,23.283151626586914,23.36097526550293,22.417539596557617,22.61579704284668,11619840
1738108800,22.6129207611084,23.325035095214844,22.60684585571289,23.23404884338379,7191424
1738123200,23.229637145996094,23.530088424682617,23.1533145904541,23.52799415588379,1653696
1738137600,23.52852439880371,23.571741104125977,23.102384567260742,23.40494155883789,1692672
1738152000,23.414583206176758,23.51436996459961,22.538177490234375,22.75206756591797,32970560
1738166400,22.755910873413086,23.646650314331055,22.405792236328125,23.474994659423828,107605952
1738180800,23.496004104614258,24.413734436035156,23.29769515991211,23.622905731201172,90539456
1738195200,23.63228988647461,24.260696411132812,23.474443435668945,24.251575469970703,13439552
1738209600,24.302127838134766,24.53168296813965,24.211511611938477,24.26223373413086,30689792
1738224000,24.267045974731445,24.69501304626465,24.23093605041504,24.49965476989746,18304640
1738238400,24.494564056396484,25.143497467041016,24.24148941040039,24.93631935119629,19498624
1738252800,24.890573501586914,25.03374481201172,24.639808654785156,24.753175735473633,12650304
1738267200,24.767019271850586,24.781824111938477,24.438636779785156,24.47380828857422,0
1738281600,24.472436904907227,24.815410614013672,24.28276824951172,24.341598510742188,0
1738296000,24.34189796447754,25.31669807434082,24.18621826171875,24.875778198242188,32747520
1738310400,24.874757766723633,25.602144241333008,24.74601936340332,25.602144241333008,34519360
1738324800,25.600872039794922,25.987789154052734,25.41202163696289,25.92929458618164,48561344
1738339200,25.92388153076172,26.263757705688477,24.879867553710938,24.944852828979492,90133440
1738353600,24.938133239746094,25.198410034179688,24.565771102905273,25.148338317871094,47389056
1738368000,25.148941040039062,25.910703659057617,25.11796760559082,25.61820411682129,88870528
1738382400,25.623607635498047,25.783700942993164,25.24950408935547,25.24950408935547,9715456
1738396800,25.247676849365234,25.288482666015625,24.609514236450195,24.745580673217773,21992640
1738411200,24.75316047668457,24.894649505615234,24.323619842529297,24.465909957885742,0
1738425600,24.46630096435547,24.600351333618164,23.579038619995117,23.579038619995117,0
1738440000,23.565500259399414,23.565500259399414,22.837221145629883,23.048139572143555,30333632
1738454400,23.028461456298828,23.29380989074707,22.314546585083008,22.395578384399414,54510336
1738468800,22.396526336669922,22.864294052124023,22.340190887451172,22.65568733215332,48786560
1738483200,22.658069610595703,23.118776321411133,22.135082244873047,22.187877655029297,39581568
1738497600,22.16651153564453,22.41001319885254,21.944316864013672,22.199146270751953,70735616
1738512000,22.195444107055664,22.195444107055664,20.198951721191406,20.768890380859375,305540992
1738526400,20.76039695739746,20.971485137939453,19.608875274658203,20.428348541259766,160598016
1738540800,20.42517852783203,20.436464309692383,16.492420196533203,17.75078010559082,727192832
1738555200,17.705684661865234,19.35634994506836,17.163043975830078,19.35634994506836,275956224
1738569600,19.360389709472656,19.37701988220215,18.501522064208984,18.913368225097656,105041664
1738584000,18.913114547729492,20.607349395751953,18.283334732055664,20.464672088623047,409163776
1738598400,20.443326950073242,21.976768493652344,20.24028205871582,21.896203994750977,136427264
1738612800,21.902677536010742,21.969873428344727,21.099227905273438,21.643417358398438,55842560
1738627200,21.649343490600586,21.685672760009766,20.797842025756836,20.89430809020996,0
1738641600,20.900897979736328,21.06239891052246,19.625680923461914,19.625680923461914,0
1738656000,19.619585037231445,20.72641372680664,19.502771377563477,20.446149826049805,0
1738670400,20.43772315979004,20.909828186035156,20.290180206298828,20.60369873046875,0
1738684800,20.59195327758789,21.254106521606445,20.42529296875,20.580209732055664,0
1738699200,20.442182540893555,20.47422981262207,19.404584884643555,20.063220977783203,10929600
1738713600,20.055419921875,20.24386978149414,19.82890510559082,19.9976806640625,0
1738728000,19.997478485107422,20.048864364624023,19.493385314941406,19.670879364013672,0
1738742400,19.669641494750977,20.042997360229492,19.448711395263672,20.00911521911621,0
1738756800,20.009845733642578,20.067380905151367,19.6036376953125,19.624467849731445,0
1738771200,19.628156661987305,19.65500259399414,19.029869079589844,19.465139389038086,16199168
1738785600,19.46108055114746,19.549402236938477,19.04979133605957,19.204143524169922,0
1738800000,19.204971313476562,19.555877685546875,19.116024017333984,19.516416549682617,0
1738814400,19.516521453857422,19.889583587646484,19.483116149902344,19.698230743408203,0
1738828800,19.69869613647461,19.875755310058594,19.560277938842773,19.753236770629883,4433568
1738843200,19.741025924682617,19.741025924682617,18.637147903442383,18.67325782775879,27289440
1738857600,18.68362808227539,18.825103759765625,18.52862548828125,18.532955169677734,4995456
1738872000,18.53168296813965,18.922740936279297,18.49135971069336,18.594465255737305,15968800
1738886400,18.595123291015625,19.003726959228516,18.595123291015625,18.79462242126465,10132160
1738900800,18.819700241088867,18.95411491394043,18.50192642211914,18.793243408203125,10397696
1738915200,18.792692184448242,19.32085609436035,18.778671264648438,19.26087188720703,13995328
1738929600,19.26966094970703,19.781583786010742,19.06307601928711,19.295368194580078,54538752
1738944000,19.332277297973633,19.36695098876953,18.662309646606445,18.762672424316406,5647040
1738958400,18.759105682373047,18.759105682373047,17.842832565307617,18.38692855834961,33235200
1738972800,18.38922119140625,18.57854461669922,18.23259925842285,18.239116668701172,0
1738987200,18.238439559936523,18.247516632080078,17.977642059326172,18.21396827697754,2485440
1739001600,18.214073181152344,18.214073181152344,17.943416595458984,18.044462203979492,0
1739016000,18.058713912963867,18.193466186523438,17.927637100219727,18.037939071655273,0
1739030400,18.03965950012207,18.42410659790039,17.944482803344727,18.32259178161621,0
1739044800,18.323286056518555,18.526185989379883,18.233224868774414,18.46430778503418,0
1739059200,18.463573455810547,18.953899383544922,18.294958114624023,18.887035369873047,17889728
1739073600,18.899486541748047,18.899486541748047,18.554428100585938,18.751489639282227,2905056
1739088000,18.751569747924805,18.88636589050293,18.596721649169922,18.596721649169922,1279648
1739102400,18.592805862426758,18.766319274902344,18.173843383789062,18.729902267456055,8090496
1739116800,18.731773376464844,18.9072322845459,18.38620948791504,18.388824462890625,1962240
1739131200,18.387651443481445,18.690675735473633,17.49966812133789,18.304838180541992,86280672
1739145600,18.30203628540039,18.588151931762695,17.72367286682129,18.33966636657715,34336736
1739160000,18.33976173400879,18.71712303161621,18.33976173400879,18.672012329101562,25205120
1739174400,18.671802520751953,18.955793380737305,18.65264129638672,18.77547836303711,24015872
1739188800,18.773298263549805,19.08501434326172,18.523723602294922,18.573129653930664,14082304
1739203200,18.574186325073242,18.916244506835938,18.532848358154297,18.808027267456055,14747264
1739217600,18.8129940032959,18.922672271728516,18.657529830932617,18.766422271728516,700544
1739232000,18.76704978942871,19.31684112548828,18.76704978942871,19.275604248046875,0
1739246400,19.279714584350586,19.762359619140625,19.279714584350586,19.643415451049805,26266560
1739260800,19.64255714416504,19.708192825317383,19.370208740234375,19.516645431518555,2944800
1739275200,19.519989013671875,19.542421340942383,18.915992736816406,19.120277404785156,7580064
1739289600,19.117095947265625,19.144102096557617,18.319793701171875,18.449626922607422,34134688
1739304000,18.449140548706055,18.94795799255371,18.449140548706055,18.642303466796875,28667104
1739318400,18.64337921142578,18.850767135620117,18.47877311706543,18.524606704711914,0
1739332800,18.518409729003906,18.67497444152832,18.38094711303711,18.603755950927734,0
1739347200,18.602008819580078,18.727283477783203,18.43976402282715,18.54680824279785,2910432
1739361600,18.547046661376953,18.78158187866211,17.812740325927734,18.1390438079834,156768512
1739376000,18.1352596282959,18.848604202270508,17.992944717407227,18.846391677856445,44068736
1739390400,18.844017028808594,19.44680404663086,18.776447296142578,19.17523765563965,32395968
1739404800,19.180625915527344,19.311153411865234,19.0311222076416,19.221752166748047,6489216
1739419200,19.222105026245117,19.227214813232422,18.771902084350586,18.818801879882812,8295424
1739433600,18.819534301757812,18.87260627746582,18.644365310668945,18.67208480834961,3412736
1739448000,18.67305564880371,18.69367790222168,18.245128631591797,18.51603126525879,2169280
1739462400,18.51413917541504,18.60093879699707,18.26656723022461,18.384679794311523,0
1739476800,18.383039474487305,18.604320526123047,18.36867332458496,18.558338165283203,32096
1739491200,18.558670043945312,18.946767807006836,18.484970092773438,18.94386100769043,0
1739505600,18.942838668823242,18.96332550048828,18.669315338134766,18.793441772460938,0
1739520000,18.792579650878906,19.320556640625,18.713823318481445,19.02979278564453,36705248
1739534400,19.02903938293457,19.577783584594727,18.920927047729492,19.550413131713867,21469952
1739548800,19.551563262939453,19.81140899658203,19.237064361572266,19.50347137451172,34970720
1739563200,19.500200271606445,19.61002540588379,19.192031860351562,19.41385269165039,28769088
1739577600,19.410507202148438,19.58716583251953,19.221736907958984,19.443939208984375,3857312
1739592000,19.43440055847168,19.63015365600586,19.29139518737793,19.2928409576416,13173408
1739606400,19.291790008544922,19.371999740600586,19.07745933532715,19.11587142944336,0
1739620800,19.116397857666016,19.257457733154297,18.918434143066406,18.941499710083008,3847872
1739635200,18.950056076049805,19.03993797302246,18.83254051208496,18.911142349243164,0
1739649600,18.910654067993164,18.985383987426758,18.774084091186523,18.983190536499023,22720
1739664000,18.985492706298828,19.09111785888672,18.73999786376953,18.829301834106445,6669024
1739678400,18.831283569335938,19.23360252380371,18.831283569335938,18.88275909423828,10310992
1739692800,18.88250160217285,19.14595603942871,18.88250160217285,19.14595603942871,1523840
1739707200,19.14605140686035,19.167102813720703,18.75587272644043,18.93073081970215,0
1739721600,18.929439544677734,19.092618942260742,18.62683868408203,18.837509155273438,13448512
1739736000,18.83751678466797,19.00583267211914,18.692258834838867,18.70379638671875,11050672
1739750400,18.70191192626953,18.96623992919922,18.691118240356445,18.822986602783203,4581824
1739764800,18.821434020996094,19.128427505493164,18.505077362060547,18.814891815185547,28115536
1739779200,18.81456184387207,19.464881896972656,18.764358520507812,19.377748489379883,54202176
1739793600,19.378498077392578,19.770816802978516,19.286972045898438,19.286972045898438,59473728
1739808000,19.285018920898438,19.331912994384766,18.768495559692383,19.065603256225586,59900544
1739822400,19.0671329498291,19.47429084777832,19.02069854736328,19.09996795654297,37489152
1739836800,19.100183486938477,19.160659790039062,18.807157516479492,18.826528549194336,17232384
1739851200,18.833391189575195,18.85362434387207,18.107725143432617,18.107725143432617,20208928
1739865600,18.10599708557129,18.260597229003906,17.904447555541992,17.989669799804688,11766624
1739880000,17.993410110473633,18.309703826904297,17.623159408569336,17.686683654785156,10373216
1739894400,17.69719886779785,17.766258239746094,17.317699432373047,17.631908416748047,20322688
1739908800,17.600778579711914,17.879638671875,17.455181121826172,17.832786560058594,11793248
1739923200,17.834131240844727,17.945552825927734,17.55936622619629,17.838224411010742,2776768
1739937600,17.837350845336914,18.096715927124023,17.483476638793945,18.065025329589844,2772544
1739952000,18.056303024291992,18.106895446777344,17.908994674682617,18.106895446777344,5350720
1739966400,18.108598709106445,18.14946746826172,17.7867488861084,17.840782165527344,3153600
1739980800,17.837444305419922,18.02775001525879,17.776851654052734,17.879573822021484,0
1739995200,17.882640838623047,18.044076919555664,17.795955657958984,17.978527069091797,0
1740009600,17.97784423828125,18.346750259399414,17.926326751708984,18.33331871032715,13215552
1740024000,18.334272384643555,18.441316604614258,18.07951545715332,18.143342971801758,2834080
1740038400,18.140796661376953,18.181453704833984,17.852705001831055,18.141456604003906,26049952
1740052800,18.140724182128906,18.342206954956055,17.91459846496582,17.91459846496582,18029024
1740067200,17.912944793701172,18.41493034362793,17.89825439453125,18.33576011657715,20742752
1740081600,18.333993911743164,18.414817810058594,18.161447525024414,18.299560546875,8207904
1740096000,18.299240112304688,18.299240112304688,18.076868057250977,18.09376335144043,0
1740110400,18.09349822998047,18.3876895904541,18.09349822998047,18.263154983520508,4398208
1740124800,18.26323699951172,18.710119247436523,18.24040412902832,18.595191955566406,15139584
1740139200,18.583251953125,19.020143508911133,18.26687240600586,18.37331771850586,76228352
1740153600,18.37709617614746,18.505395889282227,17.162832260131836,17.26772689819336,160864544
1740168000,17.26622772216797,17.43170738220215,17.14979362487793,17.394197463989258,66107840
1740182400,17.397493362426758,17.651647567749023,17.35615348815918,17.455778121948242,31455232
1740196800,17.458730697631836,17.61062240600586,17.456113815307617,17.51274871826172,24157056
1740211200,17.51174545288086,17.678733825683594,17.444658279418945,17.62296485900879,0
1740225600,17.62029457092285,17.796403884887695,17.566761016845703,17.79636001586914,0
1740240000,17.80146598815918,18.015422821044922,17.78940773010254,17.874629974365234,0
1740254400,17.87403678894043,17.87403678894043,17.75285530090332,17.76429557800293,0
1740268800,17.764665603637695,17.87444496154785,17.670377731323242,17.803634643554688,2446272
1740283200,17.805007934570312,18.113412857055664,17.77607536315918,18.11104393005371,5035104
1740297600,18.112974166870117,18.11713981628418,17.755897521972656,17.76459503173828,1105536
1740312000,17.764842987060547,17.823984146118164,17.470151901245117,17.49367904663086,13500640
1740326400,17.4883975982666,17.658357620239258,17.4832706451416,17.545177459716797,0
1740340800,17.5440673828125,17.67027473449707,17.45539093017578,17.637786865234375,6589632
1740355200,17.636138916015625,17.723520278930664,16.88129425048828,16.88129425048828,25136128
1740369600,16.879987716674805,16.938684463500977,16.52176856994629,16.882448196411133,41652256
1740384000,16.880813598632812,16.880813598632812,16.48165512084961,16.694604873657227,45776096
1740398400,16.69286346435547,16.737451553344727,16.101398468017578,16.188613891601562,62785472
1740412800,16.190317153930664,16.47696304321289,15.994318962097168,16.099246978759766,54275712
1740427200,16.10049057006836,16.25555992126465,15.207905769348145,15.243098258972168,183035712
1740441600,15.247766494750977,15.381553649902344,14.952506065368652,15.235376358032227,118187904
1740456000,15.235174179077148,15.240508079528809,14.16609001159668,14.571165084838867,214044352
1740470400,14.565510749816895,14.890032768249512,14.321145057678223,14.839800834655762,160565248
1740484800,14.838739395141602,14.918993949890137,14.45055103302002,14.800647735595703,66492032
1740499200,14.794994354248047,15.019186019897461,14.530961036682129,15.019186019897461,35465472
1740513600,15.028959274291992,15.542109489440918,15.001434326171875,15.294646263122559,36341632
1740528000,15.29322338104248,15.510651588439941,15.112942695617676,15.412412643432617,0
1740542400,15.396862983703613,15.470549583435059,15.196449279785156,15.288819313049316,0
1740556800,15.287442207336426,15.614763259887695,15.180634498596191,15.557671546936035,14160768
1740571200,15.550708770751953,15.692719459533691,15.028069496154785,15.543988227844238,9612736
1740585600,15.546514511108398,15.546514511108398,14.722800254821777,14.900829315185547,65363008
1740600000,14.898702621459961,15.64769172668457,14.731623649597168,15.207530975341797,47120640
1740614400,15.20849323272705,15.394015312194824,15.087307929992676,15.311538696289062,6192768
1740628800,15.290525436401367,15.650130271911621,15.137216567993164,15.646211624145508,12854976
1740643200,15.64310073852539,15.731197357177734,15.452483177185059,15.574786186218262,7971968
1740657600,15.575315475463867,15.705286979675293,15.222647666931152,15.414270401000977,0
1740672000,15.410984992980957,15.447702407836914,15.047679901123047,15.080183982849121,0
1740686400,15.075422286987305,15.17203140258789,14.811763763427734,15.106441497802734,0
1740700800,15.105981826782227,15.140512466430664,13.86630630493164,13.886604309082031,132353248
1740715200,13.873924255371094,13.942481994628906,13.537970542907715,13.635576248168945,69000736
1740729600,13.634115219116211,14.021040916442871,13.47813892364502,13.769146919250488,38629632
1740744000,13.77099323272705,14.692599296569824,13.706432342529297,14.597668647766113,45315456
1740758400,14.601483345031738,14.798392295837402,14.521289825439453,14.747356414794922,18823488
1740772800,14.748318672180176,14.841180801391602,14.615105628967285,14.81452465057373,1227136
1740787200,14.814870834350586,14.90081787109375,14.579704284667969,14.828983306884766,0
1740801600,14.816079139709473,14.98825454711914,14.5306978225708,14.559795379638672,0
1740816000,14.557387351989746,14.817107200622559,14.433858871459961,14.442052841186523,0
1740830400,14.44100570678711,14.541519165039062,14.244714736938477,14.476004600524902,0
1740844800,14.476334571838379,14.877758026123047,14.442361831665039,14.856823921203613,908928
1740859200,14.857955932617188,15.120626449584961,14.788805961608887,14.788805961608887,16170912
1740873600,14.759321212768555,14.879741668701172,14.672353744506836,14.879741668701172,5552480
1740888000,14.874156951904297,14.899502754211426,14.762168884277344,14.762168884277344,0
1740902400,14.762707710266113,14.880017280578613,14.696846008300781,14.771313667297363,0
1740916800,14.771268844604492,15.476824760437012,14.446634292602539,15.313924789428711,99103296
1740931200,15.298460006713867,17.26494026184082,15.298460006713867,16.92790985107422,443690912
1740945600,16.929746627807617,17.45041275024414,16.929746627807617,17.41090965270996,79046848
1740960000,17.3301944732666,17.37139129638672,16.611652374267578,16.774648666381836,46806912
1740974400,16.77858543395996,16.939767837524414,16.162296295166016,16.497278213500977,57822656
1740988800,16.49615478515625,16.49615478515625,16.023208618164062,16.279094696044922,51408448
1741003200,16.27945899963379,16.788877487182617,16.21654510498047,16.349510192871094,61153152
1741017600,16.289566040039062,16.36111831665039,14.782630920410156,14.782630920410156,56162624
1741032000,14.757699012756348,14.869038581848145,14.43610668182373,14.450187683105469,42666432
1741046400,14.44522762298584,14.552021980285645,13.473982810974121,13.829507827758789,89320320
1741060800,13.824982643127441,14.07224178314209,13.757723808288574,13.802486419677734,12012544
1741075200,13.801529884338379,13.899734497070312,13.707645416259766,13.799508094787598,427200
1741089600,13.7976655960083,14.10050106048584,13.418293952941895,13.793194770812988,56190144
1741104000,13.797208786010742,14.504023551940918,13.174100875854492,14.50160026550293,48305728
1741118400,14.504359245300293,15.261197090148926,14.356439590454102,14.882472038269043,75954112
1741132800,14.875732421875,15.064860343933105,14.660155296325684,15.00548267364502,0
1741147200,14.975001335144043,15.421868324279785,14.871003150939941,15.421868324279785,32601408
1741161600,15.446264266967773,16.424814224243164,15.40837287902832,16.073148727416992,249635072
1741176000,16.07059097290039,16.1364803314209,15.594032287597656,15.735998153686523,27107904
1741190400,15.726601600646973,16.39978790283203,15.647092819213867,16.39978790283203,21420672
1741204800,16.390987396240234,16.560726165771484,16.304758071899414,16.462299346923828,277248
1741219200,16.458356857299805,17.30542755126953,16.413772583007812,17.20832061767578,141985728
1741233600,17.21811294555664,17.338726043701172,16.921422958374023,16.921422958374023,39619648
1741248000,16.921422958374023,17.616235733032227,16.89337158203125,17.48638153076172,0
1741262400,17.49310302734375,17.494190216064453,16.667259216308594,17.240142822265625,107515456
1741276800,17.245683670043945,17.306364059448242,16.575048446655273,16.85299301147461,16854656
1741291200,16.817806243896484,17.208677291870117,16.817806243896484,17.0706729888916,49801728
1741305600,17.06431007385254,17.089841842651367,15.950604438781738,16.219396591186523,122806016
1741320000,16.190567016601562,17.131481170654297,16.188201904296875,17.131481170654297,17304576
1741334400,17.143985748291016,17.316232681274414,16.852630615234375,17.14066505432129,20882432
1741348800,17.14272689819336,17.460233688354492,16.84309959411621,16.960464477539062,45195520
1741363200,16.935754776000977,16.946441650390625,16.215906143188477,16.584558486938477,36505728
1741377600,16.60855484008789,16.721248626708984,15.78565788269043,15.938892364501953,48735488
1741392000,15.935873985290527,15.99644947052002,15.501893043518066,15.701111793518066,0
1741406400,15.699560165405273,15.83975887298584,15.555777549743652,15.556379318237305,0
1741420800,15.552865982055664,15.55749225616455,15.289814949035645,15.322301864624023,0
1741435200,15.32140827178955,15.546866416931152,15.227088928222656,15.333507537841797,0
1741449600,15.332277297973633,15.545089721679688,15.157037734985352,15.544777870178223,0
1741464000,15.545378684997559,15.545378684997559,15.219701766967773,15.25107192993164,0
1741478400,15.25296401977539,15.326970100402832,15.038138389587402,15.326970100402832,0
1741492800,15.319355964660645,15.33467960357666,15.126762390136719,15.142033576965332,0
1741507200,15.142425537109375,15.142425537109375,14.659688949584961,14.678009986877441,2593408
1741521600,14.682486534118652,14.688922882080078,14.285595893859863,14.303303718566895,33384608
1741536000,14.304704666137695,14.325496673583984,13.689094543457031,13.995011329650879,69966976
1741550400,13.996706008911133,14.084855079650879,13.660627365112305,13.773541450500488,47902976
1741564800,13.793265342712402,14.205890655517578,13.69819450378418,14.172924995422363,62975264
1741579200,14.172635078430176,14.306882858276367,14.009136199951172,14.070568084716797,34549408
1741593600,14.091606140136719,14.50658893585205,13.851776123046875,14.282736778259277,67230464
1741608000,14.278247833251953,14.32384204864502,13.303337097167969,13.543039321899414,57589888
1741622400,13.499881744384766,13.499881744384766,12.496634483337402,12.774646759033203,52381696
1741636800,12.78493881225586,12.968338966369629,12.630401611328125,12.692466735839844,10764800
1741651200,12.679712295532227,12.78642463684082,11.946789741516113,12.467185974121094,69879424
1741665600,12.462166786193848,12.923720359802246,12.424673080444336,12.721625328063965,42733504
1741680000,12.722869873046875,13.144327163696289,12.696707725524902,13.048991203308105,8802880
1741694400,13.042814254760742,13.043220520019531,12.395493507385254,13.023907661437988,52885056
1741708800,13.017146110534668,13.617499351501465,12.824496269226074,13.586143493652344,31267776
1741723200,13.596833229064941,13.614693641662598,13.09912109375,13.099726676940918,105280
1741737600,13.11079216003418,13.40809154510498,12.871909141540527,12.871909141540527,4311936
1741752000,12.839046478271484,13.070588111877441,12.668883323669434,13.070588111877441,16869760
1741766400,13.078339576721191,13.371734619140625,13.034122467041016,13.371734619140625,9084288
1741780800,13.372123718261719,13.763717651367188,12.827228546142578,13.032800674438477,40737600
1741795200,13.065451622009277,13.332715034484863,13.055028915405273,13.295543670654297,0
1741809600,13.281978607177734,13.498394966125488,13.241360664367676,13.482141494750977,3905856
1741824000,13.484882354736328,13.501819610595703,13.248706817626953,13.297024726867676,922048
1741838400,13.292122840881348,13.316889762878418,13.075931549072266,13.151464462280273,6509408
1741852800,13.140268325805664,13.452317237854004,13.021631240844727,13.399338722229004,0
1741867200,13.408307075500488,13.515568733215332,13.000041007995605,13.004725456237793,0
1741881600,13.004794120788574,13.023842811584473,12.745041847229004,12.834510803222656,0
1741896000,12.831069946289062,13.1644926071167,12.761713981628418,13.027453422546387,690304
1741910400,13.029335021972656,13.339006423950195,13.017389297485352,13.252415657043457,3560352
1741924800,13.255500793457031,13.422513961791992,13.255500793457031,13.362885475158691,0
1741939200,13.360601425170898,14.223435401916504,13.336031913757324,14.084738731384277,371831040
1741953600,14.088172912597656,14.626169204711914,13.991729736328125,14.373475074768066,114646592
1741968000,14.374556541442871,14.646402359008789,14.023645401000977,14.044881820678711,67768384
1741982400,13.951131820678711,13.951131820678711,13.626241683959961,13.678984642028809,106995840
1741996800,13.6751070022583,14.063284873962402,13.668220520019531,14.015869140625,35201216
1742011200,14.018773078918457,14.224701881408691,13.7636079788208,13.796893119812012,23740992
1742025600,13.798543930053711,14.07361125946045,13.782449722290039,14.064033508300781,1572480
1742040000,14.05677604675293,14.120623588562012,13.945929527282715,14.060392379760742,0
1742054400,14.05886459350586,14.148850440979004,13.987508773803711,14.05345630645752,0
1742068800,14.054717063903809,14.147521018981934,14.033476829528809,14.03771686553955,0
1742083200,14.030404090881348,14.030404090881348,13.813454627990723,13.987483024597168,0
1742097600,13.987136840820312,14.159692764282227,13.979576110839844,14.153698921203613,0
1742112000,14.154241561889648,14.164630889892578,13.522750854492188,13.535744667053223,11968528
1742126400,13.532727241516113,13.615854263305664,13.366117477416992,13.495196342468262,11120848
1742140800,13.493453979492188,13.764551162719727,13.41441535949707,13.41441535949707,14082880
1742155200,13.419044494628906,13.486994743347168,13.241847038269043,13.371981620788574,5998880
1742169600,13.371857643127441,13.735505104064941,13.367921829223633,13.712425231933594,5179232
1742184000,13.71125602722168,13.781411170959473,13.529792785644531,13.769798278808594,14816064
1742198400,13.774333953857422,13.867547035217285,13.688543319702148,13.82247543334961,29542016
1742212800,13.83677864074707,13.838988304138184,13.594659805297852,13.781414031982422,14428480
1742227200,13.777228355407715,14.18759822845459,13.679052352905273,14.139196395874023,33400896
1742241600,14.137646675109863,14.208621978759766,13.98258113861084,14.035332679748535,11828576
1742256000,14.033583641052246,14.06810188293457,13.765619277954102,13.82958698272705,2293600
1742270400,13.829068183898926,14.193175315856934,13.821981430053711,14.169632911682129,10865696
1742284800,14.159541130065918,14.223280906677246,13.711088180541992,13.734725952148438,25811392
1742299200,13.728313446044922,13.8179292678833,13.569318771362305,13.601117134094238,0
1742313600,13.602447509765625,13.704460144042969,13.500143051147461,13.704460144042969,5369696
1742328000,13.69715404510498,13.933042526245117,13.599699974060059,13.923291206359863,7520704
1742342400,13.92198657989502,14.05646800994873,13.794673919677734,13.98292350769043,14042656
1742356800,13.983393669128418,13.989490509033203,13.866745948791504,13.866745948791504,0
1742371200,13.860191345214844,14.466550827026367,13.860145568847656,14.448067665100098,44524064
1742385600,14.450039863586426,14.654062271118164,14.334527015686035,14.649206161499023,42108096
1742400000,14.648374557495117,14.648374557495117,14.270694732666016,14.452208518981934,61005664
1742414400,14.45736312866211,15.018197059631348,14.45736312866211,15.014127731323242,66360736
1742428800,15.02723503112793,15.098087310791016,14.724879264831543,14.724903106689453,23534272
1742443200,14.7250394821167,14.7625732421875,14.606717109680176,14.651647567749023,5305344
1742457600,14.64689826965332,14.787727355957031,14.398049354553223,14.491167068481445,0
1742472000,14.486603736877441,14.726472854614258,14.361008644104004,14.374555587768555,3672384
1742486400,14.35705852508545,14.391207695007324,14.10499095916748,14.188663482666016,0
1742500800,14.185474395751953,14.260658264160156,14.124399185180664,14.215149879455566,0
1742515200,14.214385986328125,14.371919631958008,14.144168853759766,14.146126747131348,0
1742529600,14.146635055541992,14.249743461608887,14.077189445495605,14.18492317199707,10144
1742544000,14.185161590576172,14.244983673095703,13.982359886169434,14.055885314941406,0
1742558400,14.05678939819336,14.115958213806152,13.860930442810059,13.879870414733887,10268512
1742572800,13.878901481628418,14.087620735168457,13.848860740661621,13.984925270080566,2835552
1742587200,13.985687255859375,14.161181449890137,13.944255828857422,13.958535194396973,321488
1742601600,13.956469535827637,14.106736183166504,13.950581550598145,14.07241439819336,0
1742616000,14.072233200073242,14.145589828491211,14.064359664916992,14.094833374023438,3584576
1742630400,14.09349536895752,14.277703285217285,14.063675880432129,14.190610885620117,8535120
1742644800,14.190465927124023,14.325080871582031,14.145112991333008,14.231842041015625,0
1742659200,14.231597900390625,14.482114791870117,14.22475528717041,14.45859146118164,6060224
1742673600,14.458695411682129,14.484709739685059,14.1746244430542,14.22669792175293,2096176
1742688000,14.23055648803711,14.428797721862793,14.230463981628418,14.428797721862793,6755616
1742702400,14.431875228881836,14.449779510498047,14.287842750549316,14.317486763000488,4367504
1742716800,14.31435775756836,14.470629692077637,14.272268295288086,14.379375457763672,6759792
1742731200,14.387717247009277,14.46408748626709,14.311078071594238,14.428656578063965,12529616
1742745600,14.429824829101562,14.431259155273438,14.26231861114502,14.372625350952148,2913104
1742760000,14.369765281677246,14.434334754943848,14.256446838378906,14.434334754943848,4380432
1742774400,14.437972068786621,14.673126220703125,14.180994033813477,14.64714527130127,42663440
1742788800,14.649797439575195,15.137616157531738,14.649797439575195,15.047011375427246,55753216
1742803200,15.045700073242188,15.283211708068848,15.040055274963379,15.182889938354492,21733856
1742817600,15.183341979980469,15.32701587677002,15.062131881713867,15.270791053771973,44654688
1742832000,15.221611022949219,15.224305152893066,15.026115417480469,15.167201042175293,27884000
1742846400,15.164506912231445,15.242700576782227,15.015997886657715,15.074090957641602,3954496
1742860800,15.097186088562012,15.238760948181152,14.8952054977417,14.896835327148438,0
1742875200,14.897353172302246,15.235962867736816,14.894848823547363,15.195466041564941,0
1742889600,15.196328163146973,15.483840942382812,15.196328163146973,15.473188400268555,1675136
1742904000,15.45869255065918,15.548173904418945,15.331842422485352,15.34280776977539,4462464
1742918400,15.341041564941406,15.497241020202637,15.307751655578613,15.491025924682617,3836704
1742932800,15.491182327270508,15.581753730773926,15.368142127990723,15.456181526184082,12995520
1742947200,15.453636169433594,15.592864036560059,15.269187927246094,15.283283233642578,2822656
1742961600,15.293559074401855,15.934006690979004,15.293559074401855,15.917500495910645,17961216
1742976000,15.91806697845459,15.989713668823242,15.80884075164795,15.893851280212402,7177152
1742990400,15.891270637512207,15.891270637512207,15.27884292602539,15.286585807800293,32447456
1743004800,15.28520393371582,15.430724143981934,14.986525535583496,15.173470497131348,13248288
1743019200,15.168278694152832,15.29334831237793,15.061156272888184,15.258923530578613,8185856
1743033600,15.25898265838623,15.75389289855957,15.194994926452637,15.715685844421387,20988096
1743048000,15.71536636352539,15.726536750793457,15.534972190856934,15.623842239379883,0
1743062400,15.626378059387207,15.71337604522705,15.519464492797852,15.519464492797852,7591360
1743076800,15.520265579223633,15.771039962768555,15.286121368408203,15.609967231750488,18185728
1743091200,15.573807716369629,15.608173370361328,15.332609176635742,15.510784149169922,146688
1743105600,15.505742073059082,15.658123970031738,15.431113243103027,15.507880210876465,18240
1743120000,15.50808334350586,15.558085441589355,15.27157211303711,15.322616577148438,1482720
1743134400,15.327284812927246,15.371001243591309,14.452977180480957,14.471102714538574,63536448
1743148800,14.472504615783691,14.505667686462402,14.229454040527344,14.35999870300293,26175424
1743163200,14.361663818359375,14.395707130432129,14.175459861755371,14.175459861755371,0
1743177600,14.175259590148926,14.18376350402832,14.030360221862793,14.070120811462402,939328
1743192000,14.068694114685059,14.311789512634277,14.041730880737305,14.244378089904785,13062496
1743206400,14.245131492614746,14.391605377197266,14.095640182495117,14.247851371765137,0
1743220800,14.249605178833008,14.265218734741211,13.882364273071289,13.89516544342041,0
1743235200,13.895645141601562,14.001215934753418,13.567154884338379,13.617326736450195,174592
1743249600,13.618507385253906,13.826188087463379,13.618507385253906,13.636917114257812,0
1743264000,13.634536743164062,13.666865348815918,13.428292274475098,13.538745880126953,17754000
1743278400,13.538793563842773,13.563852310180664,13.403785705566406,13.545899391174316,60880
1743292800,13.548189163208008,13.779397964477539,13.438754081726074,13.7171049118042,14318208
1743307200,13.714021682739258,13.767156600952148,13.61797046661377,13.676596641540527,797728
1743321600,13.67789363861084,13.84221076965332,13.670308113098145,13.718986511230469,0
1743336000,13.725456237792969,13.769018173217773,13.500056266784668,13.613792419433594,6428688
1743350400,13.608936309814453,13.68365478515625,13.425873756408691,13.61602783203125,997840
1743364800,13.616100311279297,13.616100311279297,13.225685119628906,13.387337684631348,19798784
1743379200,13.388053894042969,13.506861686706543,13.150787353515625,13.245872497558594,11811536
1743393600,13.24518871307373,13.432757377624512,13.158308982849121,13.177437782287598,19293008
1743408000,13.17831039428711,13.294153213500977,12.989548683166504,13.236300468444824,28082960
1743422400,13.239253997802734,13.660541534423828,13.158458709716797,13.61375617980957,44816192
1743436800,13.612298965454102,13.693950653076172,13.438780784606934,13.55700969696045,8738720
1743451200,13.536304473876953,13.627498626708984,13.45761775970459,13.512476921081543,2430336
1743465600,13.511556625366211,13.742218017578125,13.50388240814209,13.620665550231934,1704288
1743480000,13.621346473693848,13.761641502380371,13.593316078186035,13.735865592956543,0
1743494400,13.7361421585083,14.050765037536621,13.7361421585083,13.956040382385254,14884064
1743508800,13.958772659301758,14.352594375610352,13.751421928405762,14.300761222839355,21990944
1743523200,14.300357818603516,14.365882873535156,14.13072681427002,14.17101764678955,17298976
1743537600,14.173308372497559,14.24400806427002,14.042898178100586,14.042898178100586,13207360
1743552000,14.042954444885254,14.042964935302734,13.68197250366211,13.740412712097168,18276672
1743566400,13.741209030151367,13.751181602478027,13.362319946289062,13.3915433883667,64798304
1743580800,13.390844345092773,13.678799629211426,13.344000816345215,13.496427536010742,5371776
1743595200,13.496697425842285,14.157611846923828,13.411916732788086,14.081958770751953,75199712
1743609600,14.078436851501465,14.138004302978516,13.761226654052734,14.004403114318848,20404896
1743624000,14.004145622253418,14.279702186584473,12.839881896972656,12.934733390808105,158997472
1743638400,12.933629035949707,13.294169425964355,12.886204719543457,13.203224182128906,34959808
1743652800,13.20189094543457,13.253730773925781,12.898694038391113,12.957195281982422,1663104
1743667200,12.95623779296875,13.055520057678223,12.717385292053223,12.812541007995605,11871616
1743681600,12.814924240112305,12.814924240112305,12.333205223083496,12.536075592041016,78294080
1743696000,12.536346435546875,12.69639778137207,12.43958568572998,12.650301933288574,6056256
1743710400,12.645965576171875,12.88144302368164,12.624303817749023,12.878987312316895,0
1743724800,12.880438804626465,12.927879333496094,12.68847370147705,12.723084449768066,0
1743739200,12.721244812011719,13.087833404541016,12.62034797668457,13.068730354309082,9598176
1743753600,13.069809913635254,13.16978931427002,12.390446662902832,12.520622253417969,43869792
1743768000,12.52356243133545,12.8859224319458,12.455377578735352,12.775065422058105,13963296
1743782400,12.77392864227295,13.029592514038086,12.688824653625488,12.911416053771973,13372896
1743796800,12.912433624267578,13.057877540588379,12.88056468963623,12.934463500976562,24800
1743811200,12.935369491577148,13.017162322998047,12.848146438598633,12.848403930664062,4160896
1743825600,12.848555564880371,12.905997276306152,12.792475700378418,12.87863540649414,0
1743840000,12.878166198730469,13.028091430664062,12.837518692016602,12.890894889831543,0
1743854400,12.890559196472168,12.907508850097656,12.582469940185547,12.620731353759766,0
1743868800,12.620991706848145,12.709997177124023,12.609617233276367,12.614119529724121,0
1743883200,12.614811897277832,12.84783935546875,12.614638328552246,12.846222877502441,537760
1743897600,12.848052978515625,12.928258895874023,12.723273277282715,12.77139663696289,64112
1743912000,12.772120475769043,12.815153121948242,12.636757850646973,12.653714179992676,566448
1743926400,12.6534423828125,12.687744140625,12.558524131774902,12.597864151000977,777040
1743940800,12.599042892456055,12.633514404296875,12.105841636657715,12.319231986999512,32235056
1743955200,12.320210456848145,12.322927474975586,11.476500511169434,11.574877738952637,111598448
1743969600,11.57529067993164,11.613446235656738,11.03101921081543,11.25341510772705,100214816
1743984000,11.256495475769043,11.48540210723877,10.858015060424805,10.883773803710938,74099392
1743998400,10.88715648651123,11.103111267089844,10.199275016784668,10.373946189880371,189933024
1744012800,10.3646879196167,10.899927139282227,10.336405754089355,10.694239616394043,117549824
1744027200,10.69504451751709,11.788344383239746,10.675371170043945,11.300137519836426,265827520
1744041600,11.299576759338379,11.457674980163574,11.129886627197266,11.358498573303223,15449856
1744056000,11.353768348693848,11.644543647766113,11.339783668518066,11.451391220092773,53184
1744070400,11.449886322021484,11.841011047363281,11.39016056060791,11.62141227722168,3543168
1744084800,11.622814178466797,11.834303855895996,11.548287391662598,11.593286514282227,0
1744099200,11.592910766601562,11.766955375671387,11.467059135437012,11.761957168579102,13888704
1744113600,11.760491371154785,11.844194412231445,11.396601676940918,11.420463562011719,0
1744128000,11.421222686767578,11.423210144042969,10.874016761779785,10.898589134216309,0
1744142400,10.897743225097656,11.046402931213379,10.811546325683594,10.90865707397461,16109216
1744156800,10.907255172729492,10.970606803894043,10.48478889465332,10.686004638671875,31444736
1744171200,10.688555717468262,11.480998992919922,10.688555717468262,11.408008575439453,100965056
1744185600,11.404379844665527,11.444258689880371,11.13428020477295,11.167135238647461,26430464
1744200000,11.167287826538086,11.440305709838867,11.070219993591309,11.363187789916992,8141760
1744214400,11.363680839538574,12.728188514709473,11.363680839538574,12.580057144165039,189473664
1744228800,12.58115005493164,12.799691200256348,12.58115005493164,12.657185554504395,7389824
1744243200,12.656753540039062,12.656753540039062,12.195117950439453,12.280264854431152,0
1744257600,12.282700538635254,12.481441497802734,12.252825736999512,12.315847396850586,0
1744272000,12.31605052947998,12.418259620666504,12.2879056930542,12.375374794006348,0
1744286400,12.380912780761719,12.54655933380127,11.808981895446777,11.841743469238281,39391744
1744300800,11.84273910522461,12.058349609375,11.730441093444824,12.05661678314209,22686208
1744315200,12.040776252746582,12.104734420776367,11.991548538208008,12.075382232666016,0
1744329600,12.074419021606445,12.424125671386719,12.041070938110352,12.361512184143066,8453824
1744344000,12.362678527832031,12.494474411010742,12.329410552978516,12.410386085510254,2702368
1744358400,12.408858299255371,12.67879867553711,12.342470169067383,12.45995044708252,21514144
1744372800,12.460331916809082,12.630038261413574,12.421401977539062,12.543962478637695,987584
1744387200,12.54481315612793,12.790068626403809,12.46805191040039,12.709338188171387,124640
1744401600,12.709324836730957,12.869418144226074,12.615047454833984,12.661953926086426,3776096
1744416000,12.647171020507812,12.662673950195312,12.483787536621094,12.548117637634277,0
1744430400,12.548229217529297,12.765098571777344,12.509556770324707,12.760927200317383,0
1744444800,12.762716293334961,12.920166015625,12.6853609085083,12.750611305236816,0
1744459200,12.749852180480957,13.245548248291016,12.727095603942871,13.114442825317383,11372176
1744473600,13.112868309020996,13.166397094726562,12.981298446655273,13.087223052978516,5188304
1744488000,13.087862014770508,13.268476486206055,13.087862014770508,13.14670181274414,5651696
1744502400,13.146954536437988,13.205605506896973,13.003667831420898,13.046512603759766,7184512
1744516800,13.046158790588379,13.047532081604004,12.881553649902344,12.92705249786377,3677792
1744531200,12.926254272460938,13.144529342651367,12.805933952331543,12.805933952331543,23000096
1744545600,12.806249618530273,12.884698867797852,12.62257194519043,12.693694114685059,6817056
1744560000,12.690980911254883,13.189921379089355,12.561842918395996,12.665379524230957,31949824
1744574400,12.665263175964355,12.778281211853027,12.480489730834961,12.623799324035645,18524416
1744588800,12.624311447143555,13.078038215637207,12.60749626159668,12.76841926574707,32332832
1744603200,12.768692970275879,12.882988929748535,12.615055084228516,12.71789264678955,10724352
1744617600,12.718538284301758,13.224221229553223,12.712799072265625,13.144859313964844,13696576
1744632000,13.14497184753418,13.200790405273438,12.710076332092285,12.725972175598145,15306976
1744646400,12.726358413696289,12.991537094116211,12.680093765258789,12.850760459899902,5923552
1744660800,12.853068351745605,12.865896224975586,12.592437744140625,12.623077392578125,0
1744675200,12.622685432434082,12.734192848205566,12.56563949584961,12.731781005859375,0
1744689600,12.731147766113281,12.769444465637207,12.628446578979492,12.725272178649902,2083936
1744704000,12.72588062286377,12.772517204284668,12.546150207519531,12.58591365814209,2308928
1744718400,12.586339950561523,12.804559707641602,12.329730987548828,12.350015640258789,22605184
1744732800,12.351998329162598,12.434404373168945,12.300397872924805,12.377067565917969,7453536
1744747200,12.376886367797852,12.431139945983887,12.230541229248047,12.23603630065918,6052672
1744761600,12.231480598449707,12.405597686767578,12.207287788391113,12.386835098266602,2934272
1744776000,12.387520790100098,12.420220375061035,12.156912803649902,12.156912803649902,0
1744790400,12.1578950881958,12.26384162902832,12.07060718536377,12.167317390441895,8513568
1744804800,12.167387962341309,12.50837516784668,12.07590389251709,12.338424682617188,938944
1744819200,12.332879066467285,12.434759140014648,11.972757339477539,12.411979675292969,42648160
1744833600,12.40748119354248,12.486248970031738,12.294301986694336,12.357083320617676,4755968
1744848000,12.357111930847168,12.489297866821289,12.32125473022461,12.377330780029297,93216
1744862400,12.377431869506836,12.668158531188965,12.362403869628906,12.592872619628906,11301120
1744876800,12.593198776245117,12.606005668640137,12.407110214233398,12.447158813476562,5277568
1744891200,12.44654369354248,12.517971992492676,12.219315528869629,12.454129219055176,0
1744905600,12.452239036560059,12.687071800231934,12.40291690826416,12.473898887634277,12055808
1744920000,12.481036186218262,12.604463577270508,12.481036186218262,12.517549514770508,57200
1744934400,12.530006408691406,12.560115814208984,12.420562744140625,12.556222915649414,2742208
1744948800,12.558145523071289,12.672929763793945,12.539742469787598,12.64614486694336,2810976
1744963200,12.64473819732666,12.70651626586914,12.609562873840332,12.63481330871582,253232
1744977600,12.634432792663574,12.634432792663574,12.479848861694336,12.507833480834961,148512
1744992000,12.507716178894043,12.63469123840332,12.507716178894043,12.623909950256348,0
1745006400,12.625547409057617,12.63656997680664,12.5242919921875,12.562503814697266,2720
1745020800,12.56144905090332,12.7559232711792,12.5470609664917,12.726540565490723,2067296
1745035200,12.725824356079102,12.86887264251709,12.721378326416016,12.848336219787598,4598064
1745049600,12.848771095275879,12.908660888671875,12.759366035461426,12.759366035461426,1133600
1745064000,12.759652137756348,12.826607704162598,12.73072338104248,12.74975299835205,856368
1745078400,12.750386238098145,12.982656478881836,12.71462631225586,12.940557479858398,10809616
1745092800,12.940006256103516,13.027233123779297,12.919417381286621,12.936899185180664,3088640
1745107200,12.936532020568848,13.032137870788574,12.922452926635742,13.027543067932129,4107488
1745121600,13.027661323547363,13.085671424865723,12.895102500915527,12.966973304748535,5674768
1745136000,12.966889381408691,13.113268852233887,12.890036582946777,12.902231216430664,26301152
1745150400,12.903055191040039,13.187043190002441,12.903055191040039,13.109450340270996,20799440
1745164800,13.108708381652832,13.436502456665039,13.092391014099121,13.43366527557373,15111984
1745179200,13.41435432434082,13.564539909362793,13.262696266174316,13.27574634552002,29060512
1745193600,13.283323287963867,13.621003150939941,13.276769638061523,13.531808853149414,39177584
1745208000,13.530741691589355,13.641083717346191,13.475122451782227,13.641083717346191,12165760
1745222400,13.640310287475586,13.678594589233398,13.40245532989502,13.44857120513916,1639392
1745236800,13.449087142944336,13.556184768676758,13.352304458618164,13.356599807739258,15431200
1745251200,13.3639554977417,13.37352466583252,12.997299194335938,13.141539573669434,24251648
1745265600,13.141312599182129,13.141312599182129,13.027777671813965,13.10658073425293,124448
1745280000,13.104141235351562,13.283136367797852,12.960843086242676,13.117928504943848,0
1745294400,13.118281364440918,13.308749198913574,13.02819538116455,13.27802562713623,9333472
1745308800,13.278301239013672,13.485511779785156,13.263888359069824,13.454825401306152,15286848
1745323200,13.454602241516113,14.048030853271484,13.437901496887207,13.812132835388184,74718688
1745337600,13.815671920776367,13.902020454406738,13.751056671142578,13.86549186706543,2375520
1745352000,13.862597465515137,14.148863792419434,13.804156303405762,14.138944625854492,52616896
1745366400,14.137526512145996,14.409958839416504,14.045028686523438,14.409834861755371,45983392
1745380800,14.41625690460205,14.709701538085938,14.375009536743164,14.709701538085938,38215296
1745395200,14.739686965942383,15.127891540527344,14.716344833374023,15.009086608886719,39933760
1745409600,15.008563995361328,15.223796844482422,14.63662338256836,14.835855484008789,28744768
1745424000,14.835325241088867,15.028103828430176,14.750140190124512,14.85617733001709,5204928
1745438400,14.856518745422363,15.13164234161377,14.856518745422363,15.005465507507324,4063424
1745452800,15.005775451660156,15.083629608154297,14.587714195251465,14.587714195251465,1126336
1745467200,14.587956428527832,14.597530364990234,14.299196243286133,14.317824363708496,8461792
1745481600,14.317790031433105,14.438375473022461,14.184618949890137,14.421764373779297,33632
1745496000,14.422812461853027,15.111536979675293,14.3896484375,14.887616157531738,0
1745510400,14.886191368103027,15.052886962890625,14.749369621276855,14.966483116149902,4923616
1745524800,14.967145919799805,15.087276458740234,14.880881309509277,15.043388366699219,4913600
1745539200,15.045170783996582,15.175824165344238,14.737391471862793,14.976329803466797,7792320
1745553600,14.977273941040039,15.250442504882812,14.917295455932617,15.120925903320312,6459136
1745568000,15.123624801635742,15.27524471282959,15.004415512084961,15.115608215332031,17987488
1745582400,15.116883277893066,15.333536148071289,14.860246658325195,15.201079368591309,45358144
1745596800,15.200030326843262,15.236029624938965,14.965478897094727,15.051621437072754,1837600
1745611200,15.052720069885254,15.072408676147461,14.928825378417969,14.929201126098633,63584
1745625600,14.929311752319336,15.238121032714844,14.929311752319336,15.102572441101074,2651744
1745640000,15.102917671203613,15.204426765441895,14.989941596984863,15.131945610046387,0
1745654400,15.128740310668945,15.18515396118164,14.772943496704102,14.779685020446777,5107424
1745668800,14.778727531433105,14.933531761169434,14.727187156677246,14.932854652404785,0
1745683200,14.932327270507812,14.947036743164062,14.812727928161621,14.867682456970215,0
1745697600,14.87576675415039,14.955101013183594,14.822148323059082,14.875073432922363,1548960
1745712000,14.873430252075195,15.071998596191406,14.644808769226074,14.745881080627441,19174000
1745726400,14.747618675231934,14.834057807922363,14.468815803527832,14.556266784667969,15158464
1745740800,14.556336402893066,14.657697677612305,14.530241966247559,14.547187805175781,0
1745755200,14.54665470123291,14.625296592712402,14.433671951293945,14.491990089416504,6386336
1745769600,14.491679191589355,14.798815727233887,14.42606258392334,14.798815727233887,5743584
1745784000,14.800894737243652,14.812808990478516,14.580841064453125,14.588237762451172,10757280
1745798400,14.587503433227539,14.856049537658691,14.28701114654541,14.856049537658691,12045632
1745812800,14.854877471923828,15.024444580078125,14.766218185424805,15.023011207580566,16711392
1745827200,15.022178649902344,15.091629028320312,14.847190856933594,14.976773262023926,32219392
1745841600,14.975963592529297,14.975963592529297,14.477234840393066,14.512470245361328,22715872
1745856000,14.51998519897461,15.004321098327637,14.464725494384766,14.965391159057617,26993024
1745870400,14.964725494384766,15.097922325134277,14.819544792175293,15.01732349395752,6291488
1745884800,15.018298149108887,15.223679542541504,14.961938858032227,15.071243286132812,2331488
1745899200,15.071112632751465,15.192024230957031,14.880081176757812,15.187108993530273,5431808
1745913600,15.18733024597168,15.215571403503418,15.033472061157227,15.033472061157227,0
1745928000,15.033498764038086,15.03526782989502,14.876241683959961,14.915841102600098,1606304
1745942400,14.914932250976562,14.990092277526855,14.807857513427734,14.878890991210938,1541088
1745956800,14.874726295471191,14.883417129516602,14.50295352935791,14.613883018493652,6510336
1745971200,14.61408805847168,14.732157707214355,14.542637825012207,14.731460571289062,2892448
1745985600,14.730989456176758,14.730989456176758,14.483973503112793,14.521758079528809,0
1746000000,14.524256706237793,14.665069580078125,14.483814239501953,14.620532035827637,0
1746014400,14.622367858886719,14.63403034210205,13.886187553405762,14.146048545837402,48339856
1746028800,14.146126747131348,14.36159896850586,14.020712852478027,14.242167472839355,5526176
1746043200,14.24108600616455,14.419421195983887,14.223637580871582,14.292972564697266,6167328
1746057600,14.292631149291992,14.6514892578125,14.292631149291992,14.538318634033203,4380704
1746072000,14.539315223693848,14.740092277526855,14.493327140808105,14.73934268951416,8901568
1746086400,14.73868179321289,15.003682136535645,14.72516918182373,14.985833168029785,28915424
1746100800,14.986493110656738,15.02544116973877,14.754633903503418,14.867952346801758,16783936
1746115200,14.867785453796387,15.003439903259277,14.845528602600098,14.86660099029541,14987232
1746129600,14.86709213256836,14.941252708435059,14.744893074035645,14.75255012512207,6860224
1746144000,14.751108169555664,14.99643325805664,14.721636772155762,14.886744499206543,13539264
1746158400,14.886472702026367,14.886472702026367,14.578696250915527,14.578696250915527,15607776
1746172800,14.578351020812988,14.744674682617188,14.566810607910156,14.603865623474121,0
1746187200,14.603593826293945,14.854443550109863,14.532583236694336,14.768609046936035,14454432
1746201600,14.77038860321045,15.009608268737793,14.638564109802246,14.651044845581055,6746816
1746216000,14.651741981506348,14.796332359313965,14.588298797607422,14.661189079284668,0
1746230400,14.661639213562012,14.662239074707031,14.514504432678223,14.540448188781738,12544
1746244800,14.540116310119629,14.546782493591309,14.380338668823242,14.410320281982422,0
1746259200,14.408884048461914,14.418275833129883,14.30005931854248,14.317138671875,2560496
1746273600,14.317496299743652,14.523887634277344,14.315577507019043,14.440849304199219,0
1746288000,14.439473152160645,14.439473152160645,14.208162307739258,14.370180130004883,2708512
1746302400,14.370943069458008,14.438887596130371,14.251896858215332,14.260686874389648,1829328
1746316800,14.259560585021973,14.354082107543945,14.183263778686523,14.214600563049316,4918976
1746331200,14.213095664978027,14.250679016113281,14.096769332885742,14.112736701965332,780016
1746345600,14.113825798034668,14.122881889343262,14.004071235656738,14.047941207885742,3612176
1746360000,14.048774719238281,14.16854190826416,14.023921966552734,14.118219375610352,4418336
1746374400,14.114758491516113,14.118120193481445,13.987792015075684,14.018285751342773,1793408
1746388800,14.020031929016113,14.174954414367676,13.84748363494873,13.859807014465332,8148928
1746403200,13.859687805175781,14.011213302612305,13.818547248840332,13.896520614624023,12400080
1746417600,13.890920639038086,14.15429973602295,13.876716613769531,14.108509063720703,982992
1746432000,14.108353614807129,14.120163917541504,13.68676471710205,13.754502296447754,20575408
1746446400,13.751448631286621,13.8028564453125,13.553987503051758,13.573305130004883,47210144
1746460800,13.570323944091797,13.799444198608398,13.56682014465332,13.641349792480469,10753408
1746475200,13.637985229492188,13.749178886413574,13.501041412353516,13.646459579467773,7215808
1746489600,13.645546913146973,13.659109115600586,13.428875923156738,13.584769248962402,202752
1746504000,13.585333824157715,13.61953067779541,13.506902694702148,13.522665023803711,5443856
1746518400,13.522660255432129,13.522660255432129,13.247230529785156,13.255453109741211,9018640
1746532800,13.259167671203613,13.465923309326172,13.22375774383545,13.390130996704102,0
1746547200,13.38926887512207,13.666011810302734,13.345742225646973,13.62510871887207,9582160
1746561600,13.620119094848633,13.872729301452637,13.37495231628418,13.831192970275879,27101536
1746576000,13.826404571533203,14.063538551330566,13.803245544433594,13.923107147216797,19525392
1746590400,13.923047065734863,13.990915298461914,13.773619651794434,13.918736457824707,12816352
1746604800,13.919890403747559,13.965054512023926,13.83572769165039,13.858278274536133,192320
1746619200,13.86378002166748,13.865096092224121,13.591668128967285,13.603099822998047,0
1746633600,13.602524757385254,13.665300369262695,13.491503715515137,13.57042121887207,10984848
1746648000,13.570003509521484,13.905271530151367,13.552170753479004,13.818177223205566,0
1746662400,13.818318367004395,14.454041481018066,13.818318367004395,14.442503929138184,32304672
1746676800,14.449210166931152,14.712255477905273,14.449210166931152,14.678802490234375,37610112
1746691200,14.680621147155762,14.943106651306152,14.680621147155762,14.886934280395508,32746144
1746705600,14.8878755569458,15.381656646728516,14.829450607299805,15.223544120788574,95544160
1746720000,15.22446346282959,15.54987621307373,15.205822944641113,15.536201477050781,67964576
1746734400,15.535287857055664,15.93539047241211,15.503952026367188,15.849909782409668,113340512
1746748800,15.855050086975098,15.926505088806152,15.699688911437988,15.699688911437988,16203392
1746763200,15.701848983764648,16.20926284790039,15.601842880249023,16.094667434692383,67160320
1746777600,16.102296829223633,16.69103240966797,15.941790580749512,16.24339485168457,184179904
1746792000,16.233112335205078,16.36235809326172,15.82402229309082,15.936726570129395,37007296
1746806400,15.953510284423828,16.134370803833008,15.782463073730469,15.978960037231445,3918400
1746820800,15.980161666870117,16.063919067382812,15.941864967346191,16.011110305786133,0
1746835200,16.010833740234375,16.25526237487793,15.898472785949707,16.047958374023438,10703296
1746849600,16.0479736328125,16.391599655151367,15.917503356933594,16.38868522644043,2625024
1746864000,16.363422393798828,16.447267532348633,16.062702178955078,16.081058502197266,0
1746878400,16.101158142089844,16.46340560913086,16.101158142089844,16.444414138793945,2217856
1746892800,16.44318199157715,16.94548797607422,16.432170867919922,16.763673782348633,48799296
1746907200,16.764698028564453,17.420974731445312,16.708364486694336,17.34076690673828,71004800
1746921600,17.327585220336914,17.363067626953125,16.860383987426758,16.94298553466797,42298176
1746936000,16.942419052124023,17.005056381225586,16.342533111572266,16.475788116455078,14890560
1746950400,16.47453498840332,16.658756256103516,16.398178100585938,16.658756256103516,2697024
1746964800,16.658334732055664,16.821298599243164,16.46487045288086,16.570680618286133,28526080
1746979200,16.570518493652344,17.030908584594727,16.479623794555664,16.95122528076172,0
1746993600,16.950956344604492,17.112571716308594,16.880128860473633,17.064071655273438,3999808
1747008000,17.06834602355957,17.319379806518555,16.870845794677734,17.130210876464844,7448640
1747022400,17.135705947875977,17.875896453857422,16.98551368713379,17.472612380981445,40499200
1747036800,17.4979190826416,17.593812942504883,17.135969161987305,17.135969161987305,52002112
1747051200,17.135820388793945,17.515762329101562,16.76753807067871,16.855283737182617,73352704
1747065600,16.856456756591797,17.00004768371582,16.168834686279297,16.46750831604004,83719552
1747080000,16.5106201171875,16.816631317138672,16.444171905517578,16.732389450073242,2658944
1747094400,16.731739044189453,16.735631942749023,16.084138870239258,16.111764907836914,12045248
1747108800,16.1101016998291,16.51558494567871,16.078153610229492,16.441930770874023,11561088
1747123200,16.44122886657715,16.75447654724121,16.377859115600586,16.675704956054688,0
1747137600,16.675127029418945,16.847944259643555,16.56999397277832,16.844297409057617,17482368
1747152000,16.84596824645996,17.784448623657227,16.84596824645996,17.624221801757812,22880896
1747166400,17.62908172607422,17.690744400024414,17.409135818481445,17.432764053344727,42882176
1747180800,17.43010711669922,17.49659538269043,17.137413024902344,17.19437026977539,13140608
1747195200,17.215396881103516,17.399669647216797,17.14299201965332,17.23002052307129,1872320
1747209600,17.22178840637207,17.22178840637207,16.836143493652344,17.120559692382812,14575424
1747224000,17.120622634887695,17.182964324951172,16.811777114868164,16.97484588623047,21487296
1747238400,16.97542381286621,17.083845138549805,16.721574783325195,17.0522518157959,0
1747252800,17.045265197753906,17.08098602294922,16.833526611328125,17.013023376464844,0
1747267200,17.01263427734375,17.1794490814209,16.71622657775879,16.71622657775879,0
1747281600,16.716753005981445,16.811506271362305,16.22955894470215,16.243928909301758,17835232
1747296000,16.241052627563477,16.535249710083008,16.122533798217773,16.290203094482422,5682336
1747310400,16.2917537689209,16.44574737548828,15.919549942016602,16.436994552612305,26814592
1747324800,16.441373825073242,16.68120574951172,16.05147933959961,16.17099952697754,34429216
1747339200,16.169448852539062,16.269062042236328,15.736230850219727,16.004150390625,52431360
1747353600,16.006256103515625,16.309871673583984,15.954976081848145,16.309871673583984,32823808
1747368000,16.308629989624023,16.42466163635254,16.184011459350586,16.362930297851562,889408
1747382400,16.36263084411621,16.49493980407715,16.071243286132812,16.351898193359375,0
1747396800,16.356182098388672,16.373929977416992,16.120357513427734,16.229198455810547,0
1747411200,16.231224060058594,16.298686981201172,16.007638931274414,16.05047607421875,0
1747425600,16.052858352661133,16.058439254760742,15.64990520477295,15.755104064941406,3212128
1747440000,15.754505157470703,15.759554862976074,15.277254104614258,15.515493392944336,20344480
1747454400,15.515362739562988,15.614189147949219,15.353289604187012,15.375317573547363,0
1747468800,15.375406265258789,15.456053733825684,15.285889625549316,15.35142993927002,812832
1747483200,15.34933853149414,15.409241676330566,15.144493103027344,15.337800025939941,397152
1747497600,15.330883979797363,15.422351837158203,15.120353698730469,15.259191513061523,13525536
1747512000,15.25687313079834,15.447966575622559,15.172497749328613,15.32045841217041,1635264
1747526400,15.324132919311523,15.425747871398926,15.290406227111816,15.387343406677246,3413280
1747540800,15.385266304016113,15.722983360290527,15.373992919921875,15.721994400024414,15863744
1747555200,15.723541259765625,15.859888076782227,15.647136688232422,15.647136688232422,4878080
1747569600,15.645941734313965,16.325490951538086,15.574136734008789,16.305967330932617,42232736
1747584000,16.309091567993164,16.361921310424805,15.241525650024414,15.241525650024414,67037792
1747598400,15.242313385009766,15.922524452209473,15.04580307006836,15.922524452209473,78281152
1747612800,15.905409812927246,15.957515716552734,15.148655891418457,15.170169830322266,37090752
1747627200,15.167665481567383,15.270782470703125,14.873075485229492,15.18793773651123,36806368
1747641600,15.187830924987793,15.269057273864746,15.129993438720703,15.223772048950195,12549312
1747656000,15.221789360046387,15.489052772521973,15.043947219848633,15.460121154785156,9090240
1747670400,15.461389541625977,15.848980903625488,15.381762504577637,15.762800216674805,20060096
1747684800,15.767932891845703,15.830193519592285,15.664081573486328,15.799415588378906,0
1747699200,15.798657417297363,16.375141143798828,15.683064460754395,16.100299835205078,46669280
1747713600,16.1075382232666,16.269838333129883,15.926438331604004,15.969593048095703,12529216
1747728000,15.968159675598145,16.00836753845215,15.571109771728516,15.679853439331055,24584768
1747742400,15.678276062011719,15.678276062011719,15.454951286315918,15.564826965332031,8919808
1747756800,15.56297492980957,15.628568649291992,15.267731666564941,15.624460220336914,0
1747771200,15.619853973388672,15.783510208129883,15.54405689239502,15.6917085647583,3613280
1747785600,15.692319869995117,15.903337478637695,15.57542610168457,15.869144439697266,0
1747800000,15.866806030273438,16.059505462646484,15.82781982421875,15.86292839050293,10567744
1747814400,15.862531661987305,16.22152328491211,15.59404468536377,15.91641616821289,45556640
1747828800,15.907110214233398,16.1561279296875,15.647320747375488,16.119205474853516,53416096
1747843200,16.122087478637695,16.456838607788086,15.581841468811035,15.945216178894043,117012608
1747857600,15.946365356445312,16.273420333862305,15.785351753234863,16.12419891357422,33926272
1747872000,16.122169494628906,16.478622436523438,16.07535171508789,16.43781280517578,37723904
1747886400,16.434282302856445,16.459627151489258,16.24198341369629,16.40837860107422,6634368
1747900800,16.41364288330078,16.731285095214844,16.40593719482422,16.617305755615234,27047296
1747915200,16.62049102783203,16.849111557006836,16.44037628173828,16.81018829345703,25995776
1747929600,16.81096076965332,16.877504348754883,16.640151977539062,16.64989471435547,0
1747944000,16.651668548583984,16.762174606323242,16.547868728637695,16.736061096191406,4729792
1747958400,16.7360897064209,17.13692855834961,16.605276107788086,17.135530471801758,21226368
1747972800,17.132631301879883,17.132631301879883,16.5842227935791,16.661041259765625,7733248
1747987200,16.658737182617188,17.0985050201416,16.30664825439453,16.30664825439453,33658112
1748001600,16.306413650512695,16.462614059448242,15.976607322692871,16.244171142578125,101714304
1748016000,16.2340030670166,16.34939193725586,16.056249618530273,16.0626277923584,8289344
1748030400,16.061044692993164,16.061044692993164,15.459900856018066,15.521185874938965,38345408
1748044800,15.533914566040039,15.797532081604004,15.476813316345215,15.734611511230469,0
1748059200,15.735427856445312,15.868159294128418,15.67796802520752,15.688197135925293,0
1748073600,15.688426971435547,15.896583557128906,15.65492057800293,15.777722358703613,0
1748088000,15.776468276977539,15.788373947143555,15.610417366027832,15.631491661071777,0
1748102400,15.634063720703125,15.677949905395508,15.450810432434082,15.497735977172852,0
1748116800,15.500911712646484,15.504910469055176,15.26612663269043,15.355573654174805,0
1748131200,15.347616195678711,15.49495792388916,15.161650657653809,15.483663558959961,3045024
1748145600,15.476080894470215,15.476080894470215,15.28929328918457,15.298004150390625,0
1748160000,15.298961639404297,15.298961639404297,15.099501609802246,15.140508651733398,8454080
1748174400,15.141866683959961,15.299494743347168,14.91190242767334,15.01022720336914,20861184
1748188800,15.011580467224121,15.16512393951416,14.907383918762207,15.16290283203125,1860800
1748203200,15.157478332519531,15.547386169433594,15.064157485961914,15.526289939880371,11110944
1748217600,15.526503562927246,15.769123077392578,15.518139839172363,15.718779563903809,1211232
1748232000,15.717096328735352,15.919051170349121,15.610244750976562,15.915838241577148,14232320
1748246400,15.919209480285645,15.935578346252441,15.729448318481445,15.744382858276367,6030784
1748260800,15.744902610778809,15.78018569946289,15.44356632232666,15.753388404846191,13094720
1748275200,15.75501823425293,15.784317970275879,15.447086334228516,15.504210472106934,12571648
1748289600,15.504389762878418,15.653677940368652,15.440229415893555,15.527997970581055,15607360
1748304000,15.529616355895996,15.589462280273438,15.208304405212402,15.466168403625488,19164160
1748318400,15.465120315551758,15.872544288635254,15.458882331848145,15.847160339355469,24753184
1748332800,15.84763240814209,15.958856582641602,15.846242904663086,15.937821388244629,9399488
1748347200,15.941126823425293,16.088361740112305,15.80660629272461,16.00151252746582,16604000
1748361600,16.002212524414062,16.10960578918457,15.894914627075195,15.93021011352539,8423296
1748376000,15.930739402770996,16.01075553894043,15.811570167541504,15.917821884155273,2676448
1748390400,15.917685508728027,16.04088592529297,15.741756439208984,16.036724090576172,6686272
1748404800,16.037750244140625,16.1272029876709,15.807751655578613,15.894408226013184,3107200
1748419200,15.892843246459961,15.9926118850708,15.767807006835938,15.99150562286377,4413536
1748433600,15.990270614624023,16.082204818725586,15.459843635559082,15.459843635559082,17118912
1748448000,15.459717750549316,15.657476425170898,15.33164119720459,15.343231201171875,9645760
1748462400,15.339692115783691,15.727934837341309,15.327576637268066,15.665865898132324,13709536
1748476800,15.666298866271973,16.175336837768555,15.616646766662598,16.01768684387207,69740320
1748491200,16.020610809326172,16.04857635498047,15.726929664611816,15.787070274353027,22894560
1748505600,15.786466598510742,15.910138130187988,15.749162673950195,15.844125747680664,14155456
1748520000,15.845779418945312,15.845779418945312,15.341073989868164,15.370997428894043,15421568
1748534400,15.371301651000977,15.480562210083008,15.162564277648926,15.208714485168457,29208096
1748548800,15.204950332641602,15.279842376708984,15.039716720581055,15.040337562561035,10214176
1748563200,15.040637969970703,15.105669975280762,14.426470756530762,14.69365119934082,114475616
1748577600,14.69516658782959,14.747735977172852,14.464285850524902,14.530508041381836,23454016
1748592000,14.52707290649414,14.572661399841309,14.319816589355469,14.552288055419922,47828416
1748606400,14.542632102966309,14.580496788024902,14.2683687210083,14.2683687210083,3940096
1748620800,14.252459526062012,14.327110290527344,13.925442695617676,14.303571701049805,45130624
1748635200,14.28339672088623,14.28339672088623,13.877326011657715,13.89899730682373,9804224
1748649600,13.900700569152832,13.90963363647461,13.446891784667969,13.544095993041992,9654080
1748664000,13.544095993041992,13.744962692260742,13.473525047302246,13.7298002243042,12870592
1748678400,13.729025840759277,13.853676795959473,13.64719295501709,13.662683486938477,0
1748692800,13.671222686767578,14.010932922363281,13.667922019958496,13.904160499572754,2151552
1748707200,13.90412712097168,14.171713829040527,13.873164176940918,14.1305513381958,0
1748721600,14.13058853149414,14.174111366271973,13.976844787597656,13.976844787597656,4553056
1748736000,13.97359848022461,13.97359848022461,13.783509254455566,13.868180274963379,0
1748750400,13.859636306762695,13.977581977844238,13.826184272766113,13.874784469604492,0
1748764800,13.874905586242676,13.875659942626953,13.633017539978027,13.824652671813965,11471488
1748779200,13.823634147644043,13.959502220153809,13.739330291748047,13.946456909179688,992128
1748793600,13.946358680725098,14.091343879699707,13.82170581817627,14.000720024108887,9417120
1748808000,14.004505157470703,14.11931324005127,13.96027660369873,14.062182426452637,5996800
1748822400,14.063582420349121,14.071332931518555,13.827009201049805,13.875651359558105,0
1748836800,13.875801086425781,13.972801208496094,13.798605918884277,13.895326614379883,763856
1748851200,13.895491600036621,13.950187683105469,13.684293746948242,13.691610336303711,877392
1748865600,13.687196731567383,13.816699028015137,13.666299819946289,13.721458435058594,17834016
1748880000,13.721138954162598,13.83536148071289,13.619446754455566,13.67098331451416,4587392
1748894400,13.671059608459473,14.111518859863281,13.671059608459473,14.093976974487305,30797056
1748908800,14.091910362243652,14.425639152526855,14.061524391174316,14.151193618774414,46388320
1748923200,14.151250839233398,14.225400924682617,14.06287670135498,14.149137496948242,14738624
1748937600,14.142643928527832,14.15596866607666,14.017499923706055,14.084421157836914,3244384
1748952000,14.085999488830566,14.425053596496582,14.067035675048828,14.341413497924805,35921600
1748966400,14.341209411621094,14.401592254638672,14.24797534942627,14.342167854309082,3822208
1748980800,14.345224380493164,14.356825828552246,14.040700912475586,14.1156587600708,1326944
1748995200,14.116616249084473,14.379020690917969,14.094396591186523,14.349349975585938,0
1749009600,14.346084594726562,14.402944564819336,14.249281883239746,14.288904190063477,320640
1749024000,14.295061111450195,14.464134216308594,14.220138549804688,14.220138549804688,3233216
1749038400,14.22010326385498,14.230293273925781,13.999545097351074,14.193611145019531,0
1749052800,14.191091537475586,14.191091537475586,13.929268836975098,13.929268836975098,0
1749067200,13.92793083190918,13.944646835327148,13.751914978027344,13.850838661193848,5303664
1749081600,13.85211181640625,13.948749542236328,13.768044471740723,13.897761344909668,11379216
1749096000,13.897695541381836,13.939291000366211,13.728171348571777,13.768928527832031,7517456
1749110400,13.7674560546875,13.828877449035645,13.667500495910645,13.761503219604492,7344064
1749124800,13.770316123962402,14.030868530273438,13.567548751831055,13.754932403564453,22678576
1749139200,13.752575874328613,13.752575874328613,13.216877937316895,13.238938331604004,61666560
1749153600,13.236124992370605,13.236124992370605,12.682473182678223,12.922357559204102,100192960
1749168000,12.922676086425781,13.190178871154785,12.881930351257324,13.18954086303711,15379968
1749182400,13.189600944519043,13.268510818481445,13.124815940856934,13.182321548461914,6576960
1749196800,13.1820068359375,13.268071174621582,13.18026065826416,13.219614028930664,7933056
1749211200,13.220093727111816,13.63851261138916,13.220093727111816,13.549629211425781,44390528
1749225600,13.550061225891113,13.606305122375488,13.439730644226074,13.482172966003418,188416
1749240000,13.483739852905273,13.613004684448242,13.475281715393066,13.581315040588379,0
1749254400,13.580198287963867,13.831396102905273,13.510598182678223,13.814428329467773,0
1749268800,13.813969612121582,14.060641288757324,13.773405075073242,14.022561073303223,5551008
1749283200,14.023252487182617,14.066141128540039,13.926812171936035,13.99990177154541,2993664
1749297600,13.998567581176758,14.08260440826416,13.91791820526123,13.937865257263184,1426912
1749312000,13.937506675720215,13.952802658081055,13.777975082397461,13.810067176818848,0
1749326400,13.81132984161377,13.905967712402344,13.777486801147461,13.836443901062012,5843104
1749340800,13.834092140197754,13.855097770690918,13.767068862915039,13.79957103729248,0
1749355200,13.799046516418457,13.822858810424805,13.73872184753418,13.744330406188965,0
1749369600,13.744636535644531,13.77357292175293,13.57868766784668,13.768891334533691,9020912
1749384000,13.769304275512695,13.844964981079102,13.69917106628418,13.757041931152344,0
1749398400,13.756941795349121,13.906441688537598,13.756941795349121,13.906315803527832,6712976
1749412800,13.90726089477539,13.96369457244873,13.68563175201416,13.717023849487305,4991584
1749427200,13.717573165893555,13.784601211547852,13.648618698120117,13.722854614257812,7713264
1749441600,13.722686767578125,13.72922134399414,13.565451622009277,13.655692100524902,8728208
1749456000,13.656632423400879,13.944704055786133,13.588729858398438,13.900057792663574,20326816
1749470400,13.89964485168457,14.000391006469727,13.804940223693848,13.9678373336792,14025552
1749484800,13.965941429138184,14.091288566589355,13.95398998260498,14.019420623779297,18461968
1749499200,14.019110679626465,14.385451316833496,14.019110679626465,14.361599922180176,30284224
1749513600,14.360960006713867,14.616204261779785,14.35462474822998,14.486048698425293,30183520
1749528000,14.482278823852539,14.551992416381836,14.340975761413574,14.48705768585205,17520672
1749542400,14.486884117126465,15.174365043640137,14.434351921081543,15.14870548248291,61853184
1749556800,15.149138450622559,15.318967819213867,14.877274513244629,15.120890617370605,90565696
1749571200,15.118675231933594,15.48998737335205,15.086724281311035,15.220791816711426,103041728
1749585600,15.229203224182129,15.432866096496582,15.175888061523438,15.427742004394531,6398336
1749600000,15.430098533630371,15.476789474487305,15.151384353637695,15.293185234069824,4476992
1749614400,15.292976379394531,15.437546730041504,15.209864616394043,15.430973052978516,6013184
1749628800,15.427163124084473,15.427163124084473,15.099499702453613,15.151467323303223,12700480
1749643200,15.150979042053223,15.640304565429688,15.105711936950684,15.629942893981934,21124352
1749657600,15.625724792480469,15.625724792480469,15.12750244140625,15.147541999816895,9259040
1749672000,15.148177146911621,15.243955612182617,14.798277854919434,14.90967082977295,11253504
1749686400,14.909212112426758,14.909212112426758,14.609880447387695,14.675311088562012,13338400
1749700800,14.67460823059082,14.67460823059082,14.44968318939209,14.44968318939209,18353024
1749715200,14.44888687133789,14.466327667236328,14.100045204162598,14.140034675598145,49122528
1749729600,14.130570411682129,14.491942405700684,14.115560531616211,14.254868507385254,0
1749744000,14.254433631896973,14.563566207885742,14.11920166015625,14.12688159942627,0
1749758400,14.126696586608887,14.170509338378906,13.880841255187988,14.026015281677246,32025888
1749772800,14.020528793334961,14.020528793334961,12.815140724182129,13.284149169921875,219446976
1749787200,13.283885955810547,13.288190841674805,13.057435989379883,13.267977714538574,25718144
1749801600,13.254935264587402,13.376937866210938,13.153094291687012,13.31534481048584,8810432
1749816000,13.31590747833252,13.46091079711914,13.14063835144043,13.417574882507324,18007808
1749830400,13.417695999145508,13.579038619995117,13.063420295715332,13.120482444763184,25588544
1749844800,13.123054504394531,13.436909675598145,13.11959457397461,13.43662166595459,3712832
1749859200,13.438860893249512,13.440685272216797,13.255623817443848,13.276432991027832,0
1749873600,13.276455879211426,13.33293628692627,13.163854598999023,13.224079132080078,0
1749888000,13.22380256652832,13.22380256652832,13.10983943939209,13.160978317260742,0
1749902400,13.161041259765625,13.190302848815918,12.978704452514648,12.984834671020508,0
1749916800,12.987212181091309,13.07230281829834,12.873080253601074,13.02027702331543,0
1749931200,13.018198013305664,13.201432228088379,12.948956489562988,13.166620254516602,3006736
1749945600,13.165444374084473,13.271385192871094,13.161728858947754,13.235526084899902,0
1749960000,13.235868453979492,13.313809394836426,13.131382942199707,13.162424087524414,2734576
1749974400,13.162638664245605,13.162638664245605,13.043251991271973,13.083137512207031,0
1749988800,13.08289623260498,13.295610427856445,13.071439743041992,13.184858322143555,6892688
1750003200,13.185309410095215,13.23193359375,13.119373321533203,13.123976707458496,0
1750017600,13.124279022216797,13.301844596862793,13.016565322875977,13.296910285949707,14663424
1750032000,13.29731273651123,13.471251487731934,13.196026802062988,13.3840970993042,22666992
1750046400,13.383454322814941,13.71673583984375,13.381203651428223,13.688637733459473,27108208
1750060800,13.686920166015625,13.733044624328613,13.573118209838867,13.674564361572266,15348768
1750075200,13.681475639343262,13.884753227233887,13.64685344696045,13.813501358032227,20279536
1750089600,13.814335823059082,14.090062141418457,13.80286693572998,14.04531192779541,23685952
1750104000,14.048174858093262,14.143877029418945,13.574803352355957,13.574803352355957,65974560
1750118400,13.570841789245605,13.765507698059082,13.366884231567383,13.661413192749023,94796832
1750132800,13.661633491516113,13.724542617797852,13.48604679107666,13.512179374694824,5206848
1750147200,13.51144790649414,13.51144790649414,13.219924926757812,13.238797187805176,8856512
1750161600,13.239570617675781,13.352418899536133,12.968782424926758,13.048147201538086,31419200
1750176000,13.052538871765137,13.232551574707031,12.838815689086914,13.189922332763672,40473632
1750190400,13.188958168029785,13.188958168029785,12.878931045532227,13.007872581481934,1995936
1750204800,13.005461692810059,13.143007278442383,12.98786449432373,13.081814765930176,0
1750219200,13.081245422363281,13.212994575500488,13.046995162963867,13.085746765136719,0
1750233600,13.087357521057129,13.125575065612793,12.722792625427246,12.842133522033691,14861728
1750248000,12.84360122680664,12.992051124572754,12.657876968383789,12.929180145263672,25375968
1750262400,12.927780151367188,12.927780151367188,12.725198745727539,12.819911003112793,12712512
1750276800,12.819945335388184,13.13779067993164,12.771230697631836,13.103774070739746,13085760
1750291200,13.106953620910645,13.23619270324707,13.060898780822754,13.190852165222168,21210848
1750305600,13.191340446472168,13.272995948791504,13.13858699798584,13.13858699798584,7339360
1750320000,13.138282775878906,13.362289428710938,13.133644104003906,13.191451072692871,6907776
1750334400,13.191055297851562,13.207386016845703,12.956103324890137,12.97768497467041,0
1750348800,12.97635555267334,13.152997016906738,12.935715675354004,13.029672622680664,1153248
1750363200,13.028529167175293,13.139397621154785,13.011422157287598,13.074919700622559,3538016
1750377600,13.073363304138184,13.108612060546875,13.005000114440918,13.008208274841309,0
1750392000,13.00683307647705,13.173101425170898,12.903592109680176,13.173101425170898,8351792
1750406400,13.172842025756836,13.269440650939941,13.093765258789062,13.1469087600708,13284528
1750420800,13.14642333984375,13.228482246398926,12.850958824157715,12.910743713378906,8780864
1750435200,12.910314559936523,12.910314559936523,12.329696655273438,12.594441413879395,71422016
1750449600,12.59219741821289,12.715660095214844,12.401049613952637,12.51447582244873,14746976
1750464000,12.514707565307617,12.719082832336426,12.506124496459961,12.708925247192383,3241632
1750478400,12.705316543579102,12.705316543579102,12.598612785339355,12.630250930786133,1689440
1750492800,12.631185531616211,12.725667953491211,12.631185531616211,12.690208435058594,0
1750507200,12.689498901367188,12.695991516113281,12.415616989135742,12.492233276367188,0
1750521600,12.491059303283691,12.551278114318848,12.211666107177734,12.211666107177734,8329120
1750536000,12.210744857788086,12.324586868286133,11.779825210571289,11.98644733428955,94698656
1750550400,11.987632751464844,12.163656234741211,11.869431495666504,11.872672080993652,64511808
1750564800,11.876331329345703,12.092681884765625,11.876331329345703,11.963420867919922,17493152
1750579200,11.97362232208252,11.992403984069824,11.815503120422363,11.870071411132812,35294112
1750593600,11.871273040771484,11.958457946777344,11.34783935546875,11.447366714477539,162430336
1750608000,11.446610450744629,11.524284362792969,11.237563133239746,11.237563133239746,29790848
1750622400,11.234700202941895,11.660857200622559,11.013331413269043,11.652578353881836,58271936
1750636800,11.652554512023926,11.7418212890625,11.580700874328613,11.649589538574219,924608
1750651200,11.648736000061035,11.89842700958252,11.641857147216797,11.851028442382812,12181248
1750665600,11.85086727142334,11.896742820739746,11.78045654296875,11.848773956298828,1067904
1750680000,11.849546432495117,12.044075965881348,11.754546165466309,11.782421112060547,1226368
1750694400,11.777780532836914,12.156442642211914,11.4563570022583,12.149788856506348,66035840
1750708800,12.149004936218262,12.912996292114258,12.149004936218262,12.874421119689941,40210016
1750723200,12.870893478393555,12.991070747375488,12.814191818237305,12.955016136169434,24522112
1750737600,12.955865859985352,13.302034378051758,12.937480926513672,13.052108764648438,34636736
1750752000,13.0502347946167,13.192826271057129,12.966570854187012,13.146380424499512,43621056
1750766400,13.148038864135742,13.377976417541504,13.10316276550293,13.36678409576416,75030784
1750780800,13.362722396850586,13.718798637390137,13.302650451660156,13.31238842010498,0
1750795200,13.3395414352417,13.411198616027832,13.307097434997559,13.40908432006836,0
1750809600,13.409828186035156,13.488507270812988,13.316845893859863,13.37436294555664,0
1750824000,13.37344741821289,13.456060409545898,13.270830154418945,13.441064834594727,0
1750838400,13.4413480758667,13.466106414794922,13.212411880493164,13.27827262878418,7574880
1750852800,13.279223442077637,13.311603546142578,13.05585765838623,13.070674896240234,11212704
1750867200,13.071352005004883,13.24069881439209,13.015244483947754,13.215758323669434,969376
1750881600,13.22724437713623,13.273202896118164,13.064984321594238,13.136893272399902,0
1750896000,13.136659622192383,13.534034729003906,13.085136413574219,13.331796646118164,14504160
1750910400,13.332295417785645,13.410940170288086,13.22738265991211,13.382115364074707,0
1750924800,13.381994247436523,13.438521385192871,13.165877342224121,13.20532512664795,2059840
1750939200,13.205906867980957,13.205906867980957,12.978515625,13.110197067260742,0
1750953600,13.111498832702637,13.143321990966797,13.025580406188965,13.139825820922852,2485760
1750968000,13.138733863830566,13.26506519317627,12.907205581665039,12.930523872375488,15885920
1750982400,12.931511878967285,13.160797119140625,12.824007987976074,13.15079402923584,1530848
1750996800,13.150504112243652,13.202815055847168,13.02338981628418,13.024794578552246,0
1751011200,13.02519702911377,13.188298225402832,13.02519702911377,13.035635948181152,0
1751025600,13.035832405090332,13.111186981201172,12.88831615447998,13.048194885253906,0
1751040000,13.048232078552246,13.153986930847168,12.757040023803711,12.884263038635254,20576128
1751054400,12.883747100830078,13.065103530883789,12.882956504821777,13.060050964355469,13568
1751068800,13.056639671325684,13.176470756530762,13.01780891418457,13.164347648620605,3435248
1751083200,13.164621353149414,13.170341491699219,13.097799301147461,13.1555814743042,2439280
1751097600,13.158727645874023,13.187700271606445,13.105853080749512,13.110934257507324,0
1751112000,13.10972785949707,13.2355375289917,13.062352180480957,13.2355375289917,0
1751126400,13.23851203918457,13.397697448730469,13.234187126159668,13.311027526855469,0
1751140800,13.31136703491211,13.439135551452637,13.306610107421875,13.39918327331543,6392768
1751155200,13.401315689086914,13.428271293640137,13.289654731750488,13.289654731750488,3156992
1751169600,13.290020942687988,13.422351837158203,13.277082443237305,13.422351837158203,2305536
1751184000,13.424915313720703,13.47628402709961,13.398172378540039,13.442150115966797,7478096
1751198400,13.446534156799316,13.446534156799316,13.281798362731934,13.284884452819824,6165872
1751212800,13.284734725952148,13.402880668640137,13.259570121765137,13.346601486206055,0
1751227200,13.346691131591797,13.82787799835205,13.282098770141602,13.725419998168945,61755216
1751241600,13.72365951538086,13.738525390625,13.49256706237793,13.500381469726562,33281696
1751256000,13.500690460205078,13.500690460205078,13.230546951293945,13.348902702331543,31386832
1751270400,13.34404468536377,13.350435256958008,13.186352729797363,13.215126037597656,4999488
1751284800,13.214768409729004,13.428203582763672,13.140660285949707,13.39112663269043,70115808
1751299200,13.381729125976562,13.595276832580566,13.284811973571777,13.595276832580566,32665856
1751313600,13.60427188873291,13.659339904785156,13.380266189575195,13.380266189575195,11235328
1751328000,13.380349159240723,13.419893264770508,13.241954803466797,13.31229019165039,9100608
1751342400,13.311817169189453,13.315590858459473,13.117345809936523,13.235053062438965,0
1751356800,13.234851837158203,13.254867553710938,13.132216453552246,13.133696556091309,16504128
1751371200,13.134053230285645,13.153056144714355,12.979748725891113,13.016618728637695,5992704
1751385600,13.016640663146973,13.053524017333984,12.853596687316895,12.853596687316895,3575808
1751400000,12.848289489746094,12.918703079223633,12.813825607299805,12.89601993560791,10081440
1751414400,12.896111488342285,12.946303367614746,12.776127815246582,12.917943954467773,15538896
1751428800,12.917518615722656,13.088007926940918,12.898971557617188,13.04238224029541,15499552
1751443200,13.046965599060059,13.170413970947266,13.046965599060059,13.08251667022705,6630496
1751457600,13.08236312866211,13.36636734008789,13.01094913482666,13.364387512207031,24443008
1751472000,13.364625930786133,13.7716703414917,13.364625930786133,13.751355171203613,113235680
1751486400,13.75767707824707,13.8384370803833,13.559228897094727,13.559228897094727,38297632
1751500800,13.55925178527832,13.597018241882324,13.450904846191406,13.48439884185791,8389312
1751515200,13.483966827392578,13.888806343078613,13.472357749938965,13.880223274230957,38053568
1751529600,13.880821228027344,13.950151443481445,13.743790626525879,13.79957103729248,32675392
1751544000,13.800548553466797,14.026087760925293,13.618282318115234,13.618282318115234,66883648
1751558400,13.618621826171875,13.773125648498535,13.618621826171875,13.708474159240723,0
1751572800,13.708885192871094,13.782333374023438,13.661118507385254,13.668252944946289,7697984
1751587200,13.668227195739746,13.75780963897705,13.584144592285156,13.604333877563477,0
1751601600,13.603832244873047,13.611472129821777,13.387436866760254,13.387436866760254,8517760
1751616000,13.380474090576172,13.447513580322266,13.270482063293457,13.352067947387695,16260832
1751630400,13.351409912109375,13.381610870361328,13.08391284942627,13.091341018676758,0
1751644800,13.09158992767334,13.099457740783691,12.968955039978027,13.023238182067871,11409600
1751659200,13.017184257507324,13.240703582763672,13.012432098388672,13.169702529907227,988384
1751673600,13.169504165649414,13.22126579284668,13.11693000793457,13.20129680633545,4937216
1751688000,13.201067924499512,13.254714965820312,13.172916412353516,13.190942764282227,0
1751702400,13.191948890686035,13.258984565734863,13.119324684143066,13.243077278137207,0
1751716800,13.243606567382812,13.243606567382812,13.133556365966797,13.13356876373291,0
1751731200,13.13337516784668,13.155196189880371,13.017406463623047,13.111611366271973,0
1751745600,13.11169147491455,13.263269424438477,13.11169147491455,13.22953987121582,0
1751760000,13.23090648651123,13.231436729431152,13.164650917053223,13.200112342834473,1402208
1751774400,13.200307846069336,13.243683815002441,13.16203498840332,13.16203498840332,2864496
1751788800,13.16197395324707,13.202130317687988,13.11563491821289,13.202130317687988,3610224
1751803200,13.202133178710938,13.460762023925781,13.18205738067627,13.414671897888184,36725440
1751817600,13.415816307067871,13.485260963439941,13.31506061553955,13.371521949768066,13516224
1751832000,13.372579574584961,13.680830001831055,13.372579574584961,13.49415111541748,30233088
1751846400,13.494794845581055,13.647245407104492,13.428672790527344,13.562370300292969,14013808
1751860800,13.561853408813477,13.682708740234375,13.519181251525879,13.617868423461914,50276768
1751875200,13.61944580078125,13.649194717407227,13.539525985717773,13.583480834960938,20015392
1751889600,13.583954811096191,13.657967567443848,13.48694133758545,13.526472091674805,16287808
1751904000,13.526674270629883,13.56276798248291,13.324994087219238,13.435799598693848,15508096
1751918400,13.435585975646973,13.435585975646973,13.26814079284668,13.428587913513184,3740096
1751932800,13.428776741027832,13.454639434814453,13.209999084472656,13.252080917358398,9852800
1751947200,13.25151538848877,13.351993560791016,13.214866638183594,13.351993560791016,0
1751961600,13.35211181640625,13.518224716186523,13.261017799377441,13.49897575378418,6845008
1751976000,13.498444557189941,13.6282320022583,13.43825912475586,13.485984802246094,14063616
1751990400,13.486777305603027,13.915352821350098,13.47421646118164,13.884255409240723,39820768
1752004800,13.887497901916504,13.980144500732422,13.807756423950195,13.96792984008789,18741376
1752019200,13.968598365783691,13.973613739013672,13.847037315368652,13.850665092468262,4872288
1752033600,13.848784446716309,14.191454887390137,13.825881004333496,14.151042938232422,60735776
1752048000,14.14986801147461,14.175711631774902,13.991679191589355,14.031111717224121,30324064
1752062400,14.029923439025879,14.174922943115234,13.939685821533203,14.008563041687012,31127872
1752076800,14.008057594299316,14.312712669372559,13.937335968017578,14.299959182739258,39066304
1752091200,14.293985366821289,14.350086212158203,14.123000144958496,14.253815650939941,41511360
1752105600,14.253472328186035,14.369636535644531,14.16243839263916,14.32179069519043,23990240
1752120000,14.322162628173828,14.465035438537598,14.254383087158203,14.410733222961426,32684032
1752134400,14.411247253417969,14.468907356262207,14.31811237335205,14.332061767578125,0
1752148800,14.332200050354004,14.394943237304688,14.241337776184082,14.326683044433594,676352
1752163200,14.327874183654785,14.727010726928711,14.327874183654785,14.64787769317627,32905536
1752177600,14.649544715881348,15.320160865783691,14.649544715881348,15.238970756530762,104924544
1752192000,15.24023151397705,15.416078567504883,15.066818237304688,15.370576858520508,51022464
1752206400,15.3707857131958,15.583809852600098,15.246429443359375,15.289647102355957,28649152
1752220800,15.287699699401855,15.554450035095215,15.259082794189453,15.436755180358887,74797248
1752235200,15.436704635620117,15.831517219543457,15.436704635620117,15.475271224975586,144649600
1752249600,15.473014831542969,15.804154396057129,15.473014831542969,15.74953842163086,34373184
1752264000,15.752874374389648,15.790470123291016,15.096237182617188,15.298432350158691,3256256
1752278400,15.297356605529785,15.466788291931152,15.078195571899414,15.351733207702637,296640
1752292800,15.351652145385742,15.375916481018066,15.131623268127441,15.243387222290039,916352
1752307200,15.243626594543457,15.390789985656738,15.235164642333984,15.265841484069824,0
1752321600,15.266768455505371,15.290670394897461,14.732483863830566,14.78674602508545,0
1752336000,14.788017272949219,15.069412231445312,14.788017272949219,15.041952133178711,0
1752350400,15.042141914367676,15.09860897064209,14.875683784484863,15.09860897064209,141216
1752364800,15.100287437438965,15.172613143920898,15.065136909484863,15.15683364868164,0
1752379200,15.1554594039917,15.355828285217285,15.112557411193848,15.355828285217285,2254208
1752393600,15.355598449707031,15.389548301696777,15.282636642456055,15.383005142211914,2012800
1752408000,15.385024070739746,15.9246826171875,15.385024070739746,15.70801830291748,54214752
1752422400,15.70665168762207,15.89379596710205,15.575682640075684,15.827433586120605,43963136
1752436800,15.825413703918457,15.869186401367188,15.512656211853027,15.646004676818848,45186560
1752451200,15.647226333618164,16.20520782470703,15.647226333618164,16.145299911499023,72962080
1752465600,16.143369674682617,16.259172439575195,15.979315757751465,16.16569709777832,91752928
1752480000,16.165861129760742,16.27403450012207,15.961339950561523,16.252262115478516,68307968
1752494400,16.245744705200195,16.408918380737305,15.860320091247559,15.920111656188965,39550464
1752508800,15.920029640197754,16.122608184814453,15.721819877624512,15.738363265991211,15805952
1752523200,15.741193771362305,15.850589752197266,15.637635231018066,15.777676582336426,44101696
1752537600,15.77726936340332,15.852298736572266,15.199373245239258,15.268552780151367,42945856
1752552000,15.267918586730957,15.499039649963379,15.179378509521484,15.441804885864258,4318976
1752566400,15.437429428100586,15.49878215789795,15.300777435302734,15.35682201385498,0
1752580800,15.358564376831055,15.699586868286133,15.228440284729004,15.583656311035156,6279424
1752595200,15.582602500915527,16.15340232849121,15.579167366027832,15.651094436645508,73649088
1752609600,15.649784088134766,16.11750030517578,15.601374626159668,16.093048095703125,28669376
1752624000,16.09343719482422,16.20052719116211,15.880120277404785,15.932079315185547,878336
1752638400,15.931260108947754,16.373079299926758,15.838530540466309,16.343740463256836,23667840
1752652800,16.34187126159668,16.578536987304688,16.33245849609375,16.418949127197266,152159168
1752667200,16.41923713684082,16.797189712524414,16.411190032958984,16.58600425720215,44841344
1752681600,16.592418670654297,17.011676788330078,16.592418670654297,16.832889556884766,19230784
1752696000,16.839115142822266,17.01113510131836,16.6352481842041,16.674169540405273,31219264
1752710400,16.674264907836914,16.838760375976562,16.357004165649414,16.412721633911133,13069504
1752724800,16.414901733398438,17.002769470214844,16.39103889465332,16.963682174682617,24948096
1752739200,16.982097625732422,17.257843017578125,16.9124813079834,17.091888427734375,0
1752753600,17.09052085876465,17.285112380981445,16.882091522216797,17.168861389160156,24119168
1752768000,17.16782569885254,17.304107666015625,16.81044578552246,17.118946075439453,8696064
1752782400,17.111948013305664,18.054662704467773,16.89929962158203,17.997425079345703,173296896
1752796800,18.00018310546875,18.70440673828125,17.920827865600586,18.70440673828125,271858496
1752811200,18.706117630004883,19.077455520629883,18.572729110717773,18.572729110717773,153403520
1752825600,18.550308227539062,18.778600692749023,18.280742645263672,18.34330177307129,84629888
1752840000,18.342098236083984,18.661052703857422,17.79604148864746,17.931001663208008,115649408
1752854400,17.930923461914062,18.14191246032715,17.7008056640625,17.745450973510742,10230016
1752868800,17.742460250854492,17.892108917236328,17.38362693786621,17.842517852783203,50873984
1752883200,17.842605590820312,18.22801971435547,17.599151611328125,18.207338333129883,0
1752897600,18.206605911254883,18.33197593688965,17.956295013427734,18.00262451171875,0
1752912000,18.001262664794922,18.002002716064453,17.734088897705078,17.734088897705078,0
1752926400,17.734601974487305,17.937599182128906,17.635297775268555,17.935365676879883,7557120
1752940800,17.93549346923828,18.493488311767578,17.888612747192383,18.369779586791992,20514624
1752955200,18.36960220336914,18.538057327270508,18.13880157470703,18.416608810424805,6046656
1752969600,18.397197723388672,18.764440536499023,18.345531463623047,18.67475700378418,7212608
1752984000,18.670713424682617,18.94550895690918,18.543075561523438,18.829971313476562,61932032
1752998400,18.828081130981445,19.627174377441406,18.828081130981445,19.397789001464844,181394368
1753012800,19.39977264404297,19.763866424560547,19.208040237426758,19.69881820678711,151478208
1753027200,19.705974578857422,19.74372100830078,19.24552345275879,19.440004348754883,115532736
1753041600,19.445236206054688,19.491294860839844,19.013486862182617,19.30514907836914,61367936
1753056000,19.305288314819336,19.56777572631836,19.047157287597656,19.56190299987793,44895616
1753070400,19.562944412231445,19.903566360473633,19.408870697021484,19.77710723876953,36856064
1753084800,19.7731876373291,20.23589324951172,19.621919631958008,20.1029052734375,49633792
1753099200,20.074209213256836,20.22041130065918,19.769704818725586,19.86277961730957,38921856
1753113600,19.815221786499023,19.82442855834961,19.216827392578125,19.272247314453125,28383744
1753128000,19.272451400756836,19.612361907958984,19.238256454467773,19.532302856445312,14693760
1753142400,19.53171157836914,19.926130294799805,19.073213577270508,19.514551162719727,94325312
1753156800,19.538898468017578,19.538898468017578,18.90633773803711,19.13479232788086,82864896
1753171200,19.132095336914062,19.297195434570312,18.673250198364258,19.235490798950195,15431936
1753185600,19.23621368408203,19.43467903137207,18.854997634887695,19.35381317138672,42806912
1753200000,19.346351623535156,19.549171447753906,19.020709991455078,19.020709991455078,0
1753214400,19.022390365600586,19.663667678833008,19.022390365600586,19.66313934326172,40806848
1753228800,19.664247512817383,19.690073013305664,19.449283599853516,19.45619773864746,0
1753243200,19.464059829711914,19.68778419494629,19.122669219970703,19.142431259155273,0
1753257600,19.147796630859375,19.230871200561523,18.81785774230957,18.92584800720215,0
1753272000,18.920324325561523,18.923307418823242,17.97026252746582,18.426233291625977,71012992
1753286400,18.42879295349121,18.44451141357422,17.76165008544922,18.103137969970703,37115904
1753300800,18.075050354003906,18.279640197753906,17.61042594909668,18.184707641601562,54418304
1753315200,18.17530632019043,18.437225341796875,18.106111526489258,18.25518798828125,20744896
1753329600,18.253162384033203,18.27539825439453,17.253751754760742,17.70414924621582,74454400
1753344000,17.704416275024414,18.131345748901367,17.654930114746094,18.122671127319336,65698688
1753358400,18.099145889282227,18.650598526000977,17.851648330688477,18.449647903442383,14434752
1753372800,18.452224731445312,18.56494140625,18.142057418823242,18.38391876220703,718784
1753387200,18.37828826904297,18.403812408447266,17.904098510742188,17.907915115356445,13504
1753401600,17.90502166748047,17.90502166748047,17.332744598388672,17.498979568481445,38530752
1753416000,17.499353408813477,17.664173126220703,17.344913482666016,17.389562606811523,21384128
1753430400,17.413768768310547,18.398841857910156,17.413768768310547,18.315975189208984,17956800
1753444800,18.31467056274414,18.453285217285156,17.466459274291992,17.62347412109375,8167232
1753459200,17.62118911743164,17.830341339111328,17.481861114501953,17.74785614013672,1392000
1753473600,17.729732513427734,18.38434600830078,17.713054656982422,18.290897369384766,39020160
1753488000,18.284936904907227,18.4260311126709,18.199485778808594,18.385807037353516,0
1753502400,18.384653091430664,18.405149459838867,18.223934173583984,18.247507095336914,955520
1753516800,18.246152877807617,18.46536636352539,18.242212295532227,18.26264762878418,0
1753531200,18.266986846923828,18.44306182861328,18.195802688598633,18.37901496887207,0
1753545600,18.382923126220703,18.570714950561523,18.25516128540039,18.570714950561523,6611392
1753560000,18.56920051574707,18.56920051574707,18.36825180053711,18.406496047973633,46701440
1753574400,18.406944274902344,18.75533676147461,18.3783016204834,18.702892303466797,20255488
1753588800,18.702999114990234,19.044418334960938,18.691635131835938,18.770360946655273,52255104
1753603200,18.77269172668457,18.98233985900879,18.577268600463867,18.74129295349121,30062560
1753617600,18.744829177856445,18.899213790893555,18.691781997680664,18.817068099975586,17908608
1753632000,18.816747665405273,19.09563446044922,18.816747665405273,19.028770446777344,52241792
1753646400,19.028076171875,19.270503997802734,18.938215255737305,19.234678268432617,34397888
1753660800,19.236238479614258,19.352783203125,18.958866119384766,19.126850128173828,34027200
1753675200,19.12729835510254,19.541828155517578,19.05609703063965,19.281835556030273,17150784
1753689600,19.281993865966797,19.332765579223633,18.969524383544922,19.08079719543457,13900416
1753704000,19.08161735534668,19.089723587036133,18.34231948852539,18.425756454467773,74799744
1753718400,18.396142959594727,18.47352409362793,18.121488571166992,18.207332611083984,31130048
1753732800,18.219303131103516,18.252038955688477,18.02573585510254,18.03728485107422,16185216
1753747200,18.083087921142578,18.280115127563477,17.912809371948242,18.22393798828125,22974784
1753761600,18.223133087158203,18.58274269104004,18.120424270629883,18.564903259277344,6942656
1753776000,18.583953857421875,18.608028411865234,18.02298927307129,18.121257781982422,6274752
1753790400,18.130220413208008,18.323902130126953,17.63751983642578,17.753040313720703,7177728
1753804800,17.742807388305664,17.899524688720703,17.515493392944336,17.701904296875,43317440
1753819200,17.700557708740234,17.837831497192383,17.586225509643555,17.822280883789062,1190784
1753833600,17.82161521911621,17.919010162353516,17.66401481628418,17.866104125976562,5712704
1753848000,17.86503791809082,17.874279022216797,17.64388656616211,17.679656982421875,300352
1753862400,17.680625915527344,17.79824447631836,17.26124382019043,17.27094078063965,26290048
1753876800,17.271360397338867,17.687471389770508,17.253664016723633,17.577899932861328,14422592
1753891200,17.579010009765625,17.7333927154541,16.956533432006836,17.475658416748047,72092096
1753905600,17.4744930267334,17.757768630981445,17.364356994628906,17.7152156829834,26484736
1753920000,17.71484375,18.059127807617188,17.65589141845703,18.050426483154297,26107712
1753934400,18.05270767211914,18.105581283569336,17.974952697753906,18.022985458374023,4024320
1753948800,18.022729873657227,18.213424682617188,17.94405174255371,17.948232650756836,4499520
1753963200,17.951940536499023,17.982158660888672,17.360340118408203,17.494625091552734,23597504
1753977600,17.513212203979492,17.811973571777344,17.219207763671875,17.219207763671875,30239552
1753992000,17.22296905517578,17.24786949157715,16.892230987548828,16.954233169555664,36123328
1754006400,16.952293395996094,17.011987686157227,16.535287857055664,16.870105743408203,182511680
1754020800,16.863752365112305,16.863752365112305,16.5336971282959,16.605144500732422,79272384
1754035200,16.60646629333496,16.60816764831543,16.37236213684082,16.590524673461914,61069312
1754049600,16.592681884765625,16.765893936157227,16.222654342651367,16.635690689086914,51763072
1754064000,16.636035919189453,16.72770881652832,16.2345027923584,16.38227081298828,32658880
1754078400,16.382442474365234,16.383264541625977,15.766892433166504,16.10142707824707,67619584
1754092800,16.100679397583008,16.23282241821289,16.05542755126953,16.190765380859375,0
1754107200,16.191015243530273,16.235355377197266,15.832042694091797,16.13495635986328,0
1754121600,16.135183334350586,16.153728485107422,15.857139587402344,16.031465530395508,0
1754136000,16.031150817871094,16.074939727783203,15.775534629821777,15.775534629821777,0
1754150400,15.777830123901367,15.909285545349121,15.465841293334961,15.606517791748047,1300416
1754164800,15.603177070617676,15.7766695022583,15.535616874694824,15.651691436767578,0
1754179200,15.644875526428223,15.910778045654297,15.525015830993652,15.905470848083496,0
1754193600,15.905928611755371,16.017515182495117,15.850470542907715,16.009326934814453,4229280
1754208000,16.010122299194336,16.231006622314453,16.010122299194336,16.18332862854004,9005280
1754222400,16.18343734741211,16.22276496887207,16.112295150756836,16.22276496887207,4370528
1754236800,16.2221736907959,16.334936141967773,16.203716278076172,16.265405654907227,0
1754251200,16.265825271606445,16.355533599853516,16.225223541259766,16.299997329711914,661536
1754265600,16.29978370666504,16.630088806152344,16.286441802978516,16.57805061340332,3265760
1754280000,16.578693389892578,16.652467727661133,16.47098731994629,16.64490509033203,13496608
1754294400,16.645198822021484,16.70203399658203,16.57392692565918,16.598743438720703,14127040
1754308800,16.59818458557129,16.920270919799805,16.561838150024414,16.905656814575195,90747456
1754323200,16.907251358032227,17.17650032043457,16.822860717773438,16.846139907836914,57151168
1754337600,16.846147537231445,17.155813217163086,16.834867477416992,17.10308074951172,13311968
1754352000,17.108314514160156,17.10980796813965,16.783435821533203,16.78403663635254,20430688
1754366400,16.783967971801758,16.89485740661621,16.468299865722656,16.51289939880371,54979680
1754380800,16.504243850708008,16.95368003845215,16.48708152770996,16.868968963623047,56086272
1754395200,16.869150161743164,16.87546157836914,16.241336822509766,16.241336822509766,33803840
1754409600,16.24294090270996,16.423208236694336,16.24294090270996,16.26961898803711,0
1754424000,16.272756576538086,16.41132926940918,16.108551025390625,16.385103225708008,3377472
1754438400,16.384197235107422,16.384197235107422,16.069204330444336,16.12143325805664,0
1754452800,16.120222091674805,16.510011672973633,16.06247901916504,16.501880645751953,12556480
1754467200,16.502765655517578,16.511335372924805,16.340009689331055,16.389549255371094,0
1754481600,16.40241241455078,16.756866455078125,16.281360626220703,16.756866455078125,173056
1754496000,16.756834030151367,16.883909225463867,16.632301330566406,16.752153396606445,5087968
1754510400,16.773983001708984,16.787548065185547,16.680294036865234,16.686296463012695,7423680
1754524800,16.67353630065918,16.78740692138672,16.600189208984375,16.61104393005371,4398176
1754539200,16.61078643798828,16.823749542236328,16.60449981689453,16.82292366027832,28221056
1754553600,16.824451446533203,17.40854263305664,16.824451446533203,17.353954315185547,70188608
1754568000,17.354515075683594,18.03026008605957,17.347076416015625,17.80943489074707,218786176
1754582400,17.809036254882812,18.251354217529297,17.726051330566406,18.219778060913086,125466048
1754596800,18.22740364074707,18.477672576904297,18.20400047302246,18.46993064880371,114939712
1754611200,18.471776962280273,19.161008834838867,18.16826820373535,19.161008834838867,436074944
1754625600,19.183502197265625,19.395353317260742,18.78053855895996,19.34326934814453,100828672
1754640000,19.34429931640625,19.48111915588379,19.186569213867188,19.48111915588379,110214400
1754654400,19.481128692626953,19.870990753173828,19.10772705078125,19.220813751220703,25208320
1754668800,19.22121238708496,19.654705047607422,19.098064422607422,19.654705047607422,23014272
1754683200,19.717695236206055,19.951871871948242,19.562698364257812,19.89468765258789,29252096
1754697600,19.897233963012695,20.885112762451172,19.812969207763672,20.82426643371582,41327488
1754712000,20.828590393066406,21.428068161010742,20.713294982910156,20.785541534423828,179592448
1754726400,20.788532257080078,21.165908813476562,20.762723922729492,20.91980743408203,41916544
1754740800,20.92066192626953,21.35716438293457,20.862686157226562,21.057905197143555,10481408
1754755200,21.065799713134766,21.405242919921875,21.065799713134766,21.256277084350586,19241728
1754769600,21.236732482910156,21.941120147705078,21.17978286743164,21.930374145507812,139463552
1754784000,21.94539451599121,22.05836296081543,21.297929763793945,21.48478889465332,94731136
1754798400,21.487953186035156,22.61202049255371,21.416048049926758,21.952260971069336,101167744
1754812800,21.8633975982666,22.229524612426758,21.566442489624023,21.566442489624023,125711232
1754827200,21.56879997253418,22.48281478881836,21.230195999145508,22.48281478881836,138701312
1754841600,22.488248825073242,22.551328659057617,22.04732894897461,22.155460357666016,113185152
1754856000,22.153282165527344,22.197284698486328,21.870925903320312,22.1024227142334,13358080
1754870400,22.074716567993164,22.377721786499023,21.84885025024414,22.287437438964844,71120000
1754884800,22.287437438964844,22.54603385925293,21.922914505004883,21.926204681396484,16134144
1754899200,21.93145179748535,22.041484832763672,21.237346649169922,21.298171997070312,27112320
1754913600,21.29372787475586,21.990421295166016,21.23825454711914,21.86203956604004,67510272
1754928000,21.882497787475586,22.16202735900879,21.285249710083008,21.337356567382812,3573376
1754942400,21.378538131713867,21.406585693359375,20.876176834106445,21.119802474975586,22361216
1754956800,21.109073638916016,21.698871612548828,21.066259384155273,21.4279842376709,0
1754971200,21.428924560546875,21.661930084228516,21.362878799438477,21.51268196105957,0
1754985600,21.504596710205078,21.627397537231445,21.060579299926758,21.228084564208984,35178368
1755000000,21.244571685791016,24.072734832763672,21.244571685791016,24.072734832763672,636231936
1755014400,24.016674041748047,24.057861328125,23.222721099853516,23.425580978393555,193000448
1755028800,23.418909072875977,23.667287826538086,23.143291473388672,23.522558212280273,129210752
1755043200,23.5695743560791,24.48801040649414,23.33800506591797,24.48801040649414,317797504
1755057600,24.490978240966797,24.649290084838867,23.282854080200195,23.39702606201172,236988416
1755072000,23.39773941040039,24.304523468017578,23.380859375,24.16739845275879,247079936
1755086400,24.17982292175293,24.17982292175293,23.421184539794922,23.553356170654297,0
1755100800,23.603639602661133,23.914470672607422,23.551393508911133,23.748266220092773,11853056
1755115200,23.75868034362793,24.120792388916016,23.635652542114258,24.002450942993164,16472576
1755129600,23.983596801757812,24.27347183227539,23.817216873168945,24.26702308654785,16870912
1755144000,24.2662296295166,24.2662296295166,23.458969116210938,23.534643173217773,0
1755158400,23.54416847229004,23.775115966796875,23.253692626953125,23.337261199951172,0
1755172800,23.33740997314453,23.538616180419922,22.12599754333496,22.858692169189453,376975488
1755187200,22.78961181640625,22.78961181640625,22.203676223754883,22.431041717529297,45661184
1755201600,22.430927276611328,22.559932708740234,21.918045043945312,22.479997634887695,496256
1755216000,22.478046417236328,22.85394287109375,22.25379753112793,22.85394287109375,0
1755230400,22.845867156982422,23.02288818359375,22.485050201416016,22.58460235595703,0
1755244800,22.586732864379883,22.663070678710938,22.179737091064453,22.258544921875,0
1755259200,22.219026565551758,22.47690773010254,21.51719856262207,21.609821319580078,1031040
1755273600,21.606550216674805,21.861522674560547,21.448436737060547,21.48246955871582,3689216
1755288000,21.4617862701416,22.01047706604004,21.4617862701416,21.7528076171875,4634880
1755302400,21.7548885345459,22.135229110717773,21.73660659790039,21.831880569458008,1476224
1755316800,21.836397171020508,22.138595581054688,21.57036781311035,22.12708282470703,5506624
1755331200,22.093263626098633,22.1097354888916,21.48740005493164,21.48740005493164,6418432
1755345600,21.48440170288086,22.11753273010254,21.450637817382812,22.0242977142334,0
1755360000,22.025480270385742,22.856008529663086,22.008474349975586,22.782302856445312,127997568
1755374400,22.74142074584961,22.950401306152344,22.594886779785156,22.652366638183594,44618624
1755388800,22.6541690826416,23.406387329101562,22.405393600463867,23.406387329101562,78995520
1755403200,23.402156829833984,24.537858963012695,23.402156829833984,24.309701919555664,399357184
1755417600,24.309226989746094,24.745880126953125,24.23162841796875,24.668163299560547,149380096
1755432000,24.673383712768555,26.215030670166016,24.47064208984375,26.191146850585938,432988800
1755446400,26.19980812072754,26.22429847717285,25.452516555786133,25.452516555786133,313690112
1755460800,25.45150375366211,25.90508270263672,25.45150375366211,25.694477081298828,124123904
1755475200,25.684974670410156,26.19138526916504,24.721424102783203,25.1633358001709,630196224
1755489600,25.1457462310791,25.1457462310791,24.414596557617188,24.78556251525879,56599552
1755504000,24.778900146484375,25.1472225189209,24.44137954711914,24.559606552124023,83557888
1755518400,24.550952911376953,25.83394432067871,24.550952911376953,25.33339500427246,250476544
1755532800,25.39118194580078,25.891271591186523,24.89568328857422,25.505163192749023,43258880
1755547200,25.522533416748047,26.67503547668457,25.218982696533203,25.75946807861328,316433920
1755561600,25.779767990112305,25.779767990112305,24.223861694335938,24.23341941833496,0
1755576000,24.229915618896484,24.59294319152832,23.969709396362305,24.31621551513672,37568512
1755590400,24.312074661254883,24.842615127563477,24.11972999572754,24.782695770263672,92073984
1755604800,24.771108627319336,24.808971405029297,23.96078872680664,24.3487606048584,27276544
1755619200,24.300432205200195,24.397974014282227,23.541290283203125,23.875404357910156,42322944
1755633600,23.87917137145996,24.012989044189453,23.49547576904297,23.518508911132812,1608192
1755648000,23.567157745361328,24.348989486694336,23.41075897216797,24.014604568481445,18181888
1755662400,24.01266098022461,24.810340881347656,24.01266098022461,24.45367431640625,0
1755676800,24.45525360107422,25.158437728881836,24.423290252685547,24.850854873657227,103688192
1755691200,24.868408203125,26.42490005493164,24.65675163269043,25.970293045043945,384045824
1755705600,25.948755264282227,26.27081871032715,25.48938751220703,26.096317291259766,75482368
1755720000,26.098493576049805,26.850296020507812,26.06640625,26.3680477142334,208511232
1755734400,26.426410675048828,26.51089859008789,25.831802368164062,25.8443603515625,82078976
1755748800,25.813411712646484,25.835969924926758,25.527555465698242,25.729000091552734,0
1755763200,25.7255802154541,26.314393997192383,25.66423988342285,26.113414764404297,18283264
1755777600,26.120235443115234,26.201940536499023,25.057523727416992,25.057523727416992,0
1755792000,25.055919647216797,25.199840545654297,24.733110427856445,24.906808853149414,0
1755806400,24.907272338867188,25.099096298217773,24.664113998413086,24.7853946685791,12160
1755820800,24.788564682006836,25.162559509277344,24.554380416870117,24.678667068481445,0
1755835200,24.67813491821289,25.126676559448242,24.65111541748047,25.108169555664062,16957440
1755849600,25.090618133544922,25.259645462036133,24.26896095275879,24.350299835205078,22858240
1755864000,24.345308303833008,26.658872604370117,24.178136825561523,26.656389236450195,865827840
1755878400,26.599645614624023,27.73495864868164,26.575551986694336,27.207874298095703,599668736
1755892800,27.194726943969727,27.247940063476562,26.646833419799805,26.746089935302734,152807680
1755907200,26.747074127197266,26.76223373413086,25.8905029296875,25.967105865478516,42546176
1755921600,25.959617614746094,26.201313018798828,25.75254249572754,25.82094383239746,110748672
1755936000,25.820478439331055,25.975492477416992,25.621570587158203,25.636335372924805,23083776
1755950400,25.640668869018555,26.1533145904541,25.559755325317383,26.018688201904297,0
1755964800,26.01746368408203,26.175451278686523,25.84234619140625,26.117076873779297,0
1755979200,26.118053436279297,26.335613250732422,25.998985290527344,26.277395248413086,0
1755993600,26.280439376831055,26.293468475341797,25.748579025268555,25.921031951904297,0
1756008000,25.920799255371094,25.933334350585938,25.57819366455078,25.59746551513672,0
1756022400,25.589092254638672,25.703554153442383,25.317401885986328,25.46410369873047,0
1756036800,25.464649200439453,25.810270309448242,25.464649200439453,25.534223556518555,6925888
1756051200,25.535400390625,26.567134857177734,25.535400390625,25.925140380859375,398560896
1756065600,25.95134162902832,26.214988708496094,25.64911651611328,25.82081413269043,237652096
1756080000,25.820831298828125,26.384796142578125,25.387889862060547,26.029918670654297,142925184
1756094400,25.949636459350586,26.18492889404297,24.876474380493164,24.94638442993164,170185984
1756108800,24.948766708374023,25.14910316467285,24.405736923217773,24.574520111083984,238454784
1756123200,24.57842254638672,24.634666442871094,24.3292236328125,24.47443389892578,151766272
1756137600,24.471054077148438,24.75481605529785,23.7773494720459,23.7773494720459,21046272
1756152000,23.76276206970215,23.78847885131836,23.17254638671875,23.39513397216797,81700224
1756166400,23.395536422729492,23.591352462768555,23.148771286010742,23.183805465698242,26586624
1756180800,23.17147445678711,23.477449417114258,22.92196273803711,23.168182373046875,79916800
1756195200,23.170413970947266,23.611406326293945,22.933021545410156,23.5474853515625,23802496
1756209600,23.551115036010742,24.434906005859375,23.42310333251953,24.204267501831055,193659264
1756224000,24.20738983154297,24.43199348449707,23.990671157836914,24.413278579711914,7373440
1756238400,24.409860610961914,24.717517852783203,24.26069450378418,24.402179718017578,27617408
1756252800,24.39876937866211,24.492341995239258,24.045957565307617,24.364395141601562,2269312
1756267200,24.362071990966797,24.626771926879883,24.036191940307617,24.151378631591797,47237760
1756281600,24.151485443115234,24.582242965698242,24.019512176513672,24.374530792236328,26773120
1756296000,24.37302589416504,24.551612854003906,24.109493255615234,24.301462173461914,0
1756310400,24.297889709472656,24.549463272094727,24.123703002929688,24.196062088012695,24961664
1756324800,24.187129974365234,24.392423629760742,23.64566421508789,23.75768280029297,195702400
1756339200,23.76331329345703,23.920988082885742,23.600419998168945,23.899015426635742,27288448
1756353600,23.89749526977539,24.325672149658203,23.847017288208008,24.17166519165039,7249664
1756368000,24.17082405090332,24.380231857299805,23.649269104003906,23.870698928833008,59146240
1756382400,23.8786678314209,25.894744873046875,23.8115177154541,24.767696380615234,1034569472
1756396800,24.77105712890625,25.191051483154297,24.61297035217285,24.613365173339844,198975488
1756411200,24.59407615661621,25.362825393676758,24.50872230529785,25.18059730529785,8192768
1756425600,25.181859970092773,25.19211769104004,24.162784576416016,24.24909019470215,102696192
1756440000,24.247756958007812,24.25641632080078,23.550498962402344,23.550498962402344,247014912
1756454400,23.550283432006836,23.550283432006836,23.273305892944336,23.408222198486328,54034944
1756468800,23.409317016601562,23.84833335876465,23.25764274597168,23.50754737854004,122126080
1756483200,23.496681213378906,23.543315887451172,23.165380477905273,23.365894317626953,0
1756497600,23.365875244140625,23.499422073364258,23.171960830688477,23.433847427368164,0
1756512000,23.42255210876465,23.504533767700195,22.89844512939453,23.245004653930664,1295744
1756526400,23.25179100036621,23.503137588500977,23.21556854248047,23.396459579467773,0
1756540800,23.375045776367188,23.483356475830078,23.241931915283203,23.39656639099121,0
1756555200,23.396900177001953,23.436378479003906,22.99891471862793,23.398059844970703,0
1756569600,23.3980712890625,23.445371627807617,23.317445755004883,23.363759994506836,0
1756584000,23.37006187438965,23.49810028076172,23.317609786987305,23.497879028320312,0
1756598400,23.500743865966797,23.87883186340332,23.45615577697754,23.86688804626465,18838272
1756612800,23.889678955078125,23.924421310424805,23.66288948059082,23.72586441040039,24311616
1756627200,23.72736930847168,23.874189376831055,23.577377319335938,23.752113342285156,16510976
1756641600,23.79149055480957,24.004465103149414,23.644485473632812,23.781417846679688,53184256
1756656000,23.782907485961914,23.853519439697266,23.635223388671875,23.67296028137207,14785152
1756670400,23.672813415527344,23.71965980529785,23.223466873168945,23.223466873168945,161757952
1756684800,23.206518173217773,23.332534790039062,22.964656829833984,23.076839447021484,106779136
1756699200,23.07465362548828,23.59572410583496,22.737546920776367,23.56997299194336,143786624
1756713600,23.6033878326416,23.824735641479492,23.200544357299805,23.247671127319336,128899072
1756728000,23.244279861450195,23.332735061645508,22.7872371673584,22.79242515563965,12845696
1756742400,22.796098709106445,22.8221435546875,22.583396911621094,22.8221435546875,60401408
1756756800,22.82183837890625,22.823543548583984,22.17880630493164,22.4833984375,104840576
1756771200,22.485456466674805,23.166942596435547,22.37286949157715,23.120275497436523,7024256
1756785600,23.12140464782715,23.473276138305664,23.11153793334961,23.226085662841797,0
1756800000,23.239147186279297,23.426279067993164,23.091228485107422,23.091228485107422,0
1756814400,23.09347152709961,23.43349838256836,22.67877769470215,22.83434295654297,224397568
1756828800,22.83397674560547,23.129133224487305,22.830482482910156,23.046283721923828,30954112
1756843200,23.046113967895508,23.5710506439209,23.044322967529297,23.481006622314453,6412416
1756857600,23.481595993041992,23.571828842163086,23.229446411132812,23.405363082885742,3898368
1756872000,23.405384063720703,23.4671688079834,23.239919662475586,23.26007080078125,0
1756886400,23.261770248413086,23.59619903564453,23.253826141357422,23.524808883666992,8719616
1756900800,23.522598266601562,23.80917739868164,23.396690368652344,23.80396842956543,0
1756915200,23.821136474609375,23.887821197509766,23.644620895385742,23.804767608642578,0
1756929600,23.8067569732666,23.83053970336914,23.684415817260742,23.692419052124023,70016
1756944000,23.695831298828125,23.923995971679688,23.524532318115234,23.524532318115234,239424
1756958400,23.525217056274414,23.557714462280273,23.178361892700195,23.29823875427246,23113216
1756972800,23.296533584594727,23.419326782226562,23.216672897338867,23.32532501220703,9845120
1756987200,23.32370376586914,23.369049072265625,22.501890182495117,22.501890182495117,52309184
1757001600,22.49537467956543,22.52335548400879,22.226491928100586,22.2493896484375,16772480
1757016000,22.251998901367188,22.613691329956055,22.251998901367188,22.351045608520508,66286336
1757030400,22.35004997253418,22.487253189086914,22.291309356689453,22.475622177124023,20819200
1757044800,22.476606369018555,23.071575164794922,22.420976638793945,23.071575164794922,64048896
1757059200,23.0721435546875,23.0721435546875,22.6993350982666,22.839025497436523,87209408
1757073600,22.839065551757812,23.17683982849121,22.13114356994629,22.265750885009766,286806016
1757088000,22.264057159423828,22.454326629638672,22.06454086303711,22.434080123901367,21588608
1757102400,22.44204330444336,22.542051315307617,22.2521915435791,22.290246963500977,29479936
1757116800,22.29121971130371,22.484203338623047,22.275711059570312,22.42745018005371,0
1757131200,22.426942825317383,22.426942825317383,22.163156509399414,22.20053482055664,0
1757145600,22.201162338256836,22.26468849182129,22.086957931518555,22.235774993896484,0
1757160000,22.240966796875,22.313610076904297,22.069700241088867,22.07771110534668,0
1757174400,22.077083587646484,22.241418838500977,21.898029327392578,21.898029327392578,0
1757188800,21.898330688476562,22.281003952026367,21.898330688476562,22.205257415771484,7104
1757203200,22.20844078063965,22.430377960205078,22.204835891723633,22.38028907775879,8364672
1757217600,22.379518508911133,22.460954666137695,22.270854949951172,22.293785095214844,0
1757232000,22.303178787231445,22.44859504699707,22.175081253051758,22.400659561157227,41201056
1757246400,22.40036964416504,22.427419662475586,22.242246627807617,22.394742965698242,14633760
1757260800,22.396156311035156,22.39957046508789,22.140111923217773,22.210880279541016,789760
1757275200,22.21095085144043,22.56813621520996,22.184141159057617,22.465402603149414,18040704
1757289600,22.4638614654541,22.76978874206543,22.268463134765625,22.613975524902344,69614752
1757304000,22.606891632080078,22.606891632080078,22.355430603027344,22.370092391967773,28302848
1757318400,22.374225616455078,23.17794418334961,22.374225616455078,23.002790451049805,177080576
1757332800,23.000782012939453,23.25740623474121,22.930553436279297,23.171552658081055,103575616
1757347200,23.173294067382812,23.269672393798828,22.931669235229492,22.945730209350586,73400704
1757361600,22.948095321655273,23.147571563720703,22.862285614013672,23.050901412963867,36031104
1757376000,23.050460815429688,23.263208389282227,22.885059356689453,23.146564483642578,56829440
1757390400,23.152055740356445,23.72681427001953,23.10991096496582,23.650714874267578,137446336
1757404800,23.675586700439453,23.791074752807617,23.576974868774414,23.576974868774414,2706304
1757419200,23.575069427490234,23.737672805786133,22.86336898803711,22.955778121948242,82973120
1757433600,22.953855514526367,23.092357635498047,22.890777587890625,23.090421676635742,64603520
1757448000,23.087419509887695,23.164302825927734,22.9821834564209,23.05522918701172,0
1757462400,23.054811477661133,23.394296646118164,22.910242080688477,23.37038230895996,6873152
1757476800,23.37126350402832,23.64339256286621,23.18962860107422,23.442834854125977,8957376
1757491200,23.443603515625,23.499540328979492,23.308849334716797,23.356779098510742,0
1757505600,23.355562210083008,23.88629722595215,23.355562210083008,23.696577072143555,54043264
1757520000,23.695940017700195,23.695940017700195,23.260374069213867,23.318065643310547,24921920
1757534400,23.315059661865234,23.611379623413086,23.315059661865234,23.556922912597656,13504640
1757548800,23.55868911743164,23.823272705078125,23.469507217407227,23.795164108276367,632704
1757563200,23.79742431640625,23.861488342285156,23.68036651611328,23.82728385925293,9304896
1757577600,23.831708908081055,23.83890151977539,23.703723907470703,23.781240463256836,74385984
1757592000,23.779510498046875,24.175559997558594,23.500823974609375,23.527267456054688,128780160
1757606400,23.529029846191406,23.938617706298828,23.529029846191406,23.938617706298828,10386688
1757620800,23.933805465698242,24.488983154296875,23.933805465698242,24.466829299926758,118827968
1757635200,24.4661865234375,24.713319778442383,24.40108871459961,24.65142822265625,126735616
1757649600,24.655658721923828,24.80959701538086,24.561500549316406,24.561500549316406,25094016
1757664000,24.560951232910156,24.560951232910156,24.31818389892578,24.31937026977539,29751808
1757678400,24.319120407104492,24.618942260742188,24.2228946685791,24.50263023376465,69296896
1757692800,24.50141143798828,25.151657104492188,24.470975875854492,25.151657104492188,128530304
1757707200,25.150625228881836,25.29079818725586,24.952451705932617,25.13585090637207,21779456
1757721600,25.137115478515625,25.286802291870117,24.9722843170166,25.24912452697754,2588928
1757736000,25.250560760498047,25.250560760498047,25.046255111694336,25.175756454467773,10279040
1757750400,25.17609405517578,25.576026916503906,25.167665481567383,25.288654327392578,102263168
1757764800,25.2898006439209,25.385082244873047,24.82761573791504,24.82876968383789,48297984
1757779200,24.818248748779297,24.88677215576172,24.511396408081055,24.776594161987305,28720512
1757793600,24.775671005249023,24.959550857543945,24.77001190185547,24.877153396606445,165952
1757808000,24.889251708984375,24.997295379638672,24.688095092773438,24.730459213256836,7515840
1757822400,24.727460861206055,24.87183380126953,24.512699127197266,24.61621856689453,12107456
1757836800,24.614479064941406,24.73053741455078,24.380802154541016,24.38129234313965,0
1757851200,24.380111694335938,24.468503952026367,23.89688491821289,24.02928924560547,9674368
1757865600,24.031841278076172,24.25005340576172,24.031841278076172,24.156795501708984,0
1757880000,24.157089233398438,24.360336303710938,24.081186294555664,24.131187438964844,18310912
1757894400,24.121183395385742,24.29618263244629,23.967838287353516,24.29618263244629,3849216
1757908800,24.293275833129883,24.429250717163086,23.82550048828125,23.857954025268555,53285504
1757923200,23.85204315185547,23.85204315185547,23.269691467285156,23.417888641357422,157631680
1757937600,23.417320251464844,23.440685272216797,23.045475006103516,23.17609977722168,22217984
1757952000,23.17677879333496,23.391098022460938,23.026107788085938,23.33655548095703,22049792
1757966400,23.347158432006836,23.843982696533203,23.347158432006836,23.584932327270508,17810304
1757980800,23.58349609375,23.619558334350586,23.403820037841797,23.403820037841797,3994240
1757995200,23.391958236694336,23.565942764282227,23.253948211669922,23.486482620239258,3642496
1758009600,23.48394775390625,23.7445068359375,23.48394775390625,23.63075065612793,6365696
1758024000,23.63069725036621,23.669673919677734,23.160524368286133,23.441816329956055,0
1758038400,23.44205093383789,23.73147964477539,23.33331298828125,23.57436180114746,28940480
1758052800,23.576234817504883,23.72647476196289,23.486370086669922,23.494295120239258,11452992
1758067200,23.49559783935547,23.61044692993164,23.343490600585938,23.343490600585938,6618176
1758081600,23.325603485107422,23.597726821899414,23.24357032775879,23.560991287231445,9002432
1758096000,23.56145477294922,23.566232681274414,23.092548370361328,23.096446990966797,48949568
1758110400,23.093137741088867,23.101085662841797,22.835424423217773,22.963699340820312,85875136
1758124800,22.96259117126465,23.45307731628418,22.869430541992188,23.45307731628418,208554624
1758139200,23.452106475830078,24.230621337890625,23.282203674316406,23.987545013427734,185120512
1758153600,23.996810913085938,24.172494888305664,23.88274383544922,24.13083267211914,66542976
1758168000,24.13008689880371,24.151588439941406,23.712448120117188,23.99195671081543,30792832
1758182400,23.991479873657227,24.404563903808594,23.95246124267578,24.191713333129883,29522560
1758196800,24.194997787475586,24.487380981445312,24.15323257446289,24.487380981445312,56181376
1758211200,24.48427391052246,24.590225219726562,24.38176727294922,24.5274658203125,5252992
1758225600,24.524843215942383,24.727262496948242,24.486845016479492,24.64031410217285,0
1758240000,24.651321411132812,24.849653244018555,24.469772338867188,24.476543426513672,27545792
1758254400,24.4744873046875,24.789485931396484,24.260347366333008,24.75585174560547,108511040
1758268800,24.755464553833008,24.82320213317871,23.84496307373047,23.86874008178711,68365440
1758283200,23.86783790588379,23.967357635498047,23.394168853759766,23.607398986816406,45753216
1758297600,23.607311248779297,23.700870513916016,23.337553024291992,23.433454513549805,0
1758312000,23.430984497070312,23.634429931640625,23.392181396484375,23.495508193969727,7534208
1758326400,23.496620178222656,23.653535842895508,23.385454177856445,23.44138526916504,0
1758340800,23.438642501831055,23.57413673400879,23.40982437133789,23.49677276611328,0
1758355200,23.498210906982422,23.507837295532227,23.17304039001465,23.30597686767578,0
1758369600,23.307680130004883,23.565359115600586,23.130569458007812,23.422483444213867,0
1758384000,23.423742294311523,23.480981826782227,23.266843795776367,23.297199249267578,0
1758398400,23.297645568847656,23.455917358398438,23.297645568847656,23.34473419189453,0
1758412800,23.34503746032715,23.42493438720703,23.289165496826172,23.378768920898438,0
1758427200,23.380374908447266,23.485614776611328,23.320669174194336,23.357341766357422,0
1758441600,23.358362197875977,23.39137840270996,23.079212188720703,23.137828826904297,8408544
1758456000,23.128677368164062,23.257356643676758,23.086400985717773,23.109962463378906,0
1758470400,23.10974884033203,23.196002960205078,22.941476821899414,23.178321838378906,10919456
1758484800,23.17681884765625,23.18391227722168,22.949007034301758,22.997285842895508,15096224
1758499200,22.994365692138672,23.02945899963379,21.963396072387695,22.211570739746094,293655456
1758513600,22.206743240356445,22.22138023376465,20.893709182739258,21.32954978942871,432337664
1758528000,21.296472549438477,21.383779525756836,21.122915267944336,21.22490119934082,67849472
1758542400,21.217266082763672,21.588958740234375,21.206573486328125,21.23834991455078,131709952
1758556800,21.23748779296875,21.3533878326416,21.178565979003906,21.198244094848633,86396672
1758571200,21.194438934326172,21.661117553710938,21.184112548828125,21.660171508789062,53091456
1758585600,21.66106605529785,21.75655746459961,21.22414207458496,21.60975456237793,5921920
1758600000,21.609357833862305,21.864591598510742,21.411603927612305,21.830310821533203,0
1758614400,21.826961517333984,21.854148864746094,21.73434829711914,21.807538986206055,0
1758628800,21.80683135986328,21.977367401123047,21.78107261657715,21.85282325744629,0
1758643200,21.85369110107422,21.964956283569336,21.57417869567871,21.579486846923828,3805504
1758657600,21.580059051513672,21.808990478515625,21.524890899658203,21.543882369995117,2471808
1758672000,21.54364776611328,21.682701110839844,21.303895950317383,21.303895950317383,1930368
1758686400,21.30375862121582,21.749128341674805,21.11954116821289,21.701190948486328,196639424
1758700800,21.701797485351562,21.861064910888672,21.650789260864258,21.771753311157227,1422656
1758715200,21.772613525390625,21.934368133544922,21.592687606811523,21.79921531677246,0
1758729600,21.793537139892578,21.963232040405273,21.752805709838867,21.862525939941406,0
1758744000,21.861366271972656,21.861366271972656,21.58430290222168,21.6207218170166,3189376
1758758400,21.620420455932617,21.657001495361328,21.203350067138672,21.227741241455078,39968832
1758772800,21.240222930908203,21.304088592529297,20.95623016357422,20.9814395904541,16623232
1758787200,20.984909057617188,21.150405883789062,20.74947738647461,20.74947738647461,66733888
1758801600,20.74895477294922,21.140960693359375,20.63106918334961,20.854206085205078,157979712
1758816000,20.858781814575195,20.88386344909668,19.927614212036133,20.422868728637695,223796864
1758830400,20.423723220825195,20.532629013061523,20.061264038085938,20.10879898071289,89589888
1758844800,20.115001678466797,20.590314865112305,20.115001678466797,20.551769256591797,3673984
1758859200,20.557342529296875,20.615324020385742,20.270586013793945,20.314146041870117,1696256
1758873600,20.365102767944336,20.517131805419922,19.975343704223633,20.218711853027344,17438080
1758888000,20.217735290527344,20.64565086364746,20.04524803161621,20.607608795166016,1958784
1758902400,20.607847213745117,21.21113395690918,20.601463317871094,20.977210998535156,0
1758916800,20.97370147705078,21.124425888061523,20.9251766204834,21.085487365722656,0
1758931200,21.086336135864258,21.12153434753418,20.999174118041992,21.10450553894043,0
1758945600,21.103761672973633,21.150606155395508,20.948049545288086,20.955860137939453,0
1758960000,20.95879554748535,21.096275329589844,20.8549747467041,21.009857177734375,0
1758974400,21.010881423950195,21.048120498657227,20.888042449951172,20.960895538330078,0
1758988800,20.962146759033203,20.962146759033203,20.762754440307617,20.847965240478516,0
1759003200,20.852176666259766,21.091493606567383,20.845672607421875,20.92872428894043,0
1759017600,20.927547454833984,20.927593231201172,20.68757438659668,20.713098526000977,5576960
1759032000,20.72371482849121,20.80780601501465,20.67304801940918,20.749792098999023,1606560
1759046400,20.749080657958984,20.760709762573242,20.531105041503906,20.568050384521484,4975296
1759060800,20.566972732543945,20.985191345214844,20.466474533081055,20.985191345214844,30994720
1759075200,20.994674682617188,21.27690315246582,20.994674682617188,21.194400787353516,47501728
1759089600,21.212940216064453,21.691530227661133,21.20742416381836,21.681005477905273,61183776
1759104000,21.680278778076172,21.680278778076172,21.41634178161621,21.481382369995117,17671776
1759118400,21.482027053833008,21.48764991760254,21.196828842163086,21.27704620361328,58738944
1759132800,21.277206420898438,21.389381408691406,21.10587501525879,21.203763961791992,23841984
1759147200,21.20370101928711,21.684810638427734,20.96905517578125,21.405029296875,119103488
1759161600,21.405467987060547,21.703563690185547,21.271699905395508,21.703563690185547,21536512
1759176000,21.72812843322754,21.888059616088867,21.7097225189209,21.74923324584961,21975872
1759190400,21.748727798461914,21.786054611206055,21.47271156311035,21.473651885986328,42334592
1759204800,21.479551315307617,21.685340881347656,21.385635375976562,21.414875030517578,25349312
1759219200,21.415002822875977,21.481298446655273,21.265722274780273,21.444931030273438,26439936
1759233600,21.422805786132812,21.468914031982422,21.01702308654785,21.087738037109375,5702016
1759248000,21.098119735717773,21.509946823120117,21.040307998657227,21.509946823120117,44204864
1759262400,21.514373779296875,21.670276641845703,21.312746047973633,21.329185485839844,7693952
1759276800,21.317378997802734,21.543994903564453,21.084915161132812,21.208494186401367,8227200
1759291200,21.20821189880371,21.366764068603516,21.15079689025879,21.34531593322754,1622720
1759305600,21.34451675415039,22.270885467529297,21.341205596923828,22.213605880737305,144352896
1759320000,22.218278884887695,22.474166870117188,22.152469635009766,22.38106346130371,35266944
1759334400,22.38762855529785,22.62619400024414,22.332406997680664,22.56266975402832,17605248
1759348800,22.55584716796875,22.587848663330078,22.295236587524414,22.58274269104004,20032128
1759363200,22.58038902282715,22.788612365722656,22.449308395385742,22.721498489379883,25637888
1759377600,22.720998764038086,22.832983016967773,22.591854095458984,22.591854095458984,40418368
1759392000,22.590560913085938,22.616985321044922,22.451763153076172,22.451763153076172,0
1759406400,22.45329475402832,22.55069923400879,22.00343894958496,22.370943069458008,78776640
1759420800,22.416770935058594,23.11431121826172,22.416770935058594,22.9509334564209,77700352
1759435200,22.951692581176758,22.958881378173828,22.69059181213379,22.774377822875977,19725120
1759449600,22.785831451416016,22.82911491394043,22.584070205688477,22.649364471435547,13923712
1759464000,22.611732482910156,22.679655075073242,22.32654571533203,22.377038955688477,0
1759478400,22.391687393188477,22.426471710205078,22.268260955810547,22.30135154724121,9770112
1759492800,22.301029205322266,22.684017181396484,22.143756866455078,22.681596755981445,20954880
1759507200,22.751039505004883,23.05620765686035,22.32241439819336,22.632375717163086,125204672
1759521600,22.63334846496582,22.704252243041992,22.524473190307617,22.524473190307617,2348672
1759536000,22.514936447143555,22.598825454711914,22.189537048339844,22.228389739990234,0
1759550400,22.225038528442383,22.27831268310547,22.06787109375,22.073062896728516,340096
1759564800,22.08131980895996,22.08180046081543,21.79896354675293,21.856840133666992,23719744
1759579200,21.856706619262695,22.16261863708496,21.821407318115234,21.853097915649414,0
1759593600,21.852758407592773,22.014312744140625,21.84495735168457,21.988801956176758,0
1759608000,21.989681243896484,22.132747650146484,21.989681243896484,22.032207489013672,0
1759622400,22.0301513671875,22.578540802001953,21.96340560913086,22.373868942260742,50093952
1759636800,22.374399185180664,22.808914184570312,22.368728637695312,22.808914184570312,123102208
1759651200,22.819181442260742,22.910303115844727,22.507123947143555,22.747888565063477,78753600
1759665600,22.750743865966797,22.750743865966797,22.421329498291016,22.47226333618164,0
1759680000,22.469947814941406,22.60545539855957,21.96662139892578,21.96662139892578,45823872
1759694400,21.945653915405273,22.102426528930664,21.93613624572754,22.00239372253418,21657728
1759708800,22.002941131591797,22.172443389892578,21.554458618164062,21.897323608398438,212906624
1759723200,21.89842987060547,22.13152503967285,21.777559280395508,21.90452003479004,0
1759737600,21.90580177307129,22.20785903930664,21.90580177307129,22.12142562866211,0
1759752000,22.1213321685791,22.954347610473633,22.1213321685791,22.880229949951172,143047936
1759766400,22.85477066040039,23.47157096862793,22.81281280517578,23.447267532348633,145679168
1759780800,23.455820083618164,23.569725036621094,23.307981491088867,23.374221801757812,96410624
1759795200,23.378305435180664,23.668947219848633,23.360429763793945,23.371126174926758,25916608
1759809600,23.37139320373535,23.59571075439453,22.867788314819336,22.87163734436035,111575424
1759824000,22.87015724182129,22.88166046142578,22.592926025390625,22.88166046142578,107868928
1759838400,22.88001823425293,23.072561264038086,21.917579650878906,22.00420570373535,137666560
1759852800,21.99484634399414,22.192995071411133,21.852354049682617,21.920806884765625,16870016
1759867200,21.892292022705078,22.178804397583008,21.856021881103516,21.856021881103516,80256
1759881600,21.8273983001709,22.136917114257812,21.771547317504883,21.782838821411133,0
1759896000,21.781972885131836,21.951642990112305,21.73629379272461,21.89361572265625,0
1759910400,21.89521598815918,22.156526565551758,21.89521598815918,22.05666160583496,0
1759924800,22.057031631469727,22.287240982055664,21.935710906982422,22.016450881958008,0
1759939200,22.00322914123535,22.537696838378906,21.98885154724121,22.486602783203125,18489664
1759953600,22.48634910583496,22.640886306762695,22.428407669067383,22.620689392089844,0
1759968000,22.623611450195312,22.653030395507812,21.99045753479004,22.264217376708984,28736512
1759982400,22.25655174255371,22.46571159362793,21.964996337890625,22.00897979736328,3548224
1759996800,21.976919174194336,21.977954864501953,21.621261596679688,21.741104125976562,41296192
1760011200,21.739477157592773,21.9880428314209,21.379451751708984,21.524938583374023,65983936
1760025600,21.523420333862305,21.903799057006836,21.416141510009766,21.718717575073242,29151232
1760040000,21.725618362426758,22.112024307250977,21.725618362426758,22.012203216552734,12276352
1760054400,22.011083602905273,22.574920654296875,22.00501251220703,22.469806671142578,53579584
1760068800,22.42046356201172,22.608572006225586,22.2911376953125,22.36276626586914,46228096
1760083200,22.356325149536133,22.741565704345703,22.324142456054688,22.438508987426758,20116096
1760097600,22.43455696105957,22.749038696289062,21.35846519470215,21.383638381958008,184262208
1760112000,21.37908935546875,21.5119571685791,20.525142669677734,20.543827056884766,211905536
1760126400,20.534820556640625,20.666139602661133,10.192776679992676,17.341880798339844,2065067776
1760140800,17.32366180419922,18.130983352661133,17.048900604248047,17.483217239379883,484003584
1760155200,17.52073860168457,17.84410285949707,17.420053482055664,17.729106903076172,203794432
1760169600,17.735734939575195,18.474275588989258,17.715312957763672,18.032855987548828,129618432
1760184000,18.033565521240234,18.100122451782227,17.578977584838867,17.982154846191406,34576640
1760198400,17.98361587524414,18.130029678344727,17.261201858520508,17.268569946289062,0
1760212800,17.27794075012207,17.293794631958008,16.686424255371094,17.213497161865234,0
1760227200,17.197023391723633,17.200149536132812,16.767770767211914,17.107139587402344,0
1760241600,17.10784339904785,17.485471725463867,17.098424911499023,17.438846588134766,0
1760256000,17.4304256439209,17.502412796020508,17.257661819458008,17.415355682373047,0
1760270400,17.415775299072266,18.758766174316406,17.298078536987305,18.758766174316406,196793600
1760284800,18.759523391723633,19.35980224609375,18.759523391723633,19.35967445373535,144429312
1760299200,19.360912322998047,19.390621185302734,18.934982299804688,19.047571182250977,3077504
1760313600,19.04017448425293,19.20810317993164,18.816282272338867,19.030038833618164,32507904
1760328000,19.032426834106445,19.657434463500977,18.982995986938477,19.50420570373535,67445376
1760342400,19.509416580200195,19.751060485839844,19.155912399291992,19.245695114135742,139941120
1760356800,19.222150802612305,19.789310455322266,19.165435791015625,19.757749557495117,168881792
1760371200,19.760379791259766,20.115650177001953,19.524208068847656,20.029033660888672,15895552
1760385600,20.058528900146484,20.18865394592285,19.864442825317383,19.864442825317383,0
1760400000,19.863052368164062,20.034807205200195,19.359874725341797,19.502901077270508,25546368
1760414400,19.497705459594727,19.525604248046875,18.497575759887695,18.537429809570312,112002432
1760428800,18.549034118652344,18.739809036254883,18.158018112182617,18.60686492919922,35230848
1760443200,18.604753494262695,19.008094787597656,18.292123794555664,18.987403869628906,13186560
1760457600,19.028724670410156,19.231529235839844,18.773122787475586,18.887819290161133,30600960
1760472000,18.890966415405273,19.151702880859375,18.869409561157227,19.11338233947754,2763776
1760486400,19.114713668823242,19.23357391357422,18.89540672302246,18.92707633972168,18165760
1760500800,18.927248001098633,19.133190155029297,18.87320327758789,18.882774353027344,0
1760515200,18.883094787597656,19.183265686035156,18.70713233947754,18.714719772338867,63966080
1760529600,18.70282745361328,18.72899055480957,18.097394943237305,18.118322372436523,0
1760544000,18.134681701660156,18.241104125976562,17.88950538635254,18.022918701171875,0
1760558400,18.044925689697266,18.11286735534668,17.846986770629883,18.063411712646484,25903104
1760572800,18.06282615661621,18.1673526763916,17.960235595703125,18.088926315307617,2185600
1760587200,18.089561462402344,18.1955509185791,17.997426986694336,18.054529190063477,7540992
1760601600,18.055166244506836,18.483633041381836,17.692665100097656,18.462278366088867,73121600
1760616000,18.466094970703125,18.560302734375,17.646556854248047,17.646556854248047,27087744
1760630400,17.654754638671875,18.0499210357666,17.347625732421875,17.431659698486328,102941568
1760644800,17.422622680664062,17.456655502319336,17.145212173461914,17.403949737548828,7413184
1760659200,17.405805587768555,17.666738510131836,17.375877380371094,17.517072677612305,9893952
1760673600,17.51729965209961,17.51854133605957,16.25204849243164,16.25235366821289,172694912
1760688000,16.252017974853516,16.536718368530273,15.785898208618164,16.51081657409668,247029760
1760702400,16.533275604248047,16.668270111083984,16.19027328491211,16.577836990356445,47780992
1760716800,16.634172439575195,16.80742835998535,16.28510284423828,16.369850158691406,0
1760731200,16.372215270996094,16.759729385375977,16.350414276123047,16.61131477355957,14243456
1760745600,16.611692428588867,16.885616302490234,16.609941482543945,16.8050537109375,6867584
1760760000,16.804162979125977,16.961307525634766,16.589933395385742,16.734050750732422,0
1760774400,16.70997428894043,16.9195499420166,16.70997428894043,16.852998733520508,0
1760788800,16.878952026367188,16.966510772705078,16.668899536132812,16.804859161376953,0
1760803200,16.79039192199707,16.88329315185547,16.66290855407715,16.83011245727539,0
1760817600,16.833755493164062,16.926788330078125,16.780851364135742,16.820730209350586,0
1760832000,16.820524215698242,16.882471084594727,16.66243553161621,16.84280014038086,3261536
1760846400,16.848220825195312,16.894899368286133,16.694591522216797,16.78263282775879,21979776
1760860800,16.80280876159668,17.28520965576172,16.55315589904785,17.143892288208008,146961600
1760875200,17.14705467224121,17.525678634643555,17.064672470092773,17.407278060913086,60521472
1760889600,17.409042358398438,17.64850425720215,17.3414249420166,17.468883514404297,48535744
1760904000,17.468393325805664,17.549320220947266,17.260875701904297,17.27590560913086,23058688
1760918400,17.284971237182617,17.63454818725586,16.969362258911133,17.63454818725586,51437568
1760932800,17.652379989624023,18.914220809936523,17.60434913635254,18.606849670410156,335131904
1760947200,18.606868743896484,18.992717742919922,18.590301513671875,18.986108779907227,14732800
1760961600,18.996431350708008,19.172805786132812,18.857162475585938,18.857162475585938,68977664
1760976000,18.855764389038086,18.91092300415039,18.52934455871582,18.861812591552734,228100736
1760990400,18.86170768737793,18.930049896240234,18.63820457458496,18.6574764251709,28338688
1761004800,18.66220474243164,18.940265655517578,18.18145179748535,18.18145179748535,48991232
1761019200,18.18096351623535,18.18096351623535,17.700166702270508,18.058475494384766,66307328
1761033600,18.05851936340332,18.100656509399414,17.834781646728516,18.095029830932617,0
1761048000,18.092805862426758,18.9311580657959,17.876129150390625,18.79523468017578,178138496
1761062400,18.801937103271484,18.878082275390625,18.143409729003906,18.224660873413086,45958400
1761076800,18.217674255371094,18.217674255371094,17.576072692871094,17.628252029418945,89058688
1761091200,17.625513076782227,17.734928131103516,17.478923797607422,17.600439071655273,16229504
1761105600,17.603673934936523,17.835535049438477,17.472768783569336,17.600727081298828,0
1761120000,17.60284996032715,17.60284996032715,17.337751388549805,17.411964416503906,59847296
1761134400,17.412395477294922,17.565744400024414,17.19794273376465,17.515380859375,0
1761148800,17.473936080932617,17.477527618408203,17.165794372558594,17.2316837310791,0
1761163200,17.26068878173828,17.261878967285156,16.900650024414062,17.207212448120117,37054976
1761177600,17.206159591674805,17.353097915649414,17.19093132019043,17.269245147705078,0
1761192000,17.268901824951172,17.666650772094727,17.263185501098633,17.579647064208984,20698048
1761206400,17.57953453063965,17.694011688232422,17.291584014892578,17.30145263671875,66180032
1761220800,17.300304412841797,17.506275177001953,17.140541076660156,17.44822883605957,10326144
1761235200,17.444772720336914,17.764476776123047,17.39591407775879,17.46343231201172,18040320
1761249600,17.463848114013672,17.469228744506836,17.30488395690918,17.41610336303711,0
1761264000,17.433584213256836,17.451629638671875,17.317655563354492,17.342544555664062,9909504
1761278400,17.343351364135742,17.710018157958984,17.3259334564209,17.616456985473633,34189952
1761292800,17.625579833984375,17.77298927307129,17.595813751220703,17.73719596862793,28317184
1761307200,17.741365432739258,17.968706130981445,17.4986572265625,17.539857864379883,37925504
1761321600,17.542463302612305,17.833959579467773,17.504526138305664,17.809642791748047,12685376
1761336000,17.794910430908203,17.98390007019043,17.794023513793945,17.878087997436523,15206080
1761350400,17.88043975830078,17.94447135925293,17.80890655517578,17.810148239135742,0
1761364800,17.810150146484375,17.966796875,17.810150146484375,17.870132446289062,2460672
1761379200,17.870323181152344,18.00971031188965,17.870323181152344,18.007125854492188,0
1761393600,18.00018882751465,18.071229934692383,17.957700729370117,18.005592346191406,0
1761408000,18.004934310913086,18.186771392822266,17.977048873901367,18.181873321533203,0
1761422400,18.19668197631836,18.223819732666016,17.998214721679688,18.01751136779785,2655488
1761436800,18.017568588256836,18.017568588256836,17.714487075805664,17.734758377075195,41829088
1761451200,17.737329483032227,17.85797691345215,17.732622146606445,17.848344802856445,21734912
1761465600,17.856887817382812,18.309566497802734,17.856887817382812,18.309566497802734,64397312
1761480000,18.326313018798828,18.447120666503906,18.241804122924805,18.31512451171875,67348640
1761494400,18.320920944213867,18.320920944213867,18.110383987426758,18.163724899291992,45769664
1761508800,18.17173194885254,18.65763282775879,18.097091674804688,18.54042625427246,93181248
1761523200,18.541351318359375,19.017223358154297,18.539411544799805,18.95686149597168,77674368
1761537600,18.9581241607666,19.01906394958496,18.761449813842773,18.820146560668945,60615040
1761552000,18.830583572387695,18.882265090942383,18.411331176757812,18.476362228393555,35111424
1761566400,18.487703323364258,18.48809242248535,18.21339988708496,18.392763137817383,20446016
1761580800,18.407791137695312,18.83005142211914,18.407791137695312,18.485105514526367,60034176
1761595200,18.483076095581055,18.483076095581055,18.142925262451172,18.216838836669922,30803072
1761609600,18.209327697753906,18.370811462402344,18.155536651611328,18.211734771728516,0
1761624000,18.218360900878906,18.448165893554688,18.036230087280273,18.32059097290039,0
1761638400,18.328411102294922,18.52621078491211,18.303913116455078,18.40227699279785,6091520
1761652800,18.39467430114746,18.787189483642578,18.293045043945312,18.356454849243164,80760768
1761667200,18.358436584472656,18.638994216918945,17.934940338134766,17.972808837890625,13988416
1761681600,17.97955894470215,17.9847412109375,17.56165313720703,17.840322494506836,100358208
1761696000,17.831350326538086,17.995046615600586,17.77022933959961,17.819772720336914,6166400
1761710400,17.819746017456055,17.97303009033203,17.802112579345703,17.930410385131836,4098176
1761724800,17.929046630859375,18.140012741088867,17.763200759887695,18.138425827026367,21012480
1761739200,18.136568069458008,18.283994674682617,17.945127487182617,18.016605377197266,10704832
1761753600,18.01720428466797,18.4506893157959,17.696393966674805,18.32113265991211,235127616
1761768000,18.32113265991211,18.618070602416992,18.020278930664062,18.109817504882812,14892992
1761782400,18.11254119873047,18.293415069580078,18.044132232666016,18.142417907714844,24857728
1761796800,18.1512393951416,18.39874267578125,17.56524658203125,18.362844467163086,179591936
1761811200,18.363569259643555,18.36363410949707,17.70199203491211,17.7208309173584,72488448
1761825600,17.69338607788086,17.694107055664062,16.90564727783203,16.916635513305664,125449728
1761840000,16.893774032592773,16.981130599975586,16.387855529785156,16.444740295410156,22024960
1761854400,16.430511474609375,16.805585861206055,16.39236068725586,16.805585861206055,8442880
1761868800,16.804597854614258,17.071874618530273,16.784103393554688,16.922618865966797,73408256
1761883200,16.919811248779297,17.2907657623291,16.919811248779297,17.21356773376465,0
1761897600,17.21302604675293,17.315603256225586,17.16781997680664,17.315603256225586,0
1761912000,17.320232391357422,17.41928482055664,17.123857498168945,17.295040130615234,0
1761926400,17.29361915588379,17.31438636779785,16.83319854736328,17.292375564575195,5608576
1761940800,17.290058135986328,17.337108612060547,17.15837860107422,17.240148544311523,0
1761955200,17.239526748657227,17.306360244750977,17.08995819091797,17.30377960205078,0
1761969600,17.303651809692383,17.316303253173828,17.141435623168945,17.315784454345703,0
1761984000,17.315853118896484,17.400272369384766,17.259571075439453,17.327091217041016,0
1761998400,17.328866958618164,17.399385452270508,17.156875610351562,17.221460342407227,0
1762012800,17.22730827331543,17.313644409179688,17.110872268676758,17.235000610351562,0
1762027200,17.242279052734375,17.309221267700195,17.078107833862305,17.121679306030273,3997184
1762041600,17.131967544555664,17.174482345581055,17.07004737854004,17.142427444458008,0
1762056000,17.143085479736328,17.57062530517578,17.123258590698242,17.56012535095215,58679584
1762070400,17.55074119567871,17.582456588745117,17.276304244995117,17.570940017700195,24033248
1762084800,17.57132339477539,17.57819175720215,17.103811264038086,17.16850471496582,14601952
1762099200,17.147125244140625,17.255277633666992,17.00775146484375,17.037464141845703,13105632
1762113600,17.038326263427734,17.598114013671875,17.027462005615234,17.59806251525879,33553088
1762128000,17.61106300354004,17.625518798828125,16.370576858520508,16.370576858520508,149178400
1762142400,16.348119735717773,16.49547576904297,15.933655738830566,16.18683624267578,90699712
1762156800,16.177947998046875,16.204483032226562,15.900577545166016,16.066083908081055,73754496
1762171200,16.066314697265625,16.291860580444336,15.047257423400879,15.279747009277344,285695488
1762185600,15.276688575744629,15.767045974731445,15.276688575744629,15.382007598876953,170032256
1762200000,15.371194839477539,15.403139114379883,15.078680992126465,15.242831230163574,104630784
1762214400,15.242838859558105,15.472723960876465,15.134195327758789,15.419990539550781,0
1762228800,15.421625137329102,15.473588943481445,14.614049911499023,14.633816719055176,84065280
1762243200,14.636495590209961,15.197932243347168,14.559391975402832,15.04465103149414,60424832
1762257600,15.056097030639648,15.357553482055664,14.71872615814209,15.09794807434082,56752640
1762272000,15.095703125,15.18750286102295,14.238937377929688,14.299168586730957,123391744
1762286400,14.299264907836914,14.819584846496582,13.887686729431152,14.723957061767578,238182272
1762300800,14.720587730407715,14.86331844329834,14.049033164978027,14.852375030517578,136162304
1762315200,14.844902992248535,14.987312316894531,14.7714204788208,14.924514770507812,10323968
1762329600,14.895130157470703,14.895130157470703,14.556349754333496,14.841853141784668,0
1762344000,14.839427947998047,15.087738990783691,14.759602546691895,15.087738990783691,0
1762358400,15.089652061462402,15.377610206604004,14.961904525756836,15.260717391967773,0
1762372800,15.25805377960205,15.33924674987793,15.088171005249023,15.149827003479004,22441472
1762387200,15.148397445678711,15.188043594360352,14.873141288757324,15.13362979888916,0
1762401600,15.13204288482666,15.193573951721191,14.86460018157959,14.914093017578125,4886464
1762416000,14.911325454711914,14.94730281829834,14.78756046295166,14.926902770996094,508096
1762430400,14.927303314208984,15.070260047912598,14.452116012573242,14.463133811950684,10376192
1762444800,14.463111877441406,14.732917785644531,14.325268745422363,14.695322036743164,14336960
1762459200,14.693951606750488,14.762574195861816,14.521777153015137,14.717702865600586,9541696
1762473600,14.717936515808105,15.007719039916992,14.626140594482422,14.955361366271973,22516992
1762488000,14.953563690185547,15.147037506103516,14.854748725891113,15.145257949829102,26752
1762502400,15.146099090576172,15.168353080749512,14.54468822479248,14.694014549255371,39441088
1762516800,14.69411849975586,15.054112434387207,14.36761474609375,15.049514770507812,60679616
1762531200,15.04852294921875,16.195432662963867,14.983823776245117,16.05852508544922,176528896
1762545600,16.059404373168945,16.156007766723633,15.761887550354004,15.768796920776367,28039040
1762560000,15.769254684448242,15.996524810791016,15.642500877380371,15.799251556396484,37402560
1762574400,15.784055709838867,15.890557289123535,15.573710441589355,15.719691276550293,37970944
1762588800,15.718950271606445,15.840256690979004,15.623961448669434,15.640199661254883,28368384
1762603200,15.649995803833008,15.680919647216797,15.206724166870117,15.228337287902832,0
1762617600,15.227747917175293,15.42759895324707,15.149271965026855,15.34994125366211,0
1762632000,15.351537704467773,15.530057907104492,15.30928897857666,15.514171600341797,0
1762646400,15.514479637145996,15.514479637145996,15.062764167785645,15.0995454788208,0
1762660800,15.099400520324707,15.392967224121094,15.071100234985352,15.365684509277344,0
1762675200,15.367147445678711,15.477828025817871,15.102184295654297,15.456718444824219,0
1762689600,15.456210136413574,15.908940315246582,15.417486190795898,15.823355674743652,26688768
1762704000,15.824738502502441,16.07032585144043,15.743843078613281,16.07032585144043,13281408
1762718400,16.072452545166016,16.099395751953125,15.855926513671875,15.927749633789062,29853312
1762732800,15.927743911743164,16.276817321777344,15.858052253723145,16.235885620117188,41347456
1762747200,16.23478889465332,16.397777557373047,16.179628372192383,16.351978302001953,30449408
1762761600,16.353694915771484,16.625041961669922,16.229604721069336,16.523029327392578,41048128
1762776000,16.52104377746582,16.614059448242188,16.028553009033203,16.048965454101562,76180096
1762790400,16.050010681152344,16.238128662109375,15.964079856872559,16.204126358032227,16422784
1762804800,16.19916343688965,16.43362808227539,15.991732597351074,16.344755172729492,27568128
1762819200,16.34531021118164,16.714130401611328,16.203845977783203,16.64969253540039,42948160
1762833600,16.648265838623047,16.659276962280273,16.01555824279785,16.01555824279785,22213824
1762848000,16.013036727905273,16.208948135375977,15.99359130859375,16.15734100341797,674944
1762862400,16.165054321289062,16.27260398864746,15.747663497924805,15.7918119430542,11818368
1762876800,15.793313980102539,15.848435401916504,15.640142440795898,15.655180931091309,672064
1762891200,15.652828216552734,15.652828216552734,15.277145385742188,15.298078536987305,16380736
1762905600,15.298028945922852,15.449005126953125,15.234198570251465,15.405488967895508,0
1762920000,15.403148651123047,15.518619537353516,15.322994232177734,15.34900951385498,0
1762934400,15.349248886108398,16.10493278503418,15.349248886108398,16.103429794311523,76469632
1762948800,16.103469848632812,16.203187942504883,15.368029594421387,15.368029594421387,25943552
1762963200,15.370007514953613,15.372274398803711,14.966235160827637,15.108983039855957,86897024
1762977600,15.108353614807129,15.287330627441406,15.068188667297363,15.14175033569336,60544
1762992000,15.141890525817871,15.611921310424805,15.141890525817871,15.581778526306152,36460928
1763006400,15.576342582702637,15.976842880249023,15.465633392333984,15.85177993774414,71636096
1763020800,15.857059478759766,15.933281898498535,15.668633460998535,15.75405216217041,4828928
1763035200,15.750404357910156,15.754142761230469,15.275242805480957,15.279641151428223,5465600
1763049600,15.291336059570312,15.305509567260742,14.270207405090332,14.272717475891113,100545856
1763064000,14.27283000946045,14.703133583068848,14.171069145202637,14.58436393737793,114740544
1763078400,14.585670471191406,14.585670471191406,14.38554859161377,14.411418914794922,39116352
1763092800,14.414887428283691,14.520001411437988,13.98245906829834,14.44760513305664,94802624
1763107200,14.447932243347168,14.447932243347168,14.146124839782715,14.158238410949707,73986944
1763121600,14.1639404296875,14.406384468078613,13.866124153137207,14.293290138244629,124896128
1763136000,14.28884220123291,14.46253490447998,14.081743240356445,14.26335334777832,0
1763150400,14.26668930053711,14.282547950744629,13.64599609375,13.798151969909668,2203008
1763164800,13.800241470336914,14.260751724243164,13.800115585327148,14.19337272644043,1126784
1763179200,14.193087577819824,14.249591827392578,14.069869995117188,14.073299407958984,0
1763193600,14.072383880615234,14.082650184631348,13.844477653503418,13.999849319458008,0
1763208000,13.999588012695312,14.260735511779785,13.983078002929688,14.182390213012695,0
1763222400,14.178872108459473,14.308793067932129,14.087051391601562,14.20730209350586,0
1763236800,14.20686149597168,14.20686149597168,14.009634017944336,14.121142387390137,0
1763251200,14.121342658996582,14.2134370803833,13.89074420928955,14.166080474853516,5360192
1763265600,14.166138648986816,14.313624382019043,14.103476524353027,14.313624382019043,0
1763280000,14.3135986328125,14.473260879516602,14.055973052978516,14.07124137878418,62289952
1763294400,14.067459106445312,14.150286674499512,13.822615623474121,13.822615623474121,67516288
1763308800,13.812444686889648,13.86055850982666,13.462191581726074,13.62761402130127,163013056
1763323200,13.62789535522461,13.79895305633545,13.445991516113281,13.741693496704102,79085952
1763337600,13.741316795349121,13.9596586227417,13.630008697509766,13.9596586227417,34435584
1763352000,13.959954261779785,14.002055168151855,13.945125579833984,13.965353012084961,9762176
1763712000,12.048489570617676,12.102312088012695,11.870210647583008,11.876484870910645,492486976
1763726400,11.872556686401367,12.27320384979248,11.698233604431152,11.891666412353516,91591424
1763740800,11.906888008117676,12.332586288452148,11.79362678527832,12.09168815612793,0
1763755200,12.095888137817383,12.215921401977539,11.837628364562988,12.119552612304688,19410816
1763769600,12.117478370666504,12.226550102233887,12.062666893005371,12.098146438598633,3221760
1763784000,12.096656799316406,12.10400676727295,11.857914924621582,11.997387886047363,15229696
1763798400,11.995847702026367,11.995847702026367,11.782190322875977,11.980137825012207,0
1763812800,11.968931198120117,11.975156784057617,11.771939277648926,11.887121200561523,0
1763827200,11.894434928894043,12.070228576660156,11.894434928894043,12.022478103637695,0
1763841600,12.022478103637695,12.262238502502441,11.962859153747559,12.173174858093262,0
1763856000,12.172805786132812,12.454251289367676,12.125865936279297,12.445487976074219,28326912
1763870400,12.445717811584473,12.562335014343262,12.31693172454834,12.346474647521973,6846784
1763884800,12.355574607849121,12.573810577392578,12.355574607849121,12.509998321533203,53218272
1763899200,12.51034164428711,12.689107894897461,12.509468078613281,12.685023307800293,21833984
1763913600,12.68414306640625,12.709891319274902,12.48239803314209,12.668416976928711,11788096
1763928000,12.66686725616455,12.724465370178223,12.505721092224121,12.509326934814453,15662336
1763942400,12.509414672851562,12.809988975524902,12.380779266357422,12.6769437789917,25950272
1763956800,12.680298805236816,12.836187362670898,12.502169609069824,12.600613594055176,23480512
1763971200,12.59884262084961,12.61334228515625,12.374982833862305,12.483537673950195,7948800
1763985600,12.483814239501953,12.643671989440918,12.395055770874023,12.609451293945312,33735296
1764000000,12.610729217529297,13.176426887512207,12.610729217529297,12.98499870300293,105063808
1764014400,12.99803638458252,13.140568733215332,12.964110374450684,12.964110374450684,18262720
1764028800,12.964458465576172,13.0027437210083,12.882013320922852,12.906250953674316,0
1764043200,12.907219886779785,13.02537727355957,12.833516120910645,12.833516120910645,4967168
1764057600,12.833121299743652,12.850793838500977,12.681849479675293,12.775110244750977,11797952
1764072000,12.775108337402344,12.91462230682373,12.607903480529785,12.700889587402344,15301440
1764086400,12.712735176086426,13.126567840576172,12.712735176086426,12.971016883850098,8043840
1764100800,12.973076820373535,13.19403076171875,12.887212753295898,13.065667152404785,43317376
1764115200,13.067839622497559,13.131718635559082,12.954712867736816,12.954712867736816,5976832
1764129600,12.954054832458496,13.054943084716797,12.931778907775879,13.054943084716797,32385600
1764144000,13.057059288024902,13.064284324645996,12.821917533874512,12.839061737060547,19402560
1764158400,12.841228485107422,12.959912300109863,12.764469146728516,12.840412139892578,0
1764172800,12.858133316040039,13.490021705627441,12.858133316040039,13.462298393249512,17014848
1764187200,13.460954666137695,13.480206489562988,13.368226051330566,13.45557975769043,0
1764201600,13.453815460205078,13.551794052124023,13.372753143310547,13.379977226257324,27955296
1764216000,13.379364967346191,13.43250560760498,13.306314468383789,13.34759521484375,12666240
1764230400,13.348576545715332,13.418608665466309,13.296504974365234,13.351356506347656,10046720
1764244800,13.351698875427246,13.467032432556152,13.248125076293945,13.467032432556152,7237760
1764259200,13.46374797821045,13.52132797241211,13.413105010986328,13.466155052185059,971776
1764273600,13.467109680175781,13.50378704071045,13.332826614379883,13.348684310913086,0
1764288000,13.348584175109863,13.362497329711914,13.163416862487793,13.290725708007812,2859168
1764302400,13.290619850158691,13.31832504272461,13.21796703338623,13.23789119720459,0
1764316800,13.233648300170898,13.508000373840332,13.233375549316406,13.3145751953125,31200160
1764331200,13.312946319580078,13.501328468322754,13.278818130493164,13.404581069946289,22690496
1764345600,13.417284965515137,13.417284965515137,13.077384948730469,13.20926570892334,33027552
1764360000,13.207101821899414,13.217483520507812,13.108527183532715,13.128323554992676,11544672
1764432000,13.031976699829102,13.033374786376953,13.031018257141113,13.031018257141113,0
1764561600,12.15760612487793,12.241456031799316,12.15760612487793,12.178263664245605,267252864
1764576000,12.18144702911377,12.197667121887207,12.130104064941406,12.130104064941406,18496128
1764590400,12.131083488464355,12.17362117767334,11.880993843078613,12.006797790527344,88520256
1764604800,12.008973121643066,12.008973121643066,11.762778282165527,11.842273712158203,70030464
1764619200,11.84229850769043,12.14951229095459,11.84229850769043,12.085734367370605,48641792
1764633600,12.083361625671387,12.139183044433594,11.994586944580078,12.112691879272461,0
1764648000,12.111359596252441,12.173778533935547,12.096274375915527,12.136807441711426,0
1764662400,12.13612174987793,12.25920295715332,12.02286434173584,12.257049560546875,21999168
1764676800,12.258177757263184,13.356465339660645,12.209879875183105,13.33470630645752,85367360
1764691200,13.331901550292969,13.459263801574707,13.25457763671875,13.427544593811035,51430016
1764705600,13.426843643188477,13.569189071655273,13.299644470214844,13.50985050201416,38291136
1764720000,13.508275032043457,13.974924087524414,13.457589149475098,13.974735260009766,123210944
1764734400,13.972176551818848,14.394036293029785,13.949463844299316,14.383604049682617,159882816
1764748800,14.38500690460205,14.557430267333984,14.321977615356445,14.432791709899902,101884928
1764763200,14.43303108215332,14.592063903808594,14.268697738647461,14.386551856994629,92975872
1764777600,14.388931274414062,14.53153133392334,14.330000877380371,14.431653022766113,4316672
1764792000,14.431192398071289,14.709197998046875,14.377972602844238,14.681859970092773,31322112
1764806400,14.679593086242676,14.904108047485352,14.55044174194336,14.613012313842773,5319680
1764820800,14.613517761230469,14.619050025939941,14.381953239440918,14.53984546661377,0
1764835200,14.540733337402344,14.756205558776855,14.476234436035156,14.48790454864502,0
1764849600,14.48435115814209,14.498045921325684,14.248553276062012,14.483098983764648,0
1764864000,14.478818893432617,14.50573444366455,14.013904571533203,14.223142623901367,41535808
1764878400,14.221147537231445,14.355913162231445,14.180768013000488,14.253913879394531,0
1764892800,14.255370140075684,14.378954887390137,14.215494155883789,14.253933906555176,0
1764907200,14.255155563354492,14.296965599060059,14.153863906860352,14.25480842590332,0
1764921600,14.253503799438477,14.294380187988281,13.98938274383545,14.055164337158203,3713536
1764936000,14.054755210876465,14.126708984375,13.779722213745117,13.928252220153809,43936960
1764950400,13.933497428894043,13.935970306396484,13.401703834533691,13.589502334594727,64825856
1764964800,13.587409973144531,13.645384788513184,13.515708923339844,13.60709285736084,5832384
1764979200,13.604976654052734,13.752026557922363,13.513733863830566,13.675456047058105,14433792
1764993600,13.675366401672363,13.678464889526367,13.559971809387207,13.615028381347656,4300608
1765008000,13.614017486572266,13.758379936218262,13.52330207824707,13.747838020324707,0
1765022400,13.754140853881836,13.881591796875,13.657058715820312,13.836098670959473,0
1765036800,13.83320140838623,14.069069862365723,13.83214282989502,13.856478691101074,0
1765051200,13.860880851745605,14.00791072845459,13.860880851745605,13.925993919372559,564576
1765065600,13.920941352844238,14.000572204589844,13.91422176361084,14.000572204589844,0
1765080000,14.001338005065918,14.02916145324707,13.889765739440918,13.92343521118164,4879520
1765094400,13.923857688903809,13.927092552185059,13.760478973388672,13.802945137023926,5996608
1765108800,13.798393249511719,13.938665390014648,13.233993530273438,13.60362434387207,71507008
1765123200,13.606880187988281,14.135333061218262,13.498003005981445,14.052021980285645,71634624
1765137600,14.0535306930542,14.111953735351562,13.528775215148926,13.643217086791992,59155584
1765152000,13.64228630065918,14.009243965148926,13.611026763916016,13.895208358764648,43526976
1765166400,13.895147323608398,14.059592247009277,13.893919944763184,14.011491775512695,27630912
1765180800,14.011265754699707,14.250961303710938,13.931966781616211,13.936970710754395,52952960
1765195200,13.935956001281738,14.049571990966797,13.705041885375977,13.77691650390625,5654528
1765209600,13.745664596557617,13.869555473327637,13.635542869567871,13.72765064239502,2258240
1765224000,13.726962089538574,13.91196060180664,13.722408294677734,13.748919486999512,5500032
1765238400,13.749001502990723,13.830081939697266,13.579202651977539,13.706984519958496,3165376
1765252800,13.706965446472168,13.836865425109863,13.60772705078125,13.833967208862305,9784192
1765267200,13.833340644836426,13.846386909484863,13.676108360290527,13.751932144165039,778752
1765281600,13.738265037536621,14.394290924072266,13.681036949157715,14.394290924072266,48522496
1765296000,14.394904136657715,14.983358383178711,14.394904136657715,14.665241241455078,151253824
1765310400,14.650533676147461,14.650533676147461,14.27477741241455,14.417238235473633,29941568
1765324800,14.417520523071289,14.432275772094727,14.229828834533691,14.231114387512207,2566720
1765339200,14.212051391601562,14.251105308532715,14.129744529724121,14.16759204864502,6377408
1765353600,14.168103218078613,14.390807151794434,14.09316635131836,14.148658752441406,44370624
1765368000,14.154955863952637,14.177447319030762,13.986564636230469,14.001405715942383,16780416
1765382400,14.00507926940918,14.526254653930664,14.003704071044922,14.511041641235352,73098944
1765396800,14.501619338989258,14.852843284606934,14.11825942993164,14.11825942993164,99186816
1765411200,14.115391731262207,14.121932029724121,13.479371070861816,13.53985595703125,51748864
1765425600,13.515572547912598,13.670265197753906,13.498154640197754,13.542893409729004,18376384
1765440000,13.536687850952148,13.622072219848633,13.445630073547363,13.611907005310059,1198528
1765454400,13.6124849319458,13.66736125946045,13.464476585388184,13.529930114746094,3795584
1765468800,13.532607078552246,13.840645790100098,13.447529792785645,13.754741668701172,0
1765483200,13.757604598999023,14.180746078491211,13.728860855102539,14.06106185913086,14224448
1765497600,14.062952995300293,14.16161060333252,13.876842498779297,14.017176628112793,0
1765512000,14.018169403076172,14.19005298614502,13.972404479980469,14.069137573242188,0
1765526400,14.06904125213623,14.121335983276367,13.957704544067383,14.097622871398926,11830144
1765540800,14.107719421386719,14.32339096069336,13.594612121582031,13.594612121582031,49966336
1765555200,13.575861930847168,13.652344703674316,13.338308334350586,13.570440292358398,65321984
1765569600,13.574923515319824,13.68858528137207,13.566248893737793,13.645215034484863,1792
1765584000,13.644954681396484,13.732439994812012,13.61977767944336,13.715985298156738,0
1765598400,13.715568542480469,13.788301467895508,13.705208778381348,13.782471656799316,17120
1765612800,13.786660194396973,13.951530456542969,13.786660194396973,13.829760551452637,27917792
1765627200,13.82213306427002,13.83963680267334,13.66982650756836,13.806268692016602,0
1765641600,13.815926551818848,13.84595775604248,13.706534385681152,13.750049591064453,0
1765656000,13.750517845153809,13.75481128692627,13.66008472442627,13.742929458618164,573120
1765670400,13.738709449768066,13.782221794128418,13.714608192443848,13.717230796813965,5513760
1765684800,13.71418285369873,13.723628997802734,13.631819725036621,13.718123435974121,845952
1765699200,13.718573570251465,13.739608764648438,13.485540390014648,13.572446823120117,12635904
1765713600,13.567947387695312,13.644198417663574,13.447566032409668,13.476119041442871,10208704
1765728000,13.469758033752441,13.531044960021973,13.37605094909668,13.399418830871582,22504064
1765742400,13.403258323669434,13.432306289672852,13.219919204711914,13.292303085327148,44515168
1765756800,13.288495063781738,13.660499572753906,13.280179977416992,13.549142837524414,41970880
1765771200,13.544415473937988,13.669575691223145,13.510185241699219,13.57345962524414,22071552
1765785600,13.5740327835083,13.717487335205078,13.562804222106934,13.620259284973145,9593280
1765800000,13.620083808898926,13.683606147766113,12.750981330871582,12.750981330871582,130606496
1765814400,12.763296127319336,12.81786060333252,12.546895980834961,12.754595756530762,93565760
1765828800,12.741992950439453,12.891789436340332,12.625412940979004,12.864611625671387,11613888
1765843200,12.86514663696289,12.87314224243164,12.729601860046387,12.749131202697754,8737984
1765857600,12.74990463256836,12.871339797973633,12.654179573059082,12.709177017211914,12769472
1765872000,12.708358764648438,12.95141887664795,12.70222282409668,12.95141887664795,33033792
1765886400,12.955500602722168,13.069948196411133,12.75367259979248,13.058724403381348,52919744
1765900800,13.039865493774414,13.04440975189209,12.808266639709473,12.952004432678223,0
1765915200,12.944425582885742,12.9802827835083,12.888999938964844,12.934125900268555,25472
1765929600,12.925941467285156,12.938902854919434,12.777263641357422,12.818155288696289,391296
1765944000,12.821908950805664,12.823833465576172,12.686980247497559,12.778844833374023,9641696
1765958400,12.778346061706543,12.778346061706543,12.606983184814453,12.69580078125,4232960
1765972800,12.696880340576172,13.126070022583008,12.573871612548828,12.578688621520996,63794592
1765987200,12.565267562866211,12.60011100769043,12.151854515075684,12.273656845092773,120064448
1766001600,12.275359153747559,12.36137580871582,12.17685604095459,12.24026107788086,25128960
1766016000,12.250537872314453,12.271540641784668,12.159460067749023,12.189903259277344,8158528
1766030400,12.18907642364502,12.2258939743042,12.076499938964844,12.159746170043945,10627776
1766044800,12.160446166992188,12.281514167785645,12.160446166992188,12.278507232666016,26556736
1766059200,12.278365135192871,12.825241088867188,12.243191719055176,12.629592895507812,69498944
1766073600,12.628639221191406,12.63138484954834,11.767154693603516,11.767154693603516,57142080
1766088000,11.764068603515625,12.039923667907715,11.764068603515625,11.933767318725586,33011008
1766102400,11.932936668395996,12.305295944213867,11.85563850402832,12.229854583740234,48101056
1766116800,12.23086929321289,12.471210479736328,12.199511528015137,12.362732887268066,33620800
1766131200,12.363457679748535,12.441617012023926,12.352356910705566,12.436635971069336,24203392
1766145600,12.436293601989746,12.721550941467285,12.390457153320312,12.450678825378418,9229376
1766160000,12.454140663146973,12.65880012512207,12.40494441986084,12.632250785827637,14452544
1766174400,12.63159465789795,12.634040832519531,12.52943229675293,12.531208992004395,0
1766188800,12.531196594238281,12.55789566040039,12.486435890197754,12.548402786254883,0
1766203200,12.548075675964355,12.603128433227539,12.48859977722168,12.603128433227539,0
1766217600,12.603153228759766,12.69640827178955,12.597582817077637,12.671407699584961,2150528
1766232000,12.671687126159668,12.674797058105469,12.567923545837402,12.609128952026367,0
1766246400,12.609342575073242,12.6262788772583,12.566140174865723,12.586230278015137,0
1766260800,12.586165428161621,12.632729530334473,12.546042442321777,12.550978660583496,2598928
1766275200,12.549773216247559,12.583391189575195,12.394733428955078,12.490677833557129,18928544
1766289600,12.489870071411133,12.540502548217773,12.488163948059082,12.506940841674805,2438272
1766304000,12.507244110107422,12.683242797851562,12.496382713317871,12.571396827697754,5228304
1766318400,12.57148265838623,12.617615699768066,12.244648933410645,12.338899612426758,39210688
1766332800,12.334927558898926,12.420674324035645,12.283553123474121,12.406753540039062,18657504
1766347200,12.406082153320312,12.466592788696289,12.287089347839355,12.432074546813965,14203328
1766361600,12.431495666503906,12.626252174377441,12.406494140625,12.533005714416504,35801088
1766376000,12.533117294311523,12.621651649475098,12.507242202758789,12.559852600097656,31682912
1766390400,12.562141418457031,12.716354370117188,12.562141418457031,12.693345069885254,26620256
1766404800,12.693075180053711,12.874104499816895,12.669421195983887,12.787901878356934,42805152
1766419200,12.787946701049805,12.835280418395996,12.44401741027832,12.445830345153809,19401952
1766433600,12.448273658752441,12.600738525390625,12.37657642364502,12.578210830688477,32888416
1766448000,12.576995849609375,12.664688110351562,12.464466094970703,12.509679794311523,1734752
1766462400,12.507462501525879,12.507462501525879,12.24843978881836,12.335015296936035,22979104
1766476800,12.335127830505371,12.381293296813965,12.280281066894531,12.359710693359375,663104
1766491200,12.359716415405273,12.359716415405273,12.130901336669922,12.266066551208496,11177920
1766505600,12.267511367797852,12.424123764038086,12.260446548461914,12.349809646606445,41111552
1766520000,12.350824356079102,12.48707389831543,12.339920043945312,12.38783073425293,0
1766534400,12.388668060302734,12.410330772399902,12.187355041503906,12.257442474365234,0
1766548800,12.257797241210938,12.296192169189453,12.127013206481934,12.207472801208496,0
1766563200,12.204790115356445,12.235002517700195,12.140093803405762,12.227958679199219,1029056
1766577600,12.228026390075684,12.256231307983398,12.066766738891602,12.159668922424316,0
1766592000,12.16264533996582,12.239845275878906,12.127673149108887,12.239845275878906,0
1766606400,12.239879608154297,12.35486125946045,12.22874641418457,12.26815128326416,9101216
1766620800,12.267587661743164,12.346928596496582,12.231148719787598,12.323500633239746,4710016
1766635200,12.324174880981445,12.336419105529785,12.279376029968262,12.300074577331543,0
1766649600,12.300131797790527,12.336058616638184,12.11957836151123,12.19286060333252,13386448
1766664000,12.19162654876709,12.395578384399414,12.180436134338379,12.370731353759766,2029824
1766678400,12.369524002075195,12.4002046585083,12.274324417114258,12.366877555847168,0
1766692800,12.366557121276855,12.377288818359375,12.018400192260742,12.055834770202637,15854288
1766707200,12.056325912475586,12.496749877929688,12.048145294189453,12.37056827545166,51028240
1766721600,12.369643211364746,12.454219818115234,12.329545974731445,12.336020469665527,14712128
1766736000,12.336562156677246,12.444422721862793,12.336562156677246,12.408390998840332,1437184
1766750400,12.408403396606445,12.475903511047363,12.098332405090332,12.160849571228027,45225696
1766764800,12.161992073059082,12.230265617370605,12.145151138305664,12.190842628479004,6818496
1766779200,12.190278053283691,12.232782363891602,12.1583833694458,12.17662239074707,3064032
1766793600,12.17697525024414,12.24399471282959,12.167441368103027,12.2351655960083,0
1766808000,12.235480308532715,12.253785133361816,12.177839279174805,12.247222900390625,0
1766822400,12.24714183807373,12.271458625793457,12.184822082519531,12.262153625488281,3258032
1766836800,12.267148971557617,12.3190336227417,12.23457145690918,12.312267303466797,846480
1766851200,12.311968803405762,12.325764656066895,12.270709991455078,12.325764656066895,0
1766865600,12.326257705688477,12.497554779052734,12.311736106872559,12.497554779052734,23840800
1766880000,12.51058578491211,12.51501178741455,12.440054893493652,12.492681503295898,16655312
1766894400,12.492735862731934,12.498983383178711,12.416865348815918,12.41978645324707,4404800
1766908800,12.419386863708496,12.487135887145996,12.383597373962402,12.435905456542969,5883712
1766923200,12.436262130737305,12.537338256835938,12.436262130737305,12.508540153503418,14635648
1766937600,12.50940227508545,12.563593864440918,12.341134071350098,12.347264289855957,23043312
1766952000,12.348215103149414,12.477237701416016,12.327252388000488,12.477237701416016,224752
1766966400,12.477197647094727,12.931075096130371,12.466005325317383,12.917036056518555,60406528
1766980800,12.914787292480469,12.975177764892578,12.724653244018555,12.79560375213623,53315680
1766995200,12.791584968566895,12.811833381652832,12.482624053955078,12.506285667419434,40357376
1767009600,12.50545597076416,12.50545597076416,12.275938034057617,12.399785995483398,66926592
1767024000,12.397696495056152,12.427909851074219,12.278721809387207,12.298993110656738,3920672
1767038400,12.299001693725586,12.332959175109863,12.259611129760742,12.290192604064941,6693280
1767052800,12.290271759033203,12.382824897766113,12.271357536315918,12.380526542663574,0
1767067200,12.37980842590332,12.391156196594238,12.298276901245117,12.35871410369873,0
1767081600,12.3594970703125,12.522332191467285,12.358902931213379,12.464770317077637,21380256
1767096000,12.464776992797852,12.559277534484863,12.401956558227539,12.527737617492676,6892480
1767110400,12.526817321777344,12.551311492919922,12.36319351196289,12.40217399597168,17769632
1767124800,12.40320873260498,12.414688110351562,12.34586238861084,12.414362907409668,3294656
1767139200,12.41401195526123,12.443758964538574,12.3524751663208,12.374460220336914,27011840
1767153600,12.374615669250488,12.404170036315918,12.337790489196777,12.404170036315918,26608416
1767168000,12.404021263122559,12.460516929626465,12.36633014678955,12.454724311828613,13925536
1767182400,12.456537246704102,12.507661819458008,12.330840110778809,12.380805015563965,15701056
1767196800,12.38009262084961,12.38327693939209,12.236409187316895,12.236409187316895,52883008
1767211200,12.234295845031738,12.288701057434082,12.188225746154785,12.188225746154785,46157184
1767225600,12.186948776245117,12.24649715423584,12.186948776245117,12.203289031982422,596800
1767240000,12.20156192779541,12.251893997192383,12.143938064575195,12.166747093200684,13916480
1767254400,12.166444778442383,12.271028518676758,12.165218353271484,12.262139320373535,11858176
1767268800,12.270105361938477,12.36859130859375,12.233697891235352,12.36859130859375,1772384
1767283200,12.376912117004395,12.490470886230469,12.33344841003418,12.490470886230469,6118848
1767297600,12.490875244140625,12.605611801147461,12.46528148651123,12.586124420166016,19501856
1767312000,12.595295906066895,12.900097846984863,12.576214790344238,12.898462295532227,75810144
1767326400,12.922845840454102,12.941591262817383,12.828426361083984,12.830022811889648,66609088
1767340800,12.830122947692871,13.061853408813477,12.829934120178223,12.929731369018555,76707136
1767355200,12.929147720336914,13.160016059875488,12.852984428405762,13.068747520446777,94395264
1767369600,13.070348739624023,13.325014114379883,13.068543434143066,13.280607223510742,79771200
1767384000,13.278911590576172,13.404441833496094,13.224100112915039,13.263481140136719,29487744
1767398400,13.266315460205078,13.354961395263672,13.22493839263916,13.319732666015625,3784768
1767412800,13.314023971557617,13.31467056274414,12.996137619018555,13.018519401550293,20119424
1767427200,13.014976501464844,13.13019847869873,13.014893531799316,13.068154335021973,3132736
1767441600,13.065886497497559,13.159358978271484,13.054027557373047,13.07630729675293,9595328
1767456000,13.075331687927246,13.20333194732666,13.068309783935547,13.166019439697266,0
1767470400,13.168719291687012,13.24606704711914,13.121912002563477,13.231462478637695,0
1767484800,13.226805686950684,13.366375923156738,13.226805686950684,13.36181354522705,19366080
1767499200,13.358479499816895,13.428175926208496,13.282505989074707,13.347918510437012,2978272
1767513600,13.344555854797363,13.418773651123047,13.277201652526855,13.418773651123047,17104000
1767528000,13.423871994018555,13.526195526123047,13.38150691986084,13.4837646484375,29342112
1767542400,13.484495162963867,13.556340217590332,13.331212997436523,13.374588966369629,33342784
1767556800,13.373865127563477,13.476487159729004,13.371149063110352,13.399940490722656,13965888
1767571200,13.401411056518555,13.826489448547363,13.401411056518555,13.673373222351074,70732992
1767585600,13.673530578613281,13.676298141479492,13.441102981567383,13.569469451904297,21120768
1767600000,13.569572448730469,13.601027488708496,13.446958541870117,13.571198463439941,18644736
1767614400,13.571053504943848,13.70400333404541,13.40882682800293,13.685527801513672,59224576
1767628800,13.690716743469238,13.850912094116211,13.572259902954102,13.764975547790527,65128960
1767643200,13.766587257385254,14.11376667022705,13.76556396484375,13.917684555053711,153980352
1767657600,13.916597366333008,13.939760208129883,13.63559627532959,13.793916702270508,57971776
1767672000,13.791619300842285,13.947678565979004,13.706637382507324,13.716694831848145,33851072
1767686400,13.717986106872559,13.893768310546875,13.712663650512695,13.886038780212402,12362688
1767700800,13.886680603027344,14.185866355895996,13.83691120147705,13.947507858276367,45986368
1767715200,13.974287986755371,13.995190620422363,13.50080394744873,13.627754211425781,66890176
1767729600,13.62779426574707,14.04406452178955,13.62779426574707,14.041324615478516,15807936
1767744000,14.029196739196777,14.029196739196777,13.703681945800781,13.807430267333984,7353088
1767758400,13.807397842407227,13.856934547424316,13.708910942077637,13.83802604675293,0
1767772800,13.839411735534668,13.902453422546387,13.604889869689941,13.682143211364746,31245184
1767787200,13.683327674865723,13.700772285461426,13.338191032409668,13.385971069335938,3846656
1767801600,13.374246597290039,13.479310989379883,13.322182655334473,13.394837379455566,4054976
1767816000,13.393994331359863,13.440570831298828,13.317362785339355,13.428935050964355,8980096
1767830400,13.42883586883545,13.529767990112305,13.336445808410645,13.336445808410645,7579072
1767844800,13.336464881896973,13.448675155639648,13.13327693939209,13.295493125915527,37414272
1767859200,13.294820785522461,13.333211898803711,13.117222785949707,13.21493911743164,10275520
1767873600,13.212272644042969,13.234457969665527,13.044788360595703,13.232734680175781,25112128
1767888000,13.243520736694336,13.31275463104248,13.187376976013184,13.192732810974121,5271616
1767902400,13.193166732788086,13.298832893371582,13.103822708129883,13.21568489074707,1776320
1767916800,13.214391708374023,13.329440116882324,13.189857482910156,13.288769721984863,16851392
1767931200,13.289031028747559,13.296974182128906,13.187776565551758,13.269777297973633,2419968
1767945600,13.269207954406738,13.27051830291748,13.08177661895752,13.163360595703125,328768
1767960000,13.162602424621582,13.382425308227539,13.065632820129395,13.241312026977539,26110400
1767974400,13.277705192565918,13.403852462768555,13.063834190368652,13.095402717590332,14267840
1767988800,13.083171844482422,13.162008285522461,13.082022666931152,13.11807918548584,26816
1768003200,13.122257232666016,13.143619537353516,13.066815376281738,13.11082935333252,0
1768017600,13.111722946166992,13.152053833007812,13.0648193359375,13.144768714904785,0
1768032000,13.145827293395996,13.196012496948242,13.101797103881836,13.148975372314453,0
1768046400,13.149600982666016,13.22611141204834,13.132537841796875,13.149115562438965,0
1768060800,13.149097442626953,13.19720458984375,13.12211799621582,13.191998481750488,0
1768075200,13.193990707397461,13.20870590209961,13.087868690490723,13.128449440002441,11174272
1768089600,13.127737045288086,13.223296165466309,13.107418060302734,13.218794822692871,20320
1768104000,13.218645095825195,13.253416061401367,13.1770658493042,13.212092399597168,3660960
1768118400,13.212897300720215,13.219658851623535,13.183481216430664,13.183481216430664,0
1768132800,13.182852745056152,13.252413749694824,13.16443920135498,13.173266410827637,16755344
1768147200,13.17333984375,13.326388359069824,13.17333984375,13.24772834777832,22230384
1768161600,13.247539520263672,13.247539520263672,13.070146560668945,13.174328804016113,23657200
1768176000,13.173783302307129,13.488306999206543,13.125895500183105,13.3616304397583,70820304
1768190400,13.361392974853516,13.432753562927246,13.249996185302734,13.258392333984375,19555584
1768204800,13.254603385925293,13.302303314208984,13.111859321594238,13.16325855255127,37450560
1768219200,13.162942886352539,13.234959602355957,12.975445747375488,13.234959602355957,38386720
1768233600,13.23416519165039,13.29083251953125,13.123791694641113,13.173746109008789,25647520
1768248000,13.17375373840332,13.21045970916748,13.01101016998291,13.068946838378906,506176
1768262400,13.068867683410645,13.134489059448242,13.055652618408203,13.096954345703125,5884096
1768276800,13.096717834472656,13.249650955200195,13.096717834472656,13.177812576293945,3485760
1768291200,13.177661895751953,13.27993392944336,13.177661895751953,13.258150100708008,0
1768305600,13.254363059997559,13.528708457946777,13.231097221374512,13.528708457946777,38014784
1768320000,13.536349296569824,13.684353828430176,13.536349296569824,13.684353828430176,39177792
1768334400,13.684089660644531,14.15237808227539,13.684089660644531,14.042203903198242,150899968
1768348800,14.044647216796875,14.15925121307373,14.02639389038086,14.105905532836914,44129088
1768363200,14.107836723327637,14.12370491027832,13.953073501586914,14.047619819641113,37132288
1768377600,14.047953605651855,14.100349426269531,13.866650581359863,13.866650581359863,30526656
1768392000,13.867562294006348,14.251008987426758,13.866498947143555,14.217595100402832,18508224
1768406400,14.21764087677002,14.373802185058594,14.075130462646484,14.223180770874023,53831744
1768420800,14.223748207092285,14.27504825592041,14.095438003540039,14.114208221435547,59648
1768435200,14.110512733459473,14.110512733459473,13.750507354736328,13.755117416381836,27377152
1768449600,13.754231452941895,13.940194129943848,13.750865936279297,13.92457103729248,5010432
1768464000,13.925431251525879,14.071693420410156,13.869355201721191,13.948620796203613,38653568
1768478400,13.948897361755371,14.188830375671387,13.765047073364258,13.811003684997559,30863424
1768492800,13.840954780578613,13.965816497802734,13.618701934814453,13.674886703491211,1795968
1768507200,13.676188468933105,13.784555435180664,13.583925247192383,13.784555435180664,0
1768521600,13.785210609436035,13.856575965881348,13.680469512939453,13.682845115661621,505408
1768536000,13.682379722595215,13.803768157958984,13.60860538482666,13.779019355773926,0
1768550400,13.778944969177246,13.8418550491333,13.698236465454102,13.721179008483887,18982784
1768564800,13.721695899963379,13.759394645690918,13.458162307739258,13.494665145874023,314304
1768579200,13.493289947509766,13.642175674438477,13.478641510009766,13.589820861816406,928512
1768593600,13.58971881866455,13.733756065368652,13.53403091430664,13.728282928466797,2171808
1768608000,13.726829528808594,13.729971885681152,13.636617660522461,13.679466247558594,1237856
1768622400,13.679675102233887,13.720206260681152,13.65766429901123,13.699844360351562,0
1768636800,13.698922157287598,13.768985748291016,13.688728332519531,13.701919555664062,2088192
1768651200,13.702857971191406,13.868824005126953,13.698904037475586,13.868563652038574,409888
1768665600,13.874015808105469,13.881709098815918,13.776609420776367,13.779784202575684,0
1768680000,13.77963638305664,13.805127143859863,13.679433822631836,13.735365867614746,8544
1768694400,13.734872817993164,13.759661674499512,13.640966415405273,13.69642162322998,9836992
1768708800,13.69746208190918,13.750060081481934,13.676506996154785,13.733530044555664,13199664
1768723200,13.733638763427734,13.806713104248047,13.725027084350586,13.739363670349121,5395696
1768737600,13.737377166748047,13.806166648864746,13.709290504455566,13.775686264038086,19065824
1768752000,13.775415420532227,13.861898422241211,13.754501342773438,13.772594451904297,11195888
1768766400,13.770341873168945,13.844950675964355,13.329689025878906,13.329689025878906,69768720
1768780800,13.327585220336914,13.327585220336914,12.792489051818848,12.869721412658691,238424896
1768795200,12.869330406188965,12.869330406188965,12.73178482055664,12.763752937316895,36241216
1768809600,12.763481140136719,12.847222328186035,12.752220153808594,12.773810386657715,27567168
1768824000,12.771612167358398,12.838944435119629,12.739676475524902,12.766236305236816,10415104
1768838400,12.766579627990723,12.951671600341797,12.763073921203613,12.934382438659668,5090880
1768852800,12.934320449829102,12.985486030578613,12.806711196899414,12.877457618713379,15037696
1768867200,12.877673149108887,12.885586738586426,12.799646377563477,12.85272216796875,0
1768881600,12.852912902832031,12.854159355163574,12.617484092712402,12.622394561767578,9625472
1768896000,12.610848426818848,12.610848426818848,12.482966423034668,12.514001846313477,10521280
1768910400,12.51324462890625,12.547362327575684,12.369898796081543,12.400270462036133,52793408
1768924800,12.413885116577148,12.449362754821777,12.201953887939453,12.257248878479004,40062912
1768939200,12.256706237792969,12.320954322814941,12.109002113342285,12.11361026763916,21544256
1768953600,12.11346435546875,12.330595970153809,12.100997924804688,12.308392524719238,28910912
1768968000,12.307713508605957,12.445072174072266,12.28636646270752,12.299092292785645,512800
1768982400,12.303078651428223,12.316095352172852,12.196094512939453,12.196094512939453,12511872
1768996800,12.194923400878906,12.475439071655273,12.071061134338379,12.429482460021973,40947008
1769011200,12.430282592773438,12.577400207519531,11.940251350402832,12.577400207519531,67340864
1769025600,12.598708152770996,12.63744068145752,12.375290870666504,12.38618278503418,24040992
1769040000,12.38985538482666,12.562753677368164,12.38985538482666,12.432038307189941,25262432
1769054400,12.433159828186035,12.50854206085205,12.405927658081055,12.418351173400879,13769184
1769068800,12.419279098510742,12.471726417541504,12.375349998474121,12.383040428161621,8276352
1769083200,12.37524127960205,12.420904159545898,12.125816345214844,12.222066879272461,6692864
1769097600,12.23178482055664,12.304950714111328,12.206710815429688,12.275778770446777,0
1769112000,12.276488304138184,12.278850555419922,12.20273494720459,12.242474555969238,0
1769126400,12.24650764465332,12.335543632507324,12.228636741638184,12.315547943115234,0
1769140800,12.315866470336914,12.378324508666992,12.251526832580566,12.260795593261719,7576480
1769155200,12.261598587036133,12.269835472106934,12.17307186126709,12.244508743286133,2936160
1769169600,12.24445915222168,12.261547088623047,12.057596206665039,12.222879409790039,1225392
1769184000,12.226757049560547,12.44148063659668,12.207210540771484,12.229756355285645,20067360
1769198400,12.229290962219238,12.248096466064453,12.12675952911377,12.208894729614258,5046560
1769212800,12.208778381347656,12.258225440979004,12.18278980255127,12.23720932006836,21862240
1769227200,12.236820220947266,12.25966739654541,12.197416305541992,12.197847366333008,0
1769241600,12.195900917053223,12.216943740844727,12.183451652526855,12.198535919189453,0
1769256000,12.196494102478027,12.205060958862305,12.145074844360352,12.145074844360352,0
1769270400,12.143720626831055,12.20618724822998,12.12834358215332,12.171881675720215,0
1769284800,12.173163414001465,12.232138633728027,12.173163414001465,12.193097114562988,350080
1769299200,12.191960334777832,12.196768760681152,12.063454627990723,12.071575164794922,6006608
1769313600,12.070993423461914,12.102487564086914,12.046499252319336,12.067899703979492,7237376
1769328000,12.0676851272583,12.098994255065918,12.002957344055176,12.060796737670898,15759536
1769342400,12.060469627380371,12.084550857543945,11.947759628295898,11.953071594238281,30743232
1769356800,11.953645706176758,11.953645706176758,11.4256591796875,11.425936698913574,152488384
1769371200,11.42543888092041,11.520679473876953,11.38034725189209,11.505500793457031,61787552
1769385600,11.505892753601074,11.830445289611816,11.505892753601074,11.666935920715332,40360960
1769400000,11.668907165527344,11.848142623901367,11.668907165527344,11.847847938537598,20348160
1769414400,11.847899436950684,11.902765274047852,11.760881423950195,11.795235633850098,3796544
1769428800,11.795022010803223,12.098203659057617,11.795022010803223,11.909847259521484,32737408
1769443200,11.914727210998535,11.994159698486328,11.833415031433105,11.916930198669434,0
1769457600,11.919631004333496,12.007908821105957,11.865889549255371,11.943804740905762,0
1769472000,11.94265079498291,12.038562774658203,11.923583984375,11.97745418548584,2685152
1769486400,11.977499008178711,12.031136512756348,11.934282302856445,11.958477973937988,0
1769500800,11.959425926208496,11.984292030334473,11.868722915649414,11.894997596740723,763712
1769515200,11.894247055053711,11.970643043518066,11.839478492736816,11.96997356414795,0
1769529600,11.970062255859375,12.155580520629883,11.857169151306152,11.963277816772461,45277488
1769544000,11.963155746459961,12.121240615844727,11.959898948669434,12.035880088806152,63520704
1769558400,12.0330171585083,12.033600807189941,11.958379745483398,11.968247413635254,7630656
1769572800,11.967820167541504,11.970229148864746,11.890402793884277,11.9246187210083,11247488
1769587200,11.924943923950195,12.01962947845459,11.862634658813477,12.01962947845459,21695200
1769601600,12.01974105834961,12.01974105834961,11.735788345336914,11.751877784729004,38803488
1769616000,11.752422332763672,11.85179328918457,11.702146530151367,11.85141372680664,0
1769630400,11.841636657714844,11.890430450439453,11.772134780883789,11.832737922668457,0
1769644800,11.81813907623291,11.81813907623291,11.618090629577637,11.63177490234375,18171648
1769659200,11.629213333129883,11.629382133483887,11.548398971557617,11.62508487701416,1573472
1769673600,11.613718032836914,11.632935523986816,11.50942611694336,11.540020942687988,4060704
1769688000,11.539206504821777,11.581804275512695,10.882491111755371,11.013148307800293,74095744
1769702400,11.01615047454834,11.161100387573242,10.832575798034668,10.945274353027344,106671232
1769716800,10.943708419799805,11.10860824584961,10.925250053405762,11.098237991333008,18330176
1769731200,11.099346160888672,11.136719703674316,10.735014915466309,10.844766616821289,85609920
1769745600,10.844841957092285,10.94879150390625,10.682422637939453,10.830559730529785,47307968
1769760000,10.831340789794922,10.854896545410156,10.738693237304688,10.853983879089355,27846784
1769774400,10.853099822998047,10.853099822998047,10.632315635681152,10.783628463745117,40006464
1769788800,10.781286239624023,10.961031913757324,10.522543907165527,10.9197998046875,247936
1769803200,10.91505241394043,10.91505241394043,10.723946571350098,10.769654273986816,31222656
1769817600,10.769997596740723,10.797124862670898,10.724322319030762,10.727822303771973,1484416
1769832000,10.727334022521973,10.765913963317871,10.567445755004883,10.591561317443848,8358944
1769846400,10.591279983520508,10.608135223388672,10.39327621459961,10.478035926818848,55298656
1769860800,10.47773265838623,10.483414649963379,9.94387435913086,10.071008682250977,133618304
1769875200,10.064373016357422,10.137271881103516,9.382966995239258,9.691937446594238,423300736
1769889600,9.672205924987793,9.99246883392334,9.567314147949219,9.968603134155273,107310208
1769904000,9.972613334655762,10.05644702911377,9.931303977966309,10.03055191040039,75396096
1769918400,10.031042098999023,10.058624267578125,9.870272636413574,9.945438385009766,44639488
1769932800,9.935938835144043,9.99347972869873,9.781953811645508,9.861624717712402,28019840
1769947200,9.86420726776123,9.880691528320312,9.445859909057617,9.540239334106445,14358016
1769961600,9.534550666809082,9.678231239318848,9.427325248718262,9.493904113769531,0
1769976000,9.514174461364746,9.609249114990234,9.274662971496582,9.410740852355957,44283840
1769990400,9.409932136535645,9.600140571594238,9.038239479064941,9.377533912658691,139035520
1770004800,9.373982429504395,9.459891319274902,9.092121124267578,9.405911445617676,162281472
1770019200,9.393640518188477,9.599966049194336,9.38930892944336,9.542518615722656,46215040
1770033600,9.533876419067383,9.963438987731934,9.533876419067383,9.913872718811035,45505664
1770048000,9.913904190063477,9.97851276397705,9.781638145446777,9.795293807983398,0
1770062400,9.779753684997559,9.848265647888184,9.714580535888672,9.806777000427246,0
1770076800,9.803881645202637,9.826972961425781,9.607690811157227,9.751020431518555,0
1770091200,9.751219749450684,9.83846664428711,9.660226821899414,9.739829063415527,0
1770105600,9.738356590270996,9.738356590270996,9.534177780151367,9.588105201721191,0
1770120000,9.586755752563477,9.729331970214844,9.513359069824219,9.729331970214844,0
1770134400,9.735154151916504,9.735154151916504,9.085226058959961,9.458297729492188,155030272
1770148800,9.46492862701416,9.84851360321045,9.390958786010742,9.45152759552002,108097536
1770163200,9.463350296020508,9.744144439697266,9.453213691711426,9.724430084228516,8495872
1770177600,9.7190523147583,9.730427742004395,9.595647811889648,9.665820121765137,15523584
1770192000,9.668362617492676,9.708168029785156,9.491202354431152,9.572164535522461,10419328
1770206400,9.573126792907715,9.588444709777832,9.179062843322754,9.20073127746582,59591872
1770220800,9.206270217895508,9.419082641601562,9.045767784118652,9.419082641601562,32317184
1770235200,9.419711112976074,9.419711112976074,9.07517147064209,9.25185489654541,24583744
1770249600,9.247365951538086,9.297121047973633,9.079353332519531,9.079353332519531,60890304
1770264000,9.080397605895996,9.16995620727539,8.981006622314453,9.036417961120605,99913728
1770278400,9.036125183105469,9.216719627380371,8.8233642578125,8.913578033447266,69928576
1770292800,8.915334701538086,9.009682655334473,8.355667114257812,8.47095012664795,168085888
1770307200,8.457290649414062,8.617413520812988,8.227519035339355,8.22760009765625,59639040
1770321600,8.237625122070312,8.270190238952637,7.872031211853027,7.9067792892456055,257966592
1770336000,7.909069061279297,8.1795654296875,7.330203533172607,8.015804290771484,294028288
1770350400,8.021491050720215,8.329689025878906,8.018550872802734,8.07861328125,15189120
1770364800,8.078659057617188,8.320337295532227,8.007003784179688,8.320114135742188,62284544
1770379200,8.320176124572754,8.611059188842773,8.268582344055176,8.587921142578125,44383872
1770393600,8.579933166503906,8.98011302947998,8.579933166503906,8.848013877868652,0
1770408000,8.840631484985352,8.979727745056152,8.786005973815918,8.878589630126953,0
1770422400,8.8792142868042,8.92918586730957,8.80706787109375,8.917304039001465,0
1770436800,8.919041633605957,9.022758483886719,8.64113998413086,8.698678970336914,16407680
1770451200,8.689849853515625,8.726412773132324,8.598636627197266,8.648043632507324,0
1770465600,8.646608352661133,8.878791809082031,8.646608352661133,8.806498527526855,17096576
1770480000,8.811406135559082,9.011611938476562,8.803791046142578,8.938705444335938,114326656
1770494400,8.940816879272461,9.003753662109375,8.874027252197266,8.913302421569824,0
1770508800,8.909233093261719,8.94429874420166,8.833881378173828,8.833881378173828,0
1770523200,8.834385871887207,8.862288475036621,8.80683708190918,8.81806755065918,0
1770537600,8.824014663696289,8.996281623840332,8.812396049499512,8.98835563659668,23633856
1770552000,8.990188598632812,9.021658897399902,8.865727424621582,8.881004333496094,14003776
1770566400,8.878840446472168,8.95378303527832,8.743562698364258,8.950918197631836,0
1770580800,8.948155403137207,8.95296573638916,8.783536911010742,8.831562995910645,26808160
1770595200,8.830769538879395,8.877219200134277,8.74759292602539,8.875472068786621,36438592
1770609600,8.874878883361816,8.874878883361816,8.733019828796387,8.734553337097168,18726912
1770624000,8.734013557434082,8.746369361877441,8.4683198928833,8.549494743347168,24413056
1770638400,8.549704551696777,8.742632865905762,8.52895736694336,8.734270095825195,40038336
1770652800,8.740104675292969,8.974169731140137,8.675427436828613,8.972816467285156,41892544
1770667200,8.969350814819336,8.98784351348877,8.807676315307617,8.829514503479004,31236096
1770681600,8.830648422241211,8.870546340942383,8.664300918579102,8.678462982177734,4354816
1770696000,8.678911209106445,8.714858055114746,8.488266944885254,8.542864799499512,30709376
1770710400,8.542478561401367,8.601561546325684,8.500799179077148,8.500799179077148,5692864
1770724800,8.501256942749023,8.64126205444336,8.486310958862305,8.563725471496582,3566848
1770739200,8.562789916992188,8.642014503479004,8.493739128112793,8.548444747924805,1787328
1770753600,8.548418045043945,8.565973281860352,8.4931058883667,8.561332702636719,7504896
1770768000,8.561476707458496,8.60119915008545,8.474337577819824,8.550628662109375,26338304
1770782400,8.54179859161377,8.54179859161377,8.295434951782227,8.333091735839844,44405376
1770796800,8.326003074645996,8.326003074645996,8.202022552490234,8.270888328552246,24575872
1770811200,8.27096939086914,8.52826976776123,8.173009872436523,8.242018699645996,73044352
1770825600,8.235584259033203,8.34329605102539,8.159748077392578,8.314506530761719,40909952
1770840000,8.310141563415527,8.429271697998047,8.258976936340332,8.311638832092285,47104832
1770854400,8.313501358032227,8.43618392944336,8.313501358032227,8.420853614807129,13161728
1770868800,8.421052932739258,8.498714447021484,8.36378288269043,8.44753646850586,424512
1770883200,8.452579498291016,8.574615478515625,8.406166076660156,8.559514045715332,7514624
1770897600,8.559916496276855,8.559916496276855,8.3773193359375,8.3773193359375,0
1770912000,8.368424415588379,8.39090633392334,8.1957426071167,8.34200382232666,13695488
1770926400,8.339597702026367,8.410026550292969,8.237486839294434,8.402630805969238,15061120
1770940800,8.405057907104492,8.434739112854004,8.354759216308594,8.417845726013184,10611264
1770955200,8.41944408416748,8.419615745544434,8.307150840759277,8.37490463256836,2849920
1770969600,8.375052452087402,8.458771705627441,8.36807632446289,8.426262855529785,1686912
1770984000,8.426467895507812,8.800993919372559,8.404433250427246,8.687277793884277,37854656
1770998400,8.688620567321777,8.876009941101074,8.688620567321777,8.804746627807617,0
1771012800,8.804253578186035,8.85546588897705,8.76779842376709,8.768275260925293,1012672
1771027200,8.768301963806152,8.87040901184082,8.764191627502441,8.846343994140625,16128704
1771041600,8.84343433380127,8.883885383605957,8.80966854095459,8.883885383605957,1096384
1771056000,8.883835792541504,9.032013893127441,8.883835792541504,9.032013893127441,34087296
1771070400,9.030861854553223,9.0338134765625,8.927125930786133,9.029248237609863,12981952
1771084800,9.032794952392578,9.176549911499023,8.987780570983887,9.168816566467285,1289664
1771099200,9.16948127746582,9.190823554992676,9.084002494812012,9.088457107543945,14162304
1771113600,9.087665557861328,9.109100341796875,8.957701683044434,9.063416481018066,16702016
1771128000,9.063295364379883,9.207491874694824,9.063295364379883,9.199108123779297,59194880
1771142400,9.199438095092773,9.228070259094238,9.047406196594238,9.051619529724121,24308160
1771156800,9.052321434020996,9.052321434020996,8.784646987915039,8.858304977416992,43359040
1771171200,8.859615325927734,8.876581192016602,8.620782852172852,8.639861106872559,34548288
1771185600,8.635009765625,8.781839370727539,8.625503540039062,8.781839370727539,16635840
1771200000,8.782135009765625,8.84016227722168,8.709600448608398,8.742354393005371,6876480
1771214400,8.747390747070312,8.806319236755371,8.68004322052002,8.760595321655273,0
1771228800,8.760986328125,8.874059677124023,8.724324226379395,8.79468822479248,5550144
1771243200,8.793768882751465,8.971115112304688,8.66946792602539,8.711475372314453,25085696
1771257600,8.711664199829102,8.820268630981445,8.711478233337402,8.79163932800293,4642496
1771272000,8.789388656616211,8.94991683959961,8.767633438110352,8.925530433654785,10494016
1771286400,8.9257173538208,8.979999542236328,8.875360488891602,8.924721717834473,7504960
1771300800,8.924717903137207,8.943140983581543,8.806764602661133,8.87432861328125,1652768
1771315200,8.86780834197998,8.880268096923828,8.738834381103516,8.76162052154541,1028288
1771329600,8.761751174926758,8.88180923461914,8.693582534790039,8.758501052856445,13481600
1771344000,8.770550727844238,8.923766136169434,8.708601951599121,8.881081581115723,49704032
1771358400,8.881696701049805,8.882051467895508,8.826355934143066,8.830567359924316,3760512
1771372800,8.828248023986816,8.895124435424805,8.764644622802734,8.893342971801758,0
1771387200,8.8920316696167,8.921000480651855,8.835103988647461,8.920763969421387,1325952
1771401600,8.918985366821289,8.974960327148438,8.779786109924316,8.800880432128906,16510912
1771416000,8.798599243164062,8.884252548217773,8.6819486618042,8.82068157196045,4351872
1771430400,8.808961868286133,8.808961868286133,8.548527717590332,8.555967330932617,8883552
1771444800,8.566357612609863,8.603799819946289,8.545221328735352,8.598896980285645,14880096
1771459200,8.599222183227539,8.673866271972656,8.585914611816406,8.659721374511719,791040
1771473600,8.662795066833496,8.728519439697266,8.632779121398926,8.693402290344238,6969472
1771488000,8.694458961486816,8.69533920288086,8.569021224975586,8.569021224975586,5400320
1771502400,8.569511413574219,8.594486236572266,8.396705627441406,8.427461624145508,21334720
1771516800,8.429766654968262,8.526748657226562,8.381817817687988,8.502199172973633,3033856
1771531200,8.503447532653809,8.569483757019043,8.489617347717285,8.569483757019043,4396064
1771545600,8.569986343383789,8.635049819946289,8.569986343383789,8.604700088500977,5712704
1771560000,8.603727340698242,8.662813186645508,8.535533905029297,8.647632598876953,12328896
1771574400,8.648660659790039,8.716985702514648,8.61507797241211,8.627365112304688,7510400
1771588800,8.624526977539062,8.808650016784668,8.468552589416504,8.808650016784668,41703392
1771603200,8.808524131774902,8.932266235351562,8.71468734741211,8.892723083496094,62707904
1771617600,8.892754554748535,8.991744995117188,8.892754554748535,8.94139289855957,22361344
1771632000,8.941628456115723,8.973702430725098,8.862371444702148,8.873395919799805,14598912
1771646400,8.874971389770508,8.909246444702148,8.863247871398926,8.864519119262695,916352
1771660800,8.864606857299805,8.969978332519531,8.864405632019043,8.939467430114746,0
1771675200,8.939783096313477,9.004802703857422,8.904261589050293,8.949337005615234,0
1771689600,8.948538780212402,8.984889030456543,8.860106468200684,8.932799339294434,0
1771704000,8.932737350463867,8.94229507446289,8.876015663146973,8.876015663146973,0
1771718400,8.873476028442383,8.889008522033691,8.814519882202148,8.840824127197266,10802240
1771732800,8.841202735900879,8.863810539245605,8.814367294311523,8.851231575012207,2830944
1771747200,8.851253509521484,8.862534523010254,8.80070686340332,8.831323623657227,0
1771761600,8.832825660705566,8.83305549621582,8.696799278259277,8.712408065795898,21010208
1771776000,8.711804389953613,8.711804389953613,8.615423202514648,8.639613151550293,2563104
1771790400,8.640361785888672,8.697755813598633,8.616369247436523,8.672708511352539,4028160
1771804800,8.6730375289917,8.683122634887695,8.204458236694336,8.263810157775879,137493664
1771819200,8.263107299804688,8.370152473449707,8.184626579284668,8.365678787231445,49358848
1771833600,8.364969253540039,8.53947639465332,8.318303108215332,8.464010238647461,48905984
1771848000,8.465322494506836,8.562751770019531,8.42056655883789,8.421061515808105,28294080
1771862400,8.419835090637207,8.445357322692871,8.215348243713379,8.230069160461426,97236160
1771876800,8.232501983642578,8.333327293395996,8.220952033996582,8.26519775390625,39864448
1771891200,8.265392303466797,8.325823783874512,8.1641845703125,8.204400062561035,2908224
1771905600,8.203375816345215,8.219366073608398,8.143800735473633,8.149099349975586,30695616
1771920000,8.149187088012695,8.192638397216797,8.120147705078125,8.167780876159668,0
1771934400,8.169774055480957,8.215595245361328,8.078619956970215,8.21043586730957,0
1771948800,8.213644027709961,8.263025283813477,8.19196891784668,8.235596656799316,0
1771963200,8.23534870147705,8.255064964294434,8.17889404296875,8.203110694885254,61120
1771977600,8.201957702636719,8.615645408630371,8.18947982788086,8.506340980529785,2434496
1771992000,8.50527572631836,8.54385757446289,8.37368106842041,8.472641944885254,0
1772006400,8.47269344329834,8.642921447753906,8.44869613647461,8.642623901367188,12921984
1772020800,8.647424697875977,9.310103416442871,8.647424697875977,9.270959854125977,110993376
1772035200,9.276732444763184,9.492733001708984,9.276732444763184,9.462038040161133,75872032
1772049600,9.475485801696777,9.535884857177734,9.207060813903809,9.255915641784668,49229312
1772064000,9.257467269897461,9.323549270629883,9.1715087890625,9.23232650756836,13966720
1772078400,9.224119186401367,9.327744483947754,9.209277153015137,9.209609031677246,45687424
1772092800,9.211566925048828,9.304899215698242,9.190057754516602,9.208088874816895,10520576
1772107200,9.213223457336426,9.302985191345215,9.072758674621582,9.111279487609863,0
1772121600,9.111652374267578,9.124903678894043,8.879807472229004,9.100756645202637,4440096
1772136000,9.101819038391113,9.132973670959473,9.058533668518066,9.098204612731934,0
1772150400,9.097824096679688,9.175189971923828,9.01377010345459,9.175189971923828,5859648
1772164800,9.183452606201172,9.270692825317383,9.140216827392578,9.172175407409668,1362048
1772179200,9.17177677154541,9.217264175415039,8.823066711425781,8.850128173828125,18355520
1772193600,8.849143028259277,8.852265357971191,8.762263298034668,8.817307472229004,14862368
1772208000,8.817215919494629,8.817215919494629,8.657777786254883,8.676222801208496,0
1772222400,8.67509651184082,8.721434593200684,8.609502792358398,8.708768844604492,14382272
1772236800,8.708842277526855,8.742952346801758,8.677915573120117,8.679698944091797,7195488
1772251200,8.6819429397583,8.684503555297852,8.284193992614746,8.367276191711426,65573440
1772265600,8.366819381713867,8.366819381713867,8.22623348236084,8.292194366455078,21712288
1772280000,8.291166305541992,8.50580883026123,8.287872314453125,8.432402610778809,25629024
1772294400,8.432677268981934,8.707176208496094,8.419123649597168,8.679880142211914,27021408
1772308800,8.683526992797852,8.909539222717285,8.682293891906738,8.843730926513672,57825536
1772323200,8.855587005615234,9.168673515319824,8.756638526916504,9.047701835632324,129323520
1772337600,9.062026023864746,9.088080406188965,8.945974349975586,8.9795503616333,36331648
1772352000,8.98008918762207,8.985706329345703,8.871729850769043,8.877341270446777,15055680
1772366400,8.876419067382812,9.022137641906738,8.812596321105957,8.954298973083496,36326784
1772380800,8.951576232910156,8.96777057647705,8.695547103881836,8.703975677490234,71610112
1772395200,8.7019681930542,8.713129043579102,8.55510425567627,8.67144775390625,35011584
1772409600,8.672351837158203,8.856307029724121,8.672351837158203,8.832104682922363,10416704
1772424000,8.83333969116211,8.837972640991211,8.617966651916504,8.677148818969727,6849152
1772438400,8.67685604095459,8.743517875671387,8.607080459594727,8.695069313049316,13132032
1772452800,8.694482803344727,9.15516185760498,8.599635124206543,9.077994346618652,77941568
1772467200,9.087742805480957,9.214536666870117,8.974409103393555,9.036005973815918,56781760
1772481600,9.039098739624023,9.085394859313965,8.93502426147461,8.948490142822266,8740544
1772496000,8.947784423828125,9.002555847167969,8.87178897857666,8.888304710388184,15880832
1772510400,8.88706111907959,8.916340827941895,8.781983375549316,8.79605484008789,12692096
1772524800,8.793450355529785,8.794438362121582,8.61790657043457,8.67195987701416,13044992
1772539200,8.67347240447998,8.747014999389648,8.59803581237793,8.73062515258789,14358144
1772553600,8.739818572998047,8.88964557647705,8.726651191711426,8.811864852905273,0
1772568000,8.810881614685059,8.852640151977539,8.697163581848145,8.81236743927002,0
1772582400,8.80986499786377,8.874221801757812,8.705126762390137,8.726597785949707,17492672
1772596800,8.744504928588867,8.89289665222168,8.701248168945312,8.89289665222168,7684608
1772611200,8.893260955810547,9.267923355102539,8.893260955810547,9.124390602111816,85259456
1772625600,9.124917984008789,9.461542129516602,9.045978546142578,9.461542129516602,59660928
1772640000,9.493943214416504,9.61151123046875,9.391234397888184,9.557109832763672,39837056
1772654400,9.555767059326172,9.555767059326172,9.318344116210938,9.348392486572266,19019648
1772668800,9.351733207702637,9.373437881469727,9.244549751281738,9.267692565917969,20151296
1772683200,9.265443801879883,9.348560333251953,9.199167251586914,9.202073097229004,12978944
1772697600,9.211271286010742,9.450464248657227,9.206487655639648,9.39840316772461,0
1772712000,9.399392127990723,9.479249000549316,9.203507423400879,9.23425006866455,13141376
1772726400,9.232799530029297,9.252717971801758,9.091187477111816,9.192403793334961,1023296
1772740800,9.190348625183105,9.309324264526367,9.190208435058594,9.197006225585938,2656384
1772755200,9.19882869720459,9.288335800170898,9.192484855651855,9.247397422790527,10708736
1772769600,9.256451606750488,9.28289794921875,9.17732048034668,9.27730941772461,14599616
1772784000,9.276874542236328,9.276878356933594,9.07036304473877,9.071017265319824,5008704
1772798400,9.071133613586426,9.11185073852539,8.763230323791504,8.794079780578613,14248960
1772812800,8.794624328613281,8.818377494812012,8.681360244750977,8.791736602783203,2799040
1772827200,8.791207313537598,8.81824779510498,8.739834785461426,8.793656349182129,0
1772841600,8.794047355651855,8.834722518920898,8.770078659057617,8.79572582244873,4185088
1772856000,8.79567813873291,8.809307098388672,8.749555587768555,8.798295021057129,0
1772870400,8.798232078552246,8.812411308288574,8.758716583251953,8.811783790588379,11563520
1772884800,8.811110496520996,8.813347816467285,8.741461753845215,8.754172325134277,0
1772899200,8.754347801208496,8.804539680480957,8.665255546569824,8.665810585021973,11601792
1772913600,8.665742874145508,8.709571838378906,8.659233093261719,8.694934844970703,747072
1772928000,8.700212478637695,8.714518547058105,8.596598625183105,8.609530448913574,11134144
1772942400,8.608960151672363,8.65605640411377,8.552520751953125,8.635112762451172,8632864
1772956800,8.635794639587402,8.764908790588379,8.599136352539062,8.653485298156738,12643136
1772971200,8.653321266174316,8.662399291992188,8.551949501037598,8.562755584716797,37924288
1772985600,8.562873840332031,8.651558876037598,8.521093368530273,8.643531799316406,15754496
1773000000,8.643893241882324,8.68095588684082,8.445127487182617,8.523436546325684,66570752
1773014400,8.522889137268066,8.753979682922363,8.520936012268066,8.677488327026367,64806464
1773028800,8.686386108398438,8.84685230255127,8.673505783081055,8.734779357910156,38384384
1773043200,8.73491382598877,8.836631774902344,8.724876403808594,8.789140701293945,25503488
1773057600,8.787997245788574,8.948963165283203,8.782352447509766,8.945027351379395,62185024
1773072000,8.941666603088379,9.071284294128418,8.880255699157715,8.986916542053223,45672640
1773086400,8.988809585571289,9.02672290802002,8.859411239624023,8.86007308959961,8205760
1773100800,8.861742973327637,9.064580917358398,8.861200332641602,8.943799018859863,9770304
1773115200,8.943551063537598,9.068924903869629,8.941758155822754,9.068924903869629,552000
1773129600,9.080536842346191,9.14510726928711,9.076627731323242,9.077467918395996,20573696
1773144000,9.07740306854248,9.147717475891113,8.892745971679688,9.120445251464844,22234560
1773158400,9.120089530944824,9.162276268005371,8.93248462677002,8.967376708984375,31909632
1773172800,8.972434997558594,9.003851890563965,8.920158386230469,8.983039855957031,11362240
1773187200,8.98327350616455,9.000958442687988,8.924498558044434,8.932282447814941,5057216
1773201600,8.931829452514648,9.023271560668945,8.883301734924316,8.896804809570312,3594560
1773216000,8.895955085754395,8.95870590209961,8.887636184692383,8.912443161010742,0
1773230400,8.913704872131348,9.144017219543457,8.895843505859375,8.989167213439941,31895104
1773244800,8.989200592041016,9.130396842956543,8.989200592041016,9.08331298828125,2373888
1773259200,9.083084106445312,9.085824966430664,8.995412826538086,8.995658874511719,4998016
1773273600,8.996047019958496,9.006552696228027,8.859452247619629,8.870659828186035,7967808
1773288000,8.87028694152832,8.951675415039062,8.851215362548828,8.950997352600098,6883712
1773302400,8.95145034790039,9.0993013381958,8.936735153198242,9.028531074523926,34614848
1773316800,9.028395652770996,9.07440185546875,8.909829139709473,9.032170295715332,3609344
1773331200,9.03412914276123,9.063794136047363,8.974454879760742,9.029887199401855,7308032
1773345600,9.029674530029297,9.069327354431152,8.97573184967041,9.058440208435059,18426048
1773360000,9.058576583862305,9.364423751831055,9.052879333496094,9.282224655151367,90085760
1773374400,9.282083511352539,9.289064407348633,9.181299209594727,9.189254760742188,17661952
1773388800,9.188822746276855,9.319143295288086,9.173349380493164,9.273798942565918,24880128
1773403200,9.27348518371582,9.569315910339355,9.25704288482666,9.257195472717285,94260032
1773417600,9.258855819702148,9.320989608764648,9.116985321044922,9.148309707641602,38365888
1773432000,9.150373458862305,9.194723129272461,9.035202980041504,9.088019371032715,19777600
1773446400,9.088262557983398,9.12208366394043,9.05215835571289,9.116719245910645,0
1773460800,9.116538047790527,9.13231372833252,8.979766845703125,8.984275817871094,5294528
1773475200,8.983419418334961,9.004530906677246,8.935675621032715,8.993598937988281,0
1773489600,8.995094299316406,9.012451171875,8.971426010131836,9.002490043640137,0
1773504000,9.002553939819336,9.046581268310547,8.9910249710083,9.03055477142334,0
1773518400,9.03056526184082,9.161643981933594,9.025279998779297,9.16144847869873,6690624
1773532800,9.166943550109863,9.236076354980469,9.124993324279785,9.198552131652832,25356448
1773547200,9.199043273925781,9.244478225708008,9.192461013793945,9.20952033996582,0
1773561600,9.209572792053223,9.309922218322754,9.209572792053223,9.2797269821167,7940544
1773576000,9.279105186462402,9.279105186462402,9.151837348937988,9.158308982849121,31923520
1773590400,9.15810775756836,9.217655181884766,9.13846206665039,9.196929931640625,30111488
1773604800,9.19655990600586,9.524882316589355,9.184139251708984,9.482163429260254,110703776
1773619200,9.484436988830566,9.770402908325195,9.425679206848145,9.704940795898438,98508736
1773633600,9.703699111938477,9.80788516998291,9.682903289794922,9.689763069152832,153962432
1773648000,9.68904972076416,9.722508430480957,9.581175804138184,9.66305160522461,54801600
1773662400,9.66395092010498,9.790224075317383,9.618132591247559,9.71538257598877,109570688
1773676800,9.718149185180664,9.956049919128418,9.716363906860352,9.942532539367676,101145472
1773691200,9.941484451293945,10.060558319091797,9.879057884216309,9.92684555053711,19680128
1773705600,9.92626667022705,9.98997688293457,9.795638084411621,9.810856819152832,40185088
1773720000,9.813138961791992,9.846246719360352,9.702471733093262,9.798569679260254,0
1773734400,9.79970645904541,9.819558143615723,9.741168022155762,9.771727561950684,4155136
1773748800,9.772405624389648,9.91091251373291,9.728921890258789,9.793692588806152,818816
1773763200,9.800407409667969,9.907907485961914,9.800407409667969,9.811898231506348,0
1773777600,9.811734199523926,9.900672912597656,9.785504341125488,9.795076370239258,0
1773792000,9.795753479003906,9.914360046386719,9.76227855682373,9.89261245727539,0
1773806400,9.892641067504883,9.895533561706543,9.787376403808594,9.812084197998047,6912
1773820800,9.81508731842041,9.861396789550781,9.55249309539795,9.562673568725586,28260480
1773835200,9.560327529907227,9.560327529907227,9.177874565124512,9.212101936340332,50925568
1773849600,9.211548805236816,9.297767639160156,9.115035057067871,9.1769380569458,30196480
1773864000,9.176078796386719,9.250968933105469,9.112143516540527,9.225985527038574,13981760
1773878400,9.225616455078125,9.323563575744629,9.192086219787598,9.262055397033691,18800448
1773892800,9.261751174926758,9.261751174926758,9.052440643310547,9.110940933227539,33546176
1773907200,9.108936309814453,9.162368774414062,9.076476097106934,9.100018501281738,6885760
1773921600,9.100391387939453,9.100391387939453,8.90805721282959,8.962576866149902,12178752
1773936000,8.961905479431152,9.084248542785645,8.91148853302002,9.032598495483398,12873088
1773950400,9.033539772033691,9.09321403503418,9.02319049835205,9.047313690185547,13452160
1773964800,9.04735279083252,9.153892517089844,9.045490264892578,9.124619483947754,20103936
1773979200,9.124022483825684,9.141858100891113,9.048408508300781,9.114640235900879,84352
1773993600,9.114968299865723,9.184473991394043,9.068124771118164,9.080238342285156,6257408
1774008000,9.079771995544434,9.1127290725708,8.979366302490234,9.012986183166504,11368960
1774022400,9.015449523925781,9.05394458770752,8.97164535522461,9.037562370300293,4654848
1774036800,9.039685249328613,9.152498245239258,8.99496841430664,9.113234519958496,3989376
1774051200,9.112805366516113,9.15926456451416,9.112805366516113,9.128229141235352,0
1774065600,9.128220558166504,9.144786834716797,9.10783576965332,9.12911605834961,0
1774080000,9.12916374206543,9.158568382263184,9.095283508300781,9.102757453918457,0
1774094400,9.102978706359863,9.126912117004395,9.064298629760742,9.095379829406738,0
1774108800,9.095223426818848,9.10306453704834,9.050227165222168,9.067872047424316,0
1774123200,9.067784309387207,9.104182243347168,8.805160522460938,8.809146881103516,24162400
1774137600,8.815193176269531,8.948504447937012,8.749491691589355,8.910908699035645,82999840
1774152000,8.91081714630127,8.933042526245117,8.862839698791504,8.862839698791504,23314144
1774166400,8.861641883850098,8.861641883850098,8.755281448364258,8.75568962097168,48432000
1774180800,8.755440711975098,8.821200370788574,8.755440711975098,8.789482116699219,23931456
1774195200,8.790821075439453,8.802549362182617,8.698440551757812,8.708584785461426,18542656
1774209600,8.708792686462402,8.74026870727539,8.587209701538086,8.685227394104004,64948352
1774224000,8.685919761657715,8.761542320251465,8.650803565979004,8.706352233886719,0
1774238400,8.706215858459473,8.770606994628906,8.589097023010254,8.654032707214355,30470336
1774252800,8.653985977172852,9.159527778625488,8.5941743850708,8.996020317077637,151569600
1774267200,8.993741989135742,9.268301010131836,8.935749053955078,9.044196128845215,160165120
1774281600,9.042844772338867,9.192402839660645,9.000372886657715,9.131169319152832,82553536
1774296000,9.128271102905273,9.168878555297852,9.074178695678711,9.102781295776367,10189120
1774310400,9.103365898132324,9.114792823791504,9.02534294128418,9.087145805358887,6707072
1774324800,9.087403297424316,9.220842361450195,9.029882431030273,9.220842361450195,26785728
1774339200,9.223701477050781,9.250655174255371,9.17654800415039,9.235471725463867,9100544
1774353600,9.236902236938477,9.242218017578125,9.063586235046387,9.128446578979492,0
1774368000,9.126416206359863,9.149565696716309,9.023752212524414,9.05721378326416,0
1774382400,9.057251930236816,9.256851196289062,9.054689407348633,9.246526718139648,18375424
1774396800,9.246627807617188,9.299524307250977,9.18132209777832,9.241479873657227,0
1774411200,9.240623474121094,9.347908973693848,9.230035781860352,9.292916297912598,9993920
1774425600,9.291144371032715,9.435948371887207,9.290772438049316,9.405035018920898,7494912
1774440000,9.405678749084473,9.473811149597168,9.3093843460083,9.362627983093262,16718208
1774454400,9.362895965576172,9.44682788848877,9.313775062561035,9.327643394470215,12178240
1774468800,9.330625534057617,9.384713172912598,9.28470230102539,9.37469482421875,243328
1774483200,9.374978065490723,9.37695026397705,9.229557991027832,9.250971794128418,1452032
1774497600,9.25112247467041,9.25112247467041,9.073488235473633,9.102699279785156,0
1774512000,9.102789878845215,9.102789878845215,8.935346603393555,8.94886302947998,50863104
1774526400,8.948917388916016,9.015765190124512,8.88764762878418,8.930182456970215,1008512
1774540800,8.930697441101074,8.939477920532227,8.818117141723633,8.843104362487793,8638912
1774555200,8.841270446777344,8.96460247039795,8.826118469238281,8.914504051208496,29043904
1774569600,8.913991928100586,8.968353271484375,8.892284393310547,8.910451889038086,0
1774584000,8.910680770874023,8.92514705657959,8.850275039672852,8.898703575134277,0
1774598400,8.89891529083252,8.903676986694336,8.583507537841797,8.597940444946289,3300032
1774612800,8.598212242126465,8.66006851196289,8.527952194213867,8.609081268310547,0
1774627200,8.607694625854492,8.614219665527344,8.500418663024902,8.542860984802246,0
1774641600,8.543489456176758,8.565773010253906,8.495692253112793,8.563811302185059,0
1774656000,8.564302444458008,8.564302444458008,8.505894660949707,8.514211654663086,1780864
1774670400,8.51429271697998,8.594754219055176,8.507774353027344,8.594754219055176,0
1774684800,8.59469985961914,8.602376937866211,8.49946117401123,8.539438247680664,0
1774699200,8.539592742919922,8.672009468078613,8.516282081604004,8.630590438842773,0
1774713600,8.631037712097168,8.63844108581543,8.584136009216309,8.588493347167969,0
1774728000,8.589730262756348,8.613861083984375,8.42817211151123,8.42817211151123,33791696
1774742400,8.428913116455078,8.554996490478516,8.428094863891602,8.542829513549805,16007360
1774756800,8.54227066040039,8.54227066040039,8.4999361038208,8.51824951171875,0
1774771200,8.517712593078613,8.524643898010254,8.468464851379395,8.502374649047852,7484720
1774785600,8.50045394897461,8.502440452575684,8.407805442810059,8.416937828063965,0
1774800000,8.41727352142334,8.450104713439941,8.40333366394043,8.411569595336914,1437792
1774814400,8.411479949951172,8.475410461425781,8.255690574645996,8.405252456665039,25938416
1774828800,8.406044006347656,8.635598182678223,8.404641151428223,8.625200271606445,24022672
1774843200,8.625266075134277,8.718456268310547,8.625266075134277,8.71845531463623,22590640
1774857600,8.71866226196289,8.855622291564941,8.71866226196289,8.851314544677734,29032768
1774872000,8.851447105407715,8.891839981079102,8.788342475891113,8.8358736038208,34151008
1774886400,8.82972240447998,8.82972240447998,8.571760177612305,8.613531112670898,32459008
1774900800,8.613686561584473,8.705451011657715,8.587623596191406,8.610806465148926,5109664
1774915200,8.611347198486328,8.811273574829102,8.601855278015137,8.744929313659668,3650240
1774929600,8.744718551635742,8.759443283081055,8.674741744995117,8.698761940002441,0
1774944000,8.699206352233887,8.699206352233887,8.515274047851562,8.604325294494629,8038112
1774958400,8.604679107666016,8.780187606811523,8.604679107666016,8.640186309814453,10708736
1774972800,8.63823127746582,8.850428581237793,8.628850936889648,8.764066696166992,64933504
1774987200,8.764321327209473,8.797916412353516,8.71943473815918,8.77761173248291,33959456
1775001600,8.777214050292969,8.813981056213379,8.746696472167969,8.807806015014648,30231200
1775016000,8.808156967163086,9.141427040100098,8.796794891357422,9.058738708496094,92568608
1775030400,9.058107376098633,9.086790084838867,8.994453430175781,9.019675254821777,37607168
1775044800,9.019635200500488,9.0363187789917,8.937946319580078,8.998348236083984,67096896
1775059200,8.999868392944336,9.11232852935791,8.963664054870605,9.008406639099121,5830144
1775073600,9.009032249450684,9.022069931030273,8.937687873840332,8.937687873840332,21511936
1775088000,8.93841552734375,8.998331069946289,8.55123233795166,8.562420845031738,92638528
1775102400,8.562589645385742,8.562589645385742,8.510087013244629,8.561819076538086,12827328
1775116800,8.561785697937012,8.561785697937012,8.484713554382324,8.4856538772583,16849408
1775131200,8.484498023986816,8.612058639526367,8.436945915222168,8.563536643981934,21928896
1775145600,8.562868118286133,8.64546012878418,8.532529830932617,8.60923957824707,0
1775160000,8.608623504638672,8.64775562286377,8.597750663757324,8.628461837768555,0
1775174400,8.628644943237305,8.666236877441406,8.597996711730957,8.654927253723145,0
1775188800,8.653864860534668,8.738287925720215,8.653864860534668,8.714993476867676,0
1775203200,8.715168952941895,8.731861114501953,8.668684005737305,8.72110366821289,0
1775217600,8.721335411071777,8.764324188232422,8.659170150756836,8.702384948730469,3111360
1775232000,8.70203685760498,8.720002174377441,8.653200149536133,8.67414379119873,0
1775246400,8.674262046813965,8.704418182373047,8.646408081054688,8.658230781555176,25280
1775260800,8.658202171325684,8.658202171325684,8.624845504760742,8.643489837646484,0
1775275200,8.643407821655273,8.672765731811523,8.635908126831055,8.655004501342773,0
1775289600,8.654890060424805,8.671856880187988,8.632346153259277,8.66071605682373,0
1775304000,8.660393714904785,8.692911148071289,8.625364303588867,8.67621898651123,1549296
1775318400,8.677582740783691,8.74593734741211,8.673015594482422,8.726276397705078,6614496
1775332800,8.72574520111084,8.726255416870117,8.684773445129395,8.692900657653809,206528
1775347200,8.69279956817627,8.693852424621582,8.651294708251953,8.653905868530273,2249152
1775361600,8.653924942016602,8.654255867004395,8.527689933776855,8.531122207641602,18753152
1775376000,8.53174114227295,8.564216613769531,8.52987289428711,8.544693946838379,5517152
1775390400,8.544788360595703,8.631609916687012,8.485926628112793,8.604598045349121,13932288
1775404800,8.6041841506958,8.638932228088379,8.580286979675293,8.610978126525879,3258336
1775419200,8.613533973693848,8.839268684387207,8.575882911682129,8.811758041381836,54362752
1775433600,8.811565399169922,9.009922981262207,8.811565399169922,8.922975540161133,71009088
1775448000,8.922815322875977,8.985161781311035,8.906883239746094,8.961339950561523,32183904
1775462400,8.961480140686035,9.10447883605957,8.959372520446777,9.040288925170898,59357216
1775476800,9.040791511535645,9.079537391662598,9.006253242492676,9.078795433044434,41193536
1775491200,9.07893180847168,9.089632034301758,8.951583862304688,8.980108261108398,27799488
1775505600,8.98255443572998,9.014342308044434,8.750958442687988,8.805009841918945,9230528
1775520000,8.803627014160156,8.831415176391602,8.74776840209961,8.790244102478027,0
1775534400,8.78976058959961,8.813820838928223,8.73693561553955,8.76292610168457,2899968
1775548800,8.7626953125,8.878280639648438,8.681561470031738,8.68358039855957,26126880
1775563200,8.683701515197754,8.698092460632324,8.580686569213867,8.614834785461426,50286272
1775577600,8.615764617919922,8.744706153869629,8.602579116821289,8.742865562438965,36464512
1775592000,8.743184089660645,9.383172035217285,8.722296714782715,9.29571533203125,183885056
1775606400,9.29595947265625,9.317471504211426,9.18004035949707,9.181336402893066,83021184
1775620800,9.181596755981445,9.261683464050293,9.181596755981445,9.24355697631836,23096128
1775635200,9.24435043334961,9.262483596801758,9.164077758789062,9.187919616699219,1993920
1775649600,9.18852424621582,9.24508285522461,8.984729766845703,9.03637409210205,19723904
1775664000,9.035983085632324,9.094427108764648,8.946041107177734,8.974864959716797,3127168
1775678400,8.975702285766602,9.023554801940918,8.851826667785645,8.860593795776367,9664
1775692800,8.860692977905273,8.860692977905273,8.703472137451172,8.757237434387207,6704256
1775707200,8.757392883300781,8.793718338012695,8.754552841186523,8.762771606445312,2945984
1775721600,8.762421607971191,8.795989036560059,8.750750541687012,8.765949249267578,14263552
1775736000,8.765741348266602,8.949379920959473,8.711572647094727,8.949379920959473,11456448
1775750400,8.949739456176758,9.020174026489258,8.880403518676758,9.006701469421387,34532672
1775764800,9.007925033569336,9.13686466217041,8.942774772644043,8.942774772644043,40244992
1775779200,8.94387149810791,8.99251937866211,8.907404899597168,8.923466682434082,0
1775793600,8.92350959777832,8.987143516540527,8.901009559631348,8.901257514953613,1888640
1775808000,8.90123176574707,9.008034706115723,8.89008617401123,8.992125511169434,1392320
1775822400,8.993001937866211,9.144121170043945,8.976114273071289,9.05741024017334,18758720
1775836800,9.057592391967773,9.150720596313477,9.048611640930176,9.1458158493042,0
1775851200,9.147173881530762,9.17028522491455,9.079330444335938,9.087846755981445,0
1775865600,9.088717460632324,9.112529754638672,9.040616035461426,9.065838813781738,0
1775880000,9.065476417541504,9.076260566711426,8.986387252807617,9.009310722351074,0
1775894400,9.009249687194824,9.042059898376465,8.999167442321777,9.018046379089355,0
1775908800,9.017926216125488,9.028169631958008,8.97707748413086,9.028169631958008,0
1775923200,9.028310775756836,9.272253036499023,9.027091979980469,9.248002052307129,33932416
1775937600,9.258894920349121,9.258894920349121,9.066468238830566,9.069445610046387,13832800
1775952000,9.069660186767578,9.071998596191406,8.779500961303711,8.810608863830566,86553568
1775966400,8.809051513671875,8.811101913452148,8.770743370056152,8.809882164001465,17274656
1775980800,8.809629440307617,8.810686111450195,8.764677047729492,8.790918350219727,15625728
1775995200,8.790968894958496,8.823518753051758,8.707173347473145,8.72429084777832,32656320
1776009600,8.72412395477295,8.79436206817627,8.71683120727539,8.76769733428955,0
1776024000,8.767793655395508,8.831804275512695,8.721395492553711,8.737156867980957,12419392
1776038400,8.736966133117676,8.827197074890137,8.733559608459473,8.77750301361084,8263104
1776052800,8.77733039855957,8.797293663024902,8.722264289855957,8.733847618103027,10696032
1776067200,8.733624458312988,8.742952346801758,8.707680702209473,8.732142448425293,2487616
1776081600,8.731729507446289,8.897364616394043,8.700082778930664,8.816717147827148,28705664
1776096000,8.816936492919922,9.026823043823242,8.802940368652344,9.026823043823242,58781728
1776110400,9.025867462158203,9.419044494628906,8.964949607849121,9.362842559814453,114806144
1776124800,9.363312721252441,9.37142562866211,9.199877738952637,9.224284172058105,42614144
1776139200,9.223716735839844,9.239395141601562,9.151556968688965,9.211470603942871,53437824
1776153600,9.211474418640137,9.244275093078613,9.175219535827637,9.18729305267334,27794816
1776168000,9.186433792114258,9.275092124938965,9.08123779296875,9.14533519744873,34364288
1776182400,9.138580322265625,9.172208786010742,8.961939811706543,8.984328269958496,9886784
1776196800,8.986766815185547,9.064000129699707,8.986000061035156,9.024999618530273,0
1776211200,9.027000427246094,9.116000175476074,9.027000427246094,9.074000358581543,0
1776225600,9.07699966430664,9.118000030517578,8.99899959564209,9.015000343322754,1043200
1776240000,9.012999534606934,9.149999618530273,9.008999824523926,9.145000457763672,1407488
1776254400,9.140000343322754,9.244999885559082,9.107999801635742,9.168999671936035,2255168
1776268800,9.166000366210938,9.36400032043457,9.156999588012695,9.326000213623047,13719040
1776283200,9.331000328063965,9.357000350952148,9.222000122070312,9.26200008392334,11105792
1776297600,9.265000343322754,9.333999633789062,9.211999893188477,9.279999732971191,13568384
1776312000,9.277000427246094,9.364999771118164,9.258000373840332,9.295000076293945,24646144
1776326400,9.295000076293945,9.331999778747559,9.21500015258789,9.284000396728516,18975872
1776340800,9.288000106811523,9.465999603271484,9.133999824523926,9.458999633789062,62182144
1776355200,9.456000328063965,9.656999588012695,9.307999610900879,9.649999618530273,63285312
1776369600,9.654999732971191,9.678999900817871,9.46500015258789,9.60099983215332,28938752
1776384000,9.595999717712402,9.61299991607666,9.39799976348877,9.420000076293945,22031168
1776398400,9.420000076293945,9.472999572753906,9.343000411987305,9.472999572753906,0
1776412800,9.475000381469727,9.607999801635742,9.458000183105469,9.52299976348877,28096960
1776427200,9.526000022888184,9.869999885559082,9.465999603271484,9.758000373840332,41021440
1776441600,9.758000373840332,9.840999603271484,9.633000373840332,9.668000221252441,4879232
1776456000,9.675999641418457,9.713000297546387,9.588000297546387,9.616000175476074,0
1776470400,9.616000175476074,9.656000137329102,9.553000450134277,9.565999984741211,0
1776484800,9.562999725341797,9.633999824523926,9.553999900817871,9.604999542236328,6217024
1776499200,9.605999946594238,9.607000350952148,9.343999862670898,9.406999588012695,35120640
1776513600,9.404000282287598,9.451000213623047,9.319000244140625,9.392000198364258,2644096
1776528000,9.38599967956543,9.420999526977539,9.262999534606934,9.28600025177002,0
1776542400,9.28600025177002,9.343999862670898,9.267999649047852,9.28499984741211,0
1776556800,9.28600025177002,9.303000450134277,9.168000221252441,9.229999542236328,16390816
1776571200,9.232999801635742,9.28600025177002,9.11400032043457,9.180999755859375,40715200
1776585600,9.175000190734863,9.229000091552734,9.116999626159668,9.222999572753906,0
1776600000,9.222000122070312,9.378000259399414,9.206999778747559,9.288000106811523,17594336
1776614400,9.295000076293945,9.302000045776367,9.11400032043457,9.184000015258789,24058784
1776628800,9.180000305175781,9.182000160217285,9.001999855041504,9.067000389099121,58712256
1776643200,9.069000244140625,9.208999633789062,9.059000015258789,9.197999954223633,570112
1776657600,9.196999549865723,9.362000465393066,9.102999687194824,9.253000259399414,7134720
1776672000,9.253999710083008,9.317000389099121,9.15999984741211,9.218000411987305,42128640
1776686400,9.21399974822998,9.303000450134277,9.144000053405762,9.27299976348877,17650112
1776700800,9.27400016784668,9.354000091552734,9.21399974822998,9.329999923706055,0
1776715200,9.329000473022461,9.40999984741211,9.262999534606934,9.288999557495117,4384896
1776729600,9.291999816894531,9.359999656677246,9.241999626159668,9.291999816894531,2308928
1776744000,9.291000366210938,9.39799976348877,9.27400016784668,9.369000434875488,668088320
1776758400,9.366000175476074,9.491000175476074,9.352999687194824,9.414999961853027,15780096
1776772800,9.418000221252441,9.479999542236328,9.336000442504883,9.420999526977539,4455538880
1776787200,9.425000190734863,9.439000129699707,9.244000434875488,9.269000053405762,24574592
1776801600,9.265999794006348,9.413000106811523,9.262999534606934,9.39900016784668,27933568
1776816000,9.402999877929688,9.526000022888184,9.380000114440918,9.506999969482422,33455104
1776830400,9.51200008392334,9.552000045776367,9.473999977111816,9.50100040435791,31752128
1776844800,9.50100040435791,9.54800033569336,9.472000122070312,9.527999877929688,0
1776859200,9.527999877929688,9.553999900817871,9.461999893188477,9.491000175476074,11157696
1776873600,9.496000289916992,9.51099967956543,9.380999565124512,9.418999671936035,8269888
1776888000,9.42199993133545,9.428999900817871,9.289999961853027,9.293000221252441,903872
1776902400,9.295000076293945,9.317999839782715,9.154000282287598,9.184000015258789,21035712
1776916800,9.178000450134277,9.270999908447266,9.170999526977539,9.237000465393066,452032
1776931200,9.237000465393066,9.27400016784668,9.168000221252441,9.26200008392334,16413312
1776945600,9.265000343322754,9.388999938964844,9.241999626159668,9.347999572753906,3117376
1776960000,9.350000381469727,9.357999801635742,9.156000137329102,9.282999992370605,38633952
1776974400,9.277000427246094,9.36400032043457,9.274999618530273,9.35099983215332,4264000
1776988800,9.357000350952148,9.394000053405762,9.255000114440918,9.291999816894531,0
1777003200,9.293999671936035,9.314000129699707,9.244999885559082,9.288999557495117,0
1777017600,9.289999961853027,9.38599967956543,9.253000259399414,9.361000061035156,6356352
1777032000,9.362000465393066,9.392000198364258,9.305000305175781,9.376999855041504,7534400
1777046400,9.378000259399414,9.435999870300293,9.331999778747559,9.411999702453613,2293984
1777060800,9.41100025177002,9.446999549865723,9.357000350952148,9.380000114440918,4628928
1777075200,9.380000114440918,9.430000305175781,9.354999542236328,9.425000190734863,0
1777089600,9.427000045776367,9.446999549865723,9.395000457763672,9.404000282287598,0
1777104000,9.397000312805176,9.442000389099121,9.37399959564209,9.392999649047852,0
1777118400,9.392999649047852,9.420000076293945,9.335000038146973,9.35099983215332,0
1777132800,9.343999862670898,9.366000175476074,9.288999557495117,9.307000160217285,0
1777147200,9.309000015258789,9.36400032043457,9.295000076293945,9.348999977111816,88480
1777161600,9.348999977111816,9.348999977111816,9.300999641418457,9.32699966430664,0
1777176000,9.324999809265137,9.428000450134277,9.3149995803833,9.425000190734863,17074848
1777190400,9.428000450134277,9.48799991607666,9.406999588012695,9.470000267028809,6882496
1777204800,9.475000381469727,9.49899959564209,9.416999816894531,9.489999771118164,0
1777219200,9.494000434875488,9.53499984741211,9.430999755859375,9.482999801635742,3190656
1777233600,9.484999656677246,9.52400016784668,9.42199993133545,9.48900032043457,6060880
1777248000,9.48799991607666,9.595000267028809,9.444000244140625,9.548999786376953,14076976
1777262400,9.545000076293945,9.565999984741211,9.305000305175781,9.310999870300293,5504416
1777276800,9.310999870300293,9.355999946594238,9.303999900817871,9.333000183105469,0
1777291200,9.333000183105469,9.366999626159668,9.156000137329102,9.1850004196167,34149632
1777305600,9.177000045776367,9.25100040435791,9.16100025177002,9.215999603271484,6835904
1777320000,9.218000411987305,9.329999923706055,9.208000183105469,9.319000244140625,0
1777334400,9.319000244140625,9.331000328063965,9.244000434875488,9.282999992370605,1870496
1777348800,9.284000396728516,9.3149995803833,9.206999778747559,9.25100040435791,0
1777363200,9.253999710083008,9.274999618530273,9.178999900817871,9.196999549865723,2262240
1777377600,9.20300006866455,9.244000434875488,9.145000457763672,9.222999572753906,601376
1777392000,9.220999717712402,9.279999732971191,9.190999984741211,9.274999618530273,788416
1777406400,9.279999732971191,9.288000106811523,9.220999717712402,9.23799991607666,5479440
1777420800,9.23799991607666,9.317000389099121,9.213000297546387,9.305000305175781,4166480
1777435200,9.307999610900879,9.392999649047852,9.29699993133545,9.3149995803833,3421376
1777449600,9.319999694824219,9.416999816894531,9.265000343322754,9.357999801635742,11064608
1777464000,9.357999801635742,9.357999801635742,9.079000473022461,9.095000267028809,21545264
1777478400,9.090999603271484,9.15999984741211,8.913000106811523,9.010000228881836,40642256
1777492800,9.010000228881836,9.130999565124512,9.006999969482422,9.109000205993652,6895408
1777507200,9.11299991607666,9.180999755859375,9.057000160217285,9.104000091552734,13913568
1777521600,9.10200023651123,9.125,9.017999649047852,9.125,2420992
1777536000,9.12600040435791,9.16100025177002,9.093000411987305,9.121999740600586,4886432
1777550400,9.125,9.173999786376953,9.086999893188477,9.133000373840332,3087424
1777564800,9.133000373840332,9.14900016784668,9.088000297546387,9.128000259399414,0
1777579200,9.126999855041504,9.142999649047852,9.079000473022461,9.102999687194824,0
1777593600,9.104000091552734,9.199000358581543,9.098999977111816,9.161999702453613,17623296
1777608000,9.163999557495117,9.178999900817871,9.128000259399414,9.14900016784668,10064528
1777622400,9.14900016784668,9.187999725341797,9.116999626159668,9.142999649047852,17335504
1777636800,9.14799976348877,9.276000022888184,9.140000343322754,9.229000091552734,68088752
1777651200,9.229999542236328,9.253000259399414,9.170000076293945,9.173999786376953,52395808
1777665600,9.175000190734863,9.178000450134277,9.067000389099121,9.093999862670898,48058272
1777680000,9.093999862670898,9.135000228881836,9.083999633789062,9.118000030517578,13978112
1777694400,9.116999626159668,9.118000030517578,9.067999839782715,9.083999633789062,7672800
1777708800,9.083000183105469,9.10200023651123,9.071999549865723,9.07699966430664,4768672
1777723200,9.076000213623047,9.196000099182129,9.076000213623047,9.16100025177002,10965696
1777737600,9.163000106811523,9.178999900817871,9.116000175476074,9.163999557495117,0
1777752000,9.163999557495117,9.25,9.159000396728516,9.175999641418457,5311424
1777766400,9.178000450134277,9.182000160217285,9.07800006866455,9.093999862670898,0
1777780800,9.093999862670898,9.131999969482422,9.069000244140625,9.116999626159668,0
1777795200,9.116000175476074,9.197999954223633,9.107000350952148,9.175999641418457,4574272
1777809600,9.175999641418457,9.208999633789062,9.121000289916992,9.154999732971191,8891456
1777824000,9.156999588012695,9.173999786376953,9.133999824523926,9.156000137329102,5681248
1777838400,9.16100025177002,9.220999717712402,9.111000061035156,9.130999565124512,29741824
1777852800,9.126999855041504,9.352999687194824,9.09000015258789,9.345999717712402,87819296
1777867200,9.35099983215332,9.395999908447266,9.256999969482422,9.321999549865723,49284992
1777881600,9.321000099182129,9.652000427246094,9.291999816894531,9.425999641418457,248440352
1777896000,9.425000190734863,9.545000076293945,9.352999687194824,9.41100025177002,99567040
1777910400,9.416999816894531,9.510000228881836,9.352999687194824,9.388999938964844,80584128
1777924800,9.390999794006348,9.420000076293945,9.315999984741211,9.357999801635742,5527232
1777939200,9.357999801635742,9.545000076293945,9.355999946594238,9.508999824523926,0
1777953600,9.510000228881836,9.630999565124512,9.498000144958496,9.604000091552734,24952384
1777968000,9.602999687194824,9.73900032043457,9.513999938964844,9.720000267028809,0
1778025600,9.76099967956543,9.869000434875488,9.755999565124512,9.857999801635742,18818496
1778040000,9.861000061035156,9.91100025177002,9.782999992370605,9.871000289916992,0
1778054400,9.866999626159668,10.24899959564209,9.862000465393066,10.182000160217285,0
1778068800,10.182000160217285,10.206999778747559,9.880999565124512,10.034000396728516,767360
1778083200,10.031999588012695,10.079000473022461,9.946000099182129,10.015999794006348,0
1778097600,10.019000053405762,10.057999610900879,9.940999984741211,9.996999740600586,0
1778112000,9.996999740600586,10.01099967956543,9.847999572753906,9.864999771118164,202755520
1778126400,9.866999626159668,10.128000259399414,9.859000205993652,10.116000175476074,27793856
1778140800,10.118000030517578,10.119999885559082,9.954999923706055,10.022000312805176,0
1778155200,10.020000457763672,10.076000213623047,9.807999610900879,9.864999771118164,6457664
1778169600,9.86299991607666,9.946999549865723,9.800000190734863,9.890999794006348,4482944
1778184000,9.897000312805176,9.946000099182129,9.807999610900879,9.850000381469727,5589824
1778198400,9.854999542236328,9.892999649047852,9.800293922424316,9.86307144165039,160828672
1778212800,9.862987518310547,9.885160446166992,9.814932823181152,9.877954483032227,1655616
1778227200,9.886795997619629,9.934076309204102,9.847318649291992,9.934076309204102,13324672
1778241600,9.935223579406738,10.092000007629395,9.883999824523926,10.086999893188477,13796800
1778256000,10.090999603271484,10.487000465393066,10.029999732971191,10.35099983215332,165578240
1778270400,10.359000205993652,10.392999649047852,10.281000137329102,10.345000267028809,35221376
1778284800,10.340999603271484,10.602999687194824,10.312999725341797,10.541999816894531,84207104
1778299200,10.541999816894531,10.607999801635742,10.45199966430664,10.463000297546387,19012224
1778313600,10.463000297546387,10.506999969482422,10.395999908447266,10.460000038146973,5951616
1778328000,10.460000038146973,10.482999801635742,10.281999588012695,10.335000038146973,0
1778342400,10.336000442504883,10.454999923706055,10.312999725341797,10.442999839782715,0
1778356800,10.444000244140625,10.446999549865723,10.354000091552734,10.373000144958496,0
1778371200,10.371000289916992,10.397000312805176,10.281999588012695,10.347999572753906,0
1778385600,10.347000122070312,10.454000473022461,10.336000442504883,10.420000076293945,0
1778400000,10.420000076293945,10.54699993133545,10.411999702453613,10.480999946594238,10118752
1778414400,10.475000381469727,10.621999740600586,10.444000244140625,10.618000030517578,16859840
1778428800,10.616000175476074,10.86400032043457,10.592000007629395,10.835000038146973,92355776
1778443200,10.836000442504883,10.866000175476074,10.45300006866455,10.715999603271484,141489280
1778457600,10.722000122070312,10.755000114440918,10.432999610900879,10.52299976348877,78283072
1778472000,10.52400016784668,10.609999656677246,10.461999893188477,10.522000312805176,38366592
1778486400,10.522000312805176,10.644000053405762,10.508999824523926,10.571999549865723,15719616
1778500800,10.574999809265137,10.597999572753906,10.402999877929688,10.576000213623047,38211136
1778515200,10.576000213623047,10.685999870300293,10.53499984741211,10.682000160217285,0
1778529600,10.682000160217285,10.704000473022461,10.539999961853027,10.590999603271484,0
1778544000,10.585000038146973,10.59000015258789,10.401000022888184,10.461000442504883,0
1778558400,10.456999778747559,10.520999908447266,10.380999565124512,10.432999610900879,0
1778572800,10.428999900817871,10.446999549865723,10.229000091552734,10.263999938964844,34755584
1778587200,10.258000373840332,10.347999572753906,10.116999626159668,10.152000427246094,41318016
1778601600,10.152000427246094,10.324999809265137,10.125,10.319000244140625,1559296
1778616000,10.319999694824219,10.35200023651123,10.279999732971191,10.28499984741211,0
1778630400,10.28499984741211,10.479999542236328,10.269000053405762,10.465999603271484,14090560
1778644800,10.468999862670898,10.57800006866455,10.392000198364258,10.571999549865723,33654656
1778659200,10.57800006866455,10.798999786376953,10.473999977111816,10.484000205993652,36086144
1778673600,10.479999542236328,10.51200008392334,10.03499984741211,10.064000129699707,42124288
1778688000,10.060999870300293,10.246000289916992,10.060999870300293,10.168000221252441,16043328
1778702400,10.168000221252441,10.227999687194824,10.116000175476074,10.213000297546387,23427200
1778716800,10.213000297546387,10.270000457763672,10.093000411987305,10.102999687194824,12769088
1778731200,10.109000205993652,10.321999549865723,10.09000015258789,10.222000122070312,14089856
1778745600,10.225000381469727,10.288999557495117,10.182000160217285,10.234999656677246,0
1778760000,10.230999946594238,10.656999588012695,10.204999923706055,10.63599967956543,17437120
1778774400,10.63700008392334,10.765999794006348,10.565999984741211,10.62399959564209,81827904
1778788800,10.630000114440918,10.649999618530273,10.461000442504883,10.479999542236328,14177856
1778803200,10.480999946594238,10.559000015258789,10.354999542236328,10.414999961853027,23462528
1778817600,10.413999557495117,10.416999816894531,10.211000442504883,10.375,17838464
1778832000,10.371999740600586,10.37600040435791,10.25,10.303000450134277,957312
1778846400,10.298999786376953,10.312000274658203,9.961999893188477,10.02400016784668,3653440
1778860800,10.019000053405762,10.133000373840332,10.0,10.0600004196167,0
1778875200,10.062999725341797,10.081999778747559,10.020000457763672,10.067999839782715,0
1778889600,10.065999984741211,10.093000411987305,10.036999702453613,10.0600004196167,0
1778904000,10.0600004196167,10.062999725341797,9.732999801635742,9.817999839782715,18605056
1778918400,9.819000244140625,9.833999633789062,9.616999626159668,9.649999618530273,50880896
1778932800,9.64799976348877,9.71399974822998,9.619999885559082,9.706000328063965,6629440
1778947200,9.704000473022461,9.774999618530273,9.699999809265137,9.746000289916992,1946048
1778961600,9.75100040435791,9.769000053405762,9.704000473022461,9.713000297546387,9041920
1778976000,9.710000038146973,9.729999542236328,9.626999855041504,9.720999717712402,12260096
1778990400,9.718000411987305,9.821000099182129,9.715999603271484,9.77299976348877,0
1779004800,9.774999618530273,9.845999717712402,9.746000289916992,9.789999961853027,0
1779019200,9.791000366210938,9.838000297546387,9.652999877929688,9.711999893188477,18000032
1779033600,9.711000442504883,9.763999938964844,9.64900016784668,9.74899959564209,4314592
1779048000,9.75,9.77299976348877,9.345000267028809,9.5600004196167,53818496
1779062400,9.557999610900879,9.576000213623047,9.449000358581543,9.505999565124512,21079360
1779076800,9.505999565124512,9.569000244140625,9.416999816894531,9.468000411987305,22981120
1779091200,9.470000267028809,9.5600004196167,9.395000457763672,9.508999824523926,7311232
1779105600,9.51200008392334,9.602999687194824,9.34000015258789,9.416999816894531,27785664
1779120000,9.416999816894531,9.526000022888184,9.310999870300293,9.503999710083008,36926784
1779134400,9.508999824523926,9.612000465393066,9.465999603271484,9.60200023651123,4659392
1779148800,9.604000091552734,9.725000381469727,9.576000213623047,9.696999549865723,2913088
1779163200,9.697999954223633,9.819999694824219,9.656999588012695,9.789999961853027,4581696
1779177600,9.786999702453613,9.786999702453613,9.526000022888184,9.536999702453613,8472640
1779192000,9.53600025177002,9.61299991607666,9.430999755859375,9.479999542236328,0
1779206400,9.484999656677246,9.555999755859375,9.446999549865723,9.461000442504883,3572224
1779220800,9.461999893188477,9.487000465393066,9.428000450134277,9.4399995803833,0
1779235200,9.439000129699707,9.49899959564209,9.369999885559082,9.482000350952148,18208000
1779249600,9.484999656677246,9.621999740600586,9.454000473022461,9.567000389099121,12800960
1779264000,9.569000244140625,9.626999855041504,9.522000312805176,9.536999702453613,5501952
1779278400,9.532999992370605,9.645000457763672,9.47700023651123,9.619999885559082,18648640
1779292800,9.621999740600586,9.678000450134277,9.553999900817871,9.645999908447266,25263232
1779307200,9.647000312805176,9.657999992370605,9.557999610900879,9.628000259399414,16059264
1779321600,9.628000259399414,9.760000228881836,9.619999885559082,9.751999855041504,18665152
1779336000,9.753999710083008,9.769000053405762,9.61400032043457,9.682999610900879,4012736
1779350400,9.685999870300293,9.75,9.515999794006348,9.539999961853027,10960192
1779364800,9.541000366210938,9.675999641418457,9.51200008392334,9.63700008392334,1842272
1779379200,9.640000343322754,9.843999862670898,9.60200023651123,9.789999961853027,9690336
1779393600,9.793999671936035,9.805000305175781,9.689000129699707,9.743000030517578,6004352
1779408000,9.746999740600586,9.826000213623047,9.701000213623047,9.819999694824219,800416
1779422400,9.82699966430664,9.854999542236328,9.744999885559082,9.814000129699707,0
1779436800,9.814000129699707,9.883000373840332,9.760000228881836,9.880999565124512,8909632
1779451200,9.87600040435791,10.022000312805176,9.732000350952148,9.800000190734863,49957760
1779465600,9.800000190734863,9.845999717712402,9.36400032043457,9.456999778747559,47158240
1779480000,9.458000183105469,9.560999870300293,9.361000061035156,9.407999992370605,6890080
1779494400,9.41100025177002,9.428999900817871,9.343999862670898,9.395999908447266,12986208
1779508800,9.395999908447266,9.399999618530273,9.060999870300293,9.116999626159668,31186080
1779523200,9.11400032043457,9.210000038146973,9.09000015258789,9.177000045776367,17119328
1779537600,9.175999641418457,9.354000091552734,9.152999877929688,9.307000160217285,0
1779552000,9.317000389099121,9.416000366210938,9.276000022888184,9.392000198364258,0
1779566400,9.395999908447266,9.76099967956543,9.378000259399414,9.550999641418457,40858560
1779580800,9.553999900817871,9.607000350952148,9.515000343322754,9.527999877929688,12356320
1779595200,9.531000137329102,9.619999885559082,9.484999656677246,9.548999786376953,14846848
1779609600,9.550999641418457,9.626999855041504,9.531000137329102,9.583999633789062,7927488
1779624000,9.583999633789062,9.585000038146973,9.340999603271484,9.42199993133545,2819744
1779638400,9.416999816894531,9.475000381469727,9.39799976348877,9.416999816894531,1690112
1779652800,9.42300033569336,9.446999549865723,9.241000175476074,9.418999671936035,0
1779667200,9.42199993133545,9.484999656677246,9.354999542236328,9.381999969482422,1752352
1779681600,9.381999969482422,9.531999588012695,9.373000144958496,9.51099967956543,1579008
1779696000,9.508999824523926,9.597999572753906,9.484999656677246,9.52400016784668,18276960
1779710400,9.52400016784668,9.649999618530273,9.510000228881836,9.593000411987305,6061040
1779724800,9.597000122070312,9.661999702453613,9.519000053405762,9.543999671936035,5642496
1779739200,9.539999961853027,9.562000274658203,9.4399995803833,9.498000144958496,3028080
1779753600,9.498000144958496,9.498000144958496,9.35200023651123,9.404000282287598,6643344
1779768000,9.404999732971191,9.552000045776367,9.39900016784668,9.472000122070312,6177792
1779782400,9.473999977111816,9.623000144958496,9.442000389099121,9.5600004196167,25877824
1779796800,9.560999870300293,9.670000076293945,9.394000053405762,9.461999893188477,28649600
1779811200,9.461000442504883,9.468000411987305,9.32699966430664,9.383999824523926,31534592
1779825600,9.388999938964844,9.416000366210938,9.333999633789062,9.369999885559082,1224928
1779840000,9.371999740600586,9.458000183105469,9.371999740600586,9.383000373840332,9285024
1779854400,9.380999565124512,9.440999984741211,9.281999588012695,9.425000190734863,5125024
1779868800,9.420999526977539,9.434000015258789,9.321000099182129,9.345999717712402,4122272
1779883200,9.348999977111816,9.465999603271484,9.260000228881836,9.413999557495117,12058688
1779897600,9.416000366210938,9.439000129699707,9.208999633789062,9.302000045776367,3192704
1779912000,9.305999755859375,9.335000038146973,9.097999572753906,9.119000434875488,34637728
1779926400,9.123000144958496,9.138999938964844,8.871999740600586,8.87600040435791,36643392
1779940800,8.87600040435791,8.902000427246094,8.767000198364258,8.890000343322754,41980896
1779955200,8.892000198364258,8.92199993133545,8.829999923706055,8.85200023651123,2532992
1779969600,8.85200023651123,8.947999954223633,8.781999588012695,8.887999534606934,24371360
1779984000,8.881999969482422,9.071999549865723,8.85099983215332,8.980999946594238,6394400
1779998400,8.982999801635742,9.055000305175781,8.954000473022461,8.991999626159668,0
1780012800,8.991999626159668,9.036999702453613,8.928999900817871,8.932999610900879,985984
1780027200,8.932000160217285,9.027999877929688,8.899999618530273,8.98799991607666,3063296
1780041600,8.987000465393066,9.039999961853027,8.91100025177002,8.932000160217285,3597536
1780056000,8.930000305175781,9.125,8.78499984741211,9.0600004196167,16862112
1780070400,9.059000015258789,9.119999885559082,8.913000106811523,8.991000175476074,9017024
1780084800,8.98900032043457,9.032999992370605,8.939000129699707,9.008000373840332,8989792
1780099200,9.01200008392334,9.300000190734863,9.005999565124512,9.230999946594238,49531360
1780113600,9.232000350952148,9.263999938964844,9.079000473022461,9.14799976348877,26231520
1780128000,9.14900016784668,9.168999671936035,9.104000091552734,9.125,1734848
1780142400,9.126999855041504,9.22700023651123,9.116999626159668,9.1899995803833,0
1780156800,9.1899995803833,9.253999710083008,9.178000450134277,9.25,0
1780171200,9.25100040435791,9.27400016784668,9.14799976348877,9.175999641418457,8261664
1780185600,9.178000450134277,9.284000396728516,9.170000076293945,9.243000030517578,0
1780200000,9.241999626159668,9.25,9.161999702453613,9.1899995803833,9712608
1780214400,9.1899995803833,9.26200008392334,9.151000022888184,9.21399974822998,9903104
1780228800,9.213000297546387,9.25100040435791,9.065999984741211,9.085000038146973,15509312
1780243200,9.083000183105469,9.098999977111816,8.980999946594238,9.029000282287598,9721760
1780257600,9.029999732971191,9.206000328063965,9.029999732971191,9.13700008392334,3056736
1780272000,9.133000373840332,9.194999694824219,9.017000198364258,9.166999816894531,6905120
1780286400,9.164999961853027,9.184000015258789,8.946999549865723,8.954000473022461,5278208
1780300800,8.958000183105469,9.039999961853027,8.920999526977539,8.98799991607666,4217024
1780315200,8.996000289916992,9.024999618530273,8.835000038146973,8.899999618530273,28082656
1780329600,8.89900016784668,9.097000122070312,8.848999977111816,9.071000099182129,17738080
1780344000,9.074000358581543,9.074000358581543,8.9350004196167,9.04699993133545,8514624
1780358400,9.045999526977539,9.0600004196167,8.800999641418457,9.003999710083008,17749888
1780372800,9.008000373840332,9.017000198364258,8.776000022888184,8.833999633789062,8100544
1780387200,8.833999633789062,8.855999946594238,8.76200008392334,8.805000305175781,12872992
1780401600,8.803999900817871,8.86400032043457,8.472999572753906,8.555999755859375,25817344
1780416000,8.550999641418457,8.723999977111816,8.380000114440918,8.512999534606934,28297088
1780430400,8.508000373840332,8.57699966430664,8.241999626159668,8.362000465393066,32997440
1780444800,8.36400032043457,8.423999786376953,8.15999984741211,8.217000007629395,23371104
1780459200,8.218999862670898,8.557999610900879,8.218999862670898,8.53499984741211,30559136
1780473600,8.534000396728516,8.604000091552734,8.456000328063965,8.52400016784668,27672448
1780488000,8.524999618530273,8.548999786376953,8.36400032043457,8.364999771118164,7989632
1780502400,8.371000289916992,8.380000114440918,8.178999900817871,8.199000358581543,4115136
1780516800,8.192000389099121,8.456999778747559,8.105999946594238,8.321999549865723,28890880
1780531200,8.322999954223633,8.38700008392334,7.801000118255615,8.28499984741211,104283456
1780545600,8.282999992370605,8.321000099182129,8.057000160217285,8.0600004196167,4875456
1780560000,8.065999984741211,8.085000038146973,7.801000118255615,7.933000087738037,50461888
1780574400,7.936999797821045,8.12399959564209,7.896999835968018,8.038000106811523,39541632
1780588800,8.036999702453613,8.118000030517578,7.954999923706055,8.053000450134277,13601792
1780603200,8.048999786376953,8.067000389099121,7.880000114440918,8.008000373840332,4531520
1780617600,7.997000217437744,8.031999588012695,7.755000114440918,7.7769999504089355,0
1780632000,7.783999919891357,7.885000228881836,7.34499979019165,7.619999885559082,60577920
1780646400,7.613999843597412,7.671000003814697,7.495999813079834,7.554999828338623,0
1780660800,7.554999828338623,7.6519999504089355,7.236999988555908,7.289000034332275,38427168
1780675200,7.281000137329102,7.507999897003174,7.114999771118164,7.298999786376953,78591488
1780689600,7.298999786376953,7.541999816894531,7.214000225067139,7.36299991607666,21140992
1780704000,7.361999988555908,7.453000068664551,7.252999782562256,7.27400016784668,2022400
1780718400,7.270999908447266,7.3979997634887695,7.000999927520752,7.389999866485596,17113472
1780732800,7.39300012588501,7.464000225067139,7.197999954223633,7.315000057220459,2933056
1780747200,7.315000057220459,7.434000015258789,7.2769999504089355,7.379000186920166,0
1780761600,7.375999927520752,7.414000034332275,7.290999889373779,7.300000190734863,0
1780776000,7.301000118255615,7.4039998054504395,7.2829999923706055,7.392000198364258,12256
1780790400,7.392000198364258,7.60099983215332,7.36899995803833,7.576000213623047,12680160
1780804800,7.577000141143799,7.71999979019165,7.5279998779296875,7.7129998207092285,1909088
1780819200,7.710999965667725,7.8420000076293945,7.666999816894531,7.761000156402588,0
1780833600,7.757999897003174,7.791999816894531,7.617000102996826,7.723999977111816,1761120
1780848000,7.728000164031982,7.77400016784668,7.551000118255615,7.591000080108643,6970720
1780862400,7.578000068664551,8.017000198364258,7.570000171661377,7.9120001792907715,36831968
1780876800,7.910999774932861,8.01099967956543,7.817999839782715,7.848999977111816,9076768
1780891200,7.853000164031982,7.927000045776367,7.716000080108643,7.901000022888184,7176256
1780905600,7.900000095367432,7.997000217437744,7.841000080108643,7.960999965667725,5456768
1780920000,7.956999778747559,8.107999801635742,7.875,8.022000312805176,17927744
1780934400,8.02400016784668,8.074999809265137,7.961999893188477,8.0600004196167,6679168
1780948800,8.064000129699707,8.125,7.9720001220703125,7.99399995803833,5223872
1780963200,7.991000175476074,8.01099967956543,7.795000076293945,7.879000186920166,1751328
1780977600,7.877999782562256,8.022000312805176,7.848999977111816,7.927999973297119,9699712
1780992000,7.932000160217285,7.932000160217285,7.834000110626221,7.88100004196167,691392
1781006400,7.877999782562256,7.949999809265137,7.708000183105469,7.7170000076293945,8168160
1781020800,7.715000152587891,7.890999794006348,7.64300012588501,7.86899995803833,11107744
1781035200,7.867000102996826,7.923999786376953,7.798999786376953,7.833000183105469,323840
1781049600,7.841000080108643,7.869999885559082,7.711999893188477,7.74399995803833,0
1781064000,7.747000217437744,7.801000118255615,7.6529998779296875,7.7729997634887695,0
1781078400,7.775000095367432,7.775000095367432,7.60699987411499,7.638999938964844,7626560
1781092800,7.639999866485596,7.88700008392334,7.620999813079834,7.802000045776367,1779168
1781107200,7.797999858856201,7.815999984741211,7.5960001945495605,7.613999843597412,5000704
1781121600,7.61299991607666,7.627999782562256,7.480000019073486,7.553999900817871,17512944
1781136000,7.554999828338623,7.816999912261963,7.554999828338623,7.794000148773193,26153184
1781150400,7.794000148773193,7.809999942779541,7.736000061035156,7.760000228881836,7526560
1781164800,7.761000156402588,7.870999813079834,7.761000156402588,7.849999904632568,0
1781179200,7.85099983215332,7.85099983215332,7.708000183105469,7.749000072479248,0
1781193600,7.751999855041504,7.97599983215332,7.677000045776367,7.934999942779541,0
1781208000,7.941999912261963,7.951000213623047,7.864999771118164,7.879000186920166,0
1781222400,7.881999969482422,7.922999858856201,7.8470001220703125,7.89300012588501,3852928
1781236800,7.894999980926514,7.923999786376953,7.745999813079834,7.804999828338623,1561792
1781251200,7.804999828338623,7.932000160217285,7.804999828338623,7.89300012588501,2005344
1781265600,7.889999866485596,8.001999855041504,7.77400016784668,7.809999942779541,2305664
1781280000,7.810999870300293,7.914999961853027,7.796000003814697,7.8379998207092285,1208144
1781294400,7.8379998207092285,7.872000217437744,7.814000129699707,7.86299991607666,0
1781308800,7.863999843597412,7.943999767303467,7.855999946594238,7.888999938964844,1343968
1781323200,7.888999938964844,7.964000225067139,7.854000091552734,7.958000183105469,1408912
1781337600,7.958000183105469,7.986999988555908,7.940999984741211,7.985000133514404,415872
1781352000,7.985000133514404,8.036999702453613,7.9730000495910645,8.020999908447266,0
1781366400,8.02299976348877,8.02400016784668,7.946000099182129,7.989999771118164,4506416
1781380800,7.989999771118164,8.036999702453613,7.953000068664551,7.98199987411499,5732928
1781395200,7.982999801635742,8.003999710083008,7.949999809265137,7.960999965667725,0
1781409600,7.961999893188477,7.9629998207092285,7.881999969482422,7.9019999504089355,4389520
1781424000,7.9019999504089355,7.945000171661377,7.880000114440918,7.922999858856201,2251152
1781438400,7.923999786376953,7.927000045776367,7.789000034332275,7.836999893188477,4634288
1781452800,7.835999965667725,7.870999813079834,7.785999774932861,7.816999912261963,806192
1781467200,7.820000171661377,8.178999900817871,7.801000118255615,8.178999900817871,32685200
1781481600,8.175999641418457,8.211999893188477,8.10099983215332,8.192000389099121,15007824
1781496000,8.187999725341797,8.222999572753906,8.147000312805176,8.178000450134277,0
1781510400,8.177000045776367,8.4399995803833,8.15999984741211,8.300000190734863,0
1781524800,8.303999900817871,8.588000297546387,8.274999618530273,8.555000305175781,0
1781539200,8.553000450134277,8.581000328063965,8.375,8.402999877929688,0
1781553600,8.406000137329102,8.418999671936035,8.246999740600586,8.295000076293945,0
1781568000,8.289999961853027,8.331999778747559,8.14799976348877,8.246000289916992,0
1781582400,8.248000144958496,8.288000106811523,8.175999641418457,8.281999588012695,0
1781596800,8.277999877929688,8.42300033569336,8.276000022888184,8.326000213623047,0
1781611200,8.32699966430664,8.470000267028809,8.088000297546387,8.192999839782715,0
1781625600,8.1899995803833,8.319999694824219,8.156999588012695,8.24899959564209,0
1781640000,8.246999740600586,8.342000007629395,8.234999656677246,8.269000053405762,0
1781654400,8.270999908447266,8.404000282287598,8.248000144958496,8.343999862670898,0
1781668800,8.347999572753906,8.38599967956543,8.258000373840332,8.28600025177002,0
1781683200,8.279999732971191,8.289999961853027,8.105999946594238,8.14900016784668,0
1781697600,8.144000053405762,8.291000366210938,8.07800006866455,8.288000106811523,0
1781712000,8.289999961853027,8.359000205993652,8.003999710083008,8.029999732971191,0
1781726400,8.027999877929688,8.097999572753906,7.933000087738037,8.086000442504883,39328800
1781740800,8.085000038146973,8.130000114440918,8.010000228881836,8.02400016784668,8837648
1781755200,8.02299976348877,8.03600025177002,7.886000156402588,8.02299976348877,15144496
1781769600,8.02400016784668,8.057000160217285,7.9629998207092285,7.98199987411499,2521696
1781784000,7.98199987411499,8.118000030517578,7.767000198364258,7.7820000648498535,19136992
1781798400,7.77400016784668,7.928999900817871,7.77400016784668,7.908999919891357,9864832
1781812800,7.914000034332275,8.008000373840332,7.914000034332275,8.005000114440918,6081424
1781827200,8.005000114440918,8.031000137329102,7.817999839782715,7.873000144958496,9625808
1781841600,7.873000144958496,7.909999847412109,7.806000232696533,7.835999965667725,12034528
1781856000,7.840000152587891,7.869999885559082,7.796000003814697,7.807000160217285,2942192
1781870400,7.808000087738037,7.943999767303467,7.765999794006348,7.89300012588501,0
1781884800,7.8979997634887695,7.929999828338623,7.8429999351501465,7.870999813079834,0
1781899200,7.874000072479248,7.955999851226807,7.843999862670898,7.943999767303467,750944
1781913600,7.938000202178955,7.952000141143799,7.859000205993652,7.885000228881836,6732512
1781928000,7.888000011444092,8.003999710083008,7.875,7.953999996185303,3492688
1781942400,7.953999996185303,7.974999904632568,7.920000076293945,7.929999828338623,0
1781956800,7.929999828338623,7.998000144958496,7.821000099182129,7.958000183105469,7938368
1781971200,7.959000110626221,7.959000110626221,7.85699987411499,7.890999794006348,1879056
1781985600,7.890999794006348,8.003000259399414,7.881999969482422,7.980000019073486,1446272
1782000000,7.980000019073486,7.984000205993652,7.928999900817871,7.960000038146973,1830912
1782014400,7.961999893188477,7.974999904632568,7.909999847412109,7.939000129699707,0
1782028800,7.939000129699707,8.0,7.888000011444092,7.927000045776367,5262800
1782043200,7.926000118255615,7.980000019073486,7.890999794006348,7.974999904632568,1408128
1782057600,7.974999904632568,7.980000019073486,7.8979997634887695,7.941999912261963,6133920
1782072000,7.941999912261963,7.948999881744385,7.764999866485596,7.7729997634887695,11963248
1782086400,7.77400016784668,8.005999565124512,7.771999835968018,7.859000205993652,23174096
1782100800,7.85699987411499,7.980999946594238,7.8470001220703125,7.953999996185303,13631472
1782115200,7.954999923706055,8.085000038146973,7.939000129699707,8.079000473022461,20171792
1782129600,8.083000183105469,8.142999649047852,7.966000080108643,7.9730000495910645,21623216
1782144000,7.97599983215332,7.986999988555908,7.877999782562256,7.908999919891357,14135568
1782158400,7.906000137329102,7.929999828338623,7.811999797821045,7.864999771118164,1308656
1782172800,7.859000205993652,7.9070000648498535,7.817999839782715,7.89300012588501,0
1782187200,7.89300012588501,7.896999835968018,7.644000053405762,7.651000022888184,14110560
1782201600,7.6529998779296875,7.659999847412109,7.479000091552734,7.60699987411499,17456528
1782216000,7.6020002365112305,7.671000003814697,7.538000106811523,7.613999843597412,15994496
1782230400,7.613999843597412,7.658999919891357,7.5329999923706055,7.572999954223633,6437040
1782244800,7.565000057220459,7.636000156402588,7.565000057220459,7.624000072479248,2941344
1782259200,7.620999813079834,7.6539998054504395,7.543000221252441,7.576000213623047,21605984
1782273600,7.577000141143799,7.659999847412109,7.521999835968018,7.5960001945495605,2930880
1782288000,7.5970001220703125,7.681000232696533,7.5269999504089355,7.620999813079834,17677712
1782302400,7.625,7.63100004196167,7.355000019073486,7.35699987411499,12249952
1782316800,7.355000019073486,7.442999839782715,7.114999771118164,7.232999801635742,52896496
1782331200,7.23199987411499,7.4679999351501465,7.2220001220703125,7.415999889373779,22066976
1782345600,7.414999961853027,7.433000087738037,7.372000217437744,7.394000053405762,0
1782360000,7.394999980926514,7.538000106811523,7.372000217437744,7.525000095367432,10833088
1782374400,7.521999835968018,7.525000095367432,7.414000034332275,7.427999973297119,323616
1782388800,7.432000160217285,7.488999843597412,7.000999927520752,7.204999923706055,36222976
1782403200,7.205999851226807,7.27400016784668,7.130000114440918,7.163000106811523,0
1782417600,7.177000045776367,7.2870001792907715,7.168000221252441,7.235000133514404,3717888
1782432000,7.236000061035156,7.252999782562256,7.00600004196167,7.193999767303467,25338720
1782446400,7.193999767303467,7.328999996185303,7.146999835968018,7.316999912261963,3393664
1782460800,7.321000099182129,7.324999809265137,7.113999843597412,7.138999938964844,12696320
1782475200,7.138999938964844,7.3480000495910645,7.054999828338623,7.326000213623047,5798240
1782489600,7.330999851226807,7.383999824523926,7.275000095367432,7.3460001945495605,9662976
1782504000,7.326000213623047,7.373000144958496,7.2789998054504395,7.3429999351501465,5772768
1782518400,7.3420000076293945,7.4039998054504395,7.313000202178955,7.355000019073486,0
1782532800,7.355000019073486,7.39300012588501,7.335000038146973,7.373000144958496,0
1782547200,7.373000144958496,7.375,7.320000171661377,7.3460001945495605,2446832
1782561600,7.34499979019165,7.464000225067139,7.329999923706055,7.445000171661377,0
1782576000,7.443999767303467,7.455999851226807,7.296000003814697,7.313000202178955,549744
1782590400,7.313000202178955,7.335000038146973,7.23799991607666,7.2870001792907715,241424
1782604800,7.284999847412109,7.307000160217285,7.261000156402588,7.296999931335449,1212672
1782619200,7.296000003814697,7.300000190734863,7.211999893188477,7.293000221252441,4126160
1782633600,7.291999816894531,7.3460001945495605,7.2210001945495605,7.2789998054504395,10987456
1782648000,7.2789998054504395,7.321000099182129,7.230999946594238,7.304999828338623,8495248
1782662400,7.306000232696533,7.309000015258789,7.189000129699707,7.218999862670898,5452960
1782676800,7.218999862670898,7.2820000648498535,7.1479997634887695,7.256999969482422,11820416
1782691200,7.256999969482422,7.353000164031982,7.171999931335449,7.318999767303467,19345536
1782705600,7.318999767303467,7.339000225067139,7.209000110626221,7.310999870300293,6777648
1782720000,7.310999870300293,7.3520002365112305,7.267000198364258,7.296999931335449,13742128
1782734400,7.296000003814697,7.3979997634887695,7.191999912261963,7.315999984741211,27169280
1782748800,7.314000129699707,7.486000061035156,7.269000053405762,7.460000038146973,18436320
1782763200,7.4629998207092285,7.465000152587891,7.361000061035156,7.369999885559082,15276272
1782777600,7.366000175476074,7.385000228881836,7.26200008392334,7.2820000648498535,24707296
1782792000,7.276000022888184,7.313000202178955,7.257999897003174,7.289000034332275,347840
1782806400,7.289000034332275,7.294000148773193,7.234000205993652,7.248000144958496,16046656
1782820800,7.244999885559082,7.258999824523926,7.110000133514404,7.144000053405762,4673376
1782835200,7.142000198364258,7.21999979019165,7.111999988555908,7.201000213623047,0
1782849600,7.192999839782715,7.203000068664551,7.140999794006348,7.189000129699707,3001888
1782864000,7.190999984741211,7.295000076293945,7.070000171661377,7.28000020980835,3205568
1782878400,7.2820000648498535,7.315999984741211,7.169000148773193,7.195000171661377,9667952
1782892800,7.193999767303467,7.255000114440918,7.165999889373779,7.210999965667725,7233984
1782907200,7.214000225067139,7.453999996185303,7.183000087738037,7.408999919891357,9631200
1782921600,7.410999774932861,7.435999870300293,7.343999862670898,7.382999897003174,2975472
1782936000,7.382999897003174,7.526000022888184,7.341000080108643,7.3520002365112305,18376928
1782950400,7.348999977111816,7.539000034332275,7.300000190734863,7.53000020980835,21899376
1782964800,7.533999919891357,7.533999919891357,7.419000148773193,7.441999912261963,4601216
1782979200,7.446000099182129,7.65500020980835,7.440000057220459,7.646999835968018,25285408
1782993600,7.642000198364258,7.934999942779541,7.635000228881836,7.7769999504089355,28078144
1783008000,7.781000137329102,7.810999870300293,7.716000080108643,7.736999988555908,5231296
1783022400,7.742000102996826,7.751999855041504,7.690000057220459,7.739999771118164,0
1783036800,7.738999843597412,7.822999954223633,7.7129998207092285,7.757999897003174,7974912
1783051200,7.757999897003174,7.798999786376953,7.71999979019165,7.761000156402588,19781536
1783065600,7.763000011444092,7.870999813079834,7.75600004196167,7.866000175476074,7273728
1783080000,7.864999771118164,7.88700008392334,7.802000045776367,7.839000225067139,0
1783094400,7.839000225067139,7.9670000076293945,7.809000015258789,7.940999984741211,945248
1783108800,7.940000057220459,8.02400016784668,7.921000003814697,7.9670000076293945,6604256
1783123200,7.9679999351501465,7.982999801635742,7.888999938964844,7.914999961853027,3232096
1783137600,7.9120001792907715,7.9730000495910645,7.888000011444092,7.914999961853027,0
1783152000,7.914999961853027,7.934999942779541,7.873000144958496,7.90500020980835,0
1783166400,7.90500020980835,8.093999862670898,7.90500020980835,8.083000183105469,7438384
1783180800,8.081999778747559,8.170999526977539,8.050000190734863,8.069999694824219,13577952
1783195200,8.069000244140625,8.083000183105469,7.968999862670898,8.0,1482384
1783209600,7.999000072479248,8.003000259399414,7.873000144958496,7.888000011444092,5056368
1783224000,7.888000011444092,7.923999786376953,7.8470001220703125,7.918000221252441,1661088
1783238400,7.919000148773193,7.935999870300293,7.830999851226807,7.881999969482422,5726016
1783252800,7.88100004196167,8.00100040435791,7.867000102996826,7.956999778747559,8290896
1783267200,7.956999778747559,8.029000282287598,7.933000087738037,8.012999534606934,0
1783281600,8.015000343322754,8.144000053405762,7.96999979019165,8.053999900817871,11014928
1783296000,8.053000450134277,8.125,7.964000225067139,7.98799991607666,4510224
1783310400,7.986999988555908,7.998000144958496,7.900000095367432,7.943999767303467,6598224
1783324800,7.942999839782715,7.9770002365112305,7.877999782562256,7.918000221252441,6450864
1783339200,7.914999961853027,8.020999908447266,7.750999927520752,8.013999938964844,34810192
1783353600,8.017000198364258,8.07800006866455,7.978000164031982,7.995999813079834,22060576
1783368000,8.001999855041504,8.154000282287598,7.9679999351501465,8.015000343322754,16503168
1783382400,8.019000053405762,8.064000129699707,7.869999885559082,7.879000186920166,3378912
1783396800,7.879000186920166,7.940000057220459,7.808000087738037,7.9019999504089355,1071040
1783411200,7.90500020980835,7.952000141143799,7.879000186920166,7.920000076293945,2560688
1783425600,7.920000076293945,8.015999794006348,7.796000003814697,7.989999771118164,5471760
1783440000,7.995999813079834,8.041000366210938,7.85699987411499,7.920000076293945,1068048
1783454400,7.921999931335449,7.934999942779541,7.796000003814697,7.855999946594238,1641248
1783468800,7.859000205993652,7.889999866485596,7.6620001792907715,7.689000129699707,16052304
1783483200,7.690999984741211,7.7230000495910645,7.644000053405762,7.695000171661377,3067312
1783497600,7.692999839782715,7.714000225067139,7.541999816894531,7.627999782562256,21332128
1783512000,7.629000186920166,7.635000228881836,7.51800012588501,7.546999931335449,762032
1783526400,7.545000076293945,7.65500020980835,7.538000106811523,7.640999794006348,3582976
1783540800,7.640999794006348,7.656000137329102,7.5879998207092285,7.632999897003174,3714464
1783555200,7.636000156402588,7.693999767303467,7.567999839782715,7.618000030517578,564976
1783569600,7.616000175476074,7.775000095367432,7.609000205993652,7.7220001220703125,6255376
1783584000,7.7220001220703125,7.763999938964844,7.699999809265137,7.728000164031982,78832
1783598400,7.728000164031982,7.769000053405762,7.671000003814697,7.695000171661377,3329552
1783612800,7.695000171661377,7.806000232696533,7.668000221252441,7.764999866485596,6600800
1783627200,7.767000198364258,7.781000137329102,7.718999862670898,7.729000091552734,1445200
1783641600,7.7270002365112305,7.929999828338623,7.703999996185303,7.89900016784668,9131376
1783656000,7.9019999504089355,7.919000148773193,7.870999813079834,7.89300012588501,353216
1783670400,7.894999980926514,8.010000228881836,7.892000198364258,7.986000061035156,4127360
1783684800,7.986999988555908,8.01099967956543,7.85699987411499,7.918000221252441,7351472
1783699200,7.919000148773193,7.966000080108643,7.88100004196167,7.914000034332275,377360
1783713600,7.909999847412109,7.964000225067139,7.889999866485596,7.964000225067139,7747024
1783728000,7.9629998207092285,8.0,7.935999870300293,7.991000175476074,1921872
1783742400,7.988999843597412,8.01200008392334,7.965000152587891,7.986000061035156,2412384
1783756800,7.986000061035156,8.008000373840332,7.965000152587891,7.99399995803833,0
1783771200,7.997000217437744,8.081000328063965,7.989999771118164,8.055000305175781,6751648
1783785600,8.055999755859375,8.109999656677246,8.029999732971191,8.076000213623047,1539904
1783800000,8.074999809265137,8.07800006866455,7.90500020980835,7.914000034332275,4640624
1783814400,7.909999847412109,8.038999557495117,7.855000019073486,8.031999588012695,5557776
1783828800,8.036999702453613,8.045000076293945,7.926000118255615,7.96999979019165,3289584
1783843200,7.96999979019165,8.032999992370605,7.968999862670898,8.026000022888184,3728896
1783857600,8.02299976348877,8.09000015258789,8.010000228881836,8.0649995803833,1573296
1783872000,8.067000389099121,8.07800006866455,8.017000198364258,8.072999954223633,8665936
1783886400,8.074000358581543,8.093000411987305,7.940999984741211,7.992000102996826,4819200
1783900800,7.992000102996826,8.125,7.943999767303467,8.006999969482422,499584
1783987200,7.881999969482422,7.951000213623047,7.854000091552734,7.909999847412109,15575312
1784001600,7.909999847412109,7.98199987411499,7.90500020980835,7.9120001792907715,389664
1784016000,7.9120001792907715,7.986999988555908,7.888000011444092,7.980999946594238,2988864
1784030400,7.980999946594238,8.388999938964844,7.940999984741211,8.288000106811523,891472
1784044800,8.295999526977539,8.307999610900879,8.206999778747559,8.28499984741211,586496
1784059200,8.286999702453613,8.348999977111816,8.244999885559082,8.340999603271484,59548192
1784073600,8.342000007629395,8.357000350952148,8.262999534606934,8.315999984741211,18529040
1784088000,8.314000129699707,8.404999732971191,8.302000045776367,8.32699966430664,10262688
1784102400,8.329999923706055,8.428999900817871,8.321999549865723,8.418000221252441,35294624
1784116800,8.418000221252441,8.626999855041504,8.395000457763672,8.545999526977539,0
1784131200,8.550000190734863,8.562999725341797,8.416999816894531,8.496999740600586,1493888
1784145600,8.5,8.572999954223633,8.491999626159668,8.53600025177002,3738656
1784160000,8.531999588012695,8.559000015258789,8.446000099182129,8.522000312805176,8045760
1784174400,8.522000312805176,8.560999870300293,8.458999633789062,8.51099967956543,8640096
1784188800,8.510000228881836,8.51200008392334,8.394000053405762,8.4399995803833,8112800
1784203200,8.439000129699707,8.484000205993652,8.366999626159668,8.437000274658203,0
1784217600,8.437999725341797,8.446000099182129,8.348999977111816,8.399999618530273,1731664
1784232000,8.39799976348877,8.45300006866455,8.303999900817871,8.331000328063965,9508784
1784246400,8.333999633789062,8.361000061035156,8.24899959564209,8.27400016784668,6379312
1784260800,8.27299976348877,8.29800033569336,8.149999618530273,8.163999557495117,9792480
1784275200,8.166000366210938,8.215999603271484,8.125,8.197999954223633,16661488
1784289600,8.194999694824219,8.197999954223633,8.00100040435791,8.15999984741211,20368160
1784304000,8.16100025177002,8.279999732971191,8.13700008392334,8.244000434875488,4306912
1784318400,8.244000434875488,8.277000427246094,8.211000442504883,8.24899959564209,3022704
1784332800,8.24899959564209,8.293999671936035,8.232000350952148,8.277000427246094,2126368
1784347200,8.279999732971191,8.279999732971191,8.232000350952148,8.244999885559082,389664
1784361600,8.244000434875488,8.288999557495117,8.206000328063965,8.281999588012695,0
1784376000,8.279999732971191,8.333999633789062,8.248000144958496,8.270000457763672,6459216
1784390400,8.270999908447266,8.345999717712402,8.253999710083008,8.329999923706055,1471408
1784404800,8.329999923706055,8.371999740600586,8.321999549865723,8.343999862670898,3573424
1784419200,8.343999862670898,8.380999565124512,8.324999809265137,8.34000015258789,6411312
1784433600,8.33899974822998,8.371999740600586,8.324000358581543,8.36299991607666,0
1784448000,8.364999771118164,8.378999710083008,8.317000389099121,8.35200023651123,3721456
1784462400,8.35200023651123,8.383000373840332,8.317000389099121,8.35200023651123,0
1784476800,8.354000091552734,8.373000144958496,8.28600025177002,8.331000328063965,0
1784491200,8.331999778747559,8.406000137329102,8.317999839782715,8.378999710083008,6361328
1784505600,8.373000144958496,8.527999877929688,8.359000205993652,8.449999809265137,17639616
1784520000,8.449999809265137,8.463000297546387,8.28600025177002,8.35200023651123,16764432
1784534400,8.35099983215332,8.510000228881836,8.295999526977539,8.503999710083008,16079360
1784548800,8.50100040435791,8.559000015258789,8.300000190734863,8.54699993133545,27309616
1784563200,8.550999641418457,8.637999534606934,8.505000114440918,8.550000190734863,23043984
1784577600,8.553999900817871,8.609999656677246,8.517000198364258,8.586000442504883,9497520
1784592000,8.585000038146973,8.645000457763672,8.562999725341797,8.630999565124512,8219024
1784606400,8.628999710083008,8.746999740600586,8.619000434875488,8.734000205993652,30472720
1784620800,8.732999801635742,8.75100040435791,8.678999900817871,8.697999954223633,10288352
1784635200,8.701000213623047,8.732999801635742,8.645000457763672,8.6850004196167,1845136
1784649600,8.687999725341797,8.699000358581543,8.598999977111816,8.621000289916992,4158576
1784664000,8.621999740600586,8.654000282287598,8.600000381469727,8.652000427246094,7269600
1784678400,8.64799976348877,8.718999862670898,8.645999908447266,8.678000450134277,6361088
1784692800,8.675999641418457,8.741000175476074,8.569999694824219,8.579999923706055,515344
1784707200,8.579000473022461,8.678000450134277,8.576000213623047,8.633999824523926,0
1784721600,8.633999824523926,8.753999710083008,8.572999954223633,8.684000015258789,4358832
1784736000,8.687000274658203,8.730999946594238,8.586999893188477,8.640999794006348,5600848
1784750400,8.642000198364258,8.661999702453613,8.586000442504883,8.628999710083008,12388032
1784764800,8.628999710083008,8.678999900817871,8.583000183105469,8.585000038146973,2485696
1784779200,8.581999778747559,8.616999626159668,8.52299976348877,8.531000137329102,0
1784793600,8.527999877929688,8.656999588012695,8.520999908447266,8.63599967956543,2339184
1784808000,8.631999969482422,8.63700008392334,8.411999702453613,8.489999771118164,6819904
1784822400,8.489999771118164,8.503999710083008,8.425000190734863,8.454000473022461,1310512
1784836800,8.449000358581543,8.520999908447266,8.442000389099121,8.46399974822998,95072
1784851200,8.46500015258789,8.465999603271484,8.388999938964844,8.447999954223633,8464464
1784865600,8.447999954223633,8.574000358581543,8.413999557495117,8.553999900817871,4472096
1784880000,8.552000045776367,8.553999900817871,8.425000190734863,8.458000183105469,4035536
1784894400,8.45300006866455,8.480999946594238,8.284000396728516,8.362000465393066,3826528
1784908800,8.359999656677246,8.36400032043457,8.303999900817871,8.35099983215332,1590816
1784923200,8.35200023651123,8.359000205993652,8.289999961853027,8.333999633789062,0
1784937600,8.333000183105469,8.354999542236328,8.307999610900879,8.336000442504883,2398048
1784952000,8.335000038146973,8.348999977111816,8.281999588012695,8.291000366210938,1912656
1784966400,8.288999557495117,8.3100004196167,8.258999824523926,8.307000160217285,2380064
1784980800,8.307000160217285,8.390999794006348,8.303000450134277,8.378000259399414,4111888
1784995200,8.380999565124512,8.428000450134277,8.368000030517578,8.394000053405762,614896
1785009600,8.395999908447266,8.395999908447266,8.352999687194824,8.37600040435791,1095680
1785024000,8.371999740600586,8.420999526977539,8.369999885559082,8.418999671936035,0
1785038400,8.418999671936035,8.468000411987305,8.395999908447266,8.416999816894531,5583984
1785052800,8.416999816894531,8.4350004196167,8.39900016784668,8.427000045776367,1117728
1785067200,8.427000045776367,8.58899974822998,8.416999816894531,8.58899974822998,2061616
1785081600,8.597999572753906,8.652999877929688,8.553999900817871,8.574999809265137,21514272
1785096000,8.574000358581543,8.82800006866455,8.562999725341797,8.817999839782715,46981968
1785110400,8.819000244140625,8.819999694824219,8.713000297546387,8.767999649047852,24434464
1785124800,8.767999649047852,8.904999732971191,8.753000259399414,8.805000305175781,16377104
1785139200,8.803999900817871,8.8149995803833,8.739999771118164,8.748000144958496,17020288
1785153600,8.75100040435791,8.812000274658203,8.53499984741211,8.5649995803833,26909328
1785168000,8.565999984741211,8.652000427246094,8.54699993133545,8.626999855041504,4317472
1785182400,8.630000114440918,8.63700008392334,8.342000007629395,8.376999855041504,0
1785196800,8.37399959564209,8.378000259399414,8.277000427246094,8.329000473022461,0
1785211200,8.324000358581543,8.371999740600586,8.295999526977539,8.3100004196167,473952
1785225600,8.307999610900879,8.324999809265137,8.265999794006348,8.281000137329102,775488
1785240000,8.279999732971191,8.381999969482422,8.192000389099121,8.371000289916992,14255984
1785254400,8.369000434875488,8.404999732971191,8.303999900817871,8.371000289916992,2571648
1785268800,8.373000144958496,8.4399995803833,8.350000381469727,8.432999610900879,7752368
1785283200,8.437999725341797,8.5,8.321000099182129,8.324999809265137,6390240
1785297600,8.32699966430664,8.430000305175781,8.281999588012695,8.430000305175781,11125856
1785312000,8.432000160217285,8.468999862670898,8.368000030517578,8.39799976348877,4211616
1785326400,8.39799976348877,8.39799976348877,8.23799991607666,8.265000343322754,578080
1785340800,8.265999794006348,8.432000160217285,8.220999717712402,8.223999977111816,18927712
1785355200,8.22700023651123,8.329000473022461,8.163000106811523,8.324999809265137,4231792
1785369600,8.326000213623047,8.385000228881836,8.270000457763672,8.329000473022461,0
1785384000,8.329999923706055,8.329999923706055,8.251999855041504,8.277999877929688,999504
1785398400,8.277999877929688,8.460000038146973,8.265999794006348,8.45199966430664,12260208
1785412800,8.458000183105469,8.520000457763672,8.40999984741211,8.472999572753906,11203408
1785427200,8.472999572753906,8.508999824523926,8.444999694824219,8.482999801635742,274752
1785441600,8.482999801635742,8.517999649047852,8.444999694824219,8.446999549865723,2477280
1785456000,8.446000099182129,8.505000114440918,8.3149995803833,8.357000350952148,6507664
1785470400,8.355999946594238,8.376999855041504,8.241000175476074,8.291000366210938,8004048
1785484800,8.28600025177002,8.322999954223633,8.208999633789062,8.255000114440918,7171344
1785499200,8.253999710083008,8.267000198364258,8.020000457763672,8.104000091552734,18774608
1785513600,8.10200023651123,8.194999694824219,8.093999862670898,8.163000106811523,9676432
1785528000,8.166000366210938,8.175000190734863,8.12399959564209,8.163000106811523,3680432
1785542400,8.166000366210938,8.239999771118164,8.164999961853027,8.20199966430664,973104
1785556800,8.206000328063965,8.232999801635742,8.121999740600586,8.128999710083008,10850416
1785571200,8.128999710083008,8.131999969482422,8.07699966430664,8.081000328063965,589296
1785585600,8.083000183105469,8.109999656677246,8.07699966430664,8.095999717712402,0
1785600000,8.095999717712402,8.107000350952148,7.882999897003174,7.998000144958496,16307200
1785614400,7.995999813079834,8.079000473022461,7.988999843597412,8.064000129699707,891120
1785628800,8.062999725341797,8.291999816894531,8.04800033569336,8.279999732971191,22264480
1785643200,8.293000221252441,8.406000137329102,8.270999908447266,8.369000434875488,18788928
1785657600,8.378999710083008,8.381999969482422,8.256999969482422,8.267000198364258,16490736
1785672000,8.272000312805176,8.303000450134277,8.258999824523926,8.267000198364258,6687888
1785686400,8.267999649047852,8.354999542236328,8.241999626159668,8.322999954223633,5423504
1785700800,8.322999954223633,8.437999725341797,8.312000274658203,8.37399959564209,11602176
1785715200,8.37600040435791,8.383000373840332,8.229999542236328,8.241999626159668,335296
1785729600,8.239999771118164,8.27299976348877,8.204999923706055,8.208000183105469,355264
1785744000,8.208999633789062,8.255000114440918,8.152999877929688,8.175999641418457,1123632
1785758400,8.178999900817871,8.303999900817871,8.154000282287598,8.23799991607666,21137568
1785772800,8.241999626159668,8.277999877929688,8.217000007629395,8.22599983215332,8666192
1785787200,8.230999946594238,8.258999824523926,8.15999984741211,8.180000305175781,1668496
1785801600,8.175999641418457,8.223999977111816,8.109000205993652,8.1899995803833,5940416
1785816000,8.1899995803833,8.253999710083008,8.118000030517578,8.168000221252441,3413216
1785830400,8.168000221252441,8.213000297546387,8.118000030517578,8.208000183105469,7151952
1785844800,8.206000328063965,8.256999969482422,8.133999824523926,8.189000129699707,18260592
1785859200,8.189000129699707,8.243000030517578,8.156000137329102,8.206000328063965,0
1785873600,8.211000442504883,8.215999603271484,8.135000228881836,8.140999794006348,3015280
1785888000,8.140999794006348,8.190999984741211,8.086999893188477,8.119000434875488,2331968
1785902400,8.118000030517578,8.196000099182129,8.11400032043457,8.180000305175781,699104
1785916800,8.182999610900879,8.196999549865723,8.13700008392334,8.145999908447266,0
1785931200,8.144000053405762,8.218999862670898,8.060999870300293,8.107000350952148,3610624
1785945600,8.104000091552734,8.246000289916992,8.10099983215332,8.178999900817871,4741120
1785960000,8.180999755859375,8.218000411987305,8.121999740600586,8.154000282287598,1268624
1785974400,8.154000282287598,8.185999870300293,8.092000007629395,8.104999542236328,1428800
1785988800,8.107999801635742,8.218999862670898,8.098999977111816,8.180000305175781,6679680
1786003200,8.182000160217285,8.194000244140625,8.0600004196167,8.151000022888184,20317472
1786017600,8.151000022888184,8.265000343322754,8.097000122070312,8.217000007629395,1934000
1786032000,8.220999717712402,8.333999633789062,8.184000015258789,8.192000389099121,18185536
1786046400,8.1899995803833,8.229999542236328,8.154000282287598,8.187999725341797,2078304
1786060800,8.185999870300293,8.239999771118164,8.131999969482422,8.131999969482422,3386048
1786075200,8.125,8.204000473022461,8.100000381469727,8.180999755859375,8477504
1786089600,8.182999610900879,8.243000030517578,8.180999755859375,8.213000297546387,2701936
1786104000,8.21399974822998,8.305000305175781,8.211999893188477,8.270999908447266,15721440
1786118400,8.27400016784668,8.3100004196167,8.159000396728516,8.208999633789062,0
1786132800,8.211000442504883,8.215999603271484,8.152000427246094,8.184000015258789,0
1786147200,8.182999610900879,8.265999794006348,8.16100025177002,8.255999565124512,8012192
1786161600,8.255999565124512,8.307000160217285,8.236000061035156,8.258000373840332,3805200
1786176000,8.258999824523926,8.35200023651123,8.253000259399414,8.322999954223633,5983824
1786190400,8.322999954223633,8.385000228881836,8.300000190734863,8.336999893188477,1749904
1786204800,8.336000442504883,8.361000061035156,8.317000389099121,8.326000213623047,0
1786219200,8.326000213623047,8.342000007629395,8.289999961853027,8.302000045776367,1298848
1786233600,8.300999641418457,8.32699966430664,8.26200008392334,8.277999877929688,0
1786248000,8.277999877929688,8.345999717712402,8.258000373840332,8.335000038146973,3159344
1786262400,8.335000038146973,8.354000091552734,8.28600025177002,8.291000366210938,641520
1786276800,8.291999816894531,8.359999656677246,8.27299976348877,8.345000267028809,10386384
1786291200,8.350000381469727,8.354000091552734,8.303000450134277,8.315999984741211,3392624
1786305600,8.312999725341797,8.380000114440918,8.170999526977539,8.185999870300293,21335728
1786320000,8.178999900817871,8.255000114440918,8.16100025177002,8.178999900817871,9476384
1786334400,8.175999641418457,8.239999771118164,8.17199993133545,8.215999603271484,488416
1786348800,8.215999603271484,8.317000389099121,8.194000244140625,8.300000190734863,17364000
1786363200,8.303000450134277,8.359999656677246,8.246000289916992,8.295999526977539,27525584
1786377600,8.293999671936035,8.307000160217285,8.201000213623047,8.263999938964844,10150288
1786392000,8.265999794006348,8.310999870300293,8.25,8.288999557495117,2870688
1786406400,8.293000221252441,8.449000358581543,8.282999992370605,8.383000373840332,28919632
1786420800,8.383000373840332,8.467000007629395,8.359999656677246,8.467000007629395,18014352
1786435200,8.470000267028809,8.699999809265137,8.435999870300293,8.67300033569336,79277504
1786449600,8.675999641418457,8.694000244140625,8.491999626159668,8.557000160217285,21741984
1786464000,8.550000190734863,8.604999542236328,8.531000137329102,8.604000091552734,21964704
1786478400,8.604999542236328,8.798999786376953,8.604999542236328,8.772000312805176,44529504
1786492800,8.774999618530273,8.814000129699707,8.704000473022461,8.715999603271484,33502016
1786507200,8.71399974822998,8.755999565124512,8.675999641418457,8.744000434875488,0
1786521600,8.743000030517578,8.871000289916992,8.729999542236328,8.869000434875488,0
1786536000,8.871999740600586,8.883999824523926,8.687999725341797,8.77299976348877,15043136
1786550400,8.767999649047852,8.782999992370605,8.708999633789062,8.737000465393066,1404224
1786564800,8.736000061035156,8.770000457763672,8.62399959564209,8.664999961853027,0
1786579200,8.661999702453613,8.727999687194824,8.611000061035156,8.715999603271484,1583968
1786593600,8.718000411987305,8.802000045776367,8.717000007629395,8.744999885559082,3107248
1786608000,8.746000289916992,8.758000373840332,8.668000221252441,8.684000015258789,0
1786622400,8.682000160217285,8.855999946594238,8.67199993133545,8.736000061035156,2785216
1786636800,8.73799991607666,8.824999809265137,8.675000190734863,8.819000244140625,7924112
1786651200,8.819999694824219,8.895000457763672,8.810999870300293,8.885000228881836,12261472
1786665600,8.880999565124512,8.881999969482422,8.807999610900879,8.809000015258789,5568
1786680000,8.809000015258789,8.82699966430664,8.741000175476074,8.762999534606934,4914480
1786694400,8.762999534606934,8.871999740600586,8.718999862670898,8.821000099182129,28934192
1786708800,8.824000358581543,8.87600040435791,8.753999710083008,8.847999572753906,3014496
1786723200,8.85200023651123,8.996999740600586,8.821999549865723,8.979000091552734,36016608
1786737600,8.979000091552734,9.003999710083008,8.920999526977539,8.963000297546387,1828384
1786752000,8.968000411987305,9.734000205993652,8.961999893188477,9.569999694824219,151031488
1786766400,9.576000213623047,9.595999717712402,9.312000274658203,9.329000473022461,63692896
1786780800,9.331000328063965,9.36400032043457,9.217000007629395,9.302000045776367,11555232
1786795200,9.29800033569336,9.517000198364258,9.29699993133545,9.5,30633056
1786809600,9.505999565124512,9.621999740600586,9.482999801635742,9.57699966430664,5436480
1786824000,9.583999633789062,9.58899974822998,9.456000328063965,9.460000038146973,5996544
1786838400,9.458000183105469,9.503000259399414,9.387999534606934,9.390000343322754,0
1786852800,9.385000228881836,9.399999618530273,9.317999839782715,9.368000030517578,0
1786867200,9.366000175476074,9.449000358581543,9.36299991607666,9.406999588012695,0
1786881600,9.404999732971191,9.409000396728516,9.288999557495117,9.385000228881836,0
1786896000,9.383000373840332,9.467000007629395,9.359999656677246,9.456999778747559,7521488
1786910400,9.456999778747559,9.482999801635742,9.340999603271484,9.380999565124512,3107760
1786924800,9.378999710083008,9.555999755859375,9.350000381469727,9.479999542236328,9333600
1786939200,9.480999946594238,9.496999740600586,9.394000053405762,9.401000022888184,5916640
1786953600,9.39900016784668,9.541999816894531,9.357000350952148,9.505000114440918,13700800
1786968000,9.51099967956543,9.5649995803833,9.432999610900879,9.51200008392334,9090224
1786982400,9.513999938964844,9.5649995803833,9.45199966430664,9.48799991607666,8217904
1786996800,9.491000175476074,9.54800033569336,9.46399974822998,9.532999992370605,111504
1787011200,9.532999992370605,9.541999816894531,9.324999809265137,9.413000106811523,2674112
1787025600,9.413000106811523,9.515000343322754,9.383999824523926,9.425000190734863,452384
1787040000,9.425000190734863,9.48900032043457,9.373000144958496,9.435999870300293,4949008
1787054400,9.435999870300293,9.553000450134277,9.392000198364258,9.472000122070312,6176240
1787068800,9.472999572753906,9.536999702453613,9.444000244140625,9.496000289916992,0
1787083200,9.49899959564209,9.548999786376953,9.461000442504883,9.529999732971191,6356640
1787097600,9.536999702453613,9.713000297546387,9.480999946594238,9.694000244140625,19143056
1787112000,9.696999549865723,9.71399974822998,9.557000160217285,9.692000389099121,13563904
1787126400,9.6899995803833,9.822999954223633,9.657999992370605,9.758999824523926,25092400
1787140800,9.758999824523926,10.024999618530273,9.649999618530273,9.916000366210938,93151712
1787155200,9.92300033569336,10.147000312805176,9.843000411987305,10.116999626159668,103459968
1787169600,10.123000144958496,10.881999969482422,10.100000381469727,10.550000190734863,193615712
1787184000,10.550000190734863,10.621000289916992,10.361000061035156,10.435999870300293,32149504
1787198400,10.434000015258789,10.58899974822998,10.404000282287598,10.541000366210938,12716736
1787212800,10.545999526977539,10.758999824523926,10.534000396728516,10.65999984741211,32277120
1787227200,10.66100025177002,10.729999542236328,10.510000228881836,10.710000038146973,10327168
1787241600,10.710000038146973,10.876999855041504,10.612000465393066,10.652999877929688,4203136
1787256000,10.656999588012695,10.717000007629395,10.508000373840332,10.690999984741211,0
1787270400,10.692000389099121,11.029000282287598,10.682999610900879,10.89900016784668,60559168
1787284800,10.906999588012695,11.817000389099121,10.852999687194824,11.538999557495117,158682592
1787299200,11.545000076293945,11.746999740600586,11.227999687194824,11.256999969482422,96593472
1787313600,11.277000427246094,11.619000434875488,11.227999687194824,11.517999649047852,85927232
1787328000,11.52400016784668,11.680000305175781,11.406999588012695,11.652000427246094,44318208
1787342400,11.673999786376953,12.390999794006348,11.631999969482422,11.994000434875488,130513280
1787356800,11.991999626159668,12.45199966430664,11.859999656677246,12.37600040435791,42771136
1787371200,12.387999534606934,12.598999977111816,10.944999694824219,11.741999626159668,281038016
1787385600,11.741999626159668,11.833999633789062,11.359000205993652,11.687000274658203,26381312
1787400000,11.6850004196167,11.897000312805176,11.482000350952148,11.607999801635742,3882240
1787414400,11.607000350952148,11.812999725341797,11.520999908447266,11.746000289916992,840064
1787428800,11.746999740600586,11.8100004196167,11.456999778747559,11.645999908447266,0
1787443200,11.645000457763672,11.741000175476074,11.420999526977539,11.45300006866455,580544
1787457600,11.454000473022461,11.512999534606934,11.062000274658203,11.29800033569336,0
1787472000,11.295000076293945,11.461999893188477,11.267999649047852,11.414999961853027,23460032
1787486400,11.413999557495117,11.644000053405762,11.28499984741211,11.456999778747559,52549760
1787500800,11.465999603271484,11.60099983215332,11.444000244140625,11.494000434875488,4468288
1787515200,11.484000205993652,11.732000350952148,11.437999725341797,11.543000221252441,20198912
1787529600,11.538999557495117,11.54800033569336,11.291000366210938,11.340999603271484,21591360
1787544000,11.355999946594238,11.67199993133545,11.355999946594238,11.513999938964844,16294112
1787558400,11.519000053405762,11.743000030517578,11.361000061035156,11.71399974822998,6578368
1787572800,11.718000411987305,11.774999618530273,11.505000114440918,11.567000389099121,44969248
1787587200,11.57800006866455,11.701000213623047,11.418999671936035,11.557000160217285,27612384
1787601600,11.571999549865723,11.682999610900879,11.501999855041504,11.626999855041504,0
1787616000,11.62600040435791,11.937000274658203,11.59000015258789,11.74899959564209,30738336
1787630400,11.74899959564209,11.836000442504883,11.508000373840332,11.59000015258789,19536832
1787644800,11.590999603271484,11.694000244140625,11.531999588012695,11.550999641418457,2491712
1787659200,11.555000305175781,11.64900016784668,11.368000030517578,11.586000442504883,0
1787673600,11.574000358581543,11.604000091552734,11.435999870300293,11.454000473022461,0
1787688000,11.456000328063965,11.479999542236328,11.14900016784668,11.288000106811523,35981888
1787702400,11.289999961853027,11.447999954223633,11.232999801635742,11.394000053405762,0
1787716800,11.392000198364258,11.454000473022461,11.305999755859375,11.331999778747559,2943840
1787731200,11.329999923706055,11.48900032043457,11.220000267028809,11.387999534606934,3699488
1787745600,11.392999649047852,11.486000061035156,11.07699966430664,11.236000061035156,406048
1787760000,11.23799991607666,11.347000122070312,11.137999534606934,11.305999755859375,6743776
1787774400,11.300999641418457,11.626999855041504,11.210000038146973,11.62600040435791,12014368
1787788800,11.616999626159668,11.630000114440918,11.454999923706055,11.522000312805176,3260256
1787803200,11.52299976348877,11.678000450134277,11.50100040435791,11.67300033569336,21273408
1787817600,11.668999671936035,11.916000366210938,11.651000022888184,11.744999885559082,49177504
1787832000,11.744999885559082,11.972999572753906,11.6899995803833,11.9350004196167,41917280
1787846400,11.9350004196167,11.961000442504883,11.770000457763672,11.862000465393066,24090080
1787860800,11.86400032043457,11.982999801635742,11.842000007629395,11.92300033569336,0
1787875200,11.92300033569336,12.059000015258789,11.682999610900879,11.720000267028809,28631136
1787889600,11.71399974822998,11.854999542236328,11.670000076293945,11.704000473022461,4497472
1787904000,11.706000328063965,11.803000450134277,11.628000259399414,11.784000396728516,0
1787918400,11.782999992370605,11.890999794006348,11.569000244140625,11.572999954223633,35942496
1787932800,11.585000038146973,11.585000038146973,11.267999649047852,11.387999534606934,25104960
1787947200,11.388999938964844,11.45300006866455,11.305000305175781,11.432000160217285,9179680
1787961600,11.432000160217285,11.475000381469727,11.33899974822998,11.342000007629395,0
1787976000,11.34000015258789,11.39900016784668,11.295999526977539,11.329000473022461,2868544
1787990400,11.321000099182129,11.354999542236328,11.282999992370605,11.305999755859375,0
1788004800,11.305999755859375,11.493000030517578,11.305000305175781,11.390000343322754,0
1788019200,11.390000343322754,11.472999572753906,11.364999771118164,11.435999870300293,674304
1788033600,11.437000274658203,11.484000205993652,11.413000106811523,11.456999778747559,4309344
1788048000,11.454999923706055,11.463000297546387,11.369999885559082,11.392000198364258,5666672
1788062400,11.390000343322754,11.449999809265137,11.340999603271484,11.392000198364258,1131328
1788076800,11.392999649047852,11.420000076293945,11.340999603271484,11.414999961853027,1241680
1788091200,11.411999702453613,11.62399959564209,11.411999702453613,11.5649995803833,19644064
1788105600,11.5649995803833,11.776000022888184,11.531999588012695,11.597000122070312,17716512
1788120000,11.595000267028809,11.616999626159668,11.01200008392334,11.145999908447266,48820528
1788134400,11.133999824523926,11.246999740600586,11.038000106811523,11.166000366210938,21563808
1788148800,11.164999961853027,11.319999694824219,11.10200023651123,11.270000457763672,25087584
1788163200,11.265000343322754,11.357999801635742,11.213000297546387,11.248000144958496,16178912
1788177600,11.243000030517578,11.39900016784668,11.164999961853027,11.38599967956543,38003360
1788192000,11.378999710083008,11.501999855041504,11.288000106811523,11.401000022888184,16015424
1788206400,11.397000312805176,11.446000099182129,11.279999732971191,11.317999839782715,3363552
1788220800,11.315999984741211,11.489999771118164,11.295000076293945,11.428999900817871,26178240
1788235200,11.432000160217285,11.519000053405762,11.406999588012695,11.470000267028809,0
1788249600,11.47599983215332,11.493000030517578,11.293000221252441,11.460000038146973,11993504
1788264000,11.46399974822998,11.51200008392334,11.312999725341797,11.425000190734863,0
1788278400,11.42300033569336,11.446000099182129,11.055000305175781,11.211999893188477,17152768
1788292800,11.215999603271484,11.26099967956543,11.10099983215332,11.227999687194824,794752
1788307200,11.232000350952148,11.284000396728516,11.067000389099121,11.206999778747559,8868736
1788321600,11.196000099182129,11.298999786376953,11.14900016784668,11.201000213623047,23171360
1788336000,11.204000473022461,11.227999687194824,10.90999984741211,11.022000312805176,29349856
1788350400,11.013999938964844,11.211999893188477,10.967000007629395,11.086999893188477,6252128
1788364800,11.081000328063965,11.175999641418457,11.020000457763672,11.107000350952148,1856480
1788379200,11.116000175476074,11.168000221252441,11.027000427246094,11.116000175476074,709792
1788393600,11.112000465393066,11.222999572753906,11.0,11.194000244140625,16570720
1788408000,11.199000358581543,11.27299976348877,11.104999542236328,11.175000190734863,8939584
1788422400,11.182999610900879,11.324999809265137,11.121999740600586,11.269000053405762,1733888
1788436800,11.270999908447266,11.854999542236328,11.25100040435791,11.779000282287598,60587392
1788451200,11.782999992370605,11.871999740600586,11.62600040435791,11.857000350952148,40266272
1788465600,11.859999656677246,11.949999809265137,11.77299976348877,11.833000183105469,38054912
1788480000,11.822999954223633,11.944999694824219,11.760000228881836,11.885000228881836,4831008
1788494400,11.883999824523926,11.998000144958496,11.817000389099121,11.927000045776367,2857376
1788508800,11.928999900817871,12.159000396728516,11.883999824523926,12.034000396728516,40716800
1788523200,12.034000396728516,12.064000129699707,11.465999603271484,11.656999588012695,53372352
1788537600,11.656000137329102,11.736000061035156,11.579999923706055,11.71399974822998,0
1788552000,11.715999603271484,11.722999572753906,11.593999862670898,11.635000228881836,679360
1788566400,11.633000373840332,11.708999633789062,11.604000091552734,11.668999671936035,2617184
1788580800,11.67199993133545,11.777000427246094,11.598999977111816,11.741000175476074,0
1788595200,11.737000465393066,11.86400032043457,11.717000007629395,11.725000381469727,0
1788609600,11.725000381469727,11.96399974822998,11.725000381469727,11.946999549865723,0
1788624000,11.949999809265137,12.23900032043457,11.897000312805176,12.010000228881836,49355888
1788638400,12.01200008392334,12.105999946594238,11.961999893188477,12.04800033569336,14453792
1788652800,12.050999641418457,12.45199966430664,12.04800033569336,12.222999572753906,46478048
1788667200,12.220999717712402,12.335000038146973,12.119999885559082,12.211999893188477,13358784
1788681600,12.21500015258789,12.317999839782715,12.170999526977539,12.277999877929688,6300736
1788696000,12.276000022888184,12.399999618530273,12.105999946594238,12.218999862670898,26560416
1788710400,12.220999717712402,12.425000190734863,12.20300006866455,12.378999710083008,7560576
1788724800,12.380999565124512,13.340999603271484,12.331999778747559,13.239999771118164,225084544
1788739200,13.243000030517578,13.319999694824219,12.947999954223633,13.026000022888184,27985728
1788753600,13.038000106811523,13.677000045776367,13.022000312805176,13.187999725341797,105514688
1788768000,13.189000129699707,13.519000053405762,13.145999908447266,13.175000190734863,50176832
1788782400,13.170999526977539,13.329000473022461,12.850000381469727,12.871999740600586,32037376
1788796800,12.866000175476074,12.968000411987305,12.70300006866455,12.829999923706055,28692352
1788811200,12.831999778747559,12.833999633789062,12.619000434875488,12.748000144958496,0
1788825600,12.744999885559082,12.807999610900879,12.5649995803833,12.656000137329102,0
1788840000,12.656999588012695,12.718999862670898,12.574000358581543,12.675999641418457,0
1788854400,12.675999641418457,12.776000022888184,12.47599983215332,12.5,3599968
1788868800,12.5,12.711000442504883,12.307999610900879,12.692000389099121,1120825696
1788883200,12.687999725341797,12.779000282287598,12.53600025177002,12.571999549865723,264273216
1788897600,12.569000244140625,12.616999626159668,12.442999839782715,12.517999649047852,1406304
1788912000,12.520000457763672,12.569999694824219,12.37600040435791,12.395000457763672,0
1788926400,12.394000053405762,12.631999969482422,12.394000053405762,12.491000175476074,11949728
1788940800,12.493000030517578,12.508000373840332,11.96500015258789,12.11299991607666,123599104
1788955200,12.116000175476074,12.229000091552734,11.817999839782715,12.003999710083008,21884064
1788969600,11.996000289916992,12.059000015258789,11.857000350952148,11.864999771118164,0
1788984000,11.869000434875488,11.895999908447266,11.611000061035156,11.800999641418457,36461760
1788998400,11.795999526977539,11.868000030517578,11.663000106811523,11.809000015258789,21998944
1789012800,11.809000015258789,11.890999794006348,11.734000205993652,11.784000396728516,1016320
1789027200,11.776000022888184,11.878000259399414,11.74899959564209,11.812999725341797,0
1789041600,11.824000358581543,11.842000007629395,11.543000221252441,11.628999710083008,14751008
1789056000,11.628999710083008,11.732000350952148,11.493000030517578,11.609999656677246,2625056
1789070400,11.61400032043457,11.644000053405762,11.432000160217285,11.446999549865723,7984896
1789084800,11.446000099182129,11.532999992370605,11.402999877929688,11.494999885559082,0
1789099200,11.494999885559082,11.593999862670898,11.470999717712402,11.473999977111816,7400096
1789113600,11.472000122070312,11.541000366210938,11.305000305175781,11.39799976348877,14450112
1789128000,11.390999794006348,12.204000473022461,11.281000137329102,11.708000183105469,119146688
1789142400,11.71399974822998,11.815999984741211,11.508999824523926,11.612000465393066,30773984
1789156800,11.605999946594238,11.644000053405762,11.470999717712402,11.543999671936035,23578304
1789171200,11.543999671936035,11.567999839782715,11.460000038146973,11.486000061035156,9167072
1789185600,11.48799991607666,11.57800006866455,11.482000350952148,11.567000389099121,0
1789200000,11.5649995803833,11.579999923706055,11.517999649047852,11.569000244140625,1930464
1789214400,11.571999549865723,11.62600040435791,11.527000427246094,11.59000015258789,0
1789228800,11.59000015258789,11.604000091552734,11.461999893188477,11.47700023651123,0
1789243200,11.468000411987305,11.536999702453613,11.468000411987305,11.505000114440918,0
1789257600,11.496999740600586,11.531000137329102,11.463000297546387,11.479000091552734,0
1789272000,11.482000350952148,11.559000015258789,11.423999786376953,11.430000305175781,5049168
1789286400,11.428999900817871,11.447999954223633,11.25100040435791,11.291000366210938,12394608
1789300800,11.291000366210938,11.340999603271484,11.192999839782715,11.256999969482422,2899744
1789315200,11.263999938964844,11.493000030517578,11.263999938964844,11.407999992370605,20145168
1789329600,11.411999702453613,11.47599983215332,11.152999877929688,11.196000099182129,29158944
1789344000,11.199000358581543,11.437000274658203,11.121999740600586,11.371000289916992,21493600
1789358400,11.371999740600586,11.46500015258789,11.355999946594238,11.404000282287598,7329200
1789372800,11.404999732971191,11.47700023651123,11.310999870300293,11.387999534606934,11194992
1789387200,11.385000228881836,11.482000350952148,11.244999885559082,11.461000442504883,30022720
1789401600,11.456999778747559,11.762999534606934,11.439000129699707,11.744999885559082,23548128
1789416000,11.744000434875488,11.960000038146973,11.5,11.515999794006348,25067936
1789430400,11.51200008392334,11.628999710083008,11.458000183105469,11.503000259399414,1652512
1789444800,11.498000144958496,11.512999534606934,11.32699966430664,11.336999893188477,24546368
1789459200,11.343999862670898,11.425000190734863,11.300999641418457,11.380999565124512,7309408
1789473600,11.381999969482422,11.493000030517578,11.050000190734863,11.270999908447266,16022144
1789488000,11.272000312805176,11.392999649047852,10.805999755859375,11.081000328063965,80830944
1789502400,11.08899974822998,11.114999771118164,10.812000274658203,10.880000114440918,11858560
1789516800,10.88700008392334,10.932000160217285,10.770999908447266,10.815999984741211,18256576
1789531200,10.817000389099121,10.899999618530273,10.739999771118164,10.75,8748640
1789545600,10.746999740600586,10.89799976348877,10.67199993133545,10.868000030517578,21285280
1789560000,10.866999626159668,10.871000289916992,10.621000289916992,10.675000190734863,2859232
1789574400,10.675000190734863,10.947999954223633,10.61299991607666,10.92199993133545,4100160
1789588800,10.920999526977539,11.069999694824219,10.850000381469727,11.048999786376953,10417632
1789603200,11.048999786376953,11.17199993133545,10.979999542236328,11.12600040435791,5882688
1789617600,11.125,11.229000091552734,11.036999702453613,11.168000221252441,1383872
1789632000,11.170000076293945,11.229000091552734,11.086999893188477,11.17199993133545,6668320
1789646400,11.17199993133545,11.423999786376953,11.140000343322754,11.368000030517578,15097472
1789660800,11.368000030517578,11.420999526977539,11.270999908447266,11.307000160217285,0
1789675200,11.3100004196167,11.402999877929688,11.248000144958496,11.376999855041504,2454208
1789689600,11.380000114440918,11.781000137329102,11.331999778747559,11.75100040435791,30096800
1789704000,11.760000228881836,11.845999717712402,11.645999908447266,11.815999984741211,45322688
1789718400,11.822999954223633,11.954999923706055,11.720999717712402,11.815999984741211,39198208
1789732800,11.819000244140625,12.23799991607666,11.76200008392334,12.144000053405762,57430048
1789747200,12.159000396728516,12.378999710083008,12.086000442504883,12.378000259399414,25956224
1789761600,12.373000144958496,12.42199993133545,12.265999794006348,12.29800033569336,38440768
