time,open,high,low,close,volume
1726704000,2374.577880859375,2412.45703125,2374.577880859375,2404.067138671875,793155584
1726718400,2404.22265625,2441.470703125,2400.71337890625,2437.302734375,1026017280
1726732800,2438.03955078125,2440.97900390625,2424.862060546875,2437.180908203125,407906304
1726747200,2435.984130859375,2450.596435546875,2423.516357421875,2440.15576171875,822368256
1726761600,2440.43115234375,2492.040771484375,2436.473876953125,2463.101318359375,886020096
1726776000,2462.8330078125,2478.619384765625,2456.58447265625,2464.7822265625,281372672
1726790400,2465.737060546875,2507.287109375,2439.650634765625,2507.287109375,373598208
1726804800,2520.88623046875,2571.678466796875,2520.824951171875,2562.5810546875,2563999744
1726819200,2561.30322265625,2563.158935546875,2540.0634765625,2545.203125,230477824
1726833600,2545.094482421875,2568.45849609375,2516.726806640625,2560.865478515625,1015459840
1726848000,2559.496826171875,2567.00830078125,2527.49072265625,2542.05419921875,0
1726862400,2541.18212890625,2560.879638671875,2538.57763671875,2560.879638671875,107798528
1726876800,2561.195556640625,2584.1005859375,2536.41064453125,2545.017333984375,462340096
1726891200,2544.683837890625,2558.718505859375,2531.4765625,2555.744873046875,0
1726905600,2555.985107421875,2557.4208984375,2545.9814453125,2557.205322265625,0
1726920000,2556.93115234375,2575.221923828125,2553.3828125,2560.8896484375,0
1726934400,2561.07763671875,2578.3701171875,2557.629150390625,2571.025146484375,0
1726948800,2572.22509765625,2621.00732421875,2561.80419921875,2615.51123046875,732347392
1726963200,2614.246826171875,2631.901123046875,2590.328857421875,2596.37255859375,329016320
1726977600,2595.478759765625,2604.754638671875,2579.2919921875,2588.53515625,160068608
1726992000,2589.042236328125,2595.531982421875,2572.264892578125,2583.513671875,558626816
1727006400,2583.146728515625,2587.962158203125,2558.821044921875,2572.3544921875,204303360
1727020800,2571.52880859375,2590.231689453125,2554.5068359375,2581.50146484375,623527936
1727035200,2579.80322265625,2592.870849609375,2528.83837890625,2582.85107421875,1340862464
1727049600,2582.180908203125,2684.939697265625,2541.962890625,2673.529052734375,2559043584
1727064000,2676.096435546875,2679.9111328125,2639.06494140625,2644.529541015625,1217534976
1727078400,2646.05224609375,2660.865478515625,2635.54052734375,2645.11376953125,754157568
1727092800,2645.24267578125,2684.041748046875,2639.74853515625,2679.549560546875,1475190784
1727107200,2674.896484375,2699.872802734375,2659.14599609375,2670.121826171875,1490049024
1727121600,2672.508544921875,2681.86279296875,2641.853515625,2648.482177734375,292849664
1727136000,2647.91015625,2649.92578125,2612.33935546875,2625.78759765625,0
1727150400,2626.38525390625,2648.796142578125,2618.904052734375,2646.645751953125,0
1727164800,2646.710205078125,2665.314453125,2636.280517578125,2636.280517578125,184726528
1727179200,2636.59521484375,2645.7958984375,2594.099609375,2613.177734375,614213632
1727193600,2613.2685546875,2654.522216796875,2612.276123046875,2650.89013671875,375029760
1727208000,2651.1005859375,2670.11181640625,2641.0732421875,2654.361572265625,661996544
1727222400,2653.47314453125,2672.013916015625,2634.83984375,2646.2646484375,121649152
1727236800,2646.388427734375,2646.388427734375,2612.53076171875,2624.021484375,326219776
1727251200,2622.888671875,2629.520751953125,2614.785400390625,2627.372802734375,142773248
1727265600,2627.45166015625,2627.73486328125,2598.315673828125,2600.018798828125,74933248
1727280000,2600.666748046875,2608.046142578125,2569.81298828125,2573.585205078125,345847808
1727294400,2570.44091796875,2584.220947265625,2560.05615234375,2579.217529296875,69624832
1727308800,2579.41552734375,2604.352294921875,2560.983642578125,2601.046142578125,293524480
1727323200,2601.689697265625,2632.3544921875,2592.639404296875,2631.879638671875,174955520
1727337600,2629.77734375,2639.07177734375,2612.847412109375,2628.092041015625,705928192
1727352000,2629.554931640625,2660.716796875,2612.446533203125,2654.030029296875,2249510912
1727366400,2652.80126953125,2664.16357421875,2628.116455078125,2649.54736328125,202048512
1727380800,2650.53173828125,2655.09326171875,2620.4072265625,2632.241943359375,533211136
1727395200,2632.47314453125,2642.3828125,2617.088623046875,2638.069580078125,58906624
1727409600,2638.27490234375,2667.495361328125,2638.27490234375,2660.189697265625,867714048
1727424000,2658.732421875,2677.1923828125,2642.759521484375,2652.749755859375,172646400
1727438400,2652.4921875,2698.810302734375,2644.944091796875,2685.0166015625,215971840
1727452800,2684.38134765625,2725.701416015625,2681.6064453125,2697.67138671875,605854720
1727467200,2702.8984375,2708.2236328125,2691.311767578125,2695.81591796875,0
1727481600,2695.71435546875,2704.675048828125,2689.10595703125,2691.279052734375,28481536
1727496000,2691.23046875,2699.896240234375,2676.40625,2679.2998046875,0
1727510400,2678.80859375,2678.80859375,2653.31787109375,2675.3837890625,0
1727524800,2675.308349609375,2675.39013671875,2654.08349609375,2669.993896484375,0
1727539200,2670.317626953125,2683.736083984375,2663.83984375,2678.10986328125,0
1727553600,2678.365478515625,2680.24853515625,2659.948486328125,2677.628662109375,123740160
1727568000,2676.93896484375,2683.197998046875,2666.77490234375,2675.5205078125,110882816
1727582400,2675.55419921875,2675.55419921875,2637.816650390625,2639.89794921875,681660416
1727596800,2640.72998046875,2654.260986328125,2635.863037109375,2652.802490234375,142169088
1727611200,2652.745849609375,2668.186767578125,2643.40576171875,2666.318359375,337676288
1727625600,2666.327392578125,2671.3857421875,2653.50244140625,2667.546630859375,204449792
1727640000,2666.96875,2672.2236328125,2649.43359375,2659.62060546875,680713216
1727654400,2658.185546875,2661.180908203125,2606.8359375,2628.2724609375,2278258688
1727668800,2629.58447265625,2643.43408203125,2623.423583984375,2638.772216796875,265986048
1727683200,2638.0517578125,2642.6279296875,2596.180419921875,2629.2470703125,1663342592
1727697600,2628.500244140625,2636.649658203125,2598.3076171875,2598.3076171875,687124480
1727712000,2595.44482421875,2608.365966796875,2579.3662109375,2598.250732421875,1657651200
1727726400,2593.625,2615.91748046875,2580.2060546875,2603.062744140625,857308160
1727740800,2602.030517578125,2630.72900390625,2592.6826171875,2629.187255859375,209618944
1727755200,2628.152587890625,2655.953857421875,2626.89208984375,2644.3876953125,605696000
1727769600,2644.925048828125,2645.943359375,2629.311767578125,2629.317138671875,0
1727784000,2628.751953125,2633.194580078125,2490.63427734375,2528.586181640625,3880080384
1727798400,2525.409423828125,2527.645263671875,2447.83544921875,2488.45654296875,3393095680
1727812800,2487.941650390625,2490.76416015625,2416.642578125,2448.877197265625,2243960832
1727827200,2448.549560546875,2497.9580078125,2443.101806640625,2489.976318359375,181618688
1727841600,2489.172607421875,2491.31494140625,2469.8916015625,2482.42578125,109938688
1727856000,2482.295166015625,2485.5068359375,2442.291748046875,2456.4453125,712704000
1727870400,2455.783447265625,2462.120361328125,2421.835693359375,2458.812255859375,354392064
1727884800,2461.022216796875,2477.084228515625,2369.6083984375,2379.572998046875,617838592
1727899200,2372.4111328125,2390.590087890625,2355.1435546875,2365.213623046875,8960000
1727913600,2363.954833984375,2398.817626953125,2354.08251953125,2398.817626953125,298285056
1727928000,2399.124755859375,2402.46240234375,2363.702880859375,2366.535400390625,140765184
1727942400,2366.02392578125,2368.493896484375,2322.46484375,2352.631103515625,1171513344
1727956800,2351.7998046875,2362.515869140625,2311.909912109375,2339.542724609375,675397632
1727971200,2339.807861328125,2352.31494140625,2313.84326171875,2351.97412109375,239712256
1727985600,2353.351806640625,2356.317626953125,2333.617431640625,2349.73291015625,0
1728000000,2349.5751953125,2379.255615234375,2340.105224609375,2366.071533203125,438517760
1728014400,2367.027587890625,2385.90283203125,2366.92529296875,2382.09619140625,84805632
1728028800,2382.038330078125,2392.02734375,2374.8349609375,2385.22412109375,0
1728043200,2385.15087890625,2415.99951171875,2353.576904296875,2415.99951171875,183024640
1728057600,2415.795654296875,2440.011474609375,2411.283447265625,2429.00244140625,425266176
1728072000,2428.521484375,2430.7412109375,2412.895263671875,2414.84716796875,0
1728086400,2414.466796875,2427.12890625,2391.36669921875,2399.677490234375,73474048
1728100800,2399.7587890625,2426.28662109375,2397.268798828125,2416.64111328125,0
1728115200,2416.321533203125,2426.70458984375,2416.105224609375,2417.4052734375,0
1728129600,2417.465576171875,2424.0380859375,2405.903564453125,2415.376708984375,0
1728144000,2415.126953125,2415.624267578125,2394.27001953125,2395.016357421875,0
1728158400,2395.9462890625,2419.540771484375,2390.844482421875,2415.53173828125,108881408
1728172800,2414.762939453125,2422.255859375,2407.210693359375,2414.04736328125,0
1728187200,2413.60791015625,2420.405029296875,2411.168701171875,2418.02294921875,0
1728201600,2417.944091796875,2429.627685546875,2416.6435546875,2428.194091796875,94010368
1728216000,2428.104248046875,2455.147705078125,2426.165283203125,2447.392333984375,563243008
1728230400,2447.053466796875,2452.3720703125,2436.407958984375,2441.309814453125,188441088
1728244800,2441.68408203125,2444.217041015625,2417.227783203125,2439.94482421875,325561344
1728259200,2439.822998046875,2510.719970703125,2436.65234375,2494.481689453125,2400714240
1728273600,2494.82080078125,2497.850341796875,2478.05908203125,2481.5595703125,623183872
1728288000,2481.427978515625,2488.121337890625,2440.068359375,2471.395263671875,1478849536
1728302400,2474.76416015625,2516.6767578125,2462.74658203125,2474.713623046875,2070703104
1728316800,2474.164306640625,2480.056396484375,2422.178466796875,2447.122314453125,1486906368
1728331200,2445.2421875,2456.106201171875,2406.412109375,2421.98095703125,894996480
1728345600,2422.3408203125,2445.471923828125,2422.3408203125,2437.2373046875,0
1728360000,2437.827880859375,2444.24609375,2414.697265625,2427.225830078125,530307072
1728374400,2427.6181640625,2439.348388671875,2419.763427734375,2439.111328125,85259264
1728388800,2438.5478515625,2450.31640625,2402.020263671875,2417.9990234375,240770048
1728403200,2418.11181640625,2452.57666015625,2411.44384765625,2441.43359375,314829824
1728417600,2438.132568359375,2461.1025390625,2433.7822265625,2439.840087890625,64706560
1728432000,2439.575927734375,2470.448486328125,2428.140869140625,2445.845703125,688050176
1728446400,2442.76416015625,2450.90185546875,2432.386962890625,2434.968017578125,54524928
1728460800,2434.68994140625,2440.31103515625,2427.68017578125,2438.840087890625,16577536
1728475200,2439.1767578125,2467.761474609375,2422.84912109375,2458.4716796875,235291648
1728489600,2460.0419921875,2460.0419921875,2407.050537109375,2418.140869140625,69191680
1728504000,2414.51708984375,2414.879150390625,2354.46142578125,2368.273193359375,1269023744
1728518400,2370.9326171875,2396.8701171875,2367.00439453125,2392.616943359375,185167872
1728532800,2393.50634765625,2408.1201171875,2390.60009765625,2394.3349609375,146351104
1728547200,2394.690673828125,2403.654296875,2368.700439453125,2403.654296875,653660160
1728561600,2404.27587890625,2404.27587890625,2369.363037109375,2399.61083984375,292005888
1728576000,2402.64453125,2412.818115234375,2330.9462890625,2367.119140625,1388433408
1728590400,2365.341064453125,2383.940185546875,2357.0556640625,2383.940185546875,1376256
1728604800,2384.10693359375,2412.442626953125,2380.557861328125,2409.50341796875,137661440
1728619200,2409.5361328125,2414.718994140625,2402.238037109375,2405.444580078125,193201152
1728633600,2406.140869140625,2421.68603515625,2401.27392578125,2416.136474609375,69623808
1728648000,2417.38427734375,2450.67822265625,2414.493896484375,2445.6767578125,344411136
1728662400,2444.706787109375,2470.395751953125,2434.455810546875,2457.12109375,342818816
1728676800,2457.943603515625,2461.181884765625,2433.97119140625,2436.515625,80818176
1728691200,2437.706787109375,2449.981689453125,2434.301025390625,2438.063720703125,22475776
1728705600,2438.139892578125,2449.6220703125,2438.139892578125,2445.713623046875,29810688
1728720000,2445.6083984375,2465.523193359375,2442.537353515625,2451.029541015625,25698304
1728734400,2451.348388671875,2481.21435546875,2449.83251953125,2470.79541015625,0
1728748800,2472.0078125,2484.50537109375,2468.017822265625,2471.826904296875,0
1728763200,2471.396240234375,2488.052490234375,2468.589599609375,2476.520263671875,0
1728777600,2477.062255859375,2483.8095703125,2456.39453125,2456.60498046875,80739328
1728792000,2457.08154296875,2468.45947265625,2457.08154296875,2464.396728515625,0
1728806400,2464.61474609375,2470.362060546875,2457.636962890625,2458.174072265625,34604032
1728820800,2458.304443359375,2469.150634765625,2437.669921875,2440.492919921875,0
1728835200,2439.966064453125,2459.00634765625,2437.994873046875,2457.299072265625,192183296
1728849600,2457.431884765625,2479.2822265625,2452.90380859375,2467.6474609375,555928576
1728864000,2467.36376953125,2520.15185546875,2443.8251953125,2519.1279296875,1480538112
1728878400,2519.384765625,2542.12841796875,2511.95263671875,2533.825439453125,2982054912
1728892800,2533.72802734375,2544.282470703125,2519.0869140625,2537.237548828125,1349153792
1728907200,2536.286865234375,2639.525146484375,2533.800048828125,2637.69921875,4464230400
1728921600,2633.92724609375,2638.69384765625,2615.354248046875,2618.185791015625,1320765440
1728936000,2620.00341796875,2652.8818359375,2615.545654296875,2629.017578125,830973952
1728950400,2629.21533203125,2636.018798828125,2608.73046875,2608.73046875,523139072
1728964800,2610.714111328125,2619.178955078125,2591.340087890625,2614.533935546875,0
1728979200,2614.675048828125,2620.2822265625,2579.562744140625,2581.94873046875,287545344
1728993600,2585.103759765625,2684.73779296875,2542.447265625,2571.2099609375,1802205184
1729008000,2573.929443359375,2616.126708984375,2571.911376953125,2592.4580078125,791240704
1729022400,2591.946044921875,2606.01953125,2564.862060546875,2606.01953125,618018816
1729036800,2607.150146484375,2629.07568359375,2589.7685546875,2617.712646484375,420536320
1729051200,2617.111328125,2623.935791015625,2599.87939453125,2606.58935546875,170160128
1729065600,2606.696533203125,2640.3671875,2606.696533203125,2637.8408203125,784617472
1729080000,2630.572265625,2644.58837890625,2598.616943359375,2606.600341796875,198289408
1729094400,2607.12890625,2627.225341796875,2594.01806640625,2615.982177734375,0
1729108800,2615.7958984375,2626.98486328125,2609.98974609375,2611.192138671875,0
1729123200,2612.20068359375,2643.10986328125,2611.06396484375,2640.02783203125,211309568
1729137600,2640.02001953125,2646.22412109375,2619.977294921875,2625.497314453125,44425216
1729152000,2627.749755859375,2629.322265625,2596.257568359375,2597.61279296875,0
1729166400,2597.2744140625,2630.71728515625,2584.038818359375,2630.396728515625,340270080
1729180800,2629.86767578125,2629.86767578125,2577.305908203125,2595.388427734375,364621824
1729195200,2594.92431640625,2613.857177734375,2594.92431640625,2604.814453125,72272896
1729209600,2605.232177734375,2649.29833984375,2596.279052734375,2610.42822265625,744636416
1729224000,2609.086181640625,2643.409423828125,2609.086181640625,2641.500732421875,199896064
1729238400,2641.355712890625,2648.137939453125,2621.292724609375,2621.292724609375,268172288
1729252800,2621.588623046875,2660.59716796875,2613.5673828125,2656.254638671875,507439104
1729267200,2652.32861328125,2674.371826171875,2631.29296875,2649.412353515625,521899008
1729281600,2651.242431640625,2651.58203125,2634.717529296875,2641.48828125,194884608
1729296000,2641.76318359375,2661.751220703125,2635.0966796875,2646.665771484375,0
1729310400,2645.822998046875,2649.551513671875,2638.5322265625,2640.427001953125,0
1729324800,2640.73974609375,2647.56640625,2632.73779296875,2632.73779296875,0
1729339200,2633.065673828125,2653.394287109375,2633.065673828125,2645.41455078125,0
1729353600,2645.451416015625,2645.669677734375,2637.5703125,2641.177734375,0
1729368000,2641.386962890625,2654.01220703125,2641.355224609375,2648.656982421875,3581952
1729382400,2648.78125,2651.8310546875,2635.94580078125,2640.31103515625,0
1729396800,2639.769775390625,2650.600341796875,2638.547119140625,2645.0390625,103590912
1729411200,2645.6279296875,2650.441162109375,2643.8515625,2648.366943359375,4627968
1729425600,2648.9765625,2717.922119140625,2643.11474609375,2705.599853515625,2870808064
1729440000,2705.619384765625,2706.1201171875,2686.938720703125,2699.3115234375,805437440
1729454400,2699.171630859375,2753.03759765625,2697.4609375,2745.84716796875,2864452608
1729468800,2746.215576171875,2765.0390625,2727.96533203125,2733.311767578125,2195529728
1729483200,2732.62939453125,2742.49951171875,2722.00244140625,2722.00244140625,881164288
1729497600,2722.115234375,2727.065185546875,2701.653564453125,2703.601318359375,1670090752
1729512000,2703.231689453125,2708.98095703125,2660.046875,2676.271484375,1065115648
1729526400,2677.91455078125,2682.42333984375,2657.22705078125,2682.34130859375,612104192
1729540800,2679.864013671875,2681.674560546875,2665.65673828125,2665.65673828125,0
1729555200,2665.626220703125,2669.562744140625,2617.48828125,2642.815185546875,448567296
1729569600,2642.916259765625,2656.494140625,2635.6142578125,2644.65625,28535808
1729584000,2644.75048828125,2645.902587890625,2614.346435546875,2631.954345703125,0
1729598400,2631.575439453125,2641.414306640625,2606.2158203125,2623.106201171875,113589248
1729612800,2621.99658203125,2630.501220703125,2605.971923828125,2629.08837890625,39730176
1729627200,2627.99658203125,2642.0576171875,2617.910888671875,2620.197509765625,94265344
1729641600,2620.617919921875,2623.488525390625,2601.09423828125,2613.986083984375,152579072
1729656000,2614.211669921875,2621.787353515625,2601.330322265625,2601.4208984375,95622144
1729670400,2600.930419921875,2604.815185546875,2563.819580078125,2578.055908203125,443413504
1729684800,2578.42236328125,2583.195556640625,2529.41845703125,2536.8388671875,691363840
1729699200,2537.774658203125,2539.011474609375,2459.25,2509.786376953125,3263609856
1729713600,2509.11962890625,2524.16259765625,2501.285888671875,2523.60693359375,589262848
1729728000,2523.24951171875,2555.27490234375,2508.2294921875,2544.207275390625,944787456
1729742400,2542.529296875,2557.85498046875,2538.545654296875,2541.02001953125,412456960
1729756800,2541.9169921875,2547.05126953125,2508.047607421875,2525.936767578125,174370816
1729771200,2526.08837890625,2540.218994140625,2513.218017578125,2523.93798828125,777709568
1729785600,2523.759765625,2539.346435546875,2508.8564453125,2536.7509765625,0
1729800000,2537.6171875,2557.35791015625,2526.448486328125,2534.454833984375,308208640
1729814400,2534.54443359375,2536.359375,2510.411376953125,2520.25,0
1729828800,2520.199951171875,2520.199951171875,2462.166015625,2481.10693359375,745671680
1729843200,2481.06298828125,2544.177734375,2478.279541015625,2543.631103515625,1007336448
1729857600,2543.43017578125,2562.277587890625,2509.6689453125,2522.81103515625,275333120
1729872000,2520.656005859375,2534.156982421875,2454.834716796875,2474.769775390625,2666832896
1729886400,2472.046630859375,2490.19775390625,2387.102294921875,2437.912841796875,3087742976
1729900800,2435.932861328125,2451.673095703125,2428.66552734375,2449.353515625,1570271232
1729915200,2448.525146484375,2473.244873046875,2448.304443359375,2463.438232421875,75374592
1729929600,2462.77783203125,2474.9521484375,2461.17578125,2469.718994140625,0
1729944000,2469.89208984375,2473.605712890625,2440.73681640625,2452.851806640625,0
1729958400,2454.10986328125,2483.227783203125,2454.10986328125,2482.87548828125,0
1729972800,2483.205810546875,2502.773681640625,2479.290283203125,2479.93701171875,0
1729987200,2479.94921875,2479.951904296875,2468.343505859375,2479.8525390625,0
1730001600,2481.94140625,2482.82275390625,2475.124267578125,2478.013427734375,0
1730016000,2477.859619140625,2480.18798828125,2462.72412109375,2467.010498046875,0
1730030400,2466.97265625,2501.121337890625,2466.885009765625,2498.720947265625,331239424
1730044800,2502.669189453125,2506.1572265625,2483.633544921875,2490.224365234375,0
1730059200,2491.156005859375,2522.061767578125,2488.207275390625,2505.940673828125,690432000
1730073600,2505.92431640625,2508.08056640625,2470.633056640625,2474.3505859375,1060540416
1730088000,2473.99462890625,2521.062744140625,2472.16357421875,2509.040771484375,1251309568
1730102400,2508.533447265625,2539.786865234375,2502.737548828125,2523.9189453125,1225053184
1730116800,2523.8203125,2531.763427734375,2499.92626953125,2499.92626953125,1375675392
1730131200,2498.45166015625,2521.014404296875,2490.69873046875,2501.083251953125,2165729280
1730145600,2505.088134765625,2585.5751953125,2505.088134765625,2565.434326171875,2099514368
1730160000,2565.732177734375,2625.614501953125,2560.784423828125,2605.16162109375,2429054976
1730174400,2604.96484375,2621.9306640625,2604.96484375,2610.316650390625,444268544
1730188800,2610.711181640625,2635.51953125,2610.711181640625,2628.919189453125,180795392
1730203200,2629.37255859375,2649.037109375,2611.833984375,2649.037109375,455415808
1730217600,2648.609619140625,2678.9970703125,2624.637451171875,2628.3603515625,1534441472
1730232000,2626.012939453125,2645.722900390625,2607.931396484375,2637.710693359375,568213504
1730246400,2637.771240234375,2649.09765625,2604.083984375,2641.64208984375,40984576
1730260800,2641.084716796875,2682.033447265625,2635.968505859375,2668.91259765625,577232896
1730275200,2669.512451171875,2694.755615234375,2657.28173828125,2657.28173828125,1029849088
1730289600,2658.237060546875,2718.396240234375,2655.361083984375,2683.7236328125,2423418880
1730304000,2683.11328125,2694.341064453125,2658.9326171875,2660.52978515625,0
1730318400,2654.9521484375,2683.279296875,2640.97900390625,2657.213134765625,705546240
1730332800,2658.265380859375,2666.519775390625,2640.88134765625,2655.437255859375,16904192
1730347200,2655.663818359375,2656.121826171875,2632.608642578125,2646.259521484375,19712000
1730361600,2646.005126953125,2647.015625,2626.75537109375,2638.3125,0
1730376000,2638.240966796875,2638.67431640625,2544.704833984375,2563.818359375,482914304
1730390400,2561.1826171875,2561.230224609375,2508.974853515625,2511.922607421875,989112320
1730404800,2511.357666015625,2524.18896484375,2501.572265625,2515.870361328125,185995264
1730419200,2515.414306640625,2527.00830078125,2467.962646484375,2500.156982421875,1310902272
1730433600,2500.38916015625,2511.83642578125,2485.969970703125,2502.135009765625,419123200
1730448000,2501.90625,2523.25,2496.0224609375,2514.749267578125,151584768
1730462400,2514.3212890625,2583.412841796875,2486.1240234375,2498.6669921875,639225856
1730476800,2498.955322265625,2534.774169921875,2496.001708984375,2511.937744140625,639610880
1730491200,2512.683837890625,2525.0927734375,2488.967529296875,2512.208251953125,0
1730505600,2511.57177734375,2522.20654296875,2503.328857421875,2504.66748046875,0
1730520000,2505.14990234375,2512.2763671875,2499.903564453125,2506.662109375,0
1730534400,2506.540283203125,2508.36181640625,2492.960693359375,2500.94287109375,0
1730548800,2501.0341796875,2502.75830078125,2473.112548828125,2488.22021484375,0
1730563200,2487.744873046875,2494.69873046875,2479.818359375,2492.24658203125,0
1730577600,2492.2080078125,2496.641357421875,2486.00439453125,2490.787353515625,0
1730592000,2492.753662109375,2494.761474609375,2427.957275390625,2449.649169921875,1898265600
1730606400,2449.327392578125,2460.883544921875,2442.08740234375,2449.956787109375,456222720
1730620800,2449.515869140625,2460.81884765625,2444.095703125,2454.14501953125,520826880
1730635200,2453.501953125,2459.2119140625,2417.008056640625,2441.89990234375,961375232
1730649600,2442.310302734375,2456.434326171875,2412.470947265625,2450.079345703125,1634108416
1730664000,2451.784423828125,2472.53466796875,2447.200439453125,2456.174072265625,1232899072
1730678400,2456.5263671875,2486.831787109375,2435.847900390625,2474.014404296875,587312128
1730692800,2471.8837890625,2479.0556640625,2456.064697265625,2458.42041015625,70249472
1730707200,2457.651611328125,2474.63720703125,2448.235595703125,2469.199462890625,417228800
1730721600,2468.685546875,2482.868408203125,2433.985595703125,2442.71484375,256132096
1730736000,2442.143798828125,2444.519287109375,2408.21044921875,2429.35546875,709271552
1730750400,2428.679931640625,2428.679931640625,2361.568603515625,2396.013427734375,2135490560
1730764800,2396.207275390625,2416.5341796875,2382.213134765625,2416.5341796875,495077376
1730779200,2418.480712890625,2441.880126953125,2418.20166015625,2441.880126953125,574158848
1730793600,2441.536865234375,2445.80908203125,2430.0859375,2439.217529296875,89477120
1730808000,2439.749267578125,2477.946044921875,2429.7734375,2439.224609375,1321345024
1730822400,2439.6337890625,2473.96337890625,2404.54443359375,2404.54443359375,339439616
1730836800,2408.666259765625,2439.3486328125,2408.666259765625,2423.607177734375,850917376
1730851200,2422.5126953125,2628.194580078125,2422.083984375,2576.647216796875,7962759168
1730865600,2578.58447265625,2640.822265625,2565.5400390625,2592.817138671875,7202830336
1730880000,2596.566162109375,2637.253173828125,2574.881591796875,2628.690185546875,3720644608
1730894400,2630.64111328125,2664.35693359375,2612.2158203125,2640.52490234375,1143660544
1730908800,2637.931884765625,2687.45068359375,2636.904296875,2687.45068359375,1306882048
1730923200,2689.56201171875,2741.362548828125,2673.25146484375,2724.005859375,2669019136
1730937600,2724.422119140625,2876.0380859375,2701.64501953125,2853.005859375,2256318464
1730952000,2855.573974609375,2855.573974609375,2782.714599609375,2822.45458984375,0
1730966400,2821.55126953125,2830.26953125,2795.70361328125,2796.31494140625,0
1730980800,2793.399658203125,2849.212646484375,2784.301025390625,2844.56689453125,21417984
1730995200,2849.626708984375,2886.961181640625,2827.203125,2886.400146484375,1825523712
1731009600,2886.034912109375,2918.744384765625,2866.326904296875,2895.597900390625,459878400
1731024000,2896.075927734375,2952.623779296875,2890.155517578125,2901.788818359375,1140060160
1731038400,2903.193359375,2925.146728515625,2895.426513671875,2916.3662109375,311293952
1731052800,2917.0048828125,2927.782958984375,2898.59228515625,2917.96142578125,111239168
1731067200,2917.072265625,2956.9638671875,2908.2744140625,2937.09033203125,2246230016
1731081600,2938.784423828125,2983.677001953125,2895.2548828125,2958.232421875,958085120
1731096000,2954.0361328125,2974.9794921875,2920.447265625,2962.791015625,77414400
1731110400,2963.107421875,2995.20654296875,2957.182373046875,2966.4775390625,0
1731124800,2967.01123046875,3058.75048828125,2961.447509765625,3032.266357421875,2899013632
1731139200,3032.396240234375,3055.6943359375,3023.9853515625,3053.371337890625,400635904
1731153600,3053.78662109375,3054.6171875,3030.400390625,3043.177734375,0
1731168000,3042.6435546875,3091.46484375,2995.46875,3071.436767578125,417796096
1731182400,3071.466064453125,3156.3662109375,3068.447509765625,3131.14453125,2438449152
1731196800,3128.859375,3150.25146484375,3108.306884765625,3138.273193359375,1285560320
1731211200,3138.127197265625,3215.352783203125,3133.012451171875,3188.8505859375,3242137600
1731225600,3186.50390625,3229.383544921875,3173.6953125,3226.168212890625,1553240064
1731240000,3221.87255859375,3234.091064453125,3173.84375,3209.121826171875,4072329216
1731254400,3212.09521484375,3248.613037109375,3159.4052734375,3161.64013671875,2780647424
1731268800,3165.78076171875,3224.0849609375,3085.4853515625,3191.042236328125,6628446208
1731283200,3187.581298828125,3221.954833984375,3176.193359375,3198.830322265625,784150528
1731297600,3198.455078125,3198.455078125,3110.09521484375,3144.177490234375,0
1731312000,3142.994873046875,3210.112548828125,3135.4658203125,3203.07763671875,688619520
1731326400,3201.111328125,3256.272216796875,3144.8671875,3241.055419921875,3157311488
1731340800,3238.28759765625,3341.531494140625,3238.28759765625,3304.694580078125,5201166336
1731355200,3306.338623046875,3388.489990234375,3287.673095703125,3375.15478515625,2676596736
1731369600,3376.08837890625,3376.08837890625,3265.69775390625,3337.82373046875,3961909248
1731384000,3339.89453125,3393.1162109375,3321.51953125,3373.54345703125,1840697344
1731398400,3371.436279296875,3439.762451171875,3235.39990234375,3288.094482421875,7797641216
1731412800,3285.43359375,3297.082763671875,3211.198486328125,3261.7138671875,2563104768
1731427200,3263.24755859375,3304.908447265625,3214.70166015625,3276.9501953125,0
1731441600,3277.65234375,3305.5615234375,3243.71142578125,3244.543212890625,0
1731456000,3246.9755859375,3287.63037109375,3211.720947265625,3211.720947265625,0
1731470400,3211.224853515625,3231.661865234375,3122.321533203125,3163.3857421875,510631936
1731484800,3164.19091796875,3192.323486328125,3148.3017578125,3172.086669921875,0
1731499200,3172.67431640625,3331.63720703125,3158.40869140625,3310.7158203125,3289174016
1731513600,3315.1064453125,3336.832275390625,3163.132568359375,3167.24169921875,2494377984
1731528000,3163.56005859375,3199.243896484375,3124.5439453125,3192.5205078125,2094022656
1731542400,3191.164794921875,3224.89599609375,3170.197998046875,3213.429443359375,0
1731556800,3218.806396484375,3239.821044921875,3177.35986328125,3221.267578125,0
1731571200,3219.922607421875,3229.16357421875,3158.6767578125,3189.078125,302235648
1731585600,3188.1943359375,3199.615478515625,3065.362060546875,3083.803466796875,0
1731600000,3077.75341796875,3175.062255859375,3077.75341796875,3144.716552734375,0
1731614400,3146.05908203125,3146.05908203125,3038.740966796875,3061.189697265625,758583296
1731628800,3058.19189453125,3091.508544921875,3038.36865234375,3085.94189453125,215404544
1731643200,3083.726806640625,3083.726806640625,3018.0087890625,3042.25390625,333684736
1731657600,3041.4384765625,3112.785400390625,3025.090576171875,3104.535888671875,604839936
1731672000,3104.5986328125,3129.234375,3016.408935546875,3022.19091796875,198197248
1731686400,3024.053955078125,3057.8720703125,3017.836181640625,3041.8115234375,911712256
1731700800,3040.680908203125,3118.86572265625,3040.680908203125,3089.791259765625,664961024
1731715200,3089.586181640625,3154.72412109375,3075.2578125,3154.72412109375,420589568
1731729600,3154.5732421875,3159.965087890625,3103.7060546875,3109.07958984375,0
1731744000,3108.059814453125,3192.427001953125,3107.116943359375,3192.427001953125,1103192064
1731758400,3193.890625,3215.554443359375,3129.526611328125,3138.82763671875,1295288320
1731772800,3141.72314453125,3183.0517578125,3130.854736328125,3170.37548828125,0
1731787200,3170.46630859375,3172.672119140625,3126.45556640625,3133.306640625,78663680
1731801600,3133.370849609375,3154.0048828125,3040.54052734375,3079.138916015625,1826734080
1731816000,3080.642822265625,3144.38916015625,3078.989013671875,3136.29638671875,1358956544
1731830400,3136.1083984375,3160.046142578125,3102.72021484375,3105.77099609375,495173632
1731844800,3105.797119140625,3124.695068359375,3073.86669921875,3085.37353515625,154288128
1731859200,3086.3115234375,3114.368896484375,3074.558349609375,3096.912109375,547420160
1731873600,3097.36328125,3105.639404296875,3047.711669921875,3076.055908203125,1349613568
1731888000,3075.58642578125,3121.591552734375,3072.62255859375,3108.436767578125,489330688
1731902400,3111.203125,3148.3916015625,3098.092529296875,3133.141845703125,415395840
1731916800,3131.610595703125,3137.770263671875,3052.53759765625,3055.424072265625,355454976
1731931200,3056.368408203125,3155.939697265625,3056.368408203125,3147.93017578125,3139440640
1731945600,3144.96826171875,3196.339599609375,3094.6669921875,3132.60693359375,4840185856
1731960000,3130.97900390625,3225.130615234375,3127.35595703125,3207.5625,2478782464
1731974400,3208.25439453125,3221.41748046875,3145.629150390625,3151.437744140625,976076800
1731988800,3151.2265625,3159.085693359375,3112.76708984375,3121.4970703125,597221376
1732003200,3120.2255859375,3129.70556640625,3097.6162109375,3129.186279296875,318570496
1732017600,3129.2451171875,3150.04443359375,3082.127685546875,3105.785888671875,165212160
1732032000,3106.701416015625,3145.1513671875,3104.39892578125,3123.5458984375,0
1732046400,3124.73974609375,3133.535888671875,3071.402587890625,3111.116943359375,927862784
1732060800,3111.29931640625,3122.7197265625,3078.016845703125,3100.29443359375,775157760
1732075200,3098.3388671875,3116.463134765625,3092.40234375,3111.95166015625,0
1732089600,3111.743408203125,3135.71435546875,3088.42041015625,3102.349853515625,292139008
1732104000,3102.8662109375,3159.484619140625,3086.416015625,3132.149169921875,1419419648
1732118400,3132.23974609375,3133.921875,3033.22021484375,3060.810791015625,1871038464
1732132800,3060.8056640625,3091.578125,3050.33154296875,3072.05517578125,30554112
1732147200,3071.8720703125,3100.742431640625,3035.8466796875,3083.712646484375,1268766720
1732161600,3084.94970703125,3143.729248046875,3084.94970703125,3139.0947265625,4054652928
1732176000,3138.288330078125,3151.86767578125,3119.923828125,3147.834716796875,1134333952
1732190400,3148.09130859375,3369.724853515625,3148.09130859375,3282.213134765625,12481523712
1732204800,3278.6904296875,3387.678466796875,3278.6904296875,3350.6103515625,2017533952
1732219200,3348.079833984375,3378.892333984375,3340.41455078125,3362.2568359375,1356152832
1732233600,3359.41064453125,3375.9658203125,3309.01416015625,3374.269775390625,1140731904
1732248000,3369.876220703125,3427.761474609375,3360.633544921875,3364.44384765625,106889216
1732262400,3367.261474609375,3384.152099609375,3315.8486328125,3347.89697265625,437899264
1732276800,3347.82177734375,3358.962646484375,3268.468505859375,3317.60986328125,0
1732291200,3318.155517578125,3321.79443359375,3270.796142578125,3285.44384765625,0
1732305600,3284.90283203125,3331.962646484375,3279.54638671875,3331.6455078125,0
1732320000,3331.61474609375,3363.97265625,3319.8310546875,3346.699951171875,778354688
1732334400,3347.98583984375,3363.684814453125,3332.98876953125,3346.8642578125,0
1732348800,3345.203857421875,3404.160400390625,3341.842041015625,3359.788818359375,1321603072
1732363200,3358.59716796875,3497.314697265625,3354.4658203125,3469.989501953125,3091972096
1732377600,3467.48486328125,3476.3251953125,3388.72314453125,3412.654541015625,3123855360
1732392000,3412.387939453125,3429.859130859375,3385.060302734375,3397.275634765625,125014016
1732406400,3397.08642578125,3451.625732421875,3397.08642578125,3430.507080078125,0
1732420800,3430.298583984375,3434.48095703125,3404.2099609375,3425.830078125,25489408
1732435200,3426.165771484375,3429.1435546875,3348.0888671875,3348.992919921875,1255510016
1732449600,3348.541259765625,3359.2822265625,3291.6416015625,3296.594482421875,449945600
1732464000,3295.93603515625,3333.575439453125,3291.858154296875,3329.32568359375,0
1732478400,3327.6044921875,3372.83349609375,3324.759033203125,3363.31494140625,459622400
1732492800,3363.31494140625,3371.94482421875,3306.270263671875,3366.055419921875,667985920
1732507200,3365.669677734375,3421.041259765625,3365.407958984375,3400.820556640625,774381568
1732521600,3403.14599609375,3525.1494140625,3403.14599609375,3475.43310546875,3768152064
1732536000,3474.419921875,3530.432373046875,3357.30322265625,3525.135009765625,6774114304
1732550400,3519.56005859375,3545.27880859375,3428.369140625,3468.481201171875,7128584192
1732564800,3465.703369140625,3504.623291015625,3365.811279296875,3416.7734375,5864660992
1732579200,3414.0830078125,3459.710693359375,3401.814208984375,3439.3515625,1902731264
1732593600,3435.0234375,3443.260498046875,3386.95751953125,3401.002685546875,267530240
1732608000,3395.998779296875,3395.998779296875,3283.222412109375,3324.398193359375,1377210368
1732622400,3323.357177734375,3360.15380859375,3291.15380859375,3299.260009765625,767791104
1732636800,3298.75390625,3338.309326171875,3256.18994140625,3295.967529296875,582262784
1732651200,3299.78076171875,3341.43310546875,3289.626953125,3326.029052734375,224796672
1732665600,3325.033935546875,3369.440673828125,3305.1484375,3362.734130859375,600891392
1732680000,3359.357421875,3443.540283203125,3359.357421875,3422.245849609375,2613256192
1732694400,3423.491943359375,3480.476318359375,3404.812744140625,3459.650390625,192221184
1732708800,3460.689208984375,3571.91162109375,3445.27734375,3561.59033203125,2408673280
1732723200,3556.702392578125,3614.38818359375,3542.975341796875,3594.860107421875,697376768
1732737600,3594.11572265625,3685.24365234375,3594.11572265625,3656.609619140625,3056848896
1732752000,3657.13037109375,3664.335205078125,3571.745849609375,3599.82666015625,1508933632
1732766400,3600.9833984375,3619.665771484375,3571.100830078125,3590.406982421875,0
1732780800,3593.20166015625,3637.6533203125,3580.300048828125,3621.7822265625,1031389184
1732795200,3621.608642578125,3642.18603515625,3541.348388671875,3542.05810546875,93204480
1732809600,3542.271728515625,3582.994384765625,3532.59521484375,3575.13671875,0
1732824000,3574.703857421875,3596.50439453125,3552.92822265625,3579.91064453125,0
1732838400,3579.54833984375,3599.94775390625,3553.78076171875,3584.6005859375,245239808
1732852800,3584.800537109375,3594.989501953125,3538.744140625,3545.072998046875,602279936
1732867200,3545.3876953125,3599.40087890625,3545.3876953125,3596.141845703125,0
1732881600,3596.013427734375,3646.13818359375,3579.243896484375,3625.06689453125,128776192
1732896000,3618.846923828125,3623.367431640625,3563.76318359375,3585.52978515625,909492224
1732910400,3586.328125,3604.149169921875,3579.47900390625,3593.59814453125,194586624
1732924800,3593.657958984375,3660.12548828125,3574.1005859375,3660.12548828125,1950306304
1732939200,3658.89501953125,3725.241455078125,3639.3828125,3701.9814453125,2973904896
1732953600,3703.49267578125,3719.16796875,3640.618408203125,3655.72021484375,1047703552
1732968000,3655.25,3684.82177734375,3655.22216796875,3680.235107421875,0
1732982400,3677.554931640625,3696.984619140625,3659.386962890625,3692.977294921875,0
1732996800,3692.692626953125,3737.592529296875,3690.16650390625,3706.619873046875,1425936384
1733011200,3706.54150390625,3729.274169921875,3663.41357421875,3708.40673828125,1201418240
1733025600,3707.652587890625,3718.893310546875,3686.062255859375,3704.232666015625,0
1733040000,3703.75244140625,3717.5556640625,3680.326171875,3693.34765625,0
1733054400,3694.146728515625,3744.976806640625,3683.84130859375,3729.079345703125,983695360
1733068800,3730.901611328125,3743.678955078125,3699.19873046875,3709.845703125,696467456
1733083200,3709.81884765625,3733.420654296875,3683.1884765625,3710.495361328125,639662080
1733097600,3711.189697265625,3759.534423828125,3685.40283203125,3685.40283203125,1189480448
1733112000,3691.69140625,3707.2353515625,3656.486083984375,3668.506103515625,3870242816
1733126400,3668.888671875,3672.578369140625,3572.541259765625,3591.58642578125,5821493248
1733140800,3590.385009765625,3677.794189453125,3584.77978515625,3677.794189453125,4717187072
1733155200,3675.8359375,3682.142578125,3560.157470703125,3609.99658203125,4655783936
1733169600,3608.51708984375,3644.734619140625,3602.639892578125,3643.47119140625,461615104
1733184000,3644.466796875,3656.9453125,3610.93603515625,3642.01416015625,224890880
1733198400,3640.43310546875,3669.39453125,3601.25,3618.77099609375,303218688
1733212800,3617.791015625,3632.226318359375,3588.15087890625,3613.8193359375,0
1733227200,3613.72607421875,3616.625244140625,3504.487060546875,3565.045166015625,2471403520
1733241600,3573.241943359375,3593.763916015625,3544.877685546875,3579.122802734375,0
1733256000,3577.787109375,3633.9658203125,3577.37646484375,3620.03759765625,744304640
1733270400,3617.798583984375,3705.30078125,3617.798583984375,3665.826171875,6447112192
1733284800,3664.05126953125,3722.496337890625,3663.858154296875,3716.713623046875,328548352
1733299200,3717.68603515625,3749.121337890625,3701.708251953125,3731.281982421875,1124814848
1733313600,3731.45068359375,3855.36572265625,3693.94482421875,3822.24267578125,4246822912
1733328000,3825.5439453125,3848.096435546875,3740.32275390625,3848.096435546875,5982212096
1733342400,3846.928466796875,3893.185546875,3830.822998046875,3840.0537109375,5001035776
1733356800,3843.66259765625,3904.87548828125,3772.520751953125,3836.90087890625,5470793728
1733371200,3835.78173828125,3879.4697265625,3824.7080078125,3855.393798828125,2800807936
1733385600,3853.525146484375,3945.24169921875,3853.525146484375,3937.3916015625,2030034944
1733400000,3935.217041015625,3954.736083984375,3869.7548828125,3896.00390625,0
1733414400,3892.5361328125,3925.04150390625,3825.066650390625,3833.91162109375,102621184
1733428800,3832.83544921875,3863.410400390625,3720.8974609375,3792.20849609375,3737284608
1733443200,3791.0986328125,3907.59912109375,3787.260009765625,3907.59912109375,732647424
1733457600,3908.990234375,3926.406982421875,3877.316162109375,3893.9013671875,167428096
1733472000,3895.421875,3910.191650390625,3851.316162109375,3869.165283203125,0
1733486400,3870.140869140625,4037.33935546875,3840.903564453125,3992.85009765625,6473076736
1733500800,4002.103271484375,4077.372314453125,3991.529052734375,4074.922119140625,2225700864
1733515200,4076.0888671875,4091.06689453125,4000.326416015625,4007.2861328125,93048832
1733529600,4006.15478515625,4025.245361328125,3979.820068359375,3995.388916015625,0
1733544000,3992.631103515625,4005.06201171875,3975.554931640625,3990.630859375,0
1733558400,3992.081298828125,4009.509033203125,3979.786376953125,4003.090576171875,0
1733572800,4002.970703125,4011.5869140625,3983.57421875,4010.696044921875,0
1733587200,4009.490966796875,4023.293212890625,3991.520263671875,4016.257080078125,0
1733601600,4016.15966796875,4025.486572265625,3997.95947265625,4002.65771484375,0
1733616000,4002.20068359375,4011.38037109375,3992.300537109375,3992.43701171875,0
1733630400,3992.901123046875,3997.47265625,3963.555419921875,3984.594970703125,96012288
1733644800,3983.91650390625,3983.91650390625,3927.85400390625,3975.33349609375,810172416
1733659200,3974.767578125,4003.389404296875,3963.77294921875,3996.753662109375,914012160
1733673600,3993.495849609375,4001.41650390625,3967.769775390625,3990.856201171875,47915008
1733688000,3991.044921875,4016.549560546875,3978.041748046875,4006.101806640625,582137856
1733702400,4007.8671875,4007.8671875,3916.098388671875,3930.3525390625,3082727424
1733716800,3932.7548828125,3950.31591796875,3884.943115234375,3920.591552734375,2033881088
1733731200,3918.048095703125,3918.666259765625,3842.8857421875,3847.491943359375,2045456384
1733745600,3849.78759765625,3943.326171875,3805.77392578125,3828.120361328125,5468002304
1733760000,3823.1533203125,3861.937744140625,3787.177001953125,3793.903076171875,4377135104
1733774400,3792.322265625,3798.165283203125,3559.554931640625,3719.00048828125,19103748096
1733788800,3717.093505859375,3780.5947265625,3628.063720703125,3677.927490234375,6435921920
1733803200,3683.426025390625,3743.08544921875,3640.796630859375,3735.1748046875,2089385984
1733817600,3735.402587890625,3772.993896484375,3719.03857421875,3754.399658203125,211513344
1733832000,3753.5322265625,3754.224609375,3562.58984375,3562.597900390625,2610438144
1733846400,3566.566162109375,3634.365966796875,3522.848876953125,3632.532958984375,7179497472
1733860800,3631.42919921875,3671.705810546875,3619.46533203125,3631.276123046875,0
1733875200,3631.693603515625,3669.813232421875,3568.3984375,3665.76171875,104148992
1733889600,3665.678955078125,3680.720703125,3650.7744140625,3656.09130859375,0
1733904000,3654.8564453125,3728.529296875,3654.8564453125,3715.3212890625,870232064
1733918400,3717.0634765625,3822.142578125,3712.991943359375,3788.107421875,0
1733932800,3789.65576171875,3813.93994140625,3758.003662109375,3805.252685546875,0
1733947200,3807.621826171875,3849.99267578125,3807.621826171875,3832.2568359375,0
1733961600,3834.04345703125,3945.936279296875,3801.500732421875,3931.131591796875,2189813760
1733976000,3937.054931640625,3945.526123046875,3897.82666015625,3905.372314453125,934993920
1733990400,3904.981689453125,3935.762939453125,3894.350341796875,3911.40234375,922943488
1734004800,3912.70556640625,3983.2138671875,3912.70556640625,3957.104736328125,3548377088
1734019200,3960.052978515625,3983.682373046875,3856.65283203125,3868.400146484375,1941303296
1734033600,3871.273681640625,3899.28076171875,3837.56982421875,3883.030029296875,1438093312
1734048000,3882.328125,3940.907958984375,3855.74169921875,3930.612548828125,847486976
1734062400,3933.718994140625,3935.644287109375,3873.621826171875,3890.05322265625,504635392
1734076800,3886.14794921875,3921.683837890625,3874.484375,3905.42919921875,511610880
1734091200,3903.809326171875,3966.806640625,3881.40087890625,3883.209228515625,98168832
1734105600,3887.13525390625,3944.020263671875,3887.10205078125,3918.428955078125,879529984
1734120000,3919.493408203125,3934.310546875,3894.667236328125,3910.847900390625,61628416
1734134400,3909.66455078125,3943.267578125,3897.13916015625,3912.0673828125,457510912
1734148800,3911.24072265625,3932.704345703125,3907.489501953125,3922.50537109375,23762944
1734163200,3921.0166015625,3930.5966796875,3889.769775390625,3894.73291015625,160342016
1734177600,3896.1748046875,3896.904052734375,3849.40966796875,3889.392578125,144173056
1734192000,3889.5048828125,3895.28564453125,3831.0224609375,3858.626953125,406927360
1734206400,3858.773681640625,3873.07470703125,3827.14892578125,3868.441162109375,344707072
1734220800,3869.1787109375,3892.328125,3856.594970703125,3877.500732421875,0
1734235200,3874.50244140625,3904.755615234375,3832.4482421875,3844.3125,758222848
1734249600,3844.351318359375,3876.16015625,3840.462646484375,3876.16015625,250355712
1734264000,3877.50732421875,3905.255126953125,3869.50830078125,3894.41552734375,0
1734278400,3894.23583984375,3917.46142578125,3885.811767578125,3905.844482421875,0
1734292800,3903.8720703125,3968.82568359375,3849.110107421875,3951.65283203125,2783168512
1734307200,3957.45263671875,4019.4658203125,3930.574951171875,3941.87841796875,5846366208
1734321600,3941.556640625,3977.80029296875,3939.564208984375,3971.646484375,7204864
1734336000,3972.748779296875,3972.748779296875,3902.0302734375,3905.286376953125,1436334080
1734350400,3908.206787109375,3956.347900390625,3883.1357421875,3943.740966796875,4287619072
1734364800,3942.0927734375,4104.6513671875,3941.09130859375,4057.871337890625,10748325888
1734379200,4057.762939453125,4069.00341796875,3981.374755859375,3987.333984375,1318072320
1734393600,3986.867919921875,4040.179931640625,3951.588134765625,4035.4521484375,0
1734408000,4035.19873046875,4035.19873046875,3986.84033203125,3992.44921875,100753408
1734422400,3993.8955078125,4029.09521484375,3992.492919921875,3998.68798828125,229736448
1734436800,3997.16650390625,4021.831787109375,3923.859375,3935.05322265625,1238945792
1734451200,3936.68896484375,3983.39013671875,3919.414306640625,3945.555419921875,0
1734465600,3944.242919921875,3950.286865234375,3851.3330078125,3886.886962890625,1356615680
1734480000,3893.431396484375,3901.48779296875,3839.289306640625,3850.9296875,661061632
1734494400,3850.090087890625,3858.212646484375,3807.206298828125,3847.005126953125,2201972736
1734508800,3847.128173828125,3884.8740234375,3841.739501953125,3880.976806640625,208666624
1734523200,3881.630615234375,3888.336669921875,3828.481689453125,3867.937744140625,142979072
1734537600,3867.5703125,3896.029541015625,3781.96142578125,3788.9794921875,2345838592
1734552000,3770.4375,3772.469970703125,3619.54541015625,3619.58203125,12822417408
1734566400,3625.531982421875,3668.475341796875,3543.745849609375,3668.475341796875,4399173632
1734580800,3668.05810546875,3694.676513671875,3654.25732421875,3692.47119140625,5443584
1734595200,3687.484619140625,3717.152099609375,3664.135009765625,3705.527099609375,507940864
1734609600,3704.414794921875,3707.447998046875,3571.835693359375,3606.3818359375,2054242304
1734624000,3612.448486328125,3629.802734375,3394.81689453125,3427.6865234375,10683039744
1734638400,3435.59619140625,3458.864013671875,3331.396728515625,3417.93017578125,1017020416
1734652800,3415.010009765625,3454.732177734375,3373.212890625,3409.058837890625,1334861824
1734667200,3410.7841796875,3426.364013671875,3328.897216796875,3383.768310546875,2863689728
1734681600,3386.741943359375,3386.741943359375,3107.07421875,3114.640869140625,11005497344
1734696000,3100.634033203125,3390.9716796875,3100.634033203125,3368.75244140625,10930216960
1734710400,3372.52001953125,3493.348388671875,3365.74267578125,3477.123779296875,2560909312
1734724800,3477.533935546875,3486.563232421875,3396.31884765625,3472.589111328125,560377856
1734739200,3471.850341796875,3485.478759765625,3448.881103515625,3462.13427734375,0
1734753600,3464.98291015625,3552.12060546875,3462.326416015625,3524.88623046875,0
1734768000,3522.808349609375,3524.396484375,3429.232421875,3444.02099609375,0
1734782400,3442.275390625,3442.275390625,3356.08447265625,3388.57861328125,0
1734796800,3389.18603515625,3397.240478515625,3327.861572265625,3355.9248046875,0
1734811200,3357.476806640625,3383.9404296875,3294.06689453125,3336.998779296875,382484480
1734825600,3335.820068359375,3370.550537109375,3318.555908203125,3351.13427734375,509181952
1734840000,3353.11474609375,3358.71728515625,3297.22314453125,3327.73681640625,0
1734854400,3328.990234375,3397.876220703125,3328.990234375,3382.2890625,0
1734868800,3379.602783203125,3393.54248046875,3274.8349609375,3302.37646484375,506159104
1734883200,3299.827880859375,3335.433837890625,3236.91796875,3236.91796875,0
1734897600,3241.93115234375,3305.71044921875,3223.4111328125,3277.51416015625,1051183104
1734912000,3278.96044921875,3352.496826171875,3219.09033203125,3347.191650390625,2837229568
1734926400,3347.604248046875,3357.505615234375,3262.735107421875,3297.99365234375,1149786112
1734940800,3300.018798828125,3351.004638671875,3292.803955078125,3334.907958984375,1091158016
1734955200,3335.2216796875,3356.453369140625,3268.533935546875,3270.529052734375,864954368
1734969600,3271.208984375,3375.06787109375,3270.042236328125,3331.702392578125,2327730176
1734984000,3334.8876953125,3458.745849609375,3326.071044921875,3416.0947265625,1636302848
1734998400,3418.19189453125,3419.69873046875,3360.183837890625,3392.02587890625,0
1735012800,3391.5625,3426.675048828125,3381.8681640625,3397.719482421875,0
1735027200,3396.625,3410.4111328125,3381.560546875,3408.516357421875,0
1735041600,3409.104248046875,3504.33251953125,3391.687255859375,3489.99853515625,131188736
1735056000,3490.48291015625,3535.781005859375,3464.3154296875,3466.00244140625,0
1735070400,3464.81298828125,3501.652587890625,3432.861572265625,3491.95751953125,0
1735084800,3491.30517578125,3492.5458984375,3460.375244140625,3474.004638671875,0
1735099200,3475.508544921875,3505.51416015625,3470.283447265625,3487.603515625,132706304
1735113600,3486.805908203125,3542.38232421875,3477.284423828125,3477.284423828125,948860928
1735128000,3467.872314453125,3496.680419921875,3458.359130859375,3469.860595703125,648284160
1735142400,3469.86669921875,3483.65087890625,3441.033203125,3478.02978515625,0
1735156800,3478.176513671875,3497.14599609375,3450.0478515625,3495.9501953125,296126464
1735171200,3494.589111328125,3509.193115234375,3449.89208984375,3456.68994140625,448223232
1735185600,3453.794677734375,3453.794677734375,3417.1357421875,3421.472900390625,687478784
1735200000,3420.300048828125,3420.7080078125,3348.680419921875,3369.37158203125,1745276928
1735214400,3369.28662109375,3369.785400390625,3327.236328125,3342.15869140625,1314265088
1735228800,3341.812255859375,3360.99169921875,3311.675537109375,3338.6015625,1331728384
1735243200,3336.868896484375,3345.697998046875,3305.687744140625,3331.0537109375,1256271872
1735257600,3330.81689453125,3380.55712890625,3315.0380859375,3374.2099609375,542343168
1735272000,3374.644775390625,3393.7392578125,3318.072265625,3321.94189453125,680824832
1735286400,3322.0517578125,3433.396484375,3322.0517578125,3414.830810546875,1175203840
1735300800,3414.86962890625,3416.37109375,3303.736572265625,3319.676513671875,1340573696
1735315200,3321.1494140625,3360.035400390625,3304.76513671875,3350.010009765625,843362304
1735329600,3349.956298828125,3349.956298828125,3306.68408203125,3328.774658203125,62527488
1735344000,3329.35302734375,3343.61767578125,3318.039306640625,3340.8017578125,0
1735358400,3340.059326171875,3352.20947265625,3327.554443359375,3330.990478515625,0
1735372800,3329.79052734375,3355.890869140625,3329.37451171875,3354.388671875,63080448
1735387200,3354.60205078125,3388.024658203125,3346.812744140625,3361.070556640625,0
1735401600,3362.156005859375,3406.288818359375,3361.51904296875,3393.207275390625,0
1735416000,3394.04833984375,3413.982421875,3385.64013671875,3397.862548828125,68771840
1735430400,3398.4462890625,3398.4462890625,3372.4384765625,3377.083251953125,0
1735444800,3376.63818359375,3400.83544921875,3374.818359375,3400.83544921875,57724928
1735459200,3401.23193359375,3406.548828125,3385.03076171875,3395.329345703125,94664704
1735473600,3393.892333984375,3404.666259765625,3354.18994140625,3372.66552734375,71453696
1735488000,3368.8583984375,3369.00439453125,3341.5458984375,3356.89501953125,136486912
1735502400,3353.963134765625,3359.444580078125,3322.6728515625,3349.5859375,977945600
1735516800,3349.81884765625,3425.318359375,3344.724853515625,3397.135498046875,2664245248
1735531200,3397.461181640625,3424.8330078125,3384.045654296875,3417.1640625,1253559296
1735545600,3420.18115234375,3425.3046875,3391.975830078125,3417.0810546875,992329728
1735560000,3417.138427734375,3423.431396484375,3301.4052734375,3318.189208984375,3499313152
1735574400,3317.626220703125,3401.775146484375,3313.826904296875,3397.9521484375,3147765760
1735588800,3396.920654296875,3412.396240234375,3309.311279296875,3356.394775390625,1983463424
1735603200,3355.6767578125,3356.589599609375,3312.296142578125,3335.69580078125,220788736
1735617600,3335.460693359375,3356.618408203125,3326.5283203125,3349.123046875,0
1735632000,3348.83203125,3400.743408203125,3348.83203125,3389.086669921875,590778368
1735646400,3389.078369140625,3435.888916015625,3388.600830078125,3410.8056640625,0
1735660800,3408.965087890625,3409.630859375,3329.103271484375,3349.74462890625,0
1735675200,3350.031494140625,3357.145751953125,3326.609619140625,3332.406494140625,0
1735689600,3331.27978515625,3358.0400390625,3330.58740234375,3347.579833984375,21960704
1735704000,3347.52197265625,3347.94482421875,3331.2431640625,3338.846435546875,0
1735718400,3339.328369140625,3340.099609375,3311.18505859375,3334.746826171875,326774784
1735732800,3334.4794921875,3350.65771484375,3322.819091796875,3345.24755859375,0
1735747200,3345.30322265625,3355.212646484375,3319.3408203125,3347.195068359375,223577088
1735761600,3348.18408203125,3365.031005859375,3345.711181640625,3353.412109375,2574336
1735776000,3353.175048828125,3398.066162109375,3349.072021484375,3383.54931640625,1806848000
1735790400,3383.533447265625,3419.69580078125,3382.433837890625,3415.62451171875,1227364352
1735804800,3415.417724609375,3470.457763671875,3410.082275390625,3467.30322265625,1102379008
1735819200,3467.319580078125,3479.24365234375,3455.035888671875,3459.760498046875,3018582016
1735833600,3459.56884765625,3485.16552734375,3431.85107421875,3460.39892578125,1287043072
1735848000,3459.941650390625,3470.82958984375,3424.624755859375,3451.680908203125,5584896
1735862400,3451.750244140625,3471.77978515625,3441.60107421875,3468.049072265625,20840448
1735876800,3467.00634765625,3467.00634765625,3429.596923828125,3430.68701171875,62873600
1735891200,3430.76416015625,3464.298828125,3422.06591796875,3463.0771484375,0
1735905600,3463.17822265625,3568.672607421875,3460.08447265625,3565.84033203125,927553536
1735920000,3563.44482421875,3626.73095703125,3563.44482421875,3620.1787109375,1671792640
1735934400,3621.7763671875,3621.7763671875,3596.54052734375,3605.20068359375,405729280
1735948800,3608.524169921875,3616.675537109375,3583.624267578125,3595.923583984375,156545024
1735963200,3594.50048828125,3608.193603515625,3583.581298828125,3592.97216796875,114788352
1735977600,3593.696044921875,3602.069091796875,3575.0029296875,3600.89501953125,40124416
1735992000,3601.10693359375,3655.137939453125,3596.791748046875,3608.6572265625,518914048
1736006400,3608.789794921875,3641.4501953125,3603.07080078125,3630.9248046875,0
1736020800,3630.5888671875,3668.677978515625,3630.5888671875,3657.7431640625,696320
1736035200,3657.2490234375,3673.368408203125,3631.948486328125,3635.615234375,20237312
1736049600,3636.12646484375,3647.86474609375,3630.20263671875,3630.83740234375,0
1736064000,3631.1962890625,3631.612548828125,3604.018798828125,3611.80615234375,190563328
1736078400,3611.750732421875,3634.174560546875,3594.616943359375,3630.20751953125,305164288
1736092800,3630.061279296875,3645.119873046875,3614.33837890625,3634.136474609375,4310016
1736107200,3637.601318359375,3653.049560546875,3631.314208984375,3634.11376953125,35407872
1736121600,3634.962890625,3680.959716796875,3612.356689453125,3662.72412109375,2007226368
1736136000,3666.3837890625,3694.365966796875,3644.55615234375,3649.140869140625,1416837120
1736150400,3649.60205078125,3658.586181640625,3634.2099609375,3653.240234375,523774976
1736164800,3653.869873046875,3708.497314453125,3623.227783203125,3707.769775390625,3750291456
1736179200,3712.3720703125,3742.588134765625,3661.097900390625,3690.247314453125,2824261632
1736193600,3689.7255859375,3702.60400390625,3669.828857421875,3688.34130859375,736610304
1736208000,3684.3203125,3701.10693359375,3667.495361328125,3684.73095703125,208963584
1736222400,3685.91796875,3686.572509765625,3661.92529296875,3667.533935546875,0
1736236800,3667.92724609375,3677.904296875,3628.718017578125,3640.8203125,145862656
1736251200,3638.026123046875,3644.5341796875,3444.32421875,3466.645263671875,5290801152
1736265600,3463.247314453125,3486.65673828125,3381.273681640625,3384.372314453125,3259015168
1736280000,3384.0263671875,3409.682861328125,3358.81201171875,3381.615478515625,2756780032
1736294400,3380.731689453125,3413.007080078125,3344.5546875,3360.6630859375,2085394432
1736308800,3360.18798828125,3370.3935546875,3307.2255859375,3354.6533203125,3359776768
1736323200,3354.122802734375,3373.172119140625,3326.3310546875,3348.786865234375,825663488
1736337600,3348.06201171875,3384.953857421875,3336.189208984375,3345.38818359375,1377366016
1736352000,3346.40625,3346.40625,3217.016845703125,3281.923828125,3169435648
1736366400,3279.281494140625,3333.013671875,3267.4140625,3326.359619140625,0
1736380800,3326.6025390625,3355.36767578125,3312.520751953125,3324.25,753600512
1736395200,3324.705810546875,3339.44921875,3284.156494140625,3290.391357421875,0
1736409600,3287.466552734375,3325.2119140625,3273.48486328125,3299.8046875,1539958784
1736424000,3299.0634765625,3332.154296875,3212.232666015625,3322.532958984375,515403776
1736438400,3317.575927734375,3324.824951171875,3217.9033203125,3217.9033203125,0
1736452800,3196.399169921875,3234.173828125,3163.791259765625,3219.49658203125,2978852864
1736467200,3219.15771484375,3257.409912109375,3215.223388671875,3254.0224609375,281188352
1736481600,3254.0712890625,3309.789306640625,3243.565185546875,3297.485107421875,408129536
1736496000,3295.34228515625,3320.388916015625,3290.342041015625,3309.450927734375,134385664
1736510400,3310.447509765625,3313.513427734375,3196.1103515625,3245.301025390625,2300684288
1736524800,3244.4296875,3316.76416015625,3235.286376953125,3298.034912109375,635133952
1736539200,3296.396484375,3296.396484375,3259.95947265625,3267.5224609375,2041856
1736553600,3266.32177734375,3268.823974609375,3233.552001953125,3235.96923828125,21587968
1736568000,3236.34814453125,3248.227294921875,3225.981689453125,3233.468994140625,0
1736582400,3233.92529296875,3277.27978515625,3220.288330078125,3274.258544921875,0
1736596800,3273.58740234375,3279.062255859375,3258.847900390625,3269.455322265625,0
1736611200,3269.851806640625,3280.365966796875,3260.966064453125,3276.420654296875,0
1736625600,3276.442138671875,3316.612060546875,3275.238037109375,3282.150390625,134388736
1736640000,3282.96142578125,3288.665283203125,3274.18896484375,3282.86474609375,0
1736654400,3283.87646484375,3287.1953125,3263.333984375,3265.033203125,0
1736668800,3265.04345703125,3268.870849609375,3225.89990234375,3252.189697265625,181299200
1736683200,3252.191650390625,3289.7548828125,3248.0576171875,3285.005615234375,695119872
1736697600,3285.49462890625,3297.514404296875,3269.7255859375,3277.109130859375,132911104
1736712000,3277.68896484375,3286.043212890625,3233.80517578125,3266.095458984375,436930560
1736726400,3265.574951171875,3334.035888671875,3237.21630859375,3241.250732421875,2951155712
1736740800,3239.99365234375,3257.435546875,3181.12646484375,3197.696044921875,1933429760
1736755200,3198.350341796875,3201.824951171875,3053.75927734375,3053.75927734375,4375868416
1736769600,3053.270751953125,3086.78515625,2920.5927734375,3053.5693359375,10177269760
1736784000,3049.882568359375,3056.57666015625,2986.63818359375,3026.736083984375,5142857728
1736798400,3024.37255859375,3140.3740234375,3011.625732421875,3135.670166015625,4109426688
1736812800,3137.01220703125,3173.024658203125,3127.74658203125,3158.92138671875,536039424
1736827200,3159.875244140625,3188.238037109375,3158.462890625,3171.27587890625,0
1736841600,3170.69140625,3250.602294921875,3170.69140625,3216.013427734375,211124224
1736856000,3213.711669921875,3230.316162109375,3178.2548828125,3200.5791015625,682084352
1736870400,3199.451904296875,3232.542236328125,3173.5107421875,3213.419677734375,0
1736884800,3212.667724609375,3238.486572265625,3196.037841796875,3223.6845703125,0
1736899200,3225.29248046875,3241.7998046875,3206.909912109375,3237.0244140625,521594880
1736913600,3239.353271484375,3249.088623046875,3215.863525390625,3231.4609375,392761344
1736928000,3231.59130859375,3246.78369140625,3186.734375,3198.1162109375,0
1736942400,3197.950927734375,3349.94775390625,3187.059326171875,3336.802001953125,1650434048
1736956800,3340.41259765625,3441.493408203125,3326.276123046875,3439.765869140625,1083117568
1736971200,3435.2587890625,3471.5966796875,3421.613037109375,3449.9287109375,1781731328
1736985600,3450.52685546875,3456.41357421875,3348.5361328125,3362.84033203125,996933632
1737000000,3361.6484375,3386.3251953125,3361.6484375,3382.558837890625,67106816
1737014400,3382.707763671875,3382.707763671875,3301.950927734375,3351.9482421875,1607110656
1737028800,3348.390380859375,3361.53564453125,3266.89306640625,3326.693115234375,495529984
1737043200,3332.11328125,3362.854736328125,3313.435546875,3343.5419921875,392851456
1737057600,3344.746337890625,3351.785400390625,3271.572021484375,3308.191162109375,198694912
1737072000,3308.67138671875,3393.2998046875,3308.67138671875,3357.772705078125,1972598784
1737086400,3359.3505859375,3382.501953125,3348.381103515625,3370.949951171875,1010006016
1737100800,3376.101318359375,3435.902587890625,3373.6484375,3421.573974609375,582473728
1737115200,3421.9150390625,3446.962646484375,3396.951904296875,3420.427490234375,0
1737129600,3420.954833984375,3446.595703125,3411.8447265625,3434.35595703125,305799168
1737144000,3429.552001953125,3524.229736328125,3429.552001953125,3473.563720703125,2496256000
1737158400,3474.066650390625,3490.75634765625,3374.498291015625,3387.21728515625,970133504
1737172800,3382.810791015625,3392.5361328125,3281.321044921875,3289.42431640625,3214581760
1737187200,3280.763916015625,3319.492919921875,3231.810546875,3312.60595703125,2870763520
1737201600,3311.616943359375,3337.874267578125,3273.905029296875,3309.093994140625,780277760
1737216000,3305.091552734375,3311.067138671875,3254.954345703125,3285.0107421875,1482731520
1737230400,3287.11376953125,3315.4560546875,3257.055419921875,3305.39794921875,456114176
1737244800,3305.15576171875,3373.392822265625,3296.399658203125,3335.543212890625,1593739264
1737259200,3331.451904296875,3332.702392578125,3257.558837890625,3270.1015625,198887424
1737273600,3270.352294921875,3270.352294921875,3130.1787109375,3147.185546875,2556424192
1737288000,3146.091796875,3414.98388671875,3144.34814453125,3382.578369140625,9942536192
1737302400,3383.624267578125,3443.90869140625,3383.624267578125,3410.567626953125,1311305728
1737316800,3413.41357421875,3423.903564453125,3161.840576171875,3208.933837890625,11718443008
1737331200,3212.88427734375,3272.435791015625,3147.656005859375,3264.28173828125,6352445440
1737345600,3269.08251953125,3443.3564453125,3250.979248046875,3376.373046875,5746929664
1737360000,3381.900634765625,3404.118896484375,3338.27783203125,3373.110107421875,0
1737374400,3371.936767578125,3374.80224609375,3264.2099609375,3329.52880859375,573657088
1737388800,3333.3310546875,3376.460205078125,3228.121337890625,3342.769775390625,5832753152
1737403200,3339.52880859375,3339.52880859375,3256.3642578125,3278.43603515625,717193216
1737417600,3280.3701171875,3283.53857421875,3204.704833984375,3257.7314453125,0
1737432000,3258.23974609375,3260.043212890625,3214.310546875,3249.265380859375,0
1737446400,3251.036376953125,3309.5048828125,3234.892333984375,3302.153076171875,270630912
1737460800,3302.284912109375,3327.794189453125,3266.9599609375,3289.519287109375,638574592
1737475200,3292.443603515625,3363.872314453125,3290.022705078125,3331.863525390625,0
1737489600,3332.19091796875,3345.79248046875,3303.75537109375,3327.2373046875,461060096
1737504000,3327.859130859375,3362.796142578125,3324.5869140625,3331.469482421875,0
1737518400,3330.704833984375,3338.719970703125,3288.81201171875,3289.038818359375,0
1737532800,3288.14599609375,3328.594970703125,3275.194091796875,3328.594970703125,146413568
1737547200,3325.30712890625,3328.318603515625,3271.427001953125,3283.4873046875,86032384
1737561600,3281.302734375,3287.724853515625,3243.45947265625,3261.328857421875,100063232
1737576000,3262.6787109375,3274.869140625,3223.966064453125,3239.29931640625,0
1737590400,3241.239501953125,3258.1884765625,3206.041259765625,3224.6591796875,482799616
1737604800,3224.864013671875,3229.660400390625,3186.244873046875,3229.660400390625,556419072
1737619200,3229.810546875,3230.1435546875,3189.101318359375,3211.36376953125,296292352
1737633600,3212.164306640625,3283.98779296875,3189.440673828125,3256.67919921875,3126540288
1737648000,3258.605712890625,3294.887939453125,3198.084716796875,3206.453369140625,1323083776
1737662400,3206.017578125,3343.199951171875,3200.11279296875,3337.489501953125,6706206720
1737676800,3342.16552734375,3347.663330078125,3277.6953125,3301.1953125,691113984
1737691200,3302.71728515625,3409.06884765625,3294.57373046875,3382.724365234375,2276960256
1737705600,3380.423095703125,3414.519287109375,3378.449462890625,3400.465087890625,891125760
1737720000,3399.71435546875,3420.9375,3361.817138671875,3384.489013671875,0
1737734400,3383.801513671875,3406.943359375,3367.821044921875,3369.271484375,101072896
1737748800,3369.148193359375,3378.302734375,3306.87109375,3309.711669921875,4130816
1737763200,3309.75537109375,3320.634033203125,3271.083251953125,3320.634033203125,0
1737777600,3318.178955078125,3318.178955078125,3284.798095703125,3290.080078125,0
1737792000,3289.37451171875,3308.8701171875,3274.053955078125,3308.843017578125,0
1737806400,3306.61083984375,3342.66650390625,3295.769775390625,3336.774169921875,0
1737820800,3335.7265625,3346.279052734375,3332.1669921875,3339.159423828125,0
1737835200,3339.159423828125,3348.99072265625,3316.064453125,3317.29150390625,12749824
1737849600,3317.262939453125,3346.35302734375,3315.00634765625,3337.23974609375,0
1737864000,3338.0390625,3359.15283203125,3332.358642578125,3338.01416015625,231531520
1737878400,3338.066650390625,3340.656005859375,3295.828369140625,3311.8408203125,413924352
1737892800,3311.765380859375,3319.21044921875,3298.48095703125,3314.6767578125,278262784
1737907200,3315.287109375,3342.896728515625,3309.808837890625,3338.1064453125,197105664
1737921600,3338.61328125,3341.154296875,3234.585693359375,3235.855224609375,2366772224
1737936000,3233.39111328125,3249.438232421875,3164.207763671875,3182.691162109375,5182308352
1737950400,3182.379150390625,3182.379150390625,3024.442138671875,3072.33935546875,6783180800
1737964800,3069.698974609375,3087.141845703125,3036.20947265625,3061.999755859375,3209062400
1737979200,3059.381103515625,3149.902587890625,3055.34619140625,3138.8154296875,5280573440
1737993600,3131.467041015625,3131.467041015625,3052.06298828125,3071.841796875,3168972800
1738008000,3073.366455078125,3230.340087890625,3073.366455078125,3179.0869140625,2836086784
1738022400,3181.684326171875,3215.80419921875,3153.4541015625,3203.2783203125,0
1738036800,3204.607666015625,3222.529052734375,3190.944580078125,3195.626708984375,36052992
1738051200,3196.1982421875,3204.92724609375,3180.593505859375,3187.5263671875,0
1738065600,3186.939453125,3211.329345703125,3159.3037109375,3175.475830078125,0
1738080000,3179.51416015625,3180.435791015625,3123.167724609375,3146.28857421875,0
1738094400,3146.8818359375,3152.52490234375,3045.9716796875,3076.380126953125,1134811136
1738108800,3075.771240234375,3130.300048828125,3075.771240234375,3129.4697265625,0
1738123200,3129.232666015625,3157.240478515625,3118.0498046875,3155.200927734375,442802176
1738137600,3155.942138671875,3161.49267578125,3120.936767578125,3132.537353515625,77060096
1738152000,3133.65087890625,3137.3330078125,3083.192626953125,3099.664306640625,418232320
1738166400,3099.355224609375,3146.87646484375,3055.181640625,3126.9697265625,2789865472
1738180800,3114.728759765625,3173.92529296875,3093.546142578125,3112.669677734375,1677086720
1738195200,3114.30322265625,3199.109619140625,3094.396728515625,3193.12890625,948609024
1738209600,3210.739013671875,3213.13232421875,3180.1142578125,3188.790771484375,821874688
1738224000,3190.35791015625,3227.974365234375,3182.677001953125,3223.195068359375,805480448
1738238400,3223.362548828125,3281.1376953125,3210.403564453125,3256.940185546875,1872947200
1738252800,3256.26611328125,3280.782470703125,3254.02490234375,3272.060791015625,305309696
1738267200,3271.7822265625,3273.147705078125,3232.14892578125,3247.780029296875,0
1738281600,3247.770263671875,3277.9951171875,3222.799560546875,3231.289306640625,2299904
1738296000,3230.860107421875,3273.5263671875,3214.935546875,3245.762451171875,386322432
1738310400,3243.3466796875,3337.038818359375,3234.87646484375,3337.038818359375,1844289536
1738324800,3335.1220703125,3423.795166015625,3327.512939453125,3423.795166015625,2477422592
1738339200,3426.99560546875,3435.519775390625,3301.53125,3340.9990234375,5040144384
1738353600,3341.20751953125,3341.20751953125,3282.2939453125,3298.822265625,1839968256
1738368000,3298.918701171875,3328.138916015625,3285.083984375,3290.14306640625,627482624
1738382400,3291.385009765625,3305.66357421875,3275.819580078125,3280.580322265625,263411712
1738396800,3279.709716796875,3284.30126953125,3227.777587890625,3250.20947265625,350873600
1738411200,3250.783935546875,3270.186279296875,3230.44970703125,3250.599609375,0
1738425600,3250.8037109375,3265.619873046875,3182.6298828125,3195.618896484375,0
1738440000,3196.152587890625,3196.152587890625,3105.701171875,3118.611572265625,911708160
1738454400,3117.576171875,3160.310546875,3072.709228515625,3074.2314453125,2392231936
1738468800,3074.092529296875,3136.565673828125,3074.092529296875,3100.3671875,1668448256
1738483200,3100.55810546875,3121.9033203125,3054.32568359375,3069.345458984375,795404288
1738497600,3063.5224609375,3099.919921875,3052.56787109375,3081.52294921875,2246916096
1738512000,3080.171875,3080.171875,2897.141845703125,2958.89599609375,10104303616
1738526400,2956.855224609375,2983.73486328125,2781.59814453125,2868.07861328125,6647447552
1738540800,2869.293212890625,2869.293212890625,2196.839599609375,2527.43798828125,31643574272
1738555200,2528.29345703125,2631.301513671875,2453.37255859375,2631.301513671875,7062437888
1738569600,2625.196533203125,2625.196533203125,2531.927734375,2585.974853515625,5560786944
1738584000,2589.135498046875,2726.41552734375,2535.802734375,2710.24609375,10783260672
1738598400,2707.955322265625,2770.942138671875,2675.4423828125,2766.3857421875,1051189248
1738612800,2767.713134765625,2913.639892578125,2704.953125,2884.052490234375,2113585152
1738627200,2883.215087890625,2886.300048828125,2797.790283203125,2812.37451171875,0
1738641600,2813.1240234375,2836.548583984375,2671.72802734375,2707.026611328125,1284792320
1738656000,2704.445556640625,2786.6259765625,2680.476806640625,2763.005126953125,837009408
1738670400,2759.99951171875,2840.910888671875,2737.08056640625,2779.180419921875,0
1738684800,2778.962890625,2869.37060546875,2773.21435546875,2789.788818359375,791277568
1738699200,2780.955078125,2792.06884765625,2639.946044921875,2735.225830078125,4236943360
1738713600,2732.001220703125,2762.61083984375,2701.242919921875,2722.068603515625,1009381376
1738728000,2721.220703125,2784.705078125,2713.76953125,2762.114013671875,0
1738742400,2760.6201171875,2816.573974609375,2748.8017578125,2801.071044921875,839761920
1738756800,2800.5791015625,2822.673828125,2761.2275390625,2773.359130859375,45203456
1738771200,2774.068603515625,2780.623779296875,2717.794677734375,2775.60498046875,988364800
1738785600,2775.19580078125,2798.806884765625,2746.459228515625,2787.65869140625,0
1738800000,2788.2939453125,2818.88720703125,2757.670654296875,2804.956298828125,1227493376
1738814400,2807.504638671875,2854.79736328125,2807.110107421875,2832.678466796875,616478720
1738828800,2832.668212890625,2856.071533203125,2796.362060546875,2806.555419921875,313292800
1738843200,2807.03955078125,2807.9013671875,2694.003173828125,2701.268798828125,3798638592
1738857600,2704.981689453125,2723.6201171875,2684.197998046875,2695.257568359375,2629087232
1738872000,2691.548095703125,2722.400390625,2668.914306640625,2688.8974609375,852451328
1738886400,2688.057373046875,2737.099365234375,2680.873779296875,2715.021240234375,1242349568
1738900800,2718.792724609375,2728.98486328125,2670.32177734375,2715.343994140625,1801537536
1738915200,2713.953857421875,2761.061767578125,2708.7529296875,2761.061767578125,1036103680
1738929600,2764.221435546875,2797.16650390625,2716.87060546875,2719.102294921875,1342414848
1738944000,2718.418212890625,2720.68798828125,2659.990234375,2659.990234375,1763874816
1738958400,2659.49755859375,2659.49755859375,2568.7958984375,2623.001953125,3631235072
1738972800,2619.1474609375,2665.206298828125,2618.192138671875,2644.11083984375,1141086208
1738987200,2642.977294921875,2648.603515625,2599.567138671875,2631.958984375,1883217920
1739001600,2632.099609375,2632.099609375,2603.40380859375,2615.462890625,56659968
1739016000,2613.509765625,2634.988037109375,2594.311767578125,2602.71044921875,910870528
1739030400,2604.40966796875,2648.304443359375,2592.05810546875,2639.841796875,69517312
1739044800,2637.83544921875,2645.409912109375,2627.203857421875,2632.578125,182889472
1739059200,2632.9375,2682.402099609375,2628.8056640625,2677.947265625,241977344
1739073600,2675.36669921875,2675.36669921875,2652.2197265625,2662.465576171875,1288117248
1739088000,2662.9111328125,2672.94580078125,2653.434326171875,2657.905029296875,504244224
1739102400,2655.50146484375,2661.4970703125,2614.0751953125,2652.917724609375,580564992
1739116800,2654.430419921875,2664.111083984375,2620.07666015625,2624.361083984375,279871488
1739131200,2625.397705078125,2647.999755859375,2532.63916015625,2628.650146484375,5015331840
1739145600,2628.010986328125,2656.81689453125,2564.3056640625,2626.32666015625,4023066624
1739160000,2626.199462890625,2656.890869140625,2620.26220703125,2638.304931640625,1775437824
1739174400,2638.738037109375,2659.640380859375,2636.2392578125,2655.402587890625,1263882240
1739188800,2655.312744140625,2682.77294921875,2636.773193359375,2657.593994140625,2273808384
1739203200,2659.04052734375,2692.80859375,2652.651123046875,2673.022705078125,2163431424
1739217600,2672.931396484375,2685.490966796875,2653.66455078125,2661.315673828125,0
1739232000,2661.48681640625,2719.76416015625,2661.48681640625,2679.02294921875,270499840
1739246400,2679.058837890625,2724.15234375,2678.156494140625,2712.72021484375,1422140416
1739260800,2712.81396484375,2720.23974609375,2694.030029296875,2708.06640625,1300364288
1739275200,2709.22021484375,2709.22021484375,2631.824462890625,2663.4814453125,2359038976
1739289600,2662.557373046875,2668.377685546875,2584.766357421875,2592.969970703125,1800078336
1739304000,2590.587890625,2630.630126953125,2574.262451171875,2602.828125,2962653184
1739318400,2602.628662109375,2619.908203125,2575.698486328125,2588.034423828125,951629824
1739332800,2586.841552734375,2621.91748046875,2580.7109375,2619.21875,1369235456
1739347200,2619.070556640625,2637.75048828125,2612.925048828125,2625.899169921875,109197312
1739361600,2626.689453125,2663.2939453125,2555.392333984375,2607.48095703125,5175076864
1739376000,2606.715576171875,2679.7001953125,2585.593505859375,2676.931884765625,1556971520
1739390400,2677.491943359375,2789.868408203125,2671.06884765625,2736.9072265625,3008790528
1739404800,2737.789306640625,2756.31591796875,2717.63671875,2743.51171875,1531777024
1739419200,2744.0654296875,2744.167724609375,2675.532958984375,2680.43701171875,1407653888
1739433600,2681.68115234375,2686.46044921875,2653.025634765625,2654.810791015625,108126208
1739448000,2655.808837890625,2671.57666015625,2627.10546875,2648.968994140625,0
1739462400,2648.84375,2659.73291015625,2616.2978515625,2642.16650390625,1785667584
1739476800,2641.184326171875,2678.79296875,2641.184326171875,2675.939453125,288987136
1739491200,2676.2041015625,2719.8486328125,2667.04736328125,2714.94775390625,199589888
1739505600,2714.1796875,2715.156982421875,2690.9755859375,2700.7158203125,592306176
1739520000,2700.3984375,2716.009033203125,2683.822509765625,2686.55712890625,687338496
1739534400,2686.152587890625,2743.82177734375,2680.5068359375,2735.336181640625,1144897536
1739548800,2733.71923828125,2789.793701171875,2713.8134765625,2737.73974609375,1855036416
1739563200,2738.306396484375,2749.631591796875,2708.290771484375,2726.07470703125,2065806336
1739577600,2725.70361328125,2738.010986328125,2707.360107421875,2725.384765625,838590464
1739592000,2725.512451171875,2732.7216796875,2695.356201171875,2699.7099609375,0
1739606400,2699.3525390625,2714.605712890625,2697.259033203125,2708.280517578125,935245824
1739620800,2708.820556640625,2713.474609375,2679.798095703125,2689.625244140625,21909504
1739635200,2689.129638671875,2705.299560546875,2681.63671875,2692.5634765625,0
1739649600,2692.2685546875,2704.096435546875,2681.117431640625,2693.5625,4200374272
1739664000,2693.524658203125,2704.64453125,2689.2900390625,2698.103515625,0
1739678400,2698.673828125,2719.5732421875,2691.81982421875,2693.727294921875,841060352
1739692800,2694.574462890625,2711.7373046875,2691.64208984375,2711.7373046875,1549210624
1739707200,2712.0263671875,2712.27392578125,2681.277099609375,2696.601806640625,461923328
1739721600,2694.654296875,2701.251953125,2666.7333984375,2683.902099609375,1551235584
1739736000,2684.09912109375,2686.8681640625,2657.0546875,2663.2294921875,1804782592
1739750400,2661.150634765625,2681.702880859375,2661.150634765625,2672.67529296875,1795779584
1739764800,2671.066162109375,2693.27783203125,2645.817138671875,2685.01171875,1547475968
1739779200,2682.8125,2771.69384765625,2677.927978515625,2753.763427734375,3264911360
1739793600,2754.65380859375,2848.487548828125,2750.3525390625,2750.3525390625,3986027520
1739808000,2756.450927734375,2762.32861328125,2689.62255859375,2718.914306640625,5677412352
1739822400,2718.939208984375,2771.792236328125,2718.162109375,2743.113525390625,1306822656
1739836800,2743.781494140625,2753.9951171875,2710.76171875,2711.736328125,1381353472
1739851200,2711.726318359375,2716.67578125,2656.029052734375,2672.475341796875,2364246016
1739865600,2672.111328125,2702.90380859375,2656.580078125,2679.52880859375,582336512
1739880000,2679.1962890625,2726.945068359375,2664.685302734375,2673.092529296875,94742528
1739894400,2673.122314453125,2680.76171875,2608.884521484375,2634.650146484375,0
1739908800,2627.535400390625,2670.6376953125,2619.592041015625,2669.21337890625,2228736000
1739923200,2669.90087890625,2697.389404296875,2657.042724609375,2692.435791015625,922810368
1739937600,2693.3876953125,2714.658447265625,2667.23193359375,2708.30419921875,525539328
1739952000,2707.99267578125,2735.915771484375,2706.09326171875,2725.419677734375,1268246528
1739966400,2726.411376953125,2729.49609375,2682.318603515625,2696.075927734375,371884032
1739980800,2696.071044921875,2721.936279296875,2696.071044921875,2709.885986328125,410455040
1739995200,2711.411376953125,2729.082275390625,2708.51708984375,2715.6826171875,1080229888
1740009600,2715.04345703125,2748.85791015625,2710.93017578125,2743.634765625,1225490432
1740024000,2742.626220703125,2755.634765625,2723.66748046875,2733.33056640625,184832000
1740038400,2730.854248046875,2745.907958984375,2725.8896484375,2741.226318359375,473564160
1740052800,2741.185546875,2767.604736328125,2712.79052734375,2714.878662109375,1040919552
1740067200,2714.306396484375,2765.7578125,2710.762451171875,2749.354248046875,1854945280
1740081600,2749.054931640625,2761.619384765625,2725.208251953125,2740.022216796875,1079133184
1740096000,2739.468017578125,2749.404541015625,2728.267578125,2743.90576171875,1238431744
1740110400,2744.447509765625,2769.7978515625,2744.447509765625,2757.138427734375,1127922688
1740124800,2756.35009765625,2823.851806640625,2751.03759765625,2792.105224609375,2235084800
1740139200,2790.222412109375,2841.222900390625,2699.930908203125,2718.0400390625,5534492672
1740153600,2723.18603515625,2768.703857421875,2625.882568359375,2640.0390625,7174232064
1740168000,2639.48779296875,2660.881591796875,2617.484375,2658.65625,3000360960
1740182400,2660.6904296875,2686.624267578125,2654.13623046875,2673.81787109375,1559552000
1740196800,2675.1435546875,2694.8818359375,2674.250244140625,2685.24365234375,253562880
1740211200,2685.33349609375,2748.55029296875,2678.2587890625,2733.94384765625,1553221632
1740225600,2733.673095703125,2779.745361328125,2723.516357421875,2779.201416015625,141899776
1740240000,2776.138916015625,2794.582275390625,2758.534912109375,2769.68359375,0
1740254400,2769.84521484375,2775.772216796875,2761.18115234375,2764.031005859375,714321920
1740268800,2763.990234375,2774.831298828125,2747.611328125,2752.555908203125,211364864
1740283200,2752.687255859375,2829.803955078125,2748.000732421875,2827.199951171875,3292364800
1740297600,2826.368896484375,2830.70849609375,2790.851318359375,2796.938720703125,227972096
1740312000,2798.94091796875,2819.643798828125,2776.640625,2783.119384765625,1896233984
1740326400,2783.38037109375,2823.514404296875,2783.38037109375,2807.807861328125,1598398464
1740340800,2808.1943359375,2838.651123046875,2788.400146484375,2823.67724609375,2305210368
1740355200,2819.836669921875,2838.246337890625,2717.239990234375,2721.033447265625,2025783296
1740369600,2719.396484375,2734.63427734375,2696.718505859375,2724.1796875,2905946112
1740384000,2722.689697265625,2722.792236328125,2667.207763671875,2689.811279296875,504219648
1740398400,2689.908935546875,2695.042724609375,2639.913818359375,2656.8583984375,2268428288
1740412800,2658.658203125,2680.544677734375,2625.444091796875,2639.0068359375,1220044800
1740427200,2641.98876953125,2661.954833984375,2490.902099609375,2509.78369140625,3413262336
1740441600,2513.98974609375,2528.77783203125,2467.680419921875,2499.940185546875,3619368960
1740456000,2494.39453125,2510.0478515625,2335.22509765625,2370.6474609375,5691969536
1740470400,2370.068603515625,2436.27783203125,2359.916748046875,2433.818115234375,3817193472
1740484800,2430.59228515625,2444.4248046875,2363.445556640625,2409.796630859375,2246066176
1740499200,2410.42333984375,2469.244873046875,2384.66259765625,2469.244873046875,1798254592
1740513600,2468.35107421875,2529.016357421875,2456.604736328125,2493.381591796875,1976180736
1740528000,2492.661376953125,2501.72119140625,2471.173095703125,2487.963623046875,966582272
1740542400,2488.93017578125,2501.006591796875,2473.6884765625,2483.80419921875,456026112
1740556800,2482.266845703125,2493.3564453125,2458.59912109375,2463.705322265625,67452928
1740571200,2463.039306640625,2463.494140625,2370.431396484375,2425.753662109375,127137792
1740585600,2426.072021484375,2428.357666015625,2279.65673828125,2293.515380859375,4209752064
1740600000,2293.345458984375,2377.204345703125,2259.767333984375,2331.51025390625,2842540032
1740614400,2332.532470703125,2364.8291015625,2316.406005859375,2332.2900390625,1939306496
1740628800,2329.899169921875,2366.92529296875,2303.400390625,2356.70654296875,1047326720
1740643200,2354.98291015625,2375.915771484375,2344.286865234375,2349.726806640625,558675968
1740657600,2351.3662109375,2358.822265625,2293.45751953125,2326.166748046875,0
1740672000,2322.8916015625,2332.613525390625,2280.916259765625,2292.25732421875,1404760064
1740686400,2287.191650390625,2307.35498046875,2230.63134765625,2305.56005859375,357767168
1740700800,2304.91748046875,2308.176513671875,2135.895751953125,2139.77197265625,5859651584
1740715200,2143.7412109375,2151.6640625,2088.046630859375,2102.574951171875,3658264576
1740729600,2103.58642578125,2146.624267578125,2076.649169921875,2123.443115234375,2949804032
1740744000,2122.89990234375,2222.456787109375,2106.29541015625,2220.290283203125,4048162816
1740758400,2222.000244140625,2242.467529296875,2194.584716796875,2227.52001953125,1842147328
1740772800,2229.48486328125,2236.44287109375,2199.80615234375,2235.89501953125,477323264
1740787200,2235.130859375,2270.52978515625,2213.87353515625,2261.569580078125,0
1740801600,2260.912353515625,2278.7705078125,2224.6494140625,2227.17041015625,0
1740816000,2229.380615234375,2238.105224609375,2173.767578125,2182.69384765625,972810240
1740830400,2183.0712890625,2184.519287109375,2144.97314453125,2176.623291015625,0
1740844800,2173.1220703125,2229.33349609375,2169.13818359375,2222.6435546875,0
1740859200,2222.100830078125,2231.778564453125,2193.345947265625,2216.521728515625,859943936
1740873600,2215.595458984375,2227.251708984375,2202.381103515625,2220.705322265625,1546286080
1740888000,2219.189453125,2234.038330078125,2218.397705078125,2221.304443359375,0
1740902400,2221.015380859375,2254.354248046875,2208.545654296875,2238.63525390625,728027136
1740916800,2238.59130859375,2279.52294921875,2179.590087890625,2232.3076171875,3465107456
1740931200,2228.857666015625,2504.07763671875,2217.012451171875,2486.79248046875,13939181568
1740945600,2487.316650390625,2544.376953125,2484.34423828125,2519.017578125,4301742080
1740960000,2519.08447265625,2521.20751953125,2420.994140625,2440.480712890625,2260054016
1740974400,2439.88134765625,2453.5625,2354.40185546875,2387.508544921875,1901600768
1740988800,2387.6650390625,2387.6650390625,2324.7724609375,2355.607177734375,1520693248
1741003200,2355.574462890625,2385.646484375,2272.41845703125,2286.753662109375,2055892992
1741017600,2286.201904296875,2294.401611328125,2112.03466796875,2112.03466796875,370300928
1741032000,2108.69580078125,2169.6015625,2097.75048828125,2145.65283203125,3502727168
1741046400,2139.747314453125,2163.515625,2013.0673828125,2076.01220703125,3398410240
1741060800,2074.425048828125,2110.371337890625,2072.41455078125,2077.58837890625,2044137472
1741075200,2078.4189453125,2113.02587890625,2072.52734375,2102.2685546875,707055616
1741089600,2099.935546875,2141.072509765625,2032.3280029296875,2071.37548828125,2415958016
1741104000,2072.57763671875,2173.386474609375,1996.767578125,2170.833251953125,752726016
1741118400,2171.5537109375,2220.34423828125,2127.52978515625,2169.98681640625,1480992768
1741132800,2168.254638671875,2189.728271484375,2156.361083984375,2168.435546875,1643806720
1741147200,2162.755615234375,2211.053466796875,2159.454833984375,2209.04052734375,0
1741161600,2207.066650390625,2268.878173828125,2205.400146484375,2215.678466796875,2178457600
1741176000,2220.57275390625,2228.752197265625,2169.842529296875,2188.157470703125,1286658048
1741190400,2185.8505859375,2221.445068359375,2163.755126953125,2220.468505859375,0
1741204800,2218.0107421875,2248.80126953125,2216.633544921875,2241.906494140625,740519936
1741219200,2241.90478515625,2292.8701171875,2236.36669921875,2290.0126953125,911441920
1741233600,2290.036865234375,2318.5009765625,2279.77978515625,2285.432373046875,1090011136
1741248000,2284.9140625,2304.086181640625,2280.952880859375,2295.6484375,344764416
1741262400,2296.754638671875,2297.759765625,2211.22705078125,2255.76953125,1109594112
1741276800,2256.951171875,2263.832275390625,2181.09521484375,2200.4736328125,899452928
1741291200,2198.234619140625,2226.604736328125,2194.067626953125,2202.498291015625,1201682432
1741305600,2202.29736328125,2225.306396484375,2112.60009765625,2149.305908203125,3049259008
1741320000,2147.788330078125,2191.20947265625,2147.009765625,2190.81396484375,578899968
1741334400,2190.825927734375,2209.439208984375,2178.900146484375,2196.357421875,1486870528
1741348800,2196.60546875,2248.88232421875,2167.4111328125,2207.771484375,1793126400
1741363200,2208.80712890625,2212.494140625,2144.427001953125,2175.00390625,724746240
1741377600,2176.445068359375,2185.19189453125,2118.625732421875,2139.7978515625,2442545152
1741392000,2139.326171875,2154.482421875,2107.72802734375,2139.038330078125,375658496
1741406400,2136.96728515625,2151.103515625,2132.191650390625,2137.44921875,666279936
1741420800,2137.39697265625,2142.0751953125,2126.989990234375,2139.555419921875,609030144
1741435200,2140.759521484375,2193.254150390625,2137.808349609375,2180.4423828125,37732352
1741449600,2180.768798828125,2229.69091796875,2162.4482421875,2225.10986328125,32256000
1741464000,2224.59326171875,2224.59326171875,2194.18798828125,2201.708740234375,134519808
1741478400,2202.77978515625,2210.256103515625,2176.722412109375,2186.5087890625,129792000
1741492800,2185.255859375,2194.273193359375,2173.55224609375,2184.419189453125,53526528
1741507200,2183.765625,2185.9501953125,2129.95703125,2146.727783203125,648458240
1741521600,2146.31005859375,2146.31005859375,2091.130859375,2096.125244140625,751842304
1741536000,2096.533447265625,2105.68896484375,2007.8902587890625,2041.991455078125,3640312832
1741550400,2039.637939453125,2052.925537109375,1993.064697265625,2015.430419921875,2036395008
1741564800,2021.59912109375,2067.194091796875,1998.690185546875,2057.99951171875,4293312512
1741579200,2057.427978515625,2077.46044921875,2054.855712890625,2074.54541015625,1276565504
1741593600,2074.632568359375,2143.77099609375,2049.471435546875,2136.038330078125,3406673920
1741608000,2128.19287109375,2135.537841796875,1998.94775390625,2022.4537353515625,3281625088
1741622400,2018.2347412109375,2021.51025390625,1820.510498046875,1861.04296875,5913722880
1741636800,1868.90625,1898.180419921875,1848.445556640625,1859.7777099609375,2237771776
1741651200,1863.769775390625,1886.4422607421875,1767.5472412109375,1847.43994140625,3486265344
1741665600,1848.8380126953125,1908.883056640625,1847.497314453125,1906.605224609375,1783275520
1741680000,1905.38134765625,1926.317138671875,1900.75,1912.962158203125,1623617536
1741694400,1914.9735107421875,1944.1060791015625,1842.5186767578125,1914.357177734375,2883493888
1741708800,1913.5079345703125,1960.05224609375,1889.0032958984375,1949.9547119140625,685772800
1741723200,1951.9951171875,1952.4217529296875,1917.3358154296875,1919.664794921875,746045440
1741737600,1921.8031005859375,1930.999755859375,1870.560791015625,1870.560791015625,0
1741752000,1861.68701171875,1914.7978515625,1855.04443359375,1912.401123046875,2028331008
1741766400,1914.2554931640625,1951.6920166015625,1879.1268310546875,1918.0611572265625,1673129984
1741780800,1916.6890869140625,1940.037109375,1838.673828125,1868.3587646484375,7630848
1741795200,1869.121337890625,1892.2745361328125,1865.181884765625,1883.27783203125,585740288
1741809600,1879.4278564453125,1913.7843017578125,1875.6783447265625,1909.015380859375,1565882368
1741824000,1908.09375,1914.83056640625,1884.4736328125,1887.01806640625,108640256
1741838400,1887.09033203125,1890.248779296875,1860.6298828125,1873.5802001953125,1022689280
1741852800,1872.0062255859375,1902.566650390625,1856.5826416015625,1896.4769287109375,860307456
1741867200,1899.033203125,1909.332763671875,1865.5784912109375,1873.1705322265625,0
1741881600,1874.7418212890625,1877.10693359375,1823.525390625,1854.43359375,911749120
1741896000,1850.8492431640625,1879.756591796875,1840.139404296875,1861.781494140625,528578560
1741910400,1863.47705078125,1893.44287109375,1861.960693359375,1887.5855712890625,343613440
1741924800,1888.342041015625,1903.489990234375,1888.2901611328125,1894.7764892578125,0
1741939200,1892.8460693359375,1907.8082275390625,1890.0992431640625,1903.677001953125,0
1741953600,1901.923828125,1939.96923828125,1890.00830078125,1920.997802734375,455164928
1741968000,1923.2958984375,1943.25537109375,1915.013671875,1936.3038330078125,0
1741982400,1935.4893798828125,1935.4893798828125,1909.528076171875,1909.528076171875,51598336
1741996800,1910.859619140625,1921.6727294921875,1905.61572265625,1920.606689453125,20381696
1742011200,1920.7198486328125,1933.10888671875,1915.052734375,1918.2076416015625,114280448
1742025600,1917.8233642578125,1931.8701171875,1914.7486572265625,1931.1475830078125,55152640
1742040000,1929.651123046875,1938.5487060546875,1923.878173828125,1936.9449462890625,0
1742054400,1937.4708251953125,1945.3779296875,1929.7486572265625,1937.072265625,0
1742068800,1937.0599365234375,1954.0245361328125,1937.0599365234375,1937.384765625,5971968
1742083200,1937.044921875,1940.0802001953125,1918.2432861328125,1927.9346923828125,100628992
1742097600,1927.0086669921875,1933.0716552734375,1922.6314697265625,1925.761962890625,34477568
1742112000,1926.0565185546875,1926.88037109375,1869.4415283203125,1873.98681640625,768452608
1742126400,1873.944091796875,1897.566650390625,1873.944091796875,1895.800048828125,841351680
1742140800,1894.53857421875,1915.509521484375,1869.0255126953125,1879.9219970703125,1158380544
1742155200,1880.30810546875,1896.9593505859375,1872.3795166015625,1887.44921875,424937472
1742169600,1887.0491943359375,1913.964111328125,1887.0491943359375,1910.3367919921875,540125184
1742184000,1908.7174072265625,1912.02001953125,1881.25,1900.798583984375,366277632
1742198400,1900.7537841796875,1916.285888671875,1893.4180908203125,1911.30322265625,442376192
1742212800,1918.752685546875,1922.57568359375,1889.5740966796875,1919.0780029296875,1025639424
1742227200,1918.490478515625,1951.5665283203125,1908.519287109375,1941.7750244140625,421059584
1742241600,1942.2423095703125,1944.1014404296875,1923.4427490234375,1927.0057373046875,262388736
1742256000,1927.1063232421875,1929.2708740234375,1899.37646484375,1900.9249267578125,171662336
1742270400,1900.9241943359375,1910.2764892578125,1894.8480224609375,1904.988525390625,616974336
1742284800,1904.9437255859375,1911.742919921875,1889.0823974609375,1892.7218017578125,899564544
1742299200,1891.546875,1900.013916015625,1874.8125,1879.7637939453125,546928640
1742313600,1880.6964111328125,1907.5687255859375,1874.1871337890625,1906.9052734375,99640320
1742328000,1904.3193359375,1933.192138671875,1899.153076171875,1932.5445556640625,481740800
1742342400,1929.8123779296875,1947.523681640625,1928.531982421875,1938.3677978515625,501300224
1742356800,1939.1337890625,1941.9720458984375,1930.482421875,1931.52978515625,360041472
1742371200,1932.7730712890625,2031.1802978515625,1932.5697021484375,2028.9769287109375,3046003712
1742385600,2028.1365966796875,2055.036865234375,1996.7747802734375,2050.14013671875,1888189440
1742400000,2049.02783203125,2049.82080078125,2008.326904296875,2028.4315185546875,3944515584
1742414400,2030.75927734375,2066.9306640625,2030.1009521484375,2057.951171875,1525970944
1742428800,2057.493896484375,2066.925537109375,2021.818359375,2023.1563720703125,824283136
1742443200,2023.291259765625,2025.0791015625,2007.4267578125,2009.0245361328125,1945102336
1742457600,2008.54443359375,2021.2584228515625,1973.88427734375,1990.266357421875,108023808
1742472000,1987.8353271484375,2008.12548828125,1968.3712158203125,1972.047119140625,77454336
1742486400,1974.5260009765625,1977.684326171875,1953.1058349609375,1975.827392578125,29264896
1742500800,1973.89892578125,1983.685302734375,1970.846435546875,1981.85302734375,4958208
1742515200,1982.3914794921875,1994.7198486328125,1973.8543701171875,1977.074951171875,38378496
1742529600,1977.5115966796875,1988.768798828125,1966.6917724609375,1975.4700927734375,0
1742544000,1975.7425537109375,1980.6448974609375,1957.3538818359375,1965.3341064453125,0
1742558400,1966.1658935546875,1971.8074951171875,1938.2490234375,1950.6268310546875,339578880
1742572800,1949.8087158203125,1975.820556640625,1946.3052978515625,1973.5206298828125,56249344
1742587200,1973.47705078125,1980.7861328125,1962.529296875,1964.387939453125,82158592
1742601600,1964.578369140625,1986.10302734375,1964.578369140625,1985.7823486328125,89113600
1742616000,1985.4129638671875,1991.2271728515625,1984.0716552734375,1984.2001953125,0
1742630400,1984.046142578125,2004.560302734375,1982.2825927734375,1989.26025390625,25351168
1742644800,1989.5439453125,1996.9034423828125,1982.085693359375,1986.705078125,0
1742659200,1985.172119140625,1998.1995849609375,1982.8260498046875,1994.803955078125,0
1742673600,1995.482177734375,2003.468994140625,1975.709228515625,1979.983642578125,107445248
1742688000,1980.1805419921875,2007.5211181640625,1977.9410400390625,2006.716552734375,46035456
1742702400,2007.800048828125,2013.9688720703125,1992.49658203125,2010.6197509765625,825976832
1742716800,2008.0054931640625,2018.9287109375,2003.2894287109375,2007.0262451171875,314201600
1742731200,2009.0889892578125,2019.5556640625,2004.383544921875,2007.3048095703125,293607424
1742745600,2006.99658203125,2006.99658203125,1989.17041015625,1996.468017578125,999676928
1742760000,1996.2763671875,2005.7183837890625,1982.103759765625,2005.7183837890625,526107136
1742774400,2006.02490234375,2018.760986328125,1979.1796875,2013.631591796875,1407122432
1742788800,2014.6610107421875,2076.02294921875,2014.6610107421875,2068.535888671875,1553126400
1742803200,2069.5263671875,2101.052978515625,2069.5263671875,2092.27880859375,1390143488
1742817600,2092.8916015625,2100.51220703125,2074.396484375,2090.2646484375,1667330048
1742832000,2089.742919921875,2099.813232421875,2069.81787109375,2091.0859375,1084877824
1742846400,2090.6611328125,2095.000732421875,2070.386962890625,2076.4306640625,176107520
1742860800,2081.81103515625,2095.23193359375,2043.77001953125,2044.25830078125,235640832
1742875200,2044.203125,2065.947998046875,2039.470703125,2055.0458984375,105223168
1742889600,2055.588134765625,2075.0859375,2054.57275390625,2070.163330078125,0
1742904000,2069.909912109375,2079.969970703125,2055.904296875,2069.257568359375,0
1742918400,2068.078369140625,2083.7958984375,2058.833740234375,2078.436767578125,89238528
1742932800,2077.031005859375,2081.5546875,2055.771484375,2068.474365234375,195914752
1742947200,2067.138427734375,2078.20263671875,2044.7244873046875,2050.989013671875,0
1742961600,2049.2783203125,2071.27783203125,2049.2783203125,2070.28369140625,139283456
1742976000,2070.01806640625,2075.416748046875,2058.96484375,2069.751220703125,92176384
1742990400,2069.432373046875,2069.955810546875,2008.9876708984375,2012.837890625,931367936
1743004800,2013.04150390625,2021.4490966796875,1982.412353515625,2004.2236328125,1036974080
1743019200,2000.670654296875,2016.672607421875,1996.007568359375,2008.9405517578125,258337792
1743033600,2010.739013671875,2037.230712890625,2007.2093505859375,2031.2738037109375,161575936
1743048000,2031.374267578125,2031.374267578125,2022.5255126953125,2027.4027099609375,0
1743062400,2027.4512939453125,2035.5673828125,2013.208740234375,2016.658935546875,124735488
1743076800,2015.1422119140625,2025.3089599609375,1990.0655517578125,2005.4505615234375,296258560
1743091200,2005.2049560546875,2014.1085205078125,1995.7171630859375,2005.76611328125,0
1743105600,2003.55859375,2018.6326904296875,2000.2354736328125,2002.1781005859375,56662016
1743120000,2002.64697265625,2015.0362548828125,1993.496337890625,2000.6185302734375,391340032
1743134400,1999.9427490234375,2003.7071533203125,1905.399658203125,1908.2969970703125,3770561536
1743148800,1908.5853271484375,1920.730224609375,1883.0787353515625,1898.262451171875,1744873472
1743163200,1900.1610107421875,1900.5372314453125,1872.6163330078125,1872.6163330078125,897479680
1743177600,1871.8482666015625,1885.4232177734375,1863.679443359375,1874.64892578125,466989056
1743192000,1872.98681640625,1900.5230712890625,1872.98681640625,1895.3804931640625,147083264
1743206400,1895.8636474609375,1911.3280029296875,1887.1851806640625,1900.0423583984375,451571712
1743220800,1899.5367431640625,1902.737548828125,1876.3201904296875,1879.923583984375,0
1743235200,1879.872802734375,1885.249267578125,1834.2762451171875,1841.623291015625,0
1743249600,1843.34619140625,1861.5362548828125,1834.5792236328125,1837.251220703125,0
1743264000,1838.1285400390625,1845.945556640625,1799.8743896484375,1826.64599609375,1082782720
1743278400,1824.6724853515625,1829.0985107421875,1812.958251953125,1827.31103515625,128827392
1743292800,1827.2445068359375,1843.547119140625,1812.9879150390625,1832.85986328125,127796224
1743307200,1833.8902587890625,1845.308837890625,1833.4581298828125,1836.6202392578125,0
1743321600,1837.337890625,1847.4075927734375,1828.3837890625,1832.8017578125,0
1743336000,1833.2457275390625,1837.9215087890625,1804.56298828125,1812.5687255859375,636427264
1743350400,1812.89306640625,1831.9495849609375,1788.9970703125,1813.9793701171875,74487808
1743364800,1814.1510009765625,1820.8411865234375,1773.1949462890625,1806.3165283203125,1132252160
1743379200,1806.7073974609375,1819.7523193359375,1779.771728515625,1798.2313232421875,1458771968
1743393600,1798.0087890625,1812.2706298828125,1790.61328125,1796.2152099609375,840752128
1743408000,1797.7490234375,1817.5166015625,1779.4163818359375,1812.285400390625,1467804672
1743422400,1813.366455078125,1850.6138916015625,1801.38818359375,1844.9891357421875,2664660992
1743436800,1842.35009765625,1846.4561767578125,1819.30224609375,1830.7005615234375,171900928
1743451200,1827.460205078125,1833.804443359375,1817.4935302734375,1823.5623779296875,395824128
1743465600,1822.343017578125,1840.5362548828125,1820.49169921875,1833.6168212890625,128379904
1743480000,1834.532958984375,1863.3646240234375,1832.4520263671875,1853.95751953125,217352192
1743494400,1855.140625,1889.4144287109375,1855.140625,1862.2998046875,494130176
1743508800,1862.4036865234375,1926.302978515625,1845.3978271484375,1920.4659423828125,1196678144
1743523200,1919.15380859375,1922.4732666015625,1902.4136962890625,1907.885498046875,340572160
1743537600,1910.3082275390625,1920.94775390625,1899.353271484375,1905.484619140625,513117184
1743552000,1905.3194580078125,1907.402587890625,1873.7200927734375,1875.836669921875,221467648
1743566400,1876.040771484375,1882.2723388671875,1852.231689453125,1865.9197998046875,472629248
1743580800,1863.7452392578125,1886.9144287109375,1862.937255859375,1868.2921142578125,186665984
1743595200,1868.4327392578125,1913.812255859375,1855.6441650390625,1901.4351806640625,887293952
1743609600,1900.20458984375,1915.7894287109375,1883.3106689453125,1913.3050537109375,932129792
1743624000,1912.7919921875,1950.0618896484375,1783.89794921875,1794.97607421875,7039657984
1743638400,1794.8779296875,1833.765380859375,1790.253662109375,1824.064697265625,1165547520
1743652800,1823.9349365234375,1843.0086669921875,1808.63818359375,1816.290771484375,635453440
1743667200,1817.206298828125,1823.2044677734375,1788.0814208984375,1793.8359375,939438080
1743681600,1794.522705078125,1799.573486328125,1754.186767578125,1781.6810302734375,1930192896
1743696000,1781.6923828125,1796.5537109375,1768.390380859375,1787.38525390625,124895232
1743710400,1784.6884765625,1819.6976318359375,1780.5301513671875,1815.60986328125,32520192
1743724800,1816.4149169921875,1821.63037109375,1774.10009765625,1792.243408203125,352674816
1743739200,1792.4703369140625,1819.7464599609375,1784.6845703125,1817.1910400390625,104720384
1743753600,1817.362060546875,1833.739990234375,1762.1531982421875,1783.0810546875,1069645824
1743768000,1783.483642578125,1818.2244873046875,1772.5814208984375,1794.3846435546875,927602688
1743782400,1798.6123046875,1827.1136474609375,1785.022705078125,1810.3594970703125,1390969856
1743796800,1810.2271728515625,1826.010498046875,1807.4188232421875,1815.344970703125,148455424
1743811200,1815.44921875,1826.0972900390625,1809.5008544921875,1810.09912109375,0
1743825600,1809.692626953125,1814.7987060546875,1804.7515869140625,1812.3134765625,0
1743840000,1812.353271484375,1820.78564453125,1806.7481689453125,1807.19677734375,0
1743854400,1807.0694580078125,1807.5667724609375,1778.25390625,1781.7232666015625,0
1743868800,1781.4873046875,1794.0797119140625,1780.418701171875,1780.75244140625,0
1743883200,1783.8035888671875,1809.0780029296875,1782.7767333984375,1805.9732666015625,138704384
1743897600,1805.639404296875,1814.465576171875,1802.1842041015625,1808.43212890625,73467392
1743912000,1808.7686767578125,1812.1741943359375,1795.9884033203125,1797.517333984375,148675072
1743926400,1797.4669189453125,1797.4669189453125,1784.013916015625,1789.103271484375,317886976
1743940800,1788.453125,1790.628173828125,1746.605224609375,1759.408447265625,1380236288
1743955200,1758.1429443359375,1758.1429443359375,1603.431396484375,1626.8677978515625,7902718976
1743969600,1628.951171875,1629.203125,1542.0430908203125,1576.9498291015625,6537851904
1743984000,1582.2703857421875,1612.4522705078125,1531.5233154296875,1540.2332763671875,4818366464
1743998400,1545.6326904296875,1559.3006591796875,1417.9798583984375,1461.1844482421875,9449377792
1744012800,1459.1226806640625,1514.8721923828125,1459.1226806640625,1481.6112060546875,6832611328
1744027200,1487.419921875,1632.3798828125,1478.9200439453125,1555.7733154296875,10995724288
1744041600,1555.9002685546875,1569.7352294921875,1526.748291015625,1547.2901611328125,1657982976
1744056000,1544.6812744140625,1584.33544921875,1544.6812744140625,1554.93212890625,772329472
1744070400,1552.02001953125,1617.33984375,1543.577392578125,1583.8267822265625,795369472
1744084800,1584.3145751953125,1600.011474609375,1562.5909423828125,1570.2684326171875,0
1744099200,1569.7425537109375,1588.252685546875,1555.510986328125,1588.252685546875,0
1744113600,1592.1572265625,1592.1572265625,1518.9808349609375,1531.279541015625,0
1744128000,1529.8197021484375,1531.286865234375,1454.48779296875,1466.662109375,619208704
1744142400,1464.9732666015625,1481.836181640625,1450.2493896484375,1472.6014404296875,1025200128
1744156800,1474.107421875,1479.7362060546875,1387.6109619140625,1417.378662109375,3285780480
1744171200,1418.1160888671875,1489.20849609375,1418.1160888671875,1484.9669189453125,2809860096
1744185600,1483.09375,1495.1256103515625,1445.707763671875,1453.4425048828125,2471587840
1744200000,1454.2830810546875,1497.5406494140625,1442.5142822265625,1483.713134765625,1870987264
1744214400,1483.759033203125,1665.4276123046875,1482.6461181640625,1642.033203125,7661367296
1744228800,1640.1859130859375,1684.998779296875,1640.1859130859375,1668.2017822265625,1364115456
1744243200,1667.5372314453125,1667.5372314453125,1602.7626953125,1614.2957763671875,0
1744257600,1615.811767578125,1624.5283203125,1587.5,1594.366943359375,0
1744272000,1595.0419921875,1605.0137939453125,1583.07275390625,1593.1943359375,984008704
1744286400,1594.0775146484375,1612.8336181640625,1485.0189208984375,1495.0396728515625,858880000
1744300800,1495.5379638671875,1529.4302978515625,1476.31201171875,1523.534912109375,651593728
1744315200,1518.1702880859375,1531.873291015625,1515.2923583984375,1522.4730224609375,934062080
1744329600,1521.4976806640625,1548.02978515625,1507.0025634765625,1542.9879150390625,738420736
1744344000,1543.464599609375,1558.939697265625,1540.594970703125,1552.21875,1005592576
1744358400,1552.132568359375,1577.3826904296875,1540.3026123046875,1557.4287109375,763269120
1744372800,1557.334716796875,1576.58447265625,1542.093505859375,1565.003173828125,234018816
1744387200,1564.375244140625,1587.1170654296875,1556.2412109375,1565.99169921875,391952384
1744401600,1564.9716796875,1583.8167724609375,1558.7760009765625,1567.15576171875,566219776
1744416000,1566.0469970703125,1568.48681640625,1547.032470703125,1553.9193115234375,425089024
1744430400,1553.625244140625,1583.5927734375,1550.24560546875,1580.4080810546875,435652608
1744444800,1581.249267578125,1603.299560546875,1580.921875,1593.9443359375,0
1744459200,1593.9705810546875,1665.8194580078125,1591.10205078125,1655.5546875,1099466752
1744473600,1655.2322998046875,1659.9114990234375,1628.6939697265625,1642.074951171875,1612088320
1744488000,1642.265380859375,1656.1641845703125,1641.928466796875,1643.5010986328125,414100480
1744502400,1643.25244140625,1647.0179443359375,1608.180908203125,1623.798828125,1301017600
1744516800,1623.8912353515625,1623.8912353515625,1598.6507568359375,1614.252197265625,836747264
1744531200,1613.365966796875,1626.4483642578125,1596.5128173828125,1602.6534423828125,1590332416
1744545600,1603.0411376953125,1607.58740234375,1566.594482421875,1586.3082275390625,21939200
1744560000,1586.456298828125,1645.2012939453125,1567.1168212890625,1588.197998046875,1511467008
1744574400,1588.65087890625,1611.56591796875,1575.274169921875,1596.8818359375,2883933184
1744588800,1596.8367919921875,1655.933837890625,1596.0950927734375,1627.7294921875,1881359360
1744603200,1628.918212890625,1640.6170654296875,1615.3707275390625,1635.02392578125,386044928
1744617600,1634.93017578125,1687.0758056640625,1629.811767578125,1674.8248291015625,2114744320
1744632000,1674.9024658203125,1687.735595703125,1624.17431640625,1628.2479248046875,1444810752
1744646400,1627.84130859375,1650.3665771484375,1619.9266357421875,1632.665283203125,900894720
1744660800,1635.3521728515625,1636.842529296875,1614.5633544921875,1622.7718505859375,1354206208
1744675200,1623.119140625,1641.7991943359375,1617.223388671875,1638.1771240234375,2195059712
1744689600,1637.9398193359375,1646.649658203125,1632.7142333984375,1644.3311767578125,598390784
1744704000,1644.50439453125,1650.4859619140625,1624.314453125,1631.3990478515625,44928000
1744718400,1631.7998046875,1657.6964111328125,1608.9486083984375,1619.0120849609375,1430578176
1744732800,1620.3619384765625,1627.177001953125,1599.2679443359375,1607.6300048828125,1095442432
1744747200,1607.4947509765625,1613.3602294921875,1585.5284423828125,1589.031005859375,695848960
1744761600,1587.5748291015625,1603.229248046875,1578.026123046875,1591.774658203125,212789248
1744776000,1591.26708984375,1592.4122314453125,1560.560791015625,1564.1474609375,1375714304
1744790400,1564.080810546875,1585.0435791015625,1558.712646484375,1583.55029296875,741300224
1744804800,1583.766845703125,1609.18896484375,1569.2708740234375,1591.8338623046875,1370477568
1744819200,1590.564453125,1609.202392578125,1546.394775390625,1590.3897705078125,2418854912
1744833600,1589.1038818359375,1596.97607421875,1571.378173828125,1578.01416015625,1156922368
1744848000,1577.2412109375,1594.307373046875,1577.0013427734375,1584.420654296875,852608000
1744862400,1584.7891845703125,1609.1636962890625,1581.872314453125,1601.13427734375,194459648
1744876800,1601.469482421875,1603.626708984375,1589.99267578125,1593.6231689453125,1408110592
1744891200,1593.4122314453125,1601.5169677734375,1565.00732421875,1582.769287109375,0
1744905600,1582.813232421875,1614.43701171875,1578.6729736328125,1580.9951171875,2547423232
1744920000,1581.98486328125,1591.2249755859375,1579.697998046875,1582.397216796875,701421568
1744934400,1582.97998046875,1588.1708984375,1578.60693359375,1584.3514404296875,548316160
1744948800,1584.320556640625,1584.53515625,1574.14892578125,1583.301025390625,0
1744963200,1583.5982666015625,1591.1029052734375,1583.3084716796875,1590.21875,1287213056
1744977600,1590.244140625,1595.6920166015625,1580.07421875,1582.612060546875,465688576
1744992000,1582.7696533203125,1594.4200439453125,1582.7696533203125,1591.943115234375,0
1745006400,1592.849365234375,1599.180419921875,1587.56689453125,1588.9697265625,23026688
1745020800,1588.727294921875,1599.1375732421875,1586.051025390625,1598.1240234375,162207744
1745035200,1597.9129638671875,1610.8897705078125,1595.8804931640625,1600.93212890625,546809344
1745049600,1600.857666015625,1605.500244140625,1594.9884033203125,1596.1968994140625,668134400
1745064000,1596.5888671875,1611.249755859375,1595.7237548828125,1606.4755859375,31753216
1745078400,1606.355712890625,1624.392578125,1598.962890625,1614.50439453125,1677931520
1745092800,1614.5498046875,1620.97265625,1611.9730224609375,1612.966064453125,0
1745107200,1613.12060546875,1618.418212890625,1609.14794921875,1611.036865234375,764204544
1745121600,1611.3419189453125,1616.816650390625,1592.1287841796875,1596.52099609375,946957312
1745136000,1596.527099609375,1596.8592529296875,1567.157470703125,1571.5086669921875,1843082752
1745150400,1572.483642578125,1582.56591796875,1571.6702880859375,1573.3377685546875,829771264
1745164800,1573.3077392578125,1586.3072509765625,1572.7454833984375,1586.08642578125,0
1745179200,1586.0439453125,1598.10302734375,1575.360107421875,1587.4609375,1222792192
1745193600,1587.328857421875,1641.9613037109375,1587.265869140625,1634.2884521484375,2636214784
1745208000,1634.3841552734375,1655.6551513671875,1632.256591796875,1645.48681640625,2017496064
1745222400,1645.5531005859375,1652.495361328125,1619.1925048828125,1626.1162109375,1336393728
1745236800,1626.5408935546875,1638.58837890625,1610.6356201171875,1623.3326416015625,2162447360
1745251200,1623.7269287109375,1625.66845703125,1568.2896728515625,1574.962646484375,4228260864
1745265600,1574.076171875,1579.815185546875,1572.212890625,1579.815185546875,739265536
1745280000,1579.4935302734375,1593.130615234375,1546.0216064453125,1578.926513671875,1667173376
1745294400,1579.2696533203125,1619.2493896484375,1574.8026123046875,1618.823486328125,391397376
1745308800,1619.1259765625,1634.0322265625,1615.8681640625,1630.9110107421875,2853597184
1745323200,1631.28662109375,1723.5244140625,1629.7723388671875,1697.7569580078125,4531281920
1745337600,1702.2890625,1707.861328125,1686.9437255859375,1698.1915283203125,80631808
1745352000,1699.65771484375,1770.1807861328125,1694.8673095703125,1758.286865234375,4046985216
1745366400,1756.900390625,1804.239501953125,1747.010498046875,1794.55712890625,2349021184
1745380800,1795.2120361328125,1816.520751953125,1776.14013671875,1788.2008056640625,1685843968
1745395200,1792.433837890625,1808.431884765625,1780.6273193359375,1795.182861328125,939927552
1745409600,1797.7120361328125,1821.931884765625,1762.5537109375,1790.4725341796875,663857152
1745424000,1795.19677734375,1809.6876220703125,1776.6568603515625,1787.2203369140625,1512034304
1745438400,1786.9893798828125,1806.7569580078125,1786.9893798828125,1795.9794921875,2025644032
1745452800,1796.069091796875,1801.69140625,1768.322509765625,1768.322509765625,1075177472
1745467200,1769.0030517578125,1776.0263671875,1752.634765625,1755.964599609375,269912064
1745481600,1756.1473388671875,1760.3253173828125,1726.0328369140625,1754.3990478515625,943456256
1745496000,1755.014892578125,1775.7760009765625,1746.6766357421875,1765.9495849609375,298723328
1745510400,1765.132080078125,1776.9459228515625,1748.5946044921875,1766.500732421875,216756224
1745524800,1764.79248046875,1774.0787353515625,1750.5194091796875,1770.003662109375,606173184
1745539200,1770.012451171875,1789.470703125,1740.504150390625,1758.8743896484375,842183680
1745553600,1761.085205078125,1781.490966796875,1759.635498046875,1775.60107421875,718218240
1745568000,1777.614013671875,1791.538330078125,1767.8709716796875,1789.09716796875,576050176
1745582400,1789.5208740234375,1825.434814453125,1761.5286865234375,1808.6754150390625,3616096256
1745596800,1808.5364990234375,1811.2808837890625,1784.741943359375,1800.5076904296875,2265689088
1745611200,1802.9017333984375,1806.7176513671875,1785.5673828125,1786.634521484375,848304128
1745625600,1786.1961669921875,1815.111328125,1786.1961669921875,1798.17333984375,567690240
1745640000,1798.2769775390625,1810.2567138671875,1790.5926513671875,1802.0484619140625,786510848
1745654400,1801.2266845703125,1831.2041015625,1782.001708984375,1787.5504150390625,1596767232
1745668800,1786.7955322265625,1803.8167724609375,1785.68896484375,1801.2921142578125,374000640
1745683200,1801.096435546875,1810.5335693359375,1798.207763671875,1810.2049560546875,0
1745697600,1813.8841552734375,1830.0880126953125,1807.1279296875,1822.175537109375,2032975872
1745712000,1822.3048095703125,1853.977783203125,1805.94580078125,1809.686767578125,1151552512
1745726400,1810.2220458984375,1811.7984619140625,1792.20166015625,1804.300537109375,1022635008
1745740800,1804.282470703125,1813.3802490234375,1803.0120849609375,1807.9591064453125,0
1745755200,1807.583984375,1807.583984375,1786.302001953125,1794.809814453125,391420928
1745769600,1794.736083984375,1807.594482421875,1789.7965087890625,1807.594482421875,484813824
1745784000,1807.9603271484375,1807.9603271484375,1787.2110595703125,1792.4461669921875,815521792
1745798400,1791.9918212890625,1792.5714111328125,1756.34619140625,1785.07861328125,866739200
1745812800,1785.0943603515625,1810.329833984375,1785.0943603515625,1805.439208984375,768065536
1745827200,1805.5201416015625,1824.1246337890625,1790.7200927734375,1816.2994384765625,888008704
1745841600,1816.83056640625,1816.83056640625,1756.3187255859375,1761.081298828125,4337295360
1745856000,1762.447265625,1801.8779296875,1748.4951171875,1798.9581298828125,3170252800
1745870400,1797.3814697265625,1804.8277587890625,1782.3023681640625,1798.9122314453125,1250626560
1745884800,1800.199951171875,1809.5633544921875,1790.60888671875,1802.4559326171875,1054324736
1745899200,1802.40625,1824.4752197265625,1790.3170166015625,1821.5797119140625,2612154368
1745913600,1822.3173828125,1840.959716796875,1818.9603271484375,1830.248046875,1613280256
1745928000,1830.4776611328125,1833.201171875,1805.8802490234375,1815.9132080078125,313357312
1745942400,1815.52734375,1831.9620361328125,1809.9521484375,1823.9801025390625,1050108928
1745956800,1822.7178955078125,1825.482666015625,1783.1397705078125,1799.2091064453125,720472064
1745971200,1798.653076171875,1811.9619140625,1790.827392578125,1809.2255859375,542107648
1745985600,1809.4935302734375,1813.3740234375,1793.5218505859375,1795.8963623046875,1100033024
1746000000,1796.8951416015625,1816.148193359375,1793.9427490234375,1815.831298828125,0
1746014400,1815.82666015625,1816.578369140625,1741.3355712890625,1764.911376953125,3731280896
1746028800,1765.0390625,1791.710693359375,1758.20068359375,1787.52392578125,1151572992
1746043200,1787.40283203125,1808.123779296875,1787.40283203125,1793.5863037109375,738272256
1746057600,1794.05419921875,1818.24365234375,1793.967529296875,1808.1986083984375,1776351232
1746072000,1808.068603515625,1815.72021484375,1804.348876953125,1811.9892578125,1053952000
1746086400,1811.5921630859375,1858.1578369140625,1809.9161376953125,1845.57958984375,2427499520
1746100800,1846.0069580078125,1868.2998046875,1827.868896484375,1853.760498046875,577729536
1746115200,1853.9268798828125,1869.87939453125,1842.59521484375,1842.59521484375,505681920
1746129600,1843.43017578125,1850.9578857421875,1835.3092041015625,1839.820068359375,867645440
1746144000,1838.7525634765625,1850.726806640625,1836.3311767578125,1848.4256591796875,564483072
1746158400,1848.3155517578125,1850.4912109375,1817.48388671875,1817.48388671875,1276581888
1746172800,1815.2784423828125,1835.0181884765625,1815.1676025390625,1833.1373291015625,535861248
1746187200,1833.330810546875,1853.2821044921875,1824.4686279296875,1840.9801025390625,492389376
1746201600,1843.3067626953125,1866.3724365234375,1834.041015625,1838.936767578125,240992256
1746216000,1839.2166748046875,1848.076416015625,1834.5721435546875,1842.7181396484375,622302208
1746230400,1842.6998291015625,1842.9149169921875,1827.9801025390625,1835.6036376953125,0
1746244800,1835.8553466796875,1839.2017822265625,1826.353759765625,1827.505615234375,0
1746259200,1826.967529296875,1830.4315185546875,1819.9833984375,1824.63720703125,0
1746273600,1824.599365234375,1839.2735595703125,1824.599365234375,1835.3465576171875,95421440
1746288000,1834.9617919921875,1839.215087890625,1814.5235595703125,1839.0205078125,652386816
1746302400,1838.5780029296875,1848.2216796875,1832.48486328125,1833.647216796875,856833536
1746316800,1833.2442626953125,1845.6162109375,1828.14306640625,1833.814208984375,1089870848
1746331200,1832.9251708984375,1849.8944091796875,1830.8323974609375,1840.518798828125,709078016
1746345600,1840.8505859375,1841.2359619140625,1823.9681396484375,1828.088623046875,146343936
1746360000,1827.942626953125,1833.447998046875,1821.1678466796875,1830.6856689453125,1199359488
1746374400,1831.118408203125,1833.0673828125,1823.431396484375,1828.8760986328125,0
1746388800,1828.886962890625,1840.3837890625,1805.8756103515625,1808.7049560546875,1680156672
1746403200,1808.1610107421875,1817.7198486328125,1784.3690185546875,1796.2403564453125,974768128
1746417600,1794.72607421875,1827.760498046875,1794.72607421875,1826.1749267578125,931445760
1746432000,1827.2186279296875,1830.11962890625,1799.9776611328125,1806.0582275390625,219936768
1746446400,1804.757080078125,1814.3343505859375,1795.5693359375,1800.1544189453125,1721724928
1746460800,1801.2647705078125,1827.7392578125,1801.2647705078125,1815.1666259765625,1116672000
1746475200,1815.693359375,1831.919921875,1800.882080078125,1819.7340087890625,870048768
1746489600,1819.93798828125,1820.0567626953125,1795.421875,1806.581787109375,1403107328
1746504000,1806.3284912109375,1808.765869140625,1798.686279296875,1806.2388916015625,601428992
1746518400,1805.748291015625,1805.748291015625,1759.8355712890625,1767.8660888671875,2114221056
1746532800,1769.116455078125,1778.0367431640625,1754.2523193359375,1770.24169921875,1102688256
1746547200,1769.8079833984375,1797.535888671875,1762.5709228515625,1785.3970947265625,592796672
1746561600,1784.30419921875,1818.72119140625,1767.05029296875,1815.0189208984375,2739207168
1746576000,1818.1258544921875,1849.658447265625,1816.687255859375,1825.9298095703125,2865495040
1746590400,1826.2144775390625,1838.277587890625,1825.4410400390625,1838.277587890625,885399552
1746604800,1838.132080078125,1846.281982421875,1831.8048095703125,1835.6297607421875,985236480
1746619200,1836.0869140625,1836.7286376953125,1816.459716796875,1818.496337890625,2901139456
1746633600,1817.7864990234375,1817.7864990234375,1788.9044189453125,1797.0858154296875,36624678912
1746648000,1797.071044921875,1824.69287109375,1790.847900390625,1811.54638671875,6252470272
1746662400,1811.5570068359375,1903.0556640625,1809.715576171875,1901.4769287109375,1153318912
1746676800,1900.51513671875,1940.843505859375,1893.4608154296875,1928.429443359375,5848873984
1746691200,1928.5419921875,1963.4036865234375,1927.7950439453125,1956.0797119140625,1794244608
1746705600,1958.0826416015625,2068.251220703125,1957.4498291015625,2050.999267578125,6082496512
1746720000,2056.607421875,2134.49072265625,2038.45458984375,2127.5966796875,3545243648
1746734400,2116.97998046875,2218.82373046875,2114.869384765625,2206.128173828125,8808577024
1746748800,2207.2734375,2241.400390625,2186.736572265625,2204.022216796875,1572855808
1746763200,2205.0908203125,2386.24462890625,2203.87548828125,2368.02099609375,3835682816
1746777600,2373.4892578125,2481.345947265625,2308.7763671875,2349.8134765625,12939567104
1746792000,2351.107421875,2381.224365234375,2287.865234375,2300.79638671875,1174941696
1746806400,2300.9599609375,2351.25927734375,2278.71337890625,2328.153076171875,2509385728
1746820800,2331.77197265625,2349.478759765625,2324.02392578125,2345.806396484375,0
1746835200,2345.457275390625,2375.349853515625,2323.21728515625,2340.643310546875,855048192
1746849600,2340.151123046875,2411.6904296875,2329.150146484375,2405.835693359375,253767680
1746864000,2398.953857421875,2428.539306640625,2370.003662109375,2383.569091796875,503668736
1746878400,2384.428955078125,2443.35595703125,2384.428955078125,2437.7763671875,0
1746892800,2432.054443359375,2510.15478515625,2432.054443359375,2500.261474609375,1984944128
1746907200,2499.4755859375,2592.9765625,2480.80126953125,2582.71044921875,3615821824
1746921600,2583.415771484375,2603.264404296875,2512.39501953125,2538.134521484375,4044740608
1746936000,2538.29541015625,2560.93017578125,2459.390625,2474.4775390625,1279080448
1746950400,2478.45068359375,2533.396484375,2477.294189453125,2532.9658203125,0
1746964800,2531.139404296875,2531.139404296875,2450.033447265625,2464.07470703125,1957173248
1746979200,2462.592529296875,2522.9951171875,2446.3701171875,2509.71484375,2240798720
1746993600,2508.703857421875,2527.01123046875,2486.42529296875,2510.289306640625,679237632
1747008000,2514.736083984375,2546.86962890625,2497.204345703125,2518.9951171875,527325184
1747022400,2519.877197265625,2615.694580078125,2489.68798828125,2553.945556640625,383111168
1747036800,2552.8076171875,2580.932861328125,2525.595458984375,2531.1826171875,3857164288
1747051200,2530.5087890625,2573.635498046875,2485.393310546875,2485.393310546875,3406487552
1747065600,2486.557861328125,2509.115234375,2424.354736328125,2460.143798828125,2698366976
1747080000,2461.0419921875,2499.12939453125,2454.035888671875,2496.33740234375,1477838848
1747094400,2496.0771484375,2496.0771484375,2421.84423828125,2426.87255859375,2200786944
1747108800,2425.49951171875,2477.281005859375,2423.756591796875,2460.52392578125,856213504
1747123200,2461.05810546875,2523.013671875,2453.094970703125,2512.74462890625,1107808256
1747137600,2513.07958984375,2570.91064453125,2495.84912109375,2566.568115234375,607623168
1747152000,2567.435302734375,2733.579833984375,2561.576171875,2686.003662109375,6053871616
1747166400,2692.219482421875,2703.52099609375,2661.45947265625,2680.26220703125,3508727808
1747180800,2680.507568359375,2718.329345703125,2629.757080078125,2644.173583984375,3821971456
1747195200,2646.51171875,2682.421142578125,2637.271484375,2647.46337890625,1420529664
1747209600,2642.571044921875,2642.571044921875,2582.27783203125,2623.5029296875,1922359296
1747224000,2624.393798828125,2633.36572265625,2564.51220703125,2596.11376953125,1211453440
1747238400,2596.786376953125,2614.70703125,2550.94384765625,2607.26708984375,0
1747252800,2606.38134765625,2612.721435546875,2586.694580078125,2610.02783203125,220319744
1747267200,2610.742919921875,2641.900634765625,2570.29833984375,2575.56396484375,1454749696
1747281600,2574.839599609375,2595.26513671875,2517.24951171875,2530.63671875,1636743168
1747296000,2536.811279296875,2566.471435546875,2518.9794921875,2553.64111328125,0
1747310400,2554.8154296875,2574.550537109375,2487.02978515625,2564.81884765625,1779345408
1747324800,2564.293212890625,2600.609375,2517.966552734375,2530.991943359375,1908154368
1747339200,2531.47412109375,2563.25927734375,2516.05810546875,2547.058349609375,1829994496
1747353600,2546.88671875,2581.968017578125,2536.29736328125,2581.93994140625,335763456
1747368000,2581.65087890625,2616.652587890625,2565.729736328125,2600.829833984375,1515094016
1747382400,2601.57080078125,2644.292724609375,2560.861083984375,2620.876220703125,2698997760
1747396800,2620.887939453125,2622.17919921875,2576.625732421875,2593.280517578125,1491804160
1747411200,2598.152099609375,2599.4541015625,2572.65283203125,2591.00244140625,717520896
1747425600,2592.19580078125,2592.32177734375,2532.760009765625,2536.297607421875,2116126720
1747440000,2535.258056640625,2535.258056640625,2455.897216796875,2496.919677734375,3340394496
1747454400,2496.818603515625,2513.012939453125,2477.944091796875,2491.477294921875,2544844800
1747468800,2492.69873046875,2494.363037109375,2470.957763671875,2481.75732421875,446359552
1747483200,2481.91748046875,2485.52880859375,2452.173583984375,2477.905029296875,0
1747497600,2475.209716796875,2486.65625,2451.594482421875,2471.7060546875,1292591104
1747512000,2471.123046875,2493.52490234375,2456.95703125,2475.76953125,832192512
1747526400,2474.876220703125,2487.1103515625,2469.98291015625,2478.095947265625,0
1747540800,2478.446044921875,2513.080322265625,2478.360107421875,2510.15478515625,754161664
1747555200,2509.75830078125,2526.85009765625,2500.7197265625,2501.837158203125,2177341440
1747569600,2502.058837890625,2584.906494140625,2492.451416015625,2578.764892578125,882785280
1747584000,2579.45166015625,2582.446044921875,2410.339599609375,2410.962646484375,5138598912
1747598400,2354.357177734375,2506.7529296875,2349.853759765625,2498.800048828125,5902299136
1747612800,2499.6982421875,2508.68603515625,2382.482666015625,2386.6416015625,4971458560
1747627200,2390.582275390625,2411.952392578125,2354.592041015625,2404.075927734375,3441463296
1747641600,2403.508544921875,2420.818115234375,2392.189208984375,2420.0,918716416
1747656000,2418.878173828125,2469.340576171875,2388.223876953125,2467.783447265625,2103377920
1747670400,2467.01708984375,2541.70654296875,2453.332275390625,2514.39501953125,706555904
1747684800,2521.028076171875,2532.9326171875,2493.809814453125,2529.135009765625,0
1747699200,2529.448486328125,2585.337890625,2512.54638671875,2553.480712890625,2430384128
1747713600,2553.050537109375,2575.9873046875,2523.677734375,2532.388671875,558675968
1747728000,2532.61328125,2539.124267578125,2496.112060546875,2514.85302734375,601182208
1747742400,2514.562744140625,2514.562744140625,2466.826904296875,2484.182373046875,1008941056
1747756800,2483.463134765625,2510.9638671875,2449.399169921875,2503.542724609375,0
1747771200,2502.846435546875,2539.362548828125,2487.1767578125,2524.1591796875,2597720064
1747785600,2524.744140625,2552.637451171875,2515.89697265625,2545.6533203125,0
1747800000,2545.726806640625,2613.537353515625,2536.40966796875,2552.972900390625,2260385792
1747814400,2552.91357421875,2561.585693359375,2517.413818359375,2538.162109375,2621409280
1747828800,2537.681884765625,2579.551513671875,2523.6123046875,2568.066650390625,2156865536
1747843200,2568.174560546875,2611.725341796875,2457.4140625,2517.292724609375,6785591296
1747857600,2514.725830078125,2594.835205078125,2490.030517578125,2552.766845703125,1585586176
1747872000,2551.8427734375,2644.205810546875,2546.578125,2635.3505859375,3448195072
1747886400,2629.816162109375,2645.31201171875,2604.49267578125,2633.858642578125,4501651456
1747900800,2633.68798828125,2690.7509765625,2628.7978515625,2660.016845703125,4125405184
1747915200,2651.794921875,2676.116455078125,2633.209228515625,2661.953125,1492897792
1747929600,2664.095703125,2674.475830078125,2628.7158203125,2631.66015625,0
1747944000,2633.415771484375,2664.525390625,2630.03271484375,2664.08203125,883312640
1747958400,2664.70458984375,2727.05322265625,2647.7080078125,2723.105224609375,2670804992
1747972800,2722.505859375,2722.947021484375,2651.882080078125,2655.8037109375,0
1747987200,2656.6953125,2686.3896484375,2559.0576171875,2559.0576171875,771569664
1748001600,2563.918701171875,2590.557373046875,2512.118896484375,2569.40869140625,4125014016
1748016000,2568.7763671875,2586.021728515625,2549.2001953125,2563.781005859375,1170599936
1748030400,2560.410888671875,2561.17236328125,2507.23388671875,2526.387939453125,991479808
1748044800,2526.52685546875,2555.4404296875,2516.01806640625,2550.1904296875,785707008
1748059200,2549.96240234375,2561.7529296875,2538.50048828125,2546.29443359375,0
1748073600,2546.854736328125,2574.9814453125,2546.55810546875,2563.378662109375,262348800
1748088000,2563.61376953125,2564.976806640625,2544.856689453125,2555.517578125,86820864
1748102400,2555.966796875,2566.89306640625,2547.8701171875,2555.55078125,289696768
1748116800,2555.11572265625,2556.046875,2519.98291015625,2530.89013671875,549126144
1748131200,2530.1318359375,2538.728271484375,2481.4560546875,2514.12451171875,797130752
1748145600,2514.177490234375,2518.43212890625,2488.91455078125,2493.884033203125,990996480
1748160000,2494.2626953125,2499.98876953125,2471.86279296875,2497.600830078125,1614837760
1748174400,2497.7578125,2522.986572265625,2481.400390625,2511.561279296875,1821163520
1748188800,2512.323486328125,2533.7978515625,2498.201904296875,2530.28271484375,1010339840
1748203200,2526.977294921875,2553.711669921875,2509.940673828125,2551.380859375,1237595136
1748217600,2551.94970703125,2573.441650390625,2542.921875,2560.93115234375,981881856
1748232000,2561.156494140625,2596.673583984375,2559.759521484375,2580.60107421875,1414703104
1748246400,2581.300048828125,2582.712158203125,2557.66943359375,2567.00146484375,883737600
1748260800,2567.424560546875,2573.178955078125,2544.43310546875,2566.46435546875,1188657152
1748275200,2566.623291015625,2571.28466796875,2530.602294921875,2542.521728515625,354568192
1748289600,2542.702880859375,2581.645751953125,2538.640869140625,2564.140869140625,828642304
1748304000,2563.444091796875,2573.301513671875,2514.556396484375,2549.9111328125,2320250880
1748318400,2549.53564453125,2613.22265625,2549.53564453125,2606.876220703125,3693174784
1748332800,2607.083740234375,2651.7509765625,2607.083740234375,2651.239990234375,2832017408
1748347200,2652.025390625,2681.55029296875,2635.76611328125,2667.189697265625,2648354816
1748361600,2669.0751953125,2711.04833984375,2660.37060546875,2686.105712890625,3881814016
1748376000,2687.63916015625,2693.50634765625,2653.92822265625,2663.01025390625,2688606208
1748390400,2662.127685546875,2662.127685546875,2622.250732421875,2647.116943359375,2553688064
1748404800,2646.746337890625,2651.646240234375,2626.133544921875,2636.49365234375,99907584
1748419200,2636.7646484375,2657.483642578125,2616.070068359375,2656.52197265625,0
1748433600,2656.750732421875,2686.291748046875,2618.232421875,2628.049072265625,326793216
1748448000,2627.553466796875,2661.795654296875,2619.21484375,2625.667724609375,160993280
1748462400,2619.82421875,2684.086181640625,2614.1025390625,2682.0185546875,3018913792
1748476800,2681.9375,2773.84619140625,2674.29638671875,2759.59716796875,3973842944
1748491200,2762.249755859375,2764.5888671875,2707.1201171875,2732.1689453125,3121596416
1748505600,2731.454345703125,2742.555419921875,2712.4443359375,2716.4052734375,1073541120
1748520000,2716.98046875,2718.0546875,2626.333251953125,2643.54931640625,1862764544
1748534400,2643.595947265625,2671.17919921875,2632.329345703125,2653.92333984375,1312129024
1748548800,2650.016845703125,2666.511962890625,2621.67822265625,2632.8359375,1958848512
1748563200,2631.6787109375,2643.828125,2568.04736328125,2630.603515625,990566400
1748577600,2630.80419921875,2647.240478515625,2608.853271484375,2623.069091796875,439521280
1748592000,2619.9697265625,2626.764404296875,2591.616943359375,2624.14404296875,2083135488
1748606400,2622.5830078125,2625.122314453125,2576.15234375,2598.8154296875,1666590720
1748620800,2597.67626953125,2603.2080078125,2540.8662109375,2577.404541015625,1363021824
1748635200,2574.4658203125,2586.54248046875,2510.457763671875,2529.833984375,1959510016
1748649600,2531.097412109375,2537.436279296875,2484.215576171875,2513.079345703125,647827456
1748664000,2513.079345703125,2526.358642578125,2505.45751953125,2524.193359375,595998720
1748678400,2522.513671875,2535.593505859375,2512.416259765625,2519.880615234375,368631808
1748692800,2519.904541015625,2549.454345703125,2518.10595703125,2537.107421875,0
1748707200,2537.235107421875,2547.958984375,2526.619873046875,2538.5126953125,42035200
1748721600,2538.1484375,2550.482177734375,2527.233642578125,2529.0966796875,0
1748736000,2529.181640625,2530.139404296875,2496.114990234375,2515.096435546875,489363456
1748750400,2514.48681640625,2526.48828125,2507.724365234375,2510.135009765625,826717184
1748764800,2510.0400390625,2510.731201171875,2483.0126953125,2497.457275390625,453983232
1748779200,2497.912109375,2525.203369140625,2474.08349609375,2524.25146484375,524925952
1748793600,2523.872802734375,2546.62890625,2501.005126953125,2525.507568359375,1933562880
1748808000,2526.709716796875,2547.4345703125,2521.6669921875,2536.184814453125,1639203840
1748822400,2538.97412109375,2541.445068359375,2487.76806640625,2497.9287109375,898122752
1748836800,2497.481689453125,2513.059814453125,2486.60205078125,2507.180908203125,1562396672
1748851200,2507.348388671875,2515.414306640625,2478.54833984375,2482.421630859375,2266034176
1748865600,2482.203369140625,2551.202392578125,2479.382568359375,2544.435302734375,3247975424
1748880000,2544.862548828125,2563.7412109375,2528.36083984375,2534.808349609375,1224776704
1748894400,2533.928955078125,2615.20703125,2533.928955078125,2607.197509765625,1797163008
1748908800,2607.602294921875,2649.714599609375,2594.244873046875,2604.31689453125,3506672640
1748923200,2604.6162109375,2620.706787109375,2592.186279296875,2610.47314453125,149858304
1748937600,2611.09326171875,2619.76904296875,2599.0517578125,2603.09912109375,2302394368
1748952000,2603.45703125,2651.594482421875,2599.820068359375,2624.494140625,1399021568
1748966400,2624.585693359375,2628.515869140625,2606.441650390625,2625.477783203125,1060644864
1748980800,2625.30224609375,2625.30224609375,2586.63037109375,2593.482666015625,668598272
1748995200,2594.47802734375,2639.01318359375,2586.515869140625,2629.247314453125,455951360
1749009600,2629.0966796875,2644.6904296875,2622.443115234375,2628.58984375,1442966528
1749024000,2628.82080078125,2650.0703125,2627.00390625,2627.00390625,1216475136
1749038400,2626.379150390625,2677.42529296875,2597.82421875,2668.48486328125,2001369088
1749052800,2669.251708984375,2669.251708984375,2625.03515625,2627.8466796875,1309501440
1749067200,2625.8115234375,2625.8115234375,2602.11328125,2608.607177734375,971649024
1749081600,2608.647705078125,2631.121337890625,2605.361083984375,2625.78515625,601575424
1749096000,2626.038818359375,2633.9033203125,2603.873291015625,2604.764892578125,1710125056
1749110400,2604.848388671875,2614.04296875,2588.939208984375,2609.012939453125,1055678464
1749124800,2609.261474609375,2640.43896484375,2569.843994140625,2592.716552734375,1926391808
1749139200,2590.11669921875,2591.20654296875,2517.1767578125,2531.244384765625,1768923136
1749153600,2529.54345703125,2532.384765625,2395.753662109375,2416.455078125,6656858112
1749168000,2416.240966796875,2456.699951171875,2395.123046875,2456.699951171875,1472577536
1749182400,2456.421630859375,2467.275390625,2448.950439453125,2455.376220703125,3222245376
1749196800,2456.47705078125,2492.541259765625,2455.72998046875,2477.69140625,588228608
1749211200,2477.896484375,2528.914306640625,2472.631103515625,2508.07568359375,223631360
1749225600,2510.652587890625,2517.918212890625,2486.578369140625,2488.260009765625,363436032
1749240000,2486.240966796875,2507.881103515625,2475.897705078125,2477.183349609375,0
1749254400,2478.06396484375,2494.31640625,2460.851806640625,2490.869384765625,1617596416
1749268800,2490.687744140625,2502.356689453125,2482.652099609375,2492.55224609375,60435456
1749283200,2493.13525390625,2501.96630859375,2485.029296875,2495.938232421875,499124224
1749297600,2496.809326171875,2523.480224609375,2494.821044921875,2520.22119140625,0
1749312000,2521.035888671875,2525.951416015625,2508.411865234375,2518.268310546875,557492224
1749326400,2518.4306640625,2542.84619140625,2518.4306640625,2526.193359375,239358976
1749340800,2526.76123046875,2526.76123046875,2510.3388671875,2513.010498046875,2387641344
1749355200,2512.997314453125,2520.203369140625,2510.584228515625,2514.425537109375,0
1749369600,2515.0888671875,2520.524658203125,2494.18115234375,2513.887939453125,587877376
1749384000,2514.351318359375,2521.816162109375,2502.98876953125,2514.787353515625,1863880704
1749398400,2515.5283203125,2540.37646484375,2514.921142578125,2533.554931640625,1197429760
1749412800,2533.901611328125,2546.244384765625,2505.171142578125,2510.838134765625,1709899776
1749427200,2510.907470703125,2512.029052734375,2484.62255859375,2497.498291015625,1331860480
1749441600,2498.160400390625,2498.160400390625,2480.493408203125,2493.08837890625,2545548288
1749456000,2493.170654296875,2547.724365234375,2486.97998046875,2543.291748046875,2331624448
1749470400,2542.8671875,2548.1064453125,2513.25146484375,2537.35791015625,1852702720
1749484800,2536.096923828125,2589.51806640625,2536.096923828125,2582.095703125,2688369664
1749499200,2581.739013671875,2693.806640625,2578.791259765625,2681.285400390625,2790858752
1749513600,2681.267333984375,2723.524169921875,2677.86181640625,2688.863037109375,3765069824
1749528000,2689.473876953125,2698.753662109375,2659.201904296875,2677.890625,3173779456
1749542400,2678.048828125,2793.46533203125,2670.96728515625,2774.627685546875,2286964736
1749556800,2774.241455078125,2777.171630859375,2698.881591796875,2732.92138671875,5643919360
1749571200,2732.994384765625,2804.20361328125,2730.6455078125,2764.576171875,2365075456
1749585600,2773.769287109375,2820.875,2740.23779296875,2813.73974609375,1728798720
1749600000,2813.786865234375,2831.619873046875,2774.498291015625,2791.4091796875,954986496
1749614400,2791.490966796875,2801.4619140625,2781.98388671875,2792.770751953125,1672036352
1749628800,2791.87255859375,2792.888916015625,2755.684814453125,2772.461181640625,921366528
1749643200,2772.221923828125,2876.94677734375,2764.954833984375,2863.364990234375,2421319680
1749657600,2865.2900390625,2873.12646484375,2804.2451171875,2810.59375,2210818048
1749672000,2811.96044921875,2830.678955078125,2750.56640625,2773.597900390625,807870464
1749686400,2772.8447265625,2783.9619140625,2747.79345703125,2767.1474609375,1453529088
1749700800,2765.321533203125,2774.94091796875,2738.047119140625,2742.53662109375,848754688
1749715200,2742.164794921875,2760.499755859375,2726.8095703125,2729.769775390625,2271322112
1749729600,2729.958740234375,2771.36767578125,2715.332763671875,2718.78125,0
1749744000,2719.680908203125,2769.9892578125,2697.0322265625,2701.084228515625,281972736
1749758400,2696.12939453125,2701.798583984375,2624.004638671875,2651.903564453125,4070029312
1749772800,2643.788818359375,2643.788818359375,2449.043212890625,2517.69482421875,8597555200
1749787200,2517.200927734375,2540.36181640625,2494.50390625,2529.2744140625,5422497792
1749801600,2527.895751953125,2544.56982421875,2509.7255859375,2544.4267578125,834621440
1749816000,2545.77734375,2562.9150390625,2509.07568359375,2551.09814453125,2251001856
1749830400,2551.922119140625,2584.031494140625,2511.638427734375,2528.458740234375,2144440320
1749844800,2528.287109375,2582.732177734375,2526.9111328125,2579.721435546875,1043013632
1749859200,2579.788818359375,2579.788818359375,2549.819580078125,2550.317138671875,0
1749873600,2550.119873046875,2556.7119140625,2530.1953125,2539.258056640625,0
1749888000,2538.84765625,2540.2607421875,2521.68798828125,2540.2607421875,856242176
1749902400,2539.94189453125,2545.689208984375,2509.03564453125,2518.496337890625,0
1749916800,2520.613525390625,2526.497314453125,2492.0078125,2509.726318359375,714506240
1749931200,2509.237548828125,2539.3291015625,2499.846923828125,2533.183349609375,1850787840
1749945600,2533.134765625,2541.325927734375,2526.816650390625,2531.964111328125,0
1749960000,2531.52783203125,2552.10498046875,2525.325927734375,2530.714111328125,1394661376
1749974400,2530.2685546875,2530.2685546875,2510.700439453125,2515.989501953125,1843283968
1749988800,2516.4736328125,2553.431884765625,2516.4736328125,2540.425048828125,733604864
1750003200,2542.092529296875,2557.79541015625,2532.526123046875,2536.666748046875,831715328
1750017600,2537.40283203125,2550.084228515625,2493.260498046875,2547.226806640625,6282872832
1750032000,2547.73828125,2577.215576171875,2518.221435546875,2569.702880859375,2927197184
1750046400,2569.051513671875,2632.7314453125,2568.005615234375,2627.094970703125,2415653888
1750060800,2628.49951171875,2631.7353515625,2596.267578125,2617.290771484375,3380738048
1750075200,2616.739501953125,2655.934814453125,2607.84716796875,2632.54345703125,2391801856
1750089600,2633.361083984375,2669.804931640625,2630.214599609375,2652.967529296875,2570940416
1750104000,2661.03369140625,2679.37255859375,2540.314453125,2540.314453125,2012575744
1750118400,2542.63134765625,2616.8837890625,2529.819091796875,2607.19775390625,6000953344
1750132800,2607.274658203125,2609.904296875,2571.947021484375,2583.727783203125,0
1750147200,2583.64990234375,2585.3193359375,2544.575439453125,2552.41552734375,446105600
1750161600,2552.426025390625,2566.7578125,2486.766845703125,2498.89306640625,1754015744
1750176000,2498.8740234375,2542.124267578125,2457.14111328125,2530.68896484375,3815237632
1750190400,2529.722412109375,2532.614990234375,2494.14306640625,2511.918212890625,1315506176
1750204800,2510.182861328125,2534.732666015625,2507.802734375,2527.20849609375,510916608
1750219200,2528.237060546875,2543.196044921875,2520.432373046875,2532.650634765625,1580429312
1750233600,2533.424072265625,2546.62744140625,2493.870849609375,2513.5537109375,44066816
1750248000,2513.66845703125,2537.463623046875,2470.9970703125,2508.934814453125,1074397184
1750262400,2509.458984375,2513.27587890625,2472.72705078125,2496.22998046875,1184151552
1750276800,2492.02978515625,2536.750732421875,2485.136962890625,2524.404052734375,1673459712
1750291200,2525.1484375,2545.97119140625,2509.69873046875,2526.35595703125,1060978688
1750305600,2525.973388671875,2530.84326171875,2516.50048828125,2519.546142578125,959713280
1750320000,2519.3056640625,2544.328125,2519.3056640625,2533.0712890625,1711192064
1750334400,2532.572998046875,2536.718505859375,2491.508056640625,2493.5517578125,997777408
1750348800,2493.67041015625,2520.364990234375,2486.359619140625,2506.810791015625,1152020480
1750363200,2505.916015625,2531.13525390625,2504.194091796875,2521.5263671875,675897344
1750377600,2521.52587890625,2530.04931640625,2514.35693359375,2518.187744140625,863681536
1750392000,2517.917724609375,2549.943359375,2505.18505859375,2549.2080078125,938665984
1750406400,2549.207275390625,2568.4111328125,2543.452392578125,2550.870361328125,902438912
1750420800,2550.24853515625,2559.194091796875,2489.27099609375,2493.890380859375,3769565184
1750435200,2494.11376953125,2495.31201171875,2374.88427734375,2423.716796875,5075860480
1750449600,2416.573974609375,2436.04052734375,2386.280517578125,2407.34765625,3207071744
1750464000,2406.756103515625,2431.921875,2397.71875,2426.923095703125,507019264
1750478400,2426.433837890625,2428.287109375,2420.29345703125,2426.74462890625,305514496
1750492800,2426.968505859375,2448.031494140625,2425.472900390625,2442.74951171875,450816000
1750507200,2442.646240234375,2445.476318359375,2415.544189453125,2424.80224609375,0
1750521600,2424.39208984375,2427.868408203125,2385.109375,2385.109375,194961408
1750536000,2385.2431640625,2408.235107421875,2228.645751953125,2298.8427734375,5550558208
1750550400,2307.244384765625,2313.613525390625,2256.138427734375,2263.721923828125,5850335232
1750564800,2264.9921875,2297.589111328125,2264.142822265625,2271.4404296875,2158573568
1750579200,2272.376953125,2279.641845703125,2241.505615234375,2273.890869140625,1836189696
1750593600,2273.671875,2284.311767578125,2164.972412109375,2172.021484375,5673840640
1750608000,2174.76220703125,2214.904052734375,2173.2119140625,2184.27490234375,1877116928
1750622400,2184.896240234375,2235.178466796875,2128.142578125,2228.484619140625,412766208
1750636800,2228.14794921875,2257.889892578125,2223.78125,2234.4072265625,0
1750651200,2234.79931640625,2271.18359375,2229.90380859375,2258.545654296875,1460987904
1750665600,2259.755615234375,2271.869140625,2240.483642578125,2254.110595703125,12388352
1750680000,2254.032470703125,2307.1064453125,2235.989013671875,2253.00732421875,1244051456
1750694400,2250.776611328125,2320.880859375,2192.191650390625,2318.015380859375,3407976448
1750708800,2314.707763671875,2432.386474609375,2308.113037109375,2421.83056640625,3290996736
1750723200,2412.763427734375,2419.172119140625,2393.195068359375,2401.6552734375,1135882240
1750737600,2400.7294921875,2434.79052734375,2395.24951171875,2395.24951171875,1394591744
1750752000,2395.962890625,2441.024658203125,2382.3984375,2410.16943359375,2226202624
1750766400,2411.51416015625,2444.35986328125,2405.3994140625,2439.160888671875,384217088
1750780800,2439.410400390625,2480.34423828125,2424.2041015625,2430.031982421875,901769216
1750795200,2436.234375,2450.92333984375,2432.83349609375,2448.7373046875,191920128
1750809600,2449.7001953125,2468.284423828125,2439.511962890625,2446.625732421875,998909952
1750824000,2445.80859375,2451.130615234375,2426.692626953125,2446.59228515625,1104723968
1750838400,2446.25732421875,2447.0341796875,2413.380126953125,2429.283203125,2239133696
1750852800,2430.0849609375,2444.54052734375,2399.76171875,2406.63720703125,1580126208
1750867200,2406.94189453125,2438.442138671875,2404.06884765625,2430.636962890625,981412864
1750881600,2432.195068359375,2448.12451171875,2410.643798828125,2419.0986328125,1159707648
1750896000,2419.308349609375,2516.430419921875,2419.10986328125,2488.03173828125,4585910272
1750910400,2489.605224609375,2499.150634765625,2469.7294921875,2491.930419921875,697694208
1750924800,2491.363037109375,2499.69970703125,2444.877685546875,2451.23974609375,1897629696
1750939200,2451.41552734375,2457.141357421875,2411.265380859375,2434.0478515625,590102528
1750953600,2434.33984375,2441.248291015625,2420.9013671875,2440.26123046875,2134034432
1750968000,2433.5712890625,2457.1474609375,2401.45703125,2416.023193359375,2390091776
1750982400,2416.3115234375,2448.380126953125,2392.9521484375,2447.391357421875,2817905664
1750996800,2447.2353515625,2457.826904296875,2436.672119140625,2442.968994140625,1058358272
1751011200,2442.9736328125,2462.02099609375,2437.927490234375,2446.60009765625,1445398528
1751025600,2447.949951171875,2456.5517578125,2418.003173828125,2440.8173828125,1137588224
1751040000,2439.497314453125,2446.712158203125,2391.07177734375,2417.325439453125,818914304
1751054400,2414.49072265625,2428.43115234375,2413.088134765625,2423.92529296875,1662511104
1751068800,2423.891845703125,2424.061279296875,2408.65869140625,2421.609619140625,0
1751083200,2421.680419921875,2433.53173828125,2419.3271484375,2432.875,117784576
1751097600,2432.685546875,2432.685546875,2421.744384765625,2428.667236328125,0
1751112000,2428.32763671875,2440.236328125,2422.089599609375,2440.236328125,0
1751126400,2437.475341796875,2447.251708984375,2433.696533203125,2434.385009765625,1555143680
1751140800,2434.379638671875,2442.30029296875,2429.635009765625,2437.11474609375,0
1751155200,2436.9814453125,2442.26953125,2427.316650390625,2429.179443359375,71984128
1751169600,2429.033447265625,2440.093994140625,2428.237548828125,2439.728515625,258990592
1751184000,2440.053466796875,2462.52001953125,2439.469482421875,2462.52001953125,884302848
1751198400,2462.5,2462.5,2436.58349609375,2437.8466796875,1582061056
1751212800,2437.70166015625,2442.642333984375,2431.85107421875,2438.30078125,1777519616
1751227200,2438.169921875,2516.499267578125,2419.599609375,2500.60546875,3188155392
1751241600,2500.5654296875,2521.603271484375,2496.86279296875,2501.13818359375,2141932544
1751256000,2500.562744140625,2505.489013671875,2461.1396484375,2481.3125,2220398592
1751270400,2481.91064453125,2485.48828125,2448.184814453125,2460.370849609375,903285760
1751284800,2459.09228515625,2480.197265625,2438.5078125,2475.16845703125,1937740800
1751299200,2475.2861328125,2515.9208984375,2464.98681640625,2513.031494140625,3080592384
1751313600,2517.763671875,2520.84375,2485.67626953125,2486.428466796875,567775232
1751328000,2487.191162109375,2499.875732421875,2480.247314453125,2486.552490234375,1186350080
1751342400,2486.371826171875,2486.401611328125,2449.266357421875,2465.856201171875,762398720
1751356800,2464.546630859375,2464.546630859375,2445.555419921875,2448.661865234375,1264582656
1751371200,2449.436767578125,2453.54833984375,2411.877197265625,2424.69677734375,1471111168
1751385600,2424.909423828125,2432.81640625,2406.669189453125,2411.450439453125,2015430656
1751400000,2406.03271484375,2417.793701171875,2390.3427734375,2405.857421875,2549569536
1751414400,2405.5849609375,2430.78076171875,2382.292236328125,2430.393310546875,2161718272
1751428800,2430.527587890625,2452.77294921875,2426.67529296875,2448.581787109375,1632094208
1751443200,2448.0107421875,2459.275146484375,2443.775634765625,2446.69970703125,165483520
1751457600,2446.563232421875,2501.79931640625,2432.867431640625,2501.28857421875,1108189184
1751472000,2500.82421875,2599.883544921875,2497.69873046875,2599.883544921875,5598600192
1751486400,2607.172119140625,2616.78369140625,2570.796630859375,2570.796630859375,3067777024
1751500800,2570.68408203125,2584.70556640625,2558.58251953125,2561.729248046875,1458632704
1751515200,2562.349609375,2605.13720703125,2561.869140625,2600.750244140625,2427129856
1751529600,2601.025390625,2615.81396484375,2584.97119140625,2597.420166015625,1984229376
1751544000,2597.675537109375,2633.3251953125,2569.75390625,2570.75927734375,2971721728
1751558400,2571.89111328125,2592.6650390625,2569.77294921875,2587.308349609375,0
1751572800,2586.983642578125,2603.314208984375,2586.983642578125,2590.845703125,0
1751587200,2591.28466796875,2599.989013671875,2573.7802734375,2579.703857421875,592105472
1751601600,2579.660888671875,2584.799072265625,2532.82177734375,2537.22607421875,683120640
1751616000,2536.3076171875,2558.45751953125,2530.516845703125,2549.927001953125,546779136
1751630400,2550.232177734375,2556.67724609375,2501.690185546875,2502.384033203125,720778240
1751644800,2501.541259765625,2501.541259765625,2475.802490234375,2483.013427734375,1275768832
1751659200,2483.0205078125,2521.418212890625,2482.276611328125,2508.095947265625,1131203584
1751673600,2508.435791015625,2524.58984375,2504.5869140625,2519.401123046875,896146432
1751688000,2519.0244140625,2529.7568359375,2514.5654296875,2521.27734375,343120896
1751702400,2521.267333984375,2526.07568359375,2510.57080078125,2520.3291015625,702860288
1751716800,2519.997802734375,2521.87255859375,2507.59716796875,2507.6767578125,0
1751731200,2507.775390625,2512.644287109375,2489.307373046875,2506.598876953125,597015552
1751745600,2506.497314453125,2522.212158203125,2499.402587890625,2517.280029296875,772210688
1751760000,2517.55224609375,2520.834228515625,2510.9287109375,2515.42578125,1165008384
1751774400,2515.57763671875,2526.352783203125,2510.337890625,2518.849365234375,212408320
1751788800,2518.427001953125,2518.91845703125,2505.370849609375,2516.699462890625,1017782784
1751803200,2516.492919921875,2568.38037109375,2512.862548828125,2558.221923828125,1655866368
1751817600,2558.348388671875,2559.875244140625,2526.371826171875,2540.63818359375,1166983168
1751832000,2541.3349609375,2603.064697265625,2541.243408203125,2571.395263671875,3306153984
1751846400,2571.060302734375,2588.1728515625,2552.758544921875,2577.243896484375,1472235520
1751860800,2577.53369140625,2580.37744140625,2561.789794921875,2578.804443359375,2221819904
1751875200,2578.8017578125,2586.7431640625,2554.589599609375,2564.634521484375,2186019840
1751889600,2563.93798828125,2566.8642578125,2531.118896484375,2534.3857421875,565598208
1751904000,2534.016845703125,2555.8798828125,2517.903564453125,2545.596435546875,2169956352
1751918400,2544.164306640625,2545.1845703125,2525.315185546875,2542.97265625,2437202944
1751932800,2542.6005859375,2552.859619140625,2525.513916015625,2538.2158203125,2185312256
1751947200,2538.306640625,2562.619140625,2534.073486328125,2552.054443359375,3437615104
1751961600,2552.99853515625,2583.071533203125,2544.32080078125,2575.25390625,122730496
1751976000,2575.44091796875,2598.001220703125,2560.073974609375,2565.079833984375,3091426304
1751990400,2565.434326171875,2626.04296875,2561.4052734375,2608.141845703125,1717772288
1752004800,2610.902099609375,2617.942626953125,2598.62451171875,2616.21533203125,947600384
1752019200,2615.5927734375,2623.591552734375,2592.48486328125,2592.48486328125,438168576
1752033600,2592.135009765625,2638.64306640625,2592.135009765625,2625.227783203125,1549809664
1752048000,2625.168701171875,2629.630126953125,2606.589111328125,2627.79443359375,811231232
1752062400,2626.282470703125,2672.84228515625,2625.125244140625,2656.969970703125,4581232640
1752076800,2656.912109375,2794.48974609375,2654.7548828125,2765.4658203125,3403069440
1752091200,2762.781005859375,2784.552001953125,2733.3740234375,2770.7373046875,4862046208
1752105600,2770.3779296875,2796.72119140625,2757.674560546875,2776.94482421875,1117472768
1752120000,2777.47998046875,2820.447265625,2767.6103515625,2793.015625,2962192384
1752134400,2792.8330078125,2796.826171875,2774.9931640625,2779.122314453125,2296694784
1752148800,2779.8564453125,2792.80810546875,2764.008544921875,2770.363037109375,416956416
1752163200,2770.66845703125,2840.60595703125,2770.66845703125,2821.40478515625,1628688384
1752177600,2819.439208984375,2995.152099609375,2817.414794921875,2954.832763671875,6231715840
1752192000,2950.669189453125,2974.464111328125,2917.935791015625,2969.146484375,3161526272
1752206400,2970.525390625,3028.17919921875,2954.606689453125,2977.00732421875,3318427648
1752220800,2971.300048828125,3038.072265625,2971.300048828125,2985.51416015625,5211541504
1752235200,2985.54833984375,3007.683349609375,2945.164306640625,2948.187744140625,538595328
1752249600,2948.86279296875,3010.25537109375,2943.592529296875,3003.6005859375,2752159744
1752264000,3005.651611328125,3009.662353515625,2926.278564453125,2958.333740234375,139321344
1752278400,2958.041748046875,2970.25341796875,2938.09130859375,2963.01904296875,0
1752292800,2965.182861328125,2973.884521484375,2945.506591796875,2964.349853515625,0
1752307200,2964.32080078125,2979.697265625,2960.26416015625,2963.54345703125,0
1752321600,2964.0556640625,2966.20556640625,2908.10498046875,2915.560791015625,430856192
1752336000,2915.49609375,2945.561767578125,2913.663818359375,2939.91064453125,225853440
1752350400,2940.5654296875,2945.784912109375,2916.8798828125,2942.853515625,291483648
1752364800,2943.69775390625,2958.61572265625,2938.843505859375,2956.475830078125,1888685056
1752379200,2955.97216796875,2966.48095703125,2951.268798828125,2963.58837890625,973913088
1752393600,2963.6728515625,2964.999755859375,2945.949951171875,2963.575439453125,0
1752408000,2964.80029296875,3016.186279296875,2961.452392578125,2995.251708984375,1893311488
1752422400,2994.769287109375,3007.776611328125,2968.887939453125,2994.256103515625,1851714560
1752436800,2991.268310546875,2998.5498046875,2950.12255859375,2973.22509765625,873462784
1752451200,2973.09765625,3046.65625,2965.534423828125,3037.727783203125,3362353152
1752465600,3037.75830078125,3062.09326171875,3023.0888671875,3045.801025390625,6708019200
1752480000,3044.7470703125,3079.44091796875,3025.437744140625,3056.941162109375,4084074496
1752494400,3052.87890625,3065.478759765625,2996.401123046875,3011.376708984375,2317207552
1752508800,3010.55810546875,3028.61376953125,2985.66943359375,2997.699462890625,3950323712
1752523200,2998.66455078125,3018.202880859375,2984.056884765625,3013.29345703125,2353209344
1752537600,3014.075927734375,3020.878662109375,2936.135009765625,2951.526611328125,3011762176
1752552000,2951.55908203125,2992.344970703125,2936.466552734375,2981.892822265625,0
1752566400,2978.57177734375,2987.302490234375,2962.970703125,2980.548583984375,444821504
1752580800,2980.539794921875,3065.412353515625,2970.835693359375,3038.62646484375,4130877440
1752595200,3038.00439453125,3095.2568359375,3036.266845703125,3047.935791015625,4475133952
1752609600,3043.361328125,3142.42724609375,3034.31298828125,3139.8896484375,2686177280
1752624000,3139.986083984375,3147.877197265625,3105.478271484375,3116.801025390625,2494324736
1752638400,3116.286376953125,3173.989013671875,3102.477783203125,3163.21533203125,1259524096
1752652800,3163.829345703125,3172.146728515625,3146.2802734375,3150.658447265625,3194839040
1752667200,3150.924072265625,3263.99267578125,3150.84033203125,3243.957275390625,3232219136
1752681600,3246.1474609375,3377.6494140625,3238.359130859375,3377.6494140625,3602186240
1752696000,3383.965576171875,3422.31103515625,3348.847900390625,3371.5068359375,4451422208
1752710400,3372.792724609375,3397.318603515625,3316.927734375,3330.656982421875,1658138624
1752724800,3332.390869140625,3462.38232421875,3323.59033203125,3450.480712890625,3700813824
1752739200,3449.12255859375,3478.119873046875,3428.881103515625,3434.18310546875,3669057536
1752753600,3434.43212890625,3438.185302734375,3373.07080078125,3424.676513671875,896286720
1752768000,3422.95068359375,3454.903076171875,3372.886474609375,3412.427978515625,0
1752782400,3414.076904296875,3520.1533203125,3379.08984375,3476.1240234375,2166136832
1752796800,3477.2607421875,3624.737060546875,3463.46435546875,3596.925048828125,6315425792
1752811200,3598.0029296875,3674.60595703125,3582.822509765625,3616.50244140625,4618190848
1752825600,3616.85400390625,3628.70556640625,3588.8857421875,3613.68603515625,4182523904
1752840000,3612.23583984375,3671.6328125,3535.34814453125,3564.251953125,4881518592
1752854400,3565.13916015625,3622.319580078125,3543.007568359375,3556.115234375,1880014848
1752868800,3552.43408203125,3574.657958984375,3485.048583984375,3548.926025390625,18718720
1752883200,3547.94873046875,3599.505615234375,3513.75390625,3594.779052734375,791871488
1752897600,3594.993896484375,3608.275634765625,3570.942626953125,3574.619140625,0
1752912000,3573.97705078125,3579.119140625,3543.888427734375,3553.438232421875,0
1752926400,3554.47705078125,3571.11328125,3532.554443359375,3555.537353515625,608800768
1752940800,3554.813720703125,3579.681884765625,3538.4736328125,3577.531494140625,38805504
1752955200,3578.78759765625,3598.700927734375,3542.782470703125,3595.240478515625,1664565248
1752969600,3594.185302734375,3687.71484375,3582.65869140625,3663.795654296875,3060412416
1752984000,3661.885009765625,3689.840087890625,3639.595703125,3671.825439453125,924325888
1752998400,3671.341796875,3761.376220703125,3671.341796875,3755.42333984375,7407280128
1753012800,3756.99267578125,3789.07080078125,3728.27490234375,3787.1337890625,4167163904
1753027200,3787.002685546875,3819.297119140625,3736.862548828125,3759.190673828125,4469755904
1753041600,3752.161865234375,3772.8369140625,3700.517822265625,3758.920654296875,4270170112
1753056000,3759.528564453125,3766.2890625,3705.39111328125,3756.756103515625,2618621952
1753070400,3758.37890625,3811.03173828125,3750.6787109375,3789.04052734375,2076209152
1753084800,3788.72265625,3834.390380859375,3759.416015625,3812.777099609375,1182425088
1753099200,3812.104248046875,3856.7509765625,3778.52392578125,3811.710205078125,1652858880
1753113600,3812.254150390625,3818.093017578125,3723.9111328125,3736.87255859375,2464149504
1753128000,3734.385986328125,3780.29345703125,3724.189697265625,3762.882080078125,556158976
1753142400,3763.3642578125,3797.3642578125,3701.824951171875,3729.689453125,3845476352
1753156800,3730.063232421875,3732.88330078125,3657.799072265625,3672.172119140625,3296698368
1753171200,3676.0615234375,3719.2646484375,3625.25634765625,3709.649169921875,3642327040
1753185600,3708.063232421875,3727.644287109375,3634.027099609375,3717.0302734375,3016548352
1753200000,3719.80419921875,3749.1015625,3662.234130859375,3664.915283203125,188776448
1753214400,3669.560791015625,3750.2041015625,3666.00048828125,3749.238525390625,3059929088
1753228800,3748.70849609375,3763.520751953125,3718.480224609375,3729.449951171875,0
1753243200,3729.445556640625,3737.334228515625,3667.577392578125,3675.72119140625,1401659392
1753257600,3675.3115234375,3697.438720703125,3643.914794921875,3675.21484375,373534720
1753272000,3674.336181640625,3681.21630859375,3587.35302734375,3643.77880859375,4822362112
1753286400,3645.892822265625,3645.892822265625,3559.048828125,3595.2236328125,2926809088
1753300800,3588.690185546875,3633.645751953125,3533.421630859375,3629.731689453125,4577091584
1753315200,3629.32958984375,3665.71044921875,3616.885009765625,3646.113525390625,695136256
1753329600,3642.9658203125,3656.689453125,3523.214111328125,3594.344970703125,4400037888
1753344000,3594.0400390625,3661.4296875,3584.709716796875,3660.79833984375,3350081536
1753358400,3657.75244140625,3771.141357421875,3620.497314453125,3730.80810546875,1285361664
1753372800,3732.867431640625,3754.950927734375,3673.689453125,3737.6796875,1944338432
1753387200,3736.62255859375,3743.437255859375,3702.233642578125,3708.005615234375,1771483136
1753401600,3707.583251953125,3707.583251953125,3579.962890625,3596.48779296875,5137793024
1753416000,3597.083984375,3665.22705078125,3585.406982421875,3626.865478515625,2369273856
1753430400,3632.168701171875,3744.820068359375,3632.168701171875,3723.98291015625,1197670400
1753444800,3722.57568359375,3732.96240234375,3604.8955078125,3636.645751953125,2891657216
1753459200,3635.31396484375,3659.7421875,3620.544921875,3646.383056640625,185774080
1753473600,3644.427978515625,3729.179931640625,3643.40234375,3727.2373046875,747556864
1753488000,3726.0087890625,3765.500244140625,3703.259033203125,3742.486328125,1036668928
1753502400,3742.379150390625,3756.407958984375,3735.393310546875,3742.878173828125,0
1753516800,3743.625732421875,3780.4326171875,3737.23974609375,3740.917724609375,0
1753531200,3740.71240234375,3753.8291015625,3721.523193359375,3736.479248046875,372000768
1753545600,3736.818359375,3754.485595703125,3715.028564453125,3754.485595703125,0
1753560000,3754.036865234375,3789.789794921875,3739.047119140625,3741.25732421875,2717304832
1753574400,3742.16455078125,3787.72705078125,3734.451171875,3774.850341796875,0
1753588800,3775.1982421875,3805.157470703125,3768.356689453125,3769.02001953125,1055834112
1753603200,3769.877685546875,3836.48193359375,3756.95654296875,3812.148193359375,1761689600
1753617600,3815.33349609375,3834.479248046875,3798.342529296875,3820.85107421875,1463775232
1753632000,3819.990478515625,3866.048828125,3811.826416015625,3830.5068359375,3282321408
1753646400,3830.244140625,3875.88916015625,3820.64404296875,3875.255859375,3829467136
1753660800,3874.69775390625,3902.528076171875,3846.13720703125,3879.671142578125,2781904896
1753675200,3880.13232421875,3940.652099609375,3870.15234375,3891.509765625,3090987008
1753689600,3893.1982421875,3900.019287109375,3862.882080078125,3878.458251953125,1011761152
1753704000,3879.04931640625,3889.388427734375,3782.97900390625,3808.627685546875,5733079040
1753718400,3808.91259765625,3821.6611328125,3757.04052734375,3797.1396484375,3586242560
1753732800,3796.618408203125,3802.843505859375,3767.58447265625,3788.319580078125,726470656
1753747200,3795.90185546875,3820.267578125,3736.5380859375,3795.654052734375,2682202112
1753761600,3792.929931640625,3877.22607421875,3777.30810546875,3873.9189453125,906698752
1753776000,3877.082763671875,3883.997802734375,3813.5478515625,3824.3203125,1025040384
1753790400,3826.236083984375,3870.841552734375,3752.098388671875,3763.872314453125,4217700352
1753804800,3762.654052734375,3791.32373046875,3719.00927734375,3770.2255859375,1938694144
1753819200,3764.752197265625,3796.794677734375,3745.085205078125,3793.58251953125,1657651200
1753833600,3793.10205078125,3826.05908203125,3757.022216796875,3816.716796875,3084931072
1753848000,3816.91162109375,3832.077392578125,3789.911865234375,3811.166259765625,727072768
1753862400,3810.84521484375,3824.544677734375,3746.224365234375,3757.034423828125,1410709504
1753876800,3756.755859375,3828.74169921875,3750.472412109375,3797.367431640625,888909824
1753891200,3797.041748046875,3814.34814453125,3686.23779296875,3763.36669921875,1635145728
1753905600,3760.00244140625,3809.63427734375,3743.438232421875,3808.24609375,3876575232
1753920000,3808.887451171875,3866.201904296875,3802.679443359375,3861.456787109375,2698543104
1753934400,3862.219970703125,3877.044921875,3856.085205078125,3863.5400390625,2232018944
1753948800,3863.46630859375,3872.1552734375,3829.39013671875,3836.515625,396435456
1753963200,3837.182861328125,3842.695068359375,3766.5498046875,3786.9150390625,735637504
1753977600,3787.62939453125,3816.51953125,3735.992919921875,3736.77685546875,22806528
1753992000,3738.23779296875,3755.000244140625,3686.290283203125,3696.144287109375,2668314624
1754006400,3697.74072265625,3722.113037109375,3625.1826171875,3704.96826171875,3782426624
1754020800,3704.927490234375,3704.927490234375,3628.6298828125,3647.50244140625,2873643008
1754035200,3649.548095703125,3649.548095703125,3590.018310546875,3640.846435546875,4203466752
1754049600,3641.544921875,3672.614013671875,3577.266845703125,3616.58984375,3130802176
1754064000,3613.03515625,3630.705322265625,3513.691162109375,3513.691162109375,3480588288
1754078400,3517.130126953125,3549.626708984375,3444.528076171875,3487.956787109375,3417841664
1754092800,3486.9697265625,3529.91357421875,3479.1240234375,3524.52978515625,319385600
1754107200,3526.738037109375,3535.455810546875,3459.7255859375,3518.96435546875,405012480
1754121600,3518.4013671875,3520.97705078125,3475.75390625,3508.832763671875,0
1754136000,3507.67529296875,3515.089599609375,3454.053955078125,3458.96875,0
1754150400,3457.962158203125,3478.071533203125,3375.478759765625,3386.781494140625,1878798336
1754164800,3383.378662109375,3433.3486328125,3373.7421875,3392.744384765625,1195327488
1754179200,3391.68798828125,3450.359619140625,3358.14892578125,3446.3798828125,2011408384
1754193600,3446.200927734375,3458.014404296875,3434.599853515625,3453.722900390625,0
1754208000,3455.71142578125,3515.42578125,3454.581298828125,3488.0693359375,548677632
1754222400,3485.439453125,3503.094970703125,3457.724609375,3477.611572265625,1108840448
1754236800,3476.586181640625,3513.620849609375,3469.21728515625,3494.265869140625,1124065280
1754251200,3495.98486328125,3519.89892578125,3485.334716796875,3497.613037109375,1067194368
1754265600,3497.2822265625,3573.78857421875,3491.98388671875,3557.853515625,2895599616
1754280000,3557.388427734375,3565.251953125,3524.180908203125,3552.236572265625,1711435776
1754294400,3552.650634765625,3568.18896484375,3543.400634765625,3556.28564453125,268222464
1754308800,3556.41455078125,3660.7138671875,3552.6728515625,3649.120849609375,3836307456
1754323200,3649.424560546875,3717.89697265625,3649.424560546875,3668.90087890625,4498903040
1754337600,3667.240234375,3733.8828125,3661.7236328125,3719.81787109375,1635489792
1754352000,3720.34619140625,3720.34619140625,3649.708251953125,3653.041259765625,1193400320
1754366400,3652.3076171875,3678.64892578125,3606.1611328125,3611.865966796875,2034427904
1754380800,3612.72802734375,3691.445068359375,3609.07421875,3672.21875,1094168576
1754395200,3672.902099609375,3675.377685546875,3557.740966796875,3564.595947265625,2624774144
1754409600,3568.179443359375,3607.98388671875,3561.61328125,3574.064697265625,39931904
1754424000,3571.31982421875,3620.359619140625,3549.67919921875,3612.038818359375,1433874432
1754438400,3611.817626953125,3612.430908203125,3567.095947265625,3584.49658203125,1522925568
1754452800,3583.436767578125,3660.011474609375,3570.1396484375,3640.31689453125,1297014784
1754467200,3639.91748046875,3642.7373046875,3610.575439453125,3618.315185546875,528015360
1754481600,3618.4599609375,3667.189453125,3580.195556640625,3667.189453125,1035368448
1754496000,3666.15625,3698.124755859375,3641.101318359375,3679.545654296875,2498424832
1754510400,3684.0341796875,3685.17822265625,3657.27734375,3684.06201171875,1468229632
1754524800,3683.683837890625,3715.465087890625,3650.517333984375,3658.038330078125,1103366144
1754539200,3657.398681640625,3708.53662109375,3657.237548828125,3701.746826171875,587386880
1754553600,3701.8759765625,3836.859375,3701.8759765625,3830.878662109375,4213858304
1754568000,3829.8037109375,3865.242919921875,3808.2373046875,3838.62255859375,5283575808
1754582400,3838.46484375,3877.99658203125,3784.73681640625,3867.376953125,918243328
1754596800,3870.4111328125,3926.204345703125,3855.19091796875,3914.110595703125,4504338432
1754611200,3906.01171875,3961.220703125,3883.199462890625,3938.284423828125,3355389952
1754625600,3939.500732421875,3939.500732421875,3897.33056640625,3916.54248046875,3088920576
1754640000,3916.4013671875,3926.302490234375,3887.681884765625,3918.35595703125,908607488
1754654400,3918.741455078125,4010.965576171875,3893.7314453125,3955.072021484375,4968157184
1754668800,3954.978271484375,4064.865966796875,3954.5234375,4055.370849609375,4375928832
1754683200,4060.796630859375,4066.82470703125,4008.960693359375,4009.150634765625,1047334912
1754697600,4009.813232421875,4051.164794921875,4007.94677734375,4051.005615234375,0
1754712000,4050.845703125,4196.3740234375,4047.20263671875,4170.93310546875,7818223616
1754726400,4170.53125,4245.1376953125,4170.15185546875,4191.59765625,4899315712
1754740800,4190.76416015625,4223.0029296875,4162.201171875,4207.5078125,341827584
1754755200,4208.05517578125,4268.6220703125,4202.01806640625,4259.5595703125,1310896128
1754769600,4260.03466796875,4322.84765625,4251.654296875,4263.552734375,4808495104
1754784000,4268.091796875,4332.21044921875,4221.662109375,4243.38671875,2734153728
1754798400,4243.94287109375,4263.8349609375,4177.89404296875,4185.6962890625,2602594304
1754812800,4184.43603515625,4229.34033203125,4163.9404296875,4181.4013671875,0
1754827200,4182.51171875,4233.04052734375,4165.359375,4218.80810546875,1853218816
1754841600,4218.5283203125,4259.0146484375,4216.94775390625,4254.68359375,0
1754856000,4252.37158203125,4254.96826171875,4192.06689453125,4254.2314453125,1058402304
1754870400,4251.685546875,4333.18603515625,4243.17626953125,4311.1923828125,1962295296
1754884800,4311.1923828125,4345.45849609375,4269.78857421875,4271.728515625,1711493120
1754899200,4274.2353515625,4283.7119140625,4174.27685546875,4187.59033203125,2062901248
1754913600,4184.83349609375,4327.52294921875,4170.00244140625,4325.00830078125,8087744512
1754928000,4333.73681640625,4358.73193359375,4241.82177734375,4257.92578125,4892082176
1754942400,4257.841796875,4257.841796875,4192.7060546875,4228.01904296875,1213288448
1754956800,4224.93115234375,4309.04443359375,4224.93115234375,4285.75146484375,507748352
1754971200,4283.599609375,4319.42919921875,4273.943359375,4312.56591796875,1446838272
1754985600,4314.38427734375,4329.5009765625,4258.93603515625,4293.58154296875,230395904
1755000000,4289.9287109375,4474.66552734375,4280.36572265625,4469.4287109375,7188602880
1755014400,4472.3193359375,4517.21337890625,4443.97509765625,4517.21337890625,2690154496
1755028800,4512.53466796875,4629.3486328125,4506.38525390625,4590.65771484375,7101034496
1755043200,4587.6591796875,4647.14111328125,4568.30419921875,4647.14111328125,5102694400
1755057600,4646.525390625,4676.5654296875,4611.37841796875,4625.94677734375,3406745600
1755072000,4625.7958984375,4707.728515625,4610.37646484375,4686.482421875,5026496512
1755086400,4690.2373046875,4734.44580078125,4623.79052734375,4656.673828125,1270382592
1755100800,4663.56201171875,4747.63623046875,4663.24560546875,4734.34814453125,5528584192
1755115200,4740.0419921875,4778.392578125,4702.30078125,4758.123046875,3056025600
1755129600,4750.02783203125,4778.0537109375,4712.72802734375,4778.0537109375,2251800576
1755144000,4776.50341796875,4785.34814453125,4721.2470703125,4748.67529296875,2045739008
1755158400,4748.28759765625,4764.861328125,4694.1005859375,4718.134765625,2059165696
1755172800,4719.859375,4735.1953125,4491.9921875,4624.11083984375,14590140416
1755187200,4621.0322265625,4621.0322265625,4487.29638671875,4545.91796875,1803108352
1755201600,4541.9326171875,4574.1181640625,4461.44140625,4549.07568359375,1629208576
1755216000,4549.67041015625,4653.125,4545.68701171875,4640.140625,3279486976
1755230400,4638.23388671875,4664.07080078125,4611.1552734375,4640.94482421875,984473600
1755244800,4642.76025390625,4663.740234375,4617.77001953125,4639.72509765625,725622784
1755259200,4639.0400390625,4661.73291015625,4408.642578125,4432.56494140625,900911104
1755273600,4432.06494140625,4457.79638671875,4377.515625,4390.49951171875,1741160448
1755288000,4375.54541015625,4491.8076171875,4375.54541015625,4439.998046875,5180944384
1755302400,4443.2392578125,4493.1494140625,4433.5576171875,4433.5576171875,591327232
1755316800,4435.03369140625,4466.1474609375,4418.90380859375,4457.796875,633585664
1755331200,4454.97509765625,4461.4462890625,4388.3857421875,4389.8310546875,1299451904
1755345600,4387.642578125,4428.806640625,4379.4716796875,4400.47900390625,0
1755360000,4402.6923828125,4438.66064453125,4396.78369140625,4424.19384765625,0
1755374400,4422.95361328125,4439.2451171875,4409.23583984375,4426.259765625,113786880
1755388800,4426.2783203125,4459.1845703125,4401.232421875,4454.169921875,1346213888
1755403200,4455.54638671875,4494.49267578125,4451.68212890625,4469.7099609375,4366616576
1755417600,4470.29833984375,4573.02392578125,4463.869140625,4554.0478515625,4288874496
1755432000,4554.37255859375,4566.662109375,4523.83203125,4564.72900390625,0
1755446400,4563.318359375,4567.74169921875,4437.53662109375,4459.42236328125,7704745984
1755460800,4461.6513671875,4536.33349609375,4461.31591796875,4473.33056640625,1854830592
1755475200,4475.4365234375,4481.86572265625,4295.9873046875,4325.7314453125,11481829376
1755489600,4325.2998046875,4349.56982421875,4237.2197265625,4261.51611328125,3756830720
1755504000,4259.29931640625,4320.0478515625,4230.85693359375,4278.35205078125,3038158848
1755518400,4277.54638671875,4365.38916015625,4275.228515625,4342.62890625,4564299776
1755532800,4347.54248046875,4383.00634765625,4305.4794921875,4359.46435546875,3282903040
1755547200,4354.56494140625,4387.12255859375,4308.83349609375,4312.5302734375,1301737472
1755561600,4314.744140625,4352.748046875,4220.09814453125,4222.43798828125,909860864
1755576000,4220.6591796875,4251.35302734375,4199.60107421875,4233.91162109375,1322811392
1755590400,4237.01025390625,4316.11962890625,4223.873046875,4311.0986328125,1534607360
1755604800,4311.1640625,4337.30078125,4180.52783203125,4193.423828125,2362376192
1755619200,4190.625,4202.34228515625,4116.990234375,4140.09814453125,4256514048
1755633600,4141.76318359375,4163.52392578125,4070.59033203125,4073.168212890625,2715742208
1755648000,4075.082763671875,4158.21728515625,4066.98974609375,4143.3271484375,1513783296
1755662400,4142.37158203125,4210.58642578125,4142.37158203125,4184.9072265625,1228070912
1755676800,4185.28076171875,4239.72900390625,4157.35546875,4190.33984375,2926809088
1755691200,4194.53076171875,4304.97314453125,4111.19970703125,4253.8017578125,2421850112
1755705600,4255.1201171875,4359.8408203125,4255.1201171875,4349.21044921875,2334134272
1755720000,4343.49658203125,4372.73193359375,4322.041015625,4334.5673828125,2161307648
1755734400,4335.26611328125,4337.3681640625,4280.72900390625,4295.3642578125,226304000
1755748800,4294.90771484375,4319.982421875,4277.861328125,4309.83056640625,1589964800
1755763200,4309.7490234375,4313.701171875,4258.6318359375,4281.40625,1349292032
1755777600,4279.6875,4319.99169921875,4237.58935546875,4239.92578125,178073600
1755792000,4242.271484375,4271.4658203125,4211.255859375,4224.7392578125,0
1755806400,4223.845703125,4258.0498046875,4206.7529296875,4223.73095703125,2686228480
1755820800,4224.3916015625,4310.619140625,4223.6728515625,4276.46728515625,438931456
1755835200,4278.03369140625,4342.17822265625,4273.46728515625,4329.26904296875,2718068736
1755849600,4328.29833984375,4349.54296875,4276.6455078125,4276.6455078125,1738256384
1755864000,4275.2890625,4660.1796875,4209.673828125,4633.48193359375,18158170112
1755878400,4629.89501953125,4851.81298828125,4629.89501953125,4851.81298828125,14503923712
1755892800,4831.046875,4882.59326171875,4801.392578125,4831.08837890625,8021135360
1755907200,4828.6962890625,4828.6962890625,4671.15673828125,4694.1796875,4414595072
1755921600,4692.3447265625,4759.39111328125,4692.3447265625,4712.6552734375,2159263744
1755936000,4711.23291015625,4741.6044921875,4700.5517578125,4701.0517578125,721747968
1755950400,4700.15478515625,4763.4912109375,4692.451171875,4754.615234375,689790976
1755964800,4750.529296875,4758.04443359375,4729.62548828125,4757.64697265625,0
1755979200,4757.06298828125,4794.3486328125,4737.86376953125,4776.70458984375,904638464
1755993600,4778.88330078125,4812.802734375,4754.89501953125,4789.91259765625,105259008
1756008000,4787.87890625,4797.05224609375,4757.724609375,4760.23828125,0
1756022400,4759.33935546875,4783.34814453125,4722.65869140625,4746.626953125,1078269952
1756036800,4746.8974609375,4826.3798828125,4740.666015625,4796.828125,1961261056
1756051200,4797.232421875,4953.02490234375,4773.74267578125,4801.40283203125,13521694720
1756065600,4798.7333984375,4820.19482421875,4730.06494140625,4777.162109375,9779671040
1756080000,4779.57080078125,4795.14306640625,4674.25,4728.59130859375,2589958144
1756094400,4725.9140625,4736.013671875,4584.4130859375,4588.29638671875,4344111104
1756108800,4589.7197265625,4611.60498046875,4534.55126953125,4595.279296875,6020988928
1756123200,4597.962890625,4675.92529296875,4589.90234375,4611.04248046875,3274870784
1756137600,4612.62255859375,4643.529296875,4435.8974609375,4435.8974609375,1172426752
1756152000,4418.314453125,4443.94384765625,4348.6982421875,4372.88037109375,4859834368
1756166400,4373.537109375,4449.60546875,4324.99267578125,4398.353515625,3891613696
1756180800,4402.38720703125,4448.02099609375,4396.162109375,4426.15283203125,1723789312
1756195200,4428.9150390625,4457.98583984375,4407.00390625,4424.55615234375,1065799680
1756209600,4426.447265625,4575.8388671875,4407.42529296875,4520.0556640625,2284019712
1756224000,4520.8603515625,4595.7841796875,4502.1533203125,4586.919921875,3110805504
1756238400,4589.04638671875,4630.951171875,4569.92138671875,4600.51025390625,969674752
1756252800,4601.0361328125,4623.99853515625,4542.96826171875,4608.80322265625,559878144
1756267200,4606.1474609375,4641.15625,4565.986328125,4576.01953125,1746046976
1756281600,4578.94140625,4617.306640625,4561.494140625,4612.13720703125,1556217856
1756296000,4609.71923828125,4659.3271484375,4582.29296875,4659.3271484375,165478400
1756310400,4658.095703125,4658.095703125,4545.83251953125,4569.76318359375,784273408
1756324800,4566.44189453125,4609.822265625,4489.2998046875,4503.63134765625,2676060160
1756339200,4506.8681640625,4545.42236328125,4471.5498046875,4544.6845703125,697311232
1756353600,4542.20556640625,4589.8955078125,4536.74658203125,4589.8955078125,2360373248
1756368000,4597.3525390625,4627.90673828125,4584.93115234375,4592.03564453125,1542922240
1756382400,4594.5283203125,4613.65576171875,4491.1171875,4505.376953125,0
1756396800,4504.486328125,4526.93505859375,4450.2685546875,4450.689453125,3588706304
1756411200,4446.7685546875,4513.22119140625,4436.671875,4507.63134765625,1124950016
1756425600,4512.56591796875,4512.56591796875,4440.68603515625,4496.263671875,2865258496
1756440000,4491.97998046875,4496.21435546875,4372.78466796875,4372.78466796875,2989572096
1756454400,4380.37841796875,4397.3583984375,4322.39697265625,4346.1376953125,4911943680
1756468800,4346.7470703125,4423.47802734375,4272.45947265625,4323.4423828125,5414129664
1756483200,4318.505859375,4364.14794921875,4300.64111328125,4342.9541015625,1784856576
1756497600,4341.73486328125,4378.26708984375,4313.2744140625,4360.0888671875,2715897856
1756512000,4357.517578125,4376.62890625,4266.35693359375,4353.064453125,2027421696
1756526400,4352.8359375,4412.4248046875,4350.48291015625,4400.927734375,1942761472
1756540800,4400.5087890625,4405.5556640625,4380.74462890625,4391.7294921875,0
1756555200,4392.0380859375,4392.0380859375,4336.52099609375,4374.142578125,0
1756569600,4375.22314453125,4375.22314453125,4340.72998046875,4353.0322265625,1200924672
1756584000,4354.3115234375,4374.8935546875,4338.865234375,4374.8935546875,1403885568
1756598400,4374.4150390625,4483.41162109375,4373.6123046875,4483.41162109375,1355247616
1756612800,4485.6044921875,4485.76611328125,4435.0859375,4452.15185546875,635166720
1756627200,4452.0390625,4480.20556640625,4442.21435546875,4477.04150390625,1574324224
1756641600,4476.25244140625,4496.72216796875,4453.716796875,4485.40283203125,3513884672
1756656000,4485.0283203125,4489.87353515625,4455.51416015625,4455.51416015625,1272064000
1756670400,4456.00341796875,4476.7998046875,4381.40283203125,4389.6259765625,2788907008
1756684800,4389.5283203125,4430.3427734375,4366.9833984375,4406.755859375,1241579520
1756699200,4405.64013671875,4456.8974609375,4364.25927734375,4455.16162109375,5014433792
1756713600,4474.09033203125,4487.58203125,4383.4208984375,4394.3916015625,2517604352
1756728000,4393.77587890625,4421.5341796875,4353.32373046875,4358.8173828125,2073098240
1756742400,4363.16015625,4368.99462890625,4312.94482421875,4368.01806640625,2461138944
1756756800,4367.908203125,4367.908203125,4236.25341796875,4314.39111328125,3965061120
1756771200,4314.33544921875,4391.04541015625,4293.36962890625,4366.59375,281481216
1756785600,4367.21826171875,4414.58740234375,4363.9248046875,4374.86962890625,1293135872
1756800000,4377.509765625,4406.25244140625,4344.39453125,4344.39453125,888770560
1756814400,4348.109375,4389.578125,4277.82080078125,4290.4013671875,7047749632
1756828800,4293.05419921875,4327.27880859375,4264.63916015625,4271.56689453125,2534748160
1756843200,4274.0859375,4336.189453125,4268.4541015625,4324.6962890625,1296949248
1756857600,4326.29541015625,4351.7578125,4286.37548828125,4334.99365234375,997400576
1756872000,4335.76953125,4341.9375,4294.09130859375,4311.90771484375,1438605312
1756886400,4311.13720703125,4386.05126953125,4306.10595703125,4374.33447265625,3823591424
1756900800,4373.21630859375,4483.98974609375,4345.3359375,4483.9521484375,1496743936
1756915200,4482.283203125,4488.21728515625,4457.40283203125,4477.0615234375,2783252480
1756929600,4476.8212890625,4480.31884765625,4445.205078125,4450.2158203125,956805120
1756944000,4452.36181640625,4483.349609375,4396.57958984375,4399.46435546875,1974685696
1756958400,4399.51708984375,4413.564453125,4358.65380859375,4375.56787109375,3067244544
1756972800,4372.8466796875,4430.84423828125,4369.39306640625,4409.16064453125,902180864
1756987200,4409.28955078125,4423.49853515625,4301.77783203125,4307.140625,683905024
1757001600,4302.2197265625,4322.3076171875,4268.5888671875,4278.9248046875,1191100416
1757016000,4290.0185546875,4348.27978515625,4286.5224609375,4298.8369140625,808050688
1757030400,4299.48291015625,4332.54150390625,4294.34619140625,4328.18603515625,1086525440
1757044800,4328.85498046875,4423.7734375,4319.2412109375,4422.04541015625,849072128
1757059200,4418.2568359375,4423.30859375,4376.33740234375,4417.98046875,4745703424
1757073600,4418.09814453125,4484.361328125,4265.22998046875,4279.6904296875,8836759552
1757088000,4282.12744140625,4330.0224609375,4273.4248046875,4328.8388671875,1246482432
1757102400,4331.5400390625,4342.212890625,4295.92919921875,4306.97314453125,1427906560
1757116800,4306.873046875,4327.2197265625,4303.86669921875,4319.5439453125,1341386752
1757131200,4320.0361328125,4320.0361328125,4291.90673828125,4311.93408203125,667222016
1757145600,4311.87890625,4312.9150390625,4289.7919921875,4298.50146484375,0
1757160000,4298.82177734375,4306.224609375,4268.1171875,4273.47412109375,0
1757174400,4271.982421875,4295.85693359375,4248.28759765625,4255.25390625,1577662464
1757188800,4255.89697265625,4286.24609375,4254.89404296875,4274.40087890625,1163778048
1757203200,4273.78369140625,4304.25,4273.56787109375,4297.9853515625,984764416
1757217600,4297.65771484375,4303.427734375,4281.71142578125,4294.06640625,537769984
1757232000,4294.94775390625,4314.8388671875,4293.42822265625,4307.5830078125,2371901440
1757246400,4309.21533203125,4309.759765625,4291.25537109375,4299.18603515625,436148224
1757260800,4299.099609375,4300.419921875,4272.111328125,4293.248046875,937603072
1757275200,4291.33984375,4334.2744140625,4281.53515625,4305.38134765625,1093949440
1757289600,4305.59716796875,4328.81982421875,4281.494140625,4309.86962890625,3232704512
1757304000,4311.5283203125,4311.572265625,4289.150390625,4291.88427734375,1751695360
1757318400,4291.37744140625,4335.8310546875,4289.32373046875,4312.48974609375,2577784832
1757332800,4314.29443359375,4381.27490234375,4307.1279296875,4369.9658203125,5627516928
1757347200,4369.9970703125,4369.9970703125,4288.94873046875,4289.86572265625,2116773888
1757361600,4289.0888671875,4329.73828125,4283.30029296875,4308.283203125,2598844416
1757376000,4306.70751953125,4312.9208984375,4279.30517578125,4307.0517578125,325464064
1757390400,4305.97412109375,4380.80322265625,4303.9140625,4358.525390625,2481156096
1757404800,4360.67041015625,4364.40869140625,4343.27197265625,4347.62109375,1811218432
1757419200,4346.85205078125,4364.8505859375,4278.6552734375,4287.33544921875,2476746752
1757433600,4285.224609375,4298.55712890625,4278.80908203125,4296.76904296875,3042519040
1757448000,4293.67431640625,4318.03955078125,4282.87060546875,4309.091796875,0
1757462400,4310.13623046875,4324.662109375,4286.56298828125,4318.52587890625,4506091520
1757476800,4318.76953125,4330.0556640625,4296.7353515625,4327.39794921875,1433790464
1757491200,4328.75537109375,4332.5615234375,4314.49267578125,4329.92041015625,2185887744
1757505600,4330.6259765625,4450.41796875,4330.25830078125,4406.19384765625,3904067584
1757520000,4405.56298828125,4407.04931640625,4301.83154296875,4325.28173828125,5078697984
1757534400,4323.3291015625,4354.767578125,4322.9560546875,4349.2001953125,726970368
1757548800,4348.68017578125,4406.06103515625,4340.28759765625,4406.06103515625,1785667584
1757563200,4405.173828125,4445.86083984375,4398.5205078125,4444.26416015625,4413521920
1757577600,4441.5888671875,4441.5888671875,4407.91552734375,4431.28466796875,76451840
1757592000,4431.23486328125,4468.26220703125,4387.4140625,4411.98193359375,993898496
1757606400,4416.8056640625,4440.76025390625,4409.294921875,4424.3505859375,0
1757620800,4424.39013671875,4468.939453125,4416.23681640625,4461.4794921875,1714143232
1757635200,4461.05615234375,4533.2275390625,4453.408203125,4505.10107421875,4668211200
1757649600,4506.38623046875,4559.3955078125,4502.37060546875,4526.470703125,719261696
1757664000,4526.82861328125,4534.91552734375,4507.8349609375,4519.357421875,741388288
1757678400,4520.3720703125,4568.52197265625,4507.103515625,4545.13330078125,1468405760
1757692800,4543.5009765625,4664.3720703125,4536.19873046875,4664.3720703125,5706489856
1757707200,4663.236328125,4734.27392578125,4635.41943359375,4714.70361328125,4142391296
1757721600,4715.1875,4762.85546875,4696.2451171875,4759.1650390625,3815800832
1757736000,4758.49169921875,4758.49169921875,4706.57080078125,4714.28515625,316674048
1757750400,4716.0234375,4740.3525390625,4711.70458984375,4722.69091796875,1271648256
1757764800,4722.396484375,4728.833984375,4648.42333984375,4655.02392578125,1392242688
1757779200,4655.28564453125,4668.52880859375,4609.12548828125,4641.27294921875,1048236032
1757793600,4640.51806640625,4672.43603515625,4640.51806640625,4668.17138671875,172617728
1757808000,4668.3271484375,4689.90234375,4655.453125,4665.12158203125,0
1757822400,4665.10546875,4681.57763671875,4640.109375,4652.8291015625,0
1757836800,4653.11572265625,4673.4404296875,4631.59619140625,4631.59619140625,804526080
1757851200,4633.12109375,4645.2021484375,4582.13232421875,4582.13232421875,5824993280
1757865600,4582.94677734375,4628.88330078125,4581.84716796875,4616.12060546875,753092608
1757880000,4616.2490234375,4636.8203125,4601.35107421875,4609.72314453125,1500663808
1757894400,4608.2421875,4643.6328125,4585.5126953125,4642.388671875,1469448192
1757908800,4639.466796875,4670.205078125,4593.5302734375,4600.47412109375,3166158848
1757923200,4599.7451171875,4599.7451171875,4507.732421875,4534.33544921875,7878633472
1757937600,4533.25244140625,4541.56591796875,4471.2666015625,4504.58203125,200396800
1757952000,4501.9521484375,4513.2236328125,4478.2470703125,4495.4609375,2208382976
1757966400,4492.990234375,4529.37744140625,4490.17578125,4526.078125,918593536
1757980800,4523.99365234375,4536.74951171875,4507.25341796875,4525.5771484375,535339008
1757995200,4524.22216796875,4535.998046875,4495.10498046875,4513.38916015625,298000384
1758009600,4513.59619140625,4530.3251953125,4496.4375,4501.9736328125,647960576
1758024000,4502.095703125,4510.79736328125,4428.330078125,4467.88037109375,2710945792
1758038400,4468.7470703125,4510.88623046875,4450.07958984375,4494.80224609375,5200979968
1758052800,4494.17919921875,4524.91064453125,4488.0732421875,4503.6357421875,2525075456
1758067200,4503.93212890625,4550.93896484375,4497.39990234375,4501.12255859375,1156134912
1758081600,4500.017578125,4554.2314453125,4470.197265625,4545.51416015625,4063651840
1758096000,4545.6591796875,4546.17236328125,4482.45654296875,4494.474609375,1700700160
1758110400,4493.95068359375,4513.01611328125,4480.0078125,4492.6484375,791085056
1758124800,4491.4375,4528.11083984375,4429.64453125,4520.4609375,10831929344
1758139200,4519.24365234375,4617.23486328125,4490.47412109375,4592.44287109375,2104958976
1758153600,4592.6435546875,4643.62451171875,4582.609375,4617.91259765625,4337352704
1758168000,4618.89892578125,4619.646484375,4557.21484375,4577.30712890625,917450752
1758182400,4576.484375,4605.423828125,4572.86669921875,4573.6357421875,1078693888
1758196800,4576.625,4624.38623046875,4567.60107421875,4603.6044921875,2459901952
1758211200,4600.796875,4635.92919921875,4583.34130859375,4591.33544921875,0
1758225600,4589.57958984375,4606.748046875,4573.5400390625,4589.505859375,1144832
1758240000,4590.2060546875,4620.79296875,4548.97900390625,4550.36376953125,0
1758254400,4550.896484375,4560.158203125,4521.8046875,4542.17431640625,2807379968
1758268800,4541.81689453125,4549.53466796875,4510.908203125,4517.45947265625,853147648
1758283200,4517.3701171875,4543.8447265625,4451.7294921875,4477.7236328125,4260997120
1758297600,4476.1376953125,4489.29296875,4444.72900390625,4447.0595703125,1938063360
1758312000,4445.00537109375,4478.9873046875,4445.00537109375,4470.978515625,1721395200
1758326400,4471.146484375,4477.5947265625,4459.89794921875,4468.4130859375,2576873472
1758340800,4468.1240234375,4484.1806640625,4466.13330078125,4483.6787109375,243712000
1758355200,4485.17822265625,4485.17822265625,4459.57958984375,4472.25634765625,1022449664
1758369600,4472.26123046875,4508.326171875,4466.11376953125,4499.91162109375,0
1758384000,4499.96728515625,4509.56494140625,4474.19921875,4482.5419921875,595927040
1758398400,4481.6474609375,4502.01953125,4481.4130859375,4482.583984375,8923136
1758412800,4482.16796875,4490.93505859375,4464.0205078125,4479.15625,24602624
1758427200,4480.1494140625,4493.61767578125,4470.4072265625,4480.00830078125,1026983936
1758441600,4480.49169921875,4481.9716796875,4450.212890625,4463.2255859375,1286232064
1758456000,4463.068359375,4488.1962890625,4462.95166015625,4485.45947265625,1078179840
1758470400,4485.4404296875,4498.76171875,4468.63525390625,4496.6953125,344877056
1758484800,4496.4951171875,4496.95263671875,4447.1611328125,4451.58056640625,1761036288
1758499200,4447.82666015625,4456.36474609375,4286.45703125,4308.1494140625,10483761152
1758513600,4308.03662109375,4311.658203125,4103.6103515625,4197.7333984375,13277599744
1758528000,4196.52734375,4207.7001953125,4146.748046875,4183.79296875,5772337152
1758542400,4184.01318359375,4220.34814453125,4167.49658203125,4171.505859375,4355526656
1758556800,4169.88623046875,4184.9765625,4135.3369140625,4140.2353515625,2767532032
1758571200,4137.75048828125,4211.13818359375,4137.75048828125,4203.021484375,3187347456
1758585600,4203.0341796875,4213.7119140625,4121.00048828125,4189.52392578125,1686368256
1758600000,4191.27734375,4213.9423828125,4160.12744140625,4208.95849609375,0
1758614400,4209.62158203125,4225.5556640625,4183.7705078125,4195.94580078125,0
1758628800,4195.5205078125,4208.78662109375,4170.509765625,4183.50634765625,0
1758643200,4183.40380859375,4204.5,4140.74951171875,4153.13623046875,1109559296
1758657600,4153.03466796875,4188.6083984375,4144.4462890625,4165.41259765625,691978240
1758672000,4164.88671875,4193.271484375,4134.76220703125,4149.89404296875,752861184
1758686400,4149.794921875,4183.7080078125,4091.443603515625,4173.1630859375,2808295424
1758700800,4175.02880859375,4198.93994140625,4168.931640625,4183.44189453125,1355534336
1758715200,4182.6865234375,4205.140625,4152.96923828125,4169.5166015625,117284864
1758729600,4165.796875,4195.126953125,4158.4169921875,4165.17236328125,434356224
1758744000,4164.4384765625,4172.904296875,4138.33251953125,4153.52099609375,1495177216
1758758400,4152.90380859375,4162.0625,4040.4228515625,4060.091552734375,4640083968
1758772800,4063.03857421875,4069.343505859375,3983.884033203125,4008.9853515625,4642017280
1758787200,4008.825927734375,4052.331787109375,3997.688232421875,4002.181640625,3793870848
1758801600,4002.826171875,4020.1572265625,3948.85107421875,3999.968994140625,8519901184
1758816000,4004.08203125,4004.812255859375,3829.0107421875,3918.757568359375,11558846464
1758830400,3913.059326171875,3935.347412109375,3860.118896484375,3867.62060546875,3214303232
1758844800,3873.3984375,3970.753173828125,3872.46923828125,3966.655029296875,1200369664
1758859200,3968.05078125,3975.52294921875,3912.693603515625,3936.866455078125,2369126400
1758873600,3942.49951171875,3945.91162109375,3878.322998046875,3909.514404296875,541552640
1758888000,3909.81884765625,3981.66552734375,3878.76123046875,3949.34130859375,4951539712
1758902400,3948.113037109375,4069.168701171875,3946.790771484375,4029.7392578125,0
1758916800,4028.490234375,4040.12890625,4008.9462890625,4035.91455078125,446828544
1758931200,4035.463134765625,4035.463134765625,4012.054443359375,4021.590087890625,348758016
1758945600,4021.439697265625,4028.302734375,4009.48291015625,4010.364990234375,292995072
1758960000,4008.95947265625,4016.95166015625,3977.171875,4003.734375,263438336
1758974400,4003.160400390625,4037.63671875,3996.9609375,4022.068115234375,0
1758988800,4019.9453125,4019.9453125,3987.088134765625,4003.658203125,0
1759003200,4004.667236328125,4033.666015625,4003.12646484375,4018.65966796875,812429312
1759017600,4019.49267578125,4031.827392578125,3997.927734375,4004.8759765625,579244032
1759032000,4004.531005859375,4017.7763671875,3999.30517578125,4015.214111328125,130844672
1759046400,4014.86181640625,4017.2236328125,3987.508056640625,3995.104248046875,921221120
1759060800,3993.341064453125,4028.37353515625,3969.79296875,4022.70947265625,1876721664
1759075200,4022.757568359375,4050.465087890625,4022.757568359375,4039.32177734375,1908236288
1759089600,4039.614501953125,4142.77294921875,4037.94580078125,4141.3564453125,4565790720
1759104000,4144.50146484375,4145.4580078125,4106.55078125,4120.99951171875,1731624960
1759118400,4121.60986328125,4123.06787109375,4093.7451171875,4110.8427734375,2684866560
1759132800,4110.23876953125,4138.17919921875,4099.95654296875,4105.279296875,2856404992
1759147200,4104.9169921875,4202.53564453125,4088.891357421875,4166.6787109375,6283876352
1759161600,4167.25390625,4193.90869140625,4137.0439453125,4193.90869140625,1956204544
1759176000,4190.94677734375,4232.74462890625,4187.9873046875,4218.54052734375,2737197056
1759190400,4217.59033203125,4238.67138671875,4194.23291015625,4201.61865234375,1182539776
1759204800,4201.66845703125,4206.4462890625,4174.9091796875,4184.26025390625,1593417728
1759219200,4184.59228515625,4184.59228515625,4140.302734375,4169.95751953125,1535238144
1759233600,4168.4287109375,4175.31005859375,4100.81298828125,4120.62890625,268652544
1759248000,4120.49560546875,4166.60498046875,4095.714599609375,4162.19189453125,2424152064
1759262400,4162.68115234375,4199.16015625,4123.24560546875,4146.03369140625,1115398144
1759276800,4149.740234375,4172.12744140625,4127.50244140625,4131.66357421875,922427392
1759291200,4130.4619140625,4155.208984375,4125.7822265625,4147.75244140625,1022582784
1759305600,4147.3076171875,4315.09033203125,4147.3076171875,4298.578125,7319486464
1759320000,4299.0849609375,4345.77587890625,4282.68115234375,4327.447265625,3125313536
1759334400,4329.8505859375,4341.595703125,4291.7255859375,4334.16845703125,597946368
1759348800,4335.337890625,4344.4111328125,4296.85546875,4344.4111328125,796774400
1759363200,4349.72607421875,4399.95556640625,4337.88671875,4379.365234375,3329015808
1759377600,4377.736328125,4421.93212890625,4368.50537109375,4376.97216796875,2983460864
1759392000,4380.6796875,4395.4375,4374.4033203125,4381.95751953125,0
1759406400,4382.8251953125,4440.96142578125,4344.46630859375,4440.96142578125,1054466048
1759420800,4441.26513671875,4517.6650390625,4433.8759765625,4497.43701171875,5601193984
1759435200,4499.01806640625,4499.01806640625,4462.572265625,4486.9345703125,1275797504
1759449600,4487.2724609375,4558.0234375,4467.15234375,4504.09716796875,0
1759464000,4503.6044921875,4511.41748046875,4457.455078125,4461.24658203125,1746235392
1759478400,4465.27685546875,4495.9814453125,4433.01611328125,4483.3486328125,4749987840
1759492800,4481.662109375,4533.95263671875,4442.5068359375,4532.8173828125,0
1759507200,4551.6484375,4588.18359375,4456.205078125,4521.0390625,8542638080
1759521600,4521.80908203125,4544.5361328125,4498.4306640625,4514.9091796875,702222336
1759536000,4514.2197265625,4518.02783203125,4468.9794921875,4489.34228515625,384057344
1759550400,4489.9365234375,4519.39013671875,4483.2568359375,4498.73828125,405938176
1759564800,4500.55029296875,4505.08837890625,4483.15283203125,4486.08984375,961253376
1759579200,4486.037109375,4510.27099609375,4448.33349609375,4456.6552734375,415023104
1759593600,4456.0009765625,4476.54736328125,4445.56640625,4468.21630859375,0
1759608000,4468.59765625,4494.0810546875,4468.59765625,4489.05322265625,932278272
1759622400,4489.99658203125,4568.82861328125,4472.90380859375,4540.95703125,6695172096
1759636800,4533.6396484375,4610.765625,4532.76318359375,4604.67236328125,4400379904
1759651200,4607.53271484375,4614.05029296875,4526.49755859375,4553.4599609375,10156929024
1759665600,4552.70556640625,4552.70556640625,4528.87109375,4534.65087890625,1610645504
1759680000,4534.43408203125,4540.84765625,4487.74658203125,4487.74658203125,2463137792
1759694400,4482.00634765625,4522.771484375,4482.00634765625,4515.30078125,2782674944
1759708800,4515.1923828125,4549.96142578125,4493.49365234375,4537.380859375,1685172224
1759723200,4537.990234375,4576.52978515625,4511.30517578125,4533.6748046875,0
1759737600,4534.1025390625,4588.2021484375,4534.1025390625,4573.83837890625,295041024
1759752000,4573.37255859375,4691.1083984375,4573.37255859375,4677.7861328125,7746871296
1759766400,4679.33203125,4729.66748046875,4663.4873046875,4729.66748046875,4332576768
1759780800,4725.03759765625,4734.4423828125,4677.755859375,4687.7099609375,2590064640
1759795200,4687.11767578125,4699.0908203125,4670.03857421875,4692.98291015625,1129836544
1759809600,4692.626953125,4728.5087890625,4670.9677734375,4677.029296875,2342043648
1759824000,4678.87646484375,4712.55615234375,4642.9541015625,4711.7666015625,1102286848
1759838400,4712.23779296875,4754.88232421875,4501.2265625,4512.33740234375,6279577600
1759852800,4504.40966796875,4521.91357421875,4458.7822265625,4478.259765625,4776677376
1759867200,4480.53955078125,4518.044921875,4451.10791015625,4451.10791015625,1544724480
1759881600,4454.06787109375,4499.52685546875,4439.763671875,4444.40380859375,2090360832
1759896000,4444.2646484375,4468.07080078125,4422.9560546875,4461.97021484375,1673940992
1759910400,4464.68310546875,4507.65283203125,4461.482421875,4488.33203125,1042612224
1759924800,4489.419921875,4519.32861328125,4444.14111328125,4448.00390625,0
1759939200,4443.609375,4552.91552734375,4442.4765625,4518.38037109375,1112178688
1759953600,4517.76806640625,4537.82421875,4504.51416015625,4526.9609375,745578496
1759968000,4527.28076171875,4531.716796875,4407.9521484375,4451.6298828125,2056273920
1759982400,4451.8349609375,4458.49560546875,4416.52490234375,4428.236328125,796016640
1759996800,4426.7705078125,4427.30419921875,4328.58544921875,4377.4404296875,4717133824
1760011200,4376.2626953125,4409.2041015625,4295.57421875,4318.3134765625,1426690048
1760025600,4317.49609375,4340.20947265625,4279.470703125,4329.51708984375,2641354752
1760040000,4343.89208984375,4383.3955078125,4331.70458984375,4369.0654296875,3124023296
1760054400,4370.36572265625,4395.13623046875,4350.4169921875,4354.939453125,66473984
1760068800,4352.6708984375,4377.46728515625,4317.8173828125,4328.10595703125,1742315520
1760083200,4324.42236328125,4350.86181640625,4320.78125,4347.04443359375,120442880
1760097600,4344.93896484375,4384.8447265625,4083.447265625,4109.9248046875,9397157888
1760112000,4102.4130859375,4138.681640625,3961.6953125,4002.4267578125,7680905216
1760126400,4002.774169921875,4024.0283203125,3556.213134765625,3840.96044921875,45458915328
1760140800,3833.70361328125,3882.241455078125,3737.845947265625,3797.653076171875,10121437184
1760155200,3807.86376953125,3833.730224609375,3744.97119140625,3759.727783203125,7887749120
1760169600,3761.6279296875,3860.367919921875,3759.12890625,3842.19482421875,6549282816
1760184000,3836.802978515625,3856.028076171875,3797.4619140625,3830.500732421875,1442332672
1760198400,3832.4169921875,3849.01025390625,3743.6240234375,3757.906494140625,485752832
1760212800,3762.39208984375,3768.03125,3658.34228515625,3750.946044921875,99196928
1760227200,3750.034912109375,3813.08984375,3703.4609375,3784.02001953125,0
1760241600,3785.100830078125,3844.368896484375,3782.6220703125,3834.26611328125,0
1760256000,3830.8486328125,3850.896728515625,3815.337646484375,3821.202880859375,0
1760270400,3822.153076171875,4072.932373046875,3802.138671875,4038.75048828125,9478012928
1760284800,4039.11669921875,4156.4833984375,4039.11669921875,4139.33544921875,7642300416
1760299200,4139.6259765625,4189.76220703125,4095.963623046875,4164.04931640625,1628598272
1760313600,4159.21630859375,4202.927734375,4131.271484375,4140.87548828125,527937536
1760328000,4142.6962890625,4198.29052734375,4122.87451171875,4181.0771484375,3604537344
1760342400,4181.11474609375,4193.9375,4068.547607421875,4087.900634765625,1632772096
1760356800,4084.892333984375,4177.296875,4065.243896484375,4140.80712890625,2602512384
1760371200,4139.03125,4273.94677734375,4135.66455078125,4260.33154296875,1483104256
1760385600,4256.763671875,4286.9482421875,4241.94873046875,4245.37255859375,0
1760400000,4244.8603515625,4262.55810546875,4144.2841796875,4159.7998046875,434909184
1760414400,4156.76416015625,4161.92626953125,3976.406494140625,3977.860595703125,4126724096
1760428800,3982.186279296875,4016.418701171875,3896.0703125,3975.172607421875,6521049088
1760443200,3974.847900390625,4075.156005859375,3905.392333984375,4075.05419921875,3802144768
1760457600,4089.015625,4153.81298828125,4057.82666015625,4110.5166015625,5619552256
1760472000,4109.49853515625,4143.79150390625,4085.4697265625,4125.015625,2574364672
1760486400,4125.86962890625,4144.28466796875,4068.423828125,4084.125244140625,2378817536
1760500800,4085.107666015625,4130.58203125,4080.183837890625,4125.11669921875,268505088
1760515200,4125.25146484375,4209.2275390625,4094.491943359375,4101.86865234375,1752018944
1760529600,4103.1123046875,4107.91552734375,3968.801025390625,3982.94384765625,0
1760544000,3984.625732421875,4013.127685546875,3938.099853515625,3983.255859375,0
1760558400,3987.9150390625,3995.305908203125,3943.94287109375,3987.14892578125,2970710016
1760572800,3989.716064453125,4035.458740234375,3979.42626953125,4021.087646484375,594513920
1760587200,4015.68798828125,4045.741455078125,3991.2646484375,4001.2470703125,544894976
1760601600,4004.564453125,4072.0498046875,3951.739013671875,4061.8603515625,1305411584
1760616000,4063.2958984375,4078.535888671875,3903.8447265625,3903.8447265625,1655422976
1760630400,3909.429931640625,3963.669189453125,3855.837158203125,3871.479736328125,5686001664
1760644800,3875.2353515625,3896.564208984375,3837.154052734375,3894.377685546875,1133240320
1760659200,3893.351318359375,3949.953125,3892.17822265625,3934.12158203125,1397305344
1760673600,3934.3046875,3934.7548828125,3756.770263671875,3756.770263671875,4551270400
1760688000,3755.808837890625,3810.036376953125,3678.620361328125,3776.476318359375,10083536896
1760702400,3777.328857421875,3805.82275390625,3721.406982421875,3793.94287109375,1293565952
1760716800,3799.221435546875,3849.541259765625,3785.056640625,3832.046630859375,1974476800
1760731200,3829.22265625,3882.553955078125,3822.205078125,3833.009521484375,2494824448
1760745600,3832.7978515625,3880.80810546875,3823.323974609375,3870.9228515625,176492544
1760760000,3868.899658203125,3927.129638671875,3844.42919921875,3887.0888671875,849928192
1760774400,3892.351318359375,3901.836181640625,3866.776123046875,3881.768798828125,0
1760788800,3882.7939453125,3894.41357421875,3854.9658203125,3879.798095703125,0
1760803200,3879.676513671875,3894.98046875,3857.2861328125,3893.326904296875,0
1760817600,3895.102294921875,3903.0224609375,3872.3330078125,3889.313720703125,1219430400
1760832000,3890.123779296875,3905.444091796875,3859.748291015625,3905.444091796875,205012992
1760846400,3905.4599609375,3916.22265625,3879.216064453125,3887.497802734375,1896161280
1760860800,3888.273681640625,3950.59765625,3852.844482421875,3926.98388671875,3487766528
1760875200,3924.5849609375,3999.331298828125,3915.69970703125,3980.513427734375,4185579520
1760889600,3980.921142578125,4022.216552734375,3964.36572265625,3986.938232421875,2002167808
1760904000,3987.963134765625,4026.766357421875,3977.865966796875,3984.696044921875,1757634560
1760918400,3983.12744140625,4035.2509765625,3912.047119140625,4029.8046875,2882533376
1760932800,4030.510498046875,4082.81787109375,4027.927734375,4055.55078125,4322148352
1760947200,4056.476318359375,4062.978271484375,4016.480224609375,4036.2939453125,0
1760961600,4032.24755859375,4051.306884765625,4011.400634765625,4011.400634765625,725766144
1760976000,4010.1494140625,4010.1494140625,3926.078369140625,3990.828125,8334088192
1760990400,3978.573974609375,4003.494140625,3973.109375,3980.76025390625,412921856
1761004800,3980.740478515625,3985.698486328125,3924.989990234375,3924.989990234375,1042411520
1761019200,3919.818603515625,3919.818603515625,3843.227783203125,3895.13134765625,2453041152
1761033600,3894.758056640625,3894.9599609375,3854.48779296875,3892.85009765625,515727360
1761048000,3892.07421875,4082.248046875,3859.381591796875,4076.379150390625,6557552640
1761062400,4082.680419921875,4108.2607421875,3972.587646484375,4006.872802734375,5091459072
1761076800,4001.813232421875,4001.813232421875,3864.825439453125,3877.363037109375,4082991104
1761091200,3874.599609375,3889.544921875,3835.22607421875,3860.0224609375,1849364480
1761105600,3861.013916015625,3883.2470703125,3844.40966796875,3874.717041015625,485400576
1761120000,3870.369384765625,3870.369384765625,3784.2021484375,3829.652099609375,1432317952
1761134400,3830.28564453125,3874.830810546875,3785.20849609375,3839.478759765625,2227331072
1761148800,3840.83642578125,3856.868896484375,3790.938720703125,3790.938720703125,376475648
1761163200,3803.582763671875,3812.343994140625,3725.8505859375,3808.0849609375,2248245248
1761177600,3806.6875,3835.31884765625,3802.687744140625,3827.740234375,399974400
1761192000,3827.595458984375,3893.701416015625,3824.8056640625,3882.191162109375,1075712000
1761206400,3882.323974609375,3904.227294921875,3862.6982421875,3865.1259765625,702763008
1761220800,3864.3857421875,3884.259033203125,3816.4970703125,3880.73388671875,1521254400
1761235200,3879.216796875,3930.1669921875,3849.201416015625,3861.78857421875,1977823232
1761249600,3862.891845703125,3862.891845703125,3825.00390625,3856.033203125,61984768
1761264000,3857.817138671875,3894.9345703125,3850.20947265625,3892.102783203125,459976704
1761278400,3892.484619140625,3987.141357421875,3889.012451171875,3949.83447265625,2841862144
1761292800,3949.724365234375,3969.648681640625,3932.48291015625,3946.091796875,676102144
1761307200,3948.713623046875,4000.818359375,3881.2255859375,3887.985107421875,2249752576
1761321600,3889.610107421875,3937.304931640625,3869.77734375,3930.730224609375,453615616
1761336000,3929.12646484375,3944.67138671875,3927.38671875,3934.489990234375,975001600
1761350400,3935.286376953125,3938.517822265625,3914.640625,3923.227783203125,452098048
1761364800,3922.729248046875,3951.245849609375,3922.32177734375,3929.38623046875,0
1761379200,3929.72021484375,3955.134765625,3929.261962890625,3942.275634765625,73564160
1761393600,3941.763671875,3955.37060546875,3928.291259765625,3932.770263671875,0
1761408000,3932.912841796875,3967.37646484375,3930.04443359375,3957.267578125,4752335872
1761422400,3957.497314453125,3964.887939453125,3940.608642578125,3953.437255859375,554481664
1761436800,3953.916748046875,3960.4482421875,3924.86474609375,3930.213134765625,1129947136
1761451200,3930.79345703125,3954.2041015625,3930.05908203125,3951.6923828125,0
1761465600,3952.12841796875,4044.685302734375,3951.8125,4042.337646484375,3664927744
1761480000,4043.7490234375,4094.744873046875,4042.172607421875,4074.94482421875,4410425344
1761494400,4074.840087890625,4077.446533203125,4049.02880859375,4066.576904296875,2314360832
1761508800,4067.2783203125,4174.09619140625,4058.3720703125,4158.0107421875,5125564416
1761523200,4158.96630859375,4221.6376953125,4152.865234375,4204.732421875,3942565888
1761537600,4204.908203125,4250.669921875,4196.046875,4201.58935546875,4824956928
1761552000,4200.83154296875,4200.83154296875,4140.81640625,4160.78173828125,2351738880
1761566400,4160.07861328125,4184.5693359375,4129.8642578125,4173.80615234375,1377173504
1761580800,4172.39697265625,4231.95263671875,4172.39697265625,4198.751953125,3068903424
1761595200,4192.30712890625,4192.30712890625,4103.80419921875,4120.27490234375,4461637632
1761609600,4120.4541015625,4140.6240234375,4081.72705078125,4094.6533203125,0
1761624000,4094.320068359375,4124.880859375,4069.635986328125,4117.55029296875,1276887040
1761638400,4117.0322265625,4134.099609375,4105.9775390625,4112.60009765625,718624768
1761652800,4111.51904296875,4173.0947265625,4078.768310546875,4096.6904296875,3011053568
1761667200,4096.62109375,4147.7939453125,4031.036865234375,4037.332275390625,2280755200
1761681600,4038.430419921875,4041.257080078125,3942.009521484375,3980.759033203125,4885458944
1761696000,3979.216796875,4005.795166015625,3966.927978515625,3998.709716796875,0
1761710400,3998.728759765625,4036.04638671875,3998.728759765625,4025.2666015625,1418756096
1761724800,4025.357421875,4026.181884765625,3987.484375,4013.831298828125,2580762624
1761739200,4013.055908203125,4029.8125,3946.990966796875,3951.52294921875,0
1761753600,3951.66845703125,4014.787353515625,3851.1337890625,3919.483154296875,6447607808
1761768000,3919.483154296875,3960.3232421875,3881.910888671875,3903.322509765625,156246016
1761782400,3903.8701171875,3946.837646484375,3888.279541015625,3932.51416015625,3130142720
1761796800,3933.469482421875,3943.38134765625,3850.172607421875,3938.55419921875,4816953344
1761811200,3937.510986328125,3937.951416015625,3879.822998046875,3884.29931640625,2675994624
1761825600,3883.326416015625,3883.326416015625,3760.650390625,3773.662109375,4505468928
1761840000,3773.35009765625,3799.928466796875,3694.044189453125,3697.20849609375,1260257280
1761854400,3688.338623046875,3805.082763671875,3684.803466796875,3805.082763671875,2128936960
1761868800,3803.2568359375,3856.018798828125,3798.917724609375,3826.723876953125,1682874368
1761883200,3827.57177734375,3870.1318359375,3822.615966796875,3830.000732421875,2109440
1761897600,3829.958740234375,3876.438720703125,3821.093994140625,3876.438720703125,1080197120
1761912000,3872.78564453125,3879.1435546875,3833.561767578125,3860.70068359375,2725060608
1761926400,3860.52685546875,3898.591552734375,3808.34423828125,3888.06103515625,309510144
1761940800,3886.56884765625,3889.0400390625,3841.36474609375,3847.17138671875,1501863936
1761955200,3847.112548828125,3860.560791015625,3833.111328125,3859.515380859375,448651264
1761969600,3859.382080078125,3865.958251953125,3851.05859375,3859.033203125,0
1761984000,3858.882080078125,3879.341552734375,3858.882080078125,3874.35791015625,0
1761998400,3875.4921875,3899.38818359375,3859.3017578125,3892.53076171875,0
1762012800,3895.597412109375,3903.139404296875,3867.970947265625,3882.515625,681715712
1762027200,3881.909423828125,3892.593017578125,3864.002685546875,3873.894287109375,740774912
1762041600,3872.227294921875,3883.046630859375,3861.9794921875,3879.48681640625,641177600
1762056000,3879.580078125,3911.9111328125,3875.83837890625,3906.432861328125,2477527040
1762070400,3907.243408203125,3908.546142578125,3855.56103515625,3891.484375,2668577792
1762084800,3889.893310546875,3891.868896484375,3839.997314453125,3854.30810546875,2045335552
1762099200,3852.36669921875,3865.27001953125,3842.343994140625,3854.608642578125,841519104
1762113600,3854.83642578125,3913.325927734375,3844.87841796875,3911.747802734375,2045839360
1762128000,3905.140869140625,3911.826171875,3732.108154296875,3736.251220703125,6915743744
1762142400,3729.3515625,3762.72998046875,3687.55029296875,3716.040283203125,5225654272
1762156800,3714.301025390625,3736.336181640625,3673.608642578125,3710.9306640625,2652526592
1762171200,3711.316650390625,3744.619384765625,3585.012451171875,3595.17236328125,8652013568
1762185600,3589.267333984375,3677.1572265625,3568.155029296875,3636.433837890625,6553362432
1762200000,3630.539794921875,3634.861083984375,3563.44482421875,3602.040771484375,4421644288
1762214400,3602.62939453125,3649.646728515625,3569.5830078125,3644.5517578125,296431616
1762228800,3642.115966796875,3645.869140625,3476.182861328125,3491.6337890625,6886871040
1762243200,3492.430908203125,3521.782470703125,3462.0380859375,3520.77783203125,293064704
1762257600,3525.48681640625,3580.880126953125,3474.6669921875,3509.26123046875,2811052032
1762272000,3505.73388671875,3517.676025390625,3229.2294921875,3229.2294921875,7177687040
1762286400,3229.109375,3300.213623046875,3078.70751953125,3292.148193359375,15608750080
1762300800,3288.969482421875,3344.621826171875,3170.513916015625,3338.155517578125,5378990080
1762315200,3333.68505859375,3348.5205078125,3308.564697265625,3333.4599609375,2121433088
1762329600,3332.658447265625,3332.658447265625,3276.64404296875,3320.062744140625,361250816
1762344000,3319.485107421875,3395.467041015625,3314.257080078125,3395.467041015625,1367801856
1762358400,3396.94287109375,3476.368408203125,3373.8681640625,3455.6884765625,0
1762372800,3454.680419921875,3479.166748046875,3417.074462890625,3425.361083984375,89964544
1762387200,3424.458984375,3448.703125,3377.092041015625,3435.755859375,0
1762401600,3432.787353515625,3454.3359375,3368.876953125,3383.316162109375,285114368
1762416000,3380.810546875,3407.773681640625,3371.505615234375,3399.187255859375,285818880
1762430400,3398.679931640625,3399.16796875,3290.29052734375,3296.601318359375,994037760
1762444800,3306.190673828125,3349.51318359375,3246.03955078125,3327.221435546875,576143360
1762459200,3324.76025390625,3333.076904296875,3288.085693359375,3312.029296875,739094528
1762473600,3313.063232421875,3362.165283203125,3282.009033203125,3344.905029296875,1340817408
1762488000,3344.4013671875,3367.50244140625,3321.228515625,3355.695556640625,1637257216
1762502400,3355.847900390625,3357.664794921875,3227.427490234375,3259.854248046875,954060800
1762516800,3260.091064453125,3312.231201171875,3197.45751953125,3299.50927734375,3476172800
1762531200,3296.849365234375,3445.75048828125,3274.178466796875,3439.323486328125,3294797824
1762545600,3442.051513671875,3471.493408203125,3432.692626953125,3434.73876953125,1472065536
1762560000,3434.35693359375,3462.950439453125,3412.94677734375,3456.8759765625,0
1762574400,3457.26220703125,3474.783203125,3424.36181640625,3446.47412109375,2400026624
1762588800,3446.35791015625,3463.172607421875,3407.642333984375,3409.3642578125,291938304
1762603200,3411.579345703125,3414.7958984375,3373.7109375,3375.08203125,464666624
1762617600,3375.52734375,3405.43701171875,3359.54345703125,3387.519775390625,0
1762632000,3388.6328125,3412.718017578125,3381.340576171875,3400.0986328125,0
1762646400,3400.546630859375,3400.605712890625,3360.742431640625,3374.71630859375,355911680
1762660800,3374.50732421875,3419.8525390625,3370.88671875,3419.8525390625,214192128
1762675200,3421.877685546875,3433.838623046875,3383.281494140625,3425.9326171875,1872224256
1762689600,3427.516357421875,3553.933349609375,3426.087890625,3515.8251953125,3698055168
1762704000,3515.134033203125,3577.1650390625,3504.287353515625,3576.349365234375,1304252416
1762718400,3578.380126953125,3608.6416015625,3566.171630859375,3583.44482421875,2855135232
1762732800,3583.58154296875,3648.531982421875,3559.706298828125,3628.20068359375,5209446400
1762747200,3627.834716796875,3629.671630859375,3594.349609375,3607.684814453125,1406226432
1762761600,3609.00732421875,3627.41162109375,3588.204833984375,3610.255859375,1518002176
1762776000,3609.873779296875,3618.616943359375,3512.586669921875,3515.566650390625,1515456512
1762790400,3518.862060546875,3573.8837890625,3509.792236328125,3558.46728515625,2899691520
1762804800,3558.06884765625,3581.730224609375,3530.244140625,3568.47265625,1184583680
1762819200,3566.512939453125,3640.621337890625,3554.822265625,3605.49267578125,1408448512
1762833600,3605.328857421875,3608.176025390625,3539.1640625,3547.294189453125,3188527104
1762848000,3544.642822265625,3583.2177734375,3544.642822265625,3571.820556640625,1736790016
1762862400,3573.10986328125,3590.62646484375,3471.4599609375,3483.1572265625,1534681088
1762876800,3483.192626953125,3497.339599609375,3449.734130859375,3456.182373046875,1466777600
1762891200,3455.78125,3459.48095703125,3404.89306640625,3415.7958984375,2231996416
1762905600,3416.166259765625,3452.698974609375,3415.045654296875,3439.15234375,0
1762920000,3438.089111328125,3455.828125,3426.74951171875,3426.74951171875,425000960
1762934400,3427.986328125,3567.046875,3427.986328125,3548.453369140625,2984302592
1762948800,3548.793212890625,3586.013916015625,3421.65087890625,3421.65087890625,20125696
1762963200,3427.473388671875,3449.55126953125,3374.58642578125,3409.5224609375,3702593536
1762977600,3408.265380859375,3432.9560546875,3395.12890625,3412.994873046875,1199781888
1762992000,3413.792236328125,3465.060546875,3401.53125,3458.204345703125,1285906432
1763006400,3455.722900390625,3559.24609375,3436.7080078125,3536.339111328125,5384151040
1763020800,3538.6630859375,3548.2470703125,3480.573974609375,3505.42138671875,1257234432
1763035200,3505.2646484375,3508.747314453125,3370.607666015625,3378.130126953125,2396520448
1763049600,3386.116943359375,3396.479736328125,3178.587890625,3195.705322265625,5508194304
1763064000,3196.54638671875,3268.67431640625,3158.7607421875,3232.295166015625,4612550656
1763078400,3232.754150390625,3248.7890625,3188.40380859375,3224.06298828125,1269477376
1763092800,3225.772705078125,3235.215087890625,3112.433837890625,3210.89697265625,3961606144
1763107200,3213.60595703125,3215.447265625,3124.032958984375,3135.835693359375,881467392
1763121600,3142.726318359375,3225.786865234375,3073.592041015625,3193.513916015625,5559316480
1763136000,3193.42236328125,3249.884521484375,3154.386474609375,3202.70166015625,0
1763150400,3205.771484375,3209.6787109375,3093.744384765625,3104.230224609375,215982080
1763164800,3109.01416015625,3189.98974609375,3109.01416015625,3176.78955078125,0
1763179200,3177.046630859375,3186.58935546875,3160.485107421875,3174.74267578125,0
1763193600,3174.126708984375,3174.126708984375,3135.04150390625,3148.61572265625,0
1763208000,3148.732177734375,3190.138427734375,3146.39990234375,3187.3046875,0
1763222400,3184.617919921875,3227.6494140625,3165.126708984375,3196.466796875,1110063104
1763236800,3196.074951171875,3197.418701171875,3152.387451171875,3166.63134765625,505516032
1763251200,3166.5576171875,3206.13916015625,3134.0439453125,3196.732421875,82812928
1763265600,3200.252197265625,3216.9619140625,3186.472412109375,3216.9619140625,5017600
1763280000,3217.369873046875,3244.806396484375,3161.92822265625,3166.63916015625,1652310016
1763294400,3166.40234375,3178.228271484375,3102.21923828125,3102.21923828125,1585057792
1763308800,3100.430908203125,3118.927490234375,3027.54931640625,3089.027587890625,5372393472
1763323200,3089.01953125,3111.9501953125,3020.12744140625,3092.941650390625,4301455360
1763337600,3093.84521484375,3175.9736328125,3069.13916015625,3174.244873046875,1934643200
1763352000,3173.807861328125,3190.119140625,3165.26318359375,3187.764892578125,891965440
1763712000,2699.90869140625,2716.39013671875,2675.125244140625,2684.168701171875,23131201536
1763726400,2684.385009765625,2775.735107421875,2629.41162109375,2698.911865234375,3858300928
1763740800,2703.9248046875,2800.100341796875,2679.64111328125,2747.584716796875,0
1763755200,2749.020751953125,2772.126220703125,2709.224609375,2766.090576171875,1051041792
1763769600,2764.318359375,2780.82470703125,2739.906982421875,2752.71875,0
1763784000,2751.86572265625,2765.1435546875,2726.503173828125,2755.850830078125,44871680
1763798400,2754.23486328125,2754.23486328125,2704.91650390625,2736.41259765625,0
1763812800,2734.631591796875,2747.381103515625,2712.34228515625,2733.659912109375,0
1763827200,2737.488525390625,2755.62890625,2734.7421875,2750.5361328125,0
1763841600,2750.5361328125,2792.6943359375,2733.83154296875,2767.594970703125,0
1763856000,2768.517578125,2830.507080078125,2768.376708984375,2822.2333984375,872992768
1763870400,2823.466796875,2847.705322265625,2777.262451171875,2790.99658203125,1946935296
1763884800,2792.3974609375,2818.473388671875,2792.3974609375,2814.15576171875,97355776
1763899200,2814.01318359375,2855.837646484375,2810.90478515625,2836.0595703125,1457694720
1763913600,2835.50341796875,2840.607421875,2788.553466796875,2821.284423828125,1300926464
1763928000,2821.4375,2842.478759765625,2795.611328125,2801.204345703125,1361072128
1763942400,2801.148681640625,2862.03955078125,2766.26708984375,2855.31494140625,1756463104
1763956800,2855.783203125,2881.904541015625,2804.0966796875,2828.856689453125,705337344
1763971200,2828.89697265625,2839.70654296875,2788.080322265625,2802.713623046875,2089904128
1763985600,2802.056884765625,2856.3662109375,2787.703125,2845.48828125,2320420864
1764000000,2845.215576171875,2976.111083984375,2844.13232421875,2956.63330078125,5856487424
1764014400,2962.203857421875,2981.84814453125,2950.521240234375,2952.893798828125,1445677056
1764028800,2952.52783203125,2952.52783203125,2905.826416015625,2911.357666015625,197812224
1764043200,2911.310302734375,2940.889404296875,2903.74755859375,2903.74755859375,0
1764057600,2902.857666015625,2907.831298828125,2866.53076171875,2890.612060546875,425111552
1764072000,2890.9638671875,2931.4375,2858.321533203125,2895.80615234375,1207017472
1764086400,2894.45703125,2956.02587890625,2873.056884765625,2919.510986328125,53469184
1764100800,2921.421142578125,2975.81787109375,2908.44580078125,2958.32958984375,1347086336
1764115200,2959.087890625,2980.10302734375,2922.822509765625,2925.748291015625,509878272
1764129600,2927.66455078125,2952.185546875,2921.89794921875,2943.4169921875,1677928448
1764144000,2943.063720703125,2944.8779296875,2902.499755859375,2913.123779296875,131659776
1764158400,2913.86865234375,2942.4306640625,2891.50390625,2915.413330078125,0
1764172800,2924.51025390625,3043.927001953125,2924.51025390625,3034.3837890625,2343766016
1764187200,3029.978759765625,3034.563720703125,3011.536376953125,3027.799072265625,573435904
1764201600,3027.5830078125,3070.28173828125,3010.37646484375,3035.059814453125,1585768448
1764216000,3034.9326171875,3051.964599609375,3020.221435546875,3032.37744140625,76054528
1764230400,3033.34326171875,3042.99267578125,3021.074462890625,3029.345947265625,217892864
1764244800,3028.82421875,3029.770263671875,2987.326904296875,3011.693359375,690923520
1764259200,3010.34619140625,3037.9326171875,3006.114013671875,3030.842041015625,0
1764273600,3031.893798828125,3043.209716796875,3008.11572265625,3014.33984375,179002368
1764288000,3015.011474609375,3022.0302734375,2995.929931640625,3008.968994140625,0
1764302400,3008.88818359375,3027.032958984375,3001.066162109375,3001.2919921875,255953920
1764316800,3002.446044921875,3068.82275390625,3002.3291015625,3035.582763671875,1973052416
1764331200,3034.632080078125,3092.49755859375,3028.232177734375,3071.97412109375,1856595968
1764345600,3073.7744140625,3073.7744140625,3017.826904296875,3049.270263671875,2207576064
1764360000,3050.592041015625,3058.51171875,3026.337158203125,3031.787841796875,373334016
1764432000,2997.960205078125,2998.4892578125,2994.651123046875,2994.651123046875,0
1764561600,2830.369140625,2842.561767578125,2830.369140625,2840.8212890625,7839707136
1764576000,2840.696533203125,2847.05810546875,2831.615478515625,2838.10107421875,3827322880
1764590400,2838.474609375,2838.83203125,2725.1748046875,2745.124755859375,5320452096
1764604800,2745.3515625,2755.430908203125,2724.7314453125,2741.840087890625,3615711232
1764619200,2741.115234375,2817.107177734375,2741.115234375,2800.22314453125,2598172672
1764633600,2799.8388671875,2820.79638671875,2785.288330078125,2805.17919921875,0
1764648000,2804.462646484375,2814.660400390625,2799.236328125,2806.109130859375,0
1764662400,2805.7861328125,2829.359619140625,2785.2265625,2825.385986328125,0
1764676800,2825.6865234375,3017.29541015625,2817.631591796875,3007.5693359375,2670458880
1764691200,3007.483642578125,3031.7763671875,2990.99658203125,3017.18115234375,1329100800
1764705600,3016.783935546875,3018.3623046875,2977.173583984375,2997.801513671875,664477696
1764720000,2997.8037109375,3045.44873046875,2988.78466796875,3033.501220703125,1031923712
1764734400,3032.94921875,3084.74267578125,3032.153564453125,3058.793212890625,2546325504
1764748800,3058.81494140625,3077.994873046875,3046.865966796875,3073.554931640625,1370470400
1764763200,3073.651123046875,3139.375,3041.83154296875,3082.69287109375,1143181312
1764777600,3084.883056640625,3141.4599609375,3066.837890625,3128.0009765625,1093310464
1764792000,3128.44189453125,3212.26416015625,3119.726318359375,3188.343505859375,2783834112
1764806400,3189.25537109375,3237.661865234375,3177.859619140625,3210.0927734375,1429780480
1764820800,3210.450439453125,3217.95703125,3175.217041015625,3191.25927734375,199700480
1764835200,3190.99853515625,3207.951904296875,3178.347900390625,3186.099853515625,431988736
1764849600,3186.85498046875,3220.63671875,3145.820556640625,3212.66650390625,928794624
1764864000,3208.0029296875,3222.362548828125,3072.794677734375,3121.95068359375,2217271296
1764878400,3122.102783203125,3149.68310546875,3109.410888671875,3134.357421875,348846080
1764892800,3134.1826171875,3190.7216796875,3134.1826171875,3170.472412109375,0
1764907200,3171.08935546875,3182.2275390625,3153.58349609375,3173.807861328125,0
1764921600,3174.031494140625,3174.031494140625,3113.245361328125,3133.16064453125,1885069312
1764936000,3132.228271484375,3154.093505859375,3087.696044921875,3098.7001953125,765868032
1764950400,3105.85546875,3105.85546875,2993.359130859375,3040.805908203125,3377420288
1764964800,3038.948486328125,3047.3037109375,3009.68310546875,3024.487548828125,852350976
1764979200,3023.239990234375,3045.58251953125,3014.4404296875,3040.0185546875,14202880
1764993600,3040.61572265625,3042.350341796875,3026.859375,3028.919677734375,0
1765008000,3027.80224609375,3041.28076171875,3015.36669921875,3039.00439453125,0
1765022400,3039.5146484375,3060.484375,3031.041015625,3046.41357421875,0
1765036800,3042.906982421875,3064.374755859375,3028.093994140625,3031.64990234375,0
1765051200,3031.3369140625,3053.0625,3029.669189453125,3040.17919921875,17001472
1765065600,3038.321044921875,3055.78173828125,3034.5546875,3054.742431640625,0
1765080000,3054.898193359375,3057.750732421875,3033.855224609375,3037.36083984375,0
1765094400,3037.302734375,3043.077880859375,3026.835205078125,3037.78125,168647680
1765108800,3037.441162109375,3051.912109375,2936.447509765625,3020.612548828125,3059397632
1765123200,3029.00146484375,3148.205322265625,3003.473876953125,3136.786376953125,5091074048
1765137600,3137.49169921875,3145.738525390625,3028.0771484375,3058.16015625,2350559232
1765152000,3061.862060546875,3131.67578125,3044.80322265625,3110.774658203125,2543532032
1765166400,3112.09033203125,3138.595947265625,3111.623046875,3133.0234375,2330906624
1765180800,3133.655517578125,3177.5234375,3127.024658203125,3142.73583984375,2612123648
1765195200,3142.200927734375,3174.82861328125,3094.7998046875,3105.726318359375,2006159360
1765209600,3102.034912109375,3131.966796875,3085.74755859375,3117.89599609375,1093699584
1765224000,3118.58447265625,3149.275390625,3115.906982421875,3124.942626953125,4413440
1765238400,3124.718505859375,3141.4033203125,3092.87646484375,3127.30322265625,141725696
1765252800,3127.392822265625,3128.972900390625,3097.0869140625,3122.6279296875,339963904
1765267200,3122.33544921875,3128.458740234375,3098.114501953125,3119.150146484375,0
1765281600,3118.504150390625,3251.046142578125,3100.969970703125,3251.046142578125,1590112256
1765296000,3243.860107421875,3395.838623046875,3243.860107421875,3359.63623046875,7324565504
1765310400,3355.38427734375,3359.29248046875,3287.864013671875,3321.2041015625,2417369088
1765324800,3320.3271484375,3327.306640625,3291.10888671875,3309.9404296875,570576896
1765339200,3309.34619140625,3332.53759765625,3308.4609375,3324.6826171875,429209600
1765353600,3326.41943359375,3372.124755859375,3301.19677734375,3317.935302734375,2399227904
1765368000,3318.849609375,3337.705322265625,3309.810302734375,3324.817138671875,62406656
1765382400,3328.4033203125,3427.7880859375,3323.742919921875,3392.02880859375,4628885504
1765396800,3390.39453125,3444.17822265625,3321.506103515625,3328.126708984375,2623043584
1765411200,3324.526611328125,3327.0576171875,3173.457763671875,3191.49658203125,3691694080
1765425600,3188.34423828125,3215.967041015625,3183.6552734375,3201.47802734375,856776704
1765440000,3200.626708984375,3212.028564453125,3182.857177734375,3196.67431640625,7331840
1765454400,3195.60498046875,3207.19384765625,3149.30419921875,3180.151123046875,2239084544
1765468800,3181.75341796875,3233.2197265625,3157.756103515625,3194.64892578125,594286592
1765483200,3195.472412109375,3270.73681640625,3195.472412109375,3237.025634765625,871333888
1765497600,3237.53662109375,3265.37255859375,3188.593505859375,3247.02294921875,288616448
1765512000,3247.084716796875,3264.3984375,3234.79541015625,3248.080810546875,244486144
1765526400,3246.255615234375,3254.928955078125,3230.275146484375,3240.902587890625,333701120
1765540800,3243.036865234375,3250.969482421875,3066.207275390625,3066.207275390625,2029062144
1765555200,3072.9990234375,3097.976318359375,3051.628662109375,3070.733642578125,3529619456
1765569600,3074.052001953125,3096.40234375,3068.9921875,3084.129638671875,0
1765584000,3086.50048828125,3093.791748046875,3080.07861328125,3089.718505859375,0
1765598400,3090.5966796875,3095.216796875,3086.30224609375,3095.113525390625,26685440
1765612800,3095.09765625,3134.7060546875,3095.09765625,3119.970458984375,185972736
1765627200,3119.95654296875,3126.41015625,3097.585693359375,3111.19775390625,0
1765641600,3111.19775390625,3116.76611328125,3098.322998046875,3109.46728515625,0
1765656000,3109.886474609375,3118.479736328125,3084.852783203125,3116.743896484375,153093120
1765670400,3115.77880859375,3128.37841796875,3106.76318359375,3119.804931640625,43490304
1765684800,3119.473388671875,3121.984375,3106.501220703125,3115.837158203125,183997440
1765699200,3115.81494140625,3119.88232421875,3059.04150390625,3085.380126953125,1016055808
1765713600,3085.739990234375,3107.742431640625,3073.953369140625,3085.00146484375,1170193408
1765728000,3084.634521484375,3104.49853515625,3076.96240234375,3091.444091796875,2386729984
1765742400,3094.5546875,3096.264892578125,3034.692626953125,3060.4814453125,1977673728
1765756800,3062.03076171875,3147.748779296875,3058.43603515625,3112.11962890625,2613776384
1765771200,3109.419677734375,3142.78125,3106.02490234375,3129.625244140625,1586880512
1765785600,3129.2275390625,3175.1181640625,3126.422607421875,3156.67822265625,1364924416
1765800000,3156.6337890625,3157.877197265625,2989.497314453125,3005.4951171875,5411385344
1765814400,3011.001708984375,3014.509765625,2906.865234375,2943.849365234375,3926374400
1765828800,2941.25,2968.135009765625,2918.768310546875,2964.2216796875,669083648
1765843200,2964.31201171875,2976.627197265625,2923.702392578125,2936.011962890625,382806016
1765857600,2936.011962890625,2948.611572265625,2890.01171875,2924.55712890625,1579282432
1765872000,2923.7841796875,2961.9697265625,2923.17626953125,2956.968994140625,102545408
1765886400,2956.774658203125,2972.3740234375,2895.5556640625,2965.499755859375,1140654080
1765900800,2962.292724609375,2965.53125,2915.2802734375,2946.047119140625,0
1765915200,2945.511962890625,2964.480224609375,2938.718505859375,2964.01953125,0
1765929600,2962.631103515625,2971.470947265625,2940.563720703125,2946.284423828125,0
1765944000,2947.340576171875,2950.190673828125,2915.16748046875,2947.23974609375,0
1765958400,2947.1044921875,2947.1044921875,2913.865478515625,2927.415283203125,96743424
1765972800,2927.60302734375,3024.725341796875,2893.55322265625,2903.1240234375,3700992000
1765987200,2903.493896484375,2923.729248046875,2792.779541015625,2817.488525390625,3673241600
1766001600,2818.65185546875,2836.22998046875,2806.797607421875,2831.48828125,1203599360
1766016000,2832.8203125,2842.494384765625,2822.00927734375,2830.112060546875,346499072
1766030400,2831.447509765625,2839.3486328125,2823.52734375,2834.10888671875,0
1766044800,2834.5986328125,2860.159912109375,2834.5986328125,2857.33740234375,509921280
1766059200,2858.2998046875,2993.499755859375,2853.224365234375,2962.066650390625,3773597696
1766073600,2963.20263671875,2963.32373046875,2779.464599609375,2783.97412109375,2652215296
1766088000,2781.794921875,2833.080810546875,2779.95654296875,2827.410400390625,2043484160
1766102400,2826.9697265625,2928.42236328125,2811.685791015625,2905.312744140625,3305621504
1766116800,2905.742919921875,2979.240234375,2905.742919921875,2948.78515625,3597864960
1766131200,2949.79833984375,2968.572265625,2938.38232421875,2963.337890625,379711488
1766145600,2963.230712890625,3013.0830078125,2945.231689453125,2962.5654296875,2162165760
1766160000,2964.433837890625,2997.333984375,2938.761474609375,2985.691650390625,0
1766174400,2983.189453125,2998.1455078125,2974.351318359375,2977.869140625,14127104
1766188800,2977.785400390625,2991.899169921875,2971.24072265625,2987.524658203125,0
1766203200,2988.09619140625,2988.5,2974.037353515625,2981.6953125,0
1766217600,2980.51220703125,2987.694580078125,2974.1015625,2985.638427734375,0
1766232000,2985.49365234375,2991.30712890625,2968.6865234375,2975.836181640625,0
1766246400,2976.400146484375,2979.42919921875,2973.37109375,2977.252685546875,0
1766260800,2976.85498046875,2984.428955078125,2973.40869140625,2977.508544921875,9472000
1766275200,2977.10302734375,2979.954345703125,2962.879150390625,2972.1953125,417165824
1766289600,2971.86328125,2980.417236328125,2971.21337890625,2980.037841796875,0
1766304000,2980.08642578125,3009.80712890625,2977.25341796875,2995.50927734375,1438515200
1766318400,2995.52783203125,3003.970947265625,2945.78662109375,2974.081298828125,1286122496
1766332800,2973.601806640625,2994.907958984375,2969.27392578125,2991.44970703125,716510208
1766347200,2990.647216796875,3007.16162109375,2971.3935546875,3001.61279296875,953926656
1766361600,3001.30322265625,3056.98095703125,2990.019775390625,3020.6689453125,2821816320
1766376000,3021.1337890625,3040.459228515625,3019.811767578125,3028.952880859375,1167227904
1766390400,3028.9921875,3052.687744140625,3026.15380859375,3050.439697265625,685413376
1766404800,3048.397705078125,3067.830322265625,3024.0595703125,3051.194091796875,2191042560
1766419200,3051.131103515625,3056.803955078125,2975.088623046875,2978.859619140625,2304816128
1766433600,2979.85498046875,3011.141357421875,2965.698486328125,3006.073974609375,1262022656
1766448000,3007.12939453125,3030.121337890625,2976.84521484375,2992.5576171875,282290176
1766462400,2990.572998046875,2996.133056640625,2945.626953125,2963.038818359375,1816938496
1766476800,2962.727294921875,2972.415771484375,2951.7060546875,2972.09130859375,0
1766491200,2971.932373046875,2971.932373046875,2906.182373046875,2926.46875,579622912
1766505600,2927.092529296875,2962.389404296875,2909.705322265625,2940.939208984375,1471201280
1766520000,2942.3359375,2983.5849609375,2941.024658203125,2962.922607421875,896653312
1766534400,2962.77001953125,2974.4990234375,2922.182861328125,2943.884765625,0
1766548800,2944.167724609375,2954.9384765625,2917.389892578125,2932.99951171875,0
1766563200,2931.085693359375,2936.784912109375,2915.5234375,2923.97216796875,919248896
1766577600,2923.8251953125,2936.767333984375,2888.988037109375,2920.428955078125,0
1766592000,2922.875732421875,2948.174560546875,2920.197998046875,2944.109375,0
1766606400,2944.77392578125,2959.65478515625,2940.71533203125,2945.423095703125,0
1766620800,2945.400634765625,2954.559814453125,2936.795654296875,2945.437255859375,0
1766635200,2945.302490234375,2945.818115234375,2936.47509765625,2940.42236328125,0
1766649600,2940.282958984375,2943.490234375,2912.80078125,2923.493408203125,77110272
1766664000,2923.434814453125,2967.554931640625,2920.146728515625,2959.54443359375,411468800
1766678400,2958.15234375,2963.882080078125,2942.90576171875,2954.782470703125,98320384
1766692800,2954.6796875,2954.6796875,2891.742919921875,2903.625,1011135488
1766707200,2902.605712890625,2988.683837890625,2895.61083984375,2963.148193359375,3265116160
1766721600,2959.957275390625,2988.9990234375,2951.184326171875,2954.01806640625,1696462848
1766736000,2954.796630859375,2972.546875,2954.796630859375,2963.53662109375,367316992
1766750400,2963.25,2983.40087890625,2896.208984375,2917.00830078125,2736165888
1766764800,2920.76513671875,2929.80908203125,2905.45263671875,2923.395751953125,199389184
1766779200,2923.74658203125,2934.810546875,2919.490966796875,2925.7451171875,217225216
1766793600,2927.0751953125,2930.939453125,2921.23779296875,2930.939453125,0
1766808000,2931.12353515625,2935.115966796875,2926.232177734375,2930.83837890625,0
1766822400,2931.20458984375,2935.374755859375,2919.765869140625,2929.788330078125,234622976
1766836800,2930.82666015625,2931.849365234375,2924.697265625,2925.680419921875,15075328
1766851200,2925.25439453125,2928.42724609375,2917.271240234375,2928.1318359375,0
1766865600,2928.574951171875,2953.38232421875,2926.84716796875,2947.898193359375,616026112
1766880000,2946.760986328125,2948.3076171875,2940.177001953125,2941.87646484375,108239872
1766894400,2941.6953125,2943.73974609375,2928.93603515625,2936.674072265625,314231296
1766908800,2936.422119140625,2944.392333984375,2931.61962890625,2941.292236328125,109438976
1766923200,2941.855712890625,2955.620361328125,2936.39990234375,2947.0234375,923685888
1766937600,2947.21484375,2951.19140625,2926.763916015625,2930.9375,963266048
1766952000,2931.3857421875,2951.991943359375,2928.027587890625,2948.55908203125,197136384
1766966400,2948.4560546875,3041.04296875,2943.145751953125,3041.04296875,4519230464
1766980800,3040.34228515625,3051.922119140625,3009.983642578125,3016.01708984375,4055160832
1766995200,3016.051025390625,3020.8330078125,2957.003662109375,2958.995849609375,3883034624
1767009600,2956.95458984375,2958.77392578125,2910.289794921875,2934.919921875,3400734720
1767024000,2933.897705078125,2941.900146484375,2913.961669921875,2929.19140625,2624038912
1767038400,2929.212646484375,2940.642333984375,2923.000732421875,2934.416259765625,684845056
1767052800,2934.388916015625,2950.742919921875,2916.40966796875,2949.9794921875,1235519488
1767067200,2948.54443359375,2953.741943359375,2933.962646484375,2947.96533203125,0
1767081600,2947.714599609375,2994.99560546875,2947.051513671875,2973.38427734375,1540321280
1767096000,2976.15771484375,2997.321533203125,2958.763427734375,2988.70166015625,769030144
1767110400,2987.11279296875,2989.73046875,2947.873291015625,2969.270263671875,827572224
1767124800,2968.732421875,2971.407470703125,2953.735107421875,2971.407470703125,139542528
1767139200,2970.641845703125,2980.311767578125,2959.941650390625,2966.845458984375,220676096
1767153600,2966.978271484375,2975.516357421875,2965.254150390625,2973.005615234375,0
1767168000,2972.94873046875,2997.402587890625,2962.610595703125,2996.447509765625,920156160
1767182400,2998.5517578125,3015.580322265625,2966.333984375,2984.0458984375,402083840
1767196800,2981.96630859375,2990.503173828125,2960.617919921875,2969.147216796875,78977024
1767211200,2967.474853515625,2978.887451171875,2959.42822265625,2966.997314453125,497796096
1767225600,2967.069091796875,2983.691650390625,2967.069091796875,2975.044677734375,0
1767240000,2975.43017578125,2978.38134765625,2968.6025390625,2972.983154296875,278819840
1767254400,2973.185546875,2985.680419921875,2973.185546875,2984.69140625,0
1767268800,2984.864501953125,2987.267578125,2974.021240234375,2985.895263671875,0
1767283200,2985.900634765625,2999.469970703125,2977.368896484375,2990.382568359375,127805440
1767297600,2990.705322265625,3005.5078125,2983.97412109375,3000.453125,533896192
1767312000,3000.24072265625,3027.68408203125,2990.025390625,3015.828857421875,1207049216
1767326400,3017.906494140625,3032.8916015625,3005.9150390625,3014.75830078125,613509120
1767340800,3014.35791015625,3062.79248046875,3012.660888671875,3044.208740234375,2739540992
1767355200,3044.584716796875,3098.28564453125,3023.47119140625,3079.854736328125,4657961984
1767369600,3082.02490234375,3145.818359375,3079.261962890625,3121.933837890625,4912441344
1767384000,3122.16845703125,3140.265380859375,3111.003662109375,3124.310302734375,1324752896
1767398400,3124.20361328125,3134.362060546875,3119.43212890625,3124.680419921875,178675712
1767412800,3123.992431640625,3125.7236328125,3077.4658203125,3089.58984375,871661568
1767427200,3087.491943359375,3108.350341796875,3085.3955078125,3097.7080078125,99258368
1767441600,3097.0478515625,3109.934326171875,3092.67626953125,3100.09912109375,0
1767456000,3099.289306640625,3115.3671875,3097.943603515625,3110.53662109375,0
1767470400,3110.99951171875,3127.574951171875,3105.773681640625,3125.960205078125,0
1767484800,3126.65185546875,3159.73974609375,3126.65185546875,3147.560791015625,1213829120
1767499200,3146.342529296875,3157.632568359375,3135.144775390625,3140.08203125,313603072
1767513600,3139.960693359375,3145.651611328125,3128.68212890625,3136.73291015625,185840640
1767528000,3137.92333984375,3143.95361328125,3120.826416015625,3132.9951171875,239478784
1767542400,3133.567138671875,3140.63720703125,3119.7265625,3131.67919921875,644674560
1767556800,3131.4794921875,3152.72314453125,3129.765869140625,3141.486328125,414096384
1767571200,3143.287841796875,3209.37890625,3143.287841796875,3184.06103515625,2313399296
1767585600,3184.111328125,3185.91455078125,3141.32177734375,3156.392333984375,1006280704
1767600000,3155.8505859375,3179.798828125,3152.814453125,3179.798828125,827470848
1767614400,3178.64453125,3198.65087890625,3137.466064453125,3191.71044921875,3535843328
1767628800,3191.5791015625,3225.30322265625,3160.239501953125,3220.554931640625,4058572800
1767643200,3220.623046875,3253.15771484375,3220.623046875,3226.116455078125,3934539776
1767657600,3226.244384765625,3244.398193359375,3204.193359375,3223.963623046875,0
1767672000,3224.53759765625,3249.63720703125,3212.178466796875,3218.2431640625,526798848
1767686400,3217.820556640625,3240.45849609375,3214.110595703125,3236.55517578125,41932800
1767700800,3237.33642578125,3301.78759765625,3230.517822265625,3266.28076171875,3788865536
1767715200,3271.268798828125,3274.823974609375,3193.476806640625,3220.803466796875,1813243904
1767729600,3221.556640625,3297.575439453125,3221.556640625,3295.91259765625,1129308160
1767744000,3292.2646484375,3292.6435546875,3238.55859375,3264.334716796875,510502912
1767758400,3264.212646484375,3268.595458984375,3246.263427734375,3251.6865234375,160589824
1767772800,3253.79150390625,3259.2294921875,3195.4375,3218.352783203125,1877481472
1767787200,3218.363525390625,3224.26318359375,3148.697021484375,3161.763916015625,277651456
1767801600,3163.972412109375,3174.44775390625,3130.520751953125,3144.63720703125,913553408
1767816000,3143.422119140625,3174.484375,3127.4541015625,3166.924072265625,389586944
1767830400,3165.833251953125,3178.189697265625,3133.112060546875,3138.333984375,418846720
1767844800,3140.325439453125,3156.54345703125,3091.034912109375,3124.7841796875,1864237056
1767859200,3123.91064453125,3130.088623046875,3095.588623046875,3114.342041015625,711241728
1767873600,3116.6494140625,3116.6494140625,3056.358642578125,3100.025390625,769191936
1767888000,3101.252685546875,3134.232666015625,3087.708984375,3107.18359375,322426880
1767902400,3108.362548828125,3126.30419921875,3087.34130859375,3104.90087890625,308312064
1767916800,3104.1357421875,3136.2001953125,3082.30419921875,3116.037353515625,972148736
1767931200,3116.023681640625,3120.263671875,3108.463623046875,3109.462158203125,0
1767945600,3108.008544921875,3110.616455078125,3066.177490234375,3086.2578125,567064576
1767960000,3086.466796875,3135.76708984375,3059.055908203125,3104.735107421875,1016655872
1767974400,3108.295166015625,3138.6064453125,3068.703125,3078.688720703125,897374208
1767988800,3077.16552734375,3088.3681640625,3065.491455078125,3083.16650390625,138919936
1768003200,3082.780029296875,3089.040283203125,3076.924072265625,3083.36474609375,2652160
1768017600,3082.56982421875,3088.72021484375,3075.899658203125,3088.394775390625,127672320
1768032000,3088.72119140625,3098.706787109375,3083.4326171875,3092.845947265625,0
1768046400,3092.6796875,3098.868408203125,3086.5419921875,3091.57421875,0
1768060800,3091.71142578125,3094.59326171875,3087.087890625,3087.744140625,0
1768075200,3088.13818359375,3088.696533203125,3075.20068359375,3082.407470703125,3441664
1768089600,3082.353271484375,3093.229736328125,3080.976318359375,3093.1064453125,0
1768104000,3092.894775390625,3097.163818359375,3088.146728515625,3090.9921875,152817152
1768118400,3091.345458984375,3103.75244140625,3089.3271484375,3100.307861328125,161989120
1768132800,3100.67333984375,3121.50048828125,3100.67333984375,3113.384033203125,1051423232
1768147200,3113.722412109375,3141.093994140625,3112.15478515625,3120.594970703125,1536706560
1768161600,3120.630615234375,3120.630615234375,3090.65869140625,3118.828857421875,1537425408
1768176000,3118.572265625,3165.77294921875,3096.845947265625,3147.87060546875,3514786816
1768190400,3147.695068359375,3161.8779296875,3129.961669921875,3132.477294921875,1421511680
1768204800,3131.487060546875,3141.560546875,3100.77001953125,3112.355224609375,1887144960
1768219200,3111.92919921875,3126.197509765625,3070.50537109375,3126.194091796875,2654359552
1768233600,3127.12353515625,3141.540283203125,3088.6220703125,3118.69189453125,1764102144
1768248000,3118.953125,3124.7880859375,3084.102783203125,3092.008544921875,971868160
1768262400,3092.396240234375,3112.912109375,3088.512939453125,3112.822265625,0
1768276800,3112.5859375,3140.9169921875,3109.04296875,3119.456787109375,1045121024
1768291200,3120.7509765625,3142.67626953125,3119.9580078125,3130.64013671875,160770048
1768305600,3132.177490234375,3178.619140625,3127.756103515625,3178.212890625,1435209728
1768320000,3189.079345703125,3214.162353515625,3171.130126953125,3214.162353515625,2310909952
1768334400,3214.899658203125,3346.696533203125,3191.107177734375,3322.192138671875,7246231552
1768348800,3323.263671875,3353.076416015625,3314.248291015625,3347.151611328125,5169106944
1768363200,3350.321533203125,3353.72607421875,3321.410400390625,3333.45849609375,1981616128
1768377600,3333.4990234375,3340.239990234375,3282.48046875,3282.48046875,1352484864
1768392000,3283.47216796875,3359.92041015625,3281.7197265625,3344.540771484375,2377453568
1768406400,3344.38037109375,3391.49755859375,3316.77685546875,3366.24609375,3061129216
1768420800,3366.543701171875,3388.77197265625,3348.345947265625,3354.765869140625,365846528
1768435200,3354.8271484375,3354.8271484375,3278.92138671875,3286.70849609375,780580864
1768449600,3285.3779296875,3333.174072265625,3284.047119140625,3327.466552734375,0
1768464000,3328.045166015625,3372.6865234375,3320.2548828125,3349.6767578125,470976512
1768478400,3348.79638671875,3381.73095703125,3286.486083984375,3316.739990234375,185370624
1768492800,3327.807373046875,3334.301025390625,3277.814453125,3292.256591796875,294457344
1768507200,3293.001953125,3320.035888671875,3277.148681640625,3317.341796875,0
1768521600,3317.557373046875,3325.19482421875,3292.7802734375,3294.90283203125,0
1768536000,3294.143310546875,3315.33154296875,3276.583251953125,3308.354736328125,353331200
1768550400,3308.295654296875,3317.130126953125,3293.935546875,3300.4013671875,0
1768564800,3300.78759765625,3312.510986328125,3253.92578125,3263.950927734375,706283520
1768579200,3262.860595703125,3284.8740234375,3260.9443359375,3273.367431640625,386244608
1768593600,3274.509521484375,3297.966796875,3263.956298828125,3295.482666015625,789618688
1768608000,3294.87060546875,3295.07275390625,3282.8017578125,3289.63330078125,103405568
1768622400,3288.68310546875,3292.33154296875,3284.955322265625,3289.87158203125,0
1768636800,3289.6943359375,3302.272705078125,3288.67333984375,3301.244873046875,73195520
1768651200,3301.1865234375,3327.2470703125,3298.374267578125,3325.5322265625,0
1768665600,3324.941162109375,3327.528564453125,3312.17236328125,3315.2412109375,0
1768680000,3315.330078125,3318.012451171875,3297.846435546875,3308.90576171875,0
1768694400,3309.15966796875,3316.25244140625,3296.135986328125,3314.905517578125,84983808
1768708800,3313.778076171875,3316.1923828125,3305.496826171875,3306.2451171875,330278912
1768723200,3306.1513671875,3324.519775390625,3303.18212890625,3320.80029296875,482568192
1768737600,3320.85888671875,3341.473388671875,3313.777587890625,3332.771240234375,997746688
1768752000,3332.6591796875,3366.622314453125,3329.492919921875,3344.921630859375,1007401984
1768766400,3345.279296875,3353.13818359375,3280.012939453125,3282.19921875,1991710720
1768780800,3282.393798828125,3282.393798828125,3183.329833984375,3210.94677734375,8678753280
1768795200,3210.911376953125,3215.2255859375,3189.789306640625,3206.5185546875,3222962176
1768809600,3206.067138671875,3228.09130859375,3197.561767578125,3222.0322265625,2270220288
1768824000,3222.147216796875,3232.4033203125,3206.414306640625,3215.538330078125,1260576768
1768838400,3214.530517578125,3223.737548828125,3207.635498046875,3218.0546875,323272704
1768852800,3217.97021484375,3222.42333984375,3166.9091796875,3186.62109375,495976448
1768867200,3186.9599609375,3197.004638671875,3175.085693359375,3185.32421875,0
1768881600,3185.823974609375,3186.506591796875,3109.28369140625,3121.391357421875,1743826944
1768896000,3121.374267578125,3121.374267578125,3085.685791015625,3107.2080078125,1548523520
1768910400,3106.594970703125,3110.831787109375,2998.335205078125,3024.935302734375,5540143104
1768924800,3029.68359375,3035.4677734375,2980.40966796875,2991.9599609375,3560235008
1768939200,2992.3818359375,3001.830078125,2929.947998046875,2935.882080078125,2022592512
1768953600,2936.23193359375,2979.224365234375,2921.62841796875,2977.99609375,1204172800
1768968000,2977.99609375,2997.038818359375,2963.857666015625,2965.843994140625,32417792
1768982400,2967.681396484375,2970.813232421875,2940.113525390625,2940.113525390625,0
1768996800,2940.58837890625,3018.67431640625,2902.169921875,3001.427490234375,3960496128
1769011200,2999.651611328125,3063.312255859375,2867.264404296875,3054.079833984375,5331619840
1769025600,3052.4228515625,3052.4228515625,2972.14306640625,2979.307861328125,1303646208
1769040000,2979.63525390625,3034.338134765625,2979.63525390625,3011.087158203125,642619392
1769054400,3010.37451171875,3023.0380859375,2998.20849609375,2998.20849609375,381892608
1769068800,2998.224365234375,3013.04736328125,2977.3857421875,2983.9384765625,1003773952
1769083200,2983.941162109375,3003.057861328125,2905.562744140625,2940.91845703125,304683008
1769097600,2941.138916015625,2965.286376953125,2925.73828125,2951.595703125,0
1769112000,2951.38671875,2953.580078125,2929.087158203125,2949.44580078125,0
1769126400,2949.41748046875,2966.02197265625,2945.209228515625,2960.040283203125,0
1769140800,2960.37841796875,2979.115234375,2933.950927734375,2945.063720703125,823214080
1769155200,2945.101318359375,2946.239013671875,2912.80224609375,2935.152587890625,590317568
1769169600,2936.7255859375,2955.408447265625,2893.209228515625,2946.415283203125,0
1769184000,2948.543212890625,3013.9541015625,2939.537353515625,2955.701416015625,2063480832
1769198400,2955.633544921875,2959.21484375,2928.576171875,2953.23828125,654141440
1769212800,2952.7431640625,2965.26123046875,2946.25341796875,2958.4296875,220432384
1769227200,2958.311279296875,2961.791259765625,2950.94677734375,2953.38330078125,0
1769241600,2953.534912109375,2959.79736328125,2951.415283203125,2957.676513671875,0
1769256000,2956.56396484375,2962.092529296875,2943.447021484375,2951.504150390625,0
1769270400,2952.74560546875,2963.276611328125,2948.40771484375,2949.965576171875,0
1769284800,2949.323974609375,2959.63720703125,2946.234619140625,2948.534423828125,47749120
1769299200,2948.65283203125,2954.96044921875,2934.318115234375,2938.7080078125,76206080
1769313600,2938.48095703125,2944.044677734375,2931.70751953125,2934.908935546875,360393728
1769328000,2935.078857421875,2942.464599609375,2922.491943359375,2932.469482421875,1221094400
1769342400,2932.781494140625,2940.121826171875,2919.6728515625,2921.63916015625,422889472
1769356800,2922.57470703125,2922.57470703125,2799.777099609375,2810.1083984375,7064391680
1769371200,2809.589111328125,2820.458251953125,2785.896728515625,2815.768798828125,5776983040
1769385600,2815.301513671875,2892.1875,2813.182373046875,2843.313720703125,4335517696
1769400000,2845.724853515625,2902.778564453125,2845.724853515625,2900.336669921875,3125471232
1769414400,2900.044189453125,2918.569580078125,2879.006591796875,2889.08642578125,2205818880
1769428800,2889.065673828125,2944.810546875,2877.975830078125,2897.884521484375,4796102656
1769443200,2896.220703125,2930.965576171875,2885.574462890625,2919.920654296875,293748736
1769457600,2919.67236328125,2940.472900390625,2894.0146484375,2926.201171875,0
1769472000,2923.72900390625,2943.736083984375,2909.8427734375,2937.344970703125,0
1769486400,2937.496337890625,2949.443359375,2921.3759765625,2924.076416015625,0
1769500800,2925.0478515625,2928.65283203125,2898.4931640625,2913.662109375,575707136
1769515200,2913.144775390625,2937.58837890625,2903.136962890625,2934.16796875,0
1769529600,2933.62890625,2991.231201171875,2917.542724609375,2975.71630859375,2874658816
1769544000,2976.07421875,3030.765869140625,2975.8740234375,3022.237548828125,2935758848
1769558400,3022.494873046875,3024.519775390625,2993.48828125,3001.3017578125,0
1769572800,3000.863525390625,3012.733154296875,2989.794189453125,3000.596435546875,113301504
1769587200,3000.455078125,3040.244384765625,2983.227783203125,3036.20703125,694794240
1769601600,3036.021484375,3038.55322265625,2986.56201171875,3005.01513671875,1308837888
1769616000,3004.1494140625,3022.460205078125,2991.0634765625,3018.49560546875,685645824
1769630400,3014.796875,3025.945068359375,2995.193603515625,3006.26171875,0
1769644800,3007.909423828125,3007.909423828125,2944.902587890625,2948.854248046875,1751083008
1769659200,2947.980712890625,2960.068359375,2936.982177734375,2959.08447265625,269398016
1769673600,2956.8671875,2962.543701171875,2920.74658203125,2925.728515625,737910784
1769688000,2926.74609375,2933.783935546875,2794.35595703125,2818.19140625,3771461632
1769702400,2819.64697265625,2853.162353515625,2756.639892578125,2795.3818359375,7981168640
1769716800,2792.222900390625,2822.618896484375,2784.671875,2818.135498046875,3279919104
1769731200,2818.053466796875,2823.904052734375,2702.10595703125,2737.64111328125,4940976128
1769745600,2736.59326171875,2768.8740234375,2695.627685546875,2736.082763671875,3010490368
1769760000,2736.228515625,2763.110595703125,2707.2236328125,2756.007568359375,825479168
1769774400,2755.34228515625,2760.70849609375,2696.8671875,2724.660400390625,1948647424
1769788800,2725.697509765625,2756.6669921875,2639.2998046875,2743.0947265625,63021056
1769803200,2739.88037109375,2739.88037109375,2663.46923828125,2702.301513671875,1684783104
1769817600,2702.515869140625,2709.524169921875,2681.65673828125,2692.19775390625,0
1769832000,2691.64306640625,2699.6572265625,2665.36767578125,2675.068115234375,0
1769846400,2674.76416015625,2677.44580078125,2615.446044921875,2636.244873046875,1921765376
1769860800,2636.46826171875,2639.029541015625,2515.480712890625,2525.432861328125,3551797248
1769875200,2530.14990234375,2540.080078125,2263.35888671875,2385.441162109375,11137171456
1769889600,2380.810546875,2468.62451171875,2358.320556640625,2445.0693359375,2347347968
1769904000,2449.217041015625,2472.598388671875,2429.290283203125,2442.426513671875,1977962496
1769918400,2443.02490234375,2450.837646484375,2392.283203125,2409.04931640625,2378362880
1769932800,2408.418212890625,2435.70947265625,2375.302001953125,2410.064697265625,1331097600
1769947200,2409.62939453125,2409.62939453125,2287.963623046875,2320.238037109375,1646424064
1769961600,2313.127685546875,2372.927001953125,2288.06982421875,2314.083251953125,0
1769976000,2317.866943359375,2340.817626953125,2225.599365234375,2267.5625,3846332416
1769990400,2267.340087890625,2318.9736328125,2170.072509765625,2237.751220703125,5438492672
1770004800,2236.228759765625,2261.010986328125,2162.213134765625,2229.927734375,5763223552
1770019200,2227.29833984375,2313.541259765625,2227.29833984375,2278.506103515625,3485806592
1770033600,2281.918701171875,2390.296875,2281.918701171875,2370.031005859375,2427195392
1770048000,2370.353515625,2384.48388671875,2328.5986328125,2336.821044921875,445403136
1770062400,2326.56005859375,2352.507080078125,2312.770263671875,2344.44580078125,0
1770076800,2344.615234375,2356.781494140625,2285.41796875,2341.289306640625,0
1770091200,2341.42236328125,2351.616943359375,2301.603515625,2320.824951171875,146014208
1770105600,2320.2890625,2328.27880859375,2269.692138671875,2275.25048828125,0
1770120000,2274.267578125,2313.888916015625,2252.73046875,2303.793701171875,0
1770134400,2301.6767578125,2301.6767578125,2110.294189453125,2207.01611328125,10051233792
1770148800,2204.081787109375,2331.642578125,2187.22607421875,2227.967041015625,6876848128
1770163200,2228.46630859375,2291.13134765625,2223.07373046875,2280.9033203125,1127456768
1770177600,2280.414794921875,2287.268798828125,2254.686767578125,2279.25341796875,69656576
1770192000,2280.50927734375,2281.689697265625,2226.084716796875,2254.01220703125,1069498368
1770206400,2253.403076171875,2258.70703125,2137.184326171875,2151.681396484375,3707916288
1770220800,2149.0078125,2183.783447265625,2074.491455078125,2183.359619140625,973279232
1770235200,2183.682861328125,2183.682861328125,2086.8896484375,2144.047607421875,321822720
1770249600,2143.185302734375,2164.244873046875,2099.601318359375,2104.270263671875,2137755648
1770264000,2105.91259765625,2119.638671875,2071.10888671875,2085.529296875,4629733376
1770278400,2086.41455078125,2142.76171875,2063.676513671875,2075.181396484375,2274283520
1770292800,2075.918212890625,2096.009521484375,1927.3572998046875,1956.20703125,3088265216
1770307200,1958.8409423828125,2008.1112060546875,1915.255859375,1922.7735595703125,1438179328
1770321600,1924.1485595703125,1935.6639404296875,1818.664306640625,1821.12939453125,7438901248
1770336000,1823.2030029296875,1939.859619140625,1748.627685546875,1888.9052734375,11864371200
1770350400,1890.0206298828125,1971.097412109375,1886.631103515625,1897.2008056640625,2882650112
1770364800,1896.8526611328125,1933.7215576171875,1866.9998779296875,1930.1917724609375,4925825024
1770379200,1930.2158203125,1999.0474853515625,1914.5103759765625,1982.0,661741568
1770393600,1980.4561767578125,2088.871826171875,1974.884033203125,2064.68994140625,4951867392
1770408000,2064.630859375,2090.328125,2043.630859375,2063.333740234375,17539072
1770422400,2062.044189453125,2080.625732421875,2032.5072021484375,2080.3984375,0
1770436800,2079.897705078125,2114.558837890625,1996.2757568359375,2027.431396484375,383418368
1770451200,2026.9462890625,2029.86279296875,1999.19921875,2018.6556396484375,0
1770465600,2017.3585205078125,2069.377197265625,2011.58740234375,2050.132080078125,535465984
1770480000,2050.621337890625,2105.754150390625,2034.4154052734375,2088.836181640625,7650553856
1770494400,2090.254638671875,2108.96435546875,2072.73046875,2090.63330078125,4071424
1770508800,2089.215576171875,2105.39208984375,2076.084228515625,2077.12939453125,0
1770523200,2077.449462890625,2086.47705078125,2066.697021484375,2082.035888671875,180158464
1770537600,2082.35888671875,2132.03466796875,2077.31005859375,2128.774658203125,336343040
1770552000,2130.663330078125,2140.518798828125,2099.62548828125,2107.47705078125,0
1770566400,2107.19873046875,2126.741943359375,2076.74560546875,2125.472900390625,0
1770580800,2125.399658203125,2142.12353515625,2073.86767578125,2087.92138671875,1129132032
1770595200,2088.947021484375,2100.103271484375,2055.8359375,2096.18896484375,1537693696
1770609600,2098.796875,2098.796875,2065.034912109375,2066.037109375,558053376
1770624000,2064.260986328125,2067.84521484375,2013.659912109375,2024.1920166015625,503048192
1770638400,2024.9139404296875,2070.3505859375,2010.770751953125,2060.60498046875,2657265664
1770652800,2061.105712890625,2138.700927734375,2047.8543701171875,2128.853515625,2887673856
1770667200,2129.69384765625,2144.97607421875,2089.817626953125,2104.181884765625,2067290112
1770681600,2103.66162109375,2121.76220703125,2055.09033203125,2063.0068359375,716072960
1770696000,2063.41259765625,2072.712158203125,1998.7525634765625,2007.281494140625,3429967872
1770710400,2006.212890625,2027.7059326171875,1995.64697265625,2000.4228515625,704956416
1770724800,2001.367919921875,2035.5391845703125,1993.2955322265625,2022.073974609375,240885760
1770739200,2021.6650390625,2044.5965576171875,1997.03759765625,2015.430419921875,0
1770753600,2016.9112548828125,2020.16552734375,1997.2177734375,2019.580078125,0
1770768000,2020.357177734375,2029.49267578125,1999.1561279296875,2008.5963134765625,493330432
1770782400,2008.0057373046875,2008.85107421875,1944.592529296875,1951.134521484375,631281664
1770796800,1949.888427734375,1954.385009765625,1932.8016357421875,1952.75830078125,115765248
1770811200,1952.582275390625,2003.268798828125,1903.6851806640625,1930.6951904296875,2692990976
1770825600,1928.3179931640625,1955.9224853515625,1910.133544921875,1951.6099853515625,1649113088
1770840000,1951.361328125,1983.8372802734375,1933.291015625,1940.8411865234375,1213822976
1770854400,1941.0098876953125,1975.035888671875,1941.0098876953125,1967.1075439453125,1373257728
1770868800,1967.5821533203125,1979.804931640625,1953.0938720703125,1968.3614501953125,33179648
1770883200,1968.9742431640625,1997.5968017578125,1958.0316162109375,1988.856689453125,537997312
1770897600,1989.2958984375,1994.0509033203125,1947.4488525390625,1948.4622802734375,0
1770912000,1947.3587646484375,1948.66064453125,1898.2708740234375,1923.9476318359375,1354670080
1770926400,1923.508056640625,1947.720703125,1910.329345703125,1946.6107177734375,422283264
1770940800,1946.05615234375,1954.784423828125,1929.631103515625,1950.6873779296875,554661888
1770955200,1952.4271240234375,1953.04443359375,1924.57080078125,1934.620849609375,256862208
1770969600,1934.3966064453125,1966.1556396484375,1934.3966064453125,1959.2269287109375,216887296
1770984000,1958.636962890625,2047.13720703125,1951.8594970703125,2031.1822509765625,2727868416
1770998400,2032.8355712890625,2068.44677734375,2031.8580322265625,2057.629150390625,0
1771012800,2057.73291015625,2057.78369140625,2039.6796875,2048.330322265625,180764672
1771027200,2048.4150390625,2055.697509765625,2042.8388671875,2053.71533203125,0
1771041600,2053.28125,2059.14404296875,2048.685546875,2057.38037109375,0
1771056000,2056.3271484375,2102.894775390625,2056.3271484375,2098.546630859375,1406824448
1771070400,2098.323974609375,2098.323974609375,2065.751220703125,2087.43994140625,871782400
1771084800,2087.3681640625,2089.232177734375,2067.842041015625,2087.406005859375,0
1771099200,2087.4541015625,2096.80908203125,2078.6728515625,2085.95361328125,622554112
1771113600,2085.51904296875,2087.726806640625,2039.8636474609375,2059.48095703125,4763165696
1771128000,2060.171630859375,2095.6806640625,2059.86181640625,2090.995849609375,3313649664
1771142400,2092.123046875,2092.712158203125,2055.2431640625,2060.533935546875,632926208
1771156800,2060.60205078125,2065.235107421875,1995.5908203125,2010.60791015625,1438351360
1771171200,2010.476806640625,2010.476806640625,1932.2230224609375,1943.39794921875,4463456256
1771185600,1941.6402587890625,1972.9482421875,1934.610595703125,1965.9232177734375,1324230656
1771200000,1965.1317138671875,1978.4638671875,1949.1649169921875,1957.1473388671875,148557824
1771214400,1957.8155517578125,1976.7467041015625,1953.4912109375,1970.648681640625,0
1771228800,1970.4451904296875,1991.268798828125,1957.3861083984375,1976.166259765625,603650048
1771243200,1975.5533447265625,2019.941162109375,1940.0194091796875,1955.6611328125,1020434432
1771257600,1955.46240234375,1985.906494140625,1955.46240234375,1975.4761962890625,0
1771272000,1973.2679443359375,2002.2330322265625,1971.9278564453125,1997.9217529296875,204847104
1771286400,1997.825927734375,2007.30126953125,1982.023193359375,1985.5977783203125,302485504
1771300800,1985.0523681640625,1996.244140625,1965.8072509765625,1985.5633544921875,232632320
1771315200,1984.9791259765625,1989.80126953125,1961.4708251953125,1967.4580078125,367587328
1771329600,1967.2081298828125,2000.894775390625,1943.2559814453125,1966.2357177734375,1033568256
1771344000,1967.3021240234375,2012.3731689453125,1955.5775146484375,1998.769775390625,2297198592
1771358400,1997.65625,2001.8240966796875,1987.8302001953125,1992.195068359375,254171136
1771372800,1991.5255126953125,1999.1015625,1969.075439453125,1997.69140625,285022208
1771387200,1996.5606689453125,2019.200927734375,1992.66162109375,2017.08837890625,266762240
1771401600,2018.524169921875,2035.68115234375,1978.1214599609375,1981.702392578125,656054272
1771416000,1979.573486328125,2006.785400390625,1954.8055419921875,1983.1591796875,152029184
1771430400,1984.776123046875,1985.7037353515625,1926.725830078125,1933.140380859375,241240064
1771444800,1940.0550537109375,1955.172607421875,1935.517822265625,1953.994140625,459468800
1771459200,1953.688232421875,1971.9700927734375,1950.701904296875,1971.9700927734375,0
1771473600,1972.0723876953125,1984.8841552734375,1964.1060791015625,1980.0421142578125,296660992
1771488000,1980.006591796875,1980.783935546875,1948.7508544921875,1948.7508544921875,0
1771502400,1948.6318359375,1954.274169921875,1914.242431640625,1923.4669189453125,386617344
1771516800,1923.950439453125,1943.59765625,1912.81884765625,1939.7535400390625,167673856
1771531200,1940.4517822265625,1951.118896484375,1936.2257080078125,1948.268798828125,11337728
1771545600,1948.3131103515625,1962.2347412109375,1947.7611083984375,1954.4239501953125,509820928
1771560000,1953.9217529296875,1967.04541015625,1933.7158203125,1959.66650390625,910503936
1771574400,1960.1319580078125,1971.490478515625,1942.628662109375,1945.2313232421875,531529728
1771588800,1943.0196533203125,1974.1820068359375,1925.0902099609375,1962.3543701171875,848984064
1771603200,1963.6292724609375,1977.7059326171875,1939.455078125,1962.9530029296875,2064959488
1771617600,1962.76171875,1974.232421875,1962.76171875,1968.86181640625,243154944
1771632000,1968.4521484375,1969.58935546875,1956.34716796875,1958.4554443359375,358266880
1771646400,1958.1466064453125,1965.1719970703125,1956.2623291015625,1962.0164794921875,0
1771660800,1962.0323486328125,1987.0013427734375,1962.0103759765625,1976.5098876953125,0
1771675200,1976.6295166015625,1992.402587890625,1970.27001953125,1988.972900390625,0
1771689600,1988.06298828125,1994.81005859375,1978.7010498046875,1988.3167724609375,0
1771704000,1987.9620361328125,1989.8648681640625,1972.0682373046875,1973.57080078125,56758272
1771718400,1973.2928466796875,1980.669677734375,1968.9068603515625,1973.5584716796875,144373760
1771732800,1974.202392578125,1977.9493408203125,1971.0357666015625,1975.739990234375,0
1771747200,1975.697998046875,1981.9677734375,1970.8779296875,1980.2957763671875,0
1771761600,1980.033935546875,1980.6240234375,1946.0421142578125,1954.0989990234375,338012160
1771776000,1953.5980224609375,1953.9095458984375,1935.3018798828125,1943.3526611328125,146472960
1771790400,1943.513671875,1959.92578125,1939.8514404296875,1958.1396484375,14825472
1771804800,1956.9404296875,1957.299072265625,1854.993896484375,1863.0762939453125,4579833856
1771819200,1862.8594970703125,1886.5628662109375,1854.427490234375,1884.7642822265625,2086379520
1771833600,1884.951416015625,1925.2698974609375,1877.581298828125,1913.9639892578125,2065542144
1771848000,1915.0322265625,1931.8900146484375,1896.4449462890625,1896.8095703125,1249124352
1771862400,1892.9320068359375,1899.114501953125,1843.1036376953125,1857.3173828125,3297718272
1771876800,1856.6195068359375,1868.294677734375,1848.2188720703125,1855.4727783203125,1123411968
1771891200,1858.0379638671875,1868.3206787109375,1813.8704833984375,1830.688720703125,0
1771905600,1831.936279296875,1838.3289794921875,1815.5806884765625,1824.1695556640625,409694208
1771920000,1824.3363037109375,1834.8321533203125,1816.3037109375,1823.7587890625,291561472
1771934400,1824.303466796875,1848.301513671875,1807.5526123046875,1847.33984375,897247232
1771948800,1847.392822265625,1863.3927001953125,1842.466064453125,1853.305419921875,0
1771963200,1852.4344482421875,1861.8291015625,1847.0706787109375,1852.87548828125,9275392
1771977600,1852.074462890625,1938.6201171875,1847.05419921875,1906.4058837890625,1339060224
1771992000,1905.8896484375,1913.669189453125,1880.0888671875,1893.162109375,103735296
1772006400,1893.2742919921875,1924.881103515625,1890.3973388671875,1922.51513671875,372211712
1772020800,1926.092529296875,2025.6275634765625,1922.78857421875,2010.1610107421875,2123134976
1772035200,2016.4857177734375,2079.649658203125,2015.1253662109375,2071.738037109375,3262244864
1772049600,2071.481689453125,2145.506103515625,2039.402587890625,2053.78271484375,3948615680
1772064000,2056.853515625,2075.221435546875,2041.5980224609375,2055.23095703125,886296576
1772078400,2055.510986328125,2081.16259765625,2052.592041015625,2054.897216796875,4255078400
1772092800,2053.653564453125,2082.78662109375,2047.3153076171875,2057.065185546875,928190464
1772107200,2059.02197265625,2073.657470703125,2014.0814208984375,2033.388427734375,0
1772121600,2033.0855712890625,2036.745849609375,1976.8292236328125,2028.3690185546875,320112640
1772136000,2030.70751953125,2040.6336669921875,2020.36767578125,2026.735107421875,0
1772150400,2027.4267578125,2047.3629150390625,2002.2392578125,2045.952392578125,225163264
1772164800,2045.3101806640625,2062.627197265625,2023.2579345703125,2032.5775146484375,414478336
1772179200,2032.344482421875,2043.919677734375,1957.9176025390625,1963.1783447265625,1040844800
1772193600,1962.6710205078125,1967.4908447265625,1942.0667724609375,1948.63232421875,1162309632
1772208000,1948.33984375,1948.34716796875,1912.754150390625,1921.7393798828125,0
1772222400,1920.88330078125,1932.8018798828125,1888.6287841796875,1930.7469482421875,676894720
1772236800,1929.9451904296875,1935.955322265625,1922.2371826171875,1924.007080078125,44001280
1772251200,1923.905517578125,1927.3736572265625,1838.447509765625,1867.3154296875,3052460032
1772265600,1866.842041015625,1880.042724609375,1846.381103515625,1862.88525390625,714301440
1772280000,1863.369140625,1914.5076904296875,1863.369140625,1899.5020751953125,333979648
1772294400,1899.084716796875,1952.1881103515625,1890.06884765625,1944.32958984375,784029696
1772308800,1947.2666015625,1980.937744140625,1940.1175537109375,1965.3902587890625,1369804800
1772323200,1966.3194580078125,2049.764404296875,1946.2889404296875,2019.8779296875,4628295680
1772337600,2022.695068359375,2028.22412109375,1990.0687255859375,2006.9381103515625,788969472
1772352000,2007.3994140625,2009.254150390625,1974.8564453125,1983.9608154296875,850483200
1772366400,1983.6715087890625,2025.678466796875,1970.404052734375,1996.911376953125,0
1772380800,1993.706787109375,2007.80810546875,1950.6922607421875,1954.3865966796875,987621376
1772395200,1954.1590576171875,1956.483642578125,1909.6484375,1939.0587158203125,795099136
1772409600,1939.4984130859375,1984.5029296875,1938.9693603515625,1972.7088623046875,264284160
1772424000,1972.0933837890625,1979.0028076171875,1927.892822265625,1941.06884765625,253018112
1772438400,1941.0594482421875,1962.7779541015625,1925.990234375,1947.8978271484375,944173056
1772452800,1947.9493408203125,2061.41357421875,1922.4390869140625,2045.9365234375,2954272768
1772467200,2048.579833984375,2082.920654296875,2023.454833984375,2042.6102294921875,2865330176
1772481600,2043.7685546875,2056.8564453125,2026.5894775390625,2027.407958984375,371937280
1772496000,2027.03515625,2040.592041015625,2000.115234375,2008.7083740234375,343498752
1772510400,2008.530517578125,2015.482177734375,1988.173095703125,1995.5128173828125,319590400
1772524800,1995.749267578125,1999.06396484375,1941.3143310546875,1962.77734375,1107466240
1772539200,1961.8319091796875,1988.527587890625,1936.252197265625,1965.88916015625,489824256
1772553600,1969.88232421875,2010.7611083984375,1962.0589599609375,1987.1580810546875,601831424
1772568000,1986.868896484375,2000.548583984375,1960.9014892578125,1982.711181640625,30468096
1772582400,1982.8787841796875,1997.5135498046875,1946.78466796875,1959.140869140625,1017186304
1772596800,1962.92578125,2007.13623046875,1952.135009765625,2004.53759765625,277866496
1772611200,2006.28759765625,2087.564697265625,2002.3509521484375,2055.96484375,3581415424
1772625600,2055.284912109375,2155.665771484375,2038.3140869140625,2155.665771484375,2500120576
1772640000,2149.820068359375,2198.475341796875,2132.690185546875,2180.331787109375,3030265856
1772654400,2179.136962890625,2179.586669921875,2117.56298828125,2124.773681640625,1372645376
1772668800,2128.638427734375,2140.44775390625,2109.397705078125,2119.37451171875,1006241792
1772683200,2120.1806640625,2141.976806640625,2098.071044921875,2103.128173828125,720293888
1772697600,2105.372314453125,2161.963134765625,2094.998291015625,2137.900146484375,140507136
1772712000,2138.450927734375,2142.59814453125,2071.30712890625,2082.355224609375,0
1772726400,2086.060546875,2092.02685546875,2057.57666015625,2074.6865234375,135847936
1772740800,2074.432373046875,2098.5068359375,2071.084716796875,2072.025634765625,76607488
1772755200,2072.8310546875,2092.420166015625,2063.677001953125,2081.550537109375,82851840
1772769600,2081.22998046875,2086.608642578125,2060.171142578125,2082.88916015625,201402368
1772784000,2082.47119140625,2082.47119140625,2048.47705078125,2051.2822265625,86495232
1772798400,2051.4931640625,2056.56982421875,1968.1907958984375,1977.0291748046875,1927923712
1772812800,1978.013916015625,1991.1734619140625,1957.0985107421875,1984.6029052734375,305205248
1772827200,1984.2579345703125,1988.93701171875,1970.6292724609375,1978.6905517578125,0
1772841600,1978.5302734375,1993.29541015625,1972.87451171875,1980.82568359375,150089728
1772856000,1980.50244140625,1983.16455078125,1966.908447265625,1983.16455078125,87926784
1772870400,1983.18994140625,1993.6361083984375,1976.3050537109375,1989.3802490234375,0
1772884800,1988.74658203125,1990.6143798828125,1971.277587890625,1981.69775390625,0
1772899200,1981.0643310546875,1982.7744140625,1951.62109375,1954.750244140625,388895744
1772913600,1955.1834716796875,1973.0355224609375,1955.1834716796875,1969.4522705078125,105117696
1772928000,1969.2655029296875,1976.6146240234375,1940.162109375,1948.58447265625,1245388800
1772942400,1948.197509765625,1958.804931640625,1934.32421875,1954.8134765625,584878080
1772956800,1955.5010986328125,1978.39794921875,1947.14599609375,1952.3331298828125,1364483072
1772971200,1951.778076171875,1954.046630859375,1927.68212890625,1941.5902099609375,1647447040
1772985600,1942.0509033203125,1968.34521484375,1928.5224609375,1964.02099609375,687919104
1773000000,1964.201416015625,1969.7203369140625,1917.9088134765625,1936.637451171875,1922626560
1773014400,1937.102783203125,2002.817138671875,1931.7188720703125,1977.0562744140625,2598000640
1773028800,1977.980224609375,2011.72265625,1966.953369140625,1983.0596923828125,2132105216
1773043200,1984.2711181640625,2020.2957763671875,1981.6370849609375,1992.5880126953125,869068800
1773057600,1992.156982421875,2031.3245849609375,1992.156982421875,2026.025146484375,2328655872
1773072000,2023.4359130859375,2048.365478515625,2007.046142578125,2036.1710205078125,1695287296
1773086400,2034.3756103515625,2037.198486328125,1990.8204345703125,1992.986083984375,413341696
1773100800,1994.333251953125,2052.6884765625,1992.8333740234375,2026.80908203125,179578880
1773115200,2027.681884765625,2056.1064453125,2027.681884765625,2049.363525390625,0
1773129600,2050.9677734375,2071.2021484375,2050.9677734375,2061.73681640625,1235398656
1773144000,2061.82421875,2084.90966796875,2011.8948974609375,2080.031982421875,1757310976
1773158400,2080.43994140625,2087.797119140625,2029.832763671875,2035.8291015625,1192292352
1773172800,2037.343994140625,2047.0098876953125,2021.68408203125,2037.1212158203125,131231744
1773187200,2037.130126953125,2040.288330078125,2019.6800537109375,2020.9947509765625,505466880
1773201600,2020.787841796875,2039.86865234375,2008.0906982421875,2013.36962890625,173002752
1773216000,2012.723876953125,2033.3466796875,2010.881103515625,2018.7266845703125,99102720
1773230400,2018.0045166015625,2080.249267578125,2013.20361328125,2050.763427734375,680744960
1773244800,2049.775634765625,2085.266845703125,2048.38671875,2076.216552734375,224559104
1773259200,2076.5302734375,2082.570556640625,2047.5579833984375,2051.7666015625,370546688
1773273600,2052.380859375,2057.705322265625,2019.541259765625,2023.49365234375,411670528
1773288000,2023.5506591796875,2040.8868408203125,2020.293701171875,2040.14501953125,178798592
1773302400,2040.80908203125,2075.40771484375,2039.24267578125,2061.679443359375,946638848
1773316800,2063.38525390625,2090.654541015625,2039.8236083984375,2069.756103515625,592547840
1773331200,2073.26171875,2077.081787109375,2047.622314453125,2072.165771484375,167553024
1773345600,2070.99560546875,2091.90771484375,2056.81982421875,2073.289306640625,1602154496
1773360000,2073.826171875,2145.611572265625,2071.806396484375,2118.751708984375,3305097216
1773374400,2118.982421875,2119.520751953125,2090.933837890625,2100.984375,566646784
1773388800,2099.3037109375,2132.238037109375,2092.377197265625,2121.5205078125,833630208
1773403200,2121.390625,2205.16845703125,2121.270751953125,2127.210693359375,4121452544
1773417600,2128.917724609375,2141.87646484375,2092.907958984375,2102.09130859375,1559855104
1773432000,2102.539306640625,2115.84033203125,2079.372802734375,2092.558349609375,258680832
1773446400,2092.439697265625,2102.228271484375,2082.9482421875,2100.936279296875,0
1773460800,2101.1201171875,2105.5712890625,2073.95458984375,2078.352783203125,24535040
1773475200,2077.88330078125,2080.733642578125,2063.405517578125,2073.813720703125,0
1773489600,2073.946533203125,2080.361328125,2070.795654296875,2075.015625,0
1773504000,2074.450439453125,2079.39892578125,2069.904052734375,2077.917236328125,0
1773518400,2077.9091796875,2098.38623046875,2076.495361328125,2096.880859375,128814080
1773532800,2096.66455078125,2106.924072265625,2084.65966796875,2096.13916015625,262002688
1773547200,2096.4560546875,2115.430419921875,2096.4560546875,2105.628662109375,115486720
1773561600,2105.694091796875,2122.377685546875,2105.694091796875,2119.96484375,247701504
1773576000,2119.9462890625,2120.198486328125,2087.32861328125,2094.015380859375,1123986432
1773590400,2093.953369140625,2117.396728515625,2090.68896484375,2113.78662109375,750120960
1773604800,2113.68408203125,2201.888916015625,2111.13671875,2177.782958984375,4304363520
1773619200,2178.44580078125,2245.39892578125,2166.272216796875,2238.13525390625,4016329728
1773633600,2235.80810546875,2284.3916015625,2235.80810546875,2249.6201171875,6093631488
1773648000,2248.9521484375,2278.3154296875,2240.197509765625,2270.46484375,3284445184
1773662400,2270.219970703125,2303.97998046875,2259.010009765625,2272.070068359375,5531170816
1773676800,2273.545166015625,2343.173828125,2271.861328125,2333.68994140625,4688627712
1773691200,2331.591796875,2383.081298828125,2324.15673828125,2351.134765625,1271967744
1773705600,2351.62158203125,2374.908935546875,2311.0517578125,2317.98974609375,2616590336
1773720000,2320.260498046875,2337.20068359375,2298.44091796875,2326.095458984375,0
1773734400,2327.887451171875,2334.370361328125,2307.84423828125,2328.155517578125,305717248
1773748800,2327.2333984375,2356.20263671875,2307.153564453125,2315.6953125,0
1773763200,2316.387939453125,2342.089599609375,2314.797607421875,2320.69189453125,0
1773777600,2321.745361328125,2342.218505859375,2318.15966796875,2318.15966796875,169312256
1773792000,2318.0888671875,2347.313232421875,2309.591552734375,2341.412353515625,0
1773806400,2341.37109375,2341.875244140625,2314.063720703125,2318.458740234375,0
1773820800,2318.298828125,2332.546142578125,2265.60009765625,2269.689697265625,956667904
1773835200,2269.9541015625,2269.9541015625,2178.748046875,2188.836181640625,2101024768
1773849600,2185.54296875,2217.25,2170.0732421875,2184.00732421875,2340773888
1773864000,2187.55712890625,2206.076416015625,2158.09765625,2203.478759765625,1378551808
1773878400,2203.25439453125,2231.16455078125,2188.573486328125,2212.20361328125,441294848
1773892800,2212.476318359375,2212.54638671875,2144.364013671875,2167.650146484375,1984550912
1773907200,2169.74755859375,2189.666015625,2159.1123046875,2166.51708984375,1204992000
1773921600,2167.038330078125,2167.038330078125,2103.350830078125,2122.81201171875,933588992
1773936000,2119.15771484375,2156.0771484375,2106.108154296875,2141.67529296875,513150976
1773950400,2142.339111328125,2154.37451171875,2132.83154296875,2137.394287109375,127604736
1773964800,2137.66650390625,2159.452880859375,2133.29296875,2152.6962890625,35694592
1773979200,2151.64404296875,2158.4345703125,2122.281005859375,2151.462646484375,243759104
1773993600,2151.3310546875,2173.3837890625,2132.177734375,2141.552734375,406439936
1774008000,2141.488037109375,2151.351806640625,2119.926513671875,2133.31787109375,0
1774022400,2133.983154296875,2142.89306640625,2117.471923828125,2133.417236328125,226310144
1774036800,2132.506591796875,2166.629638671875,2124.765380859375,2146.7099609375,261914624
1774051200,2146.52490234375,2157.970458984375,2145.1513671875,2153.429443359375,0
1774065600,2153.415771484375,2160.900390625,2151.0185546875,2155.28125,7845997568
1774080000,2155.396484375,2158.3935546875,2149.8232421875,2156.985595703125,0
1774094400,2156.939208984375,2166.7158203125,2147.38037109375,2155.6025390625,0
1774108800,2155.28759765625,2155.28759765625,2143.52685546875,2152.087646484375,0
1774123200,2152.12744140625,2156.08837890625,2072.885986328125,2077.201171875,874626560
1774137600,2084.689208984375,2124.9873046875,2055.3095703125,2113.98095703125,3219478528
1774152000,2114.03515625,2121.4150390625,2095.222412109375,2095.222412109375,644344832
1774166400,2093.50732421875,2094.44775390625,2069.0498046875,2069.944580078125,1461244928
1774180800,2070.853271484375,2090.6259765625,2069.681640625,2082.110595703125,628709376
1774195200,2082.78271484375,2084.25341796875,2055.084228515625,2062.12841796875,669907968
1774209600,2062.661376953125,2071.388671875,2028.3013916015625,2052.953125,1885332480
1774224000,2053.4296875,2071.4609375,2038.11083984375,2051.9599609375,0
1774238400,2052.010986328125,2070.515869140625,2024.2244873046875,2044.3658447265625,1526891520
1774252800,2044.303955078125,2190.022705078125,2029.742919921875,2135.480224609375,5330302976
1774267200,2132.84814453125,2189.731201171875,2114.242431640625,2126.225830078125,6125637632
1774281600,2127.926025390625,2174.815185546875,2119.43798828125,2153.255859375,3425169408
1774296000,2154.583984375,2164.815185546875,2141.255126953125,2152.114501953125,27559936
1774310400,2151.80615234375,2153.887451171875,2129.921142578125,2141.396728515625,115156992
1774324800,2141.140869140625,2167.94287109375,2128.873779296875,2167.94287109375,135389184
1774339200,2165.477294921875,2174.325927734375,2148.254150390625,2164.7763671875,491053056
1774353600,2165.2568359375,2168.199462890625,2121.80078125,2133.34130859375,0
1774368000,2134.836181640625,2138.87255859375,2103.69921875,2114.866455078125,106981376
1774382400,2115.49462890625,2162.5615234375,2115.49462890625,2155.719482421875,1311446016
1774396800,2155.78515625,2167.330810546875,2147.6376953125,2158.688232421875,405147648
1774411200,2157.248046875,2176.39306640625,2156.836669921875,2165.142822265625,567150592
1774425600,2164.087646484375,2197.837890625,2164.087646484375,2185.52294921875,837531648
1774440000,2186.053466796875,2195.73046875,2149.496337890625,2162.51904296875,947462144
1774454400,2162.345458984375,2182.841064453125,2158.119384765625,2167.970703125,376279040
1774468800,2171.130859375,2180.81689453125,2159.66015625,2168.02880859375,822272
1774483200,2168.2783203125,2170.10107421875,2145.025390625,2152.4794921875,148933632
1774497600,2152.345703125,2153.132568359375,2112.056396484375,2122.628173828125,397308928
1774512000,2122.517578125,2124.327392578125,2065.343994140625,2067.52490234375,1074412544
1774526400,2067.64794921875,2091.438720703125,2058.508544921875,2069.50927734375,279370752
1774540800,2069.582763671875,2069.582763671875,2034.1695556640625,2048.882568359375,1315618816
1774555200,2047.1922607421875,2076.156494140625,2046.0013427734375,2059.44873046875,1037201408
1774569600,2059.044921875,2074.650146484375,2056.14453125,2059.787841796875,36022272
1774584000,2060.231689453125,2069.932861328125,2043.33984375,2063.61865234375,899293184
1774598400,2064.71435546875,2065.403076171875,1987.5572509765625,1989.9818115234375,2424989696
1774612800,1990.494384765625,2007.6409912109375,1971.55224609375,1989.9639892578125,1140715520
1774627200,1989.948486328125,1994.5574951171875,1973.5860595703125,1993.27001953125,535795712
1774641600,1992.129150390625,1993.876708984375,1980.0025634765625,1991.283447265625,28518400
1774656000,1991.659912109375,1993.548828125,1982.3834228515625,1987.682861328125,109389824
1774670400,1988.0418701171875,2006.2525634765625,1986.2767333984375,2006.2525634765625,0
1774684800,2005.721435546875,2006.6644287109375,1992.02734375,1996.936767578125,0
1774699200,1996.9307861328125,2034.629638671875,1992.3802490234375,2024.55126953125,0
1774713600,2025.5740966796875,2028.0364990234375,2016.7642822265625,2018.815673828125,0
1774728000,2019.105712890625,2024.5501708984375,1989.6190185546875,1992.69384765625,281352192
1774742400,1993.3470458984375,2015.5404052734375,1991.4423828125,2009.6341552734375,238025728
1774756800,2009.6566162109375,2010.663330078125,1996.9285888671875,2005.5433349609375,19326976
1774771200,2004.9454345703125,2005.5985107421875,1991.2935791015625,2002.523681640625,61901312
1774785600,2002.57568359375,2002.84326171875,1983.76318359375,1991.366943359375,0
1774800000,1991.0133056640625,2001.03173828125,1987.964599609375,1993.673095703125,234560000
1774814400,1993.8287353515625,2005.578857421875,1943.779296875,1982.5506591796875,2111134720
1774828800,1982.7396240234375,2040.25927734375,1980.2283935546875,2034.908447265625,2165170176
1774843200,2034.2567138671875,2058.488525390625,2034.2567138671875,2056.402587890625,1994238976
1774857600,2057.592041015625,2073.511962890625,2048.578369140625,2067.920654296875,1726599168
1774872000,2068.7822265625,2081.444091796875,2044.940673828125,2073.0029296875,2065649664
1774886400,2072.90966796875,2072.90966796875,2012.4656982421875,2021.131103515625,1778565120
1774900800,2022.2886962890625,2046.50146484375,2013.5595703125,2023.5206298828125,639078400
1774915200,2024.5008544921875,2086.43115234375,2016.0306396484375,2066.255615234375,883318784
1774929600,2065.782470703125,2069.727294921875,2043.147705078125,2054.0234375,59077632
1774944000,2054.213134765625,2056.8046875,2012.5635986328125,2039.4915771484375,859352064
1774958400,2039.729736328125,2087.71484375,2034.7430419921875,2054.0,1054181376
1774972800,2052.734130859375,2117.06591796875,2052.734130859375,2093.798828125,2724337664
1774987200,2095.26806640625,2106.4052734375,2089.087158203125,2104.717529296875,404619264
1775001600,2104.250732421875,2112.5205078125,2083.617431640625,2100.595703125,25122816
1775016000,2100.845458984375,2154.092041015625,2099.569091796875,2129.943603515625,1670213632
1775030400,2131.80322265625,2141.117431640625,2125.497802734375,2134.9306640625,261924864
1775044800,2134.31298828125,2137.313232421875,2110.518310546875,2135.220458984375,323141632
1775059200,2134.718017578125,2164.634033203125,2125.362548828125,2142.76171875,571303936
1775073600,2140.275634765625,2161.6953125,2132.293701171875,2138.7236328125,1330714624
1775088000,2139.6318359375,2158.142822265625,2049.51025390625,2055.976318359375,2780528640
1775102400,2055.599365234375,2056.006103515625,2039.865478515625,2055.843505859375,291936256
1775116800,2055.334716796875,2055.334716796875,2031.736083984375,2031.9552001953125,45582336
1775131200,2032.5250244140625,2069.473388671875,2018.0526123046875,2058.379638671875,1171187712
1775145600,2059.352783203125,2069.88232421875,2043.736083984375,2065.161865234375,319547392
1775160000,2064.729736328125,2072.986572265625,2054.428466796875,2056.704833984375,0
1775174400,2056.783447265625,2061.4921875,2042.3604736328125,2054.169677734375,0
1775188800,2054.07763671875,2071.96484375,2049.24658203125,2065.443603515625,0
1775203200,2065.919677734375,2071.226806640625,2053.602294921875,2062.5751953125,5945344
1775217600,2062.582275390625,2066.6025390625,2042.60791015625,2051.186279296875,25723904
1775232000,2051.29248046875,2055.52685546875,2044.6826171875,2052.67822265625,0
1775246400,2052.812255859375,2058.7158203125,2048.949951171875,2053.58447265625,97265664
1775260800,2053.509033203125,2053.509033203125,2048.05859375,2049.638427734375,0
1775275200,2049.790771484375,2056.794189453125,2048.21484375,2053.59814453125,0
1775289600,2053.244384765625,2054.3251953125,2047.526123046875,2050.98828125,28116480
1775304000,2051.208740234375,2057.936767578125,2045.7276611328125,2055.461181640625,62242816
1775318400,2055.71044921875,2078.2021484375,2053.309326171875,2066.141845703125,609448448
1775332800,2064.878173828125,2071.501953125,2059.871826171875,2065.37060546875,43220480
1775347200,2065.23291015625,2065.340087890625,2054.262939453125,2056.03076171875,65582080
1775361600,2056.1796875,2057.419921875,2028.034423828125,2036.6468505859375,552156672
1775376000,2036.7965087890625,2050.158447265625,2035.546630859375,2041.9068603515625,27130880
1775390400,2041.7825927734375,2065.145751953125,2022.9166259765625,2052.884521484375,802861568
1775404800,2053.35400390625,2068.34375,2048.982177734375,2060.17822265625,348874752
1775419200,2060.791015625,2120.197265625,2050.3388671875,2108.935791015625,1823776256
1775433600,2108.78466796875,2138.96044921875,2108.78466796875,2127.347900390625,2818353152
1775448000,2127.865478515625,2138.158447265625,2120.485595703125,2134.205810546875,821781504
1775462400,2134.17041015625,2167.12060546875,2133.94482421875,2150.654052734375,2540266496
1775476800,2151.124755859375,2167.858642578125,2138.559326171875,2163.984130859375,1915197440
1775491200,2164.294921875,2165.77392578125,2124.353271484375,2144.7587890625,1481990144
1775505600,2144.211669921875,2152.958984375,2089.66650390625,2107.784912109375,250632192
1775520000,2107.446533203125,2118.083740234375,2094.010009765625,2107.921630859375,0
1775534400,2107.880859375,2118.062255859375,2096.685546875,2103.8037109375,33282048
1775548800,2103.8740234375,2130.860595703125,2082.858154296875,2089.764892578125,819955712
1775563200,2089.2890625,2091.160888671875,2062.679443359375,2079.448974609375,352822272
1775577600,2079.685546875,2113.9130859375,2077.7763671875,2110.76025390625,104253440
1775592000,2113.559814453125,2266.74609375,2111.25732421875,2242.276611328125,6202472448
1775606400,2239.89404296875,2248.41748046875,2228.89306640625,2234.07470703125,1918402560
1775620800,2234.281005859375,2257.76708984375,2234.281005859375,2251.97705078125,1698125824
1775635200,2252.7685546875,2261.873779296875,2239.071533203125,2246.673828125,367323136
1775649600,2247.085693359375,2267.48388671875,2189.805419921875,2215.535400390625,2199179264
1775664000,2215.09814453125,2237.83984375,2198.6884765625,2207.2421875,367548416
1775678400,2211.24169921875,2221.89453125,2183.5078125,2190.33251953125,0
1775692800,2189.210205078125,2193.619140625,2165.9912109375,2182.721435546875,0
1775707200,2182.403564453125,2188.340087890625,2176.275146484375,2181.2568359375,16015360
1775721600,2181.1259765625,2195.36572265625,2177.12353515625,2180.07373046875,166029312
1775736000,2180.111572265625,2221.829833984375,2159.475830078125,2216.553466796875,575271936
1775750400,2222.187744140625,2227.395751953125,2195.4169921875,2215.8515625,821715968
1775764800,2216.853271484375,2238.341064453125,2185.29052734375,2189.380859375,744576000
1775779200,2189.994384765625,2203.356201171875,2179.488037109375,2185.91455078125,421986304
1775793600,2186.814453125,2202.542236328125,2176.976318359375,2178.8916015625,538808320
1775808000,2179.255859375,2223.196533203125,2177.58935546875,2216.36279296875,726865920
1775822400,2216.13916015625,2255.626220703125,2208.897216796875,2222.22216796875,1522343936
1775836800,2223.36474609375,2255.936767578125,2222.571533203125,2254.203857421875,0
1775851200,2253.193603515625,2256.85400390625,2238.4189453125,2244.926025390625,24287232
1775865600,2245.39599609375,2251.16455078125,2236.59228515625,2237.318115234375,0
1775880000,2236.817138671875,2242.682373046875,2231.485107421875,2232.658447265625,233661440
1775894400,2232.90185546875,2249.004150390625,2232.90185546875,2246.861083984375,0
1775908800,2246.68798828125,2252.3212890625,2235.64404296875,2250.48193359375,0
1775923200,2250.21044921875,2326.536865234375,2247.605224609375,2314.08447265625,1595181056
1775937600,2315.088134765625,2315.928466796875,2279.0341796875,2285.43017578125,910432256
1775952000,2285.3359375,2288.3388671875,2211.180908203125,2217.085205078125,2609445888
1775966400,2214.73974609375,2221.093994140625,2210.280029296875,2220.261962890625,435615744
1775980800,2218.928466796875,2219.328369140625,2197.9638671875,2205.47021484375,537562112
1775995200,2205.502685546875,2207.61962890625,2178.890625,2186.484375,1649973248
1776009600,2185.966064453125,2207.18017578125,2184.682861328125,2199.21484375,0
1776024000,2200.052734375,2217.32373046875,2184.7685546875,2192.33154296875,576454656
1776038400,2191.664306640625,2208.25732421875,2188.181396484375,2193.9443359375,35729408
1776052800,2194.326416015625,2199.580078125,2183.744873046875,2187.827880859375,338403328
1776067200,2186.3056640625,2193.2646484375,2179.8544921875,2188.283203125,686095360
1776081600,2187.57861328125,2234.368896484375,2178.005859375,2208.329345703125,2211383296
1776096000,2209.886474609375,2267.103515625,2202.87255859375,2264.910888671875,2424514560
1776110400,2263.839599609375,2392.659912109375,2248.955078125,2370.280029296875,5925988352
1776124800,2373.800048828125,2378.10009765625,2356.139892578125,2366.300048828125,1987045376
1776139200,2366.699951171875,2389.889892578125,2355.909912109375,2379.090087890625,1402122240
1776153600,2379.02001953125,2395.860107421875,2368.669921875,2374.800048828125,1882202112
1776168000,2375.090087890625,2416.010009765625,2336.610107421875,2365.89990234375,2450710528
1776182400,2365.89990234375,2372.35009765625,2304.719970703125,2313.820068359375,997662720
1776196800,2314.5,2332.719970703125,2309.89990234375,2323.6298828125,0
1776211200,2323.7900390625,2344.14990234375,2318.679931640625,2329.919921875,329801728
1776225600,2329.699951171875,2338.8798828125,2310.47998046875,2317.1201171875,0
1776240000,2317.419921875,2338.3701171875,2312.909912109375,2338.219970703125,0
1776254400,2336.9599609375,2349.300048828125,2318.080078125,2332.949951171875,0
1776268800,2332.530029296875,2385.889892578125,2330.4599609375,2375.389892578125,53469184
1776283200,2377.18994140625,2380.81005859375,2349.699951171875,2360.550048828125,915172352
1776297600,2360.639892578125,2370.06005859375,2346.639892578125,2358.360107421875,263792640
1776312000,2357.360107421875,2364.4599609375,2336.969970703125,2341.81005859375,144145408
1776326400,2341.2900390625,2348.780029296875,2328.919921875,2336.18994140625,510241792
1776340800,2336.320068359375,2351.719970703125,2286.60009765625,2339.830078125,3293160448
1776355200,2340.510009765625,2362.590087890625,2310.110107421875,2360.679931640625,1015762944
1776369600,2361.60009765625,2364.280029296875,2336.89990234375,2348.610107421875,337620992
1776384000,2348.39990234375,2351.669921875,2325.159912109375,2325.77001953125,0
1776398400,2325.860107421875,2342.860107421875,2318.070068359375,2333.56005859375,196210688
1776412800,2334.300048828125,2377.60009765625,2333.2099609375,2355.570068359375,1326096384
1776427200,2355.89990234375,2458.360107421875,2350.260009765625,2443.260009765625,4084408320
1776441600,2443.469970703125,2466.02001953125,2416.449951171875,2430.39990234375,670220288
1776456000,2430.14990234375,2442.93994140625,2416.68994140625,2419.81005859375,1196986368
1776470400,2418.39990234375,2428.5,2402.080078125,2406.260009765625,287907840
1776484800,2405.0,2414.570068359375,2401.159912109375,2404.5400390625,148066304
1776499200,2404.360107421875,2405.6298828125,2345.89990234375,2353.7099609375,812670976
1776513600,2353.969970703125,2369.800048828125,2347.0,2364.389892578125,0
1776528000,2364.2900390625,2374.60009765625,2340.510009765625,2349.510009765625,0
1776542400,2349.64990234375,2361.110107421875,2345.89990234375,2351.199951171875,0
1776556800,2351.389892578125,2356.699951171875,2333.89990234375,2340.800048828125,76504064
1776571200,2340.909912109375,2347.300048828125,2300.5400390625,2316.909912109375,1474066432
1776585600,2316.22998046875,2331.760009765625,2307.47998046875,2330.199951171875,38183936
1776600000,2330.60009765625,2350.68994140625,2317.610107421875,2331.550048828125,383723520
1776614400,2331.75,2332.199951171875,2289.25,2300.179931640625,1031376896
1776628800,2300.510009765625,2300.739990234375,2253.550048828125,2263.5,2480418816
1776643200,2263.639892578125,2295.169921875,2261.639892578125,2287.22998046875,697001984
1776657600,2287.1201171875,2332.60009765625,2264.10009765625,2298.89990234375,735561728
1776672000,2299.300048828125,2321.280029296875,2290.699951171875,2309.47998046875,588167168
1776686400,2308.780029296875,2326.659912109375,2280.0,2314.800048828125,2109943808
1776700800,2315.5,2345.360107421875,2298.919921875,2332.7099609375,465006592
1776715200,2332.89990234375,2347.590087890625,2308.340087890625,2314.7900390625,259307520
1776729600,2314.919921875,2327.5,2301.010009765625,2312.10009765625,114886656
1776744000,2312.3798828125,2327.5400390625,2305.0,2319.43994140625,104151040
1776758400,2319.5400390625,2338.2099609375,2314.699951171875,2320.610107421875,253642752
1776772800,2320.699951171875,2328.3798828125,2291.06005859375,2311.31005859375,637270016
1776787200,2311.889892578125,2331.800048828125,2287.590087890625,2299.47998046875,810575872
1776801600,2296.6298828125,2330.18994140625,2296.6298828125,2328.0,470856704
1776816000,2329.10009765625,2379.780029296875,2314.81005859375,2364.31005859375,2247000064
1776830400,2364.280029296875,2412.56005859375,2358.909912109375,2390.419921875,2843901952
1776844800,2391.419921875,2401.68994140625,2383.5400390625,2399.35009765625,209326080
1776859200,2400.1298828125,2424.75,2391.639892578125,2403.97998046875,2197657600
1776873600,2405.639892578125,2414.919921875,2384.820068359375,2398.489990234375,158451712
1776888000,2399.360107421875,2407.27001953125,2374.89990234375,2375.199951171875,700456960
1776902400,2375.72998046875,2381.60009765625,2333.409912109375,2340.080078125,1091786752
1776916800,2341.22998046875,2359.72998046875,2337.47998046875,2345.300048828125,159457280
1776931200,2345.419921875,2345.85009765625,2307.10009765625,2329.719970703125,1386584064
1776945600,2329.699951171875,2344.18994140625,2315.659912109375,2334.419921875,0
1776960000,2334.06005859375,2336.199951171875,2285.860107421875,2313.830078125,1531000832
1776974400,2315.159912109375,2339.429931640625,2315.070068359375,2331.080078125,141328384
1776988800,2332.300048828125,2338.239990234375,2302.02001953125,2309.22998046875,0
1777003200,2308.919921875,2317.860107421875,2300.860107421875,2312.77001953125,129429504
1777017600,2312.669921875,2334.070068359375,2304.949951171875,2329.469970703125,226859008
1777032000,2330.3701171875,2333.800048828125,2302.199951171875,2324.590087890625,179054592
1777046400,2324.52001953125,2326.0400390625,2309.02001953125,2322.0,111452160
1777060800,2321.800048828125,2328.9599609375,2308.219970703125,2315.81005859375,126136320
1777075200,2315.7900390625,2321.7900390625,2312.110107421875,2319.280029296875,0
1777089600,2319.530029296875,2320.06005859375,2313.840087890625,2317.0,0
1777104000,2316.72998046875,2323.7900390625,2311.909912109375,2314.330078125,0
1777118400,2314.679931640625,2319.47998046875,2306.699951171875,2308.7900390625,0
1777132800,2307.06005859375,2314.35009765625,2301.989990234375,2310.340087890625,99436544
1777147200,2311.139892578125,2321.179931640625,2309.22998046875,2319.889892578125,902144
1777161600,2319.929931640625,2320.199951171875,2307.1298828125,2310.219970703125,20706304
1777176000,2310.2900390625,2334.989990234375,2309.260009765625,2332.179931640625,810578432
1777190400,2332.580078125,2338.56005859375,2330.60009765625,2337.0400390625,130455040
1777204800,2336.830078125,2351.8701171875,2326.22998046875,2348.909912109375,520588288
1777219200,2349.669921875,2376.090087890625,2341.199951171875,2368.530029296875,1072331776
1777233600,2369.2099609375,2379.840087890625,2349.550048828125,2370.419921875,1936219136
1777248000,2370.590087890625,2404.6298828125,2360.64990234375,2395.27001953125,2214818816
1777262400,2395.800048828125,2396.699951171875,2313.469970703125,2316.35009765625,2240897024
1777276800,2315.43994140625,2325.360107421875,2309.030029296875,2320.43994140625,872515584
1777291200,2320.52001953125,2329.889892578125,2265.840087890625,2274.639892578125,2622644224
1777305600,2273.0,2292.81005859375,2270.6298828125,2288.8798828125,988624896
1777320000,2289.580078125,2307.909912109375,2284.800048828125,2303.43994140625,0
1777334400,2304.320068359375,2310.830078125,2281.469970703125,2290.570068359375,0
1777348800,2290.5400390625,2297.469970703125,2270.72998046875,2287.43994140625,23967744
1777363200,2288.10009765625,2291.75,2269.760009765625,2274.9599609375,490618880
1777377600,2276.0,2285.89990234375,2258.75,2279.659912109375,365542400
1777392000,2279.22998046875,2305.260009765625,2273.77001953125,2301.179931640625,0
1777406400,2300.919921875,2305.219970703125,2283.949951171875,2289.2900390625,37244928
1777420800,2289.2900390625,2315.89990234375,2278.800048828125,2311.469970703125,903500800
1777435200,2312.239990234375,2341.919921875,2309.2099609375,2323.3701171875,1433705472
1777449600,2324.320068359375,2346.8798828125,2321.050048828125,2331.47998046875,911142912
1777464000,2331.169921875,2331.969970703125,2262.81005859375,2271.5,1435542528
1777478400,2270.5,2284.159912109375,2219.739990234375,2232.719970703125,3458058240
1777492800,2233.510009765625,2261.030029296875,2229.5,2251.840087890625,1404884992
1777507200,2253.0,2278.4599609375,2235.669921875,2252.550048828125,468604928
1777521600,2252.35009765625,2261.3798828125,2231.280029296875,2259.72998046875,0
1777536000,2260.3701171875,2272.280029296875,2252.090087890625,2257.219970703125,333842432
1777550400,2257.4599609375,2274.409912109375,2246.35009765625,2265.1201171875,22499328
1777564800,2265.360107421875,2266.7099609375,2250.090087890625,2261.610107421875,0
1777579200,2261.60009765625,2266.60009765625,2251.800048828125,2256.719970703125,0
1777593600,2256.8798828125,2293.070068359375,2256.7900390625,2282.0,365121536
1777608000,2282.610107421875,2286.030029296875,2271.7900390625,2279.199951171875,0
1777622400,2278.909912109375,2293.1201171875,2276.85009765625,2286.330078125,0
1777636800,2286.340087890625,2325.72998046875,2283.919921875,2307.860107421875,1697019904
1777651200,2307.39990234375,2314.18994140625,2297.389892578125,2304.699951171875,607528960
1777665600,2305.02001953125,2305.2900390625,2279.419921875,2295.5400390625,560207872
1777680000,2295.360107421875,2308.25,2292.699951171875,2304.010009765625,0
1777694400,2304.06005859375,2305.989990234375,2296.60009765625,2300.610107421875,0
1777708800,2300.389892578125,2307.3798828125,2298.610107421875,2301.989990234375,0
1777723200,2301.81005859375,2311.800048828125,2300.989990234375,2308.969970703125,0
1777737600,2309.10009765625,2313.360107421875,2304.280029296875,2310.68994140625,0
1777752000,2311.0,2341.5400390625,2309.5,2316.739990234375,648202240
1777766400,2316.8798828125,2317.5,2299.02001953125,2301.89990234375,363693568
1777780800,2301.56005859375,2313.56005859375,2297.60009765625,2309.260009765625,44093440
1777795200,2309.010009765625,2326.97998046875,2307.199951171875,2319.4599609375,348503040
1777809600,2320.010009765625,2332.300048828125,2320.010009765625,2327.830078125,614374912
1777824000,2327.840087890625,2337.510009765625,2321.72998046875,2335.679931640625,541384704
1777838400,2335.389892578125,2355.840087890625,2316.159912109375,2322.5,1533048832
1777852800,2321.7900390625,2390.429931640625,2308.60009765625,2385.010009765625,4496660480
1777867200,2385.110107421875,2398.070068359375,2354.139892578125,2362.090087890625,2898076672
1777881600,2361.89990234375,2370.830078125,2313.389892578125,2337.3701171875,3401392128
1777896000,2337.389892578125,2381.0,2325.60009765625,2349.85009765625,4342181888
1777910400,2349.699951171875,2378.81005859375,2336.0,2355.610107421875,2374629376
1777924800,2354.5,2366.10009765625,2344.2900390625,2346.949951171875,0
1777939200,2347.030029296875,2389.06005859375,2344.77001953125,2382.489990234375,0
1777953600,2382.719970703125,2390.340087890625,2367.75,2380.610107421875,38617088
1777968000,2380.39990234375,2384.5400390625,2366.6298828125,2376.989990234375,0
1778025600,2359.7099609375,2380.3798828125,2353.75,2376.5,914812928
1778040000,2376.679931640625,2379.330078125,2354.389892578125,2371.4599609375,0
1778054400,2371.0,2423.989990234375,2369.139892578125,2410.780029296875,0
1778068800,2410.929931640625,2413.77001953125,2347.199951171875,2358.60009765625,151618560
1778083200,2358.0,2365.760009765625,2338.010009765625,2348.010009765625,102258688
1778097600,2348.81005859375,2357.139892578125,2338.300048828125,2350.659912109375,277153792
1778112000,2350.39990234375,2352.199951171875,2313.909912109375,2321.929931640625,7491000320
1778126400,2321.840087890625,2347.06005859375,2318.0400390625,2344.7099609375,685107200
1778140800,2345.18994140625,2346.81005859375,2317.199951171875,2329.889892578125,0
1778155200,2328.969970703125,2336.18994140625,2285.219970703125,2293.89990234375,361578496
1778169600,2292.60009765625,2304.199951171875,2280.0,2295.800048828125,1230559232
1778184000,2295.590087890625,2301.10009765625,2280.610107421875,2290.590087890625,1118359552
1778198400,2291.530029296875,2293.919921875,2266.173583984375,2279.376220703125,2572802048
1778212800,2279.396728515625,2283.52001953125,2267.5546875,2280.0400390625,736069632
1778227200,2280.7666015625,2294.935791015625,2279.9462890625,2294.935791015625,780918784
1778241600,2295.347900390625,2301.1201171875,2269.679931640625,2292.60009765625,0
1778256000,2293.409912109375,2321.43994140625,2285.830078125,2315.5,309463040
1778270400,2315.389892578125,2318.52001953125,2302.969970703125,2307.239990234375,132974592
1778284800,2307.030029296875,2321.070068359375,2304.2900390625,2315.530029296875,0
1778299200,2315.580078125,2325.159912109375,2311.010009765625,2314.52001953125,512178176
1778313600,2314.199951171875,2319.9599609375,2309.830078125,2314.330078125,0
1778328000,2314.320068359375,2318.139892578125,2300.56005859375,2317.360107421875,0
1778342400,2317.72998046875,2337.449951171875,2314.929931640625,2331.949951171875,0
1778356800,2332.070068359375,2333.389892578125,2324.169921875,2326.159912109375,0
1778371200,2326.14990234375,2332.590087890625,2318.179931640625,2327.409912109375,0
1778385600,2327.409912109375,2331.72998046875,2326.090087890625,2327.1298828125,0
1778400000,2326.919921875,2333.340087890625,2318.68994140625,2322.469970703125,305131520
1778414400,2322.360107421875,2351.2099609375,2320.449951171875,2347.389892578125,831011840
1778428800,2349.1298828125,2367.340087890625,2340.260009765625,2365.85009765625,3888753664
1778443200,2365.800048828125,2381.699951171875,2311.85009765625,2371.1201171875,3800134656
1778457600,2372.10009765625,2374.199951171875,2319.85009765625,2329.889892578125,1782269952
1778472000,2329.35009765625,2340.739990234375,2326.090087890625,2329.81005859375,614330368
1778486400,2330.06005859375,2339.14990234375,2326.300048828125,2335.260009765625,446253056
1778500800,2335.300048828125,2338.919921875,2303.050048828125,2333.0400390625,1180166144
1778515200,2332.239990234375,2343.9599609375,2323.0,2339.820068359375,168390656
1778529600,2340.2099609375,2345.300048828125,2334.969970703125,2339.389892578125,0
1778544000,2338.699951171875,2340.14990234375,2296.110107421875,2308.889892578125,454125568
1778558400,2308.1298828125,2313.6298828125,2292.5400390625,2294.75,382073856
1778572800,2293.43994140625,2294.75,2278.3798828125,2286.159912109375,1597766656
1778587200,2286.110107421875,2293.219970703125,2255.889892578125,2260.60009765625,650585088
1778601600,2260.320068359375,2287.300048828125,2256.31005859375,2284.760009765625,219766784
1778616000,2285.090087890625,2290.969970703125,2272.969970703125,2274.429931640625,322671616
1778630400,2274.320068359375,2303.43994140625,2272.93994140625,2301.43994140625,65917952
1778644800,2301.679931640625,2307.5400390625,2295.6201171875,2300.610107421875,94273536
1778659200,2300.780029296875,2322.97998046875,2298.300048828125,2300.8798828125,30299136
1778673600,2300.639892578125,2306.739990234375,2233.070068359375,2235.219970703125,617688064
1778688000,2234.969970703125,2267.10009765625,2234.340087890625,2255.02001953125,1116925952
1778702400,2255.9599609375,2263.60009765625,2250.080078125,2257.85009765625,0
1778716800,2257.199951171875,2268.419921875,2237.85009765625,2240.929931640625,90796032
1778731200,2241.06005859375,2273.39990234375,2238.419921875,2264.570068359375,996211712
1778745600,2265.110107421875,2270.239990234375,2251.469970703125,2252.7099609375,35151872
1778760000,2251.699951171875,2299.199951171875,2245.7099609375,2298.219970703125,250310656
1778774400,2299.39990234375,2319.68994140625,2294.139892578125,2297.7900390625,1850092544
1778788800,2297.81005859375,2301.179931640625,2280.330078125,2283.080078125,498838528
1778803200,2282.97998046875,2299.68994140625,2259.8798828125,2272.659912109375,1320542208
1778817600,2272.639892578125,2273.02001953125,2237.659912109375,2264.43994140625,1147992064
1778832000,2264.820068359375,2264.820068359375,2249.699951171875,2256.64990234375,200046592
1778846400,2256.570068359375,2260.340087890625,2204.39990234375,2221.679931640625,1271527424
1778860800,2221.2900390625,2231.9599609375,2217.679931640625,2221.889892578125,0
1778875200,2221.31005859375,2224.820068359375,2214.110107421875,2223.0,8685568
1778889600,2223.010009765625,2229.820068359375,2221.97998046875,2226.77001953125,0
1778904000,2226.510009765625,2227.3798828125,2182.1201171875,2193.669921875,773886976
1778918400,2193.47998046875,2195.699951171875,2162.139892578125,2175.14990234375,1149291520
1778932800,2175.0,2186.52001953125,2171.139892578125,2178.89990234375,83886080
1778947200,2178.25,2184.010009765625,2169.7900390625,2178.780029296875,0
1778961600,2179.800048828125,2182.4599609375,2178.239990234375,2179.9599609375,0
1778976000,2180.070068359375,2184.7900390625,2167.199951171875,2180.4599609375,537201664
1778990400,2180.530029296875,2193.5,2180.090087890625,2185.739990234375,105040896
1779004800,2185.800048828125,2197.06005859375,2182.300048828125,2191.199951171875,0
1779019200,2191.18994140625,2197.300048828125,2178.580078125,2185.409912109375,0
1779033600,2186.030029296875,2192.669921875,2175.989990234375,2191.659912109375,222210048
1779048000,2191.679931640625,2193.7900390625,2091.429931640625,2130.010009765625,3051058176
1779062400,2129.929931640625,2130.10009765625,2104.409912109375,2117.22998046875,2120231936
1779076800,2117.239990234375,2124.7099609375,2109.22998046875,2119.300048828125,973189120
1779091200,2119.489990234375,2138.89990234375,2109.1201171875,2132.77001953125,918931456
1779105600,2133.22998046875,2156.31005859375,2092.360107421875,2105.409912109375,3877870592
1779120000,2105.1298828125,2127.68994140625,2078.0,2123.199951171875,2629783552
1779134400,2124.3798828125,2140.780029296875,2113.199951171875,2128.570068359375,1368006656
1779148800,2128.860107421875,2143.989990234375,2117.72998046875,2129.830078125,149110784
1779163200,2129.820068359375,2143.52001953125,2121.949951171875,2139.419921875,46016512
1779177600,2139.60009765625,2139.7900390625,2105.1201171875,2108.56005859375,211820544
1779192000,2108.340087890625,2125.179931640625,2092.919921875,2108.14990234375,0
1779206400,2108.989990234375,2123.580078125,2105.31005859375,2111.52001953125,0
1779220800,2111.639892578125,2118.81005859375,2100.590087890625,2109.949951171875,0
1779235200,2109.449951171875,2115.840087890625,2101.47998046875,2109.280029296875,0
1779249600,2109.6201171875,2134.27001953125,2105.010009765625,2127.6298828125,245304320
1779264000,2127.840087890625,2136.1201171875,2122.260009765625,2125.909912109375,54704128
1779278400,2125.8701171875,2146.8798828125,2112.85009765625,2134.590087890625,516160512
1779292800,2134.989990234375,2146.989990234375,2121.89990234375,2137.0,526460928
1779307200,2136.860107421875,2138.68994140625,2116.5,2127.409912109375,263140352
1779321600,2127.419921875,2154.81005859375,2126.580078125,2143.820068359375,264568832
1779336000,2144.14990234375,2146.949951171875,2122.22998046875,2132.89990234375,82168832
1779350400,2133.389892578125,2146.070068359375,2107.3798828125,2112.8798828125,1639539712
1779364800,2113.179931640625,2135.389892578125,2102.60009765625,2130.340087890625,490743808
1779379200,2130.429931640625,2151.64990234375,2119.5,2140.18994140625,979844096
1779393600,2140.64990234375,2141.340087890625,2125.530029296875,2131.969970703125,9093120
1779408000,2131.969970703125,2139.1201171875,2123.9599609375,2135.85009765625,14829568
1779422400,2136.27001953125,2138.840087890625,2119.89990234375,2126.199951171875,7714816
1779436800,2126.469970703125,2130.85009765625,2116.5,2128.489990234375,93578240
1779451200,2128.68994140625,2135.590087890625,2110.1201171875,2117.070068359375,15651840
1779465600,2117.010009765625,2127.6201171875,2057.659912109375,2062.56005859375,1691696128
1779480000,2062.6201171875,2077.27001953125,2056.489990234375,2063.409912109375,778514432
1779494400,2063.60009765625,2069.389892578125,2051.7099609375,2068.02001953125,893433856
1779508800,2068.02001953125,2068.25,2009.2099609375,2026.1500244140625,1089794048
1779523200,2025.719970703125,2033.050048828125,2018.81005859375,2029.239990234375,757523456
1779537600,2029.0699462890625,2065.919921875,2024.8800048828125,2057.5,363169792
1779552000,2057.760009765625,2079.669921875,2054.860107421875,2074.68994140625,23220224
1779566400,2075.60009765625,2146.5,2072.199951171875,2115.0400390625,2889169920
1779580800,2115.340087890625,2124.030029296875,2109.25,2116.18994140625,332318720
1779595200,2117.219970703125,2126.949951171875,2111.35009765625,2118.2900390625,38311936
1779609600,2118.9599609375,2127.6201171875,2116.449951171875,2123.5400390625,178794496
1779624000,2123.659912109375,2124.10009765625,2077.47998046875,2093.35009765625,705802240
1779638400,2092.760009765625,2105.7900390625,2092.760009765625,2098.090087890625,0
1779652800,2098.889892578125,2103.419921875,2061.510009765625,2097.3701171875,377474048
1779667200,2097.800048828125,2109.81005859375,2090.239990234375,2092.949951171875,133828608
1779681600,2093.39990234375,2114.840087890625,2090.179931640625,2113.68994140625,797408256
1779696000,2114.080078125,2121.97998046875,2109.280029296875,2113.139892578125,324376576
1779710400,2112.989990234375,2135.330078125,2110.27001953125,2124.909912109375,483187712
1779724800,2125.5,2139.070068359375,2114.77001953125,2119.610107421875,508493824
1779739200,2119.199951171875,2121.110107421875,2100.610107421875,2111.010009765625,0
1779753600,2111.840087890625,2111.97998046875,2082.60009765625,2091.14990234375,611426304
1779768000,2091.72998046875,2102.239990234375,2086.7900390625,2093.0400390625,119764992
1779782400,2093.510009765625,2134.860107421875,2091.760009765625,2118.7099609375,1294738432
1779796800,2118.8701171875,2138.06005859375,2075.699951171875,2084.469970703125,2595061760
1779811200,2085.60009765625,2086.9599609375,2053.070068359375,2070.72998046875,2027279360
1779825600,2071.39990234375,2075.969970703125,2062.9599609375,2070.7900390625,239259648
1779840000,2071.02001953125,2081.18994140625,2066.0400390625,2066.89990234375,0
1779854400,2066.760009765625,2081.0,2053.43994140625,2080.389892578125,384793600
1779868800,2079.989990234375,2093.570068359375,2075.6201171875,2077.39990234375,365065216
1779883200,2077.830078125,2093.739990234375,2048.260009765625,2067.570068359375,650148864
1779897600,2067.570068359375,2070.39990234375,2040.56005859375,2053.0,0
1779912000,2053.010009765625,2061.669921875,2013.0,2021.8299560546875,1469816832
1779926400,2020.8199462890625,2025.8299560546875,1972.550048828125,1978.3499755859375,1998237696
1779940800,1978.3199462890625,1992.8399658203125,1965.3699951171875,1991.72998046875,2231529472
1779955200,1992.0899658203125,1995.300048828125,1981.2900390625,1986.4300537109375,153085952
1779969600,1986.3299560546875,1998.0699462890625,1965.530029296875,1987.2099609375,732321792
1779984000,1986.4100341796875,2025.6800537109375,1981.6099853515625,2011.52001953125,592982016
1779998400,2012.1400146484375,2021.4300537109375,2002.6199951171875,2006.81005859375,283983872
1780012800,2006.800048828125,2014.300048828125,1994.68994140625,1999.989990234375,147484672
1780027200,1999.8399658203125,2017.989990234375,1995.5999755859375,2003.81005859375,0
1780041600,2004.1099853515625,2013.1099853515625,1999.8199462890625,2004.8499755859375,21895168
1780056000,2004.52001953125,2042.9000244140625,1974.949951171875,2028.4000244140625,1570282496
1780070400,2029.8800048828125,2041.3699951171875,2002.199951171875,2014.0999755859375,454516736
1780084800,2014.56005859375,2021.199951171875,2004.22998046875,2011.6400146484375,221408256
1780099200,2011.6400146484375,2020.5899658203125,2007.989990234375,2014.02001953125,152010752
1780113600,2014.010009765625,2017.719970703125,1999.4200439453125,2013.5999755859375,135712768
1780128000,2013.5899658203125,2019.2900390625,2011.0899658203125,2014.6199951171875,0
1780142400,2014.7099609375,2029.0899658203125,2014.3199462890625,2023.52001953125,0
1780156800,2023.9000244140625,2027.3800048828125,2017.3800048828125,2025.8299560546875,0
1780171200,2025.93994140625,2028.4599609375,2017.31005859375,2019.47998046875,0
1780185600,2019.7900390625,2034.219970703125,2017.8800048828125,2030.4100341796875,167571968
1780200000,2030.4000244140625,2031.800048828125,2019.7900390625,2021.1600341796875,6244352
1780214400,2021.1300048828125,2026.0999755859375,2012.81005859375,2020.52001953125,366295552
1780228800,2020.6099853515625,2023.469970703125,2003.2099609375,2007.6600341796875,217197056
1780243200,2007.5,2009.300048828125,1991.3800048828125,1996.8199462890625,686339072
1780257600,1997.7099609375,2019.9000244140625,1997.1800537109375,2004.010009765625,1047915520
1780272000,2004.1400146484375,2018.199951171875,1989.300048828125,2006.47998046875,1725210624
1780286400,2006.5699462890625,2009.3199462890625,1969.780029296875,1973.739990234375,1513073664
1780300800,1974.25,1987.31005859375,1969.6099853515625,1979.1800537109375,1352682496
1780315200,1980.81005859375,1991.6400146484375,1954.75,1964.989990234375,3254012928
1780329600,1965.1800537109375,2006.010009765625,1955.6700439453125,2001.43994140625,2038142976
1780344000,2001.8299560546875,2005.8900146484375,1981.9599609375,2004.0,424613888
1780358400,2004.050048828125,2004.0699462890625,1959.9000244140625,2000.8499755859375,248580096
1780372800,2001.75,2003.469970703125,1971.5,1978.800048828125,397514752
1780387200,1978.8199462890625,1985.8900146484375,1963.56005859375,1976.1099853515625,481759232
1780401600,1975.699951171875,1980.0899658203125,1893.030029296875,1911.030029296875,2788837376
1780416000,1909.8599853515625,1938.989990234375,1883.1800537109375,1909.2099609375,1468827648
1780430400,1907.5,1915.550048828125,1837.6800537109375,1857.02001953125,3604678656
1780444800,1857.68994140625,1871.5699462890625,1815.7099609375,1825.300048828125,1875898368
1780459200,1825.0899658203125,1881.31005859375,1825.0899658203125,1875.7099609375,2024663040
1780473600,1875.5899658203125,1889.239990234375,1867.27001953125,1875.5,78028800
1780488000,1875.6199951171875,1877.3699951171875,1833.6700439453125,1834.0999755859375,356139008
1780502400,1834.8900146484375,1840.9000244140625,1795.8299560546875,1801.2099609375,479119360
1780516800,1800.800048828125,1847.6700439453125,1768.0,1810.5799560546875,1384491008
1780531200,1809.8499755859375,1818.0,1717.260009765625,1806.75,3906500608
1780545600,1806.8800048828125,1815.449951171875,1771.81005859375,1775.469970703125,178536448
1780560000,1776.5,1781.0400390625,1729.4599609375,1749.300048828125,2197944320
1780574400,1750.0,1791.9599609375,1742.449951171875,1774.6199951171875,2194020352
1780588800,1774.4000244140625,1783.6700439453125,1752.8800048828125,1774.719970703125,806928384
1780603200,1774.68994140625,1781.1800537109375,1751.31005859375,1768.550048828125,0
1780617600,1767.3299560546875,1772.1700439453125,1720.050048828125,1727.530029296875,0
1780632000,1728.0400390625,1744.800048828125,1626.699951171875,1677.52001953125,4843288576
1780646400,1677.02001953125,1687.4100341796875,1657.989990234375,1661.77001953125,463415296
1780660800,1662.1500244140625,1675.47998046875,1571.5,1582.5,4948400128
1780675200,1581.449951171875,1611.0999755859375,1540.0799560546875,1573.5400390625,5575858176
1780689600,1573.489990234375,1618.9599609375,1556.72998046875,1582.8499755859375,3311132672
1780704000,1582.719970703125,1600.6800537109375,1556.3900146484375,1562.6500244140625,460369920
1780718400,1562.0999755859375,1580.3599853515625,1506.0,1574.3699951171875,571252736
1780732800,1574.699951171875,1591.1700439453125,1535.2099609375,1558.06005859375,385724416
1780747200,1558.3199462890625,1574.0,1544.3499755859375,1559.8699951171875,0
1780761600,1559.0999755859375,1565.3199462890625,1548.18994140625,1553.8900146484375,0
1780776000,1554.18994140625,1569.0899658203125,1550.239990234375,1568.8699951171875,0
1780790400,1568.6500244140625,1599.6099853515625,1563.31005859375,1594.31005859375,325750784
1780804800,1594.010009765625,1621.699951171875,1584.68994140625,1614.3599853515625,0
1780819200,1613.5999755859375,1646.6199951171875,1608.2099609375,1629.6700439453125,487632896
1780833600,1629.6400146484375,1638.72998046875,1607.5999755859375,1629.3599853515625,505214976
1780848000,1629.300048828125,1637.68994140625,1604.6700439453125,1612.449951171875,499487744
1780862400,1609.27001953125,1716.010009765625,1608.719970703125,1689.1500244140625,1917626368
1780876800,1689.1199951171875,1710.3599853515625,1670.8800048828125,1678.7900390625,1097192448
1780891200,1678.8800048828125,1679.77001953125,1644.0799560546875,1671.719970703125,1194791936
1780905600,1671.5999755859375,1695.3599853515625,1655.9200439453125,1682.280029296875,266940416
1780920000,1682.239990234375,1704.5,1667.739990234375,1690.75,1717648384
1780934400,1690.7900390625,1703.0999755859375,1675.300048828125,1684.0400390625,976478208
1780948800,1684.9200439453125,1714.0,1678.9000244140625,1689.8900146484375,68214784
1780963200,1689.0999755859375,1695.5999755859375,1654.7900390625,1668.7099609375,112905216
1780977600,1668.6099853515625,1695.260009765625,1663.8299560546875,1679.0,593925120
1780992000,1679.43994140625,1679.699951171875,1665.0999755859375,1670.97998046875,0
1781006400,1670.719970703125,1681.8699951171875,1633.0999755859375,1635.3599853515625,506809344
1781020800,1634.239990234375,1657.0400390625,1613.280029296875,1656.0899658203125,829762560
1781035200,1655.93994140625,1661.949951171875,1630.8499755859375,1638.449951171875,500606976
1781049600,1639.1500244140625,1645.8699951171875,1620.5899658203125,1629.7099609375,0
1781064000,1629.9200439453125,1641.8900146484375,1615.1300048828125,1638.97998046875,61064192
1781078400,1639.0400390625,1639.5999755859375,1606.02001953125,1618.8499755859375,456283136
1781092800,1619.0,1665.5999755859375,1614.3499755859375,1656.469970703125,329309184
1781107200,1656.800048828125,1657.489990234375,1621.1099853515625,1628.1800537109375,795483136
1781121600,1628.4599609375,1634.219970703125,1603.0999755859375,1620.030029296875,1016003584
1781136000,1620.300048828125,1658.7099609375,1620.300048828125,1652.1199951171875,468770816
1781150400,1652.4200439453125,1661.1199951171875,1644.4200439453125,1652.489990234375,395249664
1781164800,1652.4599609375,1669.7900390625,1652.280029296875,1665.1099853515625,0
1781179200,1665.0999755859375,1665.3499755859375,1634.3499755859375,1643.760009765625,0
1781193600,1644.0999755859375,1690.4599609375,1631.0899658203125,1680.469970703125,0
1781208000,1680.4000244140625,1681.550048828125,1665.77001953125,1671.8199462890625,0
1781222400,1672.1300048828125,1675.8299560546875,1659.800048828125,1670.800048828125,309970944
1781236800,1670.8800048828125,1679.02001953125,1650.260009765625,1659.9300537109375,484324352
1781251200,1660.239990234375,1683.68994140625,1660.0,1671.800048828125,648053760
1781265600,1671.780029296875,1689.81005859375,1651.5,1658.47998046875,669927424
1781280000,1658.4000244140625,1675.989990234375,1656.030029296875,1665.010009765625,408941568
1781294400,1665.0,1667.0999755859375,1658.6700439453125,1665.3699951171875,315976704
1781308800,1665.300048828125,1674.489990234375,1662.3499755859375,1664.1700439453125,347592704
1781323200,1664.300048828125,1676.3499755859375,1661.3399658203125,1675.2099609375,0
1781337600,1675.1700439453125,1677.81005859375,1671.77001953125,1677.260009765625,0
1781352000,1677.27001953125,1684.949951171875,1675.7099609375,1681.0999755859375,0
1781366400,1681.1099853515625,1682.010009765625,1670.2099609375,1677.5999755859375,0
1781380800,1677.6099853515625,1694.510009765625,1674.1099853515625,1679.510009765625,514410496
1781395200,1680.3699951171875,1689.1600341796875,1677.9000244140625,1680.93994140625,144997888
1781409600,1680.8399658203125,1681.8800048828125,1672.9300537109375,1674.9200439453125,706768384
1781424000,1674.760009765625,1677.6300048828125,1668.510009765625,1672.550048828125,99984896
1781438400,1672.800048828125,1673.3499755859375,1654.06005859375,1662.1300048828125,695883776
1781452800,1661.989990234375,1667.6600341796875,1657.8900146484375,1664.0899658203125,94023168
1781467200,1664.280029296875,1729.0400390625,1661.449951171875,1724.72998046875,2562955264
1781481600,1725.5,1730.6700439453125,1709.0400390625,1720.0,1043995648
1781496000,1719.5699462890625,1722.5,1715.06005859375,1715.3299560546875,0
1781510400,1715.3399658203125,1766.989990234375,1711.4300537109375,1763.5,0
1781524800,1764.0400390625,1848.4000244140625,1759.3900146484375,1844.4000244140625,0
1781539200,1844.1199951171875,1846.06005859375,1811.72998046875,1819.989990234375,0
1781553600,1820.6199951171875,1825.050048828125,1783.1500244140625,1795.010009765625,0
1781568000,1794.300048828125,1799.989990234375,1763.989990234375,1777.97998046875,0
1781582400,1778.06005859375,1781.9300537109375,1757.81005859375,1773.260009765625,0
1781596800,1773.1300048828125,1806.199951171875,1772.280029296875,1798.1099853515625,0
1781611200,1798.4300537109375,1837.5799560546875,1762.1800537109375,1780.8599853515625,0
1781625600,1781.199951171875,1806.6400146484375,1771.699951171875,1793.9000244140625,0
1781640000,1792.780029296875,1798.6800537109375,1788.1099853515625,1791.239990234375,0
1781654400,1791.5999755859375,1808.0,1778.5999755859375,1792.0400390625,0
1781668800,1792.6800537109375,1799.31005859375,1777.219970703125,1783.3499755859375,0
1781683200,1783.3699951171875,1784.5,1758.1500244140625,1762.4100341796875,0
1781697600,1762.56005859375,1775.6199951171875,1741.0,1771.949951171875,0
1781712000,1772.3599853515625,1794.06005859375,1727.6600341796875,1733.1099853515625,0
1781726400,1733.3900146484375,1749.5999755859375,1724.800048828125,1749.199951171875,4991927296
1781740800,1749.25,1761.4100341796875,1739.6400146484375,1742.239990234375,649208832
1781755200,1742.3499755859375,1750.7099609375,1721.3599853515625,1747.8900146484375,1127607296
1781769600,1748.0799560546875,1751.6500244140625,1737.47998046875,1741.449951171875,200793088
1781784000,1742.0799560546875,1750.800048828125,1677.8699951171875,1680.9599609375,1009362944
1781798400,1679.5999755859375,1705.6400146484375,1669.989990234375,1703.5699462890625,583901184
1781812800,1705.0899658203125,1714.3800048828125,1698.18994140625,1708.9599609375,153479168
1781827200,1708.949951171875,1717.3299560546875,1680.969970703125,1695.6099853515625,377455616
1781841600,1695.81005859375,1701.6700439453125,1684.719970703125,1694.0699462890625,0
1781856000,1694.1199951171875,1697.72998046875,1685.6199951171875,1690.06005859375,0
1781870400,1690.6600341796875,1710.1700439453125,1677.3599853515625,1705.949951171875,298766336
1781884800,1706.1700439453125,1710.199951171875,1692.699951171875,1699.3900146484375,105840640
1781899200,1699.68994140625,1713.0999755859375,1697.300048828125,1709.4599609375,10369536
1781913600,1708.0999755859375,1715.0,1702.4599609375,1706.4599609375,69695488
1781928000,1706.300048828125,1731.2900390625,1704.949951171875,1724.199951171875,220876288
1781942400,1724.31005859375,1729.3900146484375,1719.7099609375,1725.3199462890625,0
1781956800,1725.31005859375,1747.3499755859375,1706.6300048828125,1738.5,844759040
1781971200,1738.9200439453125,1738.9200439453125,1718.9100341796875,1727.0799560546875,160846848
1781985600,1726.9200439453125,1744.0,1724.1099853515625,1738.4599609375,1225691648
1782000000,1738.6199951171875,1738.800048828125,1731.6700439453125,1735.7099609375,449427456
1782014400,1735.739990234375,1739.0999755859375,1728.7099609375,1729.949951171875,185891328
1782028800,1729.93994140625,1734.7900390625,1716.8699951171875,1723.3599853515625,1604451840
1782043200,1723.199951171875,1730.68994140625,1715.2099609375,1728.8199462890625,423779328
1782057600,1728.4300537109375,1737.3599853515625,1719.550048828125,1732.02001953125,370470912
1782072000,1732.1700439453125,1733.199951171875,1700.3499755859375,1704.93994140625,461312512
1782086400,1705.010009765625,1756.47998046875,1705.010009765625,1727.8800048828125,1032444416
1782100800,1727.760009765625,1749.1400146484375,1725.510009765625,1744.4100341796875,1907545088
1782115200,1745.18994140625,1771.8199462890625,1741.6500244140625,1765.800048828125,1021982720
1782129600,1767.030029296875,1777.4100341796875,1740.739990234375,1742.489990234375,1618760704
1782144000,1743.5699462890625,1745.5999755859375,1727.1700439453125,1732.989990234375,666894336
1782158400,1732.31005859375,1737.719970703125,1715.5899658203125,1726.18994140625,80227328
1782172800,1725.800048828125,1734.199951171875,1718.31005859375,1727.780029296875,0
1782187200,1727.93994140625,1729.0799560546875,1680.3800048828125,1680.6700439453125,404030464
1782201600,1679.8399658203125,1682.5,1637.969970703125,1658.9100341796875,799185920
1782216000,1658.5899658203125,1669.4599609375,1643.6300048828125,1657.510009765625,320703488
1782230400,1657.5899658203125,1671.280029296875,1647.43994140625,1660.550048828125,312785920
1782244800,1660.47998046875,1670.6800537109375,1657.989990234375,1665.0400390625,394926080
1782259200,1665.02001953125,1677.8699951171875,1655.9200439453125,1664.6500244140625,1253086208
1782273600,1665.199951171875,1676.969970703125,1656.0899658203125,1670.5400390625,195018752
1782288000,1671.0999755859375,1689.8499755859375,1653.780029296875,1676.8800048828125,106527744
1782302400,1677.31005859375,1678.8900146484375,1614.6199951171875,1615.760009765625,1291744256
1782316800,1614.969970703125,1632.97998046875,1551.0999755859375,1581.7099609375,3616796672
1782331200,1582.0999755859375,1625.3800048828125,1577.300048828125,1619.719970703125,1043060736
1782345600,1620.1500244140625,1623.5999755859375,1612.3199462890625,1616.8900146484375,474489856
1782360000,1617.1300048828125,1657.1700439453125,1614.489990234375,1654.9000244140625,1479670784
1782374400,1654.72998046875,1656.300048828125,1625.8499755859375,1630.6700439453125,114063360
1782388800,1630.97998046875,1646.530029296875,1530.5799560546875,1567.4000244140625,2857205760
1782403200,1567.43994140625,1584.9200439453125,1552.6400146484375,1556.3900146484375,0
1782417600,1558.1500244140625,1580.81005859375,1554.1500244140625,1564.8599853515625,80017408
1782432000,1565.4100341796875,1568.9200439453125,1510.5,1555.2099609375,2176138240
1782446400,1555.4100341796875,1583.4200439453125,1541.7900390625,1578.5999755859375,1241847808
1782460800,1578.969970703125,1579.699951171875,1539.199951171875,1543.0799560546875,674199552
1782475200,1543.010009765625,1585.260009765625,1520.0400390625,1578.0,246497280
1782489600,1578.6099853515625,1589.6099853515625,1567.800048828125,1576.18994140625,112272384
1782504000,1573.760009765625,1579.47998046875,1565.550048828125,1576.27001953125,246922240
1782518400,1576.4599609375,1584.25,1569.2099609375,1578.25,0
1782532800,1578.3299560546875,1583.989990234375,1572.8199462890625,1583.1400146484375,0
1782547200,1583.1700439453125,1583.5,1576.719970703125,1581.4200439453125,0
1782561600,1581.1300048828125,1607.8699951171875,1578.969970703125,1603.0999755859375,0
1782576000,1603.3900146484375,1605.2099609375,1570.969970703125,1575.75,390245376
1782590400,1575.760009765625,1582.31005859375,1562.18994140625,1571.6700439453125,176396288
1782604800,1571.5999755859375,1577.6800537109375,1567.1700439453125,1572.7900390625,59900416
1782619200,1572.780029296875,1574.97998046875,1560.3900146484375,1573.739990234375,113753600
1782633600,1573.5699462890625,1582.81005859375,1570.22998046875,1580.550048828125,222828544
1782648000,1580.5400390625,1584.9100341796875,1572.760009765625,1578.4200439453125,118467072
1782662400,1579.1300048828125,1579.5699462890625,1554.75,1562.4200439453125,508659200
1782676800,1562.0699462890625,1579.2099609375,1546.030029296875,1569.4000244140625,697793024
1782691200,1569.510009765625,1585.6199951171875,1549.1700439453125,1582.030029296875,1010460160
1782705600,1582.1099853515625,1585.949951171875,1559.699951171875,1577.8499755859375,359524864
1782720000,1577.6600341796875,1583.9000244140625,1567.739990234375,1572.489990234375,361069568
1782734400,1572.739990234375,1594.3299560546875,1555.280029296875,1577.3199462890625,2592173568
1782748800,1577.56005859375,1633.989990234375,1571.1199951171875,1622.9000244140625,1893076992
1782763200,1623.27001953125,1623.9000244140625,1605.5400390625,1610.8199462890625,550050816
1782777600,1610.3299560546875,1612.050048828125,1583.8699951171875,1584.31005859375,201081856
1782792000,1584.260009765625,1593.1600341796875,1577.06005859375,1589.8299560546875,209712128
1782806400,1589.9100341796875,1591.780029296875,1573.469970703125,1575.72998046875,368733184
1782820800,1575.2099609375,1575.7099609375,1548.18994140625,1562.1700439453125,243802112
1782835200,1562.239990234375,1579.0899658203125,1559.260009765625,1578.1500244140625,76651520
1782849600,1576.7099609375,1580.3900146484375,1563.4100341796875,1569.489990234375,0
1782864000,1569.68994140625,1595.719970703125,1550.8599853515625,1592.4300537109375,668874752
1782878400,1592.219970703125,1600.68994140625,1569.1600341796875,1576.1800537109375,698042368
1782892800,1575.75,1582.7099609375,1565.4300537109375,1567.72998046875,317762560
1782907200,1568.1099853515625,1628.5999755859375,1563.77001953125,1618.5799560546875,954112000
1782921600,1619.02001953125,1625.68994140625,1605.9200439453125,1616.47998046875,532499456
1782936000,1615.969970703125,1643.75,1606.5699462890625,1607.6199951171875,970655744
1782950400,1607.2900390625,1640.0,1595.3399658203125,1637.550048828125,590297088
1782964800,1637.5999755859375,1637.9200439453125,1612.3199462890625,1613.8299560546875,395496448
1782979200,1613.9200439453125,1652.4200439453125,1612.9599609375,1648.6400146484375,1306955776
1782993600,1647.8299560546875,1720.22998046875,1645.8299560546875,1695.0999755859375,2162108416
1783008000,1695.199951171875,1705.8299560546875,1685.1300048828125,1698.739990234375,696895488
1783022400,1698.9300537109375,1704.9000244140625,1690.1099853515625,1698.43994140625,447757312
1783036800,1698.3699951171875,1715.8399658203125,1692.8399658203125,1704.3199462890625,920676352
1783051200,1704.56005859375,1720.0699462890625,1700.1600341796875,1715.97998046875,66302976
1783065600,1715.8900146484375,1746.800048828125,1713.8599853515625,1740.510009765625,522613760
1783080000,1740.739990234375,1749.97998046875,1727.5,1729.43994140625,0
1783094400,1729.4100341796875,1750.2900390625,1726.300048828125,1743.5,102578176
1783108800,1743.9200439453125,1773.8299560546875,1741.97998046875,1756.1099853515625,862455808
1783123200,1756.25,1762.1300048828125,1742.6300048828125,1752.1199951171875,0
1783137600,1752.0999755859375,1762.5,1749.8399658203125,1756.8399658203125,124796928
1783152000,1757.0,1763.6500244140625,1753.4000244140625,1756.6300048828125,0
1783166400,1756.6300048828125,1796.199951171875,1756.6300048828125,1789.719970703125,845393920
1783180800,1789.9599609375,1804.800048828125,1777.5400390625,1791.300048828125,1041176064
1783195200,1791.199951171875,1794.449951171875,1771.510009765625,1779.0699462890625,186802688
1783209600,1779.18994140625,1779.2900390625,1755.6600341796875,1759.93994140625,742681600
1783224000,1759.8800048828125,1770.969970703125,1758.4599609375,1768.3599853515625,1213286912
1783238400,1768.239990234375,1771.06005859375,1748.300048828125,1758.5999755859375,2923623424
1783252800,1758.25,1777.469970703125,1754.5999755859375,1773.0799560546875,23083008
1783267200,1772.97998046875,1784.52001953125,1768.81005859375,1779.760009765625,48347136
1783281600,1779.47998046875,1806.1099853515625,1767.8199462890625,1784.4000244140625,1203437568
1783296000,1784.300048828125,1797.5,1771.0999755859375,1778.0699462890625,285546496
1783310400,1777.699951171875,1782.800048828125,1763.9000244140625,1770.4200439453125,0
1783324800,1770.4200439453125,1776.469970703125,1754.0799560546875,1757.6400146484375,96376832
1783339200,1757.3199462890625,1787.489990234375,1728.4300537109375,1787.4000244140625,6387749888
1783353600,1787.9000244140625,1803.9000244140625,1781.7099609375,1791.56005859375,2523116544
1783368000,1792.199951171875,1830.3699951171875,1786.0999755859375,1798.280029296875,841711616
1783382400,1798.449951171875,1809.18994140625,1768.0,1770.22998046875,798134272
1783396800,1769.989990234375,1781.1099853515625,1756.5400390625,1769.8900146484375,314887168
1783411200,1770.0999755859375,1782.989990234375,1766.8800048828125,1779.22998046875,92407808
1783425600,1779.2900390625,1801.0699462890625,1760.0899658203125,1795.9100341796875,0
1783440000,1795.8599853515625,1810.6800537109375,1773.31005859375,1789.4300537109375,309471232
1783454400,1789.0899658203125,1792.0,1764.9000244140625,1769.800048828125,0
1783468800,1770.0400390625,1782.93994140625,1740.5999755859375,1750.1099853515625,374546432
1783483200,1750.5400390625,1758.239990234375,1743.5999755859375,1755.280029296875,63387648
1783497600,1755.56005859375,1757.2900390625,1724.0,1746.4300537109375,1061036032
1783512000,1746.489990234375,1749.6199951171875,1711.2900390625,1721.06005859375,310958080
1783526400,1721.6099853515625,1744.8699951171875,1721.06005859375,1739.8900146484375,48826368
1783540800,1738.3599853515625,1743.050048828125,1730.0999755859375,1741.800048828125,42024960
1783555200,1742.4000244140625,1753.3299560546875,1720.5899658203125,1729.0400390625,139848704
1783569600,1729.8599853515625,1759.97998046875,1728.6400146484375,1751.699951171875,280030208
1783584000,1751.699951171875,1757.449951171875,1739.6500244140625,1742.530029296875,73073664
1783598400,1741.3599853515625,1749.699951171875,1732.02001953125,1737.739990234375,278802432
1783612800,1737.9100341796875,1758.06005859375,1730.43994140625,1747.0799560546875,126054400
1783627200,1747.260009765625,1749.760009765625,1740.3900146484375,1743.8199462890625,209139712
1783641600,1743.780029296875,1778.06005859375,1736.1700439453125,1774.800048828125,465760768
1783656000,1774.8499755859375,1779.030029296875,1767.8399658203125,1772.550048828125,341885952
1783670400,1772.3299560546875,1801.219970703125,1771.56005859375,1800.3299560546875,841539072
1783684800,1799.9599609375,1809.9200439453125,1775.31005859375,1789.699951171875,431288320
1783699200,1789.8399658203125,1798.06005859375,1780.3199462890625,1791.1099853515625,172841984
1783713600,1791.8599853515625,1796.6700439453125,1788.1700439453125,1795.739990234375,321051648
1783728000,1795.2099609375,1797.3900146484375,1785.25,1795.18994140625,0
1783742400,1795.1800537109375,1801.6400146484375,1793.8599853515625,1798.6800537109375,33588224
1783756800,1798.6600341796875,1802.0799560546875,1793.56005859375,1798.949951171875,0
1783771200,1798.949951171875,1825.9200439453125,1796.81005859375,1813.52001953125,438944256
1783785600,1813.510009765625,1827.8499755859375,1809.8299560546875,1823.4100341796875,388580864
1783800000,1823.4000244140625,1828.0799560546875,1785.719970703125,1786.81005859375,592326656
1783814400,1786.81005859375,1811.1700439453125,1779.0,1810.4200439453125,547187200
1783828800,1810.239990234375,1811.3900146484375,1788.8800048828125,1797.699951171875,78452736
1783843200,1797.3199462890625,1807.8399658203125,1795.5,1802.6500244140625,63588864
1783857600,1802.260009765625,1825.0899658203125,1801.8900146484375,1819.9599609375,22527488
1783872000,1820.1300048828125,1823.1099853515625,1814.0699462890625,1820.3900146484375,0
1783886400,1820.489990234375,1822.68994140625,1796.5400390625,1805.510009765625,90143232
1783900800,1805.739990234375,1840.8499755859375,1798.050048828125,1799.0,13971456
1783987200,1775.0899658203125,1792.489990234375,1771.4100341796875,1781.8699951171875,1628908544
1784001600,1781.6300048828125,1790.6800537109375,1776.989990234375,1778.5899658203125,113436672
1784016000,1778.530029296875,1802.1600341796875,1777.050048828125,1795.9100341796875,214781952
1784030400,1796.1300048828125,1886.0400390625,1792.3800048828125,1873.7099609375,87862784
1784044800,1874.3399658203125,1880.280029296875,1861.9300537109375,1874.81005859375,218762240
1784059200,1876.0699462890625,1894.510009765625,1870.9300537109375,1890.510009765625,5444261888
1784073600,1891.050048828125,1892.06005859375,1863.2900390625,1874.93994140625,150586368
1784088000,1874.7099609375,1890.4100341796875,1863.510009765625,1868.9200439453125,649248768
1784102400,1869.4000244140625,1885.25,1868.9100341796875,1883.0899658203125,273305600
1784116800,1882.97998046875,1944.300048828125,1877.699951171875,1930.0,0
1784131200,1930.52001953125,1935.3199462890625,1902.800048828125,1922.050048828125,713477120
1784145600,1923.1199951171875,1929.1400146484375,1914.0,1916.760009765625,194136064
1784160000,1916.27001953125,1927.6700439453125,1907.18994140625,1917.47998046875,0
1784174400,1917.469970703125,1927.5699462890625,1903.7099609375,1909.1600341796875,76463104
1784188800,1908.9000244140625,1911.0,1875.1300048828125,1883.780029296875,1601695744
1784203200,1883.77001953125,1892.3800048828125,1866.5,1880.31005859375,103081984
1784217600,1880.5999755859375,1881.6600341796875,1863.199951171875,1874.0999755859375,51752960
1784232000,1873.2900390625,1879.8800048828125,1856.0899658203125,1863.239990234375,406190080
1784246400,1863.1800537109375,1869.3499755859375,1841.969970703125,1850.9100341796875,683428864
1784260800,1850.8499755859375,1851.0799560546875,1820.0,1826.3900146484375,720899072
1784275200,1826.760009765625,1841.4000244140625,1819.56005859375,1837.4200439453125,0
1784289600,1837.550048828125,1838.5400390625,1802.3499755859375,1829.3599853515625,397819904
1784304000,1828.77001953125,1855.1099853515625,1825.260009765625,1842.510009765625,319297536
1784318400,1842.2099609375,1845.550048828125,1833.969970703125,1840.93994140625,0
1784332800,1840.949951171875,1845.5699462890625,1838.300048828125,1844.6700439453125,0
1784347200,1844.9000244140625,1848.0,1841.25,1843.030029296875,0
1784361600,1843.239990234375,1848.02001953125,1841.199951171875,1844.1700439453125,0
1784376000,1844.1800537109375,1849.0799560546875,1836.25,1842.5,0
1784390400,1842.5,1863.780029296875,1840.5,1857.239990234375,105165312
1784404800,1857.3499755859375,1864.3199462890625,1854.5400390625,1861.5400390625,122732544
1784419200,1861.6099853515625,1876.280029296875,1857.4200439453125,1866.02001953125,464806912
1784433600,1866.0,1870.6300048828125,1863.0799560546875,1868.6500244140625,317402624
1784448000,1869.0699462890625,1877.199951171875,1862.97998046875,1870.050048828125,433648128
1784462400,1869.9599609375,1876.72998046875,1863.550048828125,1869.68994140625,781804032
1784476800,1869.5799560546875,1872.22998046875,1853.530029296875,1860.969970703125,184662528
1784491200,1860.969970703125,1875.8399658203125,1856.030029296875,1870.9599609375,407852032
1784505600,1871.010009765625,1890.199951171875,1861.5999755859375,1878.3699951171875,650095616
1784520000,1878.5,1878.5,1842.68994140625,1862.3900146484375,1049361408
1784534400,1862.0400390625,1894.43994140625,1852.1800537109375,1891.56005859375,959491072
1784548800,1891.6600341796875,1902.27001953125,1852.0,1901.0400390625,1161907200
1784563200,1901.239990234375,1917.030029296875,1888.7099609375,1897.199951171875,1387768832
1784577600,1898.6500244140625,1906.3199462890625,1892.9000244140625,1903.5400390625,320988160
1784592000,1903.0,1926.760009765625,1899.5699462890625,1925.4599609375,326789120
1784606400,1925.4100341796875,1938.739990234375,1920.72998046875,1932.8900146484375,187410432
1784620800,1932.77001953125,1949.3699951171875,1926.02001953125,1934.75,1523814400
1784635200,1934.7900390625,1944.1800537109375,1922.489990234375,1930.760009765625,232392704
1784649600,1930.969970703125,1934.4300537109375,1914.3199462890625,1922.3599853515625,201536512
1784664000,1922.800048828125,1929.8299560546875,1915.699951171875,1928.5,11305984
1784678400,1929.0,1942.8199462890625,1925.4000244140625,1927.4599609375,344805376
1784692800,1926.8499755859375,1937.989990234375,1909.47998046875,1912.8800048828125,381415424
1784707200,1912.68994140625,1932.199951171875,1912.68994140625,1926.1600341796875,0
1784721600,1925.9100341796875,1952.7099609375,1912.1500244140625,1941.949951171875,374266880
1784736000,1942.06005859375,1955.81005859375,1920.1800537109375,1924.0,246747136
1784750400,1923.5799560546875,1938.6300048828125,1921.7099609375,1933.550048828125,301372416
1784764800,1933.6800537109375,1940.6500244140625,1917.5,1919.530029296875,0
1784779200,1919.0,1927.6099853515625,1911.1400146484375,1914.199951171875,7793664
1784793600,1914.3199462890625,1930.3800048828125,1913.0999755859375,1925.260009765625,44081152
1784808000,1925.0699462890625,1927.1199951171875,1881.6099853515625,1893.800048828125,969469952
1784822400,1894.02001953125,1894.02001953125,1867.4000244140625,1873.760009765625,114078720
1784836800,1873.8599853515625,1887.280029296875,1872.81005859375,1876.9100341796875,133158912
1784851200,1877.300048828125,1879.6400146484375,1860.77001953125,1879.199951171875,350392320
1784865600,1879.6500244140625,1908.1099853515625,1872.199951171875,1894.6400146484375,267018240
1784880000,1894.72998046875,1894.72998046875,1875.1199951171875,1882.760009765625,90000384
1784894400,1882.199951171875,1884.4300537109375,1846.5899658203125,1860.0,113458176
1784908800,1860.0400390625,1865.0699462890625,1851.5999755859375,1862.030029296875,299983872
1784923200,1861.9000244140625,1863.6700439453125,1855.02001953125,1859.8800048828125,98689024
1784937600,1859.8800048828125,1862.989990234375,1854.72998046875,1856.9200439453125,0
1784952000,1856.8299560546875,1861.3599853515625,1853.1500244140625,1854.489990234375,109081600
1784966400,1854.4200439453125,1858.199951171875,1849.6800537109375,1856.06005859375,3575296
1784980800,1856.0899658203125,1869.5999755859375,1855.0999755859375,1866.0999755859375,0
1784995200,1866.2099609375,1874.8499755859375,1862.97998046875,1873.06005859375,36657152
1785009600,1873.3900146484375,1875.3599853515625,1866.1300048828125,1873.050048828125,41482240
1785024000,1873.010009765625,1882.4000244140625,1872.1600341796875,1880.43994140625,41125120
1785038400,1881.1600341796875,1887.43994140625,1876.9100341796875,1879.8499755859375,190281472
1785052800,1879.8699951171875,1886.0899658203125,1877.6400146484375,1884.2099609375,0
1785067200,1884.4100341796875,1914.7099609375,1880.550048828125,1913.2900390625,569147904
1785081600,1914.5899658203125,1925.3599853515625,1907.280029296875,1912.3599853515625,475808256
1785096000,1912.550048828125,1963.81005859375,1909.699951171875,1952.9300537109375,1709463040
1785110400,1953.0,1953.0,1934.3199462890625,1948.02001953125,1026124288
1785124800,1948.06005859375,1975.6199951171875,1946.8900146484375,1962.68994140625,1874940928
1785139200,1964.0999755859375,1970.199951171875,1955.469970703125,1957.97998046875,1016184832
1785153600,1957.699951171875,1975.699951171875,1918.199951171875,1925.43994140625,2321939456
1785168000,1925.8800048828125,1953.6199951171875,1921.300048828125,1946.8399658203125,721135616
1785182400,1948.1700439453125,1948.4000244140625,1881.9100341796875,1890.6700439453125,575939584
1785196800,1891.27001953125,1892.5999755859375,1865.199951171875,1879.4100341796875,547429376
1785211200,1879.22998046875,1887.6099853515625,1874.6600341796875,1881.8800048828125,69163008
1785225600,1881.300048828125,1883.6600341796875,1869.75,1874.7900390625,120013824
1785240000,1874.8199462890625,1922.199951171875,1856.0400390625,1918.219970703125,532026368
1785254400,1917.8299560546875,1926.300048828125,1892.06005859375,1919.6400146484375,356970496
1785268800,1921.3299560546875,1925.0999755859375,1902.010009765625,1920.0,140191744
1785283200,1920.0,1926.449951171875,1888.4100341796875,1890.1600341796875,156003328
1785297600,1890.43994140625,1922.0999755859375,1882.18994140625,1921.280029296875,343548928
1785312000,1922.3299560546875,1922.9000244140625,1908.3800048828125,1913.010009765625,241215488
1785326400,1912.989990234375,1912.989990234375,1884.77001953125,1889.81005859375,0
1785340800,1889.699951171875,1931.68994140625,1882.7900390625,1886.6199951171875,1439824896
1785355200,1886.02001953125,1910.719970703125,1872.25,1908.47998046875,727564288
1785369600,1908.68994140625,1918.800048828125,1891.68994140625,1907.5400390625,362924032
1785384000,1908.0999755859375,1908.1800537109375,1896.8399658203125,1900.4599609375,0
1785398400,1900.9100341796875,1923.5,1897.9100341796875,1920.550048828125,0
1785412800,1921.0799560546875,1934.1500244140625,1912.1800537109375,1916.699951171875,171310080
1785427200,1917.010009765625,1927.47998046875,1913.1099853515625,1922.0799560546875,0
1785441600,1921.8499755859375,1934.989990234375,1914.3699951171875,1916.8199462890625,17281024
1785456000,1917.3199462890625,1934.0,1898.1600341796875,1906.81005859375,276238848
1785470400,1906.800048828125,1908.8800048828125,1882.97998046875,1888.239990234375,305942528
1785484800,1888.0,1891.43994140625,1876.0799560546875,1882.5999755859375,324393472
1785499200,1882.5,1888.5899658203125,1846.260009765625,1860.56005859375,1451738112
1785513600,1860.5400390625,1876.2099609375,1858.8599853515625,1866.52001953125,358751232
1785528000,1865.969970703125,1868.6600341796875,1856.9599609375,1860.6400146484375,123307008
1785542400,1860.8699951171875,1868.199951171875,1860.6400146484375,1868.0899658203125,0
1785556800,1868.0999755859375,1870.0899658203125,1863.510009765625,1867.6800537109375,0
1785571200,1867.800048828125,1869.02001953125,1861.31005859375,1865.18994140625,0
1785585600,1865.1600341796875,1873.699951171875,1865.1600341796875,1868.260009765625,0
1785600000,1868.4599609375,1871.7099609375,1820.6600341796875,1835.550048828125,789891584
1785614400,1835.3199462890625,1847.489990234375,1831.300048828125,1843.1800537109375,29963776
1785628800,1843.3900146484375,1882.0,1842.010009765625,1875.510009765625,858710016
1785643200,1876.0,1880.800048828125,1873.1199951171875,1874.050048828125,238473216
1785657600,1874.43994140625,1876.989990234375,1847.3299560546875,1850.800048828125,284924928
1785672000,1851.3699951171875,1859.510009765625,1850.4000244140625,1857.1199951171875,220481024
1785686400,1857.3299560546875,1884.6400146484375,1854.3900146484375,1880.06005859375,16253952
1785700800,1880.7099609375,1895.9100341796875,1874.3699951171875,1883.3499755859375,403480064
1785715200,1883.1600341796875,1883.8299560546875,1849.9000244140625,1855.0899658203125,23330304
1785729600,1854.4200439453125,1860.699951171875,1838.199951171875,1841.4300537109375,441174016
1785744000,1841.3499755859375,1851.9599609375,1826.75,1837.4000244140625,622442496
1785758400,1837.1199951171875,1872.0,1834.0999755859375,1861.0999755859375,1515062272
1785772800,1861.719970703125,1874.739990234375,1859.800048828125,1868.5699462890625,340548608
1785787200,1868.6700439453125,1874.469970703125,1851.18994140625,1858.8900146484375,110090752
1785801600,1858.9599609375,1869.52001953125,1847.0,1862.4599609375,287316480
1785816000,1862.43994140625,1872.739990234375,1851.43994140625,1862.0799560546875,245171200
1785830400,1862.010009765625,1872.8900146484375,1851.530029296875,1870.8299560546875,36284928
1785844800,1870.81005859375,1879.7099609375,1856.47998046875,1871.4100341796875,173379584
1785859200,1871.72998046875,1879.760009765625,1864.010009765625,1873.6800537109375,412635136
1785873600,1874.280029296875,1879.6700439453125,1864.989990234375,1868.3900146484375,178588160
1785888000,1868.300048828125,1876.47998046875,1859.81005859375,1866.1300048828125,122406400
1785902400,1866.1400146484375,1875.3599853515625,1861.8900146484375,1870.5,143312384
1785916800,1870.739990234375,1874.31005859375,1864.5799560546875,1867.1099853515625,326410752
1785931200,1867.0999755859375,1883.0,1853.9200439453125,1872.3499755859375,318316032
1785945600,1872.280029296875,1925.719970703125,1871.739990234375,1915.449951171875,1395817472
1785960000,1916.1199951171875,1923.010009765625,1903.0699462890625,1907.2900390625,308678656
1785974400,1907.739990234375,1912.300048828125,1893.300048828125,1897.199951171875,194154496
1785988800,1897.010009765625,1916.9100341796875,1893.989990234375,1907.3399658203125,253613056
1786003200,1907.5,1916.8699951171875,1894.949951171875,1905.8399658203125,288615424
1786017600,1905.719970703125,1918.050048828125,1890.699951171875,1909.1199951171875,63522816
1786032000,1909.6199951171875,1917.0699462890625,1902.43994140625,1908.47998046875,100898816
1786046400,1908.4100341796875,1909.550048828125,1897.1300048828125,1902.4200439453125,0
1786060800,1902.0400390625,1906.5999755859375,1895.0999755859375,1895.6500244140625,22401536
1786075200,1895.3499755859375,1906.0899658203125,1892.8699951171875,1900.9300537109375,45896704
1786089600,1900.4599609375,1919.5799560546875,1900.4599609375,1914.8900146484375,628770304
1786104000,1914.989990234375,1940.6500244140625,1909.4599609375,1916.5899658203125,818932736
1786118400,1917.0400390625,1923.8699951171875,1904.3399658203125,1918.0999755859375,283298816
1786132800,1918.0799560546875,1919.18994140625,1911.4100341796875,1913.1500244140625,106376192
1786147200,1913.1600341796875,1918.3900146484375,1911.56005859375,1917.1099853515625,0
1786161600,1917.0999755859375,1918.52001953125,1913.2099609375,1914.27001953125,0
1786176000,1914.27001953125,1921.8499755859375,1913.6700439453125,1919.6099853515625,0
1786190400,1919.5699462890625,1924.699951171875,1917.3900146484375,1921.239990234375,0
1786204800,1921.22998046875,1924.8900146484375,1918.4000244140625,1919.1600341796875,0
1786219200,1918.6099853515625,1920.989990234375,1913.3299560546875,1915.4200439453125,16462336
1786233600,1915.3800048828125,1918.6199951171875,1911.300048828125,1912.739990234375,76078336
1786248000,1912.6800537109375,1918.1199951171875,1911.52001953125,1917.5,130863616
1786262400,1917.6199951171875,1923.4000244140625,1912.010009765625,1917.9300537109375,157466112
1786276800,1917.9300537109375,1925.0,1915.280029296875,1924.6400146484375,156312064
1786291200,1924.9300537109375,1924.969970703125,1919.0999755859375,1920.56005859375,7517696
1786305600,1920.5699462890625,1936.22998046875,1906.4100341796875,1909.0899658203125,670636032
1786320000,1908.3599853515625,1929.3599853515625,1904.8299560546875,1915.8399658203125,857371648
1786334400,1915.510009765625,1929.4200439453125,1911.3599853515625,1923.97998046875,507528192
1786348800,1923.969970703125,1928.2099609375,1912.9599609375,1918.5,283972608
1786363200,1918.489990234375,1921.5,1870.050048828125,1875.02001953125,1881265664
1786377600,1874.3900146484375,1878.8199462890625,1866.3900146484375,1876.4200439453125,1024569344
1786392000,1875.949951171875,1879.219970703125,1868.4599609375,1871.4200439453125,89523200
1786406400,1871.3399658203125,1880.010009765625,1869.2099609375,1879.0799560546875,0
1786420800,1879.0899658203125,1880.1800537109375,1868.9000244140625,1876.010009765625,122966016
1786435200,1876.1500244140625,1893.969970703125,1873.3499755859375,1891.3299560546875,434650112
1786449600,1893.1800537109375,1896.2900390625,1852.4300537109375,1861.199951171875,0
1786464000,1860.8599853515625,1882.550048828125,1858.2900390625,1879.699951171875,0
1786478400,1880.469970703125,1885.6600341796875,1877.25,1880.719970703125,417712128
1786492800,1880.5999755859375,1886.260009765625,1878.9100341796875,1884.969970703125,61574144
1786507200,1885.1800537109375,1891.3599853515625,1883.6099853515625,1890.010009765625,130267648
1786521600,1889.8900146484375,1914.0999755859375,1888.1300048828125,1913.9100341796875,379210752
1786536000,1914.9100341796875,1920.9599609375,1882.780029296875,1890.6400146484375,599258624
1786550400,1890.4100341796875,1893.8499755859375,1875.760009765625,1877.1700439453125,2134528
1786564800,1877.06005859375,1887.239990234375,1871.800048828125,1877.6800537109375,67654144
1786579200,1877.699951171875,1886.77001953125,1871.3599853515625,1885.5699462890625,334972416
1786593600,1885.68994140625,1898.1300048828125,1883.4200439453125,1893.8699951171875,193400832
1786608000,1893.8699951171875,1895.4000244140625,1873.3199462890625,1878.3499755859375,37660672
1786622400,1877.93994140625,1895.5400390625,1876.949951171875,1878.6600341796875,0
1786636800,1878.75,1890.7900390625,1862.199951171875,1885.1300048828125,649442816
1786651200,1885.47998046875,1891.050048828125,1882.9000244140625,1884.6099853515625,12433408
1786665600,1884.8299560546875,1889.489990234375,1880.949951171875,1881.260009765625,0
1786680000,1881.0,1886.1400146484375,1870.4300537109375,1871.1800537109375,130560000
1786694400,1871.25,1878.8699951171875,1867.4000244140625,1876.4100341796875,21680640
1786708800,1876.5,1882.6400146484375,1862.18994140625,1879.239990234375,224914944
1786723200,1879.2099609375,1886.1300048828125,1871.6800537109375,1879.0400390625,50914304
1786737600,1879.2900390625,1880.8599853515625,1874.5,1880.4100341796875,12089344
1786752000,1880.5,1884.8800048828125,1879.199951171875,1880.8900146484375,31283200
1786766400,1881.260009765625,1883.7900390625,1877.739990234375,1878.56005859375,0
1786780800,1878.510009765625,1879.7099609375,1874.0899658203125,1877.2900390625,0
1786795200,1877.1400146484375,1883.9000244140625,1876.199951171875,1882.8900146484375,0
1786809600,1883.0,1884.3699951171875,1880.56005859375,1882.3599853515625,0
1786824000,1882.3800048828125,1883.77001953125,1880.0,1880.93994140625,21493248
1786838400,1880.8800048828125,1883.25,1875.239990234375,1881.010009765625,44682240
1786852800,1881.02001953125,1882.6800537109375,1877.010009765625,1879.300048828125,16844288
1786867200,1879.300048828125,1880.27001953125,1877.1400146484375,1878.9100341796875,23649280
1786881600,1878.9100341796875,1882.97998046875,1877.3499755859375,1882.010009765625,84956928
1786896000,1882.02001953125,1889.93994140625,1880.780029296875,1884.280029296875,272159488
1786910400,1884.3199462890625,1885.5899658203125,1867.3199462890625,1874.1300048828125,510615552
1786924800,1874.0999755859375,1904.77001953125,1870.6099853515625,1899.06005859375,1087939328
1786939200,1899.3599853515625,1910.18994140625,1896.1400146484375,1899.1400146484375,821210112
1786953600,1899.25,1907.27001953125,1889.68994140625,1902.699951171875,667562496
1786968000,1902.719970703125,1913.68994140625,1893.8800048828125,1911.4599609375,1053504000
1786982400,1912.300048828125,1912.6800537109375,1903.0400390625,1905.6700439453125,466049536
1786996800,1905.6500244140625,1916.7900390625,1901.9000244140625,1911.93994140625,340092928
1787011200,1912.510009765625,1912.800048828125,1884.280029296875,1892.8900146484375,17247744
1787025600,1892.6600341796875,1905.18994140625,1889.6800537109375,1897.050048828125,62265856
1787040000,1896.9200439453125,1903.8199462890625,1892.1099853515625,1901.2099609375,76886016
1787054400,1901.2099609375,1921.9100341796875,1892.0699462890625,1916.469970703125,569043968
1787068800,1916.97998046875,1921.0899658203125,1909.760009765625,1912.18994140625,67436032
1787083200,1912.550048828125,1919.0,1909.8199462890625,1916.739990234375,81212928
1787097600,1917.22998046875,1917.760009765625,1904.800048828125,1910.4100341796875,93781504
1787112000,1910.4100341796875,1919.77001953125,1904.8199462890625,1914.4599609375,152285696
1787126400,1914.300048828125,1928.3900146484375,1913.6300048828125,1921.550048828125,167275008
1787140800,1921.5400390625,2108.72998046875,1920.800048828125,2085.35009765625,7157733888
1787155200,2084.530029296875,2106.050048828125,2068.2900390625,2101.719970703125,5094735872
1787169600,2102.780029296875,2330.919921875,2101.60009765625,2251.68994140625,10414292992
1787184000,2251.2099609375,2272.6201171875,2220.219970703125,2249.419921875,3279648768
1787198400,2249.419921875,2265.550048828125,2237.510009765625,2249.9599609375,2351634432
1787212800,2250.47998046875,2317.340087890625,2247.639892578125,2294.830078125,4742344704
1787227200,2295.260009765625,2334.989990234375,2256.0,2325.93994140625,1090113536
1787241600,2325.68994140625,2357.52001953125,2310.22998046875,2323.469970703125,409354240
1787256000,2323.77001953125,2338.93994140625,2307.719970703125,2326.60009765625,0
1787270400,2326.60009765625,2378.5400390625,2324.419921875,2340.030029296875,1010468864
1787284800,2340.72998046875,2396.800048828125,2340.72998046875,2369.97998046875,569688064
1787299200,2370.7099609375,2447.580078125,2357.530029296875,2369.85009765625,2655471616
1787313600,2370.669921875,2407.159912109375,2365.3798828125,2392.889892578125,1263484928
1787328000,2393.5,2431.139892578125,2383.419921875,2413.2099609375,297302016
1787342400,2414.6298828125,2545.989990234375,2408.280029296875,2515.9599609375,4727013376
1787356800,2516.2900390625,2528.5400390625,2490.800048828125,2514.659912109375,401334272
1787371200,2515.030029296875,2529.219970703125,2390.31005859375,2432.550048828125,4942237696
1787385600,2433.820068359375,2440.43994140625,2389.9599609375,2424.110107421875,618117120
1787400000,2423.77001953125,2437.909912109375,2405.510009765625,2410.469970703125,0
1787414400,2410.679931640625,2443.800048828125,2408.659912109375,2439.0,0
1787428800,2439.1201171875,2443.35009765625,2404.31005859375,2422.0,27768832
1787443200,2423.280029296875,2434.969970703125,2407.5,2413.739990234375,0
1787457600,2413.389892578125,2416.5,2356.969970703125,2388.419921875,0
1787472000,2388.159912109375,2438.429931640625,2386.3798828125,2433.360107421875,0
1787486400,2433.1201171875,2482.659912109375,2392.280029296875,2438.389892578125,2283506688
1787500800,2438.39990234375,2457.47998046875,2434.1298828125,2444.4599609375,380122112
1787515200,2443.800048828125,2484.18994140625,2436.360107421875,2463.5400390625,1107021824
1787529600,2462.739990234375,2465.9599609375,2424.550048828125,2430.2900390625,1005848576
1787544000,2430.699951171875,2473.5400390625,2428.860107421875,2454.0,406329344
1787558400,2454.699951171875,2507.280029296875,2435.14990234375,2494.10009765625,1111222272
1787572800,2491.43994140625,2531.8701171875,2474.199951171875,2486.5,2565914624
1787587200,2487.89990234375,2504.760009765625,2454.639892578125,2471.330078125,2014439424
1787601600,2472.739990234375,2487.330078125,2465.0,2482.699951171875,384507904
1787616000,2481.6201171875,2531.81005859375,2471.800048828125,2498.7099609375,1174956032
1787630400,2498.530029296875,2514.330078125,2466.75,2478.1201171875,2934784
1787644800,2478.489990234375,2497.3798828125,2463.860107421875,2477.610107421875,0
1787659200,2477.449951171875,2484.39990234375,2441.389892578125,2483.35009765625,0
1787673600,2480.840087890625,2485.699951171875,2455.4599609375,2464.139892578125,0
1787688000,2464.06005859375,2464.320068359375,2416.0,2442.550048828125,1095896064
1787702400,2443.590087890625,2469.52001953125,2435.97998046875,2465.2900390625,0
1787716800,2465.0,2472.389892578125,2451.1201171875,2461.340087890625,0
1787731200,2461.330078125,2474.81005859375,2442.3798828125,2462.31005859375,106853376
1787745600,2463.090087890625,2471.64990234375,2432.330078125,2450.2099609375,163341312
1787760000,2450.030029296875,2483.10009765625,2438.360107421875,2470.219970703125,222766080
1787774400,2471.219970703125,2515.280029296875,2460.449951171875,2506.860107421875,585524224
1787788800,2507.2900390625,2510.68994140625,2486.93994140625,2492.56005859375,468221952
1787803200,2492.56005859375,2498.419921875,2481.659912109375,2497.070068359375,78885888
1787817600,2497.219970703125,2565.3798828125,2490.68994140625,2501.580078125,3270704128
1787832000,2501.320068359375,2531.590087890625,2483.2900390625,2522.02001953125,435452928
1787846400,2522.39990234375,2533.260009765625,2489.300048828125,2499.159912109375,1397537792
1787860800,2499.860107421875,2517.659912109375,2495.10009765625,2511.72998046875,159694848
1787875200,2512.0,2535.0400390625,2486.7099609375,2490.75,596358144
1787889600,2490.239990234375,2505.81005859375,2479.22998046875,2496.60009765625,403355648
1787904000,2497.639892578125,2511.3798828125,2482.610107421875,2505.179931640625,0
1787918400,2505.489990234375,2525.989990234375,2471.090087890625,2472.06005859375,1357413376
1787932800,2471.800048828125,2474.14990234375,2406.070068359375,2435.679931640625,2062442496
1787947200,2434.2099609375,2444.7900390625,2422.659912109375,2442.7900390625,88876032
1787961600,2442.77001953125,2448.139892578125,2434.679931640625,2435.110107421875,41586688
1787976000,2435.18994140625,2442.169921875,2430.860107421875,2436.320068359375,0
1787990400,2435.840087890625,2438.659912109375,2431.3798828125,2435.8701171875,0
1788004800,2435.860107421875,2452.7900390625,2432.7099609375,2444.800048828125,0
1788019200,2445.02001953125,2458.89990234375,2444.60009765625,2453.3798828125,0
1788033600,2453.5400390625,2459.800048828125,2448.969970703125,2457.679931640625,0
1788048000,2457.780029296875,2467.719970703125,2453.10009765625,2457.35009765625,108186112
1788062400,2457.340087890625,2461.239990234375,2451.77001953125,2455.22998046875,102887424
1788076800,2455.43994140625,2461.3701171875,2452.02001953125,2460.010009765625,138547712
1788091200,2460.070068359375,2482.60009765625,2458.60009765625,2481.02001953125,882532864
1788105600,2481.219970703125,2533.830078125,2479.31005859375,2503.389892578125,1926542336
1788120000,2504.010009765625,2508.2900390625,2387.929931640625,2417.340087890625,3147253760
1788134400,2414.6298828125,2439.64990234375,2401.2099609375,2420.81005859375,2156038144
1788148800,2421.14990234375,2446.199951171875,2411.31005859375,2440.610107421875,1121519616
1788163200,2440.330078125,2456.570068359375,2433.47998046875,2445.75,1107491840
1788177600,2445.1298828125,2477.39990234375,2436.31005859375,2467.219970703125,1345637376
1788192000,2467.56005859375,2489.169921875,2461.050048828125,2482.1298828125,420897792
1788206400,2481.469970703125,2486.070068359375,2461.969970703125,2467.2900390625,39836672
1788220800,2466.6298828125,2481.7900390625,2454.4599609375,2471.610107421875,16914432
1788235200,2472.0,2484.81005859375,2466.389892578125,2472.02001953125,0
1788249600,2472.360107421875,2472.93994140625,2442.699951171875,2458.320068359375,469458944
1788264000,2458.6298828125,2458.6298828125,2430.5400390625,2448.02001953125,186926080
1788278400,2448.590087890625,2448.800048828125,2383.25,2417.6298828125,1077354496
1788292800,2418.14990234375,2425.199951171875,2399.840087890625,2417.18994140625,683791360
1788307200,2417.719970703125,2422.72998046875,2385.39990234375,2413.199951171875,754638848
1788321600,2413.18994140625,2427.89990234375,2404.25,2416.530029296875,262002688
1788336000,2417.360107421875,2419.419921875,2355.81005859375,2380.52001953125,1034291200
1788350400,2379.39990234375,2417.739990234375,2376.169921875,2389.52001953125,451582976
1788364800,2389.659912109375,2403.550048828125,2371.800048828125,2392.489990234375,222730240
1788379200,2392.6298828125,2399.0,2377.010009765625,2391.0400390625,0
1788393600,2390.800048828125,2409.77001953125,2370.0,2402.300048828125,325881856
1788408000,2402.389892578125,2418.3701171875,2378.719970703125,2397.340087890625,377657344
1788422400,2397.72998046875,2411.7900390625,2388.830078125,2405.77001953125,0
1788436800,2405.97998046875,2517.570068359375,2404.47998046875,2516.97998046875,2396569600
1788451200,2516.919921875,2528.610107421875,2488.409912109375,2518.260009765625,1676088320
1788465600,2518.590087890625,2518.590087890625,2490.610107421875,2507.739990234375,1536195584
1788480000,2507.330078125,2517.18994140625,2497.6201171875,2504.840087890625,363517952
1788494400,2504.840087890625,2524.60009765625,2500.030029296875,2504.179931640625,508248064
1788508800,2504.169921875,2545.89990234375,2502.919921875,2522.97998046875,1828319232
1788523200,2523.280029296875,2531.14990234375,2430.550048828125,2451.97998046875,2968576000
1788537600,2451.64990234375,2464.239990234375,2443.1201171875,2456.159912109375,101826560
1788552000,2454.8798828125,2458.85009765625,2450.550048828125,2456.080078125,0
1788566400,2456.530029296875,2457.39990234375,2450.419921875,2452.840087890625,0
1788580800,2453.030029296875,2459.909912109375,2444.9599609375,2457.820068359375,0
1788595200,2456.669921875,2460.239990234375,2453.0,2453.699951171875,0
1788609600,2453.699951171875,2462.25,2450.639892578125,2460.409912109375,0
1788624000,2460.409912109375,2484.300048828125,2459.159912109375,2477.679931640625,59568640
1788638400,2477.97998046875,2492.89990234375,2475.2099609375,2480.610107421875,195318784
1788652800,2480.169921875,2514.590087890625,2479.0400390625,2509.659912109375,1254082048
1788667200,2509.949951171875,2523.3701171875,2485.580078125,2497.52001953125,752016384
1788681600,2496.93994140625,2504.800048828125,2491.889892578125,2502.239990234375,365471744
1788696000,2502.0400390625,2504.800048828125,2468.75,2479.85009765625,829998080
1788710400,2479.820068359375,2499.610107421875,2475.56005859375,2490.530029296875,22115328
1788724800,2490.719970703125,2524.97998046875,2488.64990234375,2514.60009765625,1013792768
1788739200,2514.919921875,2534.840087890625,2496.239990234375,2497.39990234375,526070784
1788753600,2497.280029296875,2513.3701171875,2476.159912109375,2489.169921875,655903744
1788768000,2489.389892578125,2497.070068359375,2484.10009765625,2488.93994140625,676958208
1788782400,2489.219970703125,2511.10009765625,2466.570068359375,2470.030029296875,829187072
1788796800,2469.9599609375,2498.3701171875,2469.419921875,2495.820068359375,423638016
1788811200,2495.800048828125,2497.0400390625,2475.300048828125,2489.570068359375,332911616
1788825600,2489.409912109375,2507.10009765625,2477.64990234375,2485.2900390625,0
1788840000,2484.97998046875,2485.800048828125,2462.989990234375,2478.929931640625,412344320
1788854400,2478.60009765625,2499.030029296875,2469.360107421875,2473.72998046875,322489344
1788868800,2473.89990234375,2500.81005859375,2440.580078125,2498.39990234375,839552000
1788883200,2498.39990234375,2505.75,2476.590087890625,2482.22998046875,837370880
1788897600,2482.010009765625,2491.4599609375,2478.56005859375,2484.9599609375,0
1788912000,2485.010009765625,2499.860107421875,2485.010009765625,2488.719970703125,0
1788926400,2488.830078125,2515.89990234375,2488.75,2510.2099609375,352894976
1788940800,2510.89990234375,2522.5,2482.02001953125,2500.14990234375,375713792
1788955200,2501.22998046875,2521.260009765625,2470.679931640625,2489.85009765625,1098454016
1788969600,2489.6298828125,2499.110107421875,2462.199951171875,2465.0,0
1788984000,2464.14990234375,2471.949951171875,2443.179931640625,2467.56005859375,1458849792
1788998400,2467.340087890625,2478.68994140625,2455.06005859375,2474.5,645403648
1789012800,2474.199951171875,2483.659912109375,2463.2900390625,2472.219970703125,0
1789027200,2472.139892578125,2477.10009765625,2458.219970703125,2461.699951171875,0
1789041600,2461.2099609375,2464.5,2405.8701171875,2440.590087890625,3752529920
1789056000,2440.429931640625,2473.81005859375,2431.8701171875,2461.43994140625,1794789376
1789070400,2462.169921875,2468.18994140625,2434.2900390625,2437.2099609375,125416448
1789084800,2437.5400390625,2459.3798828125,2436.77001953125,2446.18994140625,122925056
1789099200,2446.3798828125,2472.449951171875,2445.5,2466.0400390625,870770688
1789113600,2466.280029296875,2482.9599609375,2451.280029296875,2457.610107421875,640921600
1789128000,2457.0,2666.820068359375,2433.97998046875,2559.320068359375,6727829504
1789142400,2557.199951171875,2582.699951171875,2530.81005859375,2538.969970703125,2556274688
1789156800,2539.030029296875,2546.429931640625,2506.60009765625,2516.10009765625,1088309248
1789171200,2515.5400390625,2517.360107421875,2509.219970703125,2512.889892578125,93935616
1789185600,2513.070068359375,2524.22998046875,2508.699951171875,2523.6298828125,79978496
1789200000,2523.68994140625,2537.0400390625,2522.570068359375,2536.090087890625,166133760
1789214400,2536.080078125,2544.72998046875,2531.5,2534.510009765625,0
1789228800,2534.5400390625,2535.909912109375,2514.5,2518.919921875,0
1789243200,2519.02001953125,2527.8798828125,2518.800048828125,2525.35009765625,93286912
1789257600,2525.010009765625,2527.18994140625,2518.60009765625,2520.159912109375,37733376
1789272000,2520.340087890625,2523.25,2509.18994140625,2517.02001953125,96256000
1789286400,2516.760009765625,2518.739990234375,2468.5,2480.7900390625,1210318848
1789300800,2480.449951171875,2494.6201171875,2462.050048828125,2490.199951171875,179710976
1789315200,2489.77001953125,2514.18994140625,2489.77001953125,2505.219970703125,518276096
1789329600,2506.030029296875,2516.030029296875,2469.580078125,2475.8798828125,804661248
1789344000,2476.389892578125,2518.949951171875,2465.449951171875,2511.760009765625,1304750080
1789358400,2512.0,2525.989990234375,2507.070068359375,2521.75,818123776
1789372800,2522.239990234375,2533.39990234375,2505.10009765625,2508.06005859375,118692864
1789387200,2507.8701171875,2517.300048828125,2486.889892578125,2507.570068359375,1411816448
1789401600,2507.659912109375,2549.6201171875,2503.510009765625,2539.52001953125,1148285952
1789416000,2540.14990234375,2613.1201171875,2513.27001953125,2515.780029296875,2539722752
1789430400,2514.8798828125,2519.60009765625,2495.760009765625,2498.2099609375,316807168
1789444800,2497.52001953125,2500.139892578125,2469.47998046875,2473.090087890625,546297856
1789459200,2472.739990234375,2487.1298828125,2463.840087890625,2475.35009765625,546259968
1789473600,2475.25,2485.449951171875,2388.97998046875,2423.199951171875,2100584448
1789488000,2422.889892578125,2447.489990234375,2357.239990234375,2414.330078125,3409207296
1789502400,2413.93994140625,2416.199951171875,2379.89990234375,2396.139892578125,62279680
1789516800,2397.070068359375,2409.699951171875,2387.159912109375,2400.090087890625,0
1789531200,2400.4599609375,2408.800048828125,2391.949951171875,2394.760009765625,0
1789545600,2394.169921875,2426.469970703125,2380.75,2420.360107421875,749035520
1789560000,2421.090087890625,2421.639892578125,2379.360107421875,2390.570068359375,342523904
1789574400,2390.97998046875,2426.85009765625,2367.889892578125,2406.7900390625,5312512
1789588800,2406.43994140625,2420.60009765625,2386.5400390625,2416.570068359375,102687744
1789603200,2416.159912109375,2442.89990234375,2411.739990234375,2433.419921875,474309632
1789617600,2433.5,2451.780029296875,2422.800048828125,2442.050048828125,0
1789632000,2442.56005859375,2446.8701171875,2425.679931640625,2440.10009765625,171087872
1789646400,2439.7900390625,2480.669921875,2430.72998046875,2468.320068359375,1390940160
1789660800,2467.85009765625,2474.260009765625,2443.25,2447.2099609375,117867520
1789675200,2446.60009765625,2456.919921875,2435.570068359375,2445.43994140625,0
1789689600,2445.97998046875,2482.860107421875,2435.080078125,2476.889892578125,428657664
1789704000,2477.090087890625,2496.010009765625,2467.449951171875,2487.60009765625,1161305088
1789718400,2488.0,2518.820068359375,2483.320068359375,2505.800048828125,2102646784
1789732800,2506.7900390625,2594.5,2493.31005859375,2583.02001953125,3428246528
1789747200,2583.89990234375,2645.030029296875,2578.139892578125,2636.260009765625,3509995520
1789761600,2636.89990234375,2639.4599609375,2617.300048828125,2621.10009765625,2286297088
