time,open,high,low,close,volume
1726704000,61760.109375,62540.09765625,61609.8671875,62104.41015625,2061197312
1726718400,62119.37109375,62180.41796875,61861.71875,62094.35546875,1442205696
1726732800,62097.58984375,62702.8671875,61906.4765625,62685.5234375,697552896
1726747200,62669.34375,63509.4375,62642.58203125,63177.40625,4473815040
1726761600,63166.44140625,63854.0234375,63005.16015625,63283.08984375,1481433088
1726776000,63292.31640625,63292.31640625,62670.171875,62941.42578125,498032640
1726790400,62958.390625,63644.1640625,62636.74609375,63607.8828125,460214272
1726804800,63751.57421875,64059.8828125,63428.46875,63549.46484375,3553832960
1726819200,63536.1015625,63696.109375,63152.46484375,63439.390625,501096448
1726833600,63444.3515625,63511.99609375,62586.25,63204.3828125,221728768
1726848000,63148.5703125,63260.6171875,62388.29296875,62952.44140625,0
1726862400,62823.80078125,63285.91796875,62733.79296875,63184.33984375,179388416
1726876800,63199.53515625,63293.9765625,62846.53125,62890.34765625,0
1726891200,62895.04296875,63135.2890625,62784.71875,63099.625,0
1726905600,63093.9609375,63147.47265625,62978.30859375,63103.76171875,0
1726920000,63097.55078125,63300.1171875,63064.890625,63204.09765625,0
1726934400,63208.37890625,63409.953125,63131.375,63207.55078125,0
1726948800,63245.06640625,63538.93359375,63076.01953125,63396.8046875,418233344
1726963200,63420.4453125,63452.08203125,62853.45703125,63126.2578125,508866560
1726977600,63131.00390625,63197.015625,62862.484375,62956.15625,11994112
1726992000,62939.81640625,63041.03515625,62598.16796875,62827.8046875,911618048
1727006400,62815.484375,62924.2734375,62508.12109375,62702.0234375,609098752
1727020800,62676.03515625,63225.96875,62496.03515625,63178.171875,656564224
1727035200,63203.5,63983.56640625,62445.515625,63643.1015625,3942220800
1727049600,63614.1796875,64733.55859375,62630.015625,64349.203125,5139589120
1727064000,64370.69140625,64451.96484375,63429.9453125,63550.58984375,2667841536
1727078400,63554.44140625,63686.5703125,63334.24609375,63407.48828125,997922816
1727092800,63424.5390625,63762.85546875,63106.3671875,63651.41015625,3763523584
1727107200,63617.53515625,63790.18359375,63128.59765625,63281.14453125,1522765824
1727121600,63303.59375,63460.9765625,63122.078125,63326.83984375,203386880
1727136000,63328.78125,63394.4609375,62740.75390625,63114.89453125,165466112
1727150400,63118.89453125,63559.84765625,62933.04296875,63548.3359375,0
1727164800,63552.16015625,63914.6328125,63395.70703125,63466.83984375,287037440
1727179200,63468.2734375,63762.5625,62773.484375,63191.19140625,723415040
1727193600,63173.06640625,64287.421875,63120.75390625,64284.71875,1811572736
1727208000,64316.328125,64629.11328125,63994.4453125,64302.58984375,2240202752
1727222400,64269.984375,64772.03125,64082.10546875,64448.8203125,339017728
1727236800,64456.3203125,64456.3203125,63670.96484375,63843.453125,490403840
1727251200,63836.3984375,63897.4609375,63433.1015625,63834.78125,455604224
1727265600,63834.23046875,63979.05859375,63362.7265625,63490.2890625,281692160
1727280000,63495.0859375,63652.99609375,63004.55859375,63219.828125,86290432
1727294400,63168.09765625,63538.96484375,62952.55078125,63138.546875,15671296
1727308800,63139.6015625,63514.4765625,62669.26953125,63471.25,159471616
1727323200,63499.3125,63852.984375,63330.69921875,63835.34765625,173060096
1727337600,63855.55859375,64482.29296875,63581.375,64401.359375,1764675584
1727352000,64401.28125,65473.30859375,64203.37890625,65273.96484375,6744893440
1727366400,65249.5078125,65747.7421875,64819.99609375,64819.99609375,2595184640
1727380800,64750.05078125,65238.28125,64679.12109375,65180.6640625,1244217344
1727395200,65179.78125,65393.02734375,64854.9921875,65373.5390625,371126272
1727409600,65372.28125,65561.359375,65125.5859375,65496.71875,1703276544
1727424000,65502.80078125,65989.0078125,65360.3515625,65440.65234375,1336160256
1727438400,65445.46484375,66453.9921875,65354.80078125,66046.8671875,0
1727452800,66035.3671875,66362.78125,65583.875,65692.9921875,0
1727467200,65690.0078125,65976.1484375,65651.453125,65792.1796875,0
1727481600,65789.1484375,66229.328125,65757.6171875,66080.2421875,0
1727496000,66081.953125,66103.46875,65771.6171875,65847.6796875,0
1727510400,65841.4921875,65841.4921875,65508.61328125,65792.3515625,0
1727524800,65798.8125,65810.6171875,65464.6328125,65633.9375,0
1727539200,65632.0234375,65824.5234375,65522.27734375,65732.53125,0
1727553600,65741.890625,65948.3984375,65469.9765625,65888.8984375,50075648
1727568000,65888.78125,65956.1640625,65678.25,65820.53125,88033280
1727582400,65818.09375,65818.09375,65467.15234375,65493.3515625,135489536
1727596800,65484.515625,65725.2109375,65454.41796875,65699.796875,260235264
1727611200,65700.71875,65855.1171875,65608.796875,65772.8125,455301120
1727625600,65759.5859375,65978.40625,65671.078125,65976.078125,75421696
1727640000,65966.2265625,66069.34375,65548.7421875,65634.65625,1140952064
1727654400,65613.390625,65613.390625,64229.0625,64529.84765625,4975734784
1727668800,64551.25390625,64698.0703125,64355.78125,64581.19921875,1835257856
1727683200,64564.88671875,64564.88671875,63299.2578125,63854.0703125,5507874816
1727697600,63831.80859375,64140.27734375,63585.37109375,63585.37109375,3652032512
1727712000,63558.75,63691.1015625,63081.37890625,63588.3828125,5088466944
1727726400,63453.49609375,63834.79296875,62931.3203125,63329.5,1479368704
1727740800,63320.25390625,63679.0625,63014.2734375,63679.0625,240807936
1727755200,63683.28515625,64106.921875,63631.94921875,64019.8125,750301184
1727769600,64028.71484375,64074.70703125,63724.23828125,63733.515625,0
1727784000,63730.3125,63803.28515625,61959.953125,62702.33203125,6989266944
1727798400,62624.546875,62725.0,61076.9609375,61726.2265625,6441066496
1727812800,61720.08984375,61724.87890625,60221.6875,60836.32421875,5444939776
1727827200,60824.83203125,61854.58984375,60753.125,61757.02734375,586190848
1727841600,61751.46484375,61900.6015625,61360.43359375,61733.68359375,109404160
1727856000,61732.04296875,61886.0,60908.875,61180.859375,1257046016
1727870400,61162.01171875,61912.77734375,60585.39453125,61830.18359375,645885952
1727884800,61883.8203125,62322.40625,60019.35546875,60341.5078125,1217736704
1727899200,60175.875,60962.19921875,60143.27734375,60632.484375,2478080
1727913600,60636.19140625,61449.83984375,60542.91015625,61449.83984375,499085312
1727928000,61456.19140625,61457.328125,60892.5078125,60973.2578125,419885056
1727942400,60958.4140625,61039.375,60157.16796875,60767.96875,1314590720
1727956800,60753.328125,60841.09765625,59930.140625,60608.80078125,778207232
1727971200,60617.16015625,60989.94921875,60038.16796875,60984.953125,508637184
1727985600,61047.95703125,61075.8828125,60613.31640625,60754.625,0
1728000000,60747.640625,61264.2421875,60467.296875,60935.140625,261582848
1728014400,60945.32421875,61471.0703125,60945.32421875,61451.94921875,2564096
1728028800,61453.73828125,61626.30859375,61264.70703125,61438.76171875,0
1728043200,61433.9296875,61914.98828125,60809.96875,61833.66796875,715403264
1728057600,61850.671875,62463.86328125,61703.4453125,62382.94921875,179980288
1728072000,62395.703125,62464.609375,61994.08984375,62067.609375,0
1728086400,62067.1015625,62197.58203125,61689.58203125,61870.1171875,132063232
1728100800,61878.953125,62252.34375,61831.12109375,62091.13671875,0
1728115200,62094.9375,62321.2265625,62093.17578125,62186.4921875,19122176
1728129600,62185.5859375,62370.578125,62124.8125,62170.0625,0
1728144000,62166.19921875,62176.62890625,61784.76171875,61832.875,0
1728158400,61844.5625,62089.9453125,61721.21875,62084.98828125,0
1728172800,62066.37109375,62143.23828125,61883.11328125,61896.91796875,144497664
1728187200,61886.52734375,62007.73828125,61837.4921875,61952.36328125,0
1728201600,61956.03125,62146.1640625,61926.89453125,62107.50390625,37165056
1728216000,62111.65234375,62745.671875,62085.4453125,62716.82421875,1538455552
1728230400,62715.94921875,62922.4765625,62579.0625,62630.296875,545128448
1728244800,62632.46875,62899.4609375,62308.5546875,62819.109375,888282112
1728259200,62817.12890625,63927.2265625,62674.87109375,63508.1328125,4101173248
1728273600,63513.515625,63702.19140625,63342.6875,63553.015625,1499467776
1728288000,63551.65625,63697.390625,62665.421875,63054.69921875,3188428800
1728302400,63114.5625,64358.9765625,62833.15625,63656.97265625,5772570624
1728316800,63644.76953125,63870.87890625,62780.26953125,63352.53125,3205402624
1728331200,63346.47265625,63360.01171875,62210.0703125,62221.64453125,1710284800
1728345600,62227.6640625,62784.5,62226.50390625,62590.23046875,0
1728360000,62608.40625,62756.0703125,62050.29296875,62269.0703125,772261888
1728374400,62286.90234375,62617.5546875,62236.2109375,62610.234375,250859520
1728388800,62597.5625,63156.3046875,61902.44140625,62266.04296875,371494912
1728403200,62253.39453125,62527.58984375,61875.328125,62300.26953125,162560000
1728417600,62208.7265625,62477.39453125,62010.87890625,62164.6484375,0
1728432000,62122.8359375,62436.94921875,62008.77734375,62339.625,228800512
1728446400,62344.16015625,62499.3203125,62174.8828125,62244.2734375,0
1728460800,62241.4140625,62248.77734375,62014.35546875,62138.29296875,0
1728475200,62145.99609375,62336.3046875,61617.984375,62278.21875,577306624
1728489600,62266.23046875,62269.890625,60802.50390625,61004.12109375,2218049536
1728504000,60984.1484375,61065.10546875,60394.44921875,60582.2265625,976467968
1728518400,60580.85546875,60893.0859375,60351.39453125,60808.140625,406806528
1728532800,60803.86328125,61081.20703125,60772.1953125,60865.63671875,227743744
1728547200,60851.74609375,61221.046875,60600.109375,61192.796875,1031708672
1728561600,61215.87109375,61223.6015625,60416.296875,60732.06640625,243605504
1728576000,60764.51171875,60890.98828125,58895.20703125,59659.26953125,3083335680
1728590400,59689.06640625,60275.4609375,59556.98828125,60275.4609375,247300096
1728604800,60280.33203125,60637.38671875,60048.89453125,60591.875,218066944
1728619200,60581.69140625,60863.69921875,60541.94921875,60641.03125,411138048
1728633600,60660.3046875,61214.5859375,60621.55078125,61164.7890625,497418240
1728648000,61137.82421875,62416.00390625,61121.27734375,62416.00390625,1627430912
1728662400,62280.76953125,63372.8203125,62135.4609375,63017.21875,1539680256
1728676800,63084.94140625,63155.21875,62352.515625,62417.61328125,32356352
1728691200,62512.046875,63040.4375,62480.38671875,62539.2734375,298393600
1728705600,62539.87109375,62760.73828125,62539.87109375,62747.26953125,130648064
1728720000,62739.55078125,63225.2734375,62659.39453125,62905.4375,193036288
1728734400,62916.83984375,63438.76953125,62837.99609375,63121.12109375,0
1728748800,63148.75390625,63379.4375,62931.08203125,63016.546875,0
1728763200,62999.87109375,63350.11328125,62999.87109375,63192.9453125,2737152
1728777600,63215.5859375,63270.203125,62673.96484375,62684.33203125,61743104
1728792000,62694.1171875,62954.69921875,62694.1171875,62834.20703125,71213056
1728806400,62837.3828125,62945.3671875,62514.1484375,62537.5,457504768
1728820800,62542.28515625,62766.9140625,62045.83984375,62226.04296875,263940096
1728835200,62215.28515625,62802.42578125,62173.88671875,62708.03125,935302144
1728849600,62719.62890625,63086.8359375,62592.54296875,62848.3984375,1210401792
1728864000,62843.5859375,64252.234375,62458.0,64236.484375,2951145472
1728878400,64246.40234375,64600.0703125,63783.03515625,64578.03515625,5436426240
1728892800,64577.75390625,65059.859375,64326.57421875,64893.58984375,3666776064
1728907200,64877.8125,66232.8828125,64649.046875,65974.3984375,8043776000
1728921600,65834.8046875,66045.28125,65520.73046875,65904.421875,3575230464
1728936000,65922.28125,66457.46875,65753.609375,66050.3671875,2278674432
1728950400,66064.0859375,66290.0625,65316.7578125,65316.7578125,1181270016
1728964800,65358.6953125,65785.6171875,65221.7265625,65644.203125,0
1728979200,65627.6328125,65783.5546875,65267.7890625,65311.10546875,0
1728993600,65360.63671875,67857.4296875,64856.5390625,65932.53125,6438641664
1729008000,66047.890625,67372.03125,65990.0859375,66998.140625,3321974784
1729022400,66976.703125,67091.3046875,66160.703125,67042.4609375,1414414336
1729036800,67109.453125,67542.296875,66767.6484375,67109.03125,1002934272
1729051200,67087.7890625,67335.203125,66780.5,66959.0234375,169259008
1729065600,66966.0,68333.8203125,66944.0,68030.046875,3943952384
1729080000,67889.3046875,68226.703125,67196.9140625,67705.859375,798789632
1729094400,67728.1875,68039.5625,67505.4609375,67783.28125,0
1729108800,67724.6953125,67920.140625,67494.8203125,67617.078125,0
1729123200,67625.625,67910.15625,67419.765625,67594.09375,0
1729137600,67584.046875,67584.046875,67077.7421875,67249.65625,427560960
1729152000,67289.6875,67470.8125,66798.1484375,66853.09375,0
1729166400,66848.984375,67588.578125,66654.3984375,67548.0390625,313536512
1729180800,67558.171875,67558.171875,66713.9453125,66800.8515625,1073577984
1729195200,66822.0078125,67458.0234375,66822.0078125,67419.109375,570808320
1729209600,67411.1875,68161.9140625,67181.984375,67572.984375,2122496000
1729224000,67527.6171875,68289.3828125,67527.6171875,67947.921875,980033536
1729238400,67920.9453125,68000.9375,67666.59375,67666.59375,157372416
1729252800,67676.6953125,68832.453125,67629.6328125,68779.8203125,2208821248
1729267200,68699.6796875,68962.640625,68363.625,68585.34375,526073856
1729281600,68606.953125,68670.3671875,68201.2890625,68418.9765625,350523392
1729296000,68421.5,68667.75,68297.6640625,68442.8671875,0
1729310400,68436.84375,68540.4140625,68301.1875,68338.1875,0
1729324800,68331.7734375,68450.640625,68081.53125,68081.53125,0
1729339200,68087.5390625,68320.21875,68087.5390625,68214.375,0
1729353600,68218.609375,68235.78125,68039.0625,68169.734375,0
1729368000,68170.9453125,68389.7421875,68167.03125,68362.734375,12457984
1729382400,68366.5625,68418.7734375,68113.890625,68178.1796875,85695488
1729396800,68171.140625,68411.734375,68162.84375,68366.859375,267158528
1729411200,68361.3671875,68469.7578125,68350.0546875,68414.34375,68923392
1729425600,68414.2265625,68738.015625,68209.453125,68595.1953125,1723166720
1729440000,68604.0703125,68643.7890625,68436.484375,68488.96875,131155968
1729454400,68489.234375,69298.2578125,68460.21875,68999.9921875,3631699968
1729468800,69009.3671875,69427.09375,68628.3203125,68893.2421875,3669649408
1729483200,68906.8046875,69133.65625,68481.328125,68490.2734375,1762353152
1729497600,68498.8671875,68617.046875,68126.90625,68204.015625,2945667072
1729512000,68196.5,68270.0234375,66832.296875,67216.1796875,7421597696
1729526400,67290.65625,67881.21875,66899.921875,67844.125,5144371200
1729540800,67749.9609375,67881.9921875,67360.703125,67360.703125,317394944
1729555200,67358.8046875,67642.9375,66611.578125,67351.578125,419590144
1729569600,67353.515625,67739.953125,67277.078125,67354.890625,293580800
1729584000,67353.84375,67423.28125,66730.609375,67263.09375,1407242240
1729598400,67260.6875,67626.0234375,66623.578125,67274.59375,83775488
1729612800,67240.796875,67585.484375,66909.6796875,67512.328125,0
1729627200,67474.046875,67783.75,67288.7421875,67361.40625,66396160
1729641600,67375.8515625,67383.3359375,66885.109375,67024.796875,64909312
1729656000,67029.3515625,67239.3125,66749.53125,66804.765625,253392896
1729670400,66794.453125,66954.2890625,66191.53125,66344.0390625,116580352
1729684800,66347.140625,66800.328125,65873.7265625,66156.2421875,1181202432
1729699200,66156.28125,66414.390625,65198.04296875,66391.90625,4180731904
1729713600,66375.5390625,66714.2109375,66263.8359375,66653.703125,759343104
1729728000,66637.390625,67511.2890625,66459.359375,67144.375,2151262208
1729742400,67144.0078125,67388.5390625,67021.0234375,67021.0234375,90386432
1729756800,67048.171875,67227.6953125,66713.2578125,67177.625,301801472
1729771200,67199.0546875,67879.015625,67199.0546875,67660.9453125,1325502464
1729785600,67641.296875,68262.3671875,67342.59375,68237.1171875,0
1729800000,68247.0546875,68779.9296875,67978.8046875,68165.296875,1393881088
1729814400,68160.875,68228.34375,67820.2578125,67963.8984375,3465216
1729828800,67967.2109375,67992.9921875,67253.3984375,67456.65625,1021624320
1729843200,67460.25,68120.1640625,67345.5859375,68083.0703125,527312896
1729857600,68071.3203125,68703.5546875,67445.875,67655.4296875,1320015872
1729872000,67540.1875,67796.6875,65984.421875,66850.453125,7280662528
1729886400,66721.3828125,67244.6484375,65596.734375,66625.484375,3608657920
1729900800,66599.015625,66891.3515625,66368.609375,66824.828125,1675874304
1729915200,66817.5625,67137.09375,66762.0703125,66940.4140625,0
1729929600,66935.5703125,67158.59375,66893.8359375,67051.8984375,0
1729944000,67049.171875,67074.234375,66683.1328125,66779.703125,0
1729958400,66793.6015625,67093.8984375,66759.375,67082.78125,0
1729972800,67085.6953125,67314.0625,67009.8515625,67023.4765625,0
1729987200,67016.796875,67197.125,66850.9375,67178.53125,0
1730001600,67188.4453125,67202.4609375,67036.7890625,67110.8359375,0
1730016000,67111.9375,67167.953125,66967.7265625,67043.546875,0
1730030400,67046.6875,67763.6953125,67038.796875,67690.515625,506350592
1730044800,67750.1015625,67888.3203125,67486.5703125,67729.375,462090240
1730059200,67757.1953125,68221.3125,67662.3671875,67929.296875,1825236992
1730073600,67974.59375,68009.453125,67602.6484375,67645.7890625,1450790912
1730088000,67647.921875,68551.21875,67543.765625,68343.0546875,2616061952
1730102400,68332.6171875,68742.7578125,68159.765625,68669.5,2214385664
1730116800,68672.8828125,69225.3203125,68438.71875,68445.5078125,5743347712
1730131200,68431.8203125,69854.609375,68431.8203125,69480.671875,6774061056
1730145600,69600.546875,70212.265625,69430.359375,69902.265625,3270553600
1730160000,69911.7421875,71450.953125,69737.1171875,70905.1015625,6507589632
1730174400,70872.6484375,71260.6328125,70821.875,70916.21875,2305294336
1730188800,70934.6875,71541.2734375,70934.6875,71412.3203125,1436057600
1730203200,71395.9609375,72382.2578125,70938.2265625,72382.2578125,3923099648
1730217600,72401.171875,73546.4765625,72400.1328125,72787.375,5992140800
1730232000,72520.765625,72929.09375,71882.75,72729.890625,2363858944
1730246400,72707.6328125,72707.6328125,72032.0625,72215.9765625,636149760
1730260800,72221.75,72566.2890625,72104.5546875,72203.6953125,0
1730275200,72238.3671875,72570.9765625,71912.3515625,71912.3515625,489914368
1730289600,71954.28125,72418.328125,71462.375,72037.6640625,1273569280
1730304000,72047.8203125,72167.1171875,71636.40625,71907.421875,0
1730318400,71835.640625,72902.21875,71703.4140625,72335.046875,1087987712
1730332800,72334.6015625,72562.015625,72034.5703125,72308.3203125,0
1730347200,72316.0625,72441.40625,72138.0703125,72414.609375,111357952
1730361600,72404.9765625,72647.0546875,72145.484375,72205.703125,59383808
1730376000,72202.7578125,72231.5,70435.0390625,70620.734375,2785546240
1730390400,70564.671875,70838.8046875,70116.90625,70151.484375,2439958528
1730404800,69967.2734375,70522.4609375,69647.1953125,70216.8984375,179675136
1730419200,70202.875,70362.109375,68801.5390625,69294.359375,3781525504
1730433600,69284.2265625,69607.7265625,69032.1015625,69213.7421875,1357991936
1730448000,69204.7109375,70143.8359375,69186.296875,69952.125,1263775744
1730462400,69952.6953125,71529.5078125,69133.1640625,69392.5,2391556096
1730476800,69364.046875,70428.609375,68823.0625,69188.1953125,3303321600
1730491200,69233.0234375,69548.859375,68886.0078125,69486.0234375,0
1730505600,69476.78125,69853.2421875,69460.6328125,69567.7890625,0
1730520000,69569.6875,69790.09375,69451.875,69779.2109375,0
1730534400,69776.078125,69802.6484375,69407.6640625,69597.1953125,0
1730548800,69591.828125,69670.7734375,69045.5078125,69399.3359375,0
1730563200,69371.75,69573.015625,69237.84375,69510.546875,0
1730577600,69497.9140625,69546.1171875,69151.578125,69280.5234375,0
1730592000,69346.71875,69354.1015625,67893.703125,68388.5546875,4522985472
1730606400,68377.8203125,68725.1953125,68325.0234375,68381.8125,1011668992
1730620800,68378.71875,68542.5546875,68199.859375,68325.5625,1072068608
1730635200,68328.859375,68512.2265625,67554.7421875,68067.1875,2708238336
1730649600,68088.171875,68635.375,67747.015625,68616.15625,3711213568
1730664000,68649.34375,69285.2109375,68536.296875,68746.71875,3754622976
1730678400,68746.7890625,69410.171875,68261.3359375,69021.03125,1137356800
1730692800,69025.6796875,69297.9921875,68588.9140625,68588.9140625,681271296
1730707200,68561.3046875,68947.9140625,68438.9453125,68754.671875,1352814592
1730721600,68749.84375,69198.0703125,68239.75,68648.6640625,764698624
1730736000,68637.4375,68747.046875,67330.5234375,67844.421875,2709987328
1730750400,67801.0234375,68049.7734375,66805.625,67779.8828125,2819411968
1730764800,67785.1953125,68123.34375,67509.375,68123.34375,278638592
1730779200,68182.609375,68916.8515625,68182.609375,68850.984375,876498944
1730793600,68863.7890625,69023.8203125,68595.2578125,68787.5625,357867520
1730808000,68788.28125,70219.890625,68667.984375,69542.453125,3553370112
1730822400,69587.5546875,70415.7890625,68814.109375,68814.109375,1460088832
1730836800,69018.0,69861.484375,68927.609375,69363.703125,2743955456
1730851200,69371.3203125,74811.8125,69322.03125,74278.59375,25589776384
1730865600,74313.7421875,75361.0859375,73287.53125,73337.4921875,21250080768
1730880000,73410.7421875,74425.1640625,72740.3125,74315.265625,11085971456
1730894400,74312.5390625,74785.21875,73571.2890625,74490.7421875,4954439680
1730908800,74390.171875,75856.9375,74205.7734375,75856.9375,5246238720
1730923200,75890.1015625,76447.8828125,75605.390625,75637.0859375,4467007488
1730937600,75634.90625,76007.3984375,75058.796875,75094.0546875,0
1730952000,75086.9765625,75086.9765625,74494.9375,74823.671875,0
1730966400,74800.421875,75174.6015625,74728.875,74764.4921875,0
1730980800,74767.0625,75996.96875,74630.1484375,75996.96875,0
1730995200,76103.8515625,76661.5234375,75653.2890625,76547.3203125,2281660416
1731009600,76560.234375,76902.140625,75538.2421875,75902.8359375,261095424
1731024000,75900.03125,76369.4921875,75687.859375,75933.5078125,292634624
1731038400,75940.5703125,76311.1015625,75762.546875,76244.875,1225924608
1731052800,76262.4609375,76345.453125,75842.6796875,76064.0390625,125771776
1731067200,76021.5390625,76577.1953125,75706.53125,76407.40625,1654554624
1731081600,76467.3828125,77252.75,75907.90625,77094.2734375,0
1731096000,77023.8828125,77145.6640625,76379.109375,76556.1875,0
1731110400,76549.1171875,76641.8046875,76182.4296875,76361.0234375,0
1731124800,76365.765625,76779.0625,76347.125,76537.0234375,509255680
1731139200,76559.4921875,76714.859375,76421.3984375,76522.4765625,0
1731153600,76526.015625,76550.3359375,76307.9453125,76344.359375,0
1731168000,76340.4453125,76667.8359375,75789.4765625,76232.5234375,0
1731182400,76234.7421875,76928.9296875,76226.5625,76778.8671875,1332133888
1731196800,76721.0859375,77489.3359375,76580.65625,77263.3515625,4707584000
1731211200,77269.65625,79703.7734375,77209.140625,78880.921875,13123428352
1731225600,78857.5859375,79992.625,78857.5859375,79992.625,5648576512
1731240000,79898.1640625,80062.1875,79286.0546875,79729.9375,9977901056
1731254400,79748.5,81007.5859375,79464.296875,79661.71875,8925253632
1731268800,79756.796875,81456.671875,78716.84375,80470.53125,11181760512
1731283200,80444.125,81844.4453125,80331.71875,81728.2109375,2804072448
1731297600,81701.078125,81715.671875,80537.71875,81235.9765625,0
1731312000,81195.3828125,82368.1484375,81093.484375,82235.5703125,3555368960
1731326400,82201.765625,84223.3046875,81568.546875,84177.4140625,10918486016
1731340800,84103.9375,86586.8984375,84023.4296875,86267.7578125,12506898432
1731355200,86267.7734375,89581.1640625,86267.7734375,88705.5625,16131833856
1731369600,88741.7890625,89476.0234375,86723.609375,88187.1953125,13440737280
1731384000,88189.5390625,89939.1953125,87847.6015625,89142.8046875,7174758400
1731398400,89086.09375,89381.625,85476.1875,87260.4296875,16549183488
1731412800,87218.1328125,87866.9609375,85155.109375,86629.59375,4045291520
1731427200,86669.0234375,89828.984375,85851.421875,88885.8984375,0
1731441600,88827.390625,89847.8515625,87550.1875,87929.96875,0
1731456000,88032.2890625,88577.7421875,87178.3828125,87240.859375,0
1731470400,87276.84375,87748.7421875,86257.90625,87446.28125,0
1731484800,87465.4140625,88054.9453125,87236.4765625,87795.0,0
1731499200,87793.375,92732.4296875,87682.7265625,92732.4296875,10541285376
1731513600,92753.171875,93409.0234375,90150.21875,90493.640625,7363198976
1731528000,90313.5078125,91095.234375,88158.046875,90574.8828125,5036335104
1731542400,90497.5390625,90497.5390625,89640.34375,90014.65625,144654336
1731556800,90017.96875,90862.5078125,89222.609375,90853.984375,90742784
1731571200,90833.2265625,91624.1015625,90418.515625,91576.546875,2783436800
1731585600,91539.0546875,91760.078125,88019.4140625,88157.9765625,78790656
1731600000,87948.4140625,89669.9296875,87755.609375,89422.859375,0
1731614400,89477.140625,89477.140625,86844.859375,87328.890625,755810304
1731628800,87302.5390625,88463.140625,87302.5390625,88270.4296875,308682752
1731643200,88238.546875,88365.1328125,87135.5703125,87681.1484375,288415744
1731657600,87665.4921875,89735.9375,87457.09375,89735.9375,1008984064
1731672000,89745.5625,90677.1796875,87814.171875,88353.375,1160060928
1731686400,88442.03125,90811.484375,88437.703125,90370.234375,1524776960
1731700800,90386.7421875,91829.203125,90386.7421875,91061.09375,301088768
1731715200,91041.71875,91685.890625,90912.734375,91319.7109375,0
1731729600,91251.3125,91758.8125,91123.546875,91149.4140625,0
1731744000,91134.078125,91589.828125,90990.078125,91178.328125,0
1731758400,91171.484375,91296.71875,90144.734375,90437.71875,0
1731772800,90543.0390625,91408.4296875,90273.6640625,91107.1796875,0
1731787200,91139.4375,91144.8125,90369.875,90558.4609375,0
1731801600,90560.3046875,90894.3359375,89431.0546875,90227.6875,1724383232
1731816000,90271.8515625,90846.734375,90196.8046875,90497.28125,712278016
1731830400,90527.34375,91414.5625,90510.28125,90741.2734375,1105436672
1731844800,90712.2265625,91116.515625,90004.5,90296.1640625,803483648
1731859200,90263.4375,90612.03125,89743.078125,90099.4453125,373530624
1731873600,90042.828125,90198.125,88779.1484375,89834.9921875,3180941312
1731888000,89849.765625,90840.9140625,89698.75,90641.96875,723742720
1731902400,90659.546875,92163.4296875,90451.015625,91782.03125,4820815872
1731916800,91741.03125,92168.9609375,90111.28125,90261.921875,2696007680
1731931200,90267.1953125,92530.734375,89501.9375,92421.390625,10805866496
1731945600,92379.90625,92596.7890625,89775.0859375,90696.5390625,9693327360
1731960000,90720.5546875,92035.5625,90314.8984375,90536.8125,5092974592
1731974400,90489.140625,91551.2734375,90427.921875,91485.15625,876167168
1731988800,91473.734375,92016.0703125,91298.7890625,91684.140625,1156268032
1732003200,91669.6796875,91968.5703125,91281.359375,91723.125,259997696
1732017600,91722.6640625,92761.8359375,91126.296875,92462.5234375,3662438400
1732032000,92488.53125,93977.4609375,92314.71875,93268.9296875,4270997504
1732046400,93338.3203125,93648.3359375,91531.125,92341.890625,1619361792
1732060800,92381.0625,92488.7578125,91641.90625,92139.65625,1485520896
1732075200,92137.6171875,92886.484375,91981.84375,92886.484375,96886784
1732089600,92895.5390625,93674.765625,92846.6953125,93560.1796875,2499706880
1732104000,93560.1640625,94871.234375,93419.3984375,94834.2734375,509526016
1732118400,94853.515625,94854.015625,93300.828125,94029.71875,2546786304
1732132800,94082.1328125,94662.890625,93898.5546875,94334.640625,34471936
1732147200,94350.7578125,95974.515625,94145.796875,95867.96875,5672361984
1732161600,95886.75,97805.609375,95886.75,97012.1484375,13161783296
1732176000,96945.109375,98292.1171875,96785.8359375,97872.546875,4786626560
1732190400,97953.9375,98132.453125,95756.234375,96864.7734375,4285079552
1732204800,96698.8359375,98962.9765625,96350.2734375,98085.3828125,3358466048
1732219200,97904.296875,98765.25,97740.796875,98504.765625,3380518912
1732233600,98453.703125,99292.8125,97949.4609375,98914.40625,442253312
1732248000,98931.484375,99491.046875,98651.5,99266.8203125,1620811776
1732262400,99293.796875,99314.421875,98337.109375,98934.25,383508480
1732276800,98935.7265625,98985.984375,97276.4609375,98850.8671875,228777984
1732291200,98807.609375,99611.0078125,98366.6640625,99341.765625,52748288
1732305600,99192.0859375,99480.6796875,98719.9765625,99006.7421875,94470144
1732320000,99005.3046875,99014.6796875,98426.8828125,98736.015625,0
1732334400,98760.09375,98890.8984375,98421.7890625,98664.1015625,0
1732348800,98678.1015625,98678.1015625,98443.4609375,98531.6484375,0
1732363200,98548.078125,98937.8046875,98520.0546875,98604.2734375,0
1732377600,98589.765625,98613.15625,97500.0859375,97641.5625,945868800
1732392000,97619.2578125,98114.359375,97272.59375,97775.203125,19955712
1732406400,97769.3359375,98624.609375,97769.3359375,98245.7578125,21286912
1732420800,98290.125,98504.5234375,98046.34375,98445.46875,636760064
1732435200,98491.2265625,98522.921875,97374.96875,97374.96875,1041829888
1732449600,97389.2734375,97706.28125,96016.5859375,96028.0625,6504804352
1732464000,95966.265625,96725.7734375,95795.4453125,96392.078125,429928448
1732478400,96359.125,98420.5625,96258.1171875,97939.4765625,3711275008
1732492800,97939.4765625,98110.03125,97028.6953125,97936.9921875,1363406848
1732507200,97961.1015625,98463.5859375,97719.4921875,98148.8046875,2313199616
1732521600,98152.9765625,98894.6875,98012.625,98282.953125,3027697664
1732536000,98275.71875,98360.8671875,94903.4375,96147.0703125,7912972288
1732550400,96015.5859375,96459.8359375,94488.5,94745.8515625,7466418176
1732564800,94688.2109375,95297.8125,92853.1171875,93106.5390625,9805201408
1732579200,93027.5546875,94913.71875,92856.0,94588.5,4152868864
1732593600,94496.34375,94984.6171875,93653.046875,93924.3515625,497967104
1732608000,93821.2421875,93821.2421875,91546.921875,92365.703125,8458608640
1732622400,92368.0,93500.4296875,91813.234375,92920.9921875,6632071168
1732636800,92865.5234375,94612.5234375,91623.96875,91660.5625,772653056
1732651200,91684.90625,92311.4453125,90798.078125,91978.140625,2240233472
1732665600,91938.3203125,92987.1953125,91804.3671875,92599.0546875,602529792
1732680000,92558.109375,93622.234375,92378.609375,93576.765625,1556094976
1732694400,93582.7890625,93866.6484375,93132.84375,93359.9453125,0
1732708800,93375.9140625,95895.265625,92872.75,95832.7109375,532873216
1732723200,95724.890625,96689.2578125,95284.171875,96689.2578125,656941056
1732737600,96749.65625,97357.9921875,95881.359375,95954.9453125,438124544
1732752000,95948.7421875,96650.203125,94919.1484375,95614.296875,919740416
1732766400,95555.1640625,95948.4296875,95188.5,95291.25,208650240
1732780800,95347.9140625,95752.65625,94689.203125,95562.9375,1298841600
1732795200,95483.8984375,96214.0078125,94953.9765625,95016.0703125,0
1732809600,95015.6796875,95440.1015625,94875.4609375,95110.203125,0
1732824000,95121.7890625,96004.859375,94729.71875,95653.953125,0
1732838400,95675.8984375,96861.9609375,95433.3359375,96590.640625,361037824
1732852800,96617.5390625,96621.1171875,95614.84375,95614.84375,160157696
1732867200,95639.109375,97366.8671875,95639.109375,97288.28125,167706624
1732881600,97281.3203125,98631.9453125,96803.96875,98326.8515625,4489170944
1732896000,98157.375,98494.4765625,97000.5859375,97422.59375,4913000448
1732910400,97419.59375,97689.7890625,97113.4296875,97468.8125,365420544
1732924800,97486.3046875,97486.3046875,96395.296875,96662.0,342937600
1732939200,96677.71875,97252.25,96608.9453125,96815.0625,1178509312
1732953600,96819.734375,96996.4140625,96177.953125,96298.1953125,0
1732968000,96299.3046875,96766.375,96299.3046875,96726.078125,0
1732982400,96702.8203125,97087.703125,96577.546875,97068.0,0
1732996800,97073.40625,97095.96875,96382.1015625,96447.59375,21448704
1733011200,96475.828125,96691.0390625,95813.4765625,96366.0390625,1503078400
1733025600,96361.5859375,96539.1953125,96258.515625,96514.1328125,0
1733040000,96515.921875,97193.8203125,96505.71875,97172.453125,1443631104
1733054400,97174.7109375,97439.734375,96793.0859375,97087.5234375,1791985664
1733068800,97105.671875,97555.96875,97060.7109375,97239.4296875,1401980928
1733083200,97230.7109375,97856.2109375,96892.0625,97287.140625,2999670784
1733097600,97280.265625,98140.4453125,96540.296875,96634.703125,3082792960
1733112000,96555.3984375,96944.015625,95852.953125,96063.9765625,6207086592
1733126400,96038.1796875,96141.3828125,94862.109375,95172.4765625,6197166080
1733140800,95142.2421875,97262.6875,94877.0625,97200.3203125,8354979840
1733155200,97164.765625,97382.3515625,94620.703125,95824.2265625,11080556544
1733169600,95829.8671875,96324.7890625,95179.4765625,95851.265625,2182160384
1733184000,95855.9296875,96257.703125,95440.2890625,96093.3515625,241713152
1733198400,96095.375,96243.359375,95335.3828125,95633.7734375,42127360
1733212800,95581.234375,95676.4453125,94691.2890625,95027.1484375,319090688
1733227200,95004.8671875,96172.6640625,93645.6328125,95700.9921875,7749865472
1733241600,95707.1953125,96143.6484375,94945.3828125,95471.6015625,0
1733256000,95470.4765625,96192.7265625,95326.171875,95981.703125,1058283520
1733270400,95936.109375,96648.71875,95458.2421875,95838.09375,2325958656
1733284800,95841.546875,96753.6875,95804.53125,96632.0390625,820436992
1733299200,96662.9765625,97016.8984375,96258.8515625,96302.8671875,375578624
1733313600,96256.3203125,96561.046875,95496.921875,95806.6171875,290729984
1733328000,95837.6796875,97306.421875,94741.984375,97306.421875,3335258112
1733342400,97312.203125,99207.328125,97312.203125,98799.390625,13696155648
1733356800,98751.578125,103541.84375,98112.328125,103090.0390625,26883678208
1733371200,103041.3515625,103511.5625,101426.8984375,102357.421875,17204879360
1733385600,102296.4765625,103196.265625,102296.4765625,102693.484375,7030890496
1733400000,102643.1484375,103565.8828125,101170.765625,101507.0703125,8706088960
1733414400,101416.453125,102033.0625,98888.8203125,98968.9140625,6032179200
1733428800,99057.75,99540.625,94035.21875,97078.9765625,12339757056
1733443200,97060.8203125,98806.6484375,96546.453125,97721.8203125,3622731776
1733457600,97769.265625,98295.6328125,97439.90625,98179.0625,0
1733472000,98189.6953125,98742.0546875,97807.0390625,98163.0390625,471826432
1733486400,98253.5,99553.8828125,97694.265625,99218.0546875,1929732096
1733500800,99422.5625,101920.875,98915.796875,101604.4921875,3055263744
1733515200,101622.9296875,102029.0390625,99523.0390625,99899.7890625,0
1733529600,99869.9765625,100559.6953125,99450.8515625,99450.8515625,0
1733544000,99435.453125,99776.9296875,99142.0859375,99573.953125,0
1733558400,99532.890625,99912.625,99405.125,99749.3828125,0
1733572800,99729.9296875,99879.1015625,99188.0546875,99879.1015625,0
1733587200,99853.078125,100310.9140625,99554.6953125,100200.84375,0
1733601600,100174.3515625,100479.5625,99703.8515625,99914.65625,0
1733616000,99908.5390625,100404.9609375,99758.578125,100000.2265625,102068224
1733630400,100011.9296875,100079.2890625,99449.6171875,99755.3125,0
1733644800,99748.3671875,99840.6015625,98778.8203125,99768.34375,1257906176
1733659200,99763.9609375,100499.5625,99458.2265625,99958.7109375,2837925888
1733673600,99984.140625,100148.0390625,99562.8984375,99980.4765625,695373824
1733688000,100141.0859375,101352.5390625,99773.7265625,101237.0625,2194894848
1733702400,101212.4765625,101222.703125,98766.5625,99100.390625,7704076288
1733716800,99144.296875,99718.015625,98451.078125,99600.890625,5583265792
1733731200,99602.3828125,99681.15625,98021.9609375,98021.9609375,6349463552
1733745600,98059.2890625,100416.078125,97523.6171875,97894.140625,11494191104
1733760000,97789.3515625,98319.015625,96980.5390625,97000.0703125,11746443264
1733774400,96990.7109375,97496.484375,95042.921875,97441.234375,23777083392
1733788800,97391.328125,98115.53125,95795.140625,96785.578125,4738031616
1733803200,96962.1484375,97473.234375,96069.75,97210.4140625,2686722048
1733817600,97216.984375,97905.234375,97044.4296875,97868.921875,140959744
1733832000,97820.65625,98234.03125,95689.046875,95689.046875,1127399424
1733846400,95701.6171875,96407.015625,94383.078125,95926.375,9460391936
1733860800,95904.2265625,97238.9140625,95666.8984375,96656.0625,0
1733875200,96652.28125,97611.1171875,95796.8515625,97435.21875,520249344
1733889600,97408.84375,97807.3203125,97234.0078125,97404.828125,0
1733904000,97417.40625,98486.7578125,97381.1484375,98332.5703125,835346432
1733918400,98330.5078125,100731.921875,98141.890625,100446.09375,1886724096
1733932800,100462.5234375,101219.0390625,99747.3515625,101178.0546875,107102208
1733947200,101214.8515625,101899.515625,100977.875,101174.0,532529152
1733961600,101189.0859375,101819.7109375,100421.84375,100907.5078125,563527680
1733976000,101080.875,101221.34375,100483.296875,100515.8984375,661020672
1733990400,100514.171875,101089.984375,100240.3984375,100258.765625,65748992
1734004800,100360.34375,101814.75,100360.34375,101733.7109375,806658048
1734019200,101841.578125,102507.0390625,99368.0625,99453.1796875,892764160
1734033600,99504.2890625,100437.5,99504.2890625,100046.6484375,9707520
1734048000,100030.8515625,100330.3515625,99237.8828125,99761.953125,485474304
1734062400,99751.40625,100239.6640625,99556.109375,100239.6640625,922079232
1734076800,100171.4765625,100640.859375,99929.96875,100439.921875,117669888
1734091200,100378.1484375,101368.28125,99825.9140625,99829.96875,0
1734105600,99893.921875,101861.1640625,99893.921875,101535.578125,1718624256
1734120000,101523.453125,101864.828125,101138.0390625,101458.1484375,77598720
1734134400,101434.6171875,102602.75,101158.0,102116.703125,2135351296
1734148800,102086.7578125,102127.5859375,101625.25,101858.4296875,149590016
1734163200,101813.1953125,101840.8984375,101342.5546875,101573.109375,0
1734177600,101556.6875,101706.484375,100859.5546875,101604.9296875,779816960
1734192000,101610.8828125,101683.8984375,100837.2421875,101299.34375,0
1734206400,101315.875,101425.4453125,100664.5390625,101373.53125,0
1734220800,101393.6796875,102124.21875,101227.953125,101733.4765625,0
1734235200,101697.9375,102731.3046875,101539.265625,101703.4609375,1885855744
1734249600,101718.0390625,102617.5390625,101621.828125,102617.5390625,1000062976
1734264000,102632.953125,103234.046875,102441.53125,102737.53125,3988680704
1734278400,102679.0859375,103366.15625,102579.9609375,103219.859375,1134481408
1734292800,103212.765625,104971.7265625,102640.2265625,104318.0234375,8540037120
1734307200,104447.6640625,106408.8828125,104311.125,104537.1875,12229705728
1734321600,104537.8984375,105321.7421875,104453.6328125,104953.828125,1608638464
1734336000,104958.6015625,104958.6015625,103622.84375,103686.0625,3635306496
1734350400,103720.0859375,106435.7421875,103377.9453125,106309.84375,9566654464
1734364800,106331.2421875,107756.8359375,105897.15625,106599.1875,16740319232
1734379200,106600.90625,106647.9296875,105506.1015625,106030.6875,3712565248
1734393600,106052.015625,106923.578125,105761.453125,106841.9296875,0
1734408000,106864.03125,107062.703125,106374.421875,106803.796875,432644096
1734422400,106808.8125,107473.6953125,106767.625,106873.1171875,794214400
1734436800,106800.5234375,108240.0859375,105803.125,106493.2890625,300335104
1734451200,106465.0625,107625.15625,106188.7578125,106493.6875,0
1734465600,106472.3984375,106862.28125,105340.671875,106131.6640625,1540820992
1734480000,106145.015625,106449.8125,104600.65625,104799.59375,3159265280
1734494400,104737.1875,104737.1875,103258.109375,104276.6484375,8394285056
1734508800,104231.7265625,104956.8515625,103720.09375,104956.8515625,62857216
1734523200,104977.9453125,105294.5234375,103696.8046875,104429.9375,546086912
1734537600,104392.1328125,104921.2890625,102911.7734375,102911.7734375,3314745344
1734552000,102733.0234375,102757.7734375,100104.4765625,100161.5,18618826752
1734566400,100150.28125,101190.8046875,98963.015625,101162.640625,7836647424
1734580800,101123.125,101666.0390625,100619.8515625,101643.8046875,0
1734595200,101596.8046875,102525.234375,101343.8359375,102382.0,1383219200
1734609600,102375.171875,102715.203125,99479.625,100578.984375,3061776384
1734624000,100585.6953125,101038.1015625,96212.703125,97021.625,9851969536
1734638400,97085.2421875,98281.7734375,95612.7265625,97484.6953125,7938048
1734652800,97406.453125,97678.0859375,95914.375,97039.3984375,523427840
1734667200,97017.828125,98017.5,96330.890625,97652.21875,4218232832
1734681600,97718.4921875,97718.4921875,92627.7734375,92832.4453125,14956265472
1734696000,92572.828125,97390.53125,92265.328125,97001.703125,11937775616
1734710400,96928.8984375,97716.7109375,96423.71875,97161.421875,419438592
1734724800,97084.1015625,97755.9609375,95494.9140625,97755.9609375,0
1734739200,97768.9921875,97787.0859375,97171.515625,97390.9140625,0
1734753600,97409.890625,99485.9921875,97358.6328125,99128.1328125,171188224
1734768000,98987.84375,99103.5078125,97791.3671875,98256.2578125,0
1734782400,98232.2890625,98232.2890625,96469.4765625,97483.1484375,0
1734796800,97477.1328125,97655.6171875,96806.3046875,97210.1171875,0
1734811200,97211.8046875,97962.5859375,96597.609375,97218.3203125,0
1734825600,97225.8359375,97358.1484375,96535.1015625,96900.40625,413405184
1734840000,96917.09375,96949.6328125,95852.7109375,96071.203125,519983104
1734854400,96112.3125,97240.0625,96112.3125,97111.1953125,0
1734868800,97035.484375,97187.4765625,95087.484375,95317.765625,1318789120
1734883200,95303.1171875,96351.1015625,94692.0234375,94692.0234375,729169920
1734897600,94712.4296875,95637.2734375,94245.84375,95099.390625,1857298432
1734912000,95092.5703125,95884.3203125,93712.5859375,95884.3203125,5307650048
1734926400,95901.3515625,96392.328125,94673.15625,95319.125,1748439040
1734940800,95310.0625,96390.03125,94996.6171875,95803.390625,2771828736
1734955200,95811.0,96275.4375,93052.265625,93052.265625,4772745216
1734969600,93125.703125,94082.7421875,92625.1875,92888.640625,4648050688
1734984000,92896.0390625,95349.765625,92403.1328125,94687.7734375,3195146240
1734998400,94759.3671875,94759.3671875,93468.6875,94194.875,0
1735012800,94217.875,94497.0390625,93705.3125,94101.375,0
1735027200,94088.2890625,94478.859375,93744.453125,94242.5625,0
1735041600,94260.9921875,98112.765625,93952.3671875,98102.625,298553344
1735056000,98188.8828125,99315.15625,97612.7421875,97628.2578125,169598976
1735070400,97569.4375,98988.1328125,97247.1640625,98706.6796875,0
1735084800,98623.5078125,98754.1328125,97723.3671875,97958.640625,0
1735099200,97970.984375,98471.3515625,97809.2734375,98004.6328125,0
1735113600,98017.0546875,99201.5,97888.0,97980.21875,1722335232
1735128000,97829.75,98728.8828125,97622.9921875,98487.390625,1646743552
1735142400,98435.8671875,99165.9453125,98055.984375,98944.25,0
1735156800,98932.59375,99475.421875,98341.46875,99297.6953125,812787712
1735171200,99376.0,99800.578125,98497.9921875,98912.0390625,2237306880
1735185600,98883.484375,98883.484375,97715.359375,97768.8984375,1562169344
1735200000,97700.6328125,97700.6328125,95171.5703125,95585.2265625,4825853952
1735214400,95572.890625,96147.3125,95204.71875,95962.5859375,3563098112
1735228800,95953.59375,96503.671875,95368.453125,96027.9375,2872188928
1735243200,96005.1640625,96005.1640625,95261.2265625,95698.515625,347729920
1735257600,95652.4609375,96293.9609375,95304.453125,96258.8515625,349515776
1735272000,96295.2109375,96447.8203125,94664.0859375,94899.265625,1907318784
1735286400,94996.265625,97144.59375,94996.265625,96820.0234375,1222471680
1735300800,96815.9765625,96891.7734375,93907.875,94421.140625,2296983552
1735315200,94400.9453125,94825.8046875,93342.5546875,94574.625,3281895424
1735329600,94603.8828125,94653.078125,94013.9453125,94158.8984375,333414400
1735344000,94159.828125,94534.5859375,94027.4140625,94440.6015625,0
1735358400,94445.546875,94629.34375,94152.1953125,94224.5,0
1735372800,94207.671875,94690.75,94174.59375,94609.9140625,0
1735387200,94610.453125,95114.0859375,94241.2578125,94241.2578125,0
1735401600,94265.9140625,95065.984375,94265.9140625,94848.0625,0
1735416000,94859.75,95362.5625,94712.3203125,95204.7578125,0
1735430400,95143.1171875,95143.1171875,94701.890625,95004.1953125,0
1735444800,95003.4921875,95101.2109375,94832.71875,95092.484375,31410176
1735459200,95095.3125,95097.3828125,94883.390625,94883.390625,0
1735473600,94895.8359375,95059.7890625,93973.5234375,94436.5625,845209600
1735488000,94380.9375,94380.9375,93274.234375,93458.6640625,2554767360
1735502400,93460.453125,93711.140625,92897.875,93527.1953125,3906279424
1735516800,93508.3671875,93961.0859375,93226.625,93487.3125,3545604096
1735531200,93513.4375,93794.4921875,93056.9921875,93569.6171875,2694776832
1735545600,93555.703125,93876.4375,93329.2265625,93741.4921875,1931988992
1735560000,93744.984375,94074.703125,91347.03125,91911.453125,9241718784
1735574400,91888.140625,94568.2890625,91679.8828125,94291.046875,6483324928
1735588800,94318.7265625,94835.9375,91788.6171875,92642.40625,3497336832
1735603200,92619.421875,92693.5078125,91921.265625,92352.6171875,94867456
1735617600,92360.1796875,92866.609375,92232.0546875,92738.1796875,0
1735632000,92728.0,94427.6015625,92727.921875,94083.5078125,2938191872
1735646400,94117.2734375,96059.265625,94117.2734375,95301.5078125,1073721344
1735660800,95315.21875,95399.734375,93282.28125,93972.9921875,0
1735675200,93996.1796875,94036.4921875,93254.0625,93425.1015625,0
1735689600,93396.03125,94256.0546875,93312.703125,93614.7421875,0
1735704000,93632.890625,93665.9140625,93356.2421875,93509.3203125,0
1735718400,93491.0,93547.2734375,92849.7265625,93267.125,266563584
1735732800,93265.0078125,94225.3203125,93230.3046875,94211.0625,0
1735747200,94212.1875,94588.5234375,93603.5625,94427.8828125,0
1735761600,94426.140625,94924.4296875,94395.4921875,94416.2890625,248084480
1735776000,94390.2734375,95289.4765625,94282.609375,94851.8125,2865977344
1735790400,94841.3828125,95824.390625,94841.3828125,95696.8125,2844340224
1735804800,95693.1171875,96741.953125,95525.96875,96619.8828125,2825510912
1735819200,96624.1953125,96788.125,96163.1875,96414.7265625,6803892224
1735833600,96379.828125,97624.875,96083.0234375,97246.359375,6006525952
1735848000,97223.734375,97721.2265625,96660.859375,96876.2421875,684269568
1735862400,96890.0078125,97193.296875,96573.2265625,96948.3515625,0
1735876800,96971.703125,96971.703125,96247.84375,96270.5703125,154279936
1735891200,96253.109375,96736.3671875,96042.515625,96720.28125,0
1735905600,96688.0703125,97528.328125,96429.7109375,97528.328125,0
1735920000,97465.0859375,98917.234375,97381.0703125,98535.625,289013760
1735934400,98571.3359375,98727.5703125,98047.40625,98116.234375,247140352
1735948800,98167.5703125,98265.53125,97812.8671875,98197.2578125,902184960
1735963200,98143.5078125,98274.1640625,97858.0078125,98209.8671875,0
1735977600,98222.953125,98247.875,97606.8515625,97864.296875,0
1735992000,97852.328125,98129.1015625,97587.78125,97659.484375,0
1736006400,97653.953125,98322.453125,97582.9453125,98186.703125,0
1736020800,98161.5703125,98725.25,98161.5703125,98236.7421875,0
1736035200,98211.265625,98333.8203125,98028.421875,98134.3046875,0
1736049600,98143.984375,98475.875,98143.984375,98270.0625,0
1736064000,98272.9296875,98272.9296875,97567.8359375,97628.15625,369219584
1736078400,97615.5703125,98177.3671875,97329.0546875,98006.1484375,686024704
1736092800,98006.1796875,98246.390625,97595.578125,98029.2578125,284891136
1736107200,98077.8203125,98796.5078125,98000.078125,98319.6640625,859238400
1736121600,98336.0390625,99229.3984375,97959.1953125,99005.15625,4298203136
1736136000,99141.640625,99849.1171875,99141.640625,99292.6171875,3663509504
1736150400,99288.0,99538.5703125,98717.2265625,99218.109375,1765122048
1736164800,99254.328125,102408.3984375,98775.3515625,102174.2265625,10858786816
1736179200,102136.3203125,102464.4375,101394.265625,101854.2421875,7993462784
1736193600,101976.96875,102356.6875,101639.0625,102255.21875,2720903168
1736208000,102247.3359375,102674.328125,101592.6953125,101742.0390625,691826688
1736222400,101769.0546875,102014.3046875,101649.6484375,101686.375,0
1736236800,101712.2734375,101966.5390625,100501.9765625,100897.8203125,1055289344
1736251200,100831.9921875,100926.84375,97473.9140625,97960.390625,4830806016
1736265600,97914.8671875,98232.96875,96370.53125,96496.671875,3781046272
1736280000,96411.046875,97157.296875,96162.7109375,96936.1875,2801672192
1736294400,96938.7734375,97247.40625,96250.2421875,96480.5703125,1881100288
1736308800,96508.4296875,96599.8125,95263.8125,95692.390625,5402730496
1736323200,95644.8359375,96082.1875,94632.4609375,95161.71875,1412325376
1736337600,95100.9375,95889.078125,94706.8046875,95359.8984375,2730790912
1736352000,95453.0,95453.0,92822.0234375,94258.359375,3891982336
1736366400,94219.859375,95240.296875,93718.109375,95043.484375,145629184
1736380800,95038.078125,95314.75,93625.15625,94026.609375,2434740224
1736395200,93990.734375,94544.5,93217.7265625,93219.71875,0
1736409600,93208.5546875,93719.9765625,92812.9453125,93409.7109375,2424299520
1736424000,93415.1328125,94380.671875,91826.828125,94250.75,1765072896
1736438400,94207.0234375,94547.3515625,92068.375,92068.375,0
1736452800,91937.265625,92666.2734375,91232.859375,92480.140625,4983820288
1736467200,92529.9921875,93696.375,92495.1875,93696.375,773779456
1736481600,93701.765625,94949.25,93512.5859375,94527.296875,1194770432
1736496000,94487.6875,95227.5546875,94444.953125,94957.3984375,0
1736510400,95047.5390625,95096.15625,92371.84375,93852.59375,5399097344
1736524800,93726.09375,95750.3828125,93216.0,95342.2734375,3928096768
1736539200,95313.6875,95368.078125,94615.3046875,94701.453125,0
1736553600,94694.875,94695.6171875,94107.7578125,94167.421875,0
1736568000,94175.078125,94401.5,93844.4375,94189.1875,0
1736582400,94218.4609375,94733.578125,94031.328125,94586.984375,0
1736596800,94603.3125,94603.3125,94296.890625,94373.1640625,0
1736611200,94382.6796875,94659.59375,93990.078125,94193.1171875,0
1736625600,94194.21875,94933.2890625,94164.890625,94555.1484375,115695616
1736640000,94567.640625,94630.3125,94285.09375,94566.0546875,0
1736654400,94583.890625,94592.8984375,94261.8515625,94265.03125,0
1736668800,94270.2109375,94334.1328125,93743.234375,94231.125,700805120
1736683200,94214.78125,95290.3515625,94133.6796875,95017.2109375,1918482432
1736697600,95054.9296875,95226.84375,94552.078125,94604.1640625,582578176
1736712000,94603.0078125,94733.671875,93780.71875,94488.890625,1131071488
1736726400,94489.796875,95805.546875,93920.75,94130.3671875,5215418368
1736740800,94176.109375,94814.1875,93287.0,93547.8828125,3734040576
1736755200,93506.6640625,93548.65625,90814.328125,90930.453125,9323808768
1736769600,90768.453125,92997.1875,89260.1015625,92209.2890625,18833432576
1736784000,92113.4140625,92396.3828125,91279.7109375,92248.5,8874614784
1736798400,92259.9296875,94611.2734375,91918.65625,94519.0078125,6332473344
1736812800,94510.078125,95214.25,94330.8203125,94827.8046875,85393408
1736827200,94885.4921875,95406.546875,94737.8984375,94863.59375,220610560
1736841600,94863.46875,97346.2265625,94863.46875,96520.75,2509725696
1736856000,96594.6484375,97169.3828125,95747.078125,96567.3984375,0
1736870400,96441.71875,97049.7421875,95354.875,96489.5234375,0
1736884800,96415.9921875,96853.6015625,96216.0,96539.6796875,0
1736899200,96552.5234375,97411.421875,96511.7109375,97264.4765625,655085568
1736913600,97275.2109375,97637.9140625,96760.703125,97255.40625,999010304
1736928000,97253.6875,97460.6328125,96510.015625,96696.9609375,0
1736942400,96717.59375,99727.078125,96515.9765625,99209.421875,5398740992
1736956800,99003.4375,99916.1484375,98652.546875,99854.84375,530370560
1736971200,99863.65625,100673.015625,99509.8125,100507.03125,3276881920
1736985600,100500.3515625,100739.640625,99221.2890625,99471.203125,1506557952
1737000000,99460.4453125,99810.3984375,99355.1328125,99728.875,366731264
1737014400,99747.8125,99755.09375,98660.96875,99184.4375,1459904512
1737028800,99097.1796875,99434.09375,97421.203125,99146.984375,483770368
1737043200,99199.578125,100412.46875,99123.0859375,100412.46875,2332360704
1737057600,100404.1953125,100600.796875,99391.8046875,99999.5703125,139485184
1737072000,99981.2734375,102036.5859375,99949.6953125,101007.3984375,4697174016
1737086400,100998.5234375,101761.8125,100936.578125,101450.9375,2361348096
1737100800,101526.3515625,102499.046875,101515.6015625,102235.3359375,2913447936
1737115200,102229.25,104241.9296875,102205.6328125,103926.4375,3033911296
1737129600,103984.296875,105844.7578125,103921.1953125,105844.7578125,5717450752
1737144000,105841.6328125,105848.5,104124.953125,104124.953125,2428518400
1737158400,104114.4140625,104628.7734375,103278.28125,103564.0078125,824365056
1737172800,103502.1953125,103690.7109375,102592.2109375,102774.015625,2959351808
1737187200,102736.6328125,103760.3125,102263.453125,103525.5859375,579932160
1737201600,103540.3359375,104885.96875,103132.703125,104723.6953125,0
1737216000,104543.6328125,104618.0625,103120.921875,104281.59375,0
1737230400,104312.3828125,104559.734375,103710.59375,104410.7421875,404025344
1737244800,104428.34375,105290.671875,103921.40625,104940.7578125,1261662208
1737259200,104856.4921875,105446.453125,104200.40625,105045.5390625,331268096
1737273600,104995.7265625,105218.6953125,103405.140625,104220.9375,5393494016
1737288000,104233.5703125,105376.7890625,104220.4375,104767.3359375,4166328320
1737302400,104715.71875,105955.203125,104399.8984375,105955.203125,402513920
1737316800,106037.59375,106227.5,99622.890625,101083.75,19511042048
1737331200,100853.953125,101990.90625,99651.46875,101674.65625,13924163584
1737345600,101765.4765625,109110.390625,101495.8515625,107023.7890625,18829811712
1737360000,107042.421875,108969.9765625,107042.421875,108097.4375,2032574464
1737374400,108146.6875,108499.40625,104628.484375,104849.1015625,5908889600
1737388800,104951.78125,106671.5390625,100768.6328125,103685.234375,26634313728
1737403200,103596.734375,104139.1796875,101684.484375,102052.578125,22814720
1737417600,102130.6484375,103027.453125,100103.953125,102892.5703125,1032503296
1737432000,102823.25,102823.25,101137.6328125,101834.875,72712192
1737446400,101882.546875,103838.5703125,101719.3203125,103665.421875,615112704
1737460800,103671.9453125,105042.1953125,102822.71875,103862.4765625,1202520064
1737475200,103813.890625,107156.8828125,103813.890625,107096.109375,678281216
1737489600,107044.3515625,107098.890625,105511.453125,106136.3828125,1492803584
1737504000,106153.734375,106294.34375,105498.109375,105647.3984375,0
1737518400,105607.78125,105904.421875,105078.0625,105113.1484375,0
1737532800,105088.171875,105392.8515625,104694.40625,105291.171875,187580416
1737547200,105040.6875,105544.875,103691.5859375,104398.2265625,0
1737561600,104297.1015625,104696.6328125,103370.234375,104611.3359375,0
1737576000,104514.5078125,104754.25,103654.1171875,103670.3125,0
1737590400,103654.8125,103724.546875,102079.8984375,102320.21875,2343981056
1737604800,102379.7421875,102837.328125,101534.4140625,102654.4921875,4121640960
1737619200,102539.2890625,102587.40625,101259.078125,101931.96875,3069485056
1737633600,101927.0859375,105870.7421875,101321.1015625,105050.21875,15009243136
1737648000,105197.0078125,106737.7109375,103524.671875,103811.0,7908851712
1737662400,103785.2890625,106213.1875,102523.4921875,103956.5234375,18009939968
1737676800,103925.5625,104179.2890625,102816.359375,103895.8359375,1181835264
1737691200,103895.1484375,105237.140625,103810.3046875,105000.6796875,0
1737705600,105111.8359375,105736.1796875,104932.546875,105441.671875,0
1737720000,105452.21875,106137.015625,104819.109375,105906.8984375,0
1737734400,105879.5,107057.9140625,105673.4453125,105853.03125,435208192
1737748800,105800.1953125,105800.1953125,104470.03125,104819.484375,0
1737763200,104839.46875,105169.0,104402.9140625,105169.0,0
1737777600,105142.84375,105142.84375,104193.8515625,104345.328125,0
1737792000,104343.359375,104666.4375,104130.703125,104650.4921875,0
1737806400,104615.3359375,105023.1484375,104448.8046875,104913.484375,0
1737820800,104904.8359375,105232.34375,104484.2890625,105052.140625,0
1737835200,105052.140625,105217.6484375,104684.4140625,104696.203125,0
1737849600,104720.7578125,105176.078125,104512.65625,104985.0859375,0
1737864000,105029.0625,105360.6875,104919.0234375,104971.078125,82051072
1737878400,104969.0703125,105144.53125,104445.6328125,104809.2421875,444450816
1737892800,104800.4765625,105036.640625,104692.078125,104976.484375,11986944
1737907200,104976.28125,105227.3046875,104895.1171875,105065.9296875,0
1737921600,105071.9375,105165.3125,102545.53125,102682.5,4381542400
1737936000,102614.0078125,103186.03125,100836.75,101343.9296875,11290957824
1737950400,101348.5703125,101348.5703125,97906.9765625,99010.265625,15046203392
1737964800,99024.9453125,99432.1484375,98272.921875,98816.921875,9139036160
1737979200,98776.7265625,102267.6953125,98776.7265625,101333.484375,16751919104
1737993600,101128.15625,101205.9921875,99005.7421875,99603.0390625,10636337152
1738008000,99674.4453125,102251.3984375,99643.859375,102092.171875,6556155904
1738022400,102097.46875,102789.421875,101363.5625,102624.1640625,0
1738036800,102623.421875,103339.625,102553.1328125,102731.328125,0
1738051200,102779.3125,103144.3359375,102456.7734375,102774.9609375,0
1738065600,102719.1640625,103730.8203125,101884.0,102661.8203125,0
1738080000,102778.9609375,103087.5546875,101859.1171875,102446.234375,0
1738094400,102416.5859375,102456.09375,100265.703125,101327.4140625,680923136
1738108800,101287.8359375,102209.0390625,101287.8359375,102027.8515625,0
1738123200,102021.9296875,102772.4765625,101959.890625,102663.0546875,175525888
1738137600,102699.46875,102928.484375,102192.7265625,102541.5,41369600
1738152000,102586.8671875,102733.671875,101596.1328125,101957.0625,1676107776
1738166400,101931.6484375,103777.2734375,101499.03125,103615.125,5004869632
1738180800,103340.2109375,104730.4375,102921.9921875,103736.0078125,4862369792
1738195200,103718.0546875,105262.390625,103425.5546875,105099.7421875,3515121664
1738209600,105210.359375,105579.8046875,104828.6015625,105124.4609375,1975185408
1738224000,105232.0703125,105515.9296875,104947.046875,105330.8515625,0
1738238400,105322.1796875,106281.8984375,104707.40625,105574.7890625,3293106176
1738252800,105614.7890625,105975.7421875,104794.6875,105766.171875,650043392
1738267200,105749.328125,105807.375,104739.0546875,104739.0546875,0
1738281600,104758.4609375,104992.7109375,103973.2734375,104320.0078125,0
1738296000,104321.0234375,104775.734375,103997.4765625,104223.8828125,79560704
1738310400,104195.2109375,104791.0625,103925.125,104751.8515625,560488448
1738324800,104689.2109375,105863.7734375,104161.5234375,105502.8203125,300773376
1738339200,105451.9296875,105549.84375,102145.8984375,102305.5234375,5284474880
1738353600,102185.984375,102451.7734375,101566.3203125,102404.5,3851710464
1738368000,102405.390625,102754.0546875,102246.7734375,102246.7734375,131158016
1738382400,102225.9609375,102553.7734375,102166.9921875,102166.9921875,0
1738396800,102155.8828125,102252.546875,101497.71875,101978.8359375,377679872
1738411200,101995.71875,102281.6171875,101724.109375,102069.8046875,0
1738425600,102070.71875,102263.8515625,101470.0234375,101632.171875,0
1738440000,101654.234375,101654.234375,100309.859375,100661.5390625,1431670784
1738454400,100624.8984375,101399.921875,99195.28125,99195.28125,4099500032
1738468800,99199.71875,100459.2421875,99094.8359375,99687.96875,4148809728
1738483200,99624.7578125,100053.65625,98679.0703125,98986.8515625,2474196992
1738497600,98823.0234375,99388.984375,98153.0078125,99272.9921875,5217730560
1738512000,99314.421875,99314.421875,96819.53125,98197.5546875,13175595008
1738526400,98215.2578125,98559.2578125,96308.921875,97671.8515625,6563868672
1738540800,97663.9140625,97663.9140625,91496.1953125,94098.046875,29740949504
1738555200,94101.78125,95472.046875,92791.640625,95407.0234375,5747712000
1738569600,95419.5703125,95999.6484375,94924.1796875,95160.6953125,3888660480
1738584000,95193.9140625,99510.4453125,94267.5390625,99271.7109375,13192069120
1738598400,99054.5859375,102005.890625,98200.7421875,102005.890625,3429662720
1738612800,102005.03125,102514.171875,101078.46875,101394.4375,2189524992
1738627200,101469.5859375,101731.59375,100641.296875,100684.984375,0
1738641600,100702.375,100796.2734375,98382.7578125,98556.3359375,1118322688
1738656000,98488.5703125,99414.109375,97963.3046875,99059.7890625,227082240
1738670400,99037.421875,100343.1796875,98596.046875,99442.078125,0
1738684800,99416.734375,100737.46875,98856.34375,99188.7109375,0
1738699200,99040.7109375,99211.3125,96223.234375,97844.0703125,4382146560
1738713600,97807.84375,98933.5703125,97251.8046875,98079.8203125,977043456
1738728000,98064.625,98313.703125,97436.5703125,97920.8046875,340377600
1738742400,97909.1875,98242.7265625,97317.171875,98232.234375,686034944
1738756800,98229.9921875,99081.859375,97850.4609375,98071.8671875,1103978496
1738771200,98123.1328125,98237.125,96527.2890625,97390.765625,277663744
1738785600,97375.21875,97711.953125,96184.8984375,96619.3203125,492777472
1738800000,96547.3203125,97475.890625,96517.765625,97363.1875,162570240
1738814400,97351.6328125,98425.375,97299.1484375,98219.3046875,512249856
1738828800,98222.0546875,99168.609375,98042.796875,98930.5078125,951328768
1738843200,98975.9375,99036.609375,97013.6953125,97276.6875,2514169856
1738857600,97320.578125,97549.1171875,95792.171875,96043.4453125,1909035008
1738872000,95927.078125,97057.59375,95927.078125,96583.5390625,110886912
1738886400,96647.3515625,97735.828125,96428.53125,97454.28125,3475570688
1738900800,97450.8359375,97845.8046875,96636.375,96743.6484375,795262976
1738915200,96763.5625,97773.578125,96672.3203125,97755.171875,1268408320
1738929600,97779.1953125,100153.921875,97532.65625,98169.3828125,4197371904
1738944000,98303.5234375,98388.1484375,96937.8046875,96981.5546875,4815003648
1738958400,96932.625,96932.625,95713.8828125,96533.2578125,4395241472
1738972800,96541.4921875,96871.734375,96442.3671875,96728.46875,512790528
1738987200,96724.234375,96724.234375,95834.046875,96238.3984375,1381142528
1739001600,96262.203125,96277.640625,95880.1640625,96086.25,0
1739016000,96128.2109375,96419.96875,95716.0390625,95823.4296875,370393088
1739030400,95820.09375,96723.6484375,95774.4765625,96567.375,0
1739044800,96587.84375,96711.484375,96387.6328125,96504.9609375,0
1739059200,96473.75,97268.8125,96422.140625,97245.0390625,629530624
1739073600,97293.0546875,97318.9140625,96848.3203125,97082.8046875,483168256
1739088000,97265.6796875,97265.6796875,96664.1171875,96664.265625,2141378560
1739102400,96544.2265625,96716.90625,95814.5078125,96479.4609375,1227458560
1739116800,96495.6953125,96568.46875,95938.125,96072.5234375,6283264
1739131200,96109.4453125,96694.1953125,94780.5,96499.4609375,5377757184
1739145600,96488.453125,97098.9765625,95400.0,96770.8515625,5562968064
1739160000,96793.296875,97586.2890625,96675.1953125,97453.515625,4187588608
1739174400,97463.9140625,97948.1484375,97403.2109375,97691.328125,2829594624
1739188800,97720.875,98311.4140625,96928.2109375,97230.6640625,3030953984
1739203200,97250.359375,97626.78125,96950.765625,97417.1875,3310895104
1739217600,97407.1171875,97518.0390625,97181.8984375,97451.40625,149438464
1739232000,97443.0859375,98107.140625,97443.0859375,97622.28125,0
1739246400,97627.265625,98470.7421875,97588.328125,98307.6328125,369741824
1739260800,98298.1796875,98327.3671875,97927.4296875,98164.1640625,372322304
1739275200,98163.703125,98163.703125,96673.2109375,97030.46875,1078931456
1739289600,97016.03125,97037.6484375,94893.171875,95099.53125,2806411264
1739304000,95061.90625,96470.1875,94985.9453125,95745.6953125,3533750272
1739318400,95756.109375,96206.3828125,95125.9296875,95355.5078125,1016594432
1739332800,95281.578125,96148.9140625,95281.578125,96051.9765625,1238249472
1739347200,96060.2734375,96433.6484375,95923.6875,96065.9375,542199808
1739361600,96087.8203125,96564.8828125,94145.7890625,95778.6875,8822501376
1739376000,95799.2890625,97613.5546875,95154.46875,97193.6484375,3808825344
1739390400,97200.71875,98079.484375,96900.4375,97876.3671875,3079000064
1739404800,97867.46875,98086.703125,97426.03125,97502.5390625,0
1739419200,97514.9375,97533.6171875,95817.078125,96034.5625,2272342016
1739433600,96078.6015625,96332.078125,95691.6328125,95910.921875,563904512
1739448000,95925.2265625,96436.78125,95463.8984375,95925.8671875,511164416
1739462400,95917.484375,96338.9609375,95294.9765625,95656.7265625,2053320704
1739476800,95631.8046875,96758.71875,95631.8046875,96623.3671875,0
1739491200,96619.46875,97163.3828125,96410.453125,97135.3046875,174026752
1739505600,97128.875,97196.390625,96606.828125,96987.0625,251568128
1739520000,96959.125,97190.4609375,96819.8828125,96908.1484375,616976384
1739534400,96899.21875,97576.1171875,96385.234375,96957.0390625,403288064
1739548800,96946.6328125,98803.4921875,96585.59375,97927.0,3848798208
1739563200,97971.6640625,98237.5625,96774.5703125,97503.7109375,2233671680
1739577600,97502.3671875,97967.2734375,97277.6484375,97699.7265625,655785984
1739592000,97697.5234375,97783.59375,97390.5625,97391.671875,0
1739606400,97380.78125,97724.453125,97333.7890625,97623.078125,1071116288
1739620800,97625.125,97909.6171875,97484.6796875,97640.9921875,0
1739635200,97641.4921875,97704.515625,97353.421875,97574.125,0
1739649600,97562.640625,97743.703125,97450.7578125,97580.4921875,535868416
1739664000,97586.359375,97717.9140625,97472.5234375,97558.046875,645299200
1739678400,97559.0078125,97648.3515625,97234.515625,97243.625,600890368
1739692800,97258.953125,97375.765625,97086.625,97338.5703125,2070677504
1739707200,97343.0,97343.0,96696.9609375,96984.8046875,1186149376
1739721600,96951.65625,97154.7265625,96772.15625,97065.0078125,1290348544
1739736000,97068.1953125,97208.984375,96069.96875,96179.0078125,1874987008
1739750400,96092.5078125,96586.1484375,96092.5078125,96230.0546875,1500612608
1739764800,96217.7578125,96431.6875,95865.640625,96078.15625,2380959744
1739779200,96080.671875,96387.421875,95973.2890625,96065.359375,1733613568
1739793600,96058.3671875,96990.8515625,95600.3515625,95600.3515625,2391562240
1739808000,95675.4765625,95936.0546875,95243.546875,95568.09375,4681609216
1739822400,95554.03125,96403.34375,95539.1171875,95774.1015625,510373888
1739836800,95839.125,96311.9375,95567.7734375,96192.21875,1231630336
1739851200,96186.234375,96287.5390625,95293.2734375,95475.21875,2399936512
1739865600,95446.0234375,95839.5625,95146.3125,95607.7265625,763244544
1739880000,95620.4140625,96695.375,95292.8203125,95501.640625,1484582912
1739894400,95513.6640625,95576.09375,93410.84375,94083.1953125,4827549696
1739908800,93985.1484375,95534.8125,93739.703125,95534.8125,3737274368
1739923200,95607.8671875,95891.9140625,95015.7109375,95655.0078125,1654607872
1739937600,95715.203125,95790.3359375,95030.28125,95731.9609375,1713623040
1739952000,95648.7109375,96396.5625,95605.9296875,96359.7890625,1575497728
1739966400,96391.0078125,96686.515625,95603.1328125,95955.5859375,202031104
1739980800,95929.3046875,96461.5390625,95469.34375,96116.8984375,134600704
1739995200,96173.3203125,96820.328125,96053.90625,96632.6796875,601972736
1740009600,96624.4140625,97317.1796875,96447.5,97083.515625,2226794496
1740024000,97067.046875,97326.8125,96816.453125,96971.84375,430954496
1740038400,96874.21875,97372.9765625,96821.203125,97206.3984375,660498432
1740052800,97204.3125,98037.09375,96900.9296875,96919.6640625,2256951296
1740067200,96908.984375,98516.453125,96908.984375,98443.15625,2988580864
1740081600,98457.296875,98744.1484375,98062.7890625,98337.09375,1277388800
1740096000,98338.84375,98513.1875,98139.4453125,98177.390625,662081536
1740110400,98172.65625,98605.90625,98172.65625,98206.9453125,286978048
1740124800,98219.5,98903.5859375,98173.75,98658.140625,2449139712
1740139200,98656.6953125,99473.7265625,97269.3359375,98071.1015625,6339581952
1740153600,98107.578125,98756.734375,95240.9375,95375.4140625,8595996672
1740168000,95265.703125,96148.875,94918.8359375,96121.2109375,4258566144
1740182400,96117.0703125,96458.5078125,95781.3203125,96290.859375,295985152
1740196800,96291.625,96570.6640625,96291.625,96344.3828125,0
1740211200,96297.8046875,96599.1015625,96136.5625,96590.453125,500469760
1740225600,96591.28125,96893.484375,96509.1015625,96638.5390625,0
1740240000,96610.8046875,96787.90625,96383.890625,96627.0703125,0
1740254400,96625.40625,96700.234375,96534.984375,96577.8046875,715755520
1740268800,96571.046875,96657.171875,96421.8359375,96453.9375,986496000
1740283200,96440.796875,96580.109375,96192.765625,96557.984375,52574208
1740297600,96558.4375,96561.6640625,96120.1953125,96135.6328125,236633088
1740312000,96124.6640625,96143.1171875,95469.6484375,95469.6484375,279678976
1740326400,95450.5625,95879.8671875,95280.578125,95751.15625,595776512
1740340800,95772.375,96304.7265625,95572.515625,96277.9609375,1679082496
1740355200,96267.8515625,96476.515625,95332.796875,95527.703125,3384119296
1740369600,95478.3125,95948.5859375,95125.3828125,95889.6796875,3005706240
1740384000,95898.1953125,96150.0703125,95415.5859375,95831.7265625,2486972416
1740398400,95827.7578125,96062.9375,93901.578125,94246.828125,6316718080
1740412800,94301.5703125,95150.75,93743.8671875,93894.8671875,4823693312
1740427200,93889.203125,94515.7265625,91393.390625,91425.1484375,8582311936
1740441600,91496.140625,92498.59375,91029.2265625,92197.296875,7098433536
1740456000,92152.765625,92294.921875,88355.9453125,89398.484375,8991948800
1740470400,89266.65625,89958.46875,87190.7734375,89198.6328125,15697670144
1740484800,89198.71875,89463.6484375,86138.2734375,87301.0390625,8377131008
1740499200,87007.546875,87924.3828125,86128.4375,87863.0859375,6086860800
1740513600,87816.71875,89344.90625,87594.2734375,88638.890625,4515348480
1740528000,88491.3359375,89260.65625,88054.53125,88822.1015625,133988352
1740542400,88797.0390625,89089.84375,88345.0234375,88659.96875,2232434688
1740556800,88641.875,89222.5390625,88178.828125,88611.8515625,0
1740571200,88550.4609375,88573.2265625,85422.9375,87413.8359375,1632796672
1740585600,87454.171875,87614.5078125,83683.5703125,83755.3671875,8962310144
1740600000,83783.140625,85122.9375,82242.9921875,84070.8515625,5880139776
1740614400,84136.3046875,85265.8984375,83977.671875,85164.9921875,6328074240
1740628800,85134.2265625,86478.65625,84637.1875,86256.140625,1738457088
1740643200,86210.6171875,86939.5859375,85848.9609375,86640.7734375,695238656
1740657600,86625.2265625,86690.9453125,84633.4375,85580.4296875,963293184
1740672000,85452.5625,85571.2421875,83514.484375,84054.6875,0
1740686400,84011.53125,84818.4453125,82745.171875,84705.625,31019008
1740700800,84671.1640625,84780.2265625,79691.9921875,80283.3203125,11155623936
1740715200,80326.78125,80767.7890625,78790.59375,79049.0703125,12263124992
1740729600,79098.65625,80701.8828125,78260.9453125,80416.671875,5665972224
1740744000,80365.3671875,84298.5859375,80095.1484375,83971.3203125,5856223232
1740758400,83973.015625,84907.5703125,83197.3515625,84374.546875,3956613120
1740772800,84421.984375,84730.734375,83612.28125,84374.015625,0
1740787200,84330.8515625,85482.8515625,83794.234375,85235.5546875,692592640
1740801600,85321.8203125,86501.0625,84726.09375,84726.09375,0
1740816000,84719.984375,85458.3203125,84371.1875,84591.546875,0
1740830400,84591.2578125,84862.359375,84344.234375,84757.4921875,0
1740844800,84759.65625,85439.1015625,84671.75,85425.2734375,0
1740859200,85439.9765625,86158.0546875,85307.3828125,86035.1640625,942098432
1740873600,86024.3515625,86443.1015625,85671.1640625,85876.8125,396855296
1740888000,85832.9765625,86448.6484375,85523.25,86202.1796875,0
1740902400,86207.8046875,86207.8046875,85687.28125,86088.3046875,112064512
1740916800,86072.5078125,88340.078125,85058.875,87533.5859375,6875162624
1740931200,87428.8984375,95026.0703125,87428.8984375,93525.1015625,25273210880
1740945600,93585.9765625,94827.9609375,93585.9765625,94260.5625,6662078464
1740960000,94292.2421875,94339.484375,92473.046875,92698.84375,8129519616
1740974400,92711.625,93298.859375,91229.96875,92395.4609375,3296661504
1740988800,92348.125,92769.8046875,91212.109375,92667.03125,5743558656
1741003200,92768.5703125,93657.9765625,89251.515625,90045.546875,5386747904
1741017600,90016.3359375,90887.7890625,85657.0546875,85657.0546875,1972494336
1741032000,85509.328125,86916.234375,85105.40625,86079.8203125,4714323968
1741046400,86054.0859375,86654.75,82499.4375,84031.1875,6203170816
1741060800,83919.765625,84422.0546875,83106.3828125,83106.3828125,1778712576
1741075200,83135.375,84204.0234375,83135.375,83919.5859375,1683374080
1741089600,83831.8046875,84527.5859375,81727.140625,82764.75,998727680
1741104000,82918.7734375,88386.1796875,82022.4140625,88205.2109375,3036913664
1741118400,88222.8671875,88817.5546875,86619.328125,87214.703125,2249494528
1741132800,87137.171875,87852.875,86420.6484375,87157.25,0
1741147200,86814.0078125,87674.078125,86814.0078125,87645.96875,11972608
1741161600,87603.2578125,90529.8125,87603.2578125,89764.7734375,2744033280
1741176000,89939.6875,90717.359375,88037.046875,88401.6484375,2438901760
1741190400,88260.9140625,90396.796875,87635.90625,89806.296875,0
1741204800,89903.8515625,90971.359375,89684.0390625,90622.359375,904544256
1741219200,90613.234375,91968.609375,90014.40625,91573.2578125,3368816640
1741233600,91613.8203125,92790.6953125,91296.7890625,91348.1953125,2175451136
1741248000,91376.328125,91654.5,90652.21875,91345.90625,16502784
1741262400,91345.125,91345.125,89317.0390625,90799.7734375,868216832
1741276800,90861.84375,91020.8671875,87877.71875,88649.78125,814784512
1741291200,88639.53125,90751.953125,88639.53125,89939.6953125,2405924864
1741305600,89959.1640625,91160.8203125,85159.578125,87044.4921875,11390955520
1741320000,86947.3828125,88569.796875,86947.3828125,88309.765625,661680128
1741334400,88362.4765625,89554.8828125,88034.25,88943.453125,1606164480
1741348800,89023.0546875,91070.7421875,88088.3828125,88445.3125,7923228672
1741363200,88447.5625,88942.0546875,86656.8515625,87831.1328125,7012540416
1741377600,87772.1328125,88194.9296875,85688.6796875,86735.1015625,2519678976
1741392000,86713.375,86835.4765625,85270.2265625,85973.9140625,0
1741406400,85889.4375,86599.8203125,85683.9296875,86158.4375,251752448
1741420800,86180.0390625,86414.34375,85780.2265625,85908.1796875,118697984
1741435200,85926.3671875,86572.1484375,85794.1796875,86357.7734375,0
1741449600,86369.515625,86412.6328125,85783.515625,86203.9453125,0
1741464000,86199.9296875,86475.3828125,85879.4921875,86153.03125,0
1741478400,86186.640625,86462.125,85967.9140625,86132.6953125,0
1741492800,86104.3828125,86109.9375,85794.7890625,85966.078125,0
1741507200,85973.40625,86028.65625,84647.6640625,85021.28125,1388224512
1741521600,85004.2421875,85004.2421875,82901.25,83052.2109375,3533776896
1741536000,83072.875,83604.15625,82247.1796875,82561.703125,5633085440
1741550400,82606.859375,83454.203125,80052.484375,80576.40625,6438449152
1741564800,80770.46875,82626.8828125,80126.015625,82018.3359375,6813751296
1741579200,82028.390625,82712.0078125,82028.390625,82315.0234375,1777483776
1741593600,82351.6015625,83733.84375,81272.6328125,83615.34375,4225675264
1741608000,83552.71875,83740.6640625,79359.875,80071.046875,6366019584
1741622400,80183.703125,80183.703125,77524.5390625,78910.546875,5428174848
1741636800,78939.75,79798.0546875,78406.3125,78569.90625,1650933760
1741651200,78582.15625,79708.5234375,76653.53125,79451.7734375,3728445440
1741665600,79485.09375,80525.34375,79446.1875,80423.3125,1809367040
1741680000,80449.15625,81938.7265625,80342.4921875,81693.25,2159308800
1741694400,81725.5703125,81874.59375,79082.2265625,81285.9140625,2057674752
1741708800,81206.703125,83525.40625,80635.65625,82996.8828125,418308096
1741723200,83118.8046875,83265.4921875,82574.3515625,82843.734375,0
1741737600,82902.7890625,83737.453125,82135.1953125,82135.1953125,0
1741752000,82061.4375,82463.9921875,81344.078125,82402.3671875,1410760704
1741766400,82400.9140625,82992.484375,82083.2421875,82992.484375,156532736
1741780800,82995.28125,84230.234375,80809.8125,81690.6796875,1886887936
1741795200,81703.8359375,83055.46875,81665.5390625,83055.46875,184537088
1741809600,82908.828125,83825.421875,82732.375,83691.9375,218107904
1741824000,83672.03125,84259.671875,83317.5703125,83572.59375,410984448
1741838400,83557.53125,83648.2890625,82905.40625,83177.5625,178606080
1741852800,83137.734375,83450.71875,82470.828125,82837.328125,1306800128
1741867200,82920.5703125,83289.3203125,80997.8125,81059.4375,0
1741881600,81018.625,81198.6875,79932.3515625,80251.234375,1043187712
1741896000,80147.9765625,81408.6171875,80147.9765625,81099.375,372406272
1741910400,80988.4921875,82136.2578125,80858.3359375,81852.265625,139757568
1741924800,81901.4921875,82426.1015625,81784.3828125,82242.9140625,0
1741939200,82191.2421875,83297.265625,82191.2421875,83294.6953125,153321472
1741953600,83215.4921875,85160.1796875,82682.328125,84746.7265625,3205791744
1741968000,84797.484375,84912.21875,84067.921875,84609.84375,479569920
1741982400,84522.0078125,84522.0078125,83792.546875,83977.375,777025536
1741996800,83989.8046875,84672.671875,83989.8046875,84468.109375,0
1742011200,84499.9921875,84551.1875,83826.9921875,83839.515625,66426880
1742025600,83862.0703125,84158.7578125,83657.2890625,84126.5625,170979328
1742040000,84080.2578125,84472.65625,84043.65625,84352.6640625,0
1742054400,84375.828125,84477.4296875,84132.34375,84284.9609375,0
1742068800,84329.734375,84455.8671875,84243.375,84343.4453125,0
1742083200,84348.484375,84356.4921875,83771.9609375,84315.3984375,0
1742097600,84333.21875,84408.8828125,84012.796875,84268.8515625,35328000
1742112000,84311.25,84312.59375,82393.5703125,82430.28125,1193441280
1742126400,82408.6484375,83449.8671875,82408.6484375,83346.25,1787174912
1742140800,83323.5390625,84746.09375,82805.671875,83061.34375,4278425600
1742155200,83093.25,83400.6640625,82024.1015625,82576.3359375,2493921280
1742169600,82571.1484375,83700.8125,82567.265625,83700.8125,1690036224
1742184000,83725.4921875,83828.5390625,82723.8046875,83521.328125,1698906112
1742198400,83558.0078125,83746.40625,83227.2890625,83574.890625,1067972608
1742212800,83656.25,83676.015625,82492.15625,83540.578125,3095511040
1742227200,83525.4453125,84708.28125,83133.21875,84482.6953125,899528704
1742241600,84475.2734375,84475.2734375,83807.5390625,84075.71875,361197568
1742256000,84033.265625,84033.265625,83007.6953125,83120.5234375,185198592
1742270400,83134.6796875,83182.1484375,82285.6484375,83156.2734375,1150056448
1742284800,83196.5546875,83432.578125,82524.484375,82590.125,406910976
1742299200,82541.46875,82793.1953125,81195.4765625,81558.828125,771098624
1742313600,81581.9609375,82428.3515625,81323.03125,82428.3515625,29644800
1742328000,82281.984375,82784.3984375,81864.796875,82718.8046875,989386752
1742342400,82675.2421875,83204.2421875,82600.421875,83053.9140625,407531520
1742356800,83051.015625,83345.109375,82797.3671875,83184.4296875,141819904
1742371200,83207.765625,84035.0,83207.765625,83870.390625,969973760
1742385600,83875.796875,84841.0859375,83568.1640625,84726.921875,1161107456
1742400000,84738.7109375,85915.640625,83650.09375,85317.53125,6905186304
1742414400,85445.6875,87001.984375,85251.1796875,86872.953125,3157422080
1742428800,86870.8671875,87412.5625,85701.515625,85890.8671875,1514708992
1742443200,85894.4453125,86000.6875,85466.7109375,85840.359375,1366859776
1742457600,85831.3671875,86286.1484375,84882.2265625,85451.2109375,1376313344
1742472000,85477.9765625,86481.3671875,84666.453125,84720.1484375,1216905216
1742486400,84658.609375,84764.0859375,83685.1015625,84188.125,876400640
1742500800,84124.71875,84558.46875,83910.2421875,84164.5390625,0
1742515200,84175.25,84768.9140625,84164.03125,84417.5390625,0
1742529600,84416.515625,84778.296875,83756.0390625,83877.890625,443750400
1742544000,83893.7421875,84240.5,83743.9765625,84026.7890625,60403712
1742558400,84007.71875,84273.2109375,83189.5234375,83559.28125,870658048
1742572800,83541.1953125,84325.0,83360.9140625,83962.1796875,0
1742587200,83943.96875,84519.140625,83833.7890625,84032.3046875,143124480
1742601600,84038.984375,84279.15625,83984.7421875,84231.3046875,0
1742616000,84228.1953125,84397.78125,84146.3828125,84237.8515625,0
1742630400,84249.21875,84502.8515625,84145.53125,84221.40625,0
1742644800,84219.328125,84266.828125,83972.9921875,84091.9453125,0
1742659200,84069.65625,84289.9296875,84042.0078125,84174.2734375,0
1742673600,84170.5703125,84201.078125,83684.5546875,83829.9609375,42734592
1742688000,83831.8359375,84257.34375,83803.234375,84203.9921875,0
1742702400,84221.8515625,84339.9140625,84060.296875,84279.0703125,53281792
1742716800,84298.015625,84984.34375,84269.3203125,84657.6328125,779089920
1742731200,84709.6953125,85215.3359375,84594.1953125,85162.8203125,1125604352
1742745600,85182.9609375,85379.03125,84838.828125,85016.375,935165952
1742760000,85004.8515625,86049.6953125,84942.4140625,86049.6953125,903709696
1742774400,86046.8828125,86606.125,85541.1953125,86461.7265625,3374616576
1742788800,86538.1953125,87242.59375,86538.1953125,86898.8359375,3859014656
1742803200,86899.140625,87818.2890625,86899.140625,87699.4765625,2399789056
1742817600,87681.7890625,88702.109375,87158.4375,88324.6015625,6194376704
1742832000,88403.78125,88538.6484375,87734.8203125,88243.6875,3852640256
1742846400,88284.34375,88510.640625,87144.3359375,87518.578125,2696388608
1742860800,87510.625,87669.4140625,86420.203125,86508.71875,89462784
1742875200,86530.4609375,86875.4375,86370.9765625,86449.3203125,236576768
1742889600,86463.0703125,87491.9296875,86463.0703125,87411.875,470376448
1742904000,87442.1171875,88218.2265625,87000.140625,87877.5,633769984
1742918400,87882.3046875,88326.3203125,87646.4140625,88272.265625,0
1742932800,88198.7421875,88535.40625,87205.109375,87460.234375,648675328
1742947200,87438.8671875,87884.9921875,87117.8515625,87159.25,0
1742961600,87129.5234375,88288.796875,87129.5234375,88172.15625,364918784
1742976000,88169.9921875,88275.2421875,87867.296875,88017.3671875,30167040
1742990400,88000.09375,88017.921875,86487.515625,86724.765625,932116480
1743004800,86744.6015625,87000.890625,85897.734375,86650.890625,498642944
1743019200,86573.3359375,87391.3046875,86573.3359375,86896.2578125,0
1743033600,86960.8828125,87770.09375,86820.3515625,87692.8046875,303136768
1743048000,87689.1796875,87689.1796875,87300.90625,87425.8828125,0
1743062400,87426.75,87612.6953125,86835.171875,86971.6171875,73019392
1743076800,86872.2265625,87521.609375,85859.390625,86969.8046875,1742974976
1743091200,86921.296875,87411.8125,86803.5390625,87150.8359375,40534016
1743105600,87031.5,87694.921875,86960.3671875,87185.234375,0
1743120000,87214.2109375,87482.96875,86768.609375,86820.4921875,315947008
1743134400,86783.8359375,86805.84375,85166.1875,85196.1015625,3551995904
1743148800,85178.9375,85375.71875,84818.9609375,85199.296875,2870444032
1743163200,85212.1953125,85499.3828125,83976.4375,84025.6171875,1694892032
1743177600,84020.3125,84134.6484375,83580.6171875,83789.859375,1897500672
1743192000,83733.7421875,84467.8828125,83663.984375,84352.0703125,935016448
1743206400,84370.78125,84567.3359375,83705.03125,84140.6171875,178647040
1743220800,84140.484375,84195.359375,83644.9140625,83715.7578125,0
1743235200,83696.5390625,83901.7109375,81998.0546875,82248.4921875,684879872
1743249600,82247.03125,82826.7890625,82148.109375,82383.3671875,0
1743264000,82452.3359375,82637.1484375,81640.1328125,82454.1640625,0
1743278400,82657.21875,82734.953125,82254.609375,82596.984375,0
1743292800,82589.46875,83456.3984375,82487.6953125,83045.8125,191179776
1743307200,83056.1953125,83281.6484375,82847.2734375,83063.2578125,333272064
1743321600,83066.1484375,83500.78125,82981.7109375,83089.59375,38398976
1743336000,83125.3515625,83230.578125,82620.0234375,82716.0625,256441344
1743350400,82708.40625,82856.8828125,82049.5859375,82528.140625,0
1743364800,82529.40625,82700.359375,81573.25,82336.0625,1558323200
1743379200,82418.125,82418.125,81305.1484375,81503.3359375,2255218688
1743393600,81506.890625,82260.0234375,81434.5625,81849.046875,1349508096
1743408000,81890.1796875,82237.640625,81322.078125,82138.8203125,2596954112
1743422400,82184.1953125,83853.171875,81729.1171875,83500.625,6488889344
1743436800,83405.09375,83680.265625,82426.8046875,82571.0078125,1690540032
1743451200,82412.2265625,82761.140625,82268.4375,82551.921875,1040261120
1743465600,82536.34375,83208.359375,82443.8046875,82928.46875,0
1743480000,82949.0078125,83590.9140625,82881.40625,83456.796875,21956608
1743494400,83454.5625,84468.9921875,83454.5625,83928.7109375,574423040
1743508800,83921.3984375,85461.2890625,82620.53125,85272.8984375,1794129920
1743523200,85361.71875,85457.1328125,84732.8515625,84829.515625,889286656
1743537600,84964.9765625,85469.8203125,84814.8828125,85180.609375,350892032
1743552000,85173.4453125,85233.7109375,84527.6640625,84590.5390625,380837888
1743566400,84550.4921875,84694.078125,83939.875,84431.3046875,513533952
1743580800,84418.3515625,85383.4140625,84265.9375,84545.7109375,3371008
1743595200,84575.4296875,87282.9609375,84488.28125,86824.46875,3844839424
1743609600,86696.90625,87278.6875,86215.5390625,86891.4609375,2248579072
1743624000,86924.0078125,88143.375,82402.765625,82487.4765625,14366971904
1743638400,82510.796875,83874.5390625,82220.53125,83483.140625,5770792960
1743652800,83515.6328125,83699.3203125,83014.3359375,83466.2265625,779866112
1743667200,83520.9609375,83745.03125,83040.90625,83040.90625,858996736
1743681600,83061.203125,83100.4296875,81289.203125,82032.515625,1522536448
1743696000,82155.0234375,82299.5546875,81560.5078125,82066.6015625,765628416
1743710400,81925.2578125,83226.75,81776.453125,83100.25,0
1743724800,83141.15625,83361.875,82575.4921875,82782.6328125,73422848
1743739200,82791.515625,83966.15625,82610.453125,83951.1875,1020256256
1743753600,83975.84375,84657.0390625,81732.2734375,82632.359375,6301995008
1743768000,82661.0859375,83605.40625,81834.4453125,82845.3671875,2852859904
1743782400,83038.1640625,84508.8125,82726.0,83918.0,3025289216
1743796800,83965.828125,84392.859375,83478.296875,83844.703125,0
1743811200,83852.8203125,84197.6328125,83459.515625,83630.8671875,0
1743825600,83625.609375,83818.125,83319.515625,83486.171875,0
1743840000,83489.4375,83847.15625,83369.0390625,83435.46875,0
1743854400,83440.546875,83509.328125,82398.4140625,82566.140625,0
1743868800,82588.0703125,83073.0234375,82576.5234375,82787.0,0
1743883200,82888.6015625,83538.65625,82858.484375,83504.796875,123534336
1743897600,83501.859375,83704.71875,83177.546875,83312.640625,37421056
1743912000,83311.1015625,83491.4453125,82996.9609375,82996.9609375,38711296
1743926400,82976.3359375,83094.96875,82638.5703125,82799.0546875,55005184
1743940800,82802.96875,82917.3046875,82234.921875,82554.34375,439710720
1743955200,82522.015625,82522.015625,78659.8125,79597.0703125,10647505920
1743969600,79494.3515625,79805.9921875,77128.8671875,78221.3359375,12269324288
1743984000,78312.203125,79247.484375,77342.484375,77584.984375,8345673728
1743998400,77712.2421875,77875.6640625,74467.703125,75091.953125,16419909632
1744012800,75052.453125,77456.6875,75032.59375,76615.1015625,10869821440
1744027200,76837.25,81111.015625,75796.3125,78540.28125,26638540800
1744041600,78457.703125,79222.3203125,77345.265625,78234.46875,615145472
1744056000,78064.828125,80167.3984375,78064.828125,79218.4765625,735985664
1744070400,79116.515625,80823.890625,78901.0,79824.203125,232579072
1744084800,79871.03125,80328.3515625,79252.625,79475.4921875,0
1744099200,79471.5625,79980.859375,78843.546875,79980.859375,0
1744113600,80102.0390625,80266.390625,78179.15625,78486.2109375,0
1744128000,78467.6171875,78467.6171875,76331.171875,76786.71875,627417088
1744142400,76826.328125,77184.7109375,76222.8515625,76273.5625,632819712
1744156800,76261.1015625,76724.09375,74680.7734375,75003.03125,3769724928
1744171200,75322.1015625,77879.0234375,75299.4140625,77739.625,5764890624
1744185600,77674.0625,77821.7734375,75773.0703125,76133.125,3136839680
1744200000,76178.4453125,78174.265625,76028.3671875,77112.640625,2302369792
1744214400,77192.15625,82842.078125,77139.09375,82227.609375,15603548160
1744228800,82288.203125,83528.5703125,81998.890625,82565.9765625,6849503232
1744243200,82610.3125,82691.390625,81449.4296875,81660.9296875,0
1744257600,81787.625,82290.09375,81335.40625,81566.0546875,0
1744272000,81562.390625,82086.09375,81342.109375,81824.625,757907456
1744286400,81835.203125,82138.859375,78640.9453125,78640.9453125,1840529408
1744300800,78699.6171875,79899.8046875,78473.2578125,79790.328125,2340438016
1744315200,79589.046875,79959.46875,79404.1015625,79625.046875,164753408
1744329600,79553.265625,80792.703125,78969.890625,80762.4921875,1128370176
1744344000,80779.1328125,81361.5625,80485.4375,81211.6484375,1697947648
1744358400,81220.4921875,82893.015625,80829.265625,82134.5859375,3252387840
1744372800,82098.9140625,83216.5234375,81316.6796875,82480.0625,448671744
1744387200,82462.4765625,84140.921875,82008.125,83853.390625,221515776
1744401600,83822.890625,84199.625,83135.8671875,83404.515625,1299824640
1744416000,83414.2421875,83485.6953125,82815.3203125,82927.84375,78069760
1744430400,82923.2421875,83764.359375,82833.3359375,83667.4140625,89047040
1744444800,83696.9296875,83951.8984375,83287.6953125,83494.9140625,0
1744459200,83488.9140625,85359.71875,83461.3984375,85001.0234375,420292608
1744473600,84980.9296875,85188.5546875,84425.6484375,84894.3671875,368056320
1744488000,84919.4453125,85852.0234375,84896.0625,85279.46875,390633472
1744502400,85273.875,85862.5,84773.6171875,85383.8203125,3289784320
1744516800,85408.8125,85408.8125,84386.4453125,84448.8515625,1961814016
1744531200,84401.25,84904.203125,84264.90625,84445.3359375,894849024
1744545600,84457.4296875,84622.046875,83492.0390625,83793.859375,0
1744560000,83803.90625,84912.96875,83140.8515625,83916.5859375,2571825152
1744574400,83926.84375,84331.765625,83037.5,83694.5234375,2158389248
1744588800,83714.0,85436.59375,83706.9453125,84494.984375,3363880960
1744603200,84533.3125,85041.1953125,84264.40625,84559.5859375,299986944
1744617600,84533.75,84902.59375,84254.3671875,84902.25,1407850496
1744632000,84903.578125,85766.5,83778.3203125,84114.8125,3841921024
1744646400,84089.7578125,85164.6015625,83876.3046875,84881.8125,1128468480
1744660800,84871.65625,84932.6328125,84440.9609375,84539.6953125,333803520
1744675200,84561.34375,85353.8046875,84366.171875,85353.8046875,414574592
1744689600,85357.7109375,85795.9921875,85154.375,85661.09375,1092759552
1744704000,85695.6875,85962.03125,85385.03125,85554.703125,361129984
1744718400,85567.8046875,86411.9296875,84646.859375,84793.171875,1959340032
1744732800,84873.625,85088.8125,83923.1328125,84010.5234375,284069888
1744747200,84000.375,84203.8984375,83606.3515625,83674.5078125,1146757120
1744761600,83617.484375,83924.328125,83145.7109375,83704.734375,281829376
1744776000,83696.3125,83774.890625,83228.90625,83325.65625,654243840
1744790400,83334.8125,84106.3046875,83169.203125,84029.796875,1646422016
1744804800,84025.234375,85232.09375,83598.4375,84879.2421875,1359015936
1744819200,84836.3984375,85414.34375,83314.8515625,84382.3984375,3710349312
1744833600,84350.5546875,84665.296875,84030.671875,84030.671875,941094912
1744848000,84028.8828125,84472.234375,83832.2734375,83994.875,140847104
1744862400,83992.5078125,84970.3046875,83906.1875,84622.6953125,288423936
1744876800,84637.96875,84737.1875,84217.328125,84553.984375,1037174784
1744891200,84540.609375,84826.5859375,83798.46875,84502.734375,59475968
1744905600,84520.0234375,85440.8671875,84412.265625,84896.4375,2637375488
1744920000,84870.2265625,85137.7265625,84748.84375,84900.1875,504631296
1744934400,84921.125,85076.953125,84738.859375,84816.9921875,582914048
1744948800,84823.7890625,84827.1640625,84443.1640625,84624.2265625,0
1744963200,84624.9296875,84744.4140625,84482.1171875,84607.3125,601878528
1744977600,84618.8359375,84732.7421875,84340.1328125,84359.8203125,118646784
1744992000,84365.1171875,84617.03125,84337.4921875,84522.2578125,0
1745006400,84531.703125,84646.6484375,84350.28125,84450.8671875,38034432
1745020800,84450.2890625,84947.4296875,84359.6015625,84887.9453125,393018368
1745035200,84881.1640625,85226.546875,84881.1640625,85202.8046875,704295936
1745049600,85207.8046875,85420.25,85098.9609375,85216.390625,758254592
1745064000,85202.6171875,85571.2109375,85128.34375,85185.265625,886646784
1745078400,85165.765625,85307.625,84744.6875,85087.8359375,1488531456
1745092800,85080.234375,85342.21875,85039.046875,85066.0703125,2186240
1745107200,85071.359375,85299.2578125,85052.9453125,85151.6875,392680448
1745121600,85165.9765625,85228.3359375,84686.4375,84786.0546875,1218136064
1745136000,84786.9765625,84786.9765625,83992.4765625,84126.890625,1517074432
1745150400,84131.7265625,84633.2421875,84092.9609375,84359.3671875,1191866368
1745164800,84354.2578125,84649.34375,84312.9375,84644.1953125,0
1745179200,84640.171875,85240.953125,84593.59375,85171.5390625,2350407680
1745193600,85169.609375,87578.109375,85147.6171875,87203.0546875,9047961600
1745208000,87189.5234375,87668.796875,87051.28125,87435.6796875,2769821696
1745222400,87436.1953125,87712.421875,86682.2578125,86966.71875,2259200000
1745236800,86978.625,88425.1015625,86809.3046875,88072.875,7489001472
1745251200,88080.3671875,88254.21875,86410.5859375,87380.0625,6834905088
1745265600,87429.9921875,87567.34375,86968.1171875,87521.875,1297154048
1745280000,87514.0078125,88821.46875,87084.53125,88116.859375,1131204608
1745294400,88137.03125,88456.234375,87974.03125,88456.234375,662061056
1745308800,88445.25,88674.625,88282.71875,88618.6015625,569917440
1745323200,88615.65625,91447.1953125,88520.6875,90849.25,7481921536
1745337600,90941.265625,91731.078125,90711.4453125,91399.7265625,876437504
1745352000,91529.0859375,93784.2265625,91117.15625,93477.8984375,11676127232
1745366400,93466.1171875,93819.9296875,92651.6796875,93178.5546875,2166321152
1745380800,93181.4921875,93896.5,93057.828125,93890.5859375,1383735296
1745395200,94146.890625,94430.40625,93376.546875,93437.2578125,3968446464
1745409600,93484.953125,94171.859375,91973.3203125,93091.9609375,0
1745424000,93212.34375,94206.046875,92940.2734375,93603.5390625,921776128
1745438400,93559.171875,93904.4609375,93299.296875,93692.3984375,0
1745452800,93703.2578125,93801.390625,92711.703125,92711.703125,175923200
1745467200,92695.515625,92904.515625,92144.90625,92212.96875,851755008
1745481600,92213.8828125,92648.6640625,91719.390625,92606.1640625,938668032
1745496000,92619.4609375,93420.6484375,92462.625,93279.3828125,1454600192
1745510400,93244.96875,93684.5078125,92741.8046875,93678.234375,0
1745524800,93621.09375,94006.1796875,93093.734375,93907.7734375,1303644160
1745539200,93986.8828125,94430.8828125,92901.4609375,93310.953125,1819336704
1745553600,93327.1328125,93854.3125,93069.3359375,93797.2109375,1434408960
1745568000,93803.5078125,94618.296875,93593.328125,94618.296875,120262656
1745582400,94773.7421875,95757.453125,94044.9296875,95161.7734375,9198032896
1745596800,95141.4375,95580.46875,94452.953125,95300.015625,2278948864
1745611200,95355.859375,95386.6796875,94571.046875,94720.5,1512108032
1745625600,94708.265625,95251.359375,94630.8359375,94787.9765625,0
1745640000,94788.390625,94850.09375,94495.53125,94683.5546875,569225216
1745654400,94649.5625,94698.75,94067.3984375,94195.65625,244834304
1745668800,94178.5,94428.4609375,93948.1640625,94417.96875,0
1745683200,94406.25,94406.25,94146.6640625,94277.0546875,0
1745697600,94351.9453125,94886.15625,94146.0703125,94660.90625,768419840
1745712000,94662.34375,95296.8828125,94175.0234375,94188.0390625,1824530432
1745726400,94189.2109375,94305.2265625,93794.0234375,94105.1015625,1274636288
1745740800,94105.0390625,94340.671875,93925.09375,93996.9375,0
1745755200,93978.5390625,94190.8125,93670.03125,93959.15625,680479744
1745769600,93952.890625,94450.5,93799.65625,94436.8125,516644864
1745784000,94458.4140625,94519.9453125,93728.6640625,93755.3046875,783699968
1745798400,93767.9921875,93945.2109375,92879.1484375,93895.171875,1669832704
1745812800,93874.1640625,94799.3828125,93874.1640625,94730.0,1548939264
1745827200,94727.765625,95555.1171875,94397.8359375,95274.96875,3441635328
1745841600,95314.6875,95589.984375,93680.640625,93787.671875,6866204672
1745856000,93849.6328125,94937.609375,93523.8671875,94834.171875,2224246784
1745870400,94828.6015625,95189.1484375,94325.515625,94981.859375,1202501632
1745884800,95048.90625,95440.0,94524.2578125,94695.6484375,843794432
1745899200,94691.2734375,94995.53125,94248.984375,94963.578125,1873362944
1745913600,94957.8125,95282.4609375,94813.2578125,95171.171875,369389568
1745928000,95157.625,95242.609375,94656.3515625,94846.7890625,20088832
1745942400,94865.2265625,95471.6171875,94746.078125,95372.0625,1751138304
1745956800,95339.4140625,95397.484375,93821.1015625,94286.46875,2903443456
1745971200,94272.21875,95139.015625,94200.046875,95023.671875,2191984640
1745985600,95036.8046875,95127.7265625,94550.1953125,94621.2578125,796246016
1746000000,94635.9140625,95223.5390625,94569.4375,95223.5390625,0
1746014400,95208.84375,95213.5625,93036.0859375,94036.4453125,5942949888
1746028800,94021.3515625,94447.7109375,93629.6484375,94237.2421875,10967040
1746043200,94168.609375,94733.9609375,94030.8515625,94212.859375,1758932992
1746057600,94169.390625,94985.359375,94169.390625,94788.671875,1616900096
1746072000,94782.890625,95187.2109375,94755.6640625,95050.1484375,831299584
1746086400,95041.78125,96319.4609375,94943.921875,96214.0,3455442944
1746100800,96213.5546875,97348.703125,95895.8671875,96926.359375,2616047616
1746115200,96912.953125,97386.546875,96494.0234375,96538.296875,1208969216
1746129600,96546.3515625,96886.7578125,96242.7421875,96494.96875,1519153152
1746144000,96491.53125,97235.8984375,96491.53125,97134.0234375,685643776
1746158400,97125.703125,97251.46875,96390.5625,96419.15625,1763090432
1746172800,96381.7890625,97070.1953125,96381.7890625,96969.28125,0
1746187200,96956.03125,97888.984375,96723.515625,97394.171875,0
1746201600,97365.796875,97804.046875,96806.9375,96983.0703125,22476800
1746216000,96953.3125,97157.296875,96604.578125,96904.6328125,317116416
1746230400,96917.78125,96933.765625,96353.7890625,96389.1328125,150024192
1746244800,96372.890625,96617.84375,96201.8828125,96375.796875,0
1746259200,96342.9765625,96439.5546875,95914.9375,95955.53125,389076992
1746273600,95961.5390625,96523.9609375,95926.7890625,96442.15625,0
1746288000,96435.0078125,96442.59375,95954.5,96383.1953125,77124608
1746302400,96376.796875,96434.0,95835.59375,95877.1875,657005568
1746316800,95853.4921875,96290.4140625,95664.4765625,95811.625,1080810496
1746331200,95765.6328125,96153.4296875,95755.84375,95886.1875,795664384
1746345600,95914.2890625,95936.8359375,95374.4375,95418.0859375,22388736
1746360000,95433.6640625,95682.8828125,95286.6796875,95474.78125,598064128
1746374400,95473.4296875,95639.609375,95303.1328125,95571.0,379224064
1746388800,95582.953125,95762.1796875,94210.3203125,94319.5625,2996675584
1746403200,94270.5546875,94795.015625,93662.453125,94055.65625,2862303232
1746417600,94090.90625,94767.703125,94081.984375,94732.921875,1028585472
1746432000,94751.1171875,94751.1171875,93922.4453125,94098.9453125,777230336
1746446400,94040.125,94521.6875,93633.9296875,93708.7734375,3330263040
1746460800,93751.25,94873.4453125,93751.25,94367.7734375,2186455040
1746475200,94323.046875,95188.4140625,93892.890625,94748.3828125,2013186048
1746489600,94746.0390625,94897.0625,94056.015625,94459.703125,1154842624
1746504000,94448.9921875,94598.4453125,94321.640625,94414.4609375,588781568
1746518400,94391.21875,94391.21875,93710.2421875,93799.7265625,2513981440
1746532800,93766.890625,94709.1484375,93438.1484375,94558.671875,1142691840
1746547200,94542.515625,95146.25,94239.15625,94948.0859375,466831360
1746561600,94986.140625,96871.4296875,94494.875,96800.1953125,3595479040
1746576000,96885.28125,97596.3515625,96216.65625,96498.4140625,5227696128
1746590400,96502.984375,97023.5,96335.4375,97023.5,1413656576
1746604800,96998.890625,97093.8515625,96869.0,97007.828125,2578028544
1746619200,97020.8046875,97483.8203125,96736.8046875,96970.6953125,4660285440
1746633600,96941.375,96941.375,95866.6796875,96197.09375,41114308608
1746648000,96215.96875,97397.1640625,96146.7265625,97034.25,7118979072
1746662400,97037.6875,99143.9921875,96926.1796875,99143.9921875,3705528320
1746676800,99150.4375,99386.75,98761.0234375,99259.609375,7734886400
1746691200,99261.2421875,99860.5,99232.8359375,99445.6796875,2608406528
1746705600,99442.78125,101513.40625,99122.6796875,100842.921875,4489609216
1746720000,101013.0859375,101688.53125,100631.5234375,101135.890625,5609881600
1746734400,101286.3515625,103776.3203125,101286.3515625,103239.125,8894033920
1746748800,103256.203125,103256.203125,102356.9375,102404.171875,289488896
1746763200,102427.640625,104178.1171875,102378.6171875,103727.40625,2758832128
1746777600,103704.4609375,103875.1640625,102480.7109375,103010.375,6325903360
1746792000,102937.625,103771.9609375,102489.21875,102872.546875,209199104
1746806400,102883.390625,103361.8359375,102377.6875,103134.65625,312377344
1746820800,103164.9921875,103418.5,102776.59375,102974.2578125,24674304
1746835200,102996.7890625,103244.140625,102842.6953125,103196.5703125,410021888
1746849600,103205.40625,104041.953125,103064.9765625,103817.40625,0
1746864000,103805.2734375,103999.3046875,103406.3203125,103415.7890625,0
1746878400,103449.84375,103783.765625,103174.0859375,103176.0546875,0
1746892800,103156.171875,103548.0625,103079.3203125,103207.4453125,677859328
1746907200,103213.5625,104916.953125,103118.515625,104701.0703125,4851908608
1746921600,104692.9609375,104908.265625,103528.4765625,104055.6796875,2852237312
1746936000,104049.0234375,104363.390625,103425.828125,103425.828125,528785408
1746950400,103394.8671875,104715.671875,103394.8671875,104674.3828125,390885376
1746964800,104665.7734375,104813.875,103834.3125,104156.5390625,3236831232
1746979200,104153.546875,104803.5546875,103813.6328125,104438.7890625,1988763648
1746993600,104447.203125,104513.6953125,103617.90625,104106.9609375,1691914240
1747008000,104126.796875,105015.796875,103724.8046875,104078.9296875,1325793280
1747022400,104090.8203125,105686.765625,103769.9921875,104466.96875,4492029952
1747036800,104486.921875,104720.5703125,103715.2265625,103747.546875,2530070528
1747051200,103757.0546875,104588.8671875,102479.5390625,102535.0078125,5825454080
1747065600,102509.984375,103078.8828125,101023.7578125,101806.8359375,4117430272
1747080000,101862.5078125,103119.09375,101781.6484375,102812.4921875,2187661312
1747094400,102809.5859375,102809.5859375,101578.5859375,101756.9296875,2417217536
1747108800,101711.2109375,102917.65625,101711.2109375,102644.203125,1652146176
1747123200,102680.6796875,103830.4296875,102581.2109375,103687.078125,0
1747137600,103741.71875,103906.65625,102919.890625,103656.6953125,219295744
1747152000,103698.0703125,104987.0546875,103579.9921875,104718.34375,1584410624
1747166400,104846.1484375,104846.1484375,103949.4140625,104167.328125,1672003584
1747180800,104159.984375,104159.984375,103469.7890625,103570.0,16215834624
1747195200,103535.578125,103953.2265625,103420.921875,103775.3671875,734117888
1747209600,103706.40625,104075.6328125,102937.3984375,103917.234375,1246699520
1747224000,103943.3671875,104269.484375,102890.1953125,103488.6953125,1598398464
1747238400,103500.7578125,103723.375,102632.3515625,103299.3046875,555749376
1747252800,103350.4609375,103660.71875,103329.71875,103538.828125,255946752
1747267200,103531.7265625,103872.421875,102769.4375,102780.8125,217448448
1747281600,102757.2421875,102940.0234375,101752.96875,101819.8515625,1731903488
1747296000,101956.3515625,102435.7578125,101548.4921875,102374.3203125,849629184
1747310400,102395.5625,103258.15625,101450.0703125,103227.4765625,344428544
1747324800,103270.8125,104148.5859375,102643.234375,103219.03125,3376173056
1747339200,103185.015625,103947.8515625,102777.46875,103735.65625,3193786368
1747353600,103752.484375,104416.515625,103496.921875,104033.7421875,2468904960
1747368000,104041.1328125,104178.3046875,103732.0546875,103732.0546875,1428725760
1747382400,103741.125,103901.8359375,103137.4765625,103676.6640625,1266733056
1747396800,103665.6171875,104178.8203125,103396.75,104135.71875,473636864
1747411200,104173.96875,104485.3828125,103618.0,104017.1328125,66191360
1747425600,104021.8984375,104023.0390625,103448.0,103489.2890625,659333120
1747440000,103495.78125,103559.625,102675.53125,103541.1875,679317504
1747454400,103526.1640625,103695.9453125,103308.7578125,103450.328125,2821271552
1747468800,103473.390625,103558.3046875,102787.21875,103014.3203125,853356544
1747483200,103017.671875,103168.0859375,102691.1796875,102985.5078125,0
1747497600,102967.3046875,103311.484375,102792.21875,103207.40625,842035200
1747512000,103181.234375,103458.5625,102965.75,103186.953125,1455583232
1747526400,103142.6015625,103433.109375,103142.6015625,103300.5390625,0
1747540800,103309.5390625,103925.90625,103306.6328125,103925.90625,853061632
1747555200,103920.3046875,104053.3046875,103811.40625,103826.7578125,1061601280
1747569600,103820.3359375,105633.53125,103740.4140625,105519.203125,3377217536
1747584000,105527.609375,105896.2421875,103907.015625,103907.015625,4891488256
1747598400,103938.015625,106478.453125,103439.890625,106430.53125,7925399552
1747612800,106516.1640625,107038.7890625,103606.625,103606.625,6685118464
1747627200,103610.1796875,103705.09375,102112.6875,103232.515625,6838169600
1747641600,103244.25,103341.0390625,102830.8203125,102980.1953125,1221713920
1747656000,102992.2109375,104933.6640625,102179.6171875,104832.3203125,2347270144
1747670400,104872.8125,105567.3125,104542.2109375,105494.4296875,2570670080
1747684800,105536.28125,105806.84375,105064.5859375,105605.40625,1156358144
1747699200,105619.671875,106793.4296875,105546.921875,105751.53125,757460992
1747713600,105761.4140625,106415.203125,104987.2734375,105084.9453125,0
1747728000,105038.5390625,105392.453125,104929.625,105222.5078125,773152768
1747742400,105214.1796875,105399.671875,104206.515625,105382.1796875,69763072
1747756800,105364.25,107239.5625,105150.828125,107051.0859375,3199913984
1747771200,107051.265625,107264.3203125,106003.8828125,106791.3125,2019000320
1747785600,106853.828125,107194.78125,106259.4765625,106904.7265625,14987165696
1747800000,106871.2890625,107994.7265625,106547.765625,106600.3515625,4587220992
1747814400,106536.3359375,106791.28125,106141.8671875,106571.1875,1722576896
1747828800,106580.9453125,109468.1015625,106385.5078125,109026.0390625,8856862720
1747843200,109032.09375,109721.9453125,106246.859375,108799.6328125,11124097024
1747857600,108682.5625,110601.0234375,107802.4921875,109673.4921875,5582249984
1747872000,109666.359375,111818.671875,109316.8671875,111804.109375,10301693952
1747886400,111746.1171875,111746.1171875,110493.828125,111099.515625,3870523392
1747900800,111052.40625,111218.5859375,110293.1171875,111036.171875,1634377728
1747915200,110986.5625,111567.078125,110578.3046875,111236.671875,2647089152
1747929600,111315.7578125,111944.5,111030.8984375,111056.421875,0
1747944000,111183.1171875,111680.96875,110789.8359375,111679.359375,773611520
1747958400,111699.9921875,111798.90625,111025.4609375,111129.171875,0
1747972800,111118.609375,111173.703125,110402.1328125,110746.8671875,0
1747987200,110714.8671875,111328.46875,109068.375,109068.375,15360000
1748001600,109040.1015625,109975.1875,107450.4921875,109137.84375,9215569920
1748016000,108961.1171875,109790.109375,108100.5859375,108866.1640625,2888650752
1748030400,108718.6328125,108718.78125,106841.3046875,107278.5078125,1762684928
1748044800,107334.59375,108310.5234375,106924.4453125,108297.6015625,0
1748059200,108335.84375,108570.71875,107683.015625,107683.015625,3928064
1748073600,107615.8125,109444.6015625,107615.8125,109175.640625,892911616
1748088000,109216.2265625,109246.6484375,108560.59375,108936.2421875,0
1748102400,108947.6953125,109176.7421875,108744.75,108977.296875,0
1748116800,108968.1171875,109096.2109375,107539.4375,107802.2734375,864731136
1748131200,107789.9375,108261.5,107268.296875,108152.6796875,1613922304
1748145600,108136.09375,108272.546875,107518.0546875,107681.3203125,0
1748160000,107691.1953125,107691.1953125,106784.65625,107272.375,1736974336
1748174400,107269.3828125,107725.609375,106862.7890625,106982.8359375,1482403840
1748188800,106999.5,107881.9921875,106725.8828125,107779.9375,1956093952
1748203200,107738.828125,109313.3046875,107214.1484375,109023.78125,1421840384
1748217600,109020.796875,109840.2734375,108765.6328125,109657.28125,1254367232
1748232000,109666.1796875,110193.421875,109428.6015625,110074.953125,2314379264
1748246400,110120.1171875,110183.578125,109605.09375,109754.9296875,623185920
1748260800,109769.640625,110354.9375,109569.578125,110030.4140625,435945472
1748275200,110035.890625,110364.84375,108917.8125,109144.5625,1354211328
1748289600,109145.71875,109872.9453125,109007.25,109440.40625,1129553920
1748304000,109459.1796875,109649.484375,107650.1953125,108921.5703125,4784611328
1748318400,108902.5625,109612.9453125,108621.4375,109485.7890625,1274945536
1748332800,109486.0703125,109896.9921875,109478.828125,109569.9609375,1158713344
1748347200,109577.8828125,110744.2109375,108793.234375,110124.953125,5237501952
1748361600,110182.1015625,110511.5546875,109661.078125,109877.84375,2850291712
1748376000,109873.703125,109918.96875,108681.484375,108992.171875,1673871360
1748390400,108981.1875,109270.5390625,108483.0546875,108919.7578125,193613824
1748404800,108928.5234375,109104.015625,108683.9296875,108853.1484375,36802560
1748419200,108853.7578125,109129.15625,108368.6875,108902.1171875,228151296
1748433600,108901.375,109073.8671875,107127.671875,107127.671875,194473984
1748448000,107139.46875,107853.0859375,107043.40625,107142.9921875,121647104
1748462400,106982.2421875,108034.8984375,106815.796875,107795.5703125,2327126016
1748476800,107796.3359375,108472.3515625,107489.9765625,108042.453125,780046336
1748491200,108054.5,108109.96875,107192.5859375,107865.296875,2101153792
1748505600,107876.078125,108904.2578125,107772.328125,108751.71875,1749065728
1748520000,108778.1484375,108790.5390625,106512.859375,107053.9296875,1202950144
1748534400,107040.5703125,107130.4921875,105661.8046875,105747.8984375,1802510336
1748548800,105730.46875,106444.9921875,105374.3984375,105646.2109375,3805585408
1748563200,105593.25,106190.6328125,104832.375,105985.21875,2523488256
1748577600,106034.640625,106301.234375,104814.046875,104966.640625,3446976512
1748592000,105030.484375,105956.578125,104660.796875,105956.578125,2458251264
1748606400,105899.8515625,105969.9140625,105120.1328125,105571.359375,1609388032
1748620800,105543.328125,105543.328125,103726.5859375,104706.25,613396480
1748635200,104624.25,104885.6328125,103709.8671875,103994.71875,255565824
1748649600,104007.5859375,104294.1171875,103185.2109375,103673.4296875,957730816
1748664000,103673.4296875,103925.6171875,103528.3359375,103804.96875,0
1748678400,103802.546875,103837.5,103353.03125,103510.40625,0
1748692800,103521.21875,104880.7109375,103521.21875,104596.9140625,0
1748707200,104596.890625,104818.84375,104341.8671875,104736.578125,0
1748721600,104747.296875,104927.1015625,104554.125,104637.296875,28516352
1748736000,104674.0,104674.0,103992.984375,104448.6640625,115621888
1748750400,104442.609375,104737.265625,104262.234375,104314.8515625,1664417792
1748764800,104327.171875,104484.0078125,103836.921875,104125.9453125,346492928
1748779200,104119.859375,104820.8359375,103843.171875,104745.3515625,0
1748793600,104751.046875,105278.71875,104444.625,105155.9765625,2505498624
1748808000,105146.984375,105864.7890625,104977.0234375,105649.8125,3541549056
1748822400,105660.390625,105723.5,104625.3046875,104907.140625,1480691712
1748836800,104891.8515625,105466.640625,104676.4609375,105392.6640625,1845956608
1748851200,105420.3671875,105919.015625,104062.375,104065.5234375,2175946752
1748865600,104076.3671875,104674.40625,103737.8515625,104426.8359375,3842035712
1748880000,104466.234375,104733.4375,104106.3671875,104489.3515625,1160544256
1748894400,104473.9609375,105951.734375,104473.9609375,105885.8046875,1848377344
1748908800,105880.5625,106502.6328125,105473.7734375,105528.21875,2009116672
1748923200,105538.4609375,105554.5546875,105173.0546875,105230.40625,1261469696
1748937600,105245.5859375,105399.53125,104924.265625,105319.84375,711680000
1748952000,105338.015625,106791.046875,105213.4140625,106691.7109375,2869006336
1748966400,106668.8125,106668.8125,105665.375,106208.6796875,2088079360
1748980800,106284.3828125,106284.3828125,105351.5,105434.3671875,263204864
1748995200,105437.203125,105868.390625,105214.53125,105581.59375,710565888
1749009600,105580.796875,105679.5078125,105323.484375,105397.3125,1084870656
1749024000,105394.65625,105994.4609375,105153.1953125,105155.359375,2368032768
1749038400,105087.3046875,105566.390625,104283.515625,105398.4765625,782876672
1749052800,105337.21875,105483.3359375,104934.5703125,105065.2578125,448471040
1749067200,104994.734375,105065.6640625,104501.8984375,104750.78125,945348608
1749081600,104749.8515625,105256.7421875,104734.6484375,105074.8046875,584593408
1749096000,105081.328125,105238.5390625,104439.8046875,104553.078125,838021120
1749110400,104553.2734375,104954.7421875,104518.8671875,104880.4921875,106295296
1749124800,104882.6484375,105932.75,103989.0234375,104708.0546875,2156642304
1749139200,104569.09375,104602.515625,101758.4296875,102017.5625,5688156160
1749153600,101936.6796875,102144.90625,100501.6953125,101574.3671875,8969117696
1749168000,101543.8203125,102569.1875,101272.953125,102546.6953125,2320834560
1749182400,102551.6640625,103487.25,102462.8984375,103198.1015625,3279048704
1749196800,103209.84375,104010.90625,103209.84375,104004.328125,1726619648
1749211200,104004.5390625,105362.515625,103678.1171875,105098.6015625,1209982976
1749225600,105156.5859375,105324.734375,104173.1015625,104228.1015625,0
1749240000,104290.7578125,104671.125,104262.265625,104390.6484375,0
1749254400,104391.6640625,104973.5234375,104007.3125,104958.9921875,1568436224
1749268800,104957.671875,105377.859375,104744.609375,104946.4921875,0
1749283200,104990.765625,105324.3984375,104815.546875,105133.96875,378245120
1749297600,105197.1015625,105865.21875,105197.1015625,105616.109375,560287744
1749312000,105615.515625,105924.46875,105369.40625,105771.53125,166633472
1749326400,105778.53125,105964.078125,105617.5078125,105617.5078125,0
1749340800,105633.796875,105804.6171875,105461.28125,105543.2109375,1053331456
1749355200,105545.046875,105697.78125,105473.5078125,105473.5078125,0
1749369600,105488.78125,105710.1328125,105083.140625,105706.3203125,585232384
1749384000,105715.421875,106116.0,105595.6953125,106040.9453125,1825931264
1749398400,106038.8671875,106390.3359375,106030.953125,106338.0859375,484528128
1749412800,106347.7265625,106485.609375,105631.6796875,105793.0234375,1717796864
1749427200,105791.4609375,106003.3203125,105411.84375,105691.328125,2436972544
1749441600,105714.2578125,105772.6953125,105402.28125,105640.0078125,3134320640
1749456000,105638.8671875,107848.8515625,105586.3984375,107774.4609375,5639262208
1749470400,107757.421875,108021.890625,106962.0234375,107748.6796875,5246193664
1749484800,107749.1875,108806.828125,107749.1875,108602.9375,4292497408
1749499200,108641.0546875,110393.71875,108549.59375,110295.6875,5825638400
1749513600,110301.3984375,110324.0859375,109436.7890625,109569.8359375,2857607168
1749528000,109593.71875,109739.5859375,109131.2890625,109268.703125,2838749184
1749542400,109265.1015625,109853.6015625,109086.6796875,109551.453125,303226880
1749556800,109578.625,109857.5546875,108400.234375,109028.9765625,2321485824
1749571200,109055.0390625,110336.6484375,108609.1875,109439.390625,2944671744
1749585600,109473.953125,110272.2734375,109306.703125,110261.796875,569237504
1749600000,110250.765625,110259.0625,109578.5078125,109733.734375,931225600
1749614400,109736.0,109736.03125,109375.0,109456.3515625,432140288
1749628800,109454.5234375,109640.234375,109196.6953125,109241.625,1064906752
1749643200,109248.90625,110350.59375,109067.578125,109709.2734375,1868468224
1749657600,109744.3359375,109802.875,108516.7578125,108727.84375,1919619072
1749672000,108724.6171875,109195.5,108160.1953125,108685.9140625,1415499776
1749686400,108687.65625,108775.78125,107752.53125,107871.3515625,2870554624
1749700800,107879.8828125,107996.578125,107447.046875,107611.703125,1946832896
1749715200,107630.8828125,107828.359375,106926.75,106926.75,1318813696
1749729600,106926.4140625,107791.2421875,106642.8046875,107038.265625,102367232
1749744000,107027.0234375,108430.4921875,106716.9375,106767.78125,1914343424
1749758400,106816.0,106961.7890625,105792.265625,105924.59375,4362223616
1749772800,105729.953125,105729.953125,102850.0,104419.1640625,12347265024
1749787200,104375.6171875,104954.6015625,103863.8671875,104945.40625,3349946368
1749801600,104939.3671875,105424.1484375,104496.8984375,105022.0546875,2002092032
1749816000,105064.984375,105705.8671875,104197.9765625,105454.7890625,3585736704
1749830400,105478.0,105993.2265625,104716.9765625,105108.0625,1184292864
1749844800,105099.28125,106157.7890625,105088.9140625,106108.0859375,796336128
1749859200,106109.46875,106200.0,105266.6171875,105298.625,0
1749873600,105291.8984375,105442.390625,104892.84375,105136.234375,0
1749888000,105128.2421875,105171.1953125,104893.0234375,105146.5625,289067008
1749902400,105142.6015625,105169.5546875,104736.84375,104866.84375,8396800
1749916800,104867.0703125,105075.875,104438.7109375,104736.453125,119144448
1749931200,104714.40625,105532.2734375,104415.859375,105464.84375,1746571264
1749945600,105473.734375,105710.328125,105382.4453125,105531.8359375,0
1749960000,105526.4140625,106114.59375,105285.7734375,105487.625,1619617792
1749974400,105473.9921875,105512.1328125,104922.46875,104985.6171875,1872060416
1749988800,105008.6953125,105830.3828125,104998.0390625,105582.1953125,983842816
1750003200,105591.0234375,105787.3671875,105132.984375,105300.0078125,578224128
1750017600,105288.46875,105615.3984375,104539.46875,105555.59375,2897821696
1750032000,105576.9609375,105979.8046875,105027.2890625,105940.2109375,2258882560
1750046400,105924.421875,107227.0625,105912.5078125,107042.75,2993696768
1750060800,107077.4375,107231.5546875,106632.7265625,106875.265625,2234716160
1750075200,106878.2109375,107791.8046875,106556.953125,107417.15625,2540441600
1750089600,107486.234375,108885.359375,107397.6640625,108497.359375,3844603904
1750104000,108668.0390625,108914.875,106794.1171875,106794.1171875,2362171392
1750118400,106798.671875,107723.609375,106247.6796875,107628.9765625,5250646016
1750132800,107627.640625,107682.8046875,106523.234375,106788.078125,864169984
1750147200,106800.5859375,106832.8828125,105529.75,105674.625,2013937664
1750161600,105652.25,105825.8828125,104190.3828125,104269.546875,2664083456
1750176000,104251.2578125,105354.71875,103444.515625,104829.1796875,4042121216
1750190400,104737.2890625,104820.609375,104244.734375,104602.0703125,1918402560
1750204800,104591.59375,105276.4140625,104405.7890625,105189.9921875,390205440
1750219200,105199.2109375,105581.8515625,104819.15625,104975.828125,1516056576
1750233600,105012.296875,105322.6328125,104252.6015625,104860.6875,123801600
1750248000,104863.453125,105316.125,103944.0390625,104841.5234375,843161600
1750262400,104829.3515625,104840.5546875,103661.28125,103935.1484375,791846912
1750276800,103880.5703125,105170.296875,103716.2734375,104886.7734375,1909088256
1750291200,104908.7578125,105218.8515625,104538.8984375,105133.328125,1319571456
1750305600,105117.875,105209.46875,104670.4140625,104670.4140625,872038400
1750320000,104663.71875,105085.8515625,104663.71875,104807.671875,877015040
1750334400,104817.125,104949.125,104141.0,104158.4609375,713973760
1750348800,104121.296875,104837.4609375,103962.421875,104317.65625,0
1750363200,104276.546875,104860.4140625,104168.0078125,104681.03125,691757056
1750377600,104669.265625,104827.03125,104449.0078125,104643.5546875,805900288
1750392000,104633.09375,105840.84375,104257.203125,105840.84375,1383280640
1750406400,105816.234375,106521.8828125,105816.234375,106016.109375,3263709184
1750420800,105997.6640625,106146.609375,103979.390625,104257.9453125,4142206976
1750435200,104228.015625,104269.8515625,102411.9921875,103485.4453125,5844709376
1750449600,103363.84375,103818.4453125,103020.3203125,103315.078125,2121670656
1750464000,103309.8359375,103704.5703125,103165.953125,103554.390625,0
1750478400,103542.7734375,103624.296875,103369.8359375,103471.6484375,0
1750492800,103475.8046875,104001.203125,103475.8046875,103895.7578125,815575040
1750507200,103897.203125,103972.4140625,103428.7734375,103602.328125,0
1750521600,103605.90625,103670.2421875,102276.6484375,102276.6484375,1613066240
1750536000,102283.765625,102879.7109375,101053.640625,102212.03125,4122359808
1750550400,102160.7734375,103256.46875,101934.21875,102403.3046875,6934859776
1750564800,102406.953125,102980.15625,102312.390625,102491.3203125,1460436992
1750579200,102473.1328125,102819.9453125,102172.171875,102781.7578125,2908250112
1750593600,102750.765625,102842.265625,99182.046875,99182.046875,11622789120
1750608000,98947.078125,100305.4609375,98723.6328125,98914.84375,5631635456
1750622400,98939.1171875,101028.953125,98386.765625,100987.4765625,2821742592
1750636800,100891.1171875,101539.4453125,100555.9140625,101157.53125,203980800
1750651200,101189.1953125,102064.9609375,101045.375,101967.265625,1681162240
1750665600,101962.71875,102063.7265625,101210.75,101354.234375,438386688
1750680000,101342.171875,102520.3828125,100888.125,101502.34375,1159589888
1750694400,101473.6953125,103303.03125,99919.1640625,103298.171875,5628522496
1750708800,103236.296875,106052.0,103041.5,105571.515625,5777248256
1750723200,105407.609375,105539.6875,104822.1875,105031.109375,1822023680
1750737600,105011.3046875,105880.46875,104817.8046875,105005.8203125,1859051520
1750752000,105034.796875,105637.75,104760.0,105248.359375,1784205312
1750766400,105268.2109375,105771.65625,104927.65625,105276.109375,0
1750780800,105285.0390625,106295.125,105272.234375,105605.2890625,0
1750795200,105697.1875,106142.59375,105524.7890625,106047.40625,0
1750809600,106102.046875,106817.96875,105885.8359375,106313.6640625,1356603392
1750824000,106297.46875,106751.34375,106105.9609375,106673.75,521506816
1750838400,106666.546875,107243.6953125,106396.203125,107233.0859375,2505551872
1750852800,107199.3984375,108160.78125,106817.453125,107046.5078125,4987719680
1750867200,107072.5390625,107922.1328125,107007.5234375,107737.515625,1629884416
1750881600,107706.7109375,108031.2734375,107173.3125,107375.0703125,20873216
1750896000,107372.0703125,108274.921875,107179.3515625,107899.0390625,1576587264
1750910400,107929.109375,108092.0859375,107566.5625,107866.8828125,230322176
1750924800,107855.8046875,108190.546875,107220.1328125,107365.1328125,1570521088
1750939200,107372.484375,107722.5703125,106702.96875,107252.609375,0
1750953600,107333.4375,107669.4765625,107081.859375,107669.4765625,609959936
1750968000,107576.5234375,107931.59375,106908.84375,106954.921875,2209685504
1750982400,106981.390625,107542.796875,106545.3828125,107524.9140625,2849107968
1750996800,107524.375,107745.96875,106939.234375,106959.1484375,984223744
1751011200,106954.390625,107203.25,106760.4765625,107021.6484375,2547544064
1751025600,107014.8046875,107439.484375,106474.46875,107394.0078125,2549141504
1751040000,107372.234375,107637.90625,106514.46875,106976.109375,1337413632
1751054400,106873.3203125,107287.1875,106854.5390625,107090.546875,1581957120
1751068800,107092.3203125,107353.9375,106898.6640625,107341.84375,0
1751083200,107341.5546875,107528.4765625,107244.421875,107519.4921875,0
1751097600,107512.5,107532.1171875,107308.125,107400.9296875,0
1751112000,107393.96875,107546.125,107138.6640625,107546.125,0
1751126400,107484.96875,107552.6875,107275.7421875,107275.7421875,143134720
1751140800,107262.3359375,107413.7265625,107210.671875,107327.8203125,41895936
1751155200,107321.96875,107507.2265625,107232.7109375,107251.6796875,8538112
1751169600,107256.5078125,107403.9453125,107253.4609375,107377.0703125,93870080
1751184000,107440.3984375,108460.78125,107435.5859375,108460.78125,1391605760
1751198400,108499.40625,108499.40625,107709.203125,107790.5390625,2011543552
1751212800,107788.1484375,107793.9609375,107362.265625,107456.1953125,2202408960
1751227200,107438.9609375,108429.15625,107333.9765625,108388.9765625,2245789696
1751241600,108380.78125,108798.7890625,108295.53125,108551.078125,2386128896
1751256000,108548.4765625,108568.1875,107525.7109375,107655.21875,1802498048
1751270400,107654.1484375,107969.7265625,107460.7578125,107674.0625,662908928
1751284800,107681.3671875,107862.25,106767.9375,107571.4296875,4192600064
1751299200,107581.75,107850.375,107201.5546875,107750.109375,2146070528
1751313600,107778.671875,107778.671875,107028.0234375,107144.3828125,1487716352
1751328000,107167.6953125,107547.9140625,107098.8515625,107240.25,1201967104
1751342400,107230.4609375,107262.1953125,106683.421875,107179.03125,720363520
1751356800,107180.140625,107180.140625,106366.984375,106611.3984375,1706180608
1751371200,106620.203125,107172.6875,105696.8359375,106043.78125,1327955968
1751385600,106027.3203125,106315.8671875,105447.2890625,105486.3984375,4408258560
1751400000,105441.390625,106094.3828125,105310.0859375,105703.1015625,2287030272
1751414400,105695.15625,106224.75,105159.734375,106196.671875,2794893312
1751428800,106206.0390625,107209.6640625,106163.4921875,107175.7265625,2091892736
1751443200,107138.453125,107867.0078125,107138.453125,107506.9921875,1247707136
1751457600,107505.0859375,108795.265625,107225.046875,108795.265625,3855089664
1751472000,108782.4765625,109751.59375,108765.1875,109681.96875,7344111616
1751486400,109749.2109375,109749.2109375,108775.125,108845.015625,3546054656
1751500800,108851.234375,109146.6015625,108607.6796875,108692.96875,576319488
1751515200,108699.109375,109593.03125,108646.5078125,109320.9453125,1565118464
1751529600,109344.8984375,110293.7578125,109344.8984375,109649.375,2226040832
1751544000,109606.515625,110530.453125,108861.40625,109162.9609375,3478261760
1751558400,109196.5,109924.796875,109080.3671875,109820.3515625,0
1751572800,109852.8359375,110031.03125,109587.6171875,109635.65625,30896128
1751587200,109639.265625,109734.90625,109167.8125,109299.890625,597843968
1751601600,109287.2109375,109362.890625,108754.359375,108754.359375,981495808
1751616000,108760.7109375,109136.4140625,108636.359375,108921.5,368332800
1751630400,108946.5078125,109003.8828125,107638.4609375,107681.703125,2148335616
1751644800,107634.984375,107932.2109375,107315.2578125,107492.0078125,1466798080
1751659200,107494.0859375,108290.3203125,107478.890625,108015.8359375,832888832
1751673600,108019.6015625,108306.7265625,107846.3515625,108207.59375,2203828224
1751688000,108200.8984375,108367.2578125,108041.921875,108066.15625,0
1751702400,108064.390625,108271.0,107942.359375,108182.53125,712302592
1751716800,108179.2109375,108245.2734375,108017.234375,108095.359375,0
1751731200,108088.6328125,108206.4296875,107934.9296875,108174.7734375,200714240
1751745600,108171.015625,108262.84375,108035.984375,108231.1875,1083133952
1751760000,108247.4140625,108288.8515625,108072.3125,108088.8515625,638107648
1751774400,108085.359375,108245.515625,107997.78125,108082.5390625,203087872
1751788800,108084.765625,108136.4453125,107848.4375,108095.28125,1090121728
1751803200,108095.796875,109093.9921875,108081.265625,108918.4921875,2957441024
1751817600,108958.71875,108982.203125,108353.9609375,108527.1328125,1727604736
1751832000,108564.65625,109700.84375,108564.65625,109235.328125,3779223552
1751846400,109209.1484375,109661.359375,108709.5546875,109393.21875,2203148288
1751860800,109397.390625,109478.3359375,108722.2421875,109075.921875,2427355136
1751875200,109087.2890625,109087.2890625,108653.484375,108690.28125,2312187904
1751889600,108622.015625,108645.0703125,108011.234375,108305.9140625,1154936832
1751904000,108314.4140625,108458.90625,107530.203125,108141.421875,4958007296
1751918400,108080.5703125,108302.9453125,107825.6953125,108298.2265625,2824732672
1751932800,108280.3828125,108522.578125,107499.5546875,107906.484375,3263307776
1751947200,107912.921875,108508.78125,107802.984375,108475.890625,3097964544
1751961600,108469.078125,108997.453125,108233.140625,108778.9453125,1303277568
1751976000,108775.4609375,109196.1875,108263.71875,108281.640625,2294681600
1751990400,108291.953125,109185.125,108126.171875,108777.4140625,1477111808
1752004800,108777.640625,109002.140625,108650.1796875,108965.1796875,1024057344
1752019200,108957.828125,109154.9921875,108384.734375,108413.1015625,26996736
1752033600,108396.5390625,108895.203125,108362.25,108732.0546875,1275871232
1752048000,108721.953125,109131.3828125,108596.765625,109083.6953125,535298048
1752062400,109082.46875,109758.1484375,108546.234375,109095.4921875,4555997184
1752076800,109118.1875,111907.4921875,109060.84375,111779.75,7556276224
1752091200,111713.4375,111844.03125,110707.265625,111329.1953125,6953488384
1752105600,111301.765625,111554.0234375,110958.6875,111118.078125,2758311936
1752120000,111119.8984375,111458.8359375,110992.328125,111270.6015625,2248204288
1752134400,111269.6796875,111418.984375,110932.546875,111068.4453125,1114230784
1752148800,111064.6328125,111454.234375,110670.671875,111454.234375,699805696
1752163200,111450.65625,113822.90625,111440.078125,113436.828125,8576483328
1752177600,113433.3515625,116595.4609375,113366.0,115986.234375,33725452288
1752192000,115984.171875,116874.21875,115247.2265625,116842.984375,5635383296
1752206400,116889.7109375,118375.0625,116538.546875,117629.5859375,15695273984
1752220800,117585.9921875,118842.6640625,117585.9921875,117918.171875,6724075520
1752235200,117861.453125,118240.75,116814.25,116967.609375,4495237120
1752249600,116901.484375,118149.40625,116661.6171875,118029.4921875,0
1752264000,118047.4609375,118088.0,117279.4296875,117530.7109375,528474112
1752278400,117524.09375,117879.5625,117231.75,117715.078125,0
1752292800,117761.0,118060.3125,117586.234375,117760.8203125,0
1752307200,117761.375,118218.5625,117721.203125,117825.765625,0
1752321600,117857.453125,117871.25,117013.53125,117161.109375,0
1752336000,117138.015625,117666.734375,117109.90625,117565.2890625,0
1752350400,117575.6015625,117575.6015625,117046.921875,117432.203125,799371264
1752364800,117470.078125,117834.703125,117271.6171875,117792.78125,2310955008
1752379200,117787.8828125,118048.15625,117738.0703125,117986.4140625,960425984
1752393600,118000.8828125,118063.078125,117741.5859375,118038.7578125,1082335232
1752408000,118069.6328125,119281.8984375,118044.3671875,118731.765625,3807490048
1752422400,118726.078125,119419.75,118474.6640625,119088.7890625,3633889280
1752436800,119025.6484375,119393.0078125,118384.328125,119115.7890625,1743130624
1752451200,119118.796875,121178.9765625,118961.7734375,120785.5703125,10356121600
1752465600,120771.765625,123077.6328125,120645.8828125,122776.2734375,46568079360
1752480000,122720.3359375,122720.3359375,121354.9921875,121487.484375,2534236160
1752494400,121470.875,122019.328125,119635.109375,119827.234375,66766389248
1752508800,119819.453125,120483.9140625,119206.640625,119836.3125,7667761152
1752523200,119898.90625,120440.1953125,119579.6484375,119853.8515625,1833484288
1752537600,119850.5703125,119933.421875,117072.625,117261.6015625,4024287232
1752552000,117169.671875,117737.3515625,116385.875,116904.0703125,1209679872
1752566400,116772.1953125,117158.2890625,116364.6953125,117140.0390625,91308032
1752580800,117113.6171875,118389.6484375,115765.6875,116382.2734375,4721909760
1752595200,116376.7421875,117617.1328125,116128.328125,116526.4765625,3023437824
1752609600,116501.515625,117969.4609375,116297.28125,117777.1875,2392596480
1752624000,117780.359375,118193.09375,117107.640625,117493.4140625,0
1752638400,117496.40625,118306.0,117284.5859375,118178.3515625,0
1752652800,118222.5234375,119294.4765625,118165.625,118765.2578125,237576192
1752667200,118778.8984375,119764.0703125,118258.3984375,119096.1484375,1373708288
1752681600,119154.46875,119911.6796875,118568.6015625,119255.75,338296832
1752696000,119317.875,120054.640625,118483.9375,118738.5078125,2301968384
1752710400,118722.8046875,119182.7578125,117827.1953125,118144.6875,1339449344
1752724800,118141.6796875,118799.21875,117914.25,118404.8125,1597767680
1752739200,118376.4453125,119145.2109375,118024.015625,118031.359375,1656168448
1752753600,118028.9375,119096.03125,117552.5390625,118933.6328125,1103290368
1752768000,118921.4921875,119910.0703125,118422.4140625,118958.125,1061224448
1752782400,118997.2890625,120989.984375,118507.296875,119284.109375,5069279232
1752796800,119245.2578125,120726.0625,119141.3671875,120309.9765625,1686724608
1752811200,120297.1015625,120808.9765625,119531.0390625,119531.0390625,24203956224
1752825600,119442.8828125,119529.4609375,118483.5625,119234.765625,27291316224
1752840000,119218.6796875,119566.1875,117577.9375,117913.4140625,25702514688
1752854400,117930.1015625,118052.421875,117274.640625,117454.3125,1837539328
1752868800,117457.8984375,118067.6171875,116930.9453125,117998.125,18771218432
1752883200,118006.859375,118432.828125,117722.90625,118357.1484375,417341440
1752897600,118393.671875,118424.3046875,118158.75,118250.859375,0
1752912000,118251.3828125,118540.4453125,118059.515625,118371.65625,0
1752926400,118393.421875,118402.9921875,117721.7890625,118124.7265625,1239105536
1752940800,118088.09375,118179.875,117709.15625,118064.9765625,0
1752955200,118048.3671875,118143.6171875,117411.5703125,117944.109375,76783616
1752969600,117913.4609375,118184.5,117722.3671875,118028.1484375,193200128
1752984000,117988.9140625,118243.0078125,117829.4609375,118073.6796875,0
1752998400,118089.6796875,118303.015625,117866.75,117866.75,3338366976
1753012800,117903.125,118769.4140625,117773.21875,118729.4375,3492810752
1753027200,118713.1171875,118837.25,118056.046875,118253.328125,1564413952
1753041600,118246.40625,118293.515625,116675.8515625,117306.46875,6133559296
1753056000,117214.59375,118636.2578125,116589.15625,118434.7578125,4044771328
1753070400,118438.140625,119619.109375,118219.1875,119341.578125,4630831104
1753084800,119362.09375,119507.8984375,118191.421875,118191.421875,2274394112
1753099200,118198.078125,119231.0,117864.515625,118360.5390625,4356124672
1753113600,118372.1328125,118424.2265625,116729.4453125,116856.4921875,1797349376
1753128000,116762.4375,117657.5859375,116758.1640625,117426.5,2798764032
1753142400,117419.6484375,117957.78125,116342.7890625,117207.8984375,2470969344
1753156800,117237.3828125,118593.4140625,116639.5,117924.3046875,5224349696
1753171200,117970.9375,119224.9296875,117588.6953125,119199.2890625,1480835072
1753185600,119206.25,119514.0,117755.4140625,118934.0390625,4901093376
1753200000,118956.328125,120200.484375,118489.3515625,119278.296875,758259712
1753214400,119295.7421875,120265.5234375,119278.8671875,119997.4453125,3731791872
1753228800,119999.453125,120104.9765625,118612.359375,118624.828125,0
1753243200,118675.7109375,119010.609375,118349.90625,118406.828125,1000898560
1753257600,118401.2578125,118683.1484375,117915.578125,118597.546875,0
1753272000,118593.6015625,118709.4921875,117404.15625,118567.0859375,141737984
1753286400,118642.1875,118642.1875,117438.5625,118449.7890625,1154863104
1753300800,118432.203125,118770.984375,117495.484375,118770.984375,1582137344
1753315200,118779.09375,119284.8671875,118572.4921875,118572.4921875,831299584
1753329600,118561.3203125,118622.2734375,117435.21875,118509.7734375,6854631424
1753344000,118478.9140625,118877.3046875,118047.296875,118711.390625,3648446464
1753358400,118681.2734375,119506.0859375,117969.96875,119151.9921875,1633771520
1753372800,119171.2109375,119472.6484375,118490.8828125,119071.09375,806240256
1753387200,119021.375,119021.375,118272.1640625,118368.0,397180928
1753401600,118378.0546875,118486.9765625,115405.2421875,115427.6015625,11185995776
1753416000,115443.671875,116155.8515625,114798.7265625,115151.2421875,7518101504
1753430400,115335.09375,116774.2734375,115076.5859375,116600.1484375,7415562240
1753444800,116586.6640625,116593.359375,114972.328125,115787.0546875,4749811712
1753459200,115777.9765625,117031.734375,115576.0390625,116763.9375,4214136832
1753473600,116765.3515625,117644.84375,116649.0546875,117644.84375,1543397376
1753488000,117625.3828125,117768.7890625,117201.15625,117553.8046875,0
1753502400,117549.765625,117589.984375,117357.3203125,117360.015625,0
1753516800,117364.359375,118219.609375,117364.359375,117827.984375,0
1753531200,117817.6875,118274.765625,117805.625,118185.640625,0
1753545600,118177.0390625,118324.984375,117999.625,118274.2734375,0
1753560000,118276.5,118276.5,117929.15625,117944.7265625,990928896
1753574400,117991.4453125,118384.3828125,117872.5,118230.5234375,781406208
1753588800,118221.6328125,118440.515625,118128.609375,118154.2890625,0
1753603200,118153.8984375,118335.84375,117905.5078125,118092.28125,764014592
1753617600,118120.7734375,118623.578125,117932.4296875,118623.578125,1393315840
1753632000,118614.6875,119542.9765625,118614.6875,119014.078125,6382575616
1753646400,119005.578125,119792.734375,118766.203125,119457.5234375,3464736768
1753660800,119443.953125,119788.84375,119019.2578125,119302.1953125,2303070208
1753675200,119296.7734375,119676.6640625,118812.4375,118903.453125,3435778048
1753689600,118907.9609375,119103.71875,118534.546875,118807.0546875,3273482240
1753704000,118818.78125,119079.515625,117970.9765625,118196.234375,6151004160
1753718400,118172.640625,118363.9296875,117441.4375,118000.2421875,3130884096
1753732800,118002.34375,118318.6328125,117527.25,117938.5859375,1485529088
1753747200,118016.28125,118799.25,117479.03125,118799.25,2169016320
1753761600,118744.6171875,119273.8671875,118431.859375,118862.734375,1640374272
1753776000,118880.984375,119043.3515625,118196.71875,118592.3046875,1689092096
1753790400,118586.515625,119052.2109375,117303.1640625,117416.234375,3492487168
1753804800,117395.640625,118033.8515625,117028.96875,117571.3984375,2065702912
1753819200,117524.15625,117956.8828125,117093.7890625,117909.7421875,743706624
1753833600,117913.3671875,118242.1484375,117443.3046875,118159.7109375,1569816576
1753848000,118154.046875,118375.109375,117720.546875,118111.359375,0
1753862400,118123.1796875,118471.2421875,117474.1484375,117551.515625,1032929280
1753876800,117584.125,118745.9609375,117419.4609375,117937.5703125,1885327360
1753891200,117980.765625,117980.765625,115869.3359375,117011.015625,5812744192
1753905600,116913.7109375,117904.140625,116913.7109375,117833.6328125,1800052736
1753920000,117838.7109375,118607.46875,117818.5859375,118432.140625,2633605120
1753934400,118473.015625,118902.1640625,118285.5390625,118658.796875,1921523712
1753948800,118687.7109375,118725.0234375,118299.4765625,118342.421875,435355648
1753963200,118351.15625,118657.671875,117855.0859375,118289.8828125,311705600
1753977600,118286.984375,118859.421875,116779.0859375,116779.0859375,1276305408
1753992000,116777.6640625,116873.5546875,115604.3671875,115738.953125,5132820480
1754006400,115722.0078125,116052.7265625,114449.7890625,115640.3046875,7237001216
1754020800,115630.7578125,115900.2109375,114654.59375,114970.40625,3568336896
1754035200,115049.4296875,115295.7578125,114166.6328125,115232.7109375,6355746816
1754049600,115270.125,115938.75,114175.7109375,115368.703125,5758443520
1754064000,115352.6484375,115640.3984375,113209.2265625,113271.96875,2617090048
1754078400,113243.1328125,114033.1640625,112730.125,113320.390625,2710241280
1754092800,113251.890625,113860.2265625,113193.9296875,113841.9375,0
1754107200,113874.0,114013.09375,113471.6875,113970.5234375,318988288
1754121600,113957.9609375,113989.6484375,113414.265625,113745.296875,0
1754136000,113753.140625,113753.140625,112869.921875,112869.921875,0
1754150400,112815.6328125,113377.78125,112014.5546875,112272.171875,118276096
1754164800,112216.15625,113013.3515625,112080.4140625,112525.8046875,0
1754179200,112526.40625,113709.40625,111965.9921875,113631.9609375,2286428160
1754193600,113651.5234375,113697.46875,113328.3359375,113668.7421875,52736000
1754208000,113709.9609375,114237.65625,113574.171875,113885.9375,761425920
1754222400,113864.9609375,114088.9296875,113615.8828125,113946.6640625,0
1754236800,113935.1796875,114724.6171875,113779.796875,114296.34375,0
1754251200,114285.9609375,114567.515625,114080.5390625,114223.921875,1364905984
1754265600,114217.4765625,114984.203125,114143.5390625,114606.0546875,1654022144
1754280000,114596.4453125,114790.765625,114174.5859375,114708.1484375,2037272576
1754294400,114714.421875,114743.8203125,114229.25,114483.3046875,603828224
1754308800,114497.171875,115452.2265625,114208.71875,114849.3359375,3387273216
1754323200,114864.2109375,115711.4140625,114738.0,114743.3359375,4233125888
1754337600,114753.0625,115350.3125,114637.7890625,115072.1875,826155008
1754352000,115074.671875,115088.0625,114257.125,114257.125,18748084224
1754366400,114255.046875,114497.4921875,113831.5234375,113975.359375,2598514688
1754380800,113966.96875,115065.7421875,113915.34375,114819.21875,1859203072
1754395200,114812.5234375,114876.0703125,112720.96875,112835.015625,4458262528
1754409600,112893.3046875,113726.953125,112835.1015625,113687.09375,304365568
1754424000,113721.859375,114174.71875,113335.28125,114140.9140625,2500988928
1754438400,114120.546875,114120.546875,113421.2421875,113551.65625,801484800
1754452800,113508.6640625,114390.71875,113383.046875,114206.1796875,1068703744
1754467200,114218.4765625,114352.8984375,113745.4375,114208.953125,813428736
1754481600,114217.1640625,115471.453125,113793.21875,115471.453125,2034876416
1754496000,115458.9921875,115710.296875,114977.0703125,115205.375,2297909248
1754510400,115279.6015625,115301.96875,114899.3984375,115030.0546875,1282191360
1754524800,114989.9296875,115215.6875,114428.9453125,114567.03125,1392545792
1754539200,114579.71875,114881.34375,114302.2265625,114809.2109375,360841216
1754553600,114801.390625,116797.9140625,114801.390625,116559.3203125,4930072576
1754568000,116550.71875,116814.0625,116071.6015625,116814.0625,2593767424
1754582400,116742.9921875,117562.84375,115709.796875,117494.296875,2015072256
1754596800,117518.5,117652.4140625,117134.796875,117505.5,2849341440
1754611200,117519.6484375,117650.203125,116731.21875,116769.4609375,2859835392
1754625600,116756.859375,116995.234375,116411.0859375,116877.3203125,537014272
1754640000,116809.28125,116945.6875,116411.046875,116929.6640625,3160850432
1754654400,116919.9296875,117239.4453125,115939.8984375,116230.0859375,1423253504
1754668800,116226.0,116915.0625,116046.96875,116437.53125,1660063744
1754683200,116461.078125,117013.2421875,116393.59375,116678.2734375,154746880
1754697600,116675.4765625,116753.59375,116379.140625,116409.6484375,15265792
1754712000,116393.5234375,116965.1796875,116378.53125,116768.0390625,2794131456
1754726400,116776.765625,117882.5703125,116773.609375,117119.1171875,3024433152
1754740800,117114.3046875,117236.1640625,116741.6171875,116853.0625,455589888
1754755200,116890.015625,116952.84375,116566.1171875,116570.796875,0
1754769600,116573.875,116920.9375,116411.359375,116497.71875,2963873792
1754784000,116485.6953125,118460.84375,116485.6953125,118426.71875,6583545856
1754798400,118513.453125,118749.9609375,117535.3125,117818.4609375,2476150784
1754812800,117808.515625,118494.34375,117650.25,118368.125,768000000
1754827200,118352.1953125,119064.3828125,118303.828125,118798.2890625,2849353728
1754841600,118840.7578125,118907.8359375,118436.875,118686.203125,229199872
1754856000,118680.3828125,119313.0625,118109.78125,119306.8125,3479715840
1754870400,119275.765625,122069.453125,119024.75,121819.734375,10466615296
1754884800,121819.734375,122321.09375,121474.9375,121474.9375,4732649472
1754899200,121552.8046875,121758.90625,120330.2109375,120566.5546875,4903985152
1754913600,120580.1640625,120601.6640625,119412.0234375,120298.703125,5644746752
1754928000,120274.6640625,120761.953125,118702.703125,119041.1796875,4019404800
1754942400,119069.25,119142.859375,118244.21875,118717.6640625,1170907136
1754956800,118692.4453125,119282.2421875,118653.796875,118821.9609375,242524160
1754971200,118830.3046875,119166.390625,118479.1328125,119008.7265625,1149059072
1754985600,118984.25,119051.3828125,118233.9140625,118538.09375,0
1755000000,118503.2734375,119922.3984375,118287.1328125,119922.3984375,1794973696
1755014400,119931.0390625,120191.6953125,119235.515625,119680.90625,861511680
1755028800,119633.859375,120238.5234375,119516.0625,120168.9765625,2146131968
1755043200,120122.796875,120127.8984375,119086.6953125,119476.5234375,2409332736
1755057600,119462.859375,119791.2734375,118947.28125,119616.9921875,1503797248
1755072000,119525.0234375,120696.03125,119463.890625,120605.2421875,3247595520
1755086400,120553.5234375,122194.5703125,120141.8671875,120958.8125,7639998464
1755100800,120987.1953125,122833.9921875,120987.1953125,122809.1484375,4433960960
1755115200,122776.171875,123617.78125,122389.515625,123339.3984375,5743149056
1755129600,123341.7890625,124322.2890625,123320.046875,123411.46875,5707030528
1755144000,123385.7578125,123434.03125,121390.3671875,121824.171875,4509646848
1755158400,121679.1171875,122029.578125,120773.1875,120991.6328125,2259099648
1755172800,120989.5390625,121136.59375,117861.6484375,118269.46875,6999531520
1755187200,118185.2265625,118468.0859375,117415.6328125,118128.84375,4112228352
1755201600,118009.6796875,118606.28125,117491.609375,118365.78125,2064760832
1755216000,118369.5234375,119186.390625,118163.7265625,119074.125,583221248
1755230400,119082.140625,119318.265625,118777.1953125,119039.1328125,0
1755244800,119045.8125,119236.25,118707.171875,119092.765625,0
1755259200,119063.6796875,119180.734375,116943.2890625,117359.5390625,1144651776
1755273600,117322.6171875,117874.921875,116933.53125,117005.4921875,2248368128
1755288000,116988.03125,117856.671875,116975.9140625,117398.421875,1300627456
1755302400,117400.25,117996.0625,117317.09375,117511.21875,95674368
1755316800,117563.4765625,117972.375,117407.203125,117716.4453125,2740256768
1755331200,117697.734375,117778.8828125,117333.25,117449.0625,1679294464
1755345600,117471.9609375,117878.2265625,117450.9765625,117767.9140625,0
1755360000,117761.578125,117901.65625,117731.3515625,117767.9921875,195624960
1755374400,117736.015625,117790.984375,117360.578125,117492.7890625,774717440
1755388800,117469.3359375,117815.1484375,117290.15625,117765.3046875,20779008
1755403200,117767.4140625,118294.734375,117761.90625,118071.015625,1911296000
1755417600,118080.25,118508.453125,118010.484375,118369.0,277647360
1755432000,118372.2421875,118563.1015625,118143.78125,118316.7734375,156930048
1755446400,118296.4921875,118371.2265625,117375.875,117640.03125,2987311104
1755460800,117651.453125,118065.2578125,117453.90625,117453.90625,258035712
1755475200,117494.421875,117614.078125,115081.5546875,115407.0625,10337718272
1755489600,115398.6875,115765.796875,115043.21875,115287.9375,4544782336
1755504000,115277.6484375,115454.5546875,114731.1796875,115053.3359375,4502138880
1755518400,115016.4296875,116203.03125,114930.9296875,116203.03125,4930023424
1755532800,116210.2890625,116856.8359375,115904.2265625,116405.7578125,2445844480
1755547200,116360.4140625,117028.4609375,116121.84375,116241.859375,2403745792
1755561600,116271.6015625,116756.0,114874.3828125,114947.203125,427171840
1755576000,114851.71875,115495.6640625,114585.953125,115001.0546875,0
1755590400,115020.03125,115665.671875,114845.21875,115603.1875,1521803264
1755604800,115579.1796875,115906.09375,113644.3984375,113787.046875,4037984256
1755619200,113772.09375,113864.96875,112783.140625,113166.703125,5657518080
1755633600,113177.1328125,113541.453125,112758.0625,112828.0234375,2912534528
1755648000,112852.109375,113643.3671875,112578.671875,113541.34375,2007195648
1755662400,113528.4609375,113820.421875,113451.265625,113451.265625,2302205952
1755676800,113466.0,114021.1875,113099.78125,113596.515625,2839674880
1755691200,113631.84375,114295.6953125,112415.5234375,113373.6171875,2177835008
1755705600,113371.375,114327.890625,113276.453125,114327.890625,1551130624
1755720000,114210.65625,114618.34375,114001.078125,114275.6875,1769496576
1755734400,114209.3359375,114771.703125,113935.7109375,113991.1640625,326995968
1755748800,113978.6328125,114011.5,113613.75,113900.2265625,1756082176
1755763200,113889.75,113984.890625,113054.1015625,113145.5,951054336
1755777600,113100.2578125,113969.453125,112692.859375,112787.421875,795279360
1755792000,112764.4921875,112907.7890625,111998.2421875,112098.296875,993353728
1755806400,112126.984375,112732.3359375,112052.5703125,112433.734375,2350260224
1755820800,112462.859375,113465.9921875,112326.234375,112872.5703125,646316032
1755835200,112889.4609375,113322.9375,112746.4453125,113088.390625,2202734592
1755849600,113075.296875,113271.6796875,112149.6796875,112307.1015625,1991327744
1755864000,112320.546875,117170.0703125,111678.9453125,116548.1640625,15711801344
1755878400,116412.21875,117370.6796875,116138.5078125,116641.0234375,6350249984
1755892800,116626.09375,117136.4609375,116544.0703125,116866.3671875,4665327616
1755907200,116920.8671875,116995.2421875,115439.2890625,115515.0859375,1817378816
1755921600,115513.8984375,115972.3828125,115513.8984375,115735.765625,462168064
1755936000,115765.34375,115816.578125,115192.3046875,115192.3046875,0
1755950400,115209.71875,115417.75,114596.171875,114805.515625,0
1755964800,114786.4296875,115130.609375,114680.375,115092.0390625,0
1755979200,115083.1484375,115387.390625,114987.0,115387.390625,895344640
1755993600,115341.6015625,115574.6875,114927.15625,114992.4921875,297271296
1756008000,114992.4296875,115222.7265625,114817.7109375,114883.2890625,471986176
1756022400,114878.625,114977.53125,114581.65625,114711.46875,1251450880
1756036800,114716.8984375,114789.8203125,114357.6171875,114398.2578125,311169024
1756051200,114387.1640625,114843.671875,111409.109375,112449.1484375,10688753664
1756065600,112441.1015625,113635.75,111874.1875,113456.8984375,13270564864
1756080000,113465.1796875,113599.9296875,112174.9375,113118.7890625,1230585856
1756094400,112920.9296875,112979.21875,111412.125,111457.546875,4717101056
1756108800,111479.4296875,111786.0546875,110932.9921875,111212.9140625,5191630848
1756123200,111332.1640625,112542.4140625,110610.125,112189.828125,6104293376
1756137600,112196.6328125,112931.53125,110787.1953125,110787.1953125,1386004480
1756152000,110681.6796875,111059.7109375,109347.6328125,110124.1015625,5599199232
1756166400,110061.859375,110061.859375,108848.1484375,109869.03125,4084989952
1756180800,109887.8125,110424.1796875,109808.4765625,110296.25,779141120
1756195200,110308.2734375,110429.0,109620.921875,109839.578125,266739712
1756209600,109872.1484375,110638.0078125,109454.8046875,109698.75,1356988416
1756224000,109686.6875,111167.3359375,109468.15625,111146.6171875,1453957120
1756238400,111130.5078125,112368.234375,110980.5078125,111795.7109375,1384022016
1756252800,111798.0,111798.0,110964.9375,111481.5078125,226095104
1756267200,111449.578125,111689.1328125,110669.53125,110675.125,37318656
1756281600,110809.140625,111368.9921875,110467.1171875,111332.21875,4003405824
1756296000,111320.4765625,112619.4140625,111063.8203125,112023.328125,515461120
1756310400,112024.5703125,112601.2890625,111638.5,112014.6796875,537780224
1756324800,112061.1875,112408.921875,111116.78125,111219.0546875,2160062464
1756339200,111261.3671875,112015.8984375,110909.0703125,112015.8984375,42577920
1756353600,112006.796875,113361.6875,111970.390625,113161.2734375,4223639552
1756368000,113144.1875,113356.453125,112850.3671875,112917.171875,1308065792
1756382400,112919.453125,113436.234375,112412.203125,112651.3203125,298897408
1756396800,112666.2265625,113151.2890625,111929.84375,111929.84375,1460137984
1756411200,112002.265625,112564.375,111879.1015625,112564.375,0
1756425600,112571.5234375,112609.453125,111374.9296875,111766.6328125,3171360768
1756440000,111744.1015625,111843.453125,109912.609375,109912.609375,4118921216
1756454400,110011.09375,110268.9921875,109479.6171875,110073.78125,3940065280
1756468800,110098.5625,111122.7109375,108178.3359375,108451.421875,7636488192
1756483200,108394.265625,108822.3046875,108057.3984375,108279.3359375,1941889024
1756497600,108226.9609375,108568.0859375,107577.2578125,108409.40625,5397471232
1756512000,108297.4609375,108413.6953125,107481.96875,108411.421875,2611683328
1756526400,108406.9140625,108643.46875,108129.125,108525.1015625,3072335872
1756540800,108511.9453125,108735.8984375,108432.2890625,108708.3046875,0
1756555200,108636.734375,108921.6953125,108234.0703125,108863.3203125,0
1756569600,108834.3671875,108896.359375,108658.234375,108824.9375,58793984
1756584000,108849.4765625,108849.4765625,108488.5546875,108818.4609375,546185216
1756598400,108823.390625,109485.015625,108823.390625,109194.828125,0
1756612800,109206.90625,109206.90625,108537.7265625,108716.578125,570896384
1756627200,108710.109375,109101.8359375,108367.296875,108399.5859375,1867010048
1756641600,108398.4296875,108802.875,108198.328125,108792.7734375,1816338432
1756656000,108800.4296875,109214.1875,108594.28125,108923.2578125,2985426944
1756670400,108914.359375,109222.7109375,108107.3203125,108228.75,871792640
1756684800,108250.2578125,108384.953125,107423.6328125,107691.9609375,3499171840
1756699200,107681.828125,109362.9140625,107285.796875,109362.9140625,5573017600
1756713600,109709.828125,109830.2265625,108233.1953125,108799.1171875,4086153216
1756728000,108776.453125,109512.0859375,108632.5703125,108739.5,1597616128
1756742400,108826.9453125,109306.6171875,108515.65625,109211.0859375,1475702784
1756756800,109208.625,109356.9609375,107492.140625,109243.0703125,6787117056
1756771200,109212.2578125,110519.984375,108903.71875,110348.9453125,2234851328
1756785600,110310.9765625,110556.90625,110060.0078125,110170.484375,1920831488
1756800000,110247.1171875,110669.25,109632.28125,109632.28125,1147105280
1756814400,109716.6640625,111685.984375,108533.296875,110739.5390625,10303430656
1756828800,110808.984375,111113.765625,110209.7109375,110691.515625,5424021504
1756843200,110780.9453125,111520.5,110771.65625,111194.046875,0
1756857600,111220.8046875,111753.7890625,110917.2109375,111066.8046875,550445056
1756872000,111075.1875,111114.46875,110593.75,111106.625,1127833600
1756886400,111105.78125,111677.0234375,110911.609375,111481.59375,1138827264
1756900800,111477.34375,112500.1796875,111091.890625,112241.46875,0
1756915200,112238.2265625,112526.0390625,111741.9765625,112226.90625,910266368
1756929600,112244.5859375,112283.734375,111688.9921875,111718.1484375,48586752
1756944000,111744.234375,112193.5859375,111217.6015625,111217.6015625,17377939456
1756958400,111192.984375,111347.8515625,110348.5,110547.7421875,2764546048
1756972800,110512.90625,111143.953125,110461.3671875,110837.40625,0
1756987200,110849.5234375,111119.59375,109371.359375,109530.46875,1767346176
1757001600,109523.4296875,110193.546875,109409.0859375,109895.53125,1831981056
1757016000,109844.3046875,111678.6015625,109844.3046875,110723.015625,2709782528
1757030400,110729.4375,111478.21875,110467.9453125,111305.1171875,2858340352
1757044800,111303.3515625,112978.6015625,111170.2421875,112966.625,4041244672
1757059200,112967.1640625,112967.1640625,112149.3203125,112341.5703125,1597317120
1757073600,112342.234375,113283.8125,110376.859375,110702.4921875,12300156928
1757088000,110719.3359375,111528.140625,110238.5703125,111528.140625,1286852608
1757102400,111609.984375,111666.4296875,110551.4296875,110650.5703125,1815048192
1757116800,110652.1640625,111273.9609375,110574.765625,111058.125,1130151936
1757131200,111071.171875,111071.171875,110699.9453125,110836.75,46432256
1757145600,110831.0546875,110949.9140625,110665.9375,110789.0,491196416
1757160000,110795.421875,110993.1015625,110416.796875,110488.421875,0
1757174400,110430.78125,110430.78125,110028.703125,110053.5546875,1571016704
1757188800,110056.1484375,110298.0625,110051.5859375,110221.328125,0
1757203200,110256.1640625,110749.53125,110229.953125,110652.203125,951164928
1757217600,110643.9375,110892.4296875,110510.875,110727.1640625,349732864
1757232000,110761.1953125,111289.5078125,110744.1171875,111246.515625,3796410368
1757246400,111243.015625,111373.484375,111056.15625,111286.8125,1082953728
1757260800,111307.1171875,111352.1875,110875.9609375,111255.8359375,905959424
1757275200,111255.328125,111588.0,111063.4453125,111163.015625,1265190912
1757289600,111142.3828125,111342.140625,110693.453125,111041.9765625,3684335616
1757304000,111039.375,111601.3515625,110911.1484375,111271.1328125,977686528
1757318400,111268.75,112156.03125,111265.1484375,112068.1953125,3458576384
1757332800,112057.0546875,112854.5,111896.8359375,112595.875,6657241088
1757347200,112608.8203125,112642.3359375,112022.578125,112022.578125,1903509504
1757361600,112035.3203125,112452.875,111905.640625,112077.578125,1526267904
1757376000,112052.796875,112074.9140625,111154.515625,111703.9765625,618086400
1757390400,111700.046875,113217.2578125,111644.59375,112989.015625,6187626496
1757404800,112991.265625,113143.078125,112523.546875,112523.546875,979988480
1757419200,112470.359375,112881.1875,110791.4609375,110944.890625,4844089344
1757433600,110893.046875,111384.5625,110815.9921875,111368.671875,953999360
1757448000,111334.5234375,111697.6796875,111121.6015625,111531.25,3704205312
1757462400,111539.0625,111541.515625,110943.1328125,111502.8828125,2052505600
1757476800,111518.578125,112523.78125,111400.5859375,112519.7109375,2373730304
1757491200,112527.6015625,112786.7265625,112150.9296875,112280.671875,3272183808
1757505600,112297.1953125,114273.765625,112297.1953125,113882.9921875,8052121600
1757520000,113873.4296875,114047.515625,113182.9921875,113526.3203125,3428179968
1757534400,113597.1171875,114024.8828125,113597.1171875,113961.4296875,1292312576
1757548800,113963.09375,114413.3515625,113723.5390625,114413.3515625,0
1757563200,114414.1328125,114456.7578125,113991.0,114071.8046875,804433920
1757577600,114093.453125,114177.046875,113796.6015625,114000.4453125,0
1757592000,114017.7421875,114688.921875,113477.2734375,114170.0,992927744
1757606400,114200.7578125,114597.015625,114139.515625,114501.234375,1283981312
1757620800,114475.2578125,115516.46875,114276.1484375,115507.7890625,1130033152
1757635200,115509.0078125,116313.515625,115094.921875,115220.484375,6253064192
1757649600,115212.5859375,115676.625,115119.1796875,115135.9921875,2593009664
1757664000,115137.4296875,115243.7265625,114886.8125,114938.0546875,1851052032
1757678400,114950.421875,115482.4609375,114804.1484375,115153.8828125,257040384
1757692800,115143.40625,116757.53125,115111.78125,116737.328125,6374981632
1757707200,116742.59375,116742.59375,115833.453125,116093.5625,1788137472
1757721600,116104.3125,116324.7109375,115748.4140625,115982.34375,90005504
1757736000,115987.9375,115987.9375,115715.4765625,115848.1640625,0
1757750400,115837.9375,116203.2109375,115826.25,116030.7734375,1107873792
1757764800,116035.7265625,116076.9140625,115651.375,115805.0546875,141111296
1757779200,115813.9296875,115854.96875,115267.875,115818.53125,1044320256
1757793600,115834.5234375,116030.765625,115834.5234375,115950.2890625,0
1757808000,115973.2734375,116106.2109375,115703.71875,115703.71875,635744256
1757822400,115726.7109375,115962.1171875,115547.2421875,115861.3203125,1448028160
1757836800,115852.65625,116180.9765625,115801.0078125,115822.6015625,876052480
1757851200,115823.5625,115883.1640625,115266.046875,115268.5859375,3118528512
1757865600,115275.0234375,115684.28125,115247.9375,115641.296875,688816128
1757880000,115647.2890625,116125.625,115222.3984375,115399.6328125,1512656896
1757894400,115377.84375,115597.46875,114914.4140625,115557.875,1790187520
1757908800,115498.6875,116728.8046875,115443.796875,115852.203125,3667515392
1757923200,115847.5078125,115847.5078125,114684.9765625,115141.7890625,8268607488
1757937600,115078.7421875,115078.7421875,114461.0625,114924.40625,6255165440
1757952000,114908.6953125,115539.0546875,114682.4609375,115306.9609375,3233222656
1757966400,115320.3671875,115614.8515625,115252.890625,115423.7578125,2272075776
1757980800,115409.3046875,115497.015625,115013.296875,115396.15625,145477632
1757995200,115373.046875,116063.2578125,115052.5390625,115793.6328125,107380736
1758009600,115825.875,115977.1328125,115277.6484375,115324.4921875,328523776
1758024000,115316.625,115817.6328125,114836.9765625,115817.6328125,811401216
1758038400,115877.859375,116899.6875,115657.3125,116838.1953125,3620720640
1758052800,116803.6875,117005.2734375,116640.6015625,116840.5078125,2386341888
1758067200,116850.6015625,117077.015625,116478.84375,116496.1328125,1038876672
1758081600,116461.4296875,117307.265625,116224.40625,117231.4375,2554241024
1758096000,117231.09375,117231.09375,116302.6484375,116302.6484375,3337146368
1758110400,116302.0625,116501.5078125,115546.03125,115905.0703125,2006638592
1758124800,115865.7578125,116262.7109375,114794.9765625,115696.234375,11569242112
1758139200,115729.7109375,117002.515625,115445.453125,116461.265625,2162814976
1758153600,116467.4296875,117898.7734375,116196.5625,117653.3359375,7105687552
1758168000,117759.6640625,117762.78125,116939.6484375,117099.4375,2697506816
1758182400,117105.71875,117368.875,117052.8125,117081.515625,904450048
1758196800,117090.3984375,117852.9765625,117035.140625,117697.25,2303578112
1758211200,117631.9296875,117898.1640625,117236.7734375,117427.1640625,0
1758225600,117486.6015625,117705.625,116696.75,117137.671875,5836800
1758240000,117145.1953125,117475.3515625,116949.7578125,117009.984375,340508672
1758254400,117017.921875,117126.15625,116732.1640625,116967.1640625,680681472
1758268800,116967.28125,117140.1640625,116370.609375,116426.0390625,1146802176
1758283200,116452.109375,116524.375,115558.5390625,115936.1796875,2014547968
1758297600,115938.2734375,116161.7421875,115179.890625,115209.8828125,1087025152
1758312000,115175.921875,115694.890625,115163.265625,115691.125,1421049856
1758326400,115692.296875,115775.0234375,115492.8984375,115522.9140625,361943040
1758340800,115524.921875,116045.046875,115488.640625,116007.2421875,172417024
1758355200,116021.7734375,116022.3203125,115718.8046875,115955.46875,824131584
1758369600,115952.671875,116180.5234375,115865.8046875,116035.3828125,0
1758384000,116037.046875,116130.8203125,115769.09375,115790.46875,23228416
1758398400,115775.234375,115999.984375,115683.046875,115730.2265625,106397696
1758412800,115732.8046875,115785.5546875,115536.5078125,115710.53125,64616448
1758427200,115745.9375,115871.125,115560.2109375,115867.5859375,2003953664
1758441600,115879.21875,115898.25,115433.453125,115668.5234375,1824057344
1758456000,115669.6328125,115825.4609375,115542.9765625,115609.6875,306804736
1758470400,115599.875,115705.8515625,115300.2890625,115562.171875,0
1758484800,115572.4765625,115613.7890625,115257.2890625,115309.21875,2167056384
1758499200,115270.71875,115430.6328125,114280.0625,114676.9453125,8025530368
1758513600,114694.671875,114695.0234375,112227.046875,112604.6171875,16140355584
1758528000,112590.234375,113021.0,112262.65625,112946.9609375,7068409856
1758542400,112956.3359375,113483.96875,112502.59375,112926.9609375,7900758016
1758556800,112909.296875,112951.125,112066.0,112236.9921875,4793540608
1758571200,112184.2890625,113055.1171875,112098.09375,112757.4765625,4940713984
1758585600,112771.75,112890.109375,111605.90625,112370.6875,2329772032
1758600000,112439.0234375,113151.25,111965.390625,113151.25,633769984
1758614400,113150.4296875,113316.75,112782.3046875,113020.6484375,38658048
1758628800,113038.796875,113288.65625,112557.15625,112915.5625,292044800
1758643200,112926.6875,113008.765625,111599.8203125,111654.03125,2187145216
1758657600,111676.875,112250.734375,111567.359375,112007.6640625,676298752
1758672000,112017.4375,112504.0625,111755.1015625,111758.4921875,1234255872
1758686400,111757.7734375,112801.765625,111384.296875,112557.390625,2139701248
1758700800,112590.59375,113186.7890625,112449.640625,113059.296875,1371361280
1758715200,113054.8203125,113908.0625,112853.421875,113425.5,2523484160
1758729600,113368.5625,113981.8984375,113225.6953125,113483.6640625,0
1758744000,113494.3046875,113686.2421875,113254.0078125,113330.1640625,1190600704
1758758400,113340.0625,113540.625,112407.734375,112568.765625,2311499776
1758772800,112542.5859375,112606.0390625,111525.8828125,111778.8203125,2645164032
1758787200,111781.4609375,112214.4765625,111380.2109375,111380.2109375,2535649280
1758801600,111378.28125,111757.7265625,110710.015625,111532.453125,8049319936
1758816000,111594.4453125,111695.0546875,108725.28125,109417.9296875,12313378816
1758830400,109351.2109375,109690.1328125,108948.1015625,109041.296875,3083091968
1758844800,109014.1015625,109835.8125,108919.4375,109632.96875,904896512
1758859200,109634.6875,109684.1171875,109032.390625,109342.9296875,4756365312
1758873600,109467.203125,109770.34375,108754.2578125,109177.6875,1898340352
1758888000,109149.6328125,109783.3046875,108884.171875,109108.59375,1357930496
1758902400,109073.8046875,110340.0390625,109073.8046875,109220.7109375,0
1758916800,109237.96875,109720.859375,109161.703125,109716.9140625,254251008
1758931200,109702.3671875,109772.25,109399.9765625,109595.734375,461611008
1758945600,109597.8203125,109758.765625,109393.5625,109453.53125,633298944
1758960000,109444.7265625,109504.015625,109160.3515625,109351.46875,0
1758974400,109350.15625,109491.625,109273.2109375,109434.171875,0
1758988800,109418.5703125,109476.5859375,109306.4375,109464.71875,0
1759003200,109473.125,109749.3359375,109407.6796875,109663.03125,0
1759017600,109687.5703125,109807.171875,109406.2109375,109487.4765625,1741299712
1759032000,109484.078125,109560.71875,109338.0703125,109539.3828125,0
1759046400,109581.1328125,109599.5546875,109298.015625,109434.8125,1138212864
1759060800,109418.65625,110062.9609375,109240.3125,110062.9609375,2166157312
1759075200,110064.65625,110393.2109375,110035.0546875,110351.71875,1997180928
1759089600,110366.7578125,112364.7890625,110338.28125,112117.875,6808475648
1759104000,112201.1640625,112345.6953125,111645.9296875,111856.875,3539687424
1759118400,111881.34375,111927.453125,111608.578125,111864.265625,4336693248
1759132800,111880.7578125,112372.40625,111880.7578125,112139.6484375,4950941696
1759147200,112128.0234375,114284.34375,111969.1171875,113873.5390625,11148201984
1759161600,113862.5625,114370.828125,113550.125,114370.828125,3709943808
1759176000,114300.7109375,114459.59375,114091.0234375,114396.5234375,2658496512
1759190400,114389.28125,114800.2578125,114142.3984375,114430.6875,508784640
1759204800,114435.53125,114435.53125,113678.671875,113774.921875,2592788480
1759219200,113764.7890625,113772.375,112740.5625,113131.5625,2565935104
1759233600,113100.8828125,113664.046875,112943.25,113146.1015625,82071552
1759248000,113143.59375,114540.09375,112817.1953125,114451.2109375,1610199040
1759262400,114394.5390625,114739.0234375,113803.8203125,114057.59375,2132578304
1759276800,114078.0078125,114526.3671875,113984.9375,114211.859375,598294528
1759291200,114210.84375,114714.203125,114210.1484375,114596.953125,1492398080
1759305600,114584.78125,116776.359375,114533.5078125,116769.90625,6518558720
1759320000,116816.34375,117593.390625,116415.578125,117421.9140625,4314136576
1759334400,117476.3984375,118139.828125,116837.90625,117455.1640625,4477657088
1759348800,117490.703125,118652.3828125,117248.5625,118652.3828125,2464161792
1759363200,118625.8046875,119451.0703125,118498.1171875,118801.8203125,5609046016
1759377600,118791.1875,118950.3203125,118413.171875,118562.671875,418619392
1759392000,118607.8515625,118912.0078125,118432.34375,118811.609375,0
1759406400,118820.9296875,119966.578125,118635.75,119966.578125,1717993472
1759420800,119974.15625,121047.34375,119494.0390625,120844.0546875,4410146816
1759435200,120897.1953125,120965.375,120160.0390625,120656.984375,1616986112
1759449600,120606.3203125,120606.3203125,119953.234375,120325.453125,0
1759464000,120312.9765625,120359.5234375,119731.375,119745.015625,1994543104
1759478400,119750.390625,120585.265625,119350.9609375,120438.4375,6669750272
1759492800,120434.2890625,122234.078125,120028.78125,122234.078125,0
1759507200,122564.96875,123919.5546875,121576.0546875,122724.0078125,22395318272
1759521600,122736.21875,122794.953125,122088.40625,122267.46875,850616320
1759536000,122276.53125,122330.890625,121788.078125,122326.6328125,669474816
1759550400,122344.59375,122829.984375,122306.890625,122353.90625,1528061952
1759564800,122347.9609375,122584.9453125,122041.546875,122057.734375,0
1759579200,122041.1875,122498.4375,121769.1875,121813.265625,0
1759593600,121827.3515625,121987.2109375,121591.8984375,121952.3515625,0
1759608000,121981.8828125,122418.1875,121934.0078125,122416.4921875,255746048
1759622400,122443.71875,124278.71875,122206.15625,123789.421875,7275864064
1759636800,123836.546875,125559.2109375,123836.546875,124878.234375,15087755264
1759651200,124742.640625,124792.8984375,122630.2265625,123516.5234375,9247846400
1759665600,123490.3203125,123490.3203125,122740.53125,122849.703125,2716504064
1759680000,122840.3515625,123464.453125,122460.3671875,122587.2421875,2315722752
1759694400,122549.6484375,123551.046875,122549.6484375,123510.453125,3492896768
1759708800,123508.1484375,124301.5,123199.578125,123893.6484375,4168310784
1759723200,123883.109375,124093.8125,123369.671875,123395.75,0
1759737600,123412.109375,124498.140625,123412.109375,124266.9375,1399029760
1759752000,124267.609375,125384.8671875,124257.1015625,125106.9140625,8353431552
1759766400,125033.015625,126149.0234375,124865.4140625,125424.2578125,7420727296
1759780800,125420.203125,125532.2109375,124688.8984375,124752.140625,4569661440
1759795200,124726.34375,125097.65625,124209.2265625,124361.3046875,1364807680
1759809600,124363.9453125,124633.703125,123670.8515625,123712.234375,1352982528
1759824000,123715.4296875,124565.140625,123492.21875,124520.2890625,277749760
1759838400,124540.578125,125170.734375,121428.3515625,121813.796875,7764865024
1759852800,121853.296875,122069.546875,120716.625,121771.6875,5522210816
1759867200,121742.6640625,122326.6328125,121461.640625,121461.640625,246145024
1759881600,121408.8828125,122262.6796875,121360.0390625,121418.9140625,3573153792
1759896000,121411.4453125,121934.15625,121130.4453125,121543.6484375,3035406336
1759910400,121623.265625,123216.53125,121602.6484375,122921.1796875,2770714624
1759924800,122921.0546875,123247.5625,121875.8046875,122207.5234375,0
1759939200,122209.78125,124144.6328125,122195.359375,123520.203125,929906688
1759953600,123500.1640625,123683.6953125,122903.1953125,123337.0703125,692396032
1759968000,123379.09375,123379.09375,121600.2578125,122064.671875,901435392
1759982400,122070.1015625,122273.9453125,121833.1171875,121932.7265625,0
1759996800,121949.5859375,122863.3203125,121191.40625,122818.3671875,1363464192
1760011200,122780.203125,123725.40625,120835.2109375,121213.40625,9141645312
1760025600,121196.8515625,121456.703125,119892.359375,121013.578125,5194436608
1760040000,120998.796875,121806.3203125,120928.1484375,121704.7421875,2784141312
1760054400,121727.234375,121933.6328125,121037.40625,121161.203125,2292744192
1760068800,121151.4921875,121770.28125,121035.796875,121035.796875,3926515712
1760083200,120972.0234375,121798.28125,120972.0234375,121623.3125,847249408
1760097600,121604.1875,122498.6015625,118579.5390625,119072.296875,9223450624
1760112000,119040.3046875,119418.9765625,116060.9296875,116787.390625,10058104832
1760126400,116673.0,117144.265625,105270.140625,113236.4296875,70231711744
1760140800,112980.5859375,113411.9609375,111226.546875,112425.484375,22225534976
1760155200,112348.4609375,113060.890625,110320.6953125,110320.6953125,13133398016
1760169600,110451.0078125,112437.953125,110320.0859375,112351.6875,10881171456
1760184000,112306.0703125,112617.640625,111975.2890625,111975.2890625,4185358336
1760198400,111941.9765625,112285.1484375,111060.015625,111225.9375,0
1760212800,111429.796875,111429.796875,109817.7734375,110811.515625,0
1760227200,110718.3671875,111341.34375,109730.1953125,110776.8984375,0
1760241600,110781.1015625,112014.2109375,110774.890625,111632.46875,0
1760256000,111657.7265625,112069.140625,111289.7421875,111870.453125,0
1760270400,111882.265625,113726.7109375,111256.140625,113342.6484375,11498516480
1760284800,113273.0703125,114722.65625,113273.0703125,114407.2109375,10484842496
1760299200,114417.3203125,115714.765625,114417.3203125,115161.6796875,5634433024
1760313600,115091.0390625,115899.328125,114815.6875,114913.0625,818102272
1760328000,115022.8125,115600.234375,114552.625,115423.5,2902712320
1760342400,115449.609375,115484.5390625,114033.171875,114382.3203125,2469462016
1760356800,114310.40625,115538.640625,113987.109375,114502.875,1896923136
1760371200,114424.1640625,115986.171875,114358.5546875,115891.1484375,200949760
1760385600,115924.75,115960.4140625,115133.953125,115264.8828125,0
1760400000,115261.4453125,115466.7734375,113413.3671875,113584.578125,3134038016
1760414400,113622.3671875,113688.5078125,111616.8203125,111616.8203125,4730363904
1760428800,111796.984375,112216.0859375,110187.1484375,111449.859375,7359070208
1760443200,111430.3046875,112800.46875,110034.8671875,112735.875,3125387264
1760457600,112944.9140625,113515.8671875,111937.3125,112671.1171875,9423446016
1760472000,112735.984375,113579.2890625,112367.9140625,113112.265625,1942183936
1760486400,113084.546875,113559.046875,111919.59375,112074.15625,921640960
1760500800,112084.0703125,112740.828125,111891.453125,112611.09375,419807232
1760515200,112617.3046875,113538.0859375,111992.0859375,111992.0859375,1532633088
1760529600,111959.9453125,112285.265625,110581.0546875,110767.4765625,1161035776
1760544000,110846.453125,111579.328125,110322.578125,111323.5,0
1760558400,111416.5859375,111581.8125,110637.09375,110777.1171875,1439940608
1760572800,110797.3046875,111869.2265625,110431.5078125,111498.2890625,466321408
1760587200,111466.8515625,111748.5703125,110624.953125,110624.953125,2826698752
1760601600,110658.0859375,111700.3984375,109752.9921875,111442.0859375,4756144128
1760616000,111453.734375,111955.5625,108573.7421875,108573.7421875,3675586560
1760630400,108400.109375,109192.921875,107800.3984375,108320.6640625,13324042240
1760644800,108226.6484375,108462.453125,107554.3515625,108179.1328125,1715093504
1760659200,108110.6875,109190.796875,108016.4140625,109190.796875,761987072
1760673600,109162.640625,109204.953125,105566.015625,105566.015625,9058770944
1760688000,105586.390625,106356.6875,103598.4296875,105670.03125,17057988608
1760702400,105673.28125,106720.640625,104678.1875,106720.640625,3183968256
1760716800,106816.984375,107397.3359375,106113.7265625,106490.15625,0
1760731200,106490.46875,107449.5546875,106410.296875,106483.734375,2302754816
1760745600,106474.34375,107317.7109375,106408.53125,107104.234375,2848522240
1760760000,106985.1328125,107480.40625,106489.4140625,106838.46875,327884800
1760774400,106729.1328125,107172.78125,106710.6953125,107014.1640625,0
1760788800,107252.15625,107340.984375,106827.03125,106986.8203125,0
1760803200,106987.2265625,107101.359375,106569.609375,107077.109375,0
1760817600,107102.859375,107298.28125,106919.8203125,107171.265625,2621440
1760832000,107198.890625,107332.8828125,106789.046875,107303.8828125,0
1760846400,107285.515625,107285.515625,106624.8125,106802.0234375,2987522048
1760860800,106808.8203125,108186.9296875,106175.34375,107820.734375,7315554304
1760875200,107815.2109375,108603.8984375,107441.4375,108495.3125,5533270016
1760889600,108542.15625,109465.265625,108336.5,108965.1953125,3875741696
1760904000,108961.015625,109379.8359375,108529.453125,108663.375,2264248320
1760918400,108671.8125,110430.0625,107574.75,110211.2109375,6378799104
1760932800,110288.9921875,111402.65625,110031.96875,111211.859375,8817889280
1760947200,111209.65625,111596.296875,110696.2109375,111014.3671875,10694656
1760961600,111027.7578125,111711.03125,110627.2109375,111300.4921875,767758336
1760976000,111298.328125,111323.765625,109972.09375,110878.4609375,10741018624
1760990400,110856.1875,111248.390625,110477.1640625,110588.9296875,726220800
1761004800,110587.6328125,110587.6328125,109181.9453125,109181.9453125,1308925952
1761019200,109155.5,109155.5,107545.8515625,108122.0234375,3412430848
1761033600,108131.34375,108738.203125,107534.75,108604.484375,862990336
1761048000,108615.484375,113536.0234375,108292.515625,113351.0390625,15977160704
1761062400,113440.3828125,113938.7890625,111592.6796875,111920.5234375,14234402816
1761076800,111831.59375,111831.59375,108283.7578125,108491.53125,11055751168
1761091200,108380.0078125,108650.078125,107950.9765625,108249.3671875,5713149952
1761105600,108272.5546875,108673.1171875,107701.4140625,108344.0,989192192
1761120000,108383.4765625,108395.0078125,106965.2265625,107582.3359375,3664289792
1761134400,107596.7578125,109070.765625,107561.6484375,108365.640625,1955995648
1761148800,108403.4609375,108731.6328125,107530.6953125,107788.953125,0
1761163200,107837.4140625,108003.6796875,106793.546875,107679.4375,1144242176
1761177600,107609.4375,108727.1953125,107563.6640625,108404.8828125,153485312
1761192000,108407.25,110241.65625,108401.6875,109303.3203125,1859813376
1761206400,109303.4765625,109848.3046875,109187.59375,109244.2265625,1166163968
1761220800,109274.3203125,110099.7890625,108804.1796875,109981.8828125,655581184
1761235200,109975.2421875,111282.578125,109724.3984375,110331.484375,1492520960
1761249600,110272.0546875,110272.0546875,109490.9609375,110069.3515625,0
1761264000,110115.0625,110779.78125,110034.703125,110477.9296875,119934976
1761278400,110489.25,111496.4921875,110406.65625,111111.8203125,784236544
1761292800,111097.8515625,111477.671875,110664.8984375,111063.3984375,973201408
1761307200,111150.4453125,111842.53125,109832.2109375,110044.8046875,3929620480
1761321600,110065.1015625,110941.1796875,109866.6953125,110626.46875,525914112
1761336000,110648.4375,111163.3125,110541.46875,111032.6171875,1177034752
1761350400,111042.21875,111227.4296875,110704.40625,111074.65625,276320256
1761364800,111056.578125,111735.1875,111056.578125,111519.5625,0
1761379200,111525.0859375,111840.796875,111445.4140625,111606.1484375,0
1761393600,111598.2890625,111934.421875,111380.9765625,111404.171875,0
1761408000,111412.9921875,111734.609375,111228.3125,111622.515625,5172193280
1761422400,111628.8515625,111691.6953125,111367.8671875,111639.0546875,739653632
1761436800,111650.640625,111869.8515625,111284.1953125,111288.1171875,545603584
1761451200,111286.78125,111726.8828125,111268.546875,111718.9140625,0
1761465600,111734.4140625,113329.3828125,111734.4140625,113275.234375,3804991488
1761480000,113292.453125,113895.5703125,113292.453125,113693.71875,5864294400
1761494400,113695.7890625,113748.1328125,113315.171875,113562.71875,2110214144
1761508800,113583.4375,115017.4765625,113034.421875,114479.8515625,7158444032
1761523200,114557.6640625,115432.1953125,114431.703125,114961.671875,4477079552
1761537600,114976.34375,116078.65625,114969.3515625,115579.359375,9930665984
1761552000,115562.3515625,115563.3984375,114835.796875,115418.453125,3725279232
1761566400,115365.765625,115365.765625,114604.078125,114995.8984375,3857801216
1761580800,114951.2265625,115759.40625,114798.515625,114914.3359375,2438479872
1761595200,114897.9609375,114897.9609375,113899.0,114129.0859375,3192557568
1761609600,114117.03125,114499.421875,113712.25,113933.46875,23896064
1761624000,113909.2890625,114296.1640625,113588.09375,114215.25,836431872
1761638400,114200.59375,114615.4921875,114134.3046875,114347.1484375,466837504
1761652800,114347.9140625,116049.546875,114139.484375,114707.984375,4711825408
1761667200,114636.796875,115559.265625,113601.609375,113635.1953125,4365750272
1761681600,113662.3828125,113662.3828125,112291.6796875,112921.328125,8432340992
1761696000,112849.84375,112907.9375,112127.2890625,112539.2265625,2106032128
1761710400,112543.6796875,113547.703125,112543.6796875,113547.703125,478453760
1761724800,113565.203125,113626.5390625,112819.484375,113180.046875,2665177088
1761739200,113164.171875,113612.2578125,111492.3828125,111546.140625,168816640
1761753600,111540.6171875,111974.9140625,109653.421875,110716.0859375,7114055680
1761768000,110716.0859375,111806.6015625,109900.125,110059.1953125,9568256
1761782400,110066.0,110986.09375,109768.8046875,110646.21875,591691776
1761796800,110726.90625,111585.46875,108085.6953125,111356.84375,10375954432
1761811200,111341.515625,111342.8671875,109784.4609375,109796.4765625,2640625664
1761825600,109776.0234375,109776.0234375,107389.28125,107748.8828125,5778669568
1761840000,107714.4609375,108210.4375,106452.8984375,106452.8984375,1505607680
1761854400,106510.9609375,108304.4140625,106398.71875,108304.4140625,2536693760
1761868800,108288.2734375,109985.84375,108288.2734375,109224.1875,3689480192
1761883200,109211.8515625,110142.8515625,109141.5625,109461.15625,0
1761897600,109421.9921875,110351.1171875,109186.0390625,110351.1171875,2416336896
1761912000,110299.34375,111004.484375,109489.2578125,110160.484375,3826196480
1761926400,110169.2421875,110202.078125,108605.5546875,109818.265625,2784800768
1761940800,109806.0859375,109806.0859375,109279.1875,109558.625,790495232
1761955200,109559.015625,110207.2265625,109373.3203125,110170.6484375,0
1761969600,110167.9453125,110390.5390625,109905.6796875,110013.703125,0
1761984000,110004.578125,110184.9453125,109812.46875,110065.5,0
1761998400,110089.96875,110328.2109375,109702.1953125,110190.203125,0
1762012800,110297.8046875,110548.96875,110233.71875,110383.53125,0
1762027200,110366.375,110551.515625,109864.7421875,110064.4296875,734828544
1762041600,110033.5546875,110141.8203125,109871.640625,109994.1796875,23160832
1762056000,109999.671875,110980.5546875,109988.9921875,110886.0078125,3686948864
1762070400,110925.125,111123.921875,110361.7109375,111113.234375,3077697536
1762084800,111133.6640625,111152.6953125,110125.2421875,110125.2421875,2255190016
1762099200,109958.9609375,110315.734375,109747.109375,110172.5859375,1097046016
1762113600,110173.359375,110678.5546875,109559.1015625,110646.90625,3376726016
1762128000,110528.0390625,110713.7109375,107971.4453125,108007.796875,5989750784
1762142400,107975.9609375,107997.7890625,107065.546875,107652.0625,4279066624
1762156800,107493.0,107876.28125,106909.953125,107782.328125,2993979392
1762171200,107779.640625,108271.5703125,105654.4765625,105821.1953125,9294614528
1762185600,105724.4609375,107618.6640625,105369.6328125,107110.515625,13236240384
1762200000,107027.671875,107121.203125,105910.6796875,106541.421875,5551247360
1762214400,106557.8046875,107188.703125,105893.09375,107136.75,1371676672
1762228800,107118.2578125,107231.1796875,104219.1484375,104495.375,7970332672
1762243200,104444.53125,104574.4375,103608.5,104541.5859375,3785515008
1762257600,104513.828125,104711.625,102943.9921875,103363.5625,5052547072
1762272000,103218.9296875,103445.09375,100022.8203125,100452.5,8488165376
1762286400,100458.046875,101678.9140625,99065.5546875,101579.234375,20143300608
1762300800,101517.0859375,102224.7734375,99008.890625,102118.2734375,9444605952
1762315200,102094.71875,102264.515625,101556.5546875,102066.140625,3912007680
1762329600,102026.765625,102110.9140625,101204.78125,101998.875,191365120
1762344000,102076.40625,103728.90625,101956.9140625,103686.015625,264273920
1762358400,103708.40625,104436.1328125,103135.40625,104103.484375,0
1762372800,104084.8203125,104501.3515625,103324.578125,103893.6640625,7987200
1762387200,103896.96875,103900.0703125,102842.328125,103681.921875,0
1762401600,103622.421875,104147.3046875,102948.1015625,103235.3984375,325808128
1762416000,103189.03125,103384.8203125,102687.1875,103199.3515625,1716977664
1762430400,103199.8984375,103516.9375,101737.375,101944.7265625,1805344768
1762444800,101975.71875,102233.90625,100342.953125,101487.046875,1965658112
1762459200,101365.96875,101526.890625,100562.203125,101286.2421875,4286447616
1762473600,101298.1328125,102314.984375,100749.15625,101893.6640625,3442405376
1762488000,101869.5234375,102431.7421875,101537.8046875,101970.90625,5783252992
1762502400,101967.6640625,101967.6640625,99842.5078125,100313.25,5813968896
1762516800,100349.6015625,101149.421875,99309.9609375,100866.7578125,9595265024
1762531200,100764.2109375,103244.1796875,100492.5859375,103244.1796875,6270205952
1762545600,103339.796875,104036.640625,102958.6875,103373.3671875,3113623552
1762560000,103296.953125,103359.0625,102569.5078125,102600.0390625,0
1762574400,102630.40625,102748.40625,101911.6015625,102301.4140625,898064384
1762588800,102309.9921875,102619.5078125,101760.0859375,101775.734375,0
1762603200,101804.6171875,102154.59375,101463.1953125,101637.4375,0
1762617600,101678.3046875,102201.7421875,101535.1015625,101920.5546875,0
1762632000,101955.2890625,102455.3203125,101951.0078125,102278.984375,0
1762646400,102287.390625,102307.6328125,101468.875,101650.90625,0
1762660800,101634.7421875,102064.609375,101632.546875,101885.4609375,1054281728
1762675200,101922.34375,102266.2890625,101524.90625,102188.7109375,1512091648
1762689600,102208.90625,104012.7421875,102055.9140625,103758.5078125,4333047808
1762704000,103730.7734375,104786.1875,103345.8515625,104786.1875,1236344832
1762718400,104788.0625,105253.3046875,104189.84375,104723.7734375,6383652864
1762732800,104725.828125,106529.5234375,104365.1796875,106007.0859375,8608260096
1762747200,106021.4296875,106511.3125,105859.90625,106421.890625,1597992960
1762761600,106442.296875,106545.859375,105916.5,106184.1953125,2375245824
1762776000,106184.328125,106535.1328125,104727.78125,104979.7734375,3541049344
1762790400,105024.46875,106009.125,104823.875,105806.75,2210488320
1762804800,105769.5625,106241.0546875,105280.71875,105996.859375,1328701440
1762819200,105986.1796875,107341.21875,105563.3125,106437.6015625,1552973824
1762833600,106446.6640625,106480.890625,104773.1953125,104788.7109375,4057772032
1762848000,104765.2265625,105458.03125,104765.2265625,105250.3203125,317136896
1762862400,105307.4453125,105466.7421875,103238.3828125,103478.7421875,5521465344
1762876800,103497.59375,103711.1171875,102898.46875,103111.40625,669777920
1762891200,103105.953125,103185.375,102462.1171875,103011.4375,431972352
1762905600,103019.21875,103398.6484375,102724.78125,103262.40625,0
1762920000,103260.1875,103587.46875,103038.0390625,103086.46875,0
1762934400,103106.53125,105184.4140625,103106.53125,105011.9765625,4328189952
1762948800,105008.5078125,105292.03125,102035.890625,102100.9453125,869310464
1762963200,102173.4296875,102211.4375,100863.390625,101276.109375,5732671488
1762977600,101269.5234375,101965.5,101175.1875,101674.1484375,2463064064
1762992000,101661.0625,102522.2890625,101027.640625,102291.65625,4531740672
1763006400,102245.1484375,103976.484375,101758.1640625,103443.328125,8369496064
1763020800,103475.28125,103738.9296875,102592.3125,102957.8125,0
1763035200,102954.5234375,103233.0234375,101250.6328125,101301.1953125,6251094016
1763049600,101378.4765625,101422.4765625,98213.8359375,98650.9921875,15929327616
1763064000,98644.015625,100436.953125,98035.65625,99694.703125,7473102848
1763078400,99690.40625,99789.1640625,98744.25,99087.3515625,3269681152
1763092800,99102.328125,99102.75,96120.90625,97102.8359375,11834687488
1763107200,97102.5703125,97473.7734375,95823.5390625,96073.0625,4257464320
1763121600,96152.84375,97182.765625,94525.0625,96787.4140625,13569941504
1763136000,96718.0390625,97291.0625,94805.4921875,95615.3046875,0
1763150400,95693.171875,95799.1796875,94148.2421875,94420.46875,4126285824
1763164800,94509.15625,96706.703125,94509.15625,96333.921875,4718305280
1763179200,96349.6484375,96495.3828125,95929.453125,96275.25,0
1763193600,96259.34375,96259.34375,95592.90625,95620.6328125,0
1763208000,95616.5625,96408.375,95530.0625,96280.296875,0
1763222400,96209.8671875,96237.546875,95697.15625,95983.578125,0
1763236800,95962.9296875,95975.7578125,95084.671875,95549.1484375,59682816
1763251200,95548.828125,95887.125,94876.5625,95667.8828125,15168929792
1763265600,95768.5859375,96048.4453125,95619.8359375,96000.0078125,0
1763280000,96023.2109375,96553.15625,95508.2109375,95574.21875,2524241920
1763294400,95565.3359375,95832.9609375,94386.3828125,94386.3828125,3669630976
1763308800,94453.9375,95340.7265625,93807.9765625,93939.0625,16282030080
1763323200,93958.0078125,94628.1796875,92971.1640625,94180.875,8602112000
1763337600,94194.296875,95432.625,93758.75,95390.0078125,4011032576
1763352000,95423.3828125,95457.765625,94893.7109375,95061.1015625,1520558080
1763712000,82455.7109375,83146.6796875,82140.640625,82228.7734375,50330206208
1763726400,82217.890625,85339.5859375,80756.515625,82816.7109375,15359819776
1763740800,82922.84375,85362.765625,82414.4765625,84153.5390625,6633693184
1763755200,84150.1796875,85311.234375,83470.5703125,85098.5625,1662820352
1763769600,85079.609375,85503.0078125,84206.53125,84406.234375,136503296
1763784000,84397.1953125,84701.359375,83817.9296875,84518.515625,397926400
1763798400,84503.3515625,84503.3515625,83518.9140625,84135.640625,0
1763812800,84078.4921875,84573.0078125,83585.96875,84197.09375,0
1763827200,84221.4765625,84756.6328125,84193.3515625,84608.5,0
1763841600,84608.5,85164.078125,84229.84375,84648.609375,0
1763856000,84679.1484375,86268.2109375,84679.1484375,86194.265625,2455592960
1763870400,86241.8828125,86743.296875,85413.03125,85691.453125,3414585344
1763884800,85735.734375,86403.078125,85728.5234375,86244.078125,2724200448
1763899200,86264.4609375,87115.7890625,86263.578125,87098.9296875,3596500992
1763913600,87047.4453125,87609.8125,86497.75,87326.5,5814317056
1763928000,87303.2734375,88025.1875,86758.390625,86798.7734375,6022021120
1763942400,86794.40625,87987.9921875,86016.3203125,87344.1484375,3780952064
1763956800,87455.5390625,87744.109375,86435.75,86977.4453125,2739105792
1763971200,86995.0546875,86995.0546875,85692.4453125,86265.734375,2754785280
1763985600,86224.1640625,86668.375,85279.109375,86539.2578125,5850857472
1764000000,86555.53125,88792.46875,86555.53125,88234.0546875,4799127552
1764014400,88353.53125,89195.734375,88248.4765625,88261.2578125,2213052416
1764028800,88268.5390625,88268.5390625,87459.7421875,87768.859375,88948736
1764043200,87767.6328125,88457.3359375,87381.484375,87381.484375,239296512
1764057600,87373.609375,87568.5703125,86674.8046875,87364.375,737157120
1764072000,87365.5078125,87687.359375,86144.3515625,86947.859375,821194752
1764086400,86941.890625,88070.765625,86171.4765625,86819.25,224854016
1764100800,86848.3359375,87764.9609375,86577.890625,87345.5859375,802000896
1764115200,87334.421875,88150.796875,87063.0546875,87063.0546875,446685184
1764129600,87133.0859375,87920.1640625,86895.28125,87920.1640625,1295949824
1764144000,87905.921875,87905.921875,86671.5390625,87031.1640625,208891904
1764158400,87065.8515625,87577.3359375,86406.53125,86897.2265625,109342720
1764172800,86956.9453125,90380.8203125,86956.9453125,89989.7578125,9535938560
1764187200,89908.09375,90568.3671875,89517.3359375,90517.765625,1490849792
1764201600,90507.96875,91862.0,90127.2109375,91161.3984375,5672087552
1764216000,91138.7421875,91509.8515625,90941.8046875,91395.1015625,920821760
1764230400,91412.6015625,91884.515625,91253.4765625,91386.90625,937738240
1764244800,91386.7734375,91423.59375,90489.515625,90959.4765625,1362329600
1764259200,90927.1953125,91811.3671875,90871.359375,91537.890625,934858752
1764273600,91542.53125,91573.6484375,91223.359375,91287.6015625,0
1764288000,91305.5625,91358.7109375,90699.5703125,91204.703125,0
1764302400,91202.0625,91677.609375,90862.7421875,90895.9609375,0
1764316800,90923.90625,91914.609375,90923.90625,91456.0078125,1463590912
1764331200,91454.734375,92913.328125,91403.7734375,92350.546875,5181161472
1764345600,92365.2421875,92371.3515625,90303.6171875,91164.7421875,5553254400
1764360000,91170.484375,91271.703125,90777.890625,90939.7265625,338300928
1764432000,90830.34375,90855.1484375,90761.2890625,90761.2890625,0
1764561600,86266.390625,86548.6796875,86196.921875,86533.8359375,23061065728
1764576000,86536.78125,86896.9453125,86227.578125,86227.578125,2343280640
1764590400,86137.1484375,86580.734375,83909.734375,84637.1953125,9870815232
1764604800,84653.6015625,85477.53125,84104.4921875,85033.78125,9019932672
1764619200,85021.875,86853.6796875,85021.875,86322.5390625,4505354240
1764633600,86306.09375,87272.2734375,86205.09375,86956.0703125,0
1764648000,86961.7109375,87218.3828125,86857.1484375,87032.6953125,0
1764662400,87039.8359375,87553.921875,86408.96875,87395.390625,2308128768
1764676800,87381.4140625,91084.7265625,87114.8359375,90948.328125,4991311872
1764691200,90928.65625,92309.515625,90316.7734375,91951.6484375,4248674304
1764705600,91945.8359375,92004.703125,90821.234375,91345.09375,1817141248
1764720000,91345.3125,92973.796875,91080.0,92738.0703125,2078662656
1764734400,92710.0703125,93935.609375,92694.1328125,93009.0,5788655616
1764748800,93019.3515625,93380.3203125,92728.46875,93030.828125,2962178048
1764763200,93030.1171875,93554.9296875,91883.2109375,92391.71875,935550976
1764777600,92380.34375,93486.4921875,91878.703125,93015.546875,0
1764792000,93034.28125,94049.6953125,92865.453125,93454.2578125,1462632448
1764806400,93463.3828125,94022.4765625,92749.1484375,93546.546875,0
1764820800,93553.65625,93553.65625,92821.0625,93395.09375,0
1764835200,93405.609375,93599.9375,92797.765625,92943.4375,0
1764849600,92966.2734375,93165.9921875,91905.4375,93007.4921875,232800256
1764864000,92941.8984375,93165.234375,90978.71875,92028.8671875,2271682560
1764878400,92067.2890625,92663.65625,91771.90625,92133.6484375,0
1764892800,92139.3359375,92702.640625,92070.9296875,92150.609375,0
1764907200,92172.640625,92496.078125,91862.125,92246.8359375,225943552
1764921600,92257.3515625,92257.3515625,91051.4765625,91395.03125,1354833920
1764936000,91381.8046875,91422.6640625,90010.3359375,90320.109375,1359765504
1764950400,90453.953125,90453.953125,88232.8828125,89725.2890625,4549312512
1764964800,89680.0625,89727.28125,88944.9453125,89389.359375,893132800
1764979200,89360.8359375,89793.8984375,89092.0390625,89709.21875,627445760
1764993600,89705.296875,89771.8359375,89501.703125,89638.171875,0
1765008000,89627.609375,89729.40625,89290.7734375,89648.8359375,226177024
1765022400,89659.328125,90174.3359375,89582.7421875,89885.171875,0
1765036800,89779.0546875,89985.5703125,89350.9453125,89433.890625,0
1765051200,89433.6015625,89604.9296875,88981.4921875,89277.8125,259080192
1765065600,89257.46875,89750.2890625,89225.390625,89732.3203125,0
1765080000,89736.515625,89806.9375,89260.28125,89367.4921875,314773504
1765094400,89382.1328125,89524.8515625,89098.2734375,89199.75,62070784
1765108800,89201.8125,89635.671875,87823.5,89498.5859375,3426189312
1765123200,89587.203125,91719.8515625,89199.21875,91367.9921875,6124109824
1765137600,91401.015625,91504.9296875,89150.5390625,90424.5859375,3991441408
1765152000,90426.9453125,91670.484375,90006.03125,91126.984375,4951568384
1765166400,91132.6875,91810.265625,91087.1484375,91544.1953125,1939902464
1765180800,91565.6328125,92255.546875,91526.875,92000.78125,2429562880
1765195200,91982.6640625,92099.34375,89689.6640625,90054.5625,3419762688
1765209600,89910.1796875,90486.9453125,89753.640625,90099.9375,2173693952
1765224000,90125.0390625,91379.140625,90125.0390625,90639.703125,1139195904
1765238400,90644.140625,90820.96875,89830.9375,90435.75,1202860032
1765252800,90412.375,90524.1484375,89586.9765625,90480.9765625,1339244544
1765267200,90477.609375,90595.03125,90014.7890625,90375.5078125,312393728
1765281600,90375.3125,92812.984375,90051.0625,92724.46875,914980864
1765296000,92656.3828125,94601.5703125,92656.3828125,93815.1640625,9747902464
1765310400,93741.5078125,93808.9765625,92316.5546875,92695.234375,1864171520
1765324800,92705.875,92770.34375,92027.890625,92418.5390625,1089171456
1765339200,92415.859375,92733.6328125,92415.40625,92733.6328125,1309835264
1765353600,92778.1796875,93181.6015625,91839.6171875,92112.546875,2958929920
1765368000,92130.1328125,92208.6171875,91676.8984375,92012.4921875,0
1765382400,92072.859375,93128.8515625,91956.8125,92979.0546875,5123604480
1765396800,92946.1171875,94447.9921875,91923.453125,92055.515625,4717125632
1765411200,92034.4453125,92083.9765625,89494.6875,89905.5078125,4501155840
1765425600,89807.2109375,90489.390625,89768.9375,90258.65625,1446944768
1765440000,90257.734375,90488.09375,90008.578125,90276.5078125,183967744
1765454400,90277.78125,90585.953125,89341.171875,89825.3515625,2602782720
1765468800,89912.9921875,91511.421875,89395.0,90834.9921875,0
1765483200,90874.296875,93512.1796875,90874.296875,92513.6640625,4048732160
1765497600,92522.484375,92726.8359375,91506.9921875,92317.5390625,207601664
1765512000,92323.609375,92720.09375,92108.0234375,92448.7109375,3087216640
1765526400,92460.8125,92623.703125,92140.4375,92395.375,5419302912
1765540800,92415.5703125,92589.546875,89817.984375,89817.984375,6511222784
1765555200,89972.2265625,90672.5546875,89546.15625,90169.8515625,9611460608
1765569600,90218.3828125,90410.109375,89926.5234375,90257.796875,467247104
1765584000,90279.3203125,90433.8671875,90128.15625,90344.0859375,1664385024
1765598400,90359.953125,90416.1171875,90290.546875,90350.359375,1433362432
1765612800,90351.9921875,90644.8359375,90335.203125,90355.0390625,270860288
1765627200,90361.4375,90488.75,89988.046875,90119.0390625,0
1765641600,90119.0390625,90260.7734375,90017.15625,90215.390625,0
1765656000,90223.625,90297.0078125,89828.6484375,90296.4375,0
1765670400,90264.171875,90490.1953125,90168.09375,90272.6171875,429215744
1765684800,90274.3125,90342.4140625,90101.96875,90260.6328125,864915456
1765699200,90260.5,90287.25,88899.2578125,89386.75,6338183168
1765713600,89415.796875,89654.21875,88947.625,89052.140625,0
1765728000,89044.1875,89338.21875,88547.8125,88605.0546875,0
1765742400,88660.578125,88823.515625,87638.3203125,88171.078125,0
1765756800,88167.90625,89983.921875,88130.1640625,89300.5546875,0
1765771200,89286.5859375,89899.2421875,89286.5859375,89765.875,0
1765785600,89752.6796875,89975.203125,89589.8671875,89653.140625,384565248
1765800000,89651.890625,89834.75,86681.4453125,86956.4140625,7093598208
1765814400,86872.3515625,87156.4296875,85337.203125,86203.125,8389230592
1765828800,86132.421875,86444.1484375,85570.0859375,86422.1875,1888100352
1765843200,86424.4375,86496.2890625,85568.0546875,85837.78125,1979572224
1765857600,85837.78125,86563.328125,85381.6875,86039.8125,1890127872
1765872000,86007.2109375,87291.6484375,85967.171875,87278.96875,1584852992
1765886400,87245.671875,88108.234375,86272.8125,87875.8828125,3285856256
1765900800,87950.71875,87992.578125,87064.734375,87613.0234375,0
1765915200,87581.15625,87915.609375,87354.046875,87847.6171875,0
1765929600,87842.8671875,87888.8359375,87177.265625,87185.2109375,628613120
1765944000,87210.3828125,87357.15625,86229.78125,87032.375,468123648
1765958400,87024.109375,87080.6953125,86237.71875,86952.9765625,159756288
1765972800,86953.8359375,90234.7734375,86826.59375,87302.0546875,4645810176
1765987200,87222.421875,87693.265625,85344.1796875,85976.78125,3822034944
1766001600,85986.8203125,86350.875,85635.21875,86144.3671875,1265033216
1766016000,86196.7890625,86736.5390625,85848.5,86554.53125,1239846912
1766030400,86583.875,86857.8359375,86367.8125,86772.3515625,47095808
1766044800,86796.6328125,87389.9140625,86674.5703125,87220.5234375,1098354688
1766059200,87271.328125,89283.6640625,87103.390625,88502.203125,4440948736
1766073600,88447.6328125,88466.8203125,84485.53125,84542.4453125,5446352896
1766088000,84460.9765625,85666.7109375,84460.9765625,85476.1328125,4573900800
1766102400,85463.296875,87489.6171875,85114.8828125,86761.8046875,2113105920
1766116800,86789.3828125,88295.3046875,86660.9296875,87899.90625,4039880704
1766131200,87893.8828125,88314.3125,87702.75,88158.4375,942739456
1766145600,88147.6484375,89313.359375,87567.078125,87873.5234375,309714944
1766160000,87939.203125,88755.9453125,86858.1796875,87817.0390625,1538793472
1766174400,87790.046875,88339.921875,87593.0546875,88101.671875,277614592
1766188800,88098.40625,88306.1640625,87924.875,88192.0078125,138588160
1766203200,88181.5234375,88450.6796875,88097.0546875,88217.40625,0
1766217600,88218.359375,88377.5390625,88082.484375,88254.078125,0
1766232000,88239.15625,88279.078125,87953.9375,88148.1640625,0
1766246400,88163.40625,88337.6015625,88086.0546875,88190.2109375,0
1766260800,88185.4453125,88373.46875,88118.7734375,88344.703125,36218880
1766275200,88339.9609375,88387.328125,87870.3671875,88044.75,422770688
1766289600,88038.3828125,88177.2578125,88031.09375,88104.828125,0
1766304000,88129.6328125,89011.0859375,88128.2421875,88585.8359375,1654512640
1766318400,88591.1484375,88878.453125,87624.03125,88039.1875,2048605184
1766332800,88042.78125,88530.125,87957.515625,88482.203125,1241165824
1766347200,88462.3515625,88711.84375,88108.7890625,88621.3984375,728035328
1766361600,88621.6640625,89577.7109375,88013.03125,88758.171875,3731965952
1766376000,88783.2734375,89144.6328125,88702.5859375,89093.9765625,1982580736
1766390400,89118.734375,89989.4453125,89088.1640625,89919.90625,2553886720
1766404800,89915.8828125,90372.2109375,89219.296875,89738.3046875,4868403200
1766419200,89715.3671875,90056.9765625,87975.2265625,88039.9375,3943653376
1766433600,88034.3359375,88732.3828125,87933.328125,88490.03125,2483564544
1766448000,88530.7265625,88857.3046875,87883.34375,88181.9140625,482131968
1766462400,88131.7890625,88304.8671875,87061.8203125,87509.3359375,7456055296
1766476800,87506.2421875,87819.015625,87268.7265625,87819.015625,1763012608
1766491200,87809.015625,87862.21875,86656.34375,87426.453125,0
1766505600,87417.984375,88117.2109375,87151.1953125,87697.2734375,1847566336
1766520000,87709.71875,88271.2109375,87174.4921875,87404.3203125,792784896
1766534400,87431.0859375,87750.0546875,86873.8515625,87287.046875,74338304
1766548800,87286.5234375,87401.4453125,86755.796875,86921.6328125,0
1766563200,86877.7890625,87280.8046875,86691.9375,87156.0859375,178896896
1766577600,87158.4140625,87420.4609375,86411.796875,86914.6015625,0
1766592000,86941.2890625,87572.890625,86904.109375,87495.484375,0
1766606400,87507.8203125,87947.0546875,87489.7734375,87608.3203125,0
1766620800,87608.0546875,87870.1171875,87488.328125,87792.0546875,0
1766635200,87788.71875,87795.21875,87613.1875,87786.6875,0
1766649600,87782.921875,87808.9375,87238.015625,87458.4921875,259958784
1766664000,87476.3203125,88462.0703125,87373.84375,88274.7890625,0
1766678400,88259.4140625,88389.234375,87948.015625,88094.2265625,0
1766692800,88096.2109375,88103.3125,86971.5,87235.5078125,1551816704
1766707200,87214.5,89232.1484375,86917.9765625,88742.3125,7833528320
1766721600,88688.6484375,89439.1171875,88372.125,88372.125,4666808320
1766736000,88394.3984375,88828.0625,88394.3984375,88512.640625,1155010560
1766750400,88493.953125,88983.1640625,86645.6328125,86991.421875,6990108672
1766764800,87063.71875,87481.71875,86785.90625,87414.7265625,2860371968
1766779200,87447.5078125,87698.7109375,87278.109375,87301.4296875,548147200
1766793600,87316.0078125,87463.1796875,87196.078125,87448.96875,0
1766808000,87447.90625,87642.4921875,87369.2734375,87478.546875,0
1766822400,87488.0703125,87606.2109375,87367.0859375,87416.84375,0
1766836800,87451.8359375,87545.8046875,87294.828125,87516.34375,0
1766851200,87492.6640625,87525.015625,87400.0,87512.390625,0
1766865600,87523.9375,87863.984375,87479.7890625,87799.34375,366449664
1766880000,87806.0546875,87866.5859375,87657.78125,87688.1015625,126834688
1766894400,87684.0703125,87743.640625,87555.765625,87665.2734375,70038528
1766908800,87657.328125,87881.890625,87657.328125,87789.5546875,290982912
1766923200,87813.84375,87951.984375,87749.59375,87780.0625,640440320
1766937600,87779.65625,87857.578125,87444.390625,87485.578125,1077680128
1766952000,87476.078125,87898.421875,87396.0390625,87835.7890625,521916416
1766966400,87858.109375,90032.4140625,87756.3671875,90032.4140625,8146573312
1766980800,90012.6328125,90269.015625,89415.9765625,89518.6171875,6265434112
1766995200,89505.28125,89694.109375,87485.3203125,87508.1796875,7119962112
1767009600,87485.1015625,88007.96875,86760.265625,87636.625,8862298112
1767024000,87600.4453125,87870.671875,87238.1015625,87238.1015625,2449547264
1767038400,87246.40625,87482.46875,86975.015625,87134.3515625,1268654080
1767052800,87142.078125,87305.9375,86737.0703125,87285.1484375,0
1767067200,87263.125,87472.65625,87052.0546875,87378.296875,0
1767081600,87377.125,88056.640625,87377.125,87751.421875,239476736
1767096000,87845.296875,88973.1015625,87749.84375,88947.28125,1800990720
1767110400,88916.6796875,89291.796875,87927.6328125,88153.5390625,2932967424
1767124800,88142.3359375,88477.875,87814.0234375,88429.5859375,266125312
1767139200,88407.7265625,88673.15625,88085.4921875,88338.7890625,386588672
1767153600,88342.203125,88517.1484375,88229.0546875,88496.046875,519180288
1767168000,88492.7265625,88894.6484375,88302.9921875,88863.515625,293965824
1767182400,88910.5,89019.9375,87728.4140625,87911.6328125,381339648
1767196800,87845.2421875,87903.6875,87334.125,87455.484375,296370176
1767211200,87419.890625,87738.6171875,87141.0078125,87508.046875,1170632704
1767225600,87512.875,87922.5234375,87512.875,87710.953125,0
1767240000,87698.5078125,87698.5078125,87413.7578125,87479.6875,441933824
1767254400,87486.9296875,87875.796875,87486.9296875,87875.796875,0
1767268800,87878.8671875,87941.4140625,87713.8515625,87922.0625,0
1767283200,87920.5625,88358.0390625,87762.65625,88222.2578125,0
1767297600,88239.71875,88791.9765625,88133.1328125,88733.0625,631752704
1767312000,88725.46875,88985.9609375,88298.6171875,88778.703125,1673244672
1767326400,88832.3828125,88956.0703125,88477.3984375,88773.3203125,998658048
1767340800,88754.0859375,89786.4921875,88711.90625,89428.8046875,5463789568
1767355200,89412.015625,89990.46875,88506.0078125,89319.90625,7984838656
1767369600,89318.4140625,90865.4453125,89190.1171875,89878.859375,10050420736
1767384000,89869.515625,90347.03125,89599.8515625,89945.0546875,2184658944
1767398400,89948.5625,90362.2578125,89929.8984375,90293.8828125,33968128
1767412800,90321.4921875,90391.078125,89386.046875,89553.9609375,960909312
1767427200,89515.1796875,89942.8671875,89438.5,89713.3671875,38719488
1767441600,89686.890625,90183.1015625,89618.546875,89927.828125,0
1767456000,89917.1640625,90147.7734375,89875.0,90056.625,0
1767470400,90065.5546875,90672.265625,89979.421875,90603.0,0
1767484800,90615.3671875,91390.7265625,90615.3671875,91205.828125,3020615680
1767499200,91217.7890625,91685.1796875,91196.921875,91474.9375,175069184
1767513600,91487.390625,91554.625,91176.1171875,91235.6796875,2465144832
1767528000,91236.4609375,91349.0859375,91015.5078125,91270.453125,634882048
1767542400,91286.796875,91391.921875,90877.046875,91099.46875,1352497152
1767556800,91100.7890625,91463.3515625,91084.6875,91414.625,280948736
1767571200,91498.046875,93177.6171875,91498.046875,92845.640625,6692913152
1767585600,92841.5,92896.2265625,92141.8984375,92474.3359375,966678528
1767600000,92491.6640625,93086.3828125,92298.984375,93051.1875,600989696
1767614400,93083.203125,93933.75,92410.171875,93883.9453125,7100956672
1767628800,93873.3671875,94480.921875,93283.2265625,94225.5859375,7825530880
1767643200,94219.390625,94673.3984375,93876.9453125,93876.9453125,4495077376
1767657600,93869.1328125,94130.609375,93542.1796875,93762.5859375,463204352
1767672000,93750.640625,93971.703125,93119.6328125,93213.8984375,1240121344
1767686400,93206.53125,93846.890625,93142.25,93789.015625,0
1767700800,93825.0,94391.71875,93331.9453125,93480.5390625,1294888960
1767715200,93658.0859375,93674.859375,91526.3203125,92048.78125,4489895936
1767729600,92053.625,93759.796875,92053.625,93727.46875,3116371968
1767744000,93623.96875,93637.75,92208.34375,92743.2890625,2960314368
1767758400,92730.953125,92828.3046875,92457.546875,92773.609375,236961792
1767772800,92795.28125,92864.1953125,91557.2578125,92074.484375,2671669248
1767787200,92064.4140625,92174.03125,91068.46875,91265.1015625,49598464
1767801600,91313.859375,91659.7578125,90658.6328125,91131.265625,1650155520
1767816000,91098.1484375,91346.1171875,90726.890625,91309.640625,319004672
1767830400,91280.703125,91450.6875,90585.265625,90704.7265625,537935872
1767844800,90726.5625,91050.5234375,89578.3125,90434.546875,3591192576
1767859200,90428.6953125,90569.234375,89698.6328125,90068.7265625,2082942976
1767873600,90082.265625,90649.90625,89291.1328125,90649.90625,485527552
1767888000,90710.4921875,91345.546875,90232.7109375,90819.8046875,1213386752
1767902400,90855.390625,91385.109375,90482.4296875,91025.75,893390848
1767916800,91019.5859375,91412.484375,90795.625,91112.8046875,152719360
1767931200,91125.5546875,91125.5546875,90687.078125,90687.078125,0
1767945600,90649.5,90730.6484375,89628.5703125,90337.78125,793100288
1767960000,90345.2265625,91864.40625,89794.6640625,90999.8203125,2655612928
1767974400,91028.7109375,91662.3515625,90150.90625,90267.0546875,1424515072
1767988800,90144.8046875,90595.9140625,90117.078125,90510.1015625,3289088
1768003200,90509.2109375,90655.21875,90417.703125,90507.671875,0
1768017600,90512.125,90546.71875,90311.09375,90537.1953125,15286272
1768032000,90546.8046875,90712.703125,90499.1171875,90610.2734375,0
1768046400,90606.9765625,90659.484375,90426.2734375,90543.0546875,0
1768060800,90541.8203125,90623.078125,90410.6171875,90507.0390625,0
1768075200,90507.8671875,90531.5078125,90287.2734375,90385.359375,3770368
1768089600,90385.625,90617.046875,90333.6484375,90617.046875,0
1768104000,90613.515625,90716.96875,90506.7265625,90589.421875,337265664
1768118400,90597.4375,90683.984375,90526.84375,90593.4609375,332977152
1768132800,90610.3203125,91043.9453125,90609.609375,90747.7578125,1560734720
1768147200,90751.171875,91147.3671875,90555.03125,90593.4765625,1184756736
1768161600,90596.71875,90888.4453125,90226.9609375,90825.859375,2312117248
1768176000,90851.8984375,92384.8515625,90617.9765625,91719.34375,6967221248
1768190400,91694.4140625,92151.6484375,91278.328125,91301.734375,2993596416
1768204800,91290.7890625,91499.1796875,90261.9609375,90566.390625,3965339648
1768219200,90536.359375,91546.453125,90095.2578125,91546.453125,4601849856
1768233600,91571.625,92210.1484375,91015.9765625,91770.25,6130024448
1768248000,91784.5625,91962.3125,90894.484375,91185.3359375,594296832
1768262400,91195.6328125,91432.3203125,90941.9296875,91291.3125,2981888
1768276800,91293.7890625,92145.1015625,91238.9609375,91853.8203125,2710687744
1768291200,91868.9609375,92510.2109375,91846.6640625,91893.6484375,34692947968
1768305600,91932.1484375,93294.53125,91760.140625,93283.03125,37511143424
1768320000,93500.4609375,94194.6484375,93097.4921875,94194.6484375,3766996992
1768334400,94222.4765625,95935.6484375,94058.6640625,95322.90625,11671425024
1768348800,95363.3046875,95632.609375,95111.1875,95630.9765625,5077176320
1768363200,95694.421875,95694.421875,94583.046875,95176.1328125,1786220544
1768377600,95162.828125,95231.53125,94706.0078125,94706.0078125,346828800
1768392000,94727.6953125,96984.578125,94701.1328125,96710.59375,6005002240
1768406400,96699.578125,97747.125,96295.0625,97265.78125,4602605568
1768420800,97244.59375,97860.6015625,96832.3359375,96931.2890625,357670912
1768435200,96934.609375,96973.4609375,95763.4375,95963.015625,1210802176
1768449600,95941.859375,96651.6484375,95930.7421875,96516.46875,8413184
1768464000,96560.265625,97150.171875,96309.9296875,96587.4453125,1536602112
1768478400,96551.375,97097.1171875,95416.09375,96434.890625,191619072
1768492800,96649.9453125,97015.3515625,95284.75,95411.0859375,1491587072
1768507200,95423.5546875,95784.0390625,95112.25,95554.1015625,0
1768521600,95562.78125,95759.5625,95297.765625,95325.96875,0
1768536000,95306.4375,95759.96875,95125.375,95633.5390625,512692224
1768550400,95630.6875,95801.890625,95226.6796875,95389.3203125,297009152
1768564800,95397.6015625,95635.9140625,94268.7734375,94605.625,0
1768579200,94559.625,95156.140625,94517.3515625,94964.3359375,0
1768593600,94957.2890625,95531.8515625,94650.234375,95525.15625,274749440
1768608000,95514.765625,95523.9765625,95194.140625,95330.2109375,0
1768622400,95324.578125,95324.578125,95030.25,95061.109375,0
1768636800,95051.65625,95268.0,95020.9609375,95255.2421875,0
1768651200,95267.8359375,95596.8828125,95152.8828125,95525.6328125,0
1768665600,95509.640625,95509.640625,95201.4140625,95261.3515625,0
1768680000,95259.2578125,95367.46875,95011.4375,95101.1796875,0
1768694400,95112.3984375,95189.4921875,94848.9296875,95147.21875,464490496
1768708800,95121.0546875,95189.578125,94995.9296875,95023.484375,248549376
1768723200,94999.828125,95245.3203125,94977.6953125,95124.703125,730985472
1768737600,95129.015625,95275.953125,94884.125,95088.28125,756844544
1768752000,95082.828125,95488.1796875,95044.390625,95334.5625,971800576
1768766400,95345.9609375,95481.4296875,93595.4140625,93655.671875,3552512000
1768780800,93646.9140625,93646.9140625,92234.4140625,92642.5625,10808797184
1768795200,92654.5546875,92792.71875,92381.03125,92792.71875,2578491392
1768809600,92793.3515625,93259.109375,92696.0390625,93140.140625,3297517568
1768824000,93136.5390625,93153.4375,92677.9453125,93022.8125,1738657792
1768838400,93003.4296875,93345.34375,92884.6015625,93079.109375,1145241600
1768852800,93067.625,93249.3515625,92152.296875,92553.6015625,792141824
1768867200,92583.640625,92797.2109375,92217.1171875,92357.453125,0
1768881600,92367.1171875,92385.4921875,90714.109375,91076.8671875,5604958208
1768896000,91083.25,91334.3828125,90623.09375,91146.7578125,665300992
1768910400,91131.4609375,91273.8984375,89835.34375,90429.4609375,6747713536
1768924800,90583.625,90856.9453125,89193.546875,89597.7265625,6883917824
1768939200,89600.03125,89699.453125,87828.9140625,88326.5078125,4244951040
1768953600,88321.28125,89455.671875,88163.0546875,89315.8828125,3980853248
1768968000,89315.8828125,89972.5234375,88987.125,89049.6171875,609591296
1768982400,89112.140625,89381.4921875,88652.5859375,88687.1328125,103473152
1768996800,88694.875,90412.0625,88190.734375,90238.5859375,5276278784
1769011200,90192.3828125,90284.2578125,87240.59375,90246.1328125,6152347648
1769025600,90271.765625,90309.03125,89306.90625,89378.5234375,1039695872
1769040000,89372.4296875,90254.0546875,89372.4296875,89806.5078125,0
1769054400,89799.9140625,90115.2890625,89713.28125,89713.28125,0
1769068800,89737.8359375,90053.109375,89688.9609375,89853.8828125,991895552
1769083200,89853.265625,90220.1015625,88438.4453125,88943.0234375,111083520
1769097600,88937.2578125,89809.1328125,88648.4296875,89729.1796875,0
1769112000,89704.7109375,89835.3984375,89086.1484375,89462.046875,0
1769126400,89460.1953125,89849.0390625,89362.640625,89806.8046875,0
1769140800,89816.9921875,89924.640625,89346.40625,89438.1640625,1493258240
1769155200,89440.5234375,89492.421875,88794.5859375,89056.578125,1533472768
1769169600,89088.9609375,89732.8203125,88585.921875,89529.734375,95121408
1769184000,89636.40625,91088.8125,89420.1796875,89854.390625,3799019520
1769198400,89867.703125,90037.921875,89199.8984375,89506.1484375,1264881664
1769212800,89487.0,89795.78125,89305.03125,89647.421875,118484992
1769227200,89644.4140625,89730.140625,89442.890625,89471.3125,0
1769241600,89480.171875,89543.7578125,89453.5078125,89467.3671875,0
1769256000,89458.0546875,89458.0546875,89119.8203125,89143.546875,0
1769270400,89147.7734375,89324.7890625,89049.9609375,89182.1875,0
1769284800,89188.1796875,89333.6484375,89104.765625,89104.765625,0
1769299200,89095.46875,89186.140625,88717.078125,88839.1171875,223983616
1769313600,88840.0625,88950.6015625,88503.3671875,88513.375,1012579328
1769328000,88521.5078125,88615.0078125,88088.53125,88436.84375,2032449536
1769342400,88440.3203125,88833.125,88274.546875,88330.328125,883298304
1769356800,88332.8515625,88332.8515625,86344.515625,86388.40625,10163433472
1769371200,86402.265625,86884.3515625,86003.7109375,86566.5234375,7484497920
1769385600,86577.5859375,87847.46875,86433.8046875,87120.2421875,6002487296
1769400000,87137.65625,87938.8515625,87137.65625,87904.1171875,4708745216
1769414400,87896.6328125,88138.546875,87519.9453125,87761.484375,900595712
1769428800,87757.75,88715.4921875,87328.375,87579.9296875,7031046144
1769443200,87553.265625,88419.7578125,87025.0546875,87919.96875,103497728
1769457600,87912.3046875,88548.1875,87453.5859375,88257.4765625,0
1769472000,88190.84375,88759.0,88102.9921875,88640.9453125,0
1769486400,88643.2578125,88813.1328125,88173.7265625,88205.3828125,0
1769500800,88216.96875,88276.5,87652.4375,87900.7734375,634118144
1769515200,87884.34375,88267.328125,87467.875,87908.796875,393248768
1769529600,87919.828125,88671.171875,87268.1953125,88292.1875,2759610368
1769544000,88286.953125,89403.3515625,88268.1015625,89104.046875,2496155648
1769558400,89129.90625,89367.5546875,88884.53125,89013.21875,804864000
1769572800,89000.6328125,89259.1171875,88736.1484375,89012.0546875,27291648
1769587200,89009.1640625,89978.96875,88752.9921875,89947.3515625,2782044160
1769601600,89964.140625,90304.5234375,88976.4140625,89381.1953125,3130306560
1769616000,89404.578125,90339.96875,88921.5546875,89425.9921875,1316503552
1769630400,89342.6640625,89620.546875,88780.7734375,89169.8515625,0
1769644800,89191.0546875,89191.0546875,87634.8359375,87938.640625,3385450496
1769659200,87916.703125,88293.34375,87783.8203125,88280.1484375,993615872
1769673600,88212.9375,88292.7109375,87629.2109375,87690.2109375,674963456
1769688000,87709.984375,87996.1015625,84327.9765625,84758.59375,8217477120
1769702400,84780.3671875,85425.3046875,83306.4609375,83862.9375,12063514624
1769716800,83852.4140625,84590.1875,83669.921875,84562.7265625,3580297216
1769731200,84553.6875,84593.25,81075.1328125,82581.6640625,10443517952
1769745600,82551.75,83178.6796875,81949.140625,82710.9453125,6067421184
1769760000,82688.2734375,83098.0546875,82057.5859375,83055.71875,2590949376
1769774400,83013.2421875,83562.625,82374.90625,82771.1953125,3764781056
1769788800,82770.171875,84414.1875,81823.2578125,84213.6484375,956481536
1769803200,84120.6640625,84338.046875,83425.53125,84126.5,1559502848
1769817600,84121.6015625,84130.375,83686.375,83896.1015625,0
1769832000,83884.8515625,84005.359375,83255.703125,83409.8046875,0
1769846400,83401.9921875,83450.9296875,82553.8046875,82843.46875,840929280
1769860800,82866.5234375,82979.6640625,80851.734375,81127.515625,2602426368
1769875200,81181.5625,81708.4296875,76092.7890625,77820.7421875,15882231808
1769889600,77661.0390625,79122.1484375,77033.0078125,78626.125,4875497472
1769904000,78655.09375,79284.5,78245.0078125,78803.34375,3170951168
1769918400,78790.4609375,79003.578125,77937.5234375,78274.625,1327783936
1769932800,78269.703125,79117.34375,78076.1328125,78672.671875,1327751168
1769947200,78675.828125,78675.828125,76879.5546875,77652.15625,1947598848
1769961600,77521.90625,78303.7578125,76932.9921875,77017.9296875,0
1769976000,77097.5859375,77527.2109375,75730.4296875,76968.875,3919167488
1769990400,76899.453125,78038.875,74567.171875,76201.125,7320051712
1770004800,76211.796875,76772.703125,74875.734375,76630.1015625,9751478272
1770019200,76550.1015625,77875.234375,76550.1015625,77647.1171875,3299958784
1770033600,77705.25,79207.78125,77555.8515625,78802.921875,4922941440
1770048000,78797.265625,79186.15625,78263.4609375,78443.40625,3546718208
1770062400,78199.2265625,78876.578125,77918.9921875,78693.5078125,10346496
1770076800,78677.4453125,79104.7578125,77604.5078125,78719.21875,0
1770091200,78692.9140625,78908.9140625,77936.09375,78674.046875,0
1770105600,78675.0703125,78942.1796875,77895.4609375,78038.4609375,0
1770120000,78007.921875,78374.125,77043.4921875,78089.84375,0
1770134400,78075.03125,78075.03125,72957.203125,74939.3515625,13652529152
1770148800,74880.3203125,76820.0234375,74527.0703125,75640.09375,4328673280
1770163200,75621.7265625,76858.1328125,75366.078125,76621.1328125,818237440
1770177600,76617.9140625,76712.1953125,76033.015625,76402.2265625,1160429568
1770192000,76412.5,76481.625,75602.859375,76008.765625,1096249344
1770206400,75947.3359375,76140.171875,73774.4765625,74074.9140625,5127815168
1770220800,74013.046875,74067.9375,72147.59375,73782.9140625,0
1770235200,73768.2265625,73892.3359375,71801.09375,73042.9765625,2445561856
1770249600,73019.046875,73161.5546875,71033.1875,71080.6328125,5918498816
1770264000,71095.203125,71392.6015625,70045.265625,70511.1640625,9419423744
1770278400,70567.3359375,71770.03125,69875.6015625,70168.015625,7094984704
1770292800,70200.3203125,70626.5546875,66666.5625,67298.3125,10067861504
1770307200,67372.921875,68465.875,65099.53515625,65136.609375,8498962432
1770321600,65125.8515625,65465.00390625,62473.234375,62704.453125,19873054720
1770336000,62801.2734375,65882.78125,60074.8046875,64074.9453125,18944811008
1770350400,64116.52734375,66687.8984375,64047.6640625,64802.48046875,1443659776
1770364800,64748.1484375,66610.0703125,64466.109375,66508.9140625,3864821760
1770379200,66528.8515625,69125.625,66097.9296875,68622.9140625,3630432256
1770393600,68613.3359375,71438.921875,68516.328125,70739.2421875,1737785344
1770408000,70672.296875,71670.015625,69863.625,70553.796875,0
1770422400,70524.3515625,70818.9375,69693.6640625,70793.75,437444608
1770436800,70873.4921875,71611.1484375,67375.96875,68144.4140625,3177095168
1770451200,68076.0,68692.375,67587.890625,67935.734375,1170219008
1770465600,67943.171875,69737.5,67943.171875,69057.765625,1515642880
1770480000,69083.765625,69622.3359375,68637.796875,69262.84375,0
1770494400,69317.5703125,69656.6640625,68762.859375,69283.7265625,10575872
1770508800,69302.40625,69629.640625,68852.8984375,69053.3359375,0
1770523200,69061.484375,69640.6875,68951.5703125,69640.6875,0
1770537600,69644.28125,71117.5859375,69501.515625,70906.015625,14655488
1770552000,70936.6484375,71491.65625,70678.2734375,71068.4609375,0
1770566400,71098.765625,71471.8828125,70327.515625,71368.1640625,0
1770580800,71368.8203125,72142.7421875,70016.5546875,70243.328125,3096944640
1770595200,70306.1171875,71358.8046875,70057.1484375,71210.2890625,2428690432
1770609600,71276.8828125,71292.8671875,70340.8828125,70396.03125,2598563840
1770624000,70424.5546875,70505.0625,68418.9921875,68798.65625,1328357376
1770638400,68801.234375,69783.625,68369.4296875,69482.2890625,2801348608
1770652800,69517.5546875,70993.3125,69104.25,70882.671875,3966648320
1770667200,70907.5703125,71043.4765625,69874.1875,70137.390625,3575001088
1770681600,70109.421875,70449.8515625,69226.5,69443.59375,0
1770696000,69527.4453125,69831.4140625,68737.765625,68896.2421875,715829248
1770710400,68863.609375,69327.78125,68473.6796875,68473.6796875,0
1770724800,68469.390625,69486.421875,67931.1328125,69265.8515625,708595712
1770739200,69238.421875,69936.46875,68627.484375,68995.203125,0
1770753600,69034.5234375,69058.1953125,68329.9921875,68791.859375,0
1770768000,68791.1796875,69242.65625,68038.984375,68242.171875,716517376
1770782400,68134.875,68263.1875,66580.6484375,67004.359375,2142425088
1770796800,67003.2421875,67057.5234375,66365.78125,67025.0234375,1412734976
1770811200,67025.34375,68564.3984375,65757.3046875,66516.078125,3854401536
1770825600,66471.21875,67758.1015625,65899.390625,67536.265625,1494011904
1770840000,67546.9765625,68199.03125,66757.3046875,66992.1953125,2343673856
1770854400,67025.5546875,67986.8359375,67025.5546875,67529.8125,1789849600
1770868800,67544.3984375,67584.703125,66652.453125,67168.515625,0
1770883200,67181.328125,68204.9609375,66885.03125,68084.796875,687751168
1770897600,68108.84375,68324.65625,67091.15625,67116.5078125,0
1770912000,67161.2578125,67161.2578125,65109.65625,65781.4140625,3589963776
1770926400,65740.4296875,66390.46875,65226.83984375,66213.375,1053601792
1770940800,66123.4375,66710.9609375,65843.5390625,66452.0,262848512
1770955200,66470.5078125,66599.0,65969.515625,66145.0,834113536
1770969600,66155.3515625,67143.9296875,66155.3515625,67143.9296875,161689600
1770984000,67120.625,69160.8046875,66886.7890625,68573.484375,3296583680
1770998400,68632.4375,69346.125,68632.4375,68956.765625,0
1771012800,68967.8671875,69012.0546875,68649.2421875,68856.984375,1409024
1771027200,68857.7265625,69076.6640625,68756.8828125,68942.359375,0
1771041600,68941.2421875,69288.78125,68706.6171875,69235.171875,0
1771056000,69184.8515625,70448.53125,69184.8515625,70448.53125,2282958848
1771070400,70459.6796875,70459.6796875,69262.09375,69760.9375,2903179264
1771084800,69767.5234375,69877.1953125,69286.7734375,69811.453125,0
1771099200,69823.3203125,70206.0625,69664.140625,69764.953125,503341056
1771113600,69758.5390625,69957.2265625,69270.2265625,69957.2265625,1549307904
1771128000,69964.9140625,70827.375,69950.46875,70750.796875,4147933184
1771142400,70816.625,70895.6875,70206.6796875,70266.6796875,272478208
1771156800,70263.6484375,70338.4140625,68773.4921875,69055.6328125,0
1771171200,69059.234375,69059.234375,68084.453125,68289.0546875,4007522304
1771185600,68246.6171875,69026.75,68137.8984375,68782.3984375,122179584
1771200000,68776.75,69009.1015625,68138.46875,68374.7734375,319762432
1771214400,68388.3828125,68846.7578125,68253.8828125,68540.9375,196956160
1771228800,68546.1484375,69019.5703125,68334.484375,68831.296875,197976064
1771243200,68821.171875,70006.734375,67316.984375,67508.296875,3681894400
1771257600,67497.1796875,68192.6328125,67497.1796875,67921.140625,105246720
1771272000,67890.890625,68941.3984375,67825.578125,68843.09375,514607104
1771286400,68852.828125,69201.8671875,68391.234375,68462.9296875,139864064
1771300800,68439.703125,68648.921875,67903.1953125,68365.078125,440700928
1771315200,68353.0390625,68436.59375,67687.7578125,67828.8984375,76922880
1771329600,67808.421875,68293.2734375,66662.6875,67354.390625,1486221312
1771344000,67319.1484375,68172.9453125,66955.140625,67791.65625,3261976576
1771358400,67763.9453125,67890.7890625,67389.2421875,67507.3203125,415297536
1771372800,67482.6484375,67639.0546875,66877.9765625,67636.9921875,218458112
1771387200,67597.7109375,68168.6015625,67471.21875,68102.8046875,666810368
1771401600,68090.7578125,68385.984375,67113.7578125,67358.8671875,701212672
1771416000,67346.34375,68274.953125,66767.71875,67606.5546875,0
1771430400,67661.4765625,67661.4765625,65896.546875,66113.3984375,1253414912
1771444800,66169.171875,66494.734375,66082.7421875,66425.625,1329190912
1771459200,66441.8515625,66928.09375,66323.90625,66915.53125,313618432
1771473600,66953.765625,67247.71875,66666.1640625,67162.84375,461682688
1771488000,67186.15625,67186.15625,66470.890625,66470.9375,73097216
1771502400,66463.6171875,66692.1640625,65672.125,66353.5703125,1381814272
1771516800,66384.875,67165.4140625,65965.78125,67021.28125,498089984
1771531200,67024.2265625,67136.171875,66636.453125,66958.578125,614277120
1771545600,66959.8671875,67448.2734375,66945.0,67343.1328125,735479808
1771560000,67334.6015625,67976.796875,67112.5625,67780.3203125,1282095104
1771574400,67804.140625,68260.71875,67410.9375,67410.9375,1627344896
1771588800,67318.1640625,67994.2421875,66507.2109375,67543.796875,6596315136
1771603200,67578.8046875,67974.46875,66999.8046875,67637.828125,5602402304
1771617600,67628.1640625,68185.453125,67559.5625,68000.25,1096642560
1771632000,67996.2109375,68053.65625,67558.4375,67636.8515625,343064576
1771646400,67621.671875,67900.4453125,67585.96875,67836.328125,0
1771660800,67836.2421875,68246.34375,67818.71875,68070.296875,0
1771675200,68077.7734375,68652.921875,67921.765625,68631.53125,0
1771689600,68602.7890625,68613.8359375,68127.203125,68526.921875,0
1771704000,68513.03125,68574.2265625,67936.3828125,67998.828125,475136
1771718400,67985.015625,68197.609375,67797.3125,68004.8359375,54294528
1771732800,68023.6875,68133.8203125,67868.3828125,67996.5703125,241993728
1771747200,67996.6015625,68228.453125,67918.84375,68194.921875,0
1771761600,68197.59375,68207.8125,67310.578125,67687.765625,1381692416
1771776000,67670.21875,67670.8828125,67185.6015625,67402.8828125,560443392
1771790400,67400.375,67710.84375,67339.421875,67668.4296875,445929472
1771804800,67616.5390625,67633.90625,64400.73828125,64946.36328125,11880744960
1771819200,64958.4921875,65970.2421875,64681.89453125,65941.9375,4854315008
1771833600,65941.09375,66528.5625,65584.40625,66182.5,3911569408
1771848000,66190.59375,66494.0,65601.9921875,65696.8359375,2084630528
1771862400,65641.609375,65714.46875,64162.43359375,64333.2734375,7380676608
1771876800,64289.92578125,64984.12890625,63970.53125,64616.015625,3305041920
1771891200,64701.20703125,64972.7421875,63415.9140625,63548.0234375,0
1771905600,63546.05859375,63546.05859375,62709.8203125,63134.9609375,1575751680
1771920000,63148.3671875,63403.109375,62970.3203125,63193.3125,113213440
1771934400,63224.34375,64001.703125,62646.765625,64001.703125,1603141632
1771948800,63974.6875,64716.69921875,63749.65625,64453.90234375,108855296
1771963200,64461.0390625,64562.3359375,63875.67578125,64077.76953125,0
1771977600,64051.15625,66254.109375,63946.1796875,65408.60546875,1696071680
1771992000,65399.640625,65623.171875,64791.31640625,65021.8671875,0
1772006400,65025.28515625,65638.8984375,64975.15625,65386.45703125,367554560
1772020800,65421.0703125,67482.5390625,65337.83203125,67273.5234375,3256451072
1772035200,67489.59375,69531.609375,67466.546875,69070.765625,6775742464
1772049600,69053.46875,69953.53125,67680.640625,67954.8671875,4812480512
1772064000,67982.34375,68666.40625,67769.15625,68193.25,1030565888
1772078400,68201.1328125,68816.8984375,67843.3046875,67876.796875,4149010432
1772092800,67851.234375,68704.484375,67840.4609375,68018.875,1655463936
1772107200,68037.1171875,68285.3515625,66810.84375,67410.421875,837812224
1772121600,67383.7421875,67743.3671875,66587.921875,67557.1796875,0
1772136000,67635.0546875,67803.75,67208.703125,67456.515625,0
1772150400,67476.703125,67679.5390625,66907.7265625,67641.2578125,536190976
1772164800,67614.078125,68220.40625,67474.1953125,67696.2578125,978874368
1772179200,67696.1953125,68059.9140625,66027.4921875,66110.796875,2479718400
1772193600,66133.5390625,66330.2109375,65682.15625,66120.5546875,1906073600
1772208000,66095.578125,66111.265625,65183.421875,65419.8515625,0
1772222400,65400.1015625,65946.171875,64946.03515625,65878.9296875,537399296
1772236800,65869.328125,66003.1328125,65757.53125,65798.34375,0
1772251200,65788.953125,65807.4375,63106.07421875,63853.66796875,5652738048
1772265600,63841.03515625,64296.6484375,63392.8203125,63836.734375,635158528
1772280000,63844.67578125,65345.70703125,63844.67578125,64862.44140625,1171726336
1772294400,64847.68359375,66638.265625,64686.76171875,66335.4375,1341923328
1772308800,66390.0546875,67606.5546875,66230.0546875,67005.8828125,2664755200
1772323200,66997.25,68143.15625,66115.8828125,67487.265625,5104640000
1772337600,67574.7109375,67592.6796875,66793.0625,67120.640625,2397097984
1772352000,67143.484375,67279.4765625,66299.078125,66468.6328125,164118528
1772366400,66467.8359375,67292.4140625,66168.3359375,66880.40625,0
1772380800,66834.2734375,67071.46875,65762.59375,65957.3046875,1706430464
1772395200,65962.25,66327.6328125,65114.421875,65734.078125,1296039936
1772409600,65758.1015625,67002.1875,65758.1015625,66860.3671875,667893760
1772424000,66820.390625,66962.8359375,65567.609375,65960.0234375,1279229952
1772438400,65977.1953125,66577.0703125,65695.4375,66305.390625,2336026624
1772452800,66339.2109375,69532.4140625,65309.109375,69062.390625,9415090176
1772467200,69127.8203125,70024.0625,68620.5,68949.6328125,6244159488
1772481600,68963.578125,69525.984375,68676.7734375,68785.078125,343801856
1772496000,68804.5859375,69220.9921875,68250.2578125,68360.0859375,1382838272
1772510400,68364.46875,68525.1953125,67834.8125,68182.3203125,439492608
1772524800,68172.9140625,68248.921875,66401.0546875,67054.8515625,2239709184
1772539200,67075.09375,67766.3203125,66317.4453125,67582.1015625,1031700480
1772553600,67747.265625,68938.3828125,67617.75,68455.4296875,45719552
1772568000,68455.8125,68728.7890625,67858.7109375,68300.28125,0
1772582400,68317.765625,68881.15625,67449.2734375,67669.0625,2732556288
1772596800,67778.3828125,69556.46875,67496.234375,69556.46875,2396344320
1772611200,69513.703125,71856.53125,69193.3671875,71131.1171875,9203994624
1772625600,71115.9140625,73245.125,70634.0859375,73245.125,7283507200
1772640000,73404.96875,74041.8125,72606.3125,73717.9375,4502487040
1772654400,73669.5703125,73674.078125,72336.9921875,72670.125,2527870976
1772668800,72729.2734375,73261.5859375,72368.5546875,72513.1328125,312410112
1772683200,72502.0625,73056.2578125,71833.234375,71994.4453125,830332928
1772697600,72075.7265625,73527.2890625,71794.0078125,72876.4453125,855916544
1772712000,72928.21875,73047.9296875,71200.6796875,71481.0078125,0
1772726400,71642.875,71642.875,70663.078125,70952.4609375,0
1772740800,70945.5703125,71542.8203125,70790.78125,70842.15625,2166784
1772755200,70878.65625,71357.8671875,70420.71875,71074.9140625,161177600
1772769600,71085.6328125,71162.75,70162.8359375,71077.15625,0
1772784000,71060.3359375,71060.3359375,70198.7265625,70202.3359375,0
1772798400,70203.9140625,70264.609375,68333.4140625,68543.03125,4213534720
1772812800,68506.578125,68773.5234375,67760.484375,68109.4140625,39723008
1772827200,68124.5703125,68423.8984375,67778.1484375,68136.6875,36270080
1772841600,68139.6875,68513.84375,68092.2421875,68133.25,0
1772856000,68124.7421875,68144.4765625,67503.4140625,67854.9375,0
1772870400,67827.046875,68207.53125,67743.6796875,68020.875,0
1772884800,68015.34375,68078.625,67628.859375,67910.8984375,0
1772899200,67887.4375,67918.0234375,67016.953125,67095.625,965033984
1772913600,67087.1328125,67476.7265625,67087.1328125,67272.5,82049024
1772928000,67250.1015625,67474.390625,66892.953125,67050.3515625,1120305152
1772942400,67009.3125,67412.6953125,66612.984375,67277.71875,617793536
1772956800,67315.3984375,68170.4453125,67184.15625,67537.6328125,1927708672
1772971200,67517.109375,67617.4453125,66876.625,67197.578125,2546499584
1772985600,67200.6953125,67405.09375,66768.0625,67294.5234375,951091200
1773000000,67311.3671875,67480.8671875,65660.515625,65969.5859375,5241018368
1773014400,65975.703125,67644.046875,65878.921875,67198.7890625,4220733440
1773028800,67206.921875,68013.7578125,66968.28125,67527.171875,3051241472
1773043200,67566.90625,68405.1640625,67398.3984375,67781.9375,2060296192
1773057600,67753.046875,69453.5,67753.046875,69007.4609375,6119809024
1773072000,68895.296875,69347.0234375,68265.109375,69053.765625,3845259264
1773086400,69006.203125,69139.6640625,68401.4609375,68402.71875,623468544
1773100800,68443.1484375,70561.8515625,68432.28125,69454.2890625,1710305280
1773115200,69474.1640625,70465.3984375,69474.1640625,70338.8671875,1020604416
1773129600,70392.390625,71266.8828125,70392.390625,70612.5078125,1657151488
1773144000,70609.28125,71751.71875,69508.3515625,71360.6640625,1623293952
1773158400,71382.9375,71699.7265625,69837.5078125,70001.09375,2411708416
1773172800,70050.2265625,70390.609375,69491.3828125,69931.25,800378880
1773187200,69956.9296875,70146.609375,69526.8203125,69571.8671875,940462080
1773201600,69544.28125,70256.4609375,69453.703125,69666.4765625,31375360
1773216000,69674.875,69757.7734375,69247.8671875,69247.8671875,88522752
1773230400,69178.859375,71038.4375,68998.8671875,70278.3515625,1373696000
1773244800,70242.484375,71337.6640625,70226.9375,70667.578125,1866711040
1773259200,70670.0,70901.875,70165.6640625,70209.765625,0
1773273600,70202.765625,70357.203125,69252.6015625,69437.1015625,137416704
1773288000,69468.0546875,69847.9140625,69242.03125,69813.4296875,81448960
1773302400,69831.0390625,70743.3203125,69634.1640625,70452.9453125,1747570688
1773316800,70438.421875,70604.1953125,69426.078125,70270.5234375,104935424
1773331200,70318.53125,70557.953125,69825.1015625,70520.96875,247152640
1773345600,70487.4765625,70712.6171875,70041.546875,70497.046875,887209984
1773360000,70446.8671875,71953.484375,70426.640625,71403.625,4234215424
1773374400,71404.71875,71651.875,71193.234375,71651.875,2048311296
1773388800,71622.6953125,72571.53125,71399.765625,72254.34375,3033198592
1773403200,72235.890625,73854.28125,71764.828125,71798.3359375,7561502720
1773417600,71860.2421875,72220.09375,70936.8125,71159.5390625,4736344064
1773432000,71175.09375,71482.953125,70570.5546875,70965.3828125,958148608
1773446400,70952.3359375,71155.03125,70507.8828125,71072.2265625,433008640
1773460800,71090.21875,71279.3359375,70436.75,70613.203125,0
1773475200,70599.90625,70769.859375,70421.6875,70723.2890625,0
1773489600,70739.1875,70951.0859375,70522.859375,70603.828125,0
1773504000,70607.3671875,70736.296875,70512.34375,70711.6171875,0
1773518400,70711.78125,71239.0859375,70665.1796875,71213.6796875,5027840
1773532800,71214.4296875,71575.921875,70899.03125,71325.859375,434233344
1773547200,71343.453125,71729.515625,71343.453125,71441.8359375,299008000
1773561600,71449.0234375,71932.8984375,71449.0234375,71843.15625,441544704
1773576000,71832.7734375,71832.7734375,71299.9921875,71488.0625,1005258752
1773590400,71487.0546875,71987.2890625,71339.46875,71558.015625,1090875392
1773604800,71562.3125,73141.3515625,71451.8828125,72798.171875,5307017216
1773619200,72820.78125,73984.296875,72323.09375,73661.484375,4963274752
1773633600,73582.4296875,74363.125,73416.7109375,73494.09375,6647349248
1773648000,73458.265625,73788.40625,72931.9375,73562.8046875,3354882048
1773662400,73561.6640625,74414.765625,73064.859375,73245.90625,5611745280
1773676800,73248.453125,74336.2578125,73198.8125,73962.578125,7444893696
1773691200,73952.6015625,74891.1015625,73868.8828125,74855.296875,1973551104
1773705600,74871.296875,75954.96875,74309.4609375,74423.7109375,4584931328
1773720000,74545.046875,74652.7421875,73839.921875,74257.4609375,391942144
1773734400,74254.4609375,74425.8515625,73614.75,74057.859375,757178368
1773748800,74036.2421875,74726.234375,73459.25,73949.9375,365355008
1773763200,73943.6171875,74804.4609375,73905.640625,74509.2109375,212811776
1773777600,74485.4921875,74797.6953125,73936.8515625,73936.8515625,134602752
1773792000,73933.515625,74614.859375,73616.6328125,74520.84375,0
1773806400,74488.171875,74495.1484375,73739.234375,73888.078125,0
1773820800,73889.796875,74264.2578125,72884.6171875,72931.2109375,1694478336
1773835200,72929.2109375,72929.2109375,70978.140625,71515.359375,5135171584
1773849600,71452.140625,71948.5546875,70992.875,71111.2421875,2332372992
1773864000,71058.625,71406.578125,70605.0234375,71250.3515625,1242025984
1773878400,71212.0859375,71593.9453125,70936.203125,71223.125,427405312
1773892800,71157.5390625,71176.1484375,69619.6796875,70248.15625,3626176512
1773907200,70202.65625,70530.7578125,69915.0,69915.0,2629902336
1773921600,69934.671875,70009.0546875,68829.8515625,69484.953125,674107392
1773936000,69425.8359375,70564.9453125,69145.453125,70280.046875,2201489408
1773950400,70277.4296875,70687.125,69760.6171875,69911.53125,17453056
1773964800,69921.890625,70765.3984375,69849.15625,70747.953125,423002112
1773979200,70732.3515625,70939.7734375,70223.3046875,70857.6328125,234172416
1773993600,70859.1796875,71315.328125,70242.9609375,70472.921875,75878400
1774008000,70474.6953125,70659.421875,69512.046875,69812.21875,333500416
1774022400,69857.6171875,70165.765625,69435.75,70164.53125,773140480
1774036800,70160.9375,70877.3046875,69775.8359375,70522.46875,499912704
1774051200,70517.6171875,70767.015625,70438.75,70675.25,0
1774065600,70673.375,70871.8515625,70623.890625,70697.6328125,552620032
1774080000,70711.7109375,70727.671875,70489.359375,70634.9609375,0
1774094400,70635.1640625,71040.421875,70486.5078125,70652.2265625,0
1774108800,70641.703125,70644.515625,70223.3203125,70379.7109375,0
1774123200,70380.328125,70490.6171875,68737.4453125,68737.4453125,1413502976
1774137600,68903.21875,69552.2734375,68339.5859375,69332.0703125,5116844032
1774152000,69336.1171875,69494.2578125,68923.3125,68923.3125,297818112
1774166400,68907.0234375,68971.8046875,68216.140625,68216.140625,1707882496
1774180800,68213.7421875,68940.5703125,68213.7421875,68828.15625,1230098432
1774195200,68843.4296875,68860.4921875,68156.375,68184.2890625,1415100416
1774209600,68194.046875,68489.1875,67408.296875,67843.0,2576885760
1774224000,67854.984375,68565.7421875,67466.7109375,68068.9921875,168857600
1774238400,68072.1796875,68877.9765625,67543.046875,68311.0390625,4294246400
1774252800,68303.515625,71401.8515625,67922.8515625,70063.984375,9561262080
1774267200,70037.7265625,71696.078125,69731.46875,70131.59375,8513216512
1774281600,70107.0390625,71170.8671875,70107.0390625,70651.0703125,4012298240
1774296000,70679.421875,70972.8046875,70406.1171875,70912.671875,1214685184
1774310400,70898.6640625,71001.640625,70397.609375,70523.75,0
1774324800,70523.875,71331.5,70129.859375,71331.5,748859392
1774339200,71277.5234375,71318.828125,70860.8984375,71123.2421875,200728576
1774353600,71143.7421875,71143.7421875,69515.4765625,69875.765625,138326016
1774368000,69869.234375,69945.90625,68934.4375,69297.703125,1110986752
1774382400,69318.796875,70783.234375,69277.375,70520.046875,2729095168
1774396800,70525.5625,70995.4453125,70405.984375,70729.296875,444178432
1774411200,70696.578125,71295.6171875,70696.578125,70908.28125,815198208
1774425600,70903.484375,71946.390625,70790.1015625,71661.7578125,1129500672
1774440000,71705.8359375,71907.1953125,70584.640625,70834.3203125,364318720
1774454400,70838.890625,71706.296875,70722.234375,70781.0078125,0
1774468800,70849.5,71524.359375,70636.125,71310.1171875,5345280
1774483200,71311.6640625,71393.2109375,70675.46875,70864.46875,589553664
1774497600,70860.96875,70874.7890625,69805.421875,70076.09375,847843328
1774512000,70063.6953125,70077.6953125,69242.5625,69264.1328125,1150533632
1774526400,69255.953125,69826.125,68819.421875,69042.921875,1026959360
1774540800,69059.0703125,69104.578125,68134.265625,68584.140625,2125824000
1774555200,68510.28125,69281.46875,68413.1796875,68790.8359375,2086817792
1774569600,68778.71875,69082.3515625,68524.25,68741.234375,310116352
1774584000,68729.7890625,68907.578125,68269.15625,68418.7265625,1873055744
1774598400,68480.609375,68536.6796875,66371.2421875,66668.6796875,5525262336
1774612800,66676.8984375,66716.5234375,65703.7265625,66089.65625,4300865536
1774627200,66075.796875,66232.8984375,65539.1875,66041.453125,788627456
1774641600,66021.203125,66351.5703125,65795.3515625,66338.5,308248576
1774656000,66363.4140625,66468.921875,65916.359375,66167.8359375,0
1774670400,66184.3125,66508.2421875,66091.3359375,66508.2421875,0
1774684800,66504.671875,66512.9765625,66096.53125,66306.5,0
1774699200,66298.8515625,67201.6484375,66221.578125,66939.7421875,0
1774713600,66980.3828125,67038.265625,66687.828125,66848.3359375,0
1774728000,66853.859375,66952.625,66253.2265625,66319.6953125,0
1774742400,66331.703125,67000.8125,66259.4921875,66851.75,467705856
1774756800,66850.796875,66876.4609375,66507.3359375,66647.484375,0
1774771200,66627.8515625,66867.734375,66390.203125,66766.0078125,388931584
1774785600,66770.6484375,66806.3046875,66308.6015625,66467.59375,90222592
1774800000,66464.84375,66590.9609375,66136.609375,66290.3046875,224741376
1774814400,66294.15625,66710.8046875,65036.53125,65958.3515625,3895443456
1774828800,65957.6015625,67286.265625,65773.0546875,67106.546875,3752333312
1774843200,67091.390625,67655.2265625,67091.390625,67502.453125,3166812160
1774857600,67554.953125,67840.6015625,67341.5859375,67602.984375,3596789760
1774872000,67624.53125,68069.59375,67099.046875,67578.46875,4724396032
1774886400,67587.203125,67587.203125,66211.5234375,66424.765625,3302887424
1774900800,66480.578125,66930.125,66378.109375,66694.5859375,1295876096
1774915200,66727.5234375,68292.8125,66507.421875,67651.0625,1710804992
1774929600,67653.84375,67788.0078125,67084.0625,67316.1640625,920883200
1774944000,67315.796875,67433.5546875,65980.9765625,66638.390625,2430119936
1774958400,66629.9375,67667.7421875,66478.3984375,66695.515625,1117093888
1774972800,66753.0078125,68399.34375,66732.5,67760.78125,3052224512
1774987200,67817.828125,68309.3203125,67817.828125,68232.890625,964816896
1775001600,68224.46875,68270.3046875,67565.3984375,68083.9375,1374912512
1775016000,68097.21875,69204.46875,68004.875,68651.3828125,1402134528
1775030400,68688.2265625,68809.0859375,68383.828125,68687.2265625,612196352
1775044800,68665.1640625,68897.71875,67969.1171875,68897.71875,652746752
1775059200,68884.7578125,69104.828125,67981.9140625,68152.3203125,229548032
1775073600,68129.8046875,68485.8671875,67985.3671875,68077.8984375,0
1775088000,68095.265625,68633.1484375,66506.125,66570.546875,2857099264
1775102400,66580.90625,66900.953125,66230.2421875,66900.953125,369295360
1775116800,66908.1484375,66908.1484375,66170.84375,66170.84375,348114944
1775131200,66202.0,67029.875,65788.75,66784.375,2096791552
1775145600,66835.65625,67384.4453125,66602.015625,67024.1875,716992512
1775160000,66964.6328125,67082.7265625,66759.9140625,66889.015625,48594944
1775174400,66888.4765625,66972.71875,66281.984375,66586.28125,0
1775188800,66587.0859375,67162.359375,66459.9296875,67027.1484375,168898560
1775203200,67032.546875,67268.6796875,66691.5390625,66995.7109375,61919232
1775217600,67002.0078125,67099.0546875,66507.0625,66837.7265625,0
1775232000,66844.640625,67042.3359375,66766.1328125,66861.78125,0
1775246400,66870.6015625,66949.21875,66815.640625,66938.6484375,101472256
1775260800,66937.25,66939.015625,66803.2265625,66821.40625,0
1775275200,66826.0625,67022.4453125,66790.7890625,67022.4453125,0
1775289600,67011.6328125,67194.5546875,66905.3359375,67113.609375,150949888
1775304000,67125.0234375,67435.46875,67028.609375,67364.34375,370152448
1775318400,67368.828125,67491.78125,67266.375,67287.53125,72231936
1775332800,67278.640625,67426.90625,67184.6953125,67291.1953125,112285696
1775347200,67292.40625,67297.15625,66981.0390625,67113.9453125,456535040
1775361600,67117.3671875,67165.34375,66615.0390625,66795.5,776210432
1775376000,66793.6015625,67096.5859375,66793.6015625,66972.8359375,197574656
1775390400,66977.1484375,67516.1640625,66691.171875,67270.234375,2064122880
1775404800,67281.09375,67504.1640625,67172.9140625,67301.609375,250343424
1775419200,67331.4921875,69048.203125,67329.8671875,68982.9140625,4364726272
1775433600,68978.9140625,69491.6484375,68780.3515625,69061.84375,5297408000
1775448000,69082.078125,69316.03125,68819.328125,69075.671875,1407135744
1775462400,69089.3203125,70132.9921875,69083.1171875,69595.9453125,5091346432
1775476800,69601.015625,69941.1171875,69206.546875,69930.125,2449952768
1775491200,69947.6875,70237.1015625,69283.7578125,69704.140625,4151582720
1775505600,69733.0,69973.8203125,68367.84375,68859.375,454131712
1775520000,68860.4609375,69035.9765625,68286.8046875,68756.09375,152686592
1775534400,68761.765625,68964.1953125,68432.515625,68632.78125,0
1775548800,68616.34375,69215.59375,68075.421875,68356.046875,632713216
1775563200,68342.5,68607.7734375,67755.734375,68141.9921875,2857555968
1775577600,68151.7109375,69064.8359375,68102.5546875,68958.59375,1176489984
1775592000,69001.296875,72694.3125,69001.296875,71950.1484375,10219204608
1775606400,71926.15625,72057.078125,71270.1640625,71286.484375,2705010688
1775620800,71287.71875,71911.2734375,71286.9296875,71608.8203125,2866225152
1775635200,71628.890625,71932.7578125,71444.5625,71665.8984375,431394816
1775649600,71671.8984375,72739.1796875,70754.125,71301.046875,4438384640
1775664000,71314.5703125,71937.984375,71078.375,71301.3984375,566153216
1775678400,71319.5703125,71721.1015625,70923.90625,71115.125,0
1775692800,71093.7578125,71157.859375,70538.5546875,70979.9140625,249393152
1775707200,70993.921875,71077.4921875,70758.9765625,70964.1015625,0
1775721600,70968.703125,71536.890625,70901.5625,71157.0078125,0
1775736000,71151.8515625,72317.9921875,70549.265625,72103.4296875,1492318208
1775750400,72303.1015625,72519.0859375,71774.890625,72090.484375,2188611584
1775764800,72109.1328125,73004.65625,71637.8125,71774.3671875,3793436672
1775779200,71783.515625,72347.5625,71609.296875,71866.9375,675479552
1775793600,71888.7265625,72249.5,71445.828125,71474.5234375,738652160
1775808000,71484.5546875,72250.0703125,71444.78125,72120.9609375,839524352
1775822400,72123.65625,73289.9140625,71946.921875,72403.5390625,2951577600
1775836800,72431.109375,73263.1015625,72420.078125,73234.4453125,53522432
1775851200,73218.1953125,73421.8125,72834.515625,72976.125,505659392
1775865600,72974.1953125,73116.5234375,72722.609375,72867.390625,27906048
1775880000,72886.9375,72972.625,72682.0703125,72738.2890625,0
1775894400,72768.2421875,72945.75,72659.4375,72925.703125,0
1775908800,72938.75,73003.6796875,72594.53125,72880.890625,0
1775923200,72887.8359375,73724.78125,72850.484375,73683.421875,224630784
1775937600,73687.1015625,73687.1015625,72995.0078125,73056.046875,0
1775952000,73057.15625,73141.5,71464.046875,71660.0546875,3100588032
1775966400,71621.7890625,71785.1328125,71448.0546875,71747.28125,671844352
1775980800,71712.4296875,71789.8125,71405.109375,71494.46875,1273034752
1775995200,71493.9921875,71515.1484375,70721.7890625,70906.8203125,2387728384
1776009600,70886.1015625,71234.3046875,70856.4140625,71114.7265625,97961984
1776024000,71123.7421875,71452.2265625,70593.453125,70757.6171875,1761050624
1776038400,70741.296875,71264.46875,70629.453125,70989.6875,292968448
1776052800,70994.0078125,71120.4453125,70699.671875,70831.3125,4072048640
1776067200,70810.34375,70959.546875,70588.5234375,70947.2109375,2179717120
1776081600,70883.4453125,72420.1171875,70788.5,71838.046875,6215897088
1776096000,71909.3828125,73472.53125,71728.9609375,73373.984375,9372913664
1776110400,73379.046875,74856.671875,73101.8046875,74532.7421875,8091066368
1776124800,74442.2265625,74566.109375,74074.78125,74454.3828125,2540462080
1776139200,74450.8515625,74930.4296875,74192.1875,74547.5546875,1543237632
1776153600,74547.046875,74901.6875,74333.2734375,74456.0,2675822592
1776168000,74398.828125,76009.03125,74297.015625,75407.8125,5912420352
1776182400,75390.9609375,75666.0390625,73946.8515625,74265.8984375,653688832
1776196800,74329.203125,74423.1484375,73905.1875,74184.671875,73728
1776211200,74170.09375,74799.609375,74154.828125,74376.75,1786605568
1776225600,74377.3125,74470.0078125,73573.03125,73771.3515625,68005888
1776240000,73759.7890625,74281.6171875,73706.0,74232.65625,151773184
1776254400,74244.953125,74533.9921875,73623.7265625,73868.0,301113344
1776268800,73856.046875,75303.75,73779.65625,75065.578125,160878592
1776283200,75053.0,75412.0,74545.0,74836.359375,200192000
1776297600,74845.609375,75288.3515625,74488.109375,74904.25,2398498816
1776312000,74902.2578125,75186.453125,74662.34375,74721.5390625,315793408
1776326400,74721.546875,74927.828125,74288.5,74593.328125,1200881664
1776340800,74593.328125,75026.2734375,73328.0,74719.9921875,2995044352
1776355200,74746.0234375,75429.609375,73917.140625,75371.9765625,1634238464
1776369600,75384.9375,75539.90625,74827.8125,75163.09375,249851904
1776384000,75156.7421875,75179.8515625,74562.671875,74633.1484375,51539968
1776398400,74641.109375,75122.609375,74575.0,75085.9921875,61296640
1776412800,75095.40625,76386.671875,75015.359375,75622.578125,4210688000
1776427200,75661.359375,78146.25,75567.9921875,77838.4375,10267521024
1776441600,77844.0390625,78344.3671875,77061.59375,77515.21875,1879207936
1776456000,77481.9921875,77650.40625,76935.0234375,77098.0078125,592347136
1776470400,77090.53125,77447.4296875,77002.0625,77034.828125,0
1776484800,77045.9609375,77287.5,76923.078125,77020.0078125,454922240
1776499200,77020.0234375,77070.390625,75797.9921875,76069.4609375,0
1776513600,76084.9765625,76387.4921875,75824.0703125,76191.71875,0
1776528000,76191.7109375,76249.9765625,75498.0078125,75682.1328125,0
1776542400,75678.8984375,75904.8984375,75632.6796875,75736.8203125,0
1776556800,75736.0,75884.0078125,75391.4296875,75546.4921875,253513728
1776571200,75551.9921875,75806.7421875,74942.0,75291.1171875,1192728576
1776585600,75281.328125,75653.0703125,74961.828125,75634.8671875,0
1776600000,75646.59375,76260.296875,75458.109375,75884.7734375,1878519808
1776614400,75885.6171875,75895.296875,74645.8125,74985.0390625,1340807168
1776628800,74985.046875,74985.046875,73799.046875,73820.1875,3229972480
1776643200,73814.6875,74770.8828125,73768.0,74667.90625,2122016768
1776657600,74667.90625,75588.8828125,74136.9375,74857.640625,1071421440
1776672000,74861.0,75439.8515625,74649.6796875,75223.96875,1101680640
1776686400,75218.03125,75763.09375,74733.75,75747.078125,2371559424
1776700800,75743.78125,76523.3203125,75327.0078125,76322.0078125,2903810048
1776715200,76304.0,76591.65625,75653.7109375,75864.859375,1403420672
1776729600,75869.5,76278.0078125,75520.0,75740.578125,0
1776744000,75754.4765625,76321.0,75633.28125,76118.09375,52444172288
1776758400,76124.1328125,76902.2109375,76094.0,76478.6171875,1405759488
1776772800,76485.3125,76588.8671875,75533.546875,75850.8203125,30128500736
1776787200,75888.15625,76198.0,74825.9921875,75019.9921875,0
1776801600,75009.0625,76444.9765625,74989.5390625,76346.8125,459378688
1776816000,76362.9296875,77746.8828125,76156.7421875,77549.65625,3162521600
1776830400,77541.546875,78429.28125,77386.0,78025.796875,4270657536
1776844800,78055.2109375,78394.703125,77960.3515625,78322.546875,309329920
1776859200,78329.0,79450.0,78141.8984375,79323.609375,4052455424
1776873600,79368.0078125,79502.78125,78674.0,78885.7421875,912244736
1776888000,78915.8828125,78952.0,78195.796875,78208.5078125,672788480
1776902400,78241.203125,78608.9296875,77501.59375,77742.5703125,1772793856
1776916800,77766.8984375,78370.4921875,77699.2734375,78086.140625,0
1776931200,78070.8828125,78204.296875,77216.890625,77722.296875,1863282688
1776945600,77722.296875,78716.328125,77421.15625,78413.1796875,0
1776960000,78420.71875,78540.8203125,76982.9765625,77745.296875,2091753472
1776974400,77740.9296875,78357.15625,77669.8984375,78281.1484375,0
1776988800,78312.109375,78601.7109375,77590.5234375,77755.390625,39755776
1777003200,77744.90625,78037.2421875,77468.0,77676.9609375,584425472
1777017600,77676.9609375,78397.3203125,77436.0,78256.1328125,1135370240
1777032000,78267.28125,78466.890625,77602.75,78070.7578125,561422336
1777046400,78069.359375,78084.5390625,77385.046875,77661.8203125,31268864
1777060800,77648.390625,77785.0,77309.6015625,77461.7890625,873181184
1777075200,77466.03125,77736.1171875,77340.046875,77699.90625,0
1777089600,77699.90625,77726.15625,77470.0,77521.96875,0
1777104000,77513.71875,77910.359375,77510.9375,77706.171875,0
1777118400,77697.40625,77772.078125,77345.6796875,77354.0625,0
1777132800,77326.0,77483.4375,77201.3515625,77339.78125,31266816
1777147200,77368.6328125,77666.4765625,77324.5703125,77650.71875,386048
1777161600,77651.1171875,77663.84375,77346.4375,77408.0,0
1777176000,77400.0234375,78212.6015625,77394.8828125,78126.3125,1047915520
1777190400,78133.0234375,78232.84375,77940.6875,78118.0,348058624
1777204800,78121.3515625,78189.640625,77791.9765625,78073.828125,694482944
1777219200,78084.390625,78520.90625,77872.9375,78258.0,1399746560
1777233600,78271.6015625,78917.609375,77891.671875,78664.640625,3653470208
1777248000,78673.84375,79488.7265625,78419.9609375,79120.0234375,5175988224
1777262400,79124.3828125,79175.90625,77486.0,77621.2109375,3861768192
1777276800,77606.4609375,77989.3984375,77563.0234375,77847.890625,1860208640
1777291200,77843.140625,78277.2109375,76566.671875,76772.921875,5139535872
1777305600,76750.890625,76916.28125,76472.7578125,76878.0,2397888512
1777320000,76867.9375,77444.3984375,76735.0,77364.40625,305152000
1777334400,77380.9375,77478.9765625,76682.171875,76809.3515625,0
1777348800,76808.0,77147.109375,76430.90625,76864.3203125,348000256
1777363200,76879.921875,77000.3671875,76122.4765625,76219.9765625,2006016000
1777377600,76244.546875,76422.03125,75660.703125,76050.296875,1824985088
1777392000,76043.0078125,76377.59375,75861.96875,76325.9765625,831488
1777406400,76338.2109375,76483.640625,76176.5,76315.90625,73611264
1777420800,76309.3203125,77117.03125,76166.578125,76987.2734375,457797632
1777435200,77001.0390625,77444.4375,76875.6171875,77034.0390625,1483313152
1777449600,77048.3984375,77896.1875,76947.703125,77581.921875,2139260928
1777464000,77580.7421875,77593.9921875,75683.3984375,75868.4375,1608368128
1777478400,75842.609375,76190.8671875,74927.65625,75529.6328125,4601237504
1777492800,75523.8125,76016.09375,75462.4765625,75752.8828125,1400356864
1777507200,75800.78125,76430.796875,75472.0,75901.8203125,599547904
1777521600,75902.859375,76146.546875,75312.7109375,76134.328125,10039296
1777536000,76147.90625,76321.9765625,75848.0,76031.9765625,0
1777550400,76039.7578125,76620.90625,76017.4609375,76438.84375,5537792
1777564800,76424.9921875,76495.328125,76070.2734375,76381.3203125,0
1777579200,76383.796875,76537.7265625,76164.9296875,76305.0,0
1777593600,76295.7265625,77420.1171875,76295.7265625,77091.84375,1196818432
1777608000,77101.1796875,77175.53125,76861.6796875,77108.0234375,493248512
1777622400,77097.5,77574.7265625,77022.546875,77452.7265625,1303980032
1777636800,77466.34375,78940.40625,77392.0078125,78445.1171875,5356484608
1777651200,78476.2890625,78691.0,78125.328125,78373.9765625,1956716544
1777665600,78398.8203125,78419.25,77750.203125,78234.046875,1039319040
1777680000,78234.3828125,78508.96875,78168.0,78409.6328125,0
1777694400,78419.40625,78443.546875,78034.2890625,78220.2109375,73568256
1777708800,78220.21875,78392.40625,78093.1015625,78147.0390625,0
1777723200,78147.0703125,78486.4921875,78099.0703125,78483.5234375,0
1777737600,78486.4765625,78589.3515625,78308.0,78484.46875,0
1777752000,78469.34375,79120.75,78415.8671875,78682.3125,136123392
1777766400,78697.5,78735.9375,78103.75,78196.0234375,284135424
1777780800,78187.28125,78447.6015625,78074.90625,78357.6328125,61689856
1777795200,78357.6328125,78838.0,78354.3203125,78657.9921875,449764352
1777809600,78667.7578125,78863.7265625,78575.0,78656.84375,988370944
1777824000,78659.59375,78836.46875,78566.2265625,78753.15625,1127549952
1777838400,78746.71875,79425.46875,78491.0,78558.7421875,3243845632
1777852800,78552.03125,80420.578125,78275.9765625,80319.6015625,7866376192
1777867200,80305.3671875,80600.859375,79480.53125,79684.078125,5896361984
1777881600,79660.5234375,79908.2890625,78218.109375,78782.953125,8037910528
1777896000,78772.84375,80551.9921875,78512.0,80031.0078125,8504135680
1777910400,80024.0,80744.3671875,79616.828125,80048.03125,5590966272
1777924800,80031.7578125,80393.5625,79738.796875,79841.1015625,864256
1777939200,79852.3671875,81073.0,79789.5,80882.140625,0
1777953600,80881.9375,81312.0078125,80716.2421875,80874.0,324939776
1777968000,80856.578125,81114.09375,80520.0,80937.359375,459739136
1778025600,80884.8203125,81750.0,80743.46875,81576.25,2526359552
1778040000,81592.8515625,81636.0,81054.2890625,81370.0,0
1778054400,81364.3125,82800.0,81318.1015625,82522.046875,0
1778068800,82520.75,82537.03125,81136.7734375,81699.0703125,0
1778083200,81703.25,81863.609375,81186.1484375,81460.6796875,0
1778097600,81465.5078125,81705.328125,81006.0,81438.1015625,13193216
1778112000,81416.3984375,81482.9765625,80830.8125,80842.0,4064153600
1778126400,80841.9921875,81708.0625,80724.7421875,81517.796875,318640128
1778140800,81529.6875,81591.8984375,80564.1328125,80857.328125,0
1778155200,80844.3984375,81192.46875,79730.6328125,79868.4296875,1244575744
1778169600,79865.25,80282.0,79520.7578125,80124.5,1937883136
1778184000,80161.9765625,80330.671875,79573.3203125,80005.3671875,686788608
1778198400,80026.3828125,80124.5,79248.484375,79550.5,476786688
1778212800,79552.4765625,79738.46875,79247.7890625,79637.5390625,958275584
1778227200,79663.8984375,80291.2109375,79658.75,80224.609375,747003904
1778241600,80214.359375,80475.34375,79525.46875,80125.6328125,367104000
1778256000,80159.5234375,80294.9765625,79716.296875,80101.3125,259973120
1778270400,80121.3671875,80413.0234375,80077.703125,80188.8203125,443205632
1778284800,80188.3828125,80508.71875,80116.9765625,80380.296875,0
1778299200,80385.0625,80647.1015625,80133.59375,80214.859375,46252032
1778313600,80214.8671875,80434.6171875,80160.0,80330.5,0
1778328000,80315.96875,80590.4921875,80220.7890625,80523.9609375,0
1778342400,80523.9609375,81061.546875,80478.3671875,80942.609375,0
1778356800,80939.0078125,80939.0078125,80607.8125,80658.9765625,0
1778371200,80653.46875,80867.84375,80552.7265625,80780.8125,23934976
1778385600,80752.2265625,80833.5390625,80635.7109375,80725.84375,0
1778400000,80725.84375,80951.1484375,80676.0234375,80794.0,226103296
1778414400,80791.4921875,81434.65625,80763.2265625,81404.6484375,787294208
1778428800,81438.828125,81555.3671875,81144.0,81425.140625,1634549760
1778443200,81428.828125,82449.9921875,80290.0,82186.8203125,7812038656
1778457600,82200.0,82340.359375,80507.796875,80717.453125,4303888384
1778472000,80698.109375,81024.46875,80619.84375,80722.1875,1505189888
1778486400,80710.2890625,81191.859375,80600.0,81181.4765625,1187807232
1778500800,81185.59375,81422.6875,80426.7421875,81422.6875,2528929792
1778515200,81428.8125,82131.171875,81319.9296875,81956.0,2044121088
1778529600,81962.9296875,82067.7421875,81580.0,81727.0625,0
1778544000,81716.0,81770.609375,80688.8984375,81036.0078125,310943744
1778558400,81020.1484375,81288.8203125,80815.828125,80835.2734375,509206528
1778572800,80825.1171875,80938.859375,80471.8984375,80764.296875,894875648
1778587200,80755.96875,80981.2890625,80143.65625,80287.6015625,1862965248
1778601600,80283.3671875,80857.7890625,79817.921875,80814.0390625,198737920
1778616000,80823.8984375,80869.828125,80420.1015625,80484.078125,142790656
1778630400,80480.9375,81275.1484375,80393.296875,81240.4375,283498496
1778644800,81240.78125,81254.859375,80861.2109375,80996.0078125,79360000
1778659200,80996.6875,81285.5078125,80468.2890625,80471.15625,304816128
1778673600,80471.703125,80564.5625,78765.640625,78775.0,1971525632
1778688000,78773.6796875,79782.0,78699.8828125,79604.7890625,2227034112
1778702400,79615.9921875,79731.0078125,79184.3984375,79288.7890625,626223104
1778716800,79296.1484375,79661.546875,78908.0,79012.2578125,1356673024
1778731200,79014.78125,79958.328125,78950.453125,79706.453125,1464684544
1778745600,79703.921875,79906.4765625,79192.140625,79213.1484375,737525760
1778760000,79200.0078125,81335.578125,79194.6328125,81304.0390625,3112935424
1778774400,81330.0078125,82051.71875,81093.9765625,81433.96875,5552353280
1778788800,81470.453125,81625.0703125,81031.078125,81079.390625,473370624
1778803200,81081.9609375,81648.703125,80728.1875,81053.6875,792715264
1778817600,81045.3203125,81082.546875,80302.03125,80815.9921875,1899835392
1778832000,80819.9921875,80819.9921875,80363.0,80616.046875,109543424
1778846400,80600.359375,80635.0,78601.1875,79113.296875,3403747328
1778860800,79141.359375,79533.0078125,79008.65625,79093.2421875,0
1778875200,79096.2578125,79176.8984375,78899.9921875,79058.5078125,304594944
1778889600,79049.1796875,79180.5390625,78966.453125,79042.4375,0
1778904000,79016.6875,79077.1875,78050.0078125,78335.0,472981504
1778918400,78328.6171875,78486.3515625,77611.359375,78047.6796875,2926684160
1778932800,78047.0703125,78286.1796875,77798.0,78200.109375,311271424
1778947200,78182.1796875,78328.8671875,78099.7109375,78234.40625,0
1778961600,78234.40625,78289.4921875,78086.7109375,78105.453125,137216
1778976000,78106.296875,78203.90625,77693.2421875,77993.2421875,547835904
1778990400,77993.2421875,78288.9921875,77971.9765625,78152.1328125,137803776
1779004800,78153.8125,78557.296875,78000.09375,78382.0,0
1779019200,78384.828125,78510.0,77815.3203125,78012.8984375,0
1779033600,78012.90625,78429.578125,77833.9375,78393.9609375,23489536
1779048000,78368.71875,78444.171875,76726.5078125,77407.59375,3685076992
1779062400,77413.9921875,77420.140625,76659.4765625,76881.6484375,3199094784
1779076800,76877.7890625,77032.46875,76539.9921875,77021.46875,3117518848
1779091200,77020.296875,77349.0390625,76639.3671875,77238.5078125,2454013952
1779105600,77242.0703125,77745.1171875,76005.9765625,76343.0078125,8313165824
1779120000,76318.0078125,76924.96875,76087.3125,76858.828125,5216169984
1779134400,76879.953125,77171.9765625,76743.9296875,76944.2578125,1236987904
1779148800,76944.2734375,77348.640625,76426.546875,76721.9921875,0
1779163200,76715.75,77220.0625,76577.84375,77168.921875,124915712
1779177600,77179.7578125,77243.9296875,76577.8984375,76641.296875,52117504
1779192000,76634.0,76984.359375,76080.15625,76444.5234375,0
1779206400,76454.5390625,77000.0,76336.3828125,76759.7890625,0
1779220800,76756.671875,76979.53125,76572.0,76765.9921875,0
1779235200,76755.25,76839.9921875,76439.8828125,76637.609375,431187968
1779249600,76649.796875,77397.0234375,76596.3203125,77196.109375,776970240
1779264000,77195.4921875,77581.8828125,77121.6015625,77301.6171875,92735488
1779278400,77297.4375,77774.640625,76819.2421875,77381.8671875,248215552
1779292800,77390.9921875,77642.3828125,76925.0,77600.0625,888846336
1779307200,77602.0,77688.6875,77143.6328125,77475.9765625,967673856
1779321600,77483.171875,78088.96875,77441.21875,78001.6484375,752125952
1779336000,78001.65625,78099.703125,77441.2109375,77808.4375,142333952
1779350400,77813.6875,78115.9375,77069.9375,77111.09375,1334540288
1779364800,77111.703125,77306.3984375,76631.9609375,77174.6171875,351322112
1779379200,77179.140625,78016.828125,76914.359375,77607.9921875,2207139840
1779393600,77615.9921875,77743.8125,77458.6171875,77542.65625,0
1779408000,77549.9765625,77738.296875,77239.90625,77695.8671875,0
1779422400,77705.25,77806.3125,77198.0,77320.6328125,642287616
1779436800,77323.671875,77458.90625,77081.9375,77342.0625,92993536
1779451200,77344.359375,77491.2109375,76491.3515625,76698.25,1149243392
1779465600,76690.90625,77001.5703125,75573.0625,75748.6328125,1877440512
1779480000,75797.703125,75994.3984375,75291.9296875,75439.96875,1379129344
1779494400,75462.9921875,75573.9296875,75141.5234375,75545.7109375,1714434048
1779508800,75540.328125,75565.75,74202.5234375,74516.7265625,1632043008
1779523200,74521.140625,74783.640625,74253.9921875,74710.3125,878702592
1779537600,74703.0625,75596.59375,74577.53125,75428.8828125,120774656
1779552000,75432.2734375,75906.9609375,75280.0,75872.15625,0
1779566400,75908.859375,77287.03125,75852.8671875,76650.0,2823636992
1779580800,76663.3828125,76897.828125,76532.2265625,76633.046875,183265280
1779595200,76686.609375,76954.171875,76547.9921875,76710.2890625,11177984
1779609600,76721.1484375,77337.890625,76629.7578125,77219.28125,4644673536
1779624000,77219.2890625,77224.7578125,76123.9921875,76278.71875,1712252928
1779638400,76280.4296875,76692.578125,76279.421875,76677.7734375,22538240
1779652800,76698.3125,77117.453125,76008.0,76968.40625,472299520
1779667200,76998.2109375,77396.0078125,76830.15625,76933.1015625,770148352
1779681600,76935.8828125,77501.78125,76900.0,77310.8125,1038055424
1779696000,77315.796875,77611.6875,77184.546875,77284.1328125,394647552
1779710400,77290.921875,77808.359375,77207.2421875,77549.9765625,980111360
1779724800,77569.03125,77740.3984375,77274.203125,77384.0,558655488
1779739200,77369.046875,77434.9921875,76965.390625,77249.078125,38117376
1779753600,77256.0,77277.3515625,76387.6171875,76571.7265625,1012037632
1779768000,76591.0,76949.9921875,76513.8828125,76633.671875,737415168
1779782400,76629.8984375,77543.4609375,76488.9296875,77097.9765625,1750511616
1779796800,77098.0,77990.0,76155.0,76396.7421875,5801850880
1779811200,76404.5078125,76599.3203125,75651.9765625,75916.4921875,6103281664
1779825600,75932.5234375,76066.546875,75558.5703125,75821.2578125,896159744
1779840000,75820.796875,75995.4375,75513.546875,75544.0078125,163950592
1779854400,75538.0234375,75855.328125,75187.28125,75838.4375,848912384
1779868800,75849.15625,75955.3984375,75584.890625,75632.9765625,167702528
1779883200,75635.0234375,76029.9375,74638.0078125,75187.953125,2002890752
1779897600,75175.9921875,75263.5625,74553.5,74907.9609375,101742592
1779912000,74906.9609375,75279.25,74113.9765625,74321.9921875,1452290048
1779926400,74304.0,74462.390625,72958.0,73130.0234375,3285735424
1779940800,73108.796875,73368.7734375,72631.453125,73359.046875,5205889024
1779955200,73360.6875,73481.78125,73074.1796875,73375.6171875,569065472
1779969600,73372.0,73450.0,72466.359375,72791.3984375,714641408
1779984000,72770.0078125,73618.0,72607.8828125,73297.4296875,403636224
1779998400,73314.0625,73842.0,73133.0390625,73512.546875,627789824
1780012800,73516.2421875,73766.9921875,73071.609375,73187.9921875,0
1780027200,73187.9921875,73817.2421875,73090.0703125,73410.9296875,0
1780041600,73404.4921875,73797.2890625,73230.75,73369.7890625,415025152
1780056000,73356.2734375,74081.6328125,72400.4296875,73694.5078125,2207033344
1780070400,73730.7265625,74221.71875,73104.0078125,73401.0078125,3067897856
1780084800,73425.2109375,73742.03125,73216.0625,73366.921875,365744128
1780099200,73372.3828125,73696.0390625,73303.359375,73426.5625,381046784
1780113600,73426.546875,73611.0078125,73119.9296875,73450.0234375,865800192
1780128000,73450.0234375,73580.2578125,73394.828125,73495.3984375,0
1780142400,73506.6875,73982.1015625,73480.453125,73814.0,0
1780156800,73819.0234375,74021.7109375,73707.578125,73904.0,0
1780171200,73904.0,73940.9296875,73662.34375,73753.890625,0
1780185600,73791.5703125,74154.1171875,73741.0078125,74032.0625,257388544
1780200000,74032.0625,74113.4921875,73720.3203125,73752.828125,92747776
1780214400,73756.578125,73918.7890625,73629.03125,73831.21875,406427648
1780228800,73818.703125,73909.5625,73412.9296875,73542.7578125,0
1780243200,73541.359375,73636.1171875,73292.609375,73442.4921875,118293504
1780257600,73467.9765625,74065.0390625,73400.0,73575.171875,878190592
1780272000,73575.1796875,73975.2578125,73112.671875,73661.7421875,1235302400
1780286400,73661.7421875,73738.6484375,72614.0,72701.96875,2504216576
1780300800,72717.6796875,72999.9765625,72246.0625,72377.9609375,3198605312
1780315200,72439.0,72504.0078125,70940.28125,70988.2421875,11241799680
1780329600,70988.71875,71686.5703125,70562.0,71490.0234375,6523932672
1780344000,71485.640625,71603.4765625,70733.390625,71307.1875,1293238272
1780358400,71311.421875,71311.421875,70043.9921875,70839.5078125,2506133504
1780372800,70867.0703125,70938.25,69646.0,70011.0625,2563076096
1780387200,70015.2421875,70065.8203125,69225.21875,69349.9921875,834826240
1780401600,69337.9921875,69438.25,66954.9921875,67169.296875,2481774592
1780416000,67151.4375,68000.0078125,66340.3203125,67182.7109375,2217529344
1780430400,67172.0,67821.796875,66103.34375,66656.546875,5386084352
1780444800,66658.0,67060.0,65379.33984375,65748.8203125,3239014400
1780459200,65734.0,67410.7109375,65734.0,67125.640625,2628468736
1780473600,67113.328125,67365.0,66546.3671875,66966.0,512421888
1780488000,66969.6328125,67149.7109375,65969.53125,65969.53125,0
1780502400,66038.9921875,66252.0,65176.69140625,65356.01171875,0
1780516800,65357.890625,65751.2578125,63990.7109375,64039.98828125,1534914560
1780531200,64056.0,64451.01171875,61341.609375,64283.37109375,12119441408
1780545600,64291.71875,64684.75,63440.26953125,63540.75,382980096
1780560000,63564.08984375,63825.53125,62138.6484375,62472.6796875,5629325312
1780574400,62486.98046875,64441.76171875,62315.23828125,63815.76171875,3972816896
1780588800,63813.578125,64060.87890625,62881.12890625,63535.75,1190391808
1780603200,63541.28125,63848.21875,63069.46875,63805.6796875,0
1780617600,63771.0,63904.62109375,62267.51953125,62658.01171875,0
1780632000,62662.890625,63604.0,61089.9609375,63054.859375,4915388416
1780646400,63035.8515625,63182.3203125,61898.0703125,61898.0703125,0
1780660800,61895.421875,62378.94140625,60023.9296875,60403.01953125,6271840256
1780675200,60360.51171875,61485.98046875,59093.98828125,60265.01953125,9880002560
1780689600,60266.0,61949.80078125,59908.0,61026.19921875,5206044672
1780704000,61055.33984375,61493.25,60501.96875,60665.98828125,565329920
1780718400,60650.66015625,61228.73828125,59459.98828125,60970.76953125,2133352448
1780732800,60974.87890625,61451.44140625,60199.98828125,60775.55078125,1256378368
1780747200,60775.62109375,61135.8984375,60368.421875,60748.12109375,0
1780761600,60730.01171875,60931.51953125,60371.3515625,60570.08984375,0
1780776000,60569.109375,60971.828125,60400.01953125,60850.359375,0
1780790400,60855.01953125,61738.01171875,60708.328125,61673.76171875,292120576
1780804800,61669.53125,62382.80078125,61459.03125,62374.23046875,1016541184
1780819200,62360.7890625,62911.1015625,62227.53125,62603.12109375,2212741120
1780833600,62600.03125,62622.9609375,61574.0,62067.890625,2473644032
1780848000,62074.16015625,62296.62109375,61149.3203125,61292.98046875,1066344448
1780862400,61292.96875,64064.69921875,61195.8515625,63308.26171875,5563146240
1780876800,63294.859375,63819.5390625,62687.30078125,63088.05078125,777871360
1780891200,63096.0,63296.1484375,62376.75,63237.23046875,1039568896
1780905600,63229.51953125,63808.078125,62941.171875,63419.5390625,150648832
1780920000,63431.80859375,64187.9296875,62723.53125,63738.05859375,4326139904
1780934400,63742.21875,64004.58984375,63263.51171875,63339.26953125,1341370368
1780948800,63353.859375,63834.3984375,62970.48046875,63062.96875,220696576
1780963200,63050.0390625,63145.98828125,62391.890625,62840.0,897779712
1780977600,62839.98828125,63487.5,62716.0,63154.03125,1112655872
1780992000,63158.51171875,63175.3984375,62460.1015625,62673.3203125,692895744
1781006400,62663.98828125,62858.0,60981.0,61081.12109375,1188321280
1781020800,61082.01171875,62051.12109375,60740.0,62049.1015625,7086383104
1781035200,62060.37109375,62221.421875,61507.16015625,61685.80078125,1142685696
1781049600,61698.0,61931.9609375,61190.66015625,61503.96875,298827776
1781064000,61503.96875,61736.640625,61030.08984375,61641.078125,232439808
1781078400,61632.46875,61684.87890625,60774.4296875,60977.46875,838610944
1781092800,60984.5,62796.55859375,60900.8984375,62579.91015625,820523008
1781107200,62590.6484375,62590.6484375,61561.98828125,61868.26953125,0
1781121600,61886.1484375,61888.01171875,61046.390625,61450.921875,557156352
1781136000,61457.03125,62705.51953125,61457.03125,62605.8515625,650047488
1781150400,62610.66015625,62916.3203125,62472.9609375,62639.859375,727459840
1781164800,62643.0,63190.3984375,62642.0,63043.98046875,0
1781179200,63053.80859375,63190.01171875,62462.12109375,62680.48828125,0
1781193600,62694.0,63832.62109375,62261.91015625,63547.640625,0
1781208000,63584.12109375,63630.62890625,63205.0,63556.7109375,553445376
1781222400,63563.44140625,63718.80078125,63219.44921875,63430.48828125,456960000
1781236800,63429.98828125,63768.0,62759.98828125,63014.78125,543311872
1781251200,63019.359375,63874.23046875,63019.3515625,63685.16015625,1553143808
1781265600,63650.19140625,64341.6015625,62979.3515625,63532.98046875,2059503616
1781280000,63555.4609375,64056.28125,63485.44921875,63553.98046875,345839616
1781294400,63573.87109375,63667.53125,63349.3984375,63528.9609375,409856000
1781308800,63534.671875,63804.03125,63423.37109375,63494.140625,60248064
1781323200,63490.578125,63840.328125,63445.62890625,63806.37109375,45629440
1781337600,63806.37109375,63936.01953125,63690.55078125,63923.41015625,0
1781352000,63923.41015625,64310.0,63877.6015625,64258.01953125,489590784
1781366400,64267.80859375,64299.98828125,63883.46875,64260.01171875,0
1781380800,64265.140625,64722.16015625,64189.19921875,64429.98828125,679635968
1781395200,64407.359375,64672.87890625,64347.69140625,64513.578125,397933568
1781409600,64523.48046875,64534.01953125,64190.0,64396.51953125,975227904
1781424000,64396.7890625,64627.328125,64279.75,64506.05859375,94330880
1781438400,64515.421875,64528.80859375,63837.03125,63986.1796875,698018816
1781452800,63979.62890625,64162.19921875,63642.96875,63768.26953125,96069632
1781467200,63780.0390625,65762.0078125,63750.01171875,65707.5,5650142208
1781481600,65706.03125,65953.5390625,65315.01171875,65871.3515625,1921998848
1781496000,65884.359375,65963.7890625,65575.7421875,65630.9609375,0
1781510400,65633.828125,66313.609375,65464.28125,66190.0,0
1781524800,66198.6015625,67243.8671875,66069.96875,67242.296875,0
1781539200,67226.0390625,67254.75,66363.203125,66553.828125,0
1781553600,66570.25,66642.6484375,66053.75,66276.796875,0
1781568000,66265.0078125,66422.4296875,65607.5390625,66111.75,0
1781582400,66118.9296875,66516.1328125,65776.5703125,66334.1796875,0
1781596800,66334.1796875,66936.59375,66301.703125,66431.109375,0
1781611200,66447.390625,66768.0,65302.359375,65817.296875,0
1781625600,65811.3515625,66171.046875,65487.73828125,65621.609375,0
1781640000,65569.03125,65874.703125,65526.01953125,65616.640625,0
1781654400,65616.640625,66067.5625,65438.51171875,65794.046875,0
1781668800,65810.15625,65981.7578125,65187.078125,65470.98828125,0
1781683200,65463.421875,65496.73828125,64491.87890625,64749.51171875,0
1781697600,64761.3203125,65794.0234375,64541.3984375,65696.96875,0
1781712000,65711.0703125,66370.203125,64038.46875,64243.69140625,0
1781726400,64227.94140625,64466.03125,63874.0,64446.0390625,8245379072
1781740800,64453.75,64752.5,64192.55078125,64215.05078125,366620672
1781755200,64215.109375,64446.12109375,63638.421875,64438.53125,1364891648
1781769600,64446.12109375,64569.98046875,63816.1015625,63901.9296875,461426688
1781784000,63927.0390625,64375.71875,62238.4609375,62285.80859375,2791985152
1781798400,62267.23828125,62927.859375,62178.62890625,62858.05078125,429238272
1781812800,62897.19921875,63183.359375,62671.80078125,62879.01171875,1004609536
1781827200,62876.80078125,63040.37890625,62311.7890625,62702.0703125,245192704
1781841600,62702.0703125,62856.46875,62346.19140625,62561.21875,427999232
1781856000,62561.2109375,62713.859375,62253.69921875,62570.51171875,641290240
1781870400,62570.73828125,63344.01171875,62288.5,63147.98046875,189452288
1781884800,63148.5390625,63324.94921875,62810.76953125,62964.1015625,0
1781899200,62977.48828125,63587.01171875,62899.359375,63475.66015625,91801600
1781913600,63467.80078125,63712.69140625,63252.55859375,63424.51953125,665231360
1781928000,63418.16015625,63808.359375,63342.12109375,63589.359375,38537216
1781942400,63593.08984375,63734.01171875,63330.78125,63617.41015625,184969216
1781956800,63617.41015625,64308.0,63142.0,64086.05859375,1065496576
1781971200,64096.0,64096.0,63682.19921875,63867.359375,0
1781985600,63868.390625,64279.62890625,63777.1484375,64222.98828125,487313408
1782000000,64229.6796875,64390.87890625,64121.171875,64344.08984375,238223360
1782014400,64345.05859375,64492.19140625,64090.96875,64117.05859375,294675456
1782028800,64115.37890625,64397.109375,63822.8203125,64085.0,981043200
1782043200,64095.2890625,64266.8984375,63878.359375,64143.98046875,28089344
1782057600,64136.3984375,64211.890625,63881.9296875,64119.96875,304875520
1782072000,64124.1015625,64192.48828125,63171.19140625,63224.87109375,1521236992
1782086400,63235.609375,64697.3203125,63235.609375,63888.75,2743176192
1782100800,63906.73046875,64303.16015625,63793.1484375,64131.3984375,1841643520
1782115200,64147.19140625,64699.0,63960.0,64583.23828125,540286976
1782129600,64604.1484375,65549.9375,64517.05078125,64765.421875,4919578624
1782144000,64780.0390625,64788.44921875,64203.2890625,64427.8203125,2055380992
1782158400,64415.98828125,64596.01171875,63741.7890625,63950.609375,370796544
1782172800,63934.0390625,64207.98828125,63757.1015625,63987.8203125,0
1782187200,63987.828125,64016.80859375,62500.98828125,62805.5,2739816448
1782201600,62803.98828125,62869.58984375,61873.12890625,62432.7890625,4608813056
1782216000,62432.78125,62765.03125,61884.01171875,62401.98828125,0
1782230400,62402.2109375,62736.62109375,62008.69921875,62323.3984375,29761536
1782244800,62324.58984375,62701.94921875,62306.7890625,62644.859375,470487040
1782259200,62644.859375,63032.390625,62380.0,62649.69921875,1838817280
1782273600,62654.98828125,62979.98828125,62443.33984375,62561.3984375,163328000
1782288000,62581.19140625,63083.62890625,62223.3515625,62835.2890625,568709120
1782302400,62823.03125,62888.08984375,60164.0,60202.0,5096585216
1782316800,60166.94140625,60568.01953125,59019.1796875,59874.73828125,10360995840
1782331200,59842.01171875,61160.01171875,59766.73046875,60983.140625,3376611328
1782345600,60988.3203125,61056.33984375,60607.98828125,60782.23828125,254177280
1782360000,60793.96875,61868.37890625,60687.8515625,61816.7890625,2320117760
1782374400,61815.890625,61826.26953125,60965.3984375,61179.078125,276004864
1782388800,61232.78125,61589.30859375,58026.0,59459.9296875,6483787776
1782403200,59471.08984375,59946.96875,59035.87890625,59188.08984375,0
1782417600,59229.9609375,60134.0,59220.1796875,59703.66015625,668520448
1782432000,59713.5,60023.96875,58254.26953125,59941.1015625,3798298624
1782446400,59939.94921875,60649.19140625,59621.69140625,60435.7109375,2665754624
1782460800,60447.25,60461.98046875,59153.87109375,59328.03125,1825206272
1782475200,59334.37109375,60408.01171875,58436.12890625,60226.921875,684847104
1782489600,60246.03125,60481.609375,59473.390625,59647.859375,542912512
1782504000,59700.58984375,60025.71875,59488.51171875,60004.19140625,921509888
1782518400,60011.1015625,60309.58984375,59790.01171875,60205.5,0
1782532800,60209.76953125,60480.53125,60021.8984375,60451.6484375,0
1782547200,60451.6484375,60451.6484375,60103.98828125,60264.75,0
1782561600,60264.73828125,60838.91015625,60154.7890625,60741.01171875,0
1782576000,60743.9296875,60743.9296875,59988.0,60077.6484375,0
1782590400,60073.9296875,60378.44921875,59785.0,59934.9609375,522851328
1782604800,59934.83984375,60244.0,59899.0,60105.8984375,677485568
1782619200,60105.91015625,60173.80078125,59685.3203125,60130.78125,911055872
1782633600,60127.83984375,60420.109375,59980.48046875,60251.96875,738478080
1782648000,60256.0390625,60329.44140625,59739.41015625,59799.19140625,1099531264
1782662400,59832.26953125,59855.41015625,59190.8203125,59391.26953125,1200814080
1782676800,59388.48046875,59804.640625,58856.98046875,59470.328125,1163860992
1782691200,59467.91015625,60113.0,58826.9296875,59942.828125,2358941696
1782705600,59942.828125,60238.87109375,59284.4609375,59932.609375,1283266560
1782720000,59923.3203125,60220.94921875,59644.96875,59879.921875,1803661312
1782734400,59864.53125,60676.51953125,58892.12890625,59704.76953125,8270800896
1782748800,59717.94140625,60558.37109375,59471.98046875,60331.671875,2234060800
1782763200,60354.41015625,60493.23828125,60115.01953125,60125.859375,102477824
1782777600,60162.73046875,60185.58984375,59488.01171875,59515.140625,242681856
1782792000,59501.80078125,59616.23046875,59254.0,59427.01953125,1413134336
1782806400,59423.78125,59456.6796875,59015.5703125,59076.8203125,1630687232
1782820800,59076.8203125,59150.640625,58074.609375,58261.7109375,658939904
1782835200,58278.69140625,58738.12890625,58163.23828125,58714.890625,1028020224
1782849600,58697.0,58785.76171875,58409.1015625,58523.9296875,955478016
1782864000,58541.55859375,59214.30078125,57720.73046875,59101.48828125,2696314880
1782878400,59080.55859375,59357.75,58443.0,58686.91015625,0
1782892800,58663.109375,58993.19921875,58423.0390625,58536.73828125,530055168
1782907200,58536.75,60444.609375,58255.03125,60085.1015625,3104581632
1782921600,60104.76953125,60284.26953125,59718.91015625,59941.37890625,206807040
1782936000,59980.71875,61211.8515625,59797.671875,59961.44921875,3373883392
1782950400,59956.0,61056.19140625,59522.48828125,60985.78125,1576886272
1782964800,60977.44921875,60982.8984375,60020.0,60057.421875,3359539200
1782979200,60058.921875,61330.01171875,60043.9609375,61287.37890625,3132981248
1782993600,61228.21875,62128.53125,61101.01953125,61540.0,1525530624
1783008000,61544.71875,61881.73828125,61090.7890625,61431.51953125,885579776
1783022400,61449.640625,61577.3203125,61269.0,61484.01953125,85016576
1783036800,61480.6796875,61649.6015625,61162.7890625,61350.9296875,49311744
1783051200,61354.12890625,61782.328125,61261.30078125,61679.98828125,0
1783065600,61681.58984375,62006.37109375,61442.80078125,61946.078125,0
1783080000,61954.19921875,62330.05078125,61640.890625,61862.578125,0
1783094400,61864.28125,62261.171875,61838.1015625,62153.87109375,0
1783108800,62165.640625,62890.51953125,62132.0,62520.21875,2449076224
1783123200,62520.21875,62874.0,62344.0,62564.05078125,65882112
1783137600,62564.05078125,62682.94140625,62274.16015625,62514.76171875,0
1783152000,62511.62890625,62598.48046875,62351.73046875,62429.1015625,27099136
1783166400,62428.51953125,62954.0,62426.1015625,62881.21875,0
1783180800,62885.1796875,63394.640625,62730.359375,63238.171875,950554624
1783195200,63232.3984375,63404.859375,62881.28125,63083.8984375,367917056
1783209600,63086.44921875,63086.4609375,62548.640625,62711.2109375,93972480
1783224000,62708.78125,63001.37890625,62601.1015625,62958.44140625,69369856
1783238400,62958.1484375,63043.94921875,62409.03125,62577.16015625,276854784
1783252800,62597.921875,62885.87890625,62512.98046875,62686.171875,281366528
1783267200,62686.171875,62824.53125,62542.55078125,62718.0390625,517550080
1783281600,62711.078125,63935.98828125,62552.78125,63583.51953125,2711829504
1783296000,63589.671875,63850.94921875,63080.0,63232.33984375,1412573184
1783310400,63226.23828125,63330.71875,62822.0390625,63024.26953125,1658114048
1783324800,63024.26953125,63175.37890625,62450.01953125,62450.01953125,1406433280
1783339200,62420.28125,63505.359375,61276.55859375,63489.16015625,10611560448
1783353600,63514.37890625,63900.0,63346.1484375,63676.26171875,4584566784
1783368000,63717.05859375,64601.71875,63536.69140625,64001.83984375,1716842496
1783382400,64006.41015625,64252.01171875,63106.78125,63140.03125,711643136
1783396800,63129.69140625,63388.671875,62745.921875,63035.4609375,1152806912
1783411200,63047.66015625,63400.98828125,62955.03125,63345.26953125,17764352
1783425600,63345.26171875,64048.078125,62621.98046875,63878.109375,145612800
1783440000,63901.66015625,64196.19140625,63354.26953125,63776.80078125,1309261824
1783454400,63799.21875,63862.5390625,63185.73828125,63323.26953125,0
1783468800,63342.58984375,63700.98046875,62500.3984375,62716.8515625,1126807552
1783483200,62728.859375,62857.640625,62423.921875,62839.5,0
1783497600,62833.3984375,62888.2109375,61686.37109375,62245.44140625,3315892224
1783512000,62249.3203125,62361.859375,61470.30078125,61632.8984375,0
1783526400,61638.01171875,62339.140625,61622.51171875,62229.05859375,0
1783540800,62184.30859375,62300.0,61912.05078125,62237.69921875,163348480
1783555200,62237.7109375,62567.30078125,61641.0390625,61918.140625,266387456
1783569600,61915.62890625,63147.98828125,61908.390625,62947.26171875,1579237376
1783584000,62953.98046875,63029.75,62551.41015625,62718.96875,0
1783598400,62716.8515625,63182.0,62404.0,62810.109375,1863593984
1783612800,62802.96875,63439.421875,62505.44140625,63193.83984375,1170317312
1783627200,63214.0390625,63349.16015625,63012.25,63175.25,483547136
1783641600,63170.9609375,63990.71875,62883.66015625,63893.5390625,891150336
1783656000,63900.03125,64151.58984375,63764.6015625,63948.0,1196296192
1783670400,63941.671875,64446.8203125,63931.0,64378.16015625,148209664
1783684800,64385.12109375,64662.01953125,63769.1796875,63977.58984375,1074014208
1783699200,63991.05078125,64172.05078125,63691.4609375,63862.9609375,517605376
1783713600,63889.9296875,64175.359375,63621.3515625,64128.48828125,1645383680
1783728000,64122.859375,64260.55078125,63942.078125,64109.3515625,0
1783742400,64107.6796875,64230.03125,64036.83984375,64111.578125,0
1783756800,64111.58984375,64256.01171875,64083.0703125,64145.26953125,0
1783771200,64145.26953125,64446.62109375,63963.98828125,64120.171875,14603264
1783785600,64120.1796875,64352.05078125,64038.51953125,64245.98828125,0
1783800000,64245.98828125,64416.98828125,63773.05078125,63773.05078125,409771008
1783814400,63763.73046875,64178.7890625,63667.83984375,64178.7890625,2780472320
1783828800,64179.359375,64196.62109375,63601.30859375,63843.69921875,779666432
1783843200,63843.69921875,64052.828125,63722.76171875,63966.5390625,4037865472
1783857600,63943.98828125,64221.0,63918.3984375,64136.51953125,0
1783872000,64144.0703125,64232.48046875,63979.80859375,64193.87109375,125059072
1783886400,64195.0390625,64218.640625,63625.0,63778.33984375,544458752
1783900800,63740.328125,64353.94921875,63195.26171875,63228.3984375,402257920
1783987200,62284.390625,62583.5,62191.96875,62500.0,545001472
1784001600,62500.01171875,62803.87109375,62427.28125,62467.62109375,280651776
1784016000,62468.78125,62844.01171875,62425.94140625,62769.76953125,728258560
1784030400,62778.41015625,64901.328125,62710.87890625,64710.05859375,41721856
1784044800,64745.921875,64855.03125,64277.171875,64522.359375,275009536
1784059200,64545.1796875,65044.9609375,64373.08984375,64988.6484375,9352425472
1784073600,64996.16015625,65013.33984375,64434.05859375,64736.6796875,118837248
1784088000,64735.51171875,65213.28125,64435.19921875,64508.26171875,1520664576
1784102400,64504.37109375,64870.75,64504.37109375,64679.3203125,386906112
1784116800,64677.98828125,65538.7578125,64545.19921875,65369.98046875,559323136
1784131200,65388.71875,65407.25,64712.01171875,64927.41015625,331147264
1784145600,64951.1015625,65014.5390625,64665.6484375,64712.01171875,206469120
1784160000,64696.01171875,64805.55078125,64351.6015625,64562.140625,0
1784174400,64562.1484375,64946.0703125,64035.73046875,64174.48046875,528293888
1784188800,64170.421875,64306.12109375,63834.37109375,64200.0,6123048960
1784203200,64188.80859375,64839.25,63803.140625,64660.5390625,0
1784217600,64667.01171875,64672.51953125,63945.23828125,64219.0,271708160
1784232000,64212.578125,64233.1796875,63690.78125,63770.6015625,751892480
1784246400,63770.890625,64009.62890625,63330.30078125,63508.140625,925302784
1784260800,63508.140625,63514.28125,62657.51953125,62770.80078125,2283296768
1784275200,62770.7890625,63296.62109375,62603.0703125,63230.48046875,200146944
1784289600,63237.73828125,63443.4296875,62462.5390625,63403.171875,1221953536
1784304000,63381.98828125,64353.55859375,63262.890625,64099.23828125,2043977728
1784318400,64097.19921875,64182.62109375,63840.640625,63889.66015625,576960512
1784332800,63893.98828125,63992.76953125,63842.3515625,63970.76953125,0
1784347200,63976.0,63985.640625,63875.3203125,63950.9296875,0
1784361600,63965.75,64041.171875,63899.75,64016.19140625,0
1784376000,64022.73046875,64212.0,63923.3515625,64076.890625,66361344
1784390400,64076.87890625,64608.21875,64040.76171875,64512.1484375,0
1784404800,64524.7890625,64818.48046875,64470.53125,64793.76171875,444096512
1784419200,64796.359375,64910.03125,64585.5390625,64670.12109375,557034496
1784433600,64670.12109375,64767.171875,64571.96875,64678.0,116047872
1784448000,64678.0,64699.48046875,64400.03125,64426.69921875,301238272
1784462400,64420.21875,64594.4296875,64238.078125,64540.1015625,999472128
1784476800,64532.48828125,64701.8984375,64279.96875,64410.0,79618048
1784491200,64411.62109375,64855.921875,64300.0,64680.51953125,747598848
1784505600,64686.46875,65040.8203125,64371.19921875,64814.390625,1116576768
1784520000,64820.98046875,64820.98046875,63702.890625,64214.23828125,3074831360
1784534400,64199.76953125,65009.62109375,63830.0,64944.01171875,3770986496
1784548800,64950.71875,65587.140625,64013.2109375,65552.6328125,4816371712
1784563200,65561.46875,65744.8125,64990.26171875,65086.5703125,3136651264
1784577600,65127.44921875,65399.87890625,65010.328125,65213.05078125,1151481856
1784592000,65184.69921875,65618.0,65106.80078125,65528.21875,587837440
1784606400,65520.08984375,66190.5390625,65431.26171875,66140.359375,2363666432
1784620800,66146.4375,66387.1484375,66086.2265625,66309.4609375,665114624
1784635200,66309.4609375,66914.0,66227.7734375,66648.3984375,1811922944
1784649600,66648.3984375,66732.8984375,66071.0078125,66418.0,458283008
1784664000,66465.5390625,66532.890625,66183.421875,66516.1796875,425461760
1784678400,66525.0234375,66696.421875,66133.796875,66160.4375,1435377664
1784692800,66155.328125,66380.84375,65670.3828125,65795.2734375,834656256
1784707200,65802.25,66112.3984375,65800.0625,65972.5,1786904576
1784721600,65972.5078125,66144.0,65484.0,66015.0078125,0
1784736000,66012.46875,66364.359375,65656.7734375,65894.5,0
1784750400,65862.4921875,66113.9296875,65757.5078125,66086.109375,255856640
1784764800,66087.6171875,66279.421875,65549.453125,65624.5234375,165122048
1784779200,65609.28125,65785.3515625,65314.2109375,65394.80859375,0
1784793600,65397.53125,65761.0078125,65374.66015625,65525.23046875,0
1784808000,65522.1796875,65554.0,64668.3984375,64898.62109375,1675255808
1784822400,64906.5,64906.5,64587.33984375,64786.75,1020956672
1784836800,64781.421875,65177.73828125,64774.44140625,65051.23046875,800083968
1784851200,65057.37890625,65416.48828125,64702.96875,65408.0,77557760
1784865600,65420.9296875,65756.75,65205.98828125,65453.98828125,1228050432
1784880000,65456.41015625,65464.1015625,64800.01171875,65027.6484375,701222912
1784894400,65012.140625,65072.98828125,63669.7109375,64031.1015625,1072678912
1784908800,64025.28125,64236.91015625,63808.55859375,64158.33984375,1658093568
1784923200,64163.76171875,64223.73046875,64063.98046875,64083.3203125,440143872
1784937600,64083.3203125,64114.5390625,63942.28125,64021.41015625,0
1784952000,64021.41015625,64143.2890625,63894.01171875,63951.75,100388864
1784966400,63941.41015625,64044.80859375,63738.0,64005.73828125,601425920
1784980800,64005.73046875,64214.421875,63974.96875,64117.69140625,0
1784995200,64128.328125,64386.73828125,64056.91015625,64328.71875,0
1785009600,64333.55078125,64369.69921875,64193.98828125,64293.9296875,165262336
1785024000,64301.96875,64524.48828125,64289.28125,64490.4609375,302720000
1785038400,64490.46875,64538.0,64229.6015625,64309.421875,315774976
1785052800,64310.71875,64502.05078125,64288.51171875,64450.48046875,0
1785067200,64450.48046875,64766.2109375,64353.01953125,64710.28125,759714816
1785081600,64718.0390625,64868.7890625,64611.9296875,64641.1015625,640145408
1785096000,64644.859375,65511.359375,64580.5703125,65336.30859375,2168438784
1785110400,65344.0,65359.96875,64841.8515625,65227.73046875,1655445504
1785124800,65227.71875,65642.9296875,65158.71875,65165.1015625,2061330432
1785139200,65172.33984375,65370.5390625,65035.98828125,65040.3203125,3022278656
1785153600,65049.55859375,65630.203125,64366.25,64475.171875,3662100480
1785168000,64493.98828125,65023.44140625,64444.16015625,64919.30859375,1107494912
1785182400,64943.26953125,64989.0,63550.4296875,63693.5703125,953950208
1785196800,63704.03125,63767.7109375,63012.0703125,63279.3203125,1621219328
1785211200,63262.87890625,63580.76171875,63153.1015625,63435.80078125,339611648
1785225600,63434.4609375,63530.03125,63227.94140625,63393.6484375,33814528
1785240000,63399.16015625,63948.94140625,62711.5,63857.58984375,703473664
1785254400,63854.078125,64033.6796875,63431.1796875,63816.87890625,801329152
1785268800,63830.44140625,63975.23828125,63469.62109375,63848.7890625,222306304
1785283200,63851.69921875,64090.3203125,63568.98828125,63659.94921875,173017088
1785297600,63666.91015625,64493.640625,63501.25,64477.69140625,980490240
1785312000,64487.21875,64641.78125,64197.8515625,64437.0,613443584
1785326400,64435.37890625,64654.80078125,63791.03125,63867.9296875,0
1785340800,63879.890625,64560.5390625,63478.71875,63526.828125,3637798912
1785355200,63519.26171875,64055.30859375,63201.76953125,63897.5703125,2296713216
1785369600,63902.98046875,64330.62890625,63509.0,64071.421875,155633664
1785384000,64083.4609375,64095.359375,63822.01171875,63918.30859375,282050560
1785398400,63927.25,64776.69140625,63887.87890625,64707.1796875,2525407232
1785412800,64735.37109375,65075.75,64535.87109375,64661.640625,1030297600
1785427200,64664.1484375,64920.109375,64619.9296875,64727.53125,0
1785441600,64723.73046875,65028.9609375,64603.05859375,64721.890625,126167040
1785456000,64737.859375,65329.5703125,64106.33984375,64296.76171875,1065601024
1785470400,64290.140625,64429.1484375,63818.73046875,63872.109375,2559315968
1785484800,63817.41015625,63945.3515625,63541.8984375,63738.75,0
1785499200,63750.33984375,63766.171875,62390.0,62625.76171875,3594708992
1785513600,62629.37109375,63236.76953125,62615.76171875,62892.0,1211572224
1785528000,62891.37109375,62993.2890625,62786.890625,62825.8203125,121679872
1785542400,62832.51171875,63035.5703125,62824.78125,62938.5390625,165044224
1785556800,62938.5390625,63072.94921875,62931.359375,62988.58984375,0
1785571200,62991.48828125,63093.0,62925.01171875,63016.46875,0
1785585600,63028.3203125,63066.19140625,62938.8203125,62938.8203125,0
1785600000,62938.8203125,62959.23046875,62220.0390625,62471.53125,363692032
1785614400,62446.62109375,62810.53125,62432.55859375,62764.2109375,0
1785628800,62764.19921875,63480.0,62743.87890625,63392.87109375,1159814144
1785643200,63395.76171875,63567.62109375,63351.01953125,63448.26171875,429105152
1785657600,63441.33984375,63464.98046875,62921.08984375,62964.21875,1085225984
1785672000,62986.3984375,63156.0,62941.05078125,63041.4296875,340553728
1785686400,63051.921875,63537.328125,63000.01171875,63380.1796875,0
1785700800,63387.75,63728.30078125,63261.51171875,63493.3515625,1202898944
1785715200,63499.5,63522.171875,62716.19140625,62787.96875,480172032
1785729600,62775.0,62915.96875,62480.96875,62524.6015625,1549091840
1785744000,62537.578125,62778.421875,62210.140625,62481.2890625,674753536
1785758400,62474.69921875,63907.19921875,62365.01953125,63624.26171875,5913600000
1785772800,63639.94921875,64029.421875,63599.0,63802.78125,1881350144
1785787200,63811.71875,63974.03125,63336.3515625,63466.51953125,671318016
1785801600,63471.1015625,63900.859375,63265.01171875,63730.55859375,738093056
1785816000,63727.75,64170.30078125,63439.76953125,63617.41015625,436447232
1785830400,63622.890625,63889.80859375,63382.66015625,63853.3203125,354342912
1785844800,63834.2890625,64176.73828125,63546.640625,64068.73828125,289003520
1785859200,64076.9296875,64361.46875,63844.4609375,64181.0,482238464
1785873600,64207.30859375,64466.8984375,63968.78125,64050.51171875,539056128
1785888000,64050.37109375,64454.390625,63897.6015625,64128.0,404856832
1785902400,64128.0,64471.12109375,63946.078125,64106.73828125,159008768
1785916800,64109.96875,64215.94921875,63960.0703125,64018.2890625,235386880
1785931200,64018.2890625,64701.0703125,63815.9609375,64328.25,1505048576
1785945600,64334.75,64883.3984375,64333.4296875,64794.390625,248862720
1785960000,64795.6796875,64955.6484375,64524.2109375,64597.859375,346023936
1785974400,64603.609375,64651.66015625,64386.62109375,64470.0,0
1785988800,64470.0,64944.16015625,64433.91015625,64743.1015625,411424768
1786003200,64744.76953125,64934.609375,64438.3984375,64551.30859375,561539072
1786017600,64550.0,64925.4609375,64090.8203125,64570.921875,0
1786032000,64577.390625,64779.7109375,64307.078125,64402.96875,0
1786046400,64396.69140625,64479.3203125,64130.08984375,64267.30078125,0
1786060800,64267.30078125,64477.140625,64176.87109375,64234.48046875,51544064
1786075200,64225.98046875,64413.0,64112.26953125,64264.19140625,169216000
1786089600,64257.62890625,65163.62109375,64237.76953125,64975.62890625,1144252416
1786104000,64982.01953125,65346.671875,64735.23046875,64852.91015625,2448160768
1786118400,64866.76953125,65038.890625,64474.6015625,64914.7890625,672909312
1786132800,64918.23828125,65032.640625,64815.7890625,64891.609375,439570432
1786147200,64891.6015625,65035.55859375,64791.3203125,64989.859375,193613824
1786161600,64989.8515625,65029.6796875,64910.23046875,64928.80078125,48355328
1786176000,64922.62109375,65014.2890625,64913.8515625,64922.83984375,0
1786190400,64921.87109375,65148.921875,64880.01171875,65029.671875,0
1786204800,65029.671875,65107.98046875,64963.87109375,65025.41015625,0
1786219200,65025.421875,65045.390625,64881.890625,64908.71875,174583808
1786233600,64908.7109375,64950.0,64675.21875,64734.9609375,24454144
1786248000,64734.9609375,64813.8984375,64717.51171875,64770.87109375,305067008
1786262400,64770.87109375,64957.16015625,64736.46875,64898.62890625,501725184
1786276800,64893.890625,65252.98828125,64865.23828125,65174.98828125,426140672
1786291200,65175.73046875,65217.3203125,65130.01953125,65130.73828125,40311808
1786305600,65131.46875,65400.3515625,64789.71875,64848.69140625,1142153216
1786320000,64839.6484375,65331.0390625,64772.671875,64921.078125,966649856
1786334400,64921.078125,65317.078125,64863.19921875,65149.83984375,761133056
1786348800,65152.62109375,65277.28125,64897.53125,65069.4609375,607569920
1786363200,65059.98828125,65176.05859375,64145.5,64235.8515625,3611428864
1786377600,64165.12109375,64298.71875,63739.51171875,63973.5390625,4485423104
1786392000,63978.66015625,64126.4609375,63854.83984375,63911.87109375,92624896
1786406400,63911.87890625,64118.94921875,63834.51171875,64074.71875,54255616
1786420800,64071.421875,64094.37109375,63789.87890625,63999.16015625,247461888
1786435200,64007.98828125,64347.55859375,63975.01171875,64327.1796875,500084736
1786449600,64347.5703125,64434.7109375,63390.7890625,63539.78125,619700224
1786464000,63501.26953125,63593.01953125,63167.4609375,63468.75,0
1786478400,63504.28125,63710.96875,63469.421875,63531.75,329191424
1786492800,63524.859375,63841.76953125,63468.078125,63762.01953125,765618176
1786507200,63766.48046875,63830.0,63531.87109375,63767.03125,772907008
1786521600,63767.3515625,64189.3984375,63698.3984375,64175.8984375,1060728832
1786536000,64187.48828125,64409.76171875,63248.83984375,63368.1484375,1395871744
1786550400,63365.8984375,63512.69921875,63241.171875,63345.71875,0
1786564800,63350.76953125,63577.5703125,63296.51953125,63411.71875,705693696
1786579200,63404.98828125,63633.890625,63300.05859375,63580.26953125,358260736
1786593600,63580.26171875,63941.46875,63526.6015625,63803.12109375,187185152
1786608000,63805.37890625,63853.19140625,63273.921875,63414.8984375,3221504
1786622400,63405.05859375,63931.23828125,63358.12109375,63358.12109375,0
1786636800,63354.5,63507.8515625,62782.21875,63332.23828125,1771759616
1786651200,63339.421875,63581.390625,63301.1796875,63425.3515625,298012672
1786665600,63433.0703125,63555.73828125,63238.5,63246.69140625,82163712
1786680000,63243.0703125,63405.87890625,62847.078125,62848.6796875,960436224
1786694400,62848.671875,62915.73828125,62624.390625,62793.30078125,1243297792
1786708800,62800.828125,63010.37890625,62479.69921875,62913.05078125,1517869056
1786723200,62912.390625,63183.0703125,62756.3984375,62895.8203125,185149440
1786737600,62905.0,62998.98046875,62727.30859375,62975.19140625,125992960
1786752000,62975.1796875,63121.48828125,62923.859375,62987.94921875,136962048
1786766400,62990.0,63091.78125,62966.41015625,63005.66015625,0
1786780800,63014.76171875,63018.890625,62847.078125,62949.2109375,0
1786795200,62949.21875,63051.6796875,62875.98046875,63022.94921875,0
1786809600,63023.46875,63054.828125,62971.16015625,63051.390625,0
1786824000,63051.37890625,63107.33984375,62999.98828125,63018.76171875,0
1786838400,63018.75,63087.08984375,62939.41015625,63059.4296875,37743616
1786852800,63059.421875,63082.5,62966.91015625,62991.23046875,0
1786867200,62991.23046875,63008.6015625,62891.0703125,62945.328125,69066752
1786881600,62950.08984375,63070.03125,62921.171875,63070.03125,26748416
1786896000,63074.05859375,63312.76953125,63025.2890625,63040.171875,508861440
1786910400,63040.05859375,63074.109375,62642.609375,62836.66015625,989664256
1786924800,62832.5703125,63459.87890625,62681.37890625,63367.80859375,1985669120
1786939200,63388.1796875,63653.3515625,63373.359375,63461.4609375,1731365888
1786953600,63482.05078125,63715.8984375,63218.171875,63563.0,1329269760
1786968000,63561.12109375,64174.30078125,63357.2890625,64141.26953125,3724486656
1786982400,64157.7890625,64558.5,63921.01171875,64266.44140625,3483058176
1786996800,64260.8984375,64524.76953125,64214.7109375,64480.0,507897856
1787011200,64484.53125,64504.26171875,63979.37109375,64119.48828125,51001344
1787025600,64117.2109375,64397.37890625,64018.69921875,64139.78125,716281856
1787040000,64139.78125,64342.44140625,64027.421875,64289.48046875,350208
1787054400,64286.578125,65008.4296875,63994.16015625,64811.69140625,2374629376
1787068800,64841.5703125,64851.23828125,64603.921875,64603.9296875,0
1787083200,64613.4609375,64744.26171875,64512.0703125,64681.328125,93306880
1787097600,64692.19921875,64697.80078125,64221.12109375,64269.359375,63647744
1787112000,64268.109375,64357.87890625,64112.0390625,64236.76171875,52691968
1787126400,64236.76171875,64483.69921875,64190.69921875,64459.1015625,113867776
1787140800,64458.109375,69389.96875,64417.1484375,68540.9375,12913417216
1787155200,68594.640625,68893.46875,67804.6796875,68406.140625,6830698496
1787169600,68425.0,70005.6015625,68373.4765625,69300.7578125,9188380672
1787184000,69298.78125,69856.3828125,68857.28125,69139.9921875,5148909568
1787198400,69130.1875,69957.09375,69104.4296875,69783.609375,4951351296
1787212800,69797.6328125,72407.171875,69737.828125,71875.2734375,12326240256
1787227200,71870.671875,72740.3671875,71143.1328125,72439.671875,1691570176
1787241600,72437.5078125,72935.796875,72175.1328125,72627.921875,705294336
1787256000,72665.0078125,73385.7890625,72481.1875,72998.3203125,88973312
1787270400,73021.6796875,75707.3984375,73021.6796875,74478.953125,4841480192
1787284800,74499.84375,76868.65625,74499.84375,76288.1171875,1858789376
1787299200,76320.34375,79479.0,76272.8828125,76709.6328125,4637597696
1787313600,76734.0,77859.0078125,76225.8125,77191.796875,5973827584
1787328000,77191.7890625,77695.6796875,76620.421875,77003.921875,3022856192
1787342400,77022.6484375,78748.0234375,76833.890625,78325.546875,3153256448
1787356800,78321.46875,78818.5,77699.9921875,78402.6171875,397713408
1787371200,78402.6171875,78787.5,76661.8125,77286.2421875,8020557824
1787385600,77293.890625,77429.1328125,76533.3671875,77114.3515625,0
1787400000,77119.921875,77373.046875,76884.0,76970.546875,0
1787414400,76970.546875,77530.640625,76944.0,77417.0078125,0
1787428800,77421.5703125,77459.640625,76770.53125,77054.4296875,56172544
1787443200,77065.7421875,77397.3671875,76824.03125,76916.9921875,0
1787457600,76914.7265625,77023.6171875,75624.578125,75986.9921875,0
1787472000,75987.7890625,77374.1015625,75933.96875,77288.15625,2861056
1787486400,77288.15625,77729.359375,76803.7265625,77141.09375,2102376448
1787500800,77133.453125,77456.078125,77102.890625,77328.296875,540387328
1787515200,77310.4296875,78025.0703125,77185.3515625,77725.59375,1393496064
1787529600,77725.5390625,77741.8671875,76867.84375,76933.4609375,3016198144
1787544000,76945.65625,77781.9765625,76668.4296875,77281.15625,417890304
1787558400,77316.1171875,78584.859375,76826.609375,78431.3671875,2653421568
1787572800,78433.8203125,79993.6015625,77873.6015625,79071.0078125,13567442944
1787587200,79090.1015625,79847.9375,78476.078125,78750.0078125,8076996608
1787601600,78773.0390625,79037.3828125,78547.0078125,78979.078125,768344064
1787616000,78963.6484375,81240.6796875,78709.78125,80468.96875,5325164544
1787630400,80468.96875,80872.3984375,79391.609375,79680.796875,608538624
1787644800,79691.921875,80229.359375,78878.65625,79118.2578125,1175470080
1787659200,79114.1171875,79544.8515625,78130.796875,79506.2265625,0
1787673600,79488.3203125,79575.0,78736.4375,78925.03125,0
1787688000,78965.640625,78990.0,77874.1328125,78526.7890625,2174717952
1787702400,78574.0390625,79239.078125,78310.8515625,79075.5234375,0
1787716800,79066.3984375,79194.90625,78633.1015625,78915.9765625,0
1787731200,78907.8828125,79108.7109375,78240.4296875,78467.421875,0
1787745600,78479.7734375,78680.078125,77632.0390625,78013.359375,1525479424
1787760000,78016.4296875,78645.5390625,77856.2890625,78468.1015625,0
1787774400,78486.84375,79165.546875,78201.1796875,79026.171875,56666112
1787788800,79019.0390625,79024.109375,78584.1796875,78820.8203125,462012416
1787803200,78820.8203125,79093.890625,78588.78125,79074.078125,0
1787817600,79072.4921875,80521.7421875,79034.921875,79476.34375,3872073728
1787832000,79470.046875,80798.59375,78921.28125,80320.5703125,2074081280
1787846400,80332.3515625,80815.0078125,79759.5234375,79932.53125,2530547712
1787860800,79934.078125,80454.046875,79881.1796875,80269.390625,193282048
1787875200,80287.390625,81381.9375,79788.3828125,79824.703125,3366461440
1787889600,79818.2109375,80000.0,79565.03125,79677.0,1372864512
1787904000,79684.34375,79849.0078125,79030.0078125,79606.03125,0
1787918400,79606.03125,79809.3125,78315.1171875,78325.2578125,3261556736
1787932800,78329.84375,78391.8515625,76845.7109375,77543.8203125,3057172480
1787947200,77543.09375,77840.5625,77287.28125,77839.0078125,123088896
1787961600,77830.0,77953.4765625,77501.03125,77504.25,0
1787976000,77505.6875,77717.5390625,77369.4375,77640.3515625,67479552
1787990400,77619.0,77752.5,77469.953125,77575.421875,0
1788004800,77581.75,78146.2734375,77499.40625,77855.578125,0
1788019200,77862.078125,78332.0234375,77845.96875,78193.609375,0
1788033600,78193.6015625,78299.9921875,78041.6015625,78233.9296875,0
1788048000,78232.6171875,78323.3125,77980.8671875,78135.1015625,118076416
1788062400,78135.09375,78297.796875,77988.890625,78103.0234375,30642176
1788076800,78105.15625,78233.8671875,77959.1171875,78163.421875,0
1788091200,78170.609375,78963.9921875,78169.671875,78825.53125,1688640512
1788105600,78825.53125,79380.34375,78704.46875,78856.109375,1403958272
1788120000,78864.90625,78922.59375,77057.1484375,77678.6171875,3972486144
1788134400,77646.53125,78153.8828125,77374.9296875,77744.828125,2829963264
1788148800,77757.953125,78299.9921875,77448.6796875,78178.9765625,3151038464
1788163200,78189.78125,78785.1015625,77972.5078125,78286.96875,3029336064
1788177600,78281.2109375,78747.9296875,77694.1015625,78561.6328125,3886493696
1788192000,78567.046875,79253.578125,78482.09375,78871.5078125,1282985984
1788206400,78900.7734375,79163.2890625,78380.0,78561.2265625,171524096
1788220800,78562.7265625,78880.5,78161.4765625,78653.9296875,992333824
1788235200,78653.9296875,79195.3125,78480.609375,78609.9296875,75788288
1788249600,78616.96875,78631.671875,77740.8671875,78061.71875,1062637568
1788264000,78057.859375,78397.0234375,77487.25,77881.421875,435771392
1788278400,77893.0,77948.0,76389.9296875,77269.5390625,1886490624
1788292800,77279.3671875,77558.203125,76872.2109375,77398.6171875,253464576
1788307200,77426.2421875,77750.0,76680.6875,77512.453125,330496000
1788321600,77501.8828125,77722.71875,77239.7109375,77436.2265625,201652224
1788336000,77447.4296875,77510.90625,76232.53125,76778.4921875,657250304
1788350400,76754.9921875,77449.0625,76565.2734375,77253.0390625,521840640
1788364800,77244.5234375,77538.578125,76922.046875,77310.0,258367488
1788379200,77329.5625,77495.65625,76988.2109375,77307.359375,403326976
1788393600,77302.1875,77874.046875,76945.890625,77673.9609375,1108316160
1788408000,77678.453125,78148.96875,77056.84375,77621.7109375,853532672
1788422400,77639.703125,78037.3984375,77436.28125,77910.2734375,0
1788436800,77901.8515625,81390.046875,77852.890625,81358.2109375,6724894720
1788451200,81377.71875,81812.3125,80632.2578125,81760.1796875,3783622656
1788465600,81776.703125,81786.84375,80921.5234375,81270.828125,4718845952
1788480000,81260.6328125,81438.0,80667.9375,80850.5,1413320704
1788494400,80840.0,81282.9921875,80571.5625,80650.84375,487972864
1788508800,80664.7421875,81401.1171875,80517.8203125,81220.5390625,2501107712
1788523200,81224.2265625,81365.0,78626.53125,79422.9609375,5187444736
1788537600,79405.4375,79875.3203125,79377.7578125,79814.5,221302784
1788552000,79808.6328125,79884.78125,79543.5234375,79675.109375,0
1788566400,79675.1171875,79732.8828125,79500.0,79596.2578125,0
1788580800,79606.4765625,79775.7734375,79462.2734375,79726.8125,0
1788595200,79705.0078125,79733.2578125,79575.4921875,79621.921875,0
1788609600,79621.921875,79822.296875,79554.578125,79802.0078125,0
1788624000,79802.0078125,80199.9921875,79715.703125,79753.21875,1110943744
1788638400,79753.2109375,79946.9921875,79690.3828125,79840.6015625,866938880
1788652800,79835.5703125,80113.4921875,79833.9609375,80031.8671875,406153216
1788667200,80031.8671875,80108.9765625,79609.46875,79810.0625,712675328
1788681600,79809.2265625,80024.5,79760.15625,79922.9921875,570828800
1788696000,79922.9765625,80013.3984375,79289.109375,79707.6484375,767975424
1788710400,79706.2421875,79968.109375,79581.8125,79825.4765625,0
1788724800,79829.9921875,80538.28125,79638.3125,80339.1328125,1238962176
1788739200,80361.046875,80438.5,79568.53125,79580.5234375,1883123712
1788753600,79590.0078125,79908.71875,79009.4375,79379.9375,2122407936
1788768000,79393.4765625,79536.546875,79269.109375,79409.1328125,101974016
1788782400,79413.2734375,79639.3125,78680.359375,78801.390625,1250721792
1788796800,78815.046875,79394.7109375,78780.1171875,79352.2109375,792848384
1788811200,79355.640625,79384.8828125,78787.9375,79091.96875,329525248
1788825600,79078.109375,79468.3671875,78711.3671875,78875.21875,687773696
1788840000,78875.2109375,78900.6328125,78151.1796875,78451.078125,4489588736
1788854400,78442.4375,78958.75,78260.7109375,78401.8828125,2071468032
1788868800,78401.8828125,78899.9921875,77626.6015625,78899.9921875,4666124288
1788883200,78891.65625,78957.0390625,78250.0,78437.1015625,1466193920
1788897600,78430.6015625,78644.4609375,78391.7734375,78446.8828125,382959616
1788912000,78449.2890625,78923.390625,78448.390625,78619.7109375,147245056
1788926400,78630.0625,79381.0,78628.3828125,79258.796875,0
1788940800,79281.59375,79739.3984375,78720.5078125,79294.2578125,92166144
1788955200,79330.2265625,79664.2265625,78034.5625,78576.40625,2582753280
1788969600,78582.0703125,78915.4609375,78133.03125,78211.2578125,167161856
1788984000,78222.15625,78325.0,77756.6484375,78291.15625,1014956032
1788998400,78283.9765625,78495.7578125,77918.84375,78297.1484375,1002358784
1789012800,78290.203125,78525.6015625,77883.6171875,78079.5078125,352026624
1789027200,78070.3984375,78199.703125,77679.8828125,77810.359375,0
1789041600,77805.0625,77861.9375,76653.9296875,77218.7421875,4099620864
1789056000,77219.53125,77509.1171875,76757.109375,77119.5703125,428668928
1789070400,77129.6171875,77325.53125,76463.6171875,76531.9609375,2059018240
1789084800,76526.59375,76978.578125,76521.9296875,76863.65625,493494272
1789099200,76871.2578125,77405.9921875,76857.421875,77199.53125,282419200
1789113600,77194.109375,77474.84375,76719.0625,77014.8828125,75397120
1789128000,76993.71875,79812.109375,76088.5234375,77694.3515625,5116465152
1789142400,77690.6796875,78037.8828125,76850.0,77256.6171875,2890067968
1789156800,77257.4765625,77461.9296875,76962.640625,77208.640625,799715328
1789171200,77207.0078125,77370.28125,77202.9609375,77259.2265625,0
1789185600,77263.671875,77347.6796875,77155.03125,77257.0,229586944
1789200000,77258.3515625,77382.90625,77244.0390625,77339.796875,0
1789214400,77339.796875,77483.2890625,77239.5625,77363.96875,0
1789228800,77363.96875,77403.6875,77049.5625,77105.4296875,153467904
1789243200,77123.0625,77285.8203125,77121.671875,77266.421875,277294080
1789257600,77262.84375,77314.296875,77135.15625,77176.0703125,172585984
1789272000,77177.6171875,77299.3828125,77031.828125,77100.1796875,292355072
1789286400,77098.8203125,77150.921875,76497.546875,76759.1328125,1009576960
1789300800,76745.0078125,77224.96875,76523.1328125,77105.2734375,622445568
1789315200,77110.1875,77394.890625,77106.2421875,77253.71875,240154624
1789329600,77260.671875,77420.171875,76592.609375,76799.8515625,1324834816
1789344000,76835.6171875,77828.7734375,76357.9296875,77566.5,3344548864
1789358400,77566.5,77855.5078125,77338.5078125,77855.5,1214322688
1789372800,77859.1484375,78335.5078125,77568.78125,77736.421875,1112846336
1789387200,77743.6484375,78670.4375,77441.171875,78552.4375,4622882816
1789401600,78552.4375,79323.296875,78402.2265625,78973.1171875,4234745856
1789416000,78985.0,79583.1015625,78113.046875,78192.453125,2122727424
1789430400,78170.0,78242.75,77631.25,77636.40625,136802304
1789444800,77659.578125,77724.421875,76840.0078125,76879.4765625,1013114880
1789459200,76882.9921875,77178.9765625,76652.1796875,76895.1875,840828928
1789473600,76900.6875,77099.9921875,75545.21875,76467.9921875,3267074048
1789488000,76479.40625,77240.53125,74915.5625,76124.6875,6835247104
1789502400,76119.46875,76182.59375,75110.03125,75584.1796875,598642688
1789516800,75584.1796875,76026.78125,75403.0,75755.421875,190513152
1789531200,75759.71875,76027.40625,75610.34375,75693.53125,25382912
1789545600,75682.078125,76237.0234375,75276.921875,76182.140625,378523648
1789560000,76172.09375,76232.3828125,75358.7578125,75729.3125,227729408
1789574400,75739.109375,76449.03125,74997.96875,76010.2109375,0
1789588800,76013.59375,76335.546875,75579.0625,76143.9609375,216666112
1789603200,76146.5703125,76704.6015625,76008.3125,76364.5625,585236480
1789617600,76364.578125,76601.9921875,76100.78125,76377.59375,80105472
1789632000,76395.609375,76695.0,76097.8671875,76400.2109375,214679552
1789646400,76388.609375,77076.8984375,75928.28125,76675.171875,1394192384
1789660800,76705.4296875,76907.953125,76398.203125,76533.6328125,343365632
1789675200,76517.0390625,76672.4921875,76186.890625,76348.7421875,0
1789689600,76342.5,77519.6796875,76217.1171875,77298.96875,1179240448
1789704000,77315.359375,77773.7734375,77143.09375,77734.46875,2788524032
1789718400,77734.78125,78402.0078125,77594.3984375,77994.03125,2695415808
1789732800,77995.71875,81096.4921875,77900.7890625,80705.3515625,8114089984
1789747200,80742.0,81372.4296875,80554.2265625,81189.90625,3369676800
1789761600,81199.6171875,81364.4921875,80928.0390625,81142.03125,1867194368
