time,open,high,low,close,volume
1561651200,2.80099,2.80099,2.185,2.259,177246.34
1561665600,2.23901,2.34,2.05,2.3198,130937.43
1561680000,2.3198,2.389,2.2093,2.26098,61304.53
1561694400,2.25,2.8,2.2,2.26,85062.20999999999
1561708800,2.28,2.4,2.255,2.33499,31769.96
1561723200,2.285,2.5,2.24,2.5,88929.39
1561737600,2.46997,3.6,2.3805,3.045,2406019.6
1561752000,3.045,3.31,2.67,3.18477,2740968.9299999997
1561766400,3.18398,5.1,2.978,3.54,7309177.4
1561780800,3.52221,3.55898,2.92001,3.53,3061748.79
1561795200,3.53,3.75,3.28,3.51225,1418948.35
1561809600,3.50654,4.81409,3.47001,4.19,6206591.64
1561824000,4.19,4.65,4.053,4.25,5087384.25
1561838400,4.24999,4.5,3.7,3.80122,3477910.42
1561852800,3.84892,4.161,3.6,3.93,3210475.74
1561867200,3.92999,4.2499,3.77637,3.8994,1659106.3
1561881600,3.84026,4.213,3.84026,4.16,733362.3300000001
1561896000,4.10062,4.2,3.65,3.96988,1770328.21
1561910400,3.96,3.9885,3.787,3.80031,1175140.18
1561924800,3.81,3.86,3.20101,3.4195,3484996.8
1561939200,3.3806,3.659,3.3806,3.525,1378096.0699999998
1561953600,3.53721,3.57894,3.42002,3.44311,414886.89
1561968000,3.46576,3.48848,3.21001,3.39998,881907.65
1561982400,3.39999,3.43999,2.831,3.12497,2577705.22
1561996800,3.12432,3.6,3.0221,3.4,3798305.8899999997
1562011200,3.39997,3.9888,3.33569,3.62996,3263860.12
1562025600,3.62992,3.87,3.35523,3.43095,2002612.16
1562040000,3.43095,3.52567,3.07771,3.36002,1777964.96
1562054400,3.36002,3.75,3.30508,3.51731,1326758.3
1562068800,3.53695,3.95,3.48161,3.84122,3445914.08
1562083200,3.8588,3.889,3.62,3.70499,1766670.09
1562097600,3.693,3.77558,3.5701,3.73703,1023075.48
1562112000,3.73803,3.79,3.55014,3.71862,1632575.63
1562126400,3.70216,3.85,3.7,3.72469,875923.04
1562140800,3.75692,3.79699,3.6825,3.7045,355326.04000000004
1562155200,3.71,3.73019,3.58601,3.67709,741583.0399999999
1562169600,3.66014,3.761,3.60999,3.63107,721727.4299999999
1562184000,3.6387,3.675,3.44414,3.4906,1438695.4
1562198400,3.49051,3.61,3.45,3.49175,735342.65
1562212800,3.48101,3.50355,3.2233,3.32,940184.69
1562227200,3.32592,3.5999,3.222,3.46003,620775.02
1562241600,3.47411,3.49999,3.33,3.44162,642377.11
1562256000,3.45341,3.47995,3.31,3.3875,522086.87
1562270400,3.38354,3.545,3.33083,3.46181,820811.36
1562284800,3.46181,3.70261,3.41047,3.62835,1442054.0
1562299200,3.62828,3.62897,3.47,3.53051,455591.85
1562313600,3.53051,3.62394,3.47,3.51588,273466.95
1562328000,3.5142,3.7,3.5,3.58918,741711.3300000001
1562342400,3.59993,3.70579,3.551,3.66628,750325.95
1562356800,3.66628,3.74662,3.59128,3.64999,867299.42
1562371200,3.63693,3.667,3.52,3.53401,642995.19
1562385600,3.53826,3.6,3.5,3.5535,379399.24
1562400000,3.55749,3.635,3.53,3.63499,166558.78999999998
1562414400,3.62156,3.641,3.503,3.51403,472704.09
1562428800,3.52026,3.56251,3.5025,3.54946,440832.02
1562443200,3.54934,3.58,3.4555,3.48569,443969.39
1562457600,3.4856,3.53,3.4,3.41553,325208.15
1562472000,3.41553,3.45218,3.33063,3.391,393501.83
1562486400,3.39631,3.51,3.31,3.33899,395320.54
1562500800,3.33899,3.46397,3.3176,3.42,319887.14
1562515200,3.42,3.44611,3.33,3.38593,609569.8300000001
1562529600,3.38526,3.39778,3.25331,3.31098,823247.87
1562544000,3.307,3.379,3.27,3.33442,454532.42
1562558400,3.33441,3.6188,3.32188,3.45042,642676.09
1562572800,3.45047,3.49092,3.37214,3.39,373354.33999999997
1562587200,3.39944,3.42499,3.34,3.35604,462154.49
1562601600,3.36706,3.37419,3.27724,3.306,509742.28
1562616000,3.30609,3.398,3.279,3.34401,932443.5900000001
1562630400,3.35927,3.40909,3.201,3.25379,1090085.55
1562644800,3.24073,3.27,3.1,3.25066,1126240.15
1562659200,3.26664,3.31999,3.1,3.14405,628048.91
1562673600,3.15336,3.23555,3.01398,3.05264,884328.33
1562688000,3.05272,3.1245,2.95,3.0463,1364586.81
1562702400,3.04007,3.265,3.04,3.07752,1223249.51
1562716800,3.08771,3.14,2.99999,3.09641,1108359.45
1562731200,3.09641,3.189,3.0712,3.14886,436880.4
1562745600,3.15792,3.15888,3.09004,3.10352,163840.28999999998
1562760000,3.09008,3.10993,2.89,2.94961,636061.85
1562774400,2.95214,3.32769,2.83401,3.20981,2667692.95
1562788800,3.20982,3.26566,3.0288,3.11687,1440094.78
1562803200,3.11665,3.15269,2.95501,2.98954,596746.0800000001
1562817600,2.98949,3.06,2.8312,2.95032,1091806.6
1562832000,2.9619,2.98248,2.86304,2.87527,403552.44
1562846400,2.8891,2.98888,2.82,2.85205,761240.39
1562860800,2.8636,2.98887,2.84001,2.87502,612773.08
1562875200,2.87557,2.88914,2.7,2.77789,1017845.73
1562889600,2.77789,2.835,2.59,2.66546,873388.1100000001
1562904000,2.66546,2.855,2.58107,2.78487,765251.4
1562918400,2.7858,2.95582,2.75274,2.935,414904.15
1562932800,2.935,3.12,2.9008,2.91008,1255096.21
1562947200,2.92399,3.37,2.88276,3.29999,2136408.6799999997
1562961600,3.29999,3.3333,3.021,3.18405,1833928.31
1562976000,3.18405,3.3,3.131,3.21876,925945.1
1562990400,3.23065,3.28889,3.15001,3.27672,463178.19
1563004800,3.26258,3.3,3.06,3.06508,660542.48
1563019200,3.07873,3.249,3.05,3.20005,499232.39
1563033600,3.20028,3.28,3.12,3.22099,1223810.3900000001
1563048000,3.22,3.2209,3.08,3.16923,814860.04
1563062400,3.15377,3.22,3.09362,3.14105,379220.81
1563076800,3.14105,3.1898,3.12538,3.13908,183554.6
1563091200,3.13916,3.238,2.91,2.96146,698220.22
1563105600,2.96883,3.04107,2.75,2.84101,1308349.87
1563120000,2.84409,3.0,2.78076,2.87557,961731.55
1563134400,2.87139,2.95138,2.74058,2.78799,767475.8200000001
1563148800,2.78078,2.80412,2.59,2.77869,1846150.15
1563163200,2.77568,2.84,2.684,2.84,381832.24
1563177600,2.84,2.8493,2.74362,2.77552,215499.94
1563192000,2.77552,2.85612,2.65024,2.79812,697562.47
1563206400,2.78479,2.81,2.67,2.75744,788063.81
1563220800,2.76196,2.77222,2.67527,2.70834,568434.54
1563235200,2.70059,2.79,2.68147,2.72766,594337.74
1563249600,2.72756,2.74499,2.639,2.68179,322415.41000000003
1563264000,2.68176,2.74311,2.65434,2.6917,207020.67
1563278400,2.694,2.697,2.50001,2.62999,1137995.28
1563292800,2.62999,2.63,2.25,2.30607,2151216.14
1563307200,2.31272,2.36995,2.15,2.18128,1468299.18
1563321600,2.19177,2.28899,2.13,2.2013,987636.17
1563336000,2.20106,2.36533,2.15,2.28,678021.05
1563350400,2.28,2.33999,2.053,2.08972,526659.87
1563364800,2.08487,2.605,2.0599,2.48,2053580.6
1563379200,2.48,2.5989,2.40131,2.40131,1366531.77
1563393600,2.40138,2.52576,2.36279,2.41131,875169.37
1563408000,2.41129,2.51,2.34733,2.49657,831046.21
1563422400,2.49664,2.61599,2.44109,2.55433,899702.1
1563436800,2.54951,2.84,2.54372,2.70965,1087473.22
1563451200,2.70962,2.79399,2.4379,2.74496,2274920.01
1563465600,2.74496,2.80903,2.63,2.63,1280168.67
1563480000,2.63,2.70538,2.62001,2.67353,427828.05000000005
1563494400,2.67866,2.76,2.64468,2.68552,579221.28
1563508800,2.68016,2.68016,2.541,2.62531,496908.24
1563523200,2.62756,2.67,2.54144,2.54425,296371.08999999997
1563537600,2.54425,2.64998,2.516,2.58704,449861.95999999996
1563552000,2.58706,2.59449,2.559,2.57015,194677.12
1563566400,2.57016,2.62655,2.55971,2.61545,248848.79
1563580800,2.61704,2.73096,2.5912,2.68504,629134.6699999999
1563595200,2.68502,2.727,2.64695,2.67235,239922.44
1563609600,2.67551,2.68991,2.61953,2.64327,127740.03
1563624000,2.64307,2.67967,2.60123,2.61868,228194.82
1563638400,2.61989,2.7195,2.61012,2.66975,581146.67
1563652800,2.67557,2.7375,2.625,2.64817,489401.69
1563667200,2.64817,2.67431,2.57003,2.58832,334687.98
1563681600,2.58674,2.61,2.57002,2.59364,155964.94
1563696000,2.58908,2.6163,2.57042,2.57926,71423.53
1563710400,2.58273,2.58274,2.4635,2.52728,398401.8
1563724800,2.52728,2.54964,2.48,2.51575,219828.41
1563739200,2.52,2.57877,2.51575,2.53736,159306.58000000002
1563753600,2.53344,2.58759,2.53,2.57759,135772.45
1563768000,2.57758,2.57759,2.52001,2.54,86199.32
1563782400,2.54,2.54999,2.46055,2.4982,155953.47999999998
1563796800,2.49789,2.5602,2.38549,2.41212,473472.80000000005
1563811200,2.41212,2.43958,2.358,2.37872,383242.66000000003
1563825600,2.37855,2.44999,2.37103,2.4009,280293.57
1563840000,2.40403,2.41,2.37195,2.38011,196428.97
1563854400,2.38011,2.4,2.29,2.30236,353284.34
1563868800,2.30236,2.38,2.25,2.36561,281294.37
1563883200,2.36561,2.39999,2.25324,2.29726,398491.29000000004
1563897600,2.29726,2.436,2.27541,2.41618,476425.86
1563912000,2.42008,2.53628,2.32002,2.35031,858616.32
1563926400,2.34929,2.364,2.275,2.3158,528358.8099999999
1563940800,2.32258,2.42,2.30504,2.36999,531089.28
1563955200,2.36999,2.41,2.3201,2.33991,196060.68
1563969600,2.33991,2.51,2.32639,2.45299,800543.21
1563984000,2.45299,2.46131,2.34,2.4012,603485.14
1563998400,2.4012,2.45,2.37,2.40575,435091.80000000005
1564012800,2.40216,2.4837,2.39946,2.47734,358701.78
1564027200,2.47428,2.52259,2.45,2.48965,334833.95
1564041600,2.494,2.51289,2.45462,2.468,175246.68
1564056000,2.46816,2.49661,2.41,2.44594,233866.33000000002
1564070400,2.44594,2.47224,2.375,2.39001,323768.61
1564084800,2.39586,2.42,2.36101,2.36101,293168.82
1564099200,2.36617,2.38701,2.328,2.37,261767.19
1564113600,2.37267,2.42295,2.361,2.419,81457.26
1564128000,2.41818,2.42942,2.38393,2.38692,61463.69
1564142400,2.38933,2.40991,2.37173,2.3977,155686.24
1564156800,2.3976,2.42027,2.37173,2.39321,122235.22
1564171200,2.39321,2.425,2.38595,2.40999,140623.5
1564185600,2.40998,2.45,2.40002,2.42999,330899.44
1564200000,2.42999,2.46412,2.4126,2.45518,183720.13999999998
1564214400,2.45254,2.46378,2.3,2.31011,405250.85
1564228800,2.31015,2.33,2.22012,2.25112,561534.85
1564243200,2.25124,2.3,2.21276,2.22404,433498.12
1564257600,2.2251,2.3,2.19819,2.2429,405067.19
1564272000,2.24292,2.2654,2.2093,2.24944,209506.02
1564286400,2.24944,2.27879,2.23983,2.23984,113631.22
1564300800,2.24563,2.26664,2.21273,2.25447,157121.91
1564315200,2.25447,2.25827,2.219,2.23077,125493.45999999999
1564329600,2.23073,2.25198,2.21948,2.23208,139649.45
1564344000,2.23589,2.24,2.10849,2.2139,671395.34
1564358400,2.21722,2.257,2.19529,2.2102,468385.31
1564372800,2.21008,2.23143,2.2,2.20845,58961.63
1564387200,2.2033,2.20971,2.14222,2.14222,177775.82
1564401600,2.14429,2.19612,2.11011,2.15249,313301.87
1564416000,2.15241,2.18098,2.11894,2.12774,309045.24
1564430400,2.12634,2.16,2.122,2.13195,228589.6
1564444800,2.12987,2.1473,2.0675,2.08294,548195.6699999999
1564459200,2.09577,2.09577,2.0,2.03501,550709.4199999999
1564473600,2.03504,2.07888,2.00702,2.07299,297602.80000000005
1564488000,2.06923,2.185,2.06205,2.166,565474.01
1564502400,2.166,2.19,2.1,2.11777,428580.24
1564516800,2.11777,2.12608,2.073,2.07301,253050.4
1564531200,2.073,2.12,2.0701,2.11578,240411.84
1564545600,2.11538,2.225,2.0911,2.1705,469124.04000000004
1564560000,2.1705,2.2441,2.167,2.2092,271657.44
1564574400,2.20791,2.24008,2.17023,2.17026,430568.3
1564588800,2.1786,2.19246,2.14001,2.17389,236174.24
1564603200,2.17327,2.23,2.15804,2.214,307246.8
1564617600,2.214,2.23555,2.19154,2.21454,224834.7
1564632000,2.21454,2.21454,2.15155,2.18579,198926.98
1564646400,2.18445,2.18991,2.11501,2.13273,204445.16
1564660800,2.14061,2.15315,2.1191,2.1387,184344.82
1564675200,2.13872,2.15268,2.1211,2.12291,259237.9
1564689600,2.12325,2.179,2.11704,2.16548,387028.65
1564704000,2.1658,2.2011,2.1551,2.18472,224397.15000000002
1564718400,2.18203,2.2,2.16,2.16,125287.65
1564732800,2.16023,2.18887,2.152,2.155,104232.22
1564747200,2.155,2.19568,2.142,2.16892,187805.55
1564761600,2.16906,2.4426,2.13321,2.36788,1157923.06
1564776000,2.35719,2.489,2.29204,2.42132,1820347.81
1564790400,2.42132,2.57495,2.36,2.525,943209.38
1564804800,2.525,2.76493,2.523,2.67227,1896102.3699999999
1564819200,2.66456,2.695,2.55,2.59162,491307.49
1564833600,2.59162,2.69165,2.55,2.61343,581033.46
1564848000,2.61342,2.65,2.49044,2.53183,740318.4199999999
1564862400,2.53511,2.56484,2.41,2.42309,966179.41
1564876800,2.42132,2.58036,2.42132,2.4507,751014.2
1564891200,2.44901,2.4789,2.385,2.44079,339726.88
1564905600,2.4387,2.5624,2.437,2.46135,462821.42000000004
1564920000,2.46542,2.6,2.45607,2.51817,384258.48
1564934400,2.52676,2.565,2.495,2.54324,297501.35
1564948800,2.53711,2.5499,2.47,2.51992,418728.26
1564963200,2.52067,2.595,2.48501,2.59099,700160.37
1564977600,2.59092,2.59098,2.5312,2.53487,219845.76
1564992000,2.5348,2.66,2.52571,2.62315,366099.69
1565006400,2.61732,2.63,2.53518,2.57385,425549.99
1565020800,2.57385,2.593,2.5001,2.51763,498053.93
1565035200,2.50992,2.51784,2.4468,2.46271,415225.36
1565049600,2.45103,2.50125,2.45,2.471,233140.28
1565064000,2.47101,2.51,2.4126,2.47041,429911.5
1565078400,2.47575,2.49605,2.3458,2.39854,560864.64
1565092800,2.40024,2.44934,2.301,2.39219,519780.36
1565107200,2.39067,2.5,2.35231,2.42933,779921.56
1565121600,2.43036,2.475,2.34,2.465,596075.05
1565136000,2.46999,2.49,2.41701,2.43881,253071.35
1565150400,2.43699,2.46146,2.40777,2.42421,124278.14
1565164800,2.4136,2.45364,2.39,2.39603,98667.05
1565179200,2.39603,2.45037,2.39,2.39255,496873.02
1565193600,2.39255,2.4444,2.33546,2.37105,437448.42000000004
1565208000,2.37104,2.4175,2.35,2.38206,339265.83999999997
1565222400,2.3826,2.39889,2.36217,2.36666,231971.09
1565236800,2.37017,2.37017,2.291,2.342,376424.18
1565251200,2.342,2.34594,2.30367,2.30465,97737.45
1565265600,2.31421,2.3889,2.28282,2.31099,267107.65
1565280000,2.30612,2.35997,2.2862,2.29528,568251.41
1565294400,2.29528,2.30763,2.26,2.27264,753430.05
1565308800,2.27265,2.29399,2.2389,2.27507,444921.5
1565323200,2.27164,2.295,2.25,2.25373,179408.43
1565337600,2.25001,2.28399,2.19,2.21141,382768.53
1565352000,2.21139,2.25829,2.18299,2.20799,352751.28
1565366400,2.208,2.244,2.1652,2.19682,424425.32999999996
1565380800,2.19682,2.222,2.14634,2.1692,484259.02
1565395200,2.16833,2.19418,2.13683,2.14658,286463.55
1565409600,2.14657,2.45,2.13733,2.34336,1190642.74
1565424000,2.34348,2.34462,2.2,2.24377,281954.62
1565438400,2.24385,2.34838,2.19811,2.28992,351869.44
1565452800,2.28992,2.37249,2.25708,2.31343,516133.96
1565467200,2.31283,2.36741,2.29438,2.32251,236909.32
1565481600,2.32911,2.40473,2.28509,2.36432,388916.63
1565496000,2.3667,2.38,2.32806,2.36073,145517.1
1565510400,2.35907,2.37999,2.31001,2.33325,137913.40000000002
1565524800,2.33325,2.385,2.3318,2.36232,156602.53
1565539200,2.36238,2.479,2.36002,2.4267,623704.69
1565553600,2.42664,2.44871,2.35348,2.40904,550156.78
1565568000,2.41625,2.44,2.37676,2.41979,253365.27
1565582400,2.42299,2.45,2.40448,2.445,160889.69
1565596800,2.4475,2.46999,2.41819,2.42401,202794.17
1565611200,2.42111,2.45307,2.4,2.40909,167949.21000000002
1565625600,2.40697,2.40697,2.33627,2.35855,393592.49
1565640000,2.35855,2.3961,2.35,2.38515,126023.49
1565654400,2.3875,2.38954,2.35055,2.35501,100810.85
1565668800,2.35501,2.35501,2.32,2.3244,150169.1
1565683200,2.32114,2.34226,2.307,2.31968,101821.84
1565697600,2.3151,2.355,2.31333,2.32704,217845.17
1565712000,2.32712,2.45,2.32533,2.42188,682072.88
1565726400,2.422,2.45,2.4,2.41396,299398.22
1565740800,2.41799,2.51189,2.4099,2.51,646025.4299999999
1565755200,2.51,2.5844,2.45,2.50578,812934.33
1565769600,2.50577,2.52503,2.44,2.449,218831.09
1565784000,2.449,2.51549,2.41431,2.45387,544802.96
1565798400,2.46169,2.51333,2.16,2.28391,1385245.98
1565812800,2.2833,2.37,2.25363,2.28605,489844.14
1565827200,2.28353,2.3311,2.25324,2.27259,350061.09
1565841600,2.27259,2.27495,2.1666,2.21712,511524.74
1565856000,2.21771,2.3489,2.19849,2.33288,327612.41000000003
1565870400,2.33288,2.35757,2.30003,2.33955,359498.23
1565884800,2.33955,2.40952,2.30784,2.37995,462989.61
1565899200,2.37995,2.44266,2.36717,2.42265,417737.58
1565913600,2.41914,2.45,2.35336,2.36898,272315.53
1565928000,2.37376,2.37376,2.23001,2.28562,484632.68
1565942400,2.2892,2.34156,2.26001,2.31896,225748.37
1565956800,2.32739,2.36499,2.28444,2.32601,361146.97
1565971200,2.32633,2.41999,2.30031,2.37871,295531.62
1565985600,2.38,2.38,2.301,2.31153,241142.13
1566000000,2.31105,2.36999,2.28401,2.32748,264288.54
1566014400,2.325,2.34176,2.3109,2.33182,64292.130000000005
1566028800,2.33182,2.3506,2.32642,2.33395,30979.55
1566043200,2.3288,2.4,2.30621,2.39987,219406.84
1566057600,2.3998,2.42,2.34571,2.35141,345037.89
1566072000,2.35996,2.41,2.35106,2.40716,123720.07
1566086400,2.40705,2.41945,2.374,2.39475,142643.96
1566100800,2.38944,2.47437,2.38523,2.44668,233880.61000000002
1566115200,2.44688,2.45392,2.40054,2.43966,159728.06
1566129600,2.43999,2.499,2.43305,2.499,261720.83
1566144000,2.499,2.56507,2.4514,2.4863,733330.58
1566158400,2.48511,2.5125,2.43,2.50823,326933.68
1566172800,2.50488,2.51608,2.45,2.48308,299604.45
1566187200,2.48308,2.51148,2.45687,2.49317,124310.13
1566201600,2.49601,2.54866,2.47778,2.53752,172483.13
1566216000,2.53044,2.60886,2.52614,2.54554,457246.17
1566230400,2.54069,2.62,2.54,2.55761,430975.79000000004
1566244800,2.55205,2.56087,2.48184,2.49507,525044.04
1566259200,2.49508,2.55,2.48101,2.49,330660.56
1566273600,2.49,2.50218,2.455,2.49519,138848.49000000002
1566288000,2.4943,2.49805,2.39395,2.4109,185995.4
1566302400,2.41132,2.45999,2.37003,2.37915,371765.19
1566316800,2.37969,2.42,2.362,2.3787,429009.12
1566331200,2.38024,2.4,2.34296,2.36609,258668.94
1566345600,2.36322,2.37553,2.28511,2.31548,387248.9
1566360000,2.31526,2.349,2.275,2.28101,294314.31
1566374400,2.28101,2.30941,2.171,2.222,616889.16
1566388800,2.222,2.26983,2.15,2.22003,707618.23
1566403200,2.21952,2.2493,2.18026,2.21655,374382.8
1566417600,2.22172,2.24,2.195,2.21134,179558.49
1566432000,2.215,2.24,2.1475,2.18666,389557.5
1566446400,2.18075,2.21942,2.171,2.17853,143341.28999999998
1566460800,2.18769,2.22948,2.1782,2.19499,89768.09
1566475200,2.19968,2.29884,2.19236,2.27447,335086.95999999996
1566489600,2.27445,2.28881,2.25033,2.25033,228491.87
1566504000,2.25647,2.25908,2.21642,2.217,193858.43
1566518400,2.21998,2.21999,2.17596,2.21746,276411.48
1566532800,2.21049,2.33973,2.20121,2.33973,267659.9
1566547200,2.33972,2.3495,2.26689,2.32988,242667.3
1566561600,2.29475,2.33999,2.24753,2.31,477106.09
1566576000,2.31296,2.315,2.26459,2.27749,163283.68
1566590400,2.27749,2.29097,2.20128,2.244,304037.03
1566604800,2.244,2.26805,2.22501,2.24541,137002.1
1566619200,2.24796,2.25807,2.22,2.22581,113848.76000000001
1566633600,2.22859,2.26429,2.171,2.19191,150173.61
1566648000,2.19128,2.19288,2.16013,2.17729,146064.51
1566662400,2.17729,2.2055,2.16386,2.19592,192635.43
1566676800,2.196,2.20999,2.15627,2.17621,256928.71
1566691200,2.171,2.17784,2.151,2.1603,145836.3
1566705600,2.1605,2.19,2.13218,2.15878,153633.13
1566720000,2.16523,2.19898,2.15003,2.17184,99783.9
1566734400,2.16269,2.19,2.1033,2.11503,417502.62
1566748800,2.11965,2.13987,2.06837,2.09229,449194.32
1566763200,2.09,2.135,2.03133,2.08829,565591.48
1566777600,2.088,2.175,2.07353,2.08671,666698.19
1566792000,2.08064,2.1163,2.07,2.11255,168011.42
1566806400,2.11557,2.13,2.08942,2.11864,100537.08
1566820800,2.11552,2.12911,2.08,2.08574,139425.57
1566835200,2.08547,2.09948,2.05001,2.09948,212410.21000000002
1566849600,2.09938,2.10908,2.051,2.075,253755.26
1566864000,2.075,2.07909,2.01109,2.03006,385062.17
1566878400,2.03622,2.07492,2.01073,2.02729,203994.09999999998
1566892800,2.03433,2.078,2.02116,2.07797,59133.18
1566907200,2.07797,2.17485,2.05012,2.16928,486677.49
1566921600,2.1693,2.17452,2.09665,2.10335,232829.22
1566936000,2.09699,2.13,2.07508,2.11229,180773.19
1566950400,2.11228,2.11228,2.01287,2.03302,347618.63
1566964800,2.03302,2.08997,2.03002,2.0815,112822.13
1566979200,2.08149,2.08286,2.04031,2.06183,97287.69
1566993600,2.06609,2.07447,2.04501,2.0654,151071.63
1567008000,2.06539,2.06542,1.86,1.90991,1249477.04
1567022400,1.91343,1.94,1.87012,1.89759,564537.79
1567036800,1.89755,1.94,1.82868,1.85498,755619.82
1567051200,1.85325,1.8663,1.75002,1.77577,494109.65
1567065600,1.77794,1.85696,1.77794,1.82669,222567.23
1567080000,1.82666,1.83356,1.72217,1.7783,882845.66
1567094400,1.78,1.80882,1.75304,1.77904,466348.08999999997
1567108800,1.78448,1.84,1.77088,1.78068,354407.53
1567123200,1.77904,1.8,1.744,1.79682,228792.4
1567137600,1.79626,1.83,1.77001,1.79542,144463.07
1567152000,1.79684,1.86878,1.78943,1.8319,154581.79
1567166400,1.82782,1.91799,1.82002,1.86683,353339.93
1567180800,1.87384,1.8775,1.785,1.835,261255.18
1567195200,1.84023,1.85143,1.8,1.8,134319.05
1567209600,1.8,1.82447,1.79043,1.80573,162838.73
1567224000,1.81139,1.85882,1.795,1.84405,134417.31
1567238400,1.84362,1.84362,1.79,1.79548,92269.6
1567252800,1.80112,1.81693,1.76481,1.77688,157201.25
1567267200,1.77448,1.79875,1.76139,1.78247,151175.29
1567281600,1.78247,1.80061,1.73473,1.78126,355277.49
1567296000,1.78435,1.80198,1.76715,1.77301,154539.54
1567310400,1.77274,1.78,1.766,1.78,73657.38
1567324800,1.77597,1.78,1.76,1.77048,66294.48
1567339200,1.77373,1.78381,1.75853,1.77612,54483.5
1567353600,1.77158,1.7717,1.72234,1.75452,286226.05
1567368000,1.75116,1.79672,1.74222,1.7799,215270.39
1567382400,1.7785,1.7829,1.73555,1.75661,162215.93
1567396800,1.75661,1.76234,1.73555,1.74137,79665.70999999999
1567411200,1.74379,1.7599,1.73781,1.7463,73263.63
1567425600,1.7463,1.899,1.73556,1.835,637894.3400000001
1567440000,1.8343,1.89778,1.82103,1.85621,399072.5
1567454400,1.8562,1.8812,1.82555,1.833,324756.51
1567468800,1.833,1.87799,1.81993,1.8684,209302.7
1567483200,1.86954,1.94495,1.84776,1.90943,175396.88
1567497600,1.91451,1.94406,1.86288,1.87755,207482.84
1567512000,1.87911,1.886,1.845,1.8574,306009.01
1567526400,1.86021,1.8895,1.83829,1.85764,159807.96
1567540800,1.86044,1.87412,1.85011,1.85059,157328.15
1567555200,1.85311,1.86471,1.8275,1.83304,141984.83
1567569600,1.83592,1.83599,1.77,1.78479,194451.07
1567584000,1.78715,1.82,1.781,1.7963,145920.58
1567598400,1.7963,1.7963,1.7463,1.75543,294607.43
1567612800,1.7554,1.78996,1.74954,1.77726,175428.35
1567627200,1.77276,1.82671,1.75046,1.78442,322696.14
1567641600,1.7878,1.865,1.78023,1.8494,245168.05000000002
1567656000,1.8494,1.86469,1.8,1.80691,149950.69
1567670400,1.81023,1.82473,1.777,1.78112,54904.79
1567684800,1.78112,1.83666,1.77298,1.808,158660.78
1567699200,1.81123,1.84507,1.795,1.80735,238788.51
1567713600,1.80552,1.81986,1.794,1.794,119835.43
1567728000,1.79692,1.82917,1.794,1.81342,109123.0
1567742400,1.81579,1.816,1.79106,1.79349,52770.299999999996
1567756800,1.79101,1.83,1.79002,1.81124,111409.81
1567771200,1.81165,1.82486,1.78502,1.80737,375932.81
1567785600,1.80892,1.81592,1.72,1.73202,557219.4099999999
1567800000,1.73037,1.73847,1.68,1.72196,365751.36
1567814400,1.7225,1.76853,1.71259,1.743,88887.22
1567828800,1.74489,1.77221,1.73501,1.75949,125278.89
1567843200,1.75973,1.76498,1.74325,1.76146,20051.39
1567857600,1.75985,1.76394,1.73,1.76305,103061.39
1567872000,1.76115,1.80979,1.74355,1.77167,250076.89
1567886400,1.77395,1.78998,1.76577,1.77821,87872.37
1567900800,1.77796,1.83,1.77095,1.82494,144383.08
1567915200,1.82929,1.8293,1.80022,1.8157,88016.62
1567929600,1.81555,1.81744,1.76561,1.78955,99380.42
1567944000,1.78952,1.86862,1.7775,1.8532,253216.98
1567958400,1.85002,1.9,1.83593,1.84533,544964.17
1567972800,1.84531,1.86594,1.8236,1.82997,197311.07
1567987200,1.82987,1.86,1.80001,1.8101,188171.77999999997
1568001600,1.8101,1.82537,1.77,1.7733,194774.71
1568016000,1.77331,1.8794,1.76302,1.829,249427.66999999998
1568030400,1.83208,1.85177,1.82364,1.8237,144157.94
1568044800,1.8237,1.8237,1.7731,1.79194,230119.84
1568059200,1.78744,1.81532,1.77162,1.79356,137842.88
1568073600,1.79355,1.82334,1.79,1.819,100544.15
1568088000,1.819,1.83388,1.80101,1.8115,124609.17
1568102400,1.80788,1.81729,1.78203,1.79515,66754.38
1568116800,1.79517,1.80143,1.7777,1.78454,86991.84999999999
1568131200,1.78426,1.8229,1.78225,1.78993,163313.41
1568145600,1.79017,1.81075,1.7785,1.80122,101065.67
1568160000,1.79991,1.82533,1.7923,1.80124,206489.61
1568174400,1.79603,1.80151,1.76501,1.78001,270857.64999999997
1568188800,1.78243,1.78976,1.77,1.78208,39943.229999999996
1568203200,1.78082,1.782,1.745,1.74746,190229.34
1568217600,1.74504,1.749,1.72,1.72414,224541.40000000002
1568232000,1.72283,1.749,1.72011,1.73188,199282.83000000002
1568246400,1.73189,1.73893,1.7081,1.71161,316502.44999999995
1568260800,1.71127,1.72791,1.7,1.71926,141949.86
1568275200,1.71889,1.74544,1.71311,1.7232,73521.73
1568289600,1.72715,1.73601,1.71105,1.72315,136630.88
1568304000,1.72399,1.72947,1.70653,1.71004,252300.09
1568318400,1.71629,1.72771,1.70008,1.71134,222135.2
1568332800,1.71287,1.72365,1.696,1.70445,136853.82
1568347200,1.70004,1.7053,1.64708,1.66719,336444.39
1568361600,1.67075,1.68018,1.65121,1.66952,235353.61
1568376000,1.66894,1.66965,1.5991,1.63279,674303.0900000001
1568390400,1.632,1.64758,1.44294,1.52033,3528518.37
1568404800,1.51823,1.605,1.50469,1.58457,1018802.86
1568419200,1.58035,1.5945,1.53529,1.56528,363988.58
1568433600,1.5677,1.64199,1.5677,1.59293,180503.69
1568448000,1.5904,1.63868,1.5859,1.61755,114347.09
1568462400,1.615,1.61784,1.561,1.60154,252652.22
1568476800,1.6025,1.61863,1.575,1.5923,277818.47
1568491200,1.58879,1.62,1.567,1.56998,295214.29000000004
1568505600,1.57,1.59026,1.56242,1.58007,132855.18
1568520000,1.57668,1.615,1.57308,1.59439,94286.04999999999
1568534400,1.59009,1.6117,1.58549,1.60034,54574.659999999996
1568548800,1.6046,1.64199,1.60202,1.60863,208812.89
1568563200,1.60864,1.63,1.58643,1.61292,141576.49
1568577600,1.61289,1.6292,1.60146,1.61381,132478.96
1568592000,1.61438,1.638,1.61,1.62099,179803.03999999998
1568606400,1.62178,1.62195,1.61386,1.62049,68729.89
1568620800,1.61843,1.622,1.59516,1.59516,52628.58
1568635200,1.595,1.595,1.55,1.55712,296334.11
1568649600,1.55535,1.56269,1.55039,1.55432,128468.67
1568664000,1.5543,1.61,1.5515,1.589,293245.35
1568678400,1.58415,1.61,1.56,1.58273,163586.76
1568692800,1.58039,1.608,1.5615,1.58621,116086.56
1568707200,1.58718,1.58718,1.5615,1.57512,54374.45
1568721600,1.57582,1.61179,1.57266,1.59779,429349.55
1568736000,1.59661,1.68859,1.58487,1.6431,875573.63
1568750400,1.64067,1.66404,1.6238,1.62707,371719.17000000004
1568764800,1.627,1.704,1.627,1.67989,433393.94
1568779200,1.67985,1.75,1.66661,1.74295,231925.54
1568793600,1.74307,1.75,1.69207,1.69999,187704.35
1568808000,1.69997,1.82,1.68011,1.78423,755047.85
1568822400,1.78435,1.81334,1.723,1.74214,528844.4299999999
1568836800,1.74221,1.94999,1.72867,1.80999,1371351.37
1568851200,1.80948,1.99333,1.73852,1.78997,2901268.03
1568865600,1.79002,1.87,1.751,1.80695,403881.0
1568880000,1.8083,1.888,1.79917,1.80112,416506.05
1568894400,1.80132,1.86,1.796,1.81522,534777.46
1568908800,1.81872,1.89748,1.81233,1.89499,694391.6699999999
1568923200,1.89341,1.89711,1.83345,1.878,477805.56
1568937600,1.87624,1.88,1.81093,1.84882,336270.25
1568952000,1.84743,1.85581,1.83429,1.84136,97149.09999999999
1568966400,1.84458,1.8532,1.80533,1.81985,81853.4
1568980800,1.81783,1.84104,1.77667,1.79124,461787.49
1568995200,1.79123,1.805,1.76004,1.77999,433606.44
1569009600,1.77687,1.846,1.77,1.82052,453527.68
1569024000,1.82348,1.869,1.82348,1.85993,330290.3
1569038400,1.86546,1.87136,1.83351,1.83482,135090.68
1569052800,1.83482,1.8415,1.80341,1.83658,101400.98000000001
1569067200,1.8352,1.84846,1.79202,1.84092,164052.9
1569081600,1.8405,1.86249,1.82548,1.86207,216609.76
1569096000,1.85697,1.88,1.8455,1.88,331057.97
1569110400,1.88,1.88497,1.8061,1.8061,329657.29
1569124800,1.8063,1.85299,1.78766,1.85299,162845.75
1569139200,1.85299,1.85691,1.81841,1.82517,43578.35
1569153600,1.82707,1.84999,1.81503,1.83342,98401.12
1569168000,1.8304,1.83303,1.78278,1.78793,322497.83
1569182400,1.78724,1.82,1.78001,1.8194,172813.16999999998
1569196800,1.8194,1.8194,1.78593,1.8029,149287.41999999998
1569211200,1.80255,1.8238,1.78301,1.82237,96872.04
1569225600,1.82379,1.847,1.81769,1.83352,142965.8
1569240000,1.83504,1.85422,1.80314,1.84856,253776.59
1569254400,1.84856,1.876,1.82279,1.85306,439512.73
1569268800,1.85595,1.88999,1.78092,1.80177,916263.24
1569283200,1.80079,1.8333,1.77583,1.8172,335555.82
1569297600,1.8123,1.8725,1.81229,1.87248,199200.26
1569312000,1.8714,1.999,1.86965,1.9544,936930.71
1569326400,1.9544,2.07769,1.86004,1.94958,2237286.3200000003
1569340800,1.94671,2.01063,1.51,1.6494,2830216.98
1569355200,1.64861,1.79777,1.58,1.7285,1488765.33
1569369600,1.72401,1.9355,1.72401,1.8174,1807292.3
1569384000,1.80706,1.81799,1.69,1.69811,526460.14
1569398400,1.69705,1.77243,1.62501,1.69336,488916.10000000003
1569412800,1.69336,1.72793,1.64501,1.64501,482209.58999999997
1569427200,1.645,1.72549,1.63001,1.72396,417514.80000000005
1569441600,1.71756,1.76907,1.70155,1.75001,592258.84
1569456000,1.75225,1.78,1.70573,1.726,300235.07
1569470400,1.72064,1.765,1.70506,1.70508,158333.38
1569484800,1.705,1.74355,1.705,1.71077,152189.58000000002
1569499200,1.71318,1.73499,1.55,1.56512,939924.22
1569513600,1.57241,1.71998,1.52502,1.66973,933286.47
1569528000,1.66999,1.69544,1.62473,1.6559,297879.93
1569542400,1.65587,1.66127,1.60103,1.62,276693.93
1569556800,1.62,1.63439,1.59252,1.61607,172803.59999999998
1569571200,1.61221,1.63704,1.59145,1.60906,135767.15
1569585600,1.60882,1.62127,1.56286,1.587,406175.91
1569600000,1.59135,1.62997,1.57358,1.61437,302706.62
1569614400,1.6142,1.68674,1.61,1.66567,376386.87
1569628800,1.66521,1.67424,1.65614,1.67218,129730.23
1569643200,1.67217,1.7,1.66584,1.69858,137020.19999999998
1569657600,1.69999,1.70333,1.65603,1.65603,69941.73
1569672000,1.65327,1.66689,1.63083,1.64757,206821.34
1569686400,1.65445,1.6984,1.63934,1.6864,160513.1
1569700800,1.68385,1.7,1.66594,1.67973,157591.36
1569715200,1.67647,1.75387,1.67611,1.70995,668635.62
1569729600,1.70895,1.72889,1.69534,1.71078,153356.91
1569744000,1.71514,1.7438,1.69838,1.70532,106489.39
1569758400,1.70527,1.70889,1.6498,1.69122,373562.31
1569772800,1.69184,1.71298,1.67384,1.69438,224481.8
1569787200,1.69541,1.7237,1.68494,1.70105,211854.28999999998
1569801600,1.70101,1.72481,1.68935,1.70542,155211.65
1569816000,1.7,1.70315,1.65,1.66174,313979.54
1569830400,1.6538,1.71,1.6534,1.69491,158026.68
1569844800,1.69507,1.738,1.68603,1.7352,245652.24
1569859200,1.73283,1.75466,1.70791,1.73965,285993.33999999997
1569873600,1.73965,1.77412,1.72052,1.77329,246275.79
1569888000,1.76695,1.82,1.75365,1.79766,349679.72
1569902400,1.79732,1.81593,1.76527,1.79696,177825.66
1569916800,1.79172,1.80289,1.77093,1.78897,54108.0
1569931200,1.78897,1.86481,1.78521,1.85395,397754.99
1569945600,1.85288,1.88,1.82,1.84324,706838.5800000001
1569960000,1.85312,1.8755,1.82008,1.83509,325522.27
1569974400,1.83464,1.87,1.81002,1.87,314224.36
1569988800,1.87,1.89,1.84,1.89,204898.24
1570003200,1.89,1.9645,1.88727,1.93647,503687.67000000004
1570017600,1.9372,1.97,1.89601,1.95986,509331.75
1570032000,1.96185,1.97899,1.93044,1.97104,428889.29000000004
1570046400,1.97181,2.03446,1.95293,2.0261,733029.97
1570060800,2.02608,2.0431,1.94551,1.98325,702399.19
1570075200,1.98325,2.02379,1.96907,1.98271,283074.83999999997
1570089600,1.98215,2.01623,1.97732,2.0,174812.75999999998
1570104000,1.9999,2.0,1.89,1.96011,618091.62
1570118400,1.96273,1.9935,1.92,1.93299,379040.9
1570132800,1.93226,1.975,1.91252,1.94927,312594.75
1570147200,1.94927,1.95,1.89208,1.90006,215008.49
1570161600,1.90005,1.92,1.89,1.91734,146633.81
1570176000,1.91786,1.92997,1.90004,1.925,87298.95
1570190400,1.925,1.97327,1.908,1.96974,266256.43
1570204800,1.9659,1.975,1.93661,1.95779,273398.08
1570219200,1.95766,2.02305,1.95766,1.97272,356421.35
1570233600,1.97413,1.98116,1.94691,1.97182,166511.13
1570248000,1.9708,1.98246,1.95002,1.96107,55254.520000000004
1570262400,1.96107,1.966,1.92108,1.93,120228.17
1570276800,1.92781,1.9517,1.91201,1.94861,150461.36000000002
1570291200,1.94744,1.97048,1.94323,1.96228,156827.38
1570305600,1.96335,1.97874,1.95,1.96325,631078.22
1570320000,1.96577,1.9841,1.951,1.97525,175964.83
1570334400,1.97476,2.0333,1.96819,1.9825,399738.01999999996
1570348800,1.98748,2.07,1.9672,2.0699,258828.44
1570363200,2.06985,2.148,2.04829,2.1289,891304.29
1570377600,2.12891,2.27899,2.12016,2.20364,1920466.56
1570392000,2.19304,2.21251,2.143,2.16693,563996.47
1570406400,2.16348,2.20704,2.101,2.18424,673938.65
1570420800,2.1786,2.19972,2.15371,2.1745,234243.59
1570435200,2.16855,2.26999,2.16855,2.23286,303852.4
1570449600,2.23271,2.51,2.23221,2.46261,1853220.98
1570464000,2.453,2.49526,2.365,2.37837,1198890.94
1570478400,2.37837,2.42267,2.3515,2.40398,523901.43
1570492800,2.40541,2.4277,2.31112,2.34459,634384.38
1570507200,2.35293,2.375,2.275,2.30691,358105.77
1570521600,2.31859,2.59995,2.28666,2.59606,749491.4199999999
1570536000,2.59801,2.65,2.4812,2.56219,1731587.18
1570550400,2.57004,2.58564,2.51,2.54013,639843.35
1570564800,2.54,2.6,2.46805,2.59411,784137.3300000001
1570579200,2.58114,2.62982,2.49252,2.57249,829342.97
1570593600,2.5807,2.7288,2.57,2.7,920318.18
1570608000,2.7,2.97995,2.67279,2.88548,1653991.52
1570622400,2.87053,2.91,2.6,2.77169,2701134.74
1570636800,2.75477,2.86,2.7211,2.76052,1189433.69
1570651200,2.77243,2.8856,2.76229,2.81207,932987.72
1570665600,2.81387,2.82983,2.65,2.65078,1075925.09
1570680000,2.65533,2.7948,2.65,2.69602,573633.0800000001
1570694400,2.69604,2.70357,2.51,2.58999,1199941.25
1570708800,2.59,2.60728,2.4162,2.54832,1175882.2
1570723200,2.54886,2.6495,2.51034,2.63503,721103.0900000001
1570737600,2.64945,2.8,2.61509,2.64758,1067189.0
1570752000,2.64739,2.8,2.632,2.76731,1036440.2
1570766400,2.76729,2.77096,2.54608,2.61356,971589.8400000001
1570780800,2.61365,2.73804,2.58902,2.6844,409130.79
1570795200,2.6765,2.8,2.667,2.7725,778821.14
1570809600,2.7725,2.8,2.69004,2.73347,762949.75
1570824000,2.70918,2.76,2.658,2.74999,711845.89
1570838400,2.74999,2.759,2.70201,2.74064,192514.97999999998
1570852800,2.74012,2.74191,2.6401,2.67597,385457.06
1570867200,2.67525,2.69748,2.64378,2.66288,141235.0
1570881600,2.6635,2.67885,2.598,2.62569,519886.6
1570896000,2.63312,2.65799,2.55,2.6296,797072.5700000001
1570910400,2.62959,2.64809,2.563,2.60399,280938.26
1570924800,2.6025,2.65447,2.59001,2.5995,178073.88
1570939200,2.5995,2.62811,2.576,2.58296,139326.4
1570953600,2.58647,2.58771,2.52001,2.56387,269887.08999999997
1570968000,2.56375,2.59212,2.5205,2.54087,554228.42
1570982400,2.54462,2.5688,2.52799,2.56876,249686.37999999998
1570996800,2.56874,2.56874,2.4501,2.49153,893607.54
1571011200,2.49139,2.53798,2.45011,2.51386,375061.19
1571025600,2.51499,2.6788,2.51368,2.63311,595231.38
1571040000,2.62717,2.63627,2.57177,2.59779,166769.99
1571054400,2.59779,2.59963,2.51464,2.53085,486146.07000000007
1571068800,2.52528,2.586,2.50392,2.53499,400258.51
1571083200,2.53498,2.55599,2.50201,2.53053,336569.95
1571097600,2.53052,2.60968,2.52881,2.55224,565120.54
1571112000,2.55214,2.575,2.53,2.53745,157638.32
1571126400,2.53622,2.56999,2.52131,2.55205,140820.02000000002
1571140800,2.55197,2.55955,2.49,2.50875,253253.0
1571155200,2.49806,2.51384,2.35,2.43773,1090309.18
1571169600,2.43768,2.43769,2.32444,2.39047,634703.83
1571184000,2.39162,2.415,2.2933,2.30346,737326.52
1571198400,2.295,2.33995,2.282,2.28201,392864.41
1571212800,2.28633,2.33552,2.2555,2.26527,452273.81
1571227200,2.26522,2.30499,2.18456,2.28396,1298398.55
1571241600,2.28104,2.31999,2.25112,2.28994,399204.6
1571256000,2.28994,2.4088,2.2826,2.3807,775849.97
1571270400,2.3765,2.37885,2.2815,2.36433,688269.47
1571284800,2.35506,2.36509,2.29375,2.32497,218848.25
1571299200,2.32114,2.44,2.31001,2.39195,370581.31
1571313600,2.3997,2.4888,2.39247,2.463,723765.5599999999
1571328000,2.46129,2.48,2.42543,2.45393,338057.98
1571342400,2.45011,2.4543,2.3922,2.42135,396288.95
1571356800,2.42299,2.50038,2.41751,2.47165,339565.72
1571371200,2.47199,2.472,2.3533,2.375,495285.99
1571385600,2.37499,2.42544,2.348,2.4252,336443.73
1571400000,2.4234,2.45376,2.378,2.38551,247974.22
1571414400,2.38399,2.40516,2.358,2.36212,255238.35
1571428800,2.36219,2.37769,2.32711,2.35035,182826.72
1571443200,2.35168,2.36267,2.29471,2.34007,335595.52
1571457600,2.33825,2.34874,2.30632,2.31751,92965.37
1571472000,2.3198,2.37649,2.31942,2.34999,110731.18000000001
1571486400,2.34625,2.39437,2.31319,2.36115,298734.9
1571500800,2.36115,2.3784,2.34746,2.35176,109192.53
1571515200,2.35254,2.3599,2.33799,2.35582,75478.45999999999
1571529600,2.35582,2.37165,2.31,2.32579,323875.75
1571544000,2.32371,2.34597,2.31082,2.31337,79185.62
1571558400,2.31414,2.33959,2.28666,2.29721,97786.31999999999
1571572800,2.29717,2.36841,2.29582,2.36439,192390.48
1571587200,2.36439,2.46244,2.34,2.43628,650679.75
1571601600,2.43616,2.45399,2.395,2.43997,336947.53
1571616000,2.43863,2.51798,2.43357,2.48974,741934.6
1571630400,2.48873,2.64879,2.48873,2.6197,1039010.3200000001
1571644800,2.62404,2.6787,2.58061,2.62432,560303.45
1571659200,2.62004,2.66776,2.53558,2.57196,783076.09
1571673600,2.57199,2.62835,2.55,2.58225,380102.99
1571688000,2.58186,2.64643,2.556,2.63496,371215.05
1571702400,2.63498,2.76,2.6247,2.73063,1178655.24
1571716800,2.73451,2.74044,2.6663,2.73189,336686.85
1571731200,2.72655,2.74672,2.68545,2.73356,192448.8
1571745600,2.73302,2.817,2.70379,2.78648,752839.03
1571760000,2.78899,2.80404,2.748,2.7615,461058.38
1571774400,2.76473,2.76473,2.54917,2.6,1323652.0
1571788800,2.59999,2.65,2.51,2.54441,856160.84
1571803200,2.54443,2.59596,2.52405,2.58369,242230.24
1571817600,2.58363,2.68,2.57543,2.63999,279709.52
1571832000,2.64,2.65388,2.4015,2.51,1515958.46
1571846400,2.51001,2.63899,2.49,2.60222,953380.69
1571860800,2.60562,2.615,2.53089,2.61394,367704.06
1571875200,2.61205,2.72,2.61067,2.68342,1376241.05
1571889600,2.68686,2.72,2.60846,2.66653,554518.84
1571904000,2.66654,2.68836,2.64465,2.67977,152912.36
1571918400,2.67999,2.73391,2.66501,2.685,561067.56
1571932800,2.685,2.789,2.67699,2.73272,655545.83
1571947200,2.73513,2.75799,2.701,2.73172,341727.65
1571961600,2.72749,2.72749,2.65408,2.67096,533134.89
1571976000,2.67095,2.71988,2.61701,2.70847,291510.12
1571990400,2.69553,2.764,2.68727,2.72414,218114.45
1572004800,2.71907,2.88987,2.71316,2.82232,882008.89
1572019200,2.82,2.98,2.79485,2.86559,1866525.53
1572033600,2.86543,2.86543,2.7812,2.83729,572232.54
1572048000,2.8368,3.098,2.768,2.88242,3150585.91
1572062400,2.86536,2.92932,2.7862,2.79911,580384.69
1572076800,2.80236,2.88415,2.78,2.82293,367753.07
1572091200,2.827,2.85599,2.711,2.75938,411099.89999999997
1572105600,2.75776,2.76301,2.66,2.71869,589963.34
1572120000,2.72298,2.77954,2.71607,2.73561,237371.31
1572134400,2.73847,2.75891,2.66,2.72181,513036.39
1572148800,2.72068,2.768,2.68323,2.72585,182442.7
1572163200,2.71953,2.752,2.66001,2.68018,227274.19
1572177600,2.68017,2.73,2.677,2.71845,298130.57999999996
1572192000,2.71279,2.72327,2.6775,2.69012,453446.42
1572206400,2.68999,2.70946,2.66,2.67438,235145.68
1572220800,2.6755,2.8433,2.66962,2.84,572018.82
1572235200,2.84,2.89135,2.76,2.79984,565887.62
1572249600,2.79998,2.868,2.76995,2.82249,165702.45
1572264000,2.8212,2.84,2.75401,2.76556,341307.44
1572278400,2.76555,2.7833,2.69109,2.71022,241894.77
1572292800,2.705,2.74,2.65183,2.67066,501051.44
1572307200,2.67315,2.71785,2.668,2.69002,156831.98
1572321600,2.69002,2.76989,2.6889,2.73695,188534.36
1572336000,2.74089,2.75808,2.7005,2.71185,74055.92
1572350400,2.71677,2.72871,2.67777,2.70591,224402.07
1572364800,2.70584,2.71476,2.637,2.66835,492335.95
1572379200,2.66834,2.70429,2.64342,2.66971,241423.1
1572393600,2.67157,2.68066,2.60429,2.62778,312546.47000000003
1572408000,2.62775,2.62845,2.54101,2.60655,271583.99
1572422400,2.60067,2.63264,2.52011,2.5465,229234.39
1572436800,2.54071,2.6095,2.54071,2.6095,306042.28
1572451200,2.59821,2.6121,2.55001,2.59428,345564.89
1572465600,2.59425,2.6287,2.5709,2.61249,156467.99
1572480000,2.6125,2.64499,2.57902,2.59208,131205.89
1572494400,2.59731,2.63951,2.57004,2.60558,89566.2
1572508800,2.60147,2.625,2.54992,2.596,112075.76
1572523200,2.59601,2.65,2.58872,2.62121,231128.28
1572537600,2.61576,2.76296,2.61576,2.72386,598951.28
1572552000,2.729,2.75,2.68512,2.72927,364004.18
1572566400,2.73168,2.79,2.71001,2.72344,456326.06
1572580800,2.71848,2.75796,2.71657,2.72359,102194.44
1572595200,2.72269,2.72355,2.67005,2.68528,169895.99
1572609600,2.68639,2.71235,2.65372,2.67249,178923.43
1572624000,2.66216,2.69105,2.65002,2.66641,116783.89
1572638400,2.66819,2.735,2.66123,2.71643,143421.73
1572652800,2.71721,2.75,2.71401,2.74515,190975.65
1572667200,2.74477,2.74872,2.70807,2.72492,153757.52000000002
1572681600,2.71673,2.72297,2.70181,2.7213,30623.36
1572696000,2.72191,2.72596,2.7,2.70301,139831.12
1572710400,2.7063,2.73496,2.7,2.72995,143027.78999999998
1572724800,2.72566,2.73494,2.695,2.69877,113789.38
1572739200,2.70199,2.7186,2.68001,2.68783,173854.34
1572753600,2.68744,2.7,2.66807,2.68531,89231.34
1572768000,2.68135,2.69995,2.65923,2.66365,60992.45
1572782400,2.65924,2.6871,2.63001,2.66045,122127.45000000001
1572796800,2.67276,2.67598,2.63,2.6493,143796.26
1572811200,2.6487,2.664,2.63,2.65557,153594.21
1572825600,2.65796,2.6584,2.62711,2.64714,115494.44
1572840000,2.64713,2.65915,2.63001,2.65277,131280.34
1572854400,2.65278,2.67559,2.65168,2.67262,60105.92
1572868800,2.67261,2.72568,2.66592,2.719,245927.47
1572883200,2.719,2.72459,2.68217,2.70101,165226.32
1572897600,2.69466,2.72931,2.6655,2.67266,291718.79
1572912000,2.67019,2.68863,2.63,2.66718,457424.35
1572926400,2.66501,2.66948,2.63415,2.64679,97258.2
1572940800,2.64669,2.69168,2.64352,2.66761,50267.73
1572955200,2.6671,2.69626,2.65346,2.69,147094.74
1572969600,2.6934,2.69813,2.675,2.68349,133037.36000000002
1572984000,2.68359,2.69151,2.67,2.6826,112906.41
1572998400,2.68232,2.68749,2.66,2.665,103469.89
1573012800,2.66501,2.69,2.665,2.6869,145129.16
1573027200,2.68542,2.68849,2.66365,2.67202,41564.3
1573041600,2.67196,2.67643,2.65553,2.67619,126094.22
1573056000,2.67248,2.71449,2.65092,2.7073,203759.1
1573070400,2.70443,2.82,2.69939,2.74806,862719.72
1573084800,2.74697,2.75478,2.66439,2.67341,423209.10000000003
1573099200,2.67663,2.70246,2.64936,2.68168,232960.01
1573113600,2.6782,2.69335,2.60994,2.66133,200442.95
1573128000,2.65969,2.712,2.65042,2.66834,242506.2
1573142400,2.66834,2.71856,2.66521,2.67999,165910.9
1573156800,2.67941,2.69399,2.6662,2.6662,150918.16
1573171200,2.67179,2.73027,2.66042,2.712,228576.34
1573185600,2.70868,2.71849,2.68001,2.68159,231593.11
1573200000,2.6828,2.69171,2.66,2.67825,97499.59
1573214400,2.67709,2.695,2.62001,2.64845,391962.3
1573228800,2.64965,2.66999,2.63,2.66004,164031.88
1573243200,2.66063,2.7299,2.66063,2.70817,296363.56
1573257600,2.70793,2.785,2.70793,2.74387,398711.47
1573272000,2.74392,2.74821,2.7155,2.71553,95778.01000000001
1573286400,2.71803,2.76971,2.7155,2.73176,121155.17
1573300800,2.73164,2.848,2.72727,2.83653,532918.99
1573315200,2.84251,2.85,2.7731,2.81191,325576.65
1573329600,2.81191,2.83747,2.782,2.80355,281523.02
1573344000,2.8089,2.81303,2.77502,2.79566,120954.74
1573358400,2.79576,2.84,2.79347,2.8301,138728.28
1573372800,2.82719,2.8301,2.794,2.80091,50541.4
1573387200,2.79427,2.81949,2.75945,2.7659,101492.12
1573401600,2.768,2.81136,2.73751,2.79309,347736.04
1573416000,2.78931,2.79312,2.75601,2.774,183803.49000000002
1573430400,2.76717,2.77299,2.755,2.77037,98770.15
1573444800,2.76656,2.77118,2.71589,2.73496,183937.68
1573459200,2.73,2.7388,2.67109,2.70253,115236.63
1573473600,2.70045,2.73244,2.6844,2.71425,106240.13
1573488000,2.71425,2.74199,2.69278,2.7322,133074.82
1573502400,2.7322,2.73999,2.71669,2.73998,69305.03
1573516800,2.73998,2.7789,2.73209,2.75757,138916.87
1573531200,2.75501,2.76525,2.73775,2.73775,56948.18
1573545600,2.73776,2.78,2.73775,2.7565,36366.520000000004
1573560000,2.7565,2.8,2.74003,2.77391,190504.85
1573574400,2.77139,2.87757,2.77,2.83809,480480.06
1573588800,2.83999,2.8755,2.816,2.8202,382049.09
1573603200,2.82033,2.82052,2.7854,2.808,164653.55
1573617600,2.808,2.86,2.795,2.82152,168675.13
1573632000,2.81606,2.9516,2.81462,2.93912,407432.58999999997
1573646400,2.93246,3.085,2.91712,2.99407,1351600.9
1573660800,2.99406,3.04774,2.95111,3.03362,442557.95
1573675200,3.03361,3.03732,2.95,3.02,308983.13
1573689600,3.02,3.05,2.97022,3.03668,292466.93
1573704000,3.03691,3.148,2.975,3.10998,546277.86
1573718400,3.10998,3.14214,3.0238,3.13128,368186.0
1573732800,3.13128,3.16,3.08703,3.11955,693991.31
1573747200,3.1203,3.15,3.0373,3.038,600149.1699999999
1573761600,3.0373,3.10056,3.02482,3.04341,442544.38
1573776000,3.03582,3.06848,3.00427,3.02513,304364.81
1573790400,3.02479,3.03963,2.95234,2.98558,266401.75
1573804800,2.98873,3.018,2.918,2.94008,284250.89
1573819200,2.94204,2.95227,2.79174,2.92862,823463.87
1573833600,2.92999,3.0,2.92127,2.9428,400076.28
1573848000,2.9431,3.05,2.93563,3.04264,345979.89
1573862400,3.04264,3.04678,2.98293,3.02737,173115.03
1573876800,3.02738,3.03,2.98222,2.99187,110537.04
1573891200,2.99091,3.01099,2.92001,2.95677,127975.70999999999
1573905600,2.95952,2.97871,2.91674,2.97416,128840.7
1573920000,2.96828,2.98127,2.92501,2.94516,143292.12
1573934400,2.94448,2.99543,2.929,2.99032,109883.62000000001
1573948800,2.99395,2.99395,2.95036,2.95201,76220.25
1573963200,2.952,2.95267,2.8825,2.88644,109292.72
1573977600,2.88948,2.95795,2.87,2.94855,163816.59
1573992000,2.94852,2.96752,2.9016,2.91809,93185.62
1574006400,2.91501,2.92897,2.88036,2.89329,160812.24
1574020800,2.89327,2.9224,2.87,2.92,171335.12
1574035200,2.92,2.97,2.90162,2.9217,182883.81
1574049600,2.92164,2.93661,2.90709,2.92317,84741.91
1574064000,2.92484,2.92484,2.871,2.871,79065.31
1574078400,2.87117,2.89878,2.82,2.84251,544117.98
1574092800,2.84053,2.85254,2.6733,2.76325,875741.8700000001
1574107200,2.76325,2.83998,2.76324,2.77705,305673.87
1574121600,2.77705,2.80288,2.70217,2.72067,257343.96
1574136000,2.7251,2.765,2.64,2.6818,392509.39
1574150400,2.67786,2.71741,2.58001,2.60915,359470.83999999997
1574164800,2.60906,2.69999,2.59603,2.6995,549425.09
1574179200,2.69495,2.7443,2.64764,2.65186,322428.42
1574193600,2.65186,2.75,2.64664,2.71752,306173.58
1574208000,2.72399,2.77894,2.70091,2.765,222811.49
1574222400,2.7651,2.77999,2.70563,2.75479,250741.68
1574236800,2.7548,2.79577,2.7333,2.76714,193001.14
1574251200,2.77,2.80112,2.69195,2.69894,295315.06
1574265600,2.69996,2.73619,2.61748,2.63201,583083.4199999999
1574280000,2.63841,2.704,2.62173,2.69,295532.79
1574294400,2.69,2.7,2.65354,2.68019,162970.29
1574308800,2.67554,2.6864,2.634,2.64468,148256.46000000002
1574323200,2.64451,2.6462,2.59001,2.60499,239406.67
1574337600,2.60428,2.64999,2.50232,2.56618,640551.1399999999
1574352000,2.56553,2.583,2.47,2.54808,685040.4
1574366400,2.548,2.56985,2.5034,2.54154,284383.46
1574380800,2.54473,2.593,2.51999,2.52284,236480.47
1574395200,2.52087,2.54753,2.38004,2.44711,604445.22
1574409600,2.44711,2.49549,2.166,2.29775,1046238.8200000001
1574424000,2.29637,2.3418,2.12201,2.34162,1506166.95
1574438400,2.33386,2.441,2.29067,2.42,886100.0700000001
1574452800,2.41999,2.43053,2.32,2.35334,456061.66
1574467200,2.34949,2.35452,2.27231,2.33894,392518.3
1574481600,2.33452,2.34683,2.26367,2.32505,312091.31
1574496000,2.32687,2.3615,2.2773,2.35391,188370.88
1574510400,2.35734,2.46,2.35315,2.45762,616921.47
1574524800,2.4566,2.4689,2.4019,2.43754,414108.8
1574539200,2.43998,2.44309,2.40197,2.4286,134993.94
1574553600,2.4291,2.46399,2.34056,2.37503,297563.11
1574568000,2.37399,2.37999,2.34568,2.35238,86549.44
1574582400,2.35272,2.39424,2.34,2.36924,206119.07
1574596800,2.37007,2.37098,2.2155,2.23927,499308.78
1574611200,2.24263,2.29585,2.217,2.26366,586055.3300000001
1574625600,2.26058,2.30866,2.19501,2.22795,331997.96
1574640000,2.22096,2.24732,2.13,2.15382,809735.4400000001
1574654400,2.15284,2.165,2.03668,2.12217,1071215.68
1574668800,2.12328,2.24986,2.105,2.2,479878.06999999995
1574683200,2.20183,2.33264,2.20183,2.31002,779460.1299999999
1574697600,2.31135,2.3948,2.29022,2.31386,487438.79
1574712000,2.31036,2.33047,2.25589,2.26151,304203.6
1574726400,2.26102,2.32762,2.19422,2.32344,380741.44999999995
1574740800,2.32354,2.36374,2.28,2.28137,314783.22
1574755200,2.2885,2.33,2.24396,2.29546,162951.27
1574769600,2.29514,2.30666,2.15103,2.20503,558809.59
1574784000,2.20004,2.22829,2.1617,2.21429,402682.18
1574798400,2.2143,2.27496,2.21324,2.2496,293999.79000000004
1574812800,2.24812,2.275,2.2,2.2032,362023.19
1574827200,2.20529,2.25689,2.16622,2.2229,228052.34
1574841600,2.21515,2.22995,2.11,2.2299,348362.58999999997
1574856000,2.22983,2.27375,2.21008,2.24226,288010.82
1574870400,2.2482,2.30916,2.22792,2.27123,719706.3500000001
1574884800,2.26752,2.27265,2.18441,2.23204,326408.72
1574899200,2.23485,2.23705,2.18001,2.18961,167575.19
1574913600,2.19124,2.25182,2.1877,2.22631,187144.27
1574928000,2.2259,2.258,2.202,2.25793,146147.56
1574942400,2.25799,2.26,2.21293,2.23992,296157.63
1574956800,2.23989,2.30599,2.225,2.29986,401429.69
1574971200,2.3051,2.32966,2.234,2.27935,519372.9
1574985600,2.27623,2.341,2.265,2.32867,294812.45
1575000000,2.33489,2.33612,2.29834,2.315,191088.83
1575014400,2.32052,2.33765,2.27706,2.32011,102308.89
1575028800,2.32019,2.37,2.3,2.36897,268938.93000000005
1575043200,2.37,2.37284,2.3209,2.32607,249114.7
1575057600,2.32606,2.34601,2.318,2.34001,103480.04000000001
1575072000,2.34,2.34655,2.30211,2.30214,114484.29
1575086400,2.30318,2.32323,2.295,2.31858,132935.72
1575100800,2.31993,2.31993,2.25129,2.25684,148459.7
1575115200,2.25686,2.28699,2.22,2.22125,336554.75
1575129600,2.22732,2.25427,2.205,2.22412,232435.08000000002
1575144000,2.2213,2.25824,2.21515,2.24724,116773.14
1575158400,2.24429,2.24513,2.13731,2.15319,396952.89
1575172800,2.15548,2.18879,2.14001,2.15132,259390.73
1575187200,2.15304,2.18895,2.14451,2.16397,72347.45
1575201600,2.16832,2.21786,2.16171,2.1683,113489.59
1575216000,2.16999,2.184,2.141,2.15998,188124.69
1575230400,2.16053,2.182,2.15886,2.16689,130153.8
1575244800,2.16531,2.16871,2.13871,2.1499,224590.97000000003
1575259200,2.14929,2.15715,2.07,2.11267,375353.67000000004
1575273600,2.11468,2.1299,2.05501,2.10112,546655.54
1575288000,2.09569,2.112,2.08352,2.0912,190674.6
1575302400,2.09542,2.10488,2.055,2.087,366198.94
1575316800,2.087,2.13017,2.08371,2.0946,253732.97
1575331200,2.0936,2.12386,2.08251,2.08421,143091.78
1575345600,2.08427,2.0924,2.0687,2.06871,168791.32
1575360000,2.07001,2.115,2.0659,2.09804,104388.18
1575374400,2.10235,2.2,2.10235,2.18094,436173.94
1575388800,2.18094,2.18443,2.15001,2.15838,172732.78
1575403200,2.15801,2.15891,2.11901,2.125,195540.07
1575417600,2.12685,2.12685,2.0543,2.05802,503796.29000000004
1575432000,2.05597,2.06207,2.02611,2.0338,337063.32
1575446400,2.03523,2.08822,2.0,2.07142,220280.24
1575460800,2.07193,2.164,2.05908,2.10369,341181.1
1575475200,2.10717,2.11588,2.07001,2.073,196562.66
1575489600,2.07122,2.08,2.0,2.03194,638358.99
1575504000,2.02696,2.04357,1.96509,1.99112,670275.04
1575518400,1.99068,2.05138,1.9822,2.00937,291867.56
1575532800,2.01005,2.03643,1.99972,2.03362,129843.1
1575547200,2.03133,2.074,1.98611,1.99474,363222.86
1575561600,1.99615,2.03494,1.95557,2.03356,523794.77
1575576000,2.0355,2.06341,2.00002,2.00802,282984.04000000004
1575590400,2.00862,2.03798,2.00001,2.00199,223581.22999999998
1575604800,2.00256,2.016,1.99196,2.00603,100192.91
1575619200,2.00544,2.01212,1.965,1.99745,127977.67
1575633600,1.99285,2.0832,1.99285,2.07887,283531.67
1575648000,2.07885,2.10756,2.05,2.055,448390.8
1575662400,2.05421,2.10406,2.05,2.09157,235260.72
1575676800,2.08984,2.10688,2.078,2.10298,222415.83
1575691200,2.10251,2.1155,2.06758,2.08532,215649.29
1575705600,2.08856,2.09118,2.05983,2.08076,63308.91
1575720000,2.07959,2.0814,2.04,2.0538,149905.82
1575734400,2.05501,2.08116,2.0375,2.07776,170574.87
1575748800,2.07776,2.08275,2.045,2.04772,104416.61
1575763200,2.04739,2.05012,2.0,2.01596,363995.8
1575777600,2.01694,2.05281,2.01596,2.02333,130068.74
1575792000,2.02422,2.09,2.01342,2.07924,53389.770000000004
1575806400,2.082,2.08296,2.05076,2.06999,178077.88999999998
1575820800,2.06998,2.06999,2.03924,2.03955,144654.78
1575835200,2.04228,2.064,2.03001,2.05512,162207.51
1575849600,2.0553,2.08482,2.04504,2.05228,171381.97999999998
1575864000,2.04934,2.05661,2.03362,2.03908,73575.36
1575878400,2.04219,2.05416,2.022,2.05002,57564.75
1575892800,2.0505,2.08473,2.0252,2.0252,258975.49
1575907200,2.0234,2.06227,2.02173,2.04152,135412.65
1575921600,2.04467,2.09821,2.01662,2.09252,320804.46
1575936000,2.09702,2.20019,2.0619,2.16418,1473422.2
1575950400,2.16599,2.3,2.1448,2.2264,1217926.5899999999
1575964800,2.22356,2.2871,2.21433,2.23231,631372.45
1575979200,2.23202,2.26355,2.14209,2.14711,552519.48
1575993600,2.14755,2.2267,2.14006,2.19424,523705.17000000004
1576008000,2.1933,2.27399,2.15867,2.26216,726628.64
1576022400,2.2609,2.3,2.21776,2.24231,706687.24
1576036800,2.23717,2.27195,2.2096,2.21739,244917.13
1576051200,2.22053,2.22727,2.18002,2.19997,149614.19
1576065600,2.20378,2.25362,2.15366,2.17987,281174.53
1576080000,2.17942,2.19873,2.15667,2.16064,325227.81
1576094400,2.16622,2.18624,2.15,2.17519,251789.27
1576108800,2.17707,2.196,2.081,2.10143,622191.25
1576123200,2.1032,2.10907,2.056,2.06,312247.39
1576137600,2.05957,2.10783,2.02702,2.09637,390892.46
1576152000,2.0983,2.13127,2.07136,2.09342,233471.37
1576166400,2.09303,2.12182,2.07281,2.11399,365484.13
1576180800,2.11219,2.128,2.08715,2.10732,231268.47
1576195200,2.10622,2.11485,2.08114,2.10255,216754.11
1576209600,2.10511,2.12,2.06675,2.09985,175113.56999999998
1576224000,2.1036,2.11245,2.0783,2.09438,61580.9
1576238400,2.0919,2.10044,2.06001,2.09454,239084.37
1576252800,2.09699,2.10096,2.06855,2.07831,174966.71000000002
1576267200,2.0789,2.08801,2.0618,2.06603,155930.34
1576281600,2.06603,2.07691,2.06171,2.07135,90796.07
1576296000,2.07357,2.08938,2.067,2.07233,98302.62000000001
1576310400,2.07189,2.07233,2.04,2.04739,125129.90999999999
1576324800,2.04813,2.05238,1.99284,1.9966,238424.08
1576339200,1.99624,2.03,1.97,2.02211,354944.5
1576353600,2.02323,2.02355,1.99202,1.99799,106479.65000000001
1576368000,1.99874,2.00749,1.9607,1.99466,297142.32
1576382400,1.99461,2.05999,1.97501,2.05329,184901.15
1576396800,2.05823,2.0838,2.03653,2.04704,125988.61
1576411200,2.04734,2.09995,2.03002,2.07639,171878.75
1576425600,2.08113,2.11299,2.07501,2.09058,166352.12
1576440000,2.09099,2.0973,2.05998,2.07205,81600.76999999999
1576454400,2.07086,2.07569,2.04,2.04696,136330.83
1576468800,2.04261,2.04898,2.01613,2.02482,115863.45999999999
1576483200,2.02554,2.08006,2.01942,2.06964,103868.8
1576497600,2.06739,2.07362,2.02521,2.03106,98176.98
1576512000,2.03298,2.04225,1.96001,1.97191,561226.7
1576526400,1.97241,2.00118,1.96144,1.96866,280416.46
1576540800,1.96556,2.00287,1.938,1.97457,301125.02
1576555200,1.97397,1.97397,1.87015,1.8755,641180.99
1576569600,1.87806,1.89,1.86277,1.89,216362.56
1576584000,1.89,1.89928,1.74411,1.74474,822817.65
1576598400,1.74486,1.81479,1.71526,1.7385,1208536.1400000001
1576612800,1.73997,1.77935,1.71375,1.76467,734591.48
1576627200,1.76073,1.83339,1.74104,1.80793,355456.69
1576641600,1.80795,1.81458,1.75,1.76028,176241.0
1576656000,1.76029,1.78987,1.74481,1.74481,89452.41
1576670400,1.74481,1.827,1.63363,1.81623,1082645.27
1576684800,1.81623,1.85658,1.77,1.82608,614385.05
1576699200,1.8261,1.89882,1.80806,1.86045,969278.89
1576713600,1.86387,1.88618,1.79,1.82402,310200.64
1576728000,1.82385,1.84,1.78166,1.78428,132605.98
1576742400,1.78624,1.83327,1.75555,1.82208,212973.02000000002
1576756800,1.81682,1.83989,1.78081,1.81202,276475.06
1576771200,1.81203,1.83548,1.78005,1.80774,371779.98
1576785600,1.8114,1.8114,1.78838,1.79888,272224.1
1576800000,1.79905,1.82326,1.77703,1.82326,188311.57
1576814400,1.8202,1.86814,1.79823,1.86492,190435.56
1576828800,1.86459,1.88,1.84,1.84517,167608.0
1576843200,1.84661,1.89223,1.8437,1.85653,288618.13
1576857600,1.85528,1.87492,1.84397,1.85798,264345.93
1576872000,1.85988,1.93538,1.85074,1.92076,367585.06
1576886400,1.92076,1.92915,1.9033,1.90605,247403.14
1576900800,1.906,1.92,1.88612,1.89458,128461.45999999999
1576915200,1.89081,1.91645,1.886,1.91645,62808.69
1576929600,1.91552,1.91893,1.87833,1.89145,150998.91
1576944000,1.89145,1.8989,1.86988,1.87504,111745.64
1576958400,1.87569,1.88615,1.85642,1.85939,119046.52
1576972800,1.8593,1.88246,1.848,1.88015,118463.44
1576987200,1.87869,1.89072,1.86805,1.88648,41431.770000000004
1577001600,1.895,1.89969,1.86701,1.87819,51322.06
1577016000,1.87821,1.92335,1.87736,1.91652,146510.45
1577030400,1.91471,1.94565,1.90581,1.94001,151115.08000000002
1577044800,1.94001,1.94463,1.89791,1.92502,143041.1
1577059200,1.92418,1.95,1.9223,1.94692,211554.78999999998
1577073600,1.94691,1.94692,1.917,1.92358,48946.98
1577088000,1.9255,1.9452,1.9255,1.94286,58046.19
1577102400,1.94286,1.95,1.91717,1.94477,149929.4
1577116800,1.94425,1.95468,1.89001,1.90039,325212.74
1577131200,1.90014,1.90155,1.84013,1.8652,176513.63
1577145600,1.86493,1.88408,1.85343,1.86213,90399.91
1577160000,1.86366,1.87098,1.8477,1.84854,44734.14
1577174400,1.85,1.86221,1.83,1.85793,103966.41
1577188800,1.85832,1.8607,1.82568,1.83108,97629.42
1577203200,1.83355,1.85595,1.81352,1.85203,119692.72
1577217600,1.85402,1.85941,1.83383,1.844,106048.57
1577232000,1.844,1.84496,1.81873,1.83715,34078.46
1577246400,1.83519,1.83698,1.81906,1.82996,32922.16
1577260800,1.82878,1.83163,1.81355,1.81481,47400.979999999996
1577275200,1.81617,1.83697,1.7834,1.78904,151144.48
1577289600,1.78897,1.79206,1.76001,1.78262,185084.6
1577304000,1.78664,1.7972,1.77709,1.78253,196040.95
1577318400,1.78447,1.78633,1.77043,1.77468,68857.56999999999
1577332800,1.77188,1.78939,1.77,1.78745,43145.38
1577347200,1.78997,1.80788,1.78716,1.78791,88945.71
1577361600,1.78791,1.84167,1.78791,1.84,92501.07
1577376000,1.84,1.95795,1.82158,1.90405,460107.07
1577390400,1.90493,1.91205,1.84264,1.8552,278249.98
1577404800,1.85443,1.88184,1.85239,1.87372,104399.22
1577419200,1.87259,1.89531,1.848,1.88004,126304.45999999999
1577433600,1.88117,1.89027,1.85,1.8544,65302.54
1577448000,1.85011,1.92314,1.83102,1.92292,150298.23
1577462400,1.92032,1.92257,1.87199,1.88134,306874.51
1577476800,1.88549,1.89168,1.865,1.87481,108751.0
1577491200,1.878,1.8931,1.85011,1.86235,80004.5
1577505600,1.86051,1.88057,1.85701,1.86123,67690.6
1577520000,1.86259,1.88122,1.8576,1.87834,18974.35
1577534400,1.87796,1.89141,1.86328,1.86978,58879.67
1577548800,1.86571,1.8919,1.85886,1.88794,114487.03
1577563200,1.88803,1.8948,1.86844,1.87174,74853.51
1577577600,1.8713,1.87278,1.86,1.8651,59919.479999999996
1577592000,1.86672,1.86974,1.865,1.86889,20310.05
1577606400,1.86668,1.875,1.84319,1.85286,41838.23
1577620800,1.8531,1.86598,1.84338,1.8583,162846.18
1577635200,1.85956,1.8926,1.85685,1.8926,77155.73
1577649600,1.8926,1.92397,1.86201,1.90228,183466.40000000002
1577664000,1.89863,1.90062,1.87111,1.87258,57762.08
1577678400,1.87112,1.893,1.86788,1.88889,62750.13
1577692800,1.89298,1.89298,1.85673,1.86841,22465.3
1577707200,1.86607,1.8777,1.82026,1.82695,85488.43
1577721600,1.82717,1.83314,1.80409,1.81465,165477.62
1577736000,1.81849,1.83999,1.81812,1.81934,82027.21
1577750400,1.81812,1.82298,1.7954,1.79694,144251.75
1577764800,1.79821,1.82064,1.78719,1.81698,135039.74
1577779200,1.81705,1.81861,1.80677,1.80826,21438.039999999997
1577793600,1.81162,1.81364,1.77749,1.77952,277025.39
1577808000,1.77792,1.79,1.75128,1.76366,257284.89
1577822400,1.761,1.77,1.75003,1.76314,230210.71000000002
1577836800,1.75983,1.79901,1.75501,1.79041,101073.08
1577851200,1.78691,1.8,1.77414,1.7798,101191.4
1577865600,1.77767,1.81133,1.77693,1.80764,40570.59
1577880000,1.80976,1.84823,1.80773,1.83483,82295.43
1577894400,1.837,1.85,1.81134,1.81598,103799.73
1577908800,1.81564,1.81837,1.79265,1.80218,78838.94
1577923200,1.80467,1.80871,1.775,1.77818,52681.76
1577937600,1.77593,1.7864,1.77591,1.78526,41065.270000000004
1577952000,1.78546,1.8046,1.78373,1.78985,45916.93
1577966400,1.7942,1.80083,1.77994,1.79198,43542.71000000001
1577980800,1.793,1.80482,1.72201,1.73104,326829.2
1577995200,1.73103,1.74039,1.70167,1.73534,171614.5
1578009600,1.73534,1.73634,1.7,1.72656,144288.1
1578024000,1.72654,1.79894,1.72457,1.78001,173540.26
1578038400,1.78001,1.82384,1.78,1.80996,93291.0
1578052800,1.80999,1.8183,1.78034,1.7961,89836.36
1578067200,1.79817,1.82655,1.78802,1.82,150513.52
1578081600,1.816,1.82,1.78501,1.80037,138601.69999999998
1578096000,1.8004,1.80293,1.785,1.79611,58136.130000000005
1578110400,1.79575,1.807,1.78816,1.79554,43843.340000000004
1578124800,1.79336,1.80999,1.79038,1.79501,74614.22
1578139200,1.79597,1.81747,1.78457,1.81747,35253.369999999995
1578153600,1.81777,1.84,1.81143,1.82713,118459.82
1578168000,1.8254,1.83,1.81271,1.82487,51492.22
1578182400,1.82548,1.84,1.80252,1.81332,96893.44
1578196800,1.81716,1.81999,1.7992,1.81194,70141.58
1578211200,1.81295,1.81993,1.80332,1.81798,19317.010000000002
1578225600,1.81797,1.83999,1.8095,1.83822,51001.71
1578240000,1.83453,1.84,1.81828,1.82015,93523.09
1578254400,1.82406,1.82406,1.7838,1.79772,54399.66
1578268800,1.79751,1.83989,1.79479,1.83674,119935.91
1578283200,1.83698,1.84687,1.82281,1.8255,114135.9
1578297600,1.82631,1.91613,1.82009,1.88935,216910.86
1578312000,1.89285,1.89629,1.855,1.87668,98408.11
1578326400,1.8783,1.9137,1.87036,1.91113,192443.72
1578340800,1.91305,1.94719,1.90016,1.94178,381117.03
1578355200,1.94179,1.96358,1.92804,1.93647,351553.79
1578369600,1.93393,1.94708,1.90108,1.94571,147145.05000000002
1578384000,1.94296,2.04855,1.93001,2.00823,277801.18
1578398400,2.00999,2.10782,2.00641,2.03085,766990.26
1578412800,2.03606,2.0994,2.02606,2.05692,643930.85
1578427200,2.05647,2.14,2.04349,2.10878,582838.16
1578441600,2.10375,2.1777,2.10375,2.14517,727010.45
1578456000,2.1452,2.32795,2.1438,2.25753,956512.86
1578470400,2.2565,2.35,2.22129,2.32301,456112.72000000003
1578484800,2.323,2.335,2.20126,2.23149,764443.16
1578499200,2.23,2.28306,2.10734,2.1288,830264.41
1578513600,2.12526,2.22879,2.11904,2.19301,518951.65
1578528000,2.19328,2.19328,2.11701,2.14214,305401.46
1578542400,2.14973,2.16243,2.13171,2.14542,130690.56999999999
1578556800,2.14832,2.15207,2.10223,2.12561,119551.45
1578571200,2.12918,2.22646,2.12343,2.18601,238776.95
1578585600,2.1895,2.22317,2.13121,2.21,308503.4
1578600000,2.21,2.23964,2.1443,2.19646,313182.96
1578614400,2.19365,2.25,2.1891,2.22366,372466.65
1578628800,2.22357,2.245,2.19705,2.21287,333187.44
1578643200,2.21571,2.23,2.145,2.22234,169977.49
1578657600,2.21748,2.23,2.16782,2.23,278234.5
1578672000,2.23,2.24,2.19726,2.22066,266184.38
1578686400,2.22097,2.232,2.20003,2.23112,394652.94
1578700800,2.23102,2.3175,2.22029,2.26901,561750.0800000001
1578715200,2.26901,2.27537,2.23,2.25237,182285.9
1578729600,2.24942,2.28884,2.23733,2.26144,56711.25
1578744000,2.26305,2.3387,2.249,2.32319,336811.65
1578758400,2.32222,2.349,2.2826,2.29692,465270.58999999997
1578772800,2.29196,2.31123,2.26286,2.28045,276899.06
1578787200,2.27877,2.29269,2.2352,2.265,180130.47
1578801600,2.265,2.315,2.26057,2.28474,92542.2
1578816000,2.28314,2.30327,2.2561,2.25791,89404.59
1578830400,2.25611,2.27994,2.24952,2.26738,147184.3
1578844800,2.26332,2.27064,2.21408,2.23,245688.9
1578859200,2.23,2.24465,2.21219,2.2406,149009.38
1578873600,2.24048,2.24048,2.15372,2.16393,370135.06
1578888000,2.16393,2.18972,2.15853,2.17694,116706.81
1578902400,2.17411,2.19627,2.15613,2.1641,102197.26000000001
1578916800,2.1632,2.18869,2.16016,2.1729,123732.17000000001
1578931200,2.17337,2.1959,2.17,2.18001,132392.78
1578945600,2.18,2.19995,2.175,2.1901,94151.13
1578960000,2.1901,2.25,2.18201,2.23902,448847.35
1578974400,2.2345,2.26749,2.22842,2.26271,202029.15000000002
1578988800,2.26328,2.28495,2.23602,2.25145,115099.95999999999
1579003200,2.25643,2.47999,2.23284,2.40418,1163623.36
1579017600,2.40001,2.46988,2.32161,2.3815,1090700.03
1579032000,2.38859,2.43091,2.36,2.38084,390238.77999999997
1579046400,2.38142,2.55552,2.34,2.48857,1201053.69
1579060800,2.48818,2.50987,2.3812,2.44128,709016.1
1579075200,2.44003,2.52322,2.44,2.45106,255018.71000000002
1579089600,2.44805,2.49286,2.4,2.42704,295940.42
1579104000,2.41938,2.45146,2.38203,2.42849,271412.46
1579118400,2.42849,2.45919,2.39768,2.39768,400582.49
1579132800,2.395,2.4093,2.2811,2.30754,589600.85
1579147200,2.30854,2.37048,2.29558,2.34868,179940.99
1579161600,2.34937,2.49579,2.316,2.45238,327229.98
1579176000,2.44504,2.47377,2.39566,2.47044,291386.65
1579190400,2.47044,2.47999,2.435,2.46262,309246.95
1579204800,2.45994,2.5,2.435,2.48965,471602.93
1579219200,2.48647,2.68318,2.45493,2.62966,1424620.88
1579233600,2.62671,2.71996,2.6,2.64076,776227.98
1579248000,2.63821,2.85455,2.63002,2.74224,937993.2
1579262400,2.74651,2.75696,2.63346,2.72,616421.79
1579276800,2.72,2.76999,2.61,2.6779,790282.31
1579291200,2.6766,2.73813,2.65047,2.68933,480332.67
1579305600,2.69355,2.78617,2.66937,2.69796,584963.5499999999
1579320000,2.70008,2.70008,2.57001,2.63642,283278.83
1579334400,2.63774,2.75883,2.62639,2.70051,210049.14
1579348800,2.70362,2.77416,2.6564,2.69173,331427.37
1579363200,2.69171,2.73759,2.64847,2.72829,228456.23
1579377600,2.72829,2.78682,2.71705,2.77,278409.57999999996
1579392000,2.76744,2.82688,2.73,2.82688,596979.33
1579406400,2.82691,2.85,2.76501,2.80417,390939.22
1579420800,2.79898,2.82142,2.59155,2.66267,409614.57
1579435200,2.66347,2.66569,2.5904,2.60962,347890.5
1579449600,2.608,2.63558,2.52677,2.567,477997.45
1579464000,2.57058,2.65354,2.53298,2.62309,511764.08
1579478400,2.62492,2.64453,2.564,2.58314,188569.12
1579492800,2.58659,2.62411,2.55661,2.6058,75144.37
1579507200,2.61073,2.62371,2.581,2.58958,50832.32
1579521600,2.5969,2.64387,2.54138,2.63099,200686.39
1579536000,2.63059,2.73,2.62789,2.69031,425215.69
1579550400,2.69386,2.74359,2.66581,2.68697,357254.44
1579564800,2.68697,2.74451,2.67685,2.73751,223746.37
1579579200,2.73754,2.74016,2.67831,2.68847,127271.26000000001
1579593600,2.69033,2.71591,2.67708,2.70657,39579.16
1579608000,2.70657,2.72158,2.67539,2.69362,180623.91
1579622400,2.6987,2.69974,2.57054,2.589,360540.89
1579636800,2.57864,2.69013,2.57734,2.6708,275427.18
1579651200,2.6708,2.67497,2.63683,2.65968,146406.59
1579665600,2.65969,2.68465,2.64407,2.67541,114868.11
1579680000,2.68167,2.68195,2.65305,2.66111,39421.68
1579694400,2.66,2.66808,2.62564,2.63326,108134.23
1579708800,2.63005,2.65,2.61002,2.63502,178873.81
1579723200,2.63554,2.64621,2.62081,2.63518,100106.31
1579737600,2.63518,2.64772,2.5501,2.55011,296370.23
1579752000,2.5501,2.55514,2.466,2.52196,505339.24
1579766400,2.52388,2.53439,2.39215,2.45003,708895.96
1579780800,2.44983,2.4909,2.42211,2.48482,233485.74
1579795200,2.48336,2.5,2.42937,2.44978,226033.88
1579809600,2.45102,2.47435,2.44106,2.46501,190066.71000000002
1579824000,2.46501,2.46501,2.3612,2.38848,255820.58000000002
1579838400,2.38848,2.40875,2.35584,2.38422,241214.71
1579852800,2.38507,2.51355,2.37,2.50535,222573.21000000002
1579867200,2.50516,2.536,2.48496,2.51382,310566.58999999997
1579881600,2.51382,2.52198,2.46888,2.51935,278809.35
1579896000,2.52062,2.5209,2.48561,2.49857,150349.99
1579910400,2.49795,2.50894,2.42819,2.44079,229131.89
1579924800,2.43948,2.495,2.43526,2.44082,51251.72
1579939200,2.44082,2.48343,2.42645,2.42925,56850.42
1579953600,2.42776,2.44508,2.41601,2.43616,93144.09
1579968000,2.43662,2.49102,2.43358,2.48162,115225.35
1579982400,2.48133,2.48998,2.445,2.445,50391.729999999996
1579996800,2.43823,2.4752,2.41964,2.46559,120888.22
1580011200,2.46559,2.47392,2.45296,2.4658,38947.369999999995
1580025600,2.46461,2.48988,2.4586,2.48584,57321.79
1580040000,2.48584,2.52799,2.47955,2.49854,147734.34
1580054400,2.50098,2.57284,2.50085,2.54208,270850.51
1580068800,2.5403,2.577,2.5403,2.56999,132229.82
1580083200,2.56999,2.63,2.56999,2.6,253531.25
1580097600,2.6,2.6272,2.58004,2.59987,106980.31
1580112000,2.60367,2.61596,2.56003,2.60542,72658.04000000001
1580126400,2.59935,2.67,2.59508,2.65905,225569.32
1580140800,2.663,2.67995,2.62101,2.64294,257100.07
1580155200,2.6434,2.65649,2.56589,2.6014,313012.06000000006
1580169600,2.60475,2.65714,2.59854,2.61916,236758.15
1580184000,2.62081,2.64025,2.59,2.63235,92564.3
1580198400,2.63,2.64774,2.59588,2.6291,58447.130000000005
1580212800,2.63063,2.66879,2.59617,2.61531,199269.76
1580227200,2.61623,2.62684,2.57001,2.60639,202782.91999999998
1580241600,2.6072,2.6702,2.60427,2.65938,218992.28
1580256000,2.65516,2.71779,2.62606,2.70825,441126.07
1580270400,2.70825,2.79438,2.70649,2.75513,609542.23
1580284800,2.75416,2.7569,2.69077,2.71012,208011.0
1580299200,2.71013,2.72479,2.6627,2.66418,227477.19
1580313600,2.66674,2.76644,2.66468,2.74356,177613.95
1580328000,2.74472,2.83273,2.74381,2.77341,494887.06999999995
1580342400,2.77576,2.77986,2.70421,2.75059,273739.48
1580356800,2.75059,2.832,2.7467,2.79321,341842.35000000003
1580371200,2.79037,2.85993,2.77217,2.83901,327393.32
1580385600,2.83441,2.94,2.83242,2.9199,671271.64
1580400000,2.9199,2.92709,2.82266,2.90373,298966.18
1580414400,2.90375,2.93484,2.893,2.91338,263361.82
1580428800,2.91351,2.91356,2.8533,2.89168,204211.72
1580443200,2.89168,2.90234,2.85001,2.86299,133090.35
1580457600,2.86005,2.9024,2.84754,2.85462,112970.72
1580472000,2.85392,2.85856,2.74955,2.84025,329018.69
1580486400,2.84025,2.84715,2.789,2.789,132560.58
1580500800,2.79155,2.84994,2.78928,2.81392,171740.16
1580515200,2.81525,2.8855,2.81525,2.84,213864.89
1580529600,2.84,2.84122,2.82001,2.83819,106770.69
1580544000,2.84026,2.84122,2.7654,2.77512,130714.34
1580558400,2.77341,2.80541,2.74413,2.77661,277928.54
1580572800,2.77623,2.82024,2.7709,2.80046,97648.68
1580587200,2.80104,2.83899,2.79559,2.83766,173759.38
1580601600,2.83712,2.83887,2.7375,2.74456,179007.25
1580616000,2.74402,2.83148,2.73088,2.82476,99390.59
1580630400,2.81984,2.88139,2.81024,2.87508,108156.45
1580644800,2.87424,2.88139,2.82376,2.86057,168405.14
1580659200,2.86516,2.88,2.85066,2.85066,166277.61
1580673600,2.85001,2.88499,2.80169,2.82237,184451.63
1580688000,2.82201,2.87999,2.79041,2.81675,176616.21
1580702400,2.81717,2.84525,2.81316,2.82243,40166.16
1580716800,2.82081,2.8254,2.78,2.79572,78573.26000000001
1580731200,2.79553,2.80333,2.74002,2.74002,261756.75
1580745600,2.74001,2.78225,2.74,2.78047,146329.12
1580760000,2.78368,2.80096,2.75301,2.76724,177403.39
1580774400,2.77018,2.80698,2.76338,2.78039,148893.5
1580788800,2.78033,2.78033,2.70501,2.74452,164017.05
1580803200,2.74123,2.7449,2.67404,2.70899,119460.85
1580817600,2.70907,2.73222,2.6759,2.72925,210443.4
1580832000,2.72982,2.7525,2.69716,2.70013,172628.33000000002
1580846400,2.69967,2.74338,2.69184,2.73476,95449.33
1580860800,2.73476,2.7584,2.71641,2.7571,184355.16
1580875200,2.74502,2.80525,2.72746,2.78397,169011.55
1580889600,2.78071,2.85,2.76887,2.84998,98422.48999999999
1580904000,2.84999,2.8832,2.81819,2.86042,240261.01
1580918400,2.86046,2.8856,2.80638,2.81097,433454.7
1580932800,2.81349,2.86574,2.81275,2.83455,213810.27
1580947200,2.83469,2.85998,2.8,2.85375,161792.24
1580961600,2.85837,2.88099,2.84126,2.86563,198469.38999999998
1580976000,2.86712,2.93,2.83521,2.91259,222143.34999999998
1580990400,2.91808,2.94,2.83101,2.88753,393893.51
1581004800,2.88753,2.93,2.85528,2.90734,231170.07
1581019200,2.90985,2.92,2.8673,2.89072,183732.74
1581033600,2.89115,3.04262,2.88252,3.01658,758212.12
1581048000,3.01114,3.2757,3.0111,3.2757,1332541.28
1581062400,3.2757,3.317,3.16283,3.17441,1080064.3399999999
1581076800,3.17712,3.26766,3.127,3.22074,704589.96
1581091200,3.21427,3.37,3.19072,3.3104,1063805.34
1581105600,3.3104,3.34826,3.22002,3.3065,522833.1
1581120000,3.30793,3.391,3.12211,3.2,1074711.23
1581134400,3.2,3.29778,3.18352,3.28676,341830.14
1581148800,3.28099,3.38358,3.28099,3.3286,195009.33000000002
1581163200,3.32788,3.36554,3.26009,3.32594,268124.95
1581177600,3.32401,3.48959,3.32079,3.43365,765827.88
1581192000,3.43368,3.48135,3.386,3.42449,390884.52
1581206400,3.42806,3.44649,3.35999,3.40482,462811.97
1581220800,3.40444,3.425,3.3683,3.4,267272.78
1581235200,3.4,3.41183,3.316,3.33985,270706.87
1581249600,3.33568,3.40677,3.2253,3.29786,477047.95999999996
1581264000,3.29805,3.36766,3.28528,3.31002,467055.9
1581278400,3.31003,3.51996,3.26747,3.51996,802873.48
1581292800,3.51139,3.51996,3.38,3.40303,688441.01
1581307200,3.40347,3.46999,3.2912,3.43783,451724.87
1581321600,3.43548,3.43675,3.28001,3.31594,297644.45
1581336000,3.31157,3.4656,3.30384,3.37868,293075.88
1581350400,3.37999,3.40324,3.32001,3.34369,309867.66000000003
1581364800,3.34364,3.445,3.34024,3.38104,328465.54
1581379200,3.38104,3.46799,3.35,3.45,460256.81
1581393600,3.4468,3.45,3.36801,3.40757,367356.56
1581408000,3.4082,3.66658,3.40174,3.63996,703608.59
1581422400,3.64021,3.79146,3.62443,3.73971,1105135.66
1581436800,3.74,3.91913,3.66204,3.83582,1349727.8800000001
1581451200,3.83133,4.03958,3.81804,4.03957,1085415.72
1581465600,4.03957,4.15699,3.84479,3.88997,2007112.89
1581480000,3.88999,4.1645,3.88334,4.05366,946588.88
1581494400,4.05001,4.17864,3.94943,4.13359,559031.4199999999
1581508800,4.12916,4.22818,4.04104,4.045,901597.8799999999
1581523200,4.04705,4.13,3.93,3.97227,1179831.37
1581537600,3.97268,4.10816,3.91002,4.00561,892991.49
1581552000,4.0056,4.10969,3.99,3.99256,555970.14
1581566400,3.99816,4.04034,3.91,3.91376,447826.19
1581580800,3.91005,3.98001,3.70839,3.90528,695801.32
1581595200,3.90528,4.11905,3.87316,4.01529,534938.45
1581609600,4.01941,4.05078,3.9082,3.97322,413036.74
1581624000,3.97735,3.98128,3.76589,3.87592,588723.66
1581638400,3.86855,3.98415,3.7815,3.9511,473748.04
1581652800,3.94097,3.95998,3.83441,3.86896,201386.1
1581667200,3.87406,4.05,3.86842,4.01884,310231.67
1581681600,4.019,4.40414,4.01544,4.31149,1608563.69
1581696000,4.30639,4.38,4.263,4.33574,812732.76
1581710400,4.32661,4.5151,4.31545,4.44314,987240.54
1581724800,4.44094,4.49742,4.3044,4.46176,645412.44
1581739200,4.46606,4.47751,4.355,4.39198,353326.77999999997
1581753600,4.39196,4.545,4.36218,4.4565,346678.19
1581768000,4.4565,4.64,4.2625,4.36434,1147557.18
1581782400,4.36876,4.5632,4.05502,4.49759,3168890.59
1581796800,4.49159,4.55,4.25864,4.32006,944043.27
1581811200,4.305,4.52884,4.16,4.439,809689.3300000001
1581825600,4.42879,4.47,4.35544,4.47,259329.74000000002
1581840000,4.47,4.86244,4.43096,4.68693,1207410.46
1581854400,4.68207,4.76994,4.43314,4.49952,1489269.9100000001
1581868800,4.51221,4.60998,4.03,4.4,2760127.33
1581883200,4.39931,4.58,4.27855,4.47283,922168.2
1581897600,4.465,4.55,4.15486,4.19356,988169.9500000001
1581912000,4.19935,4.33,4.1,4.16,766648.9400000001
1581926400,4.16255,4.31,3.86288,3.99056,1020331.48
1581940800,3.97982,4.29696,3.85,4.29125,1578632.47
1581955200,4.29082,4.47652,4.20333,4.32361,1151518.6
1581969600,4.32999,4.4,4.24101,4.30344,450657.53
1581984000,4.30586,4.44321,4.14542,4.38961,753729.9
1581998400,4.3832,4.56498,4.37013,4.50868,757089.56
1582012800,4.50379,4.50696,4.30239,4.46464,335954.78
1582027200,4.46568,4.47,4.22859,4.44059,392252.83999999997
1582041600,4.44173,4.63498,4.4401,4.61264,887874.05
1582056000,4.60482,4.62,4.46096,4.5576,591650.85
1582070400,4.56377,4.76999,4.48002,4.65491,1257328.88
1582084800,4.64919,4.75,4.58722,4.61391,504796.24
1582099200,4.61659,4.76304,4.55461,4.76242,344248.81
1582113600,4.7545,4.78147,4.67901,4.71769,378312.61
1582128000,4.71386,4.88,4.69,4.69,1026949.99
1582142400,4.69,4.7,4.152,4.39613,1980512.05
1582156800,4.39591,4.48907,4.23734,4.35095,896667.43
1582171200,4.35159,4.42999,4.32516,4.3916,370814.7
1582185600,4.39159,4.39159,4.165,4.18216,398909.09
1582200000,4.17349,4.38601,4.0699,4.28559,908429.51
1582214400,4.26942,4.34985,4.1,4.1998,679206.75
1582228800,4.19936,4.374,4.18,4.27225,517712.39
1582243200,4.26778,4.39762,4.1985,4.36578,621542.41
1582257600,4.37616,4.4,4.24,4.30079,254332.11000000002
1582272000,4.30054,4.4642,4.26903,4.45061,204821.91
1582286400,4.43786,4.54064,4.35546,4.42976,459475.5
1582300800,4.435,4.46597,4.30001,4.3374,343358.35
1582315200,4.31719,4.3452,4.2,4.28217,657910.29
1582329600,4.27545,4.35769,4.23001,4.25955,217343.36
1582344000,4.26095,4.28158,4.1181,4.19775,277231.42
1582358400,4.19461,4.2287,4.12525,4.18537,155280.34
1582372800,4.18032,4.29382,4.12479,4.135,228851.51
1582387200,4.1335,4.17009,4.04273,4.13068,670026.8300000001
1582401600,4.1385,4.19081,4.07019,4.11866,217906.34999999998
1582416000,4.11029,4.28798,4.08002,4.23448,337791.48
1582430400,4.2388,4.39,4.19038,4.35645,378948.34
1582444800,4.36293,4.38757,4.25798,4.26587,173879.98
1582459200,4.25719,4.32501,4.235,4.2474,143304.05
1582473600,4.24343,4.28094,4.2105,4.21175,209017.85
1582488000,4.21051,4.30627,4.1552,4.25489,349666.70999999996
1582502400,4.25,4.299,4.1,4.12018,418541.07
1582516800,4.11244,4.15703,4.035,4.12944,287979.21
1582531200,4.13875,4.16993,4.05005,4.1441,119288.34
1582545600,4.14561,4.15637,4.01041,4.0237,352502.19
1582560000,4.02319,4.0378,3.76544,3.89992,2016867.73
1582574400,3.89746,3.94097,3.8239,3.91998,463404.44
1582588800,3.91993,3.95736,3.82271,3.84989,337997.39999999997
1582603200,3.84512,3.84512,3.62519,3.6823,700570.9299999999
1582617600,3.67931,3.8,3.65797,3.77376,484261.91000000003
1582632000,3.77382,3.85,3.61276,3.62,885922.61
1582646400,3.62,3.6768,3.49729,3.5348,1062518.76
1582660800,3.53466,3.63893,3.48087,3.48937,705306.49
1582675200,3.48905,3.54938,3.26,3.41,1484422.16
1582689600,3.40801,3.54806,3.34,3.40457,449870.89
1582704000,3.40414,3.50513,3.35724,3.43002,336515.53
1582718400,3.43002,3.6917,3.35001,3.52786,1179063.0899999999
1582732800,3.51558,3.85,3.4032,3.77106,2341589.24
1582747200,3.77328,3.78871,3.5553,3.56334,796968.2
1582761600,3.56334,3.728,3.42018,3.66766,1111682.32
1582776000,3.65866,3.73857,3.60001,3.6963,338502.1
1582790400,3.69809,3.83837,3.67411,3.75006,306550.87
1582804800,3.75238,3.859,3.75,3.85812,644758.06
1582819200,3.85805,4.13871,3.85348,4.1104,1593901.48
1582833600,4.11047,4.11926,3.844,3.95128,1210818.01
1582848000,3.96549,4.115,3.95,4.03224,684118.68
1582862400,4.02286,4.04683,3.88001,3.92672,444496.32999999996
1582876800,3.92605,3.99413,3.77,3.91,767785.73
1582891200,3.91,4.09911,3.8,4.06992,869187.8300000001
1582905600,4.06968,4.082,3.9,3.97632,576613.22
1582920000,3.97696,4.24,3.9705,4.18,963916.6
1582934400,4.18,4.26,4.1333,4.22998,504899.29000000004
1582948800,4.22998,4.35997,4.22464,4.29999,547876.95
1582963200,4.28968,4.36,4.16714,4.29982,389834.46
1582977600,4.31056,4.31056,4.12005,4.23084,503226.02
1582992000,4.2286,4.31497,4.15101,4.24,533510.25
1583006400,4.24,4.3,4.05016,4.05864,763625.39
1583020800,4.0675,4.24888,4.04,4.13554,716728.6499999999
1583035200,4.11791,4.14428,3.98,3.99882,529875.32
1583049600,3.9892,4.1712,3.97443,4.13454,516088.26
1583064000,4.13477,4.18,3.92267,3.9623,686007.98
1583078400,3.95303,3.9798,3.75214,3.9481,1055748.6
1583092800,3.94798,3.96924,3.79131,3.86335,545230.21
1583107200,3.86335,3.94258,3.80281,3.87667,413461.86
1583121600,3.88322,4.14879,3.87506,4.0113,663641.9299999999
1583136000,4.0113,4.222,4.01129,4.15546,454854.88
1583150400,4.15563,4.30289,4.09551,4.29598,722060.3300000001
1583164800,4.295,4.3498,4.22001,4.26548,713430.86
1583179200,4.27112,4.28989,4.178,4.2349,608364.23
1583193600,4.23231,4.25289,4.13274,4.24201,379653.88
1583208000,4.24077,4.26999,4.16157,4.20215,248676.51
1583222400,4.19765,4.3401,4.18935,4.34009,211581.52000000002
1583236800,4.3401,4.45323,4.30889,4.37102,924533.23
1583251200,4.37108,4.39895,4.27491,4.3905,497220.18000000005
1583265600,4.39049,4.69,4.371,4.59851,1932633.59
1583280000,4.59835,4.78,4.551,4.68072,1066501.44
1583294400,4.69014,4.8478,4.6826,4.76418,636194.94
1583308800,4.74065,4.78269,4.615,4.76,398956.73
1583323200,4.76,4.97716,4.7191,4.7769,1529863.52
1583337600,4.7865,4.84,4.64,4.65218,1338703.08
1583352000,4.65221,4.7862,4.56003,4.64436,1261175.31
1583366400,4.64439,4.8,4.63747,4.64131,774012.59
1583380800,4.64131,4.7954,4.61791,4.75938,457217.64
1583395200,4.76003,4.89999,4.76003,4.82038,565023.0
1583409600,4.81751,4.8646,4.69001,4.78305,575867.0
1583424000,4.78387,4.85781,4.75,4.81141,404788.73
1583438400,4.81509,4.81509,4.64045,4.72299,734815.19
1583452800,4.70405,4.73152,4.58,4.6087,535142.58
1583467200,4.60626,4.72968,4.54602,4.6895,357872.38
1583481600,4.68861,4.76434,4.61956,4.74195,205257.59999999998
1583496000,4.73921,4.73921,4.58,4.58,368426.75
1583510400,4.58,4.64999,4.5424,4.59112,411031.71
1583524800,4.59366,4.71281,4.59234,4.70278,253890.16
1583539200,4.70102,4.70914,4.61685,4.63736,213040.58000000002
1583553600,4.6339,4.6853,4.60549,4.63847,231694.38999999998
1583568000,4.63825,4.66998,4.61336,4.62566,87057.69
1583582400,4.6286,4.65867,4.475,4.54817,450213.28
1583596800,4.54392,4.63899,4.38,4.47304,762500.49
1583611200,4.4708,4.48708,4.3333,4.3622,417570.49
1583625600,4.358,4.35911,4.1564,4.23592,989447.29
1583640000,4.22868,4.2981,4.20435,4.29683,268548.17000000004
1583654400,4.29066,4.31098,4.205,4.26678,193460.47
1583668800,4.25887,4.29911,3.97015,4.0399,885071.52
1583683200,4.03893,4.45778,3.85,4.40144,2064230.02
1583697600,4.40828,4.42298,3.9898,4.04972,1162146.8699999999
1583712000,4.04973,4.34999,4.01886,4.13659,1369039.96
1583726400,4.14877,4.35,4.01,4.20049,901476.61
1583740800,4.21276,4.38081,4.06568,4.10603,455735.98
1583755200,4.09159,4.19995,3.615,3.91,2236029.71
1583769600,3.91,4.17492,3.8,4.00108,1885539.51
1583784000,4.00108,4.14878,3.87576,4.14276,869299.3
1583798400,4.14276,4.184,3.95,3.99488,957498.85
1583812800,3.99915,4.12847,3.97071,3.97766,330672.29000000004
1583827200,3.97487,4.17458,3.9425,4.17458,429816.32
1583841600,4.17337,4.24498,3.91,3.95158,1022539.3400000001
1583856000,3.93123,4.09469,3.92038,4.09003,618436.98
1583870400,4.08924,4.15,4.0601,4.07643,603149.3099999999
1583884800,4.07642,4.11241,4.05262,4.09977,239150.21
1583899200,4.09318,4.11249,3.95406,3.99347,340694.96
1583913600,3.99001,4.04779,3.87557,3.93965,341352.54
1583928000,3.93958,3.94998,3.66881,3.72985,988620.93
1583942400,3.72975,3.80799,3.55,3.78024,1784933.1099999999
1583956800,3.78082,3.86699,3.68057,3.82519,765154.05
1583971200,3.8255,3.85809,3.32114,3.39807,2318282.74
1583985600,3.37996,3.39752,3.05622,3.14248,2326986.94
1584000000,3.13712,3.218,2.11783,2.44617,4192859.25
1584014400,2.44612,3.14,2.1,2.88,5488402.01
1584028800,2.81791,2.8888,2.51789,2.58812,2505215.02
1584043200,2.58161,2.5959,1.86,2.13985,6955696.91
1584057600,2.1201,2.45,1.515,2.18353,8015661.12
1584072000,2.18,2.27999,1.88,2.24017,2430479.22
1584086400,2.26286,2.4977,2.1111,2.30342,2221783.33
1584100800,2.2996,2.8888,2.034,2.2699,4596533.48
1584115200,2.26759,2.48998,1.95,2.32234,4294917.37
1584129600,2.30846,2.62949,2.23463,2.46196,3261327.56
1584144000,2.45391,2.5203,2.31488,2.47028,1422896.65
1584158400,2.47143,2.47143,2.35031,2.4242,553690.8300000001
1584172800,2.42797,2.43457,2.20006,2.35991,624429.15
1584187200,2.35162,2.35162,2.23263,2.25736,795824.3200000001
1584201600,2.25052,2.37113,2.23324,2.32405,1054215.06
1584216000,2.32385,2.36043,2.07,2.14352,2065207.85
1584230400,2.13547,2.20417,2.1083,2.12127,879146.25
1584244800,2.12051,2.19679,2.11873,2.14548,650120.4
1584259200,2.14553,2.25,2.05853,2.22336,698155.29
1584273600,2.2211,2.289,2.10261,2.14282,603889.6699999999
1584288000,2.143,2.143,2.07001,2.11198,900967.09
1584302400,2.10649,2.47,2.02,2.08094,5112113.99
1584316800,2.07562,2.08379,1.96001,1.99793,2843347.87
1584331200,1.9985,1.99925,1.68111,1.6985,3808549.34
1584345600,1.69841,1.79961,1.56,1.59602,2664880.7800000003
1584360000,1.60731,1.99999,1.57,1.88476,4167173.06
1584374400,1.88052,1.9,1.7,1.73875,2100588.73
1584388800,1.74211,1.81999,1.67,1.79,1346034.14
1584403200,1.79,1.975,1.745,1.94277,2520283.35
1584417600,1.94036,2.1,1.88,2.0602,1672887.3399999999
1584432000,2.06024,2.1,1.89122,1.95755,1169651.78
1584446400,1.95338,2.04999,1.812,1.99212,1781582.31
1584460800,1.99883,2.1,1.93032,1.96159,2014634.97
1584475200,1.96191,2.02,1.85287,1.85287,1726549.26
1584489600,1.88066,1.93425,1.85,1.91528,1168587.29
1584504000,1.91622,1.94865,1.80221,1.82898,883771.38
1584518400,1.83156,1.87322,1.76,1.83798,1157236.1
1584532800,1.83798,1.94823,1.76178,1.8863,1851762.64
1584547200,1.88631,1.89199,1.8176,1.87548,1801943.84
1584561600,1.87704,1.96392,1.8754,1.95934,1330707.93
1584576000,1.95385,2.005,1.8874,1.90319,1328892.78
1584590400,1.90654,1.99664,1.90354,1.97917,415808.52
1584604800,1.97992,2.12,1.94721,2.10378,1688847.1
1584619200,2.1045,2.3,2.09903,2.215,4073777.17
1584633600,2.21962,2.35416,2.1725,2.25,4424937.73
1584648000,2.25,2.37899,2.22,2.2486,1864866.69
1584662400,2.25527,2.33,2.2,2.21941,1049932.56
1584676800,2.22183,2.38899,2.20491,2.35664,872509.83
1584691200,2.35222,2.66237,2.34825,2.48505,2325490.24
1584705600,2.48804,2.5877,2.34,2.50393,2502407.9
1584720000,2.50171,2.53635,2.24151,2.27848,2744227.29
1584734400,2.2774,2.35,2.01,2.26316,3236455.52
1584748800,2.26307,2.37554,2.18101,2.27606,1083493.76
1584763200,2.2812,2.3,2.14241,2.21799,414954.76
1584777600,2.21782,2.22132,2.10457,2.19567,537178.99
1584792000,2.21202,2.2728,2.17593,2.27249,663036.8
1584806400,2.27241,2.28973,2.1776,2.26348,612809.62
1584820800,2.26545,2.36912,2.21181,2.27988,1112495.3900000001
1584835200,2.27972,2.33468,2.22867,2.31918,589094.41
1584849600,2.31589,2.33443,2.264,2.27485,404501.88
1584864000,2.27026,2.28788,2.1965,2.204,234275.75
1584878400,2.19794,2.19794,2.059,2.12435,1810216.62
1584892800,2.12268,2.13,2.00381,2.01117,1633542.76
1584907200,2.01117,2.16699,1.94363,2.0,2300414.61
1584921600,2.0,2.05989,1.95,2.03212,1153110.18
1584936000,2.0324,2.0499,1.97755,2.00074,367848.49
1584950400,2.00073,2.03497,1.94205,1.99992,412211.57999999996
1584964800,2.00551,2.36,2.00551,2.12737,2891995.1300000004
1584979200,2.1299,2.22331,2.12662,2.15907,1056958.79
1584993600,2.1551,2.26773,2.14995,2.25837,1951055.24
1585008000,2.25914,2.29987,2.22092,2.22777,1134930.46
1585022400,2.22777,2.27999,2.201,2.27513,451904.31
1585036800,2.27514,2.372,2.27133,2.34559,1204113.21
1585051200,2.34359,2.36501,2.25005,2.28424,1755713.8599999999
1585065600,2.28754,2.341,2.2582,2.3306,714721.42
1585080000,2.3316,2.35,2.271,2.318,987124.93
1585094400,2.31601,2.33218,2.22778,2.24701,996856.23
1585108800,2.24708,2.29393,2.22111,2.2593,501034.48
1585123200,2.2593,2.3515,2.1775,2.21489,730535.85
1585137600,2.20997,2.298,2.20798,2.26104,621310.61
1585152000,2.25388,2.2819,2.2397,2.243,445721.56
1585166400,2.24,2.26892,2.22,2.26353,554011.89
1585180800,2.26995,2.2814,2.2395,2.27559,482090.06
1585195200,2.27185,2.294,2.24,2.26848,322726.43
1585209600,2.27282,2.27988,2.24008,2.25249,135315.96
1585224000,2.25249,2.27998,2.21,2.24499,499527.23
1585238400,2.24343,2.26529,2.21761,2.25143,676439.5
1585252800,2.25075,2.32637,2.23001,2.32637,1066123.38
1585267200,2.32637,2.37736,2.31002,2.33278,1255179.11
1585281600,2.33277,2.35,2.28256,2.31581,734326.7
1585296000,2.3129,2.31512,2.263,2.2705,527613.88
1585310400,2.26654,2.30514,2.22221,2.26259,1026100.63
1585324800,2.25775,2.27309,2.22981,2.25001,496115.95999999996
1585339200,2.25409,2.27299,2.1,2.14539,900689.99
1585353600,2.13916,2.16064,2.025,2.073,2026776.18
1585368000,2.073,2.10733,2.05733,2.09519,893675.44
1585382400,2.09518,2.14425,2.08267,2.10586,308593.0
1585396800,2.10484,2.11681,2.08001,2.10094,266218.93
1585411200,2.10094,2.121,2.05225,2.11969,579997.66
1585425600,2.1197,2.15921,2.10564,2.14272,564815.63
1585440000,2.14658,2.16797,2.10262,2.11539,385955.72
1585454400,2.1136,2.13203,2.105,2.1171,193280.45
1585468800,2.11324,2.1174,2.08079,2.1025,164960.64
1585483200,2.10003,2.12497,2.08,2.10871,233190.08000000002
1585497600,2.10603,2.12,2.02513,2.0389,757949.1
1585512000,2.03887,2.06509,2.00895,2.00896,1112405.37
1585526400,2.00895,2.0586,2.001,2.05399,489755.95999999996
1585540800,2.05399,2.13285,2.05012,2.12126,484109.01
1585555200,2.12399,2.17441,2.11313,2.15805,375688.58
1585569600,2.15882,2.17281,2.12691,2.1409,711918.9199999999
1585584000,2.141,2.175,2.13101,2.17031,502941.36
1585598400,2.17051,2.21366,2.141,2.14101,810872.3
1585612800,2.14101,2.16687,2.13,2.13569,407622.5
1585627200,2.13937,2.157,2.13,2.15338,174849.39
1585641600,2.15339,2.17,2.1215,2.1311,137814.94
1585656000,2.1311,2.19816,2.115,2.17666,292632.28
1585670400,2.17993,2.2477,2.15266,2.24564,526325.29
1585684800,2.245,2.3,2.24,2.26565,1408033.99
1585699200,2.2675,2.28999,2.20121,2.245,1034245.86
1585713600,2.245,2.265,2.208,2.265,314772.05
1585728000,2.26499,2.28794,2.22504,2.25748,366778.95
1585742400,2.25927,2.27514,2.19748,2.20483,502224.58999999997
1585756800,2.20472,2.20472,2.125,2.16522,551150.0
1585771200,2.16393,2.298,2.16091,2.27833,750850.31
1585785600,2.279,2.3,2.2448,2.27706,351894.57
1585800000,2.27789,2.32415,2.26246,2.2876,285100.28
1585814400,2.29,2.33,2.28415,2.33,174261.66999999998
1585828800,2.32999,2.353,2.27994,2.34812,726105.25
1585843200,2.34445,2.44999,2.27,2.325,1714199.67
1585857600,2.325,2.33999,2.27501,2.298,428299.64999999997
1585872000,2.30122,2.33401,2.28001,2.31677,186573.78
1585886400,2.31501,2.37949,2.29,2.34979,197107.13999999998
1585900800,2.35081,2.391,2.32481,2.38293,213830.88
1585915200,2.38053,2.38266,2.27544,2.30645,559640.37
1585929600,2.30271,2.33439,2.25188,2.33299,342389.1
1585944000,2.33298,2.33477,2.29138,2.30047,312590.48
1585958400,2.30046,2.31821,2.261,2.26999,233356.41999999998
1585972800,2.27082,2.28829,2.258,2.28007,161321.85
1585987200,2.28349,2.322,2.266,2.27532,190782.72999999998
1586001600,2.28077,2.29558,2.25899,2.28538,114388.38
1586016000,2.28577,2.3088,2.27644,2.28221,218614.3
1586030400,2.28245,2.37312,2.27,2.31964,457069.24
1586044800,2.31999,2.33,2.29296,2.2967,173382.46
1586059200,2.2967,2.30181,2.28,2.28971,87330.76
1586073600,2.28698,2.30022,2.27719,2.28424,54412.34
1586088000,2.28283,2.29815,2.27641,2.2903,90328.20999999999
1586102400,2.29386,2.29386,2.24852,2.28312,201886.63
1586116800,2.28219,2.28374,2.25525,2.26721,205705.36
1586131200,2.27083,2.30194,2.26345,2.301,257207.3
1586145600,2.301,2.36443,2.301,2.3606,491662.14
1586160000,2.36056,2.4,2.36056,2.38793,529197.0
1586174400,2.38793,2.43876,2.385,2.43742,957663.19
1586188800,2.43527,2.53,2.425,2.49426,1281732.26
1586203200,2.49426,2.57856,2.42,2.5654,1229751.44
1586217600,2.56012,2.68,2.56012,2.61999,2262245.49
1586232000,2.61838,2.8437,2.57276,2.77802,1180694.33
1586246400,2.77801,2.89,2.711,2.8066,1570451.34
1586260800,2.80798,2.87924,2.7,2.82103,1354725.38
1586275200,2.821,2.918,2.77292,2.78,1464733.62
1586289600,2.78,2.78266,2.64,2.72925,2062467.95
1586304000,2.72925,2.86999,2.71393,2.83835,952677.79
1586318400,2.83776,2.928,2.8,2.85784,702355.79
1586332800,2.86459,2.87684,2.79782,2.82,367599.88
1586347200,2.82,2.899,2.79999,2.88059,711816.23
1586361600,2.88,3.033,2.8617,3.02112,1573575.88
1586376000,3.01947,3.29588,3.00048,3.17001,3504069.29
1586390400,3.17019,3.23232,3.13131,3.17643,1161805.4300000002
1586404800,3.17441,3.36849,3.11668,3.35999,941007.0700000001
1586419200,3.36,3.4,3.2333,3.26877,1777045.55
1586433600,3.25653,3.475,3.14017,3.39975,2429675.0300000003
1586448000,3.39539,3.43352,3.265,3.32824,1746621.9100000001
1586462400,3.32222,3.39781,3.3034,3.3101,934829.13
1586476800,3.31014,3.31617,3.11084,3.15975,1638275.04
1586491200,3.15299,3.18659,2.95,3.00907,2864495.44
1586505600,3.0105,3.13796,2.95128,3.05123,1133169.21
1586520000,3.04628,3.09,2.95,3.00497,1470662.8900000001
1586534400,2.99048,3.335,2.99,3.26639,2694764.16
1586548800,3.26639,3.283,3.18384,3.22601,1096698.91
1586563200,3.22803,3.397,3.19801,3.35753,1671155.0899999999
1586577600,3.35384,3.44552,3.33093,3.3622,1276259.21
1586592000,3.36012,3.36173,3.20282,3.31721,706094.4299999999
1586606400,3.31581,3.343,3.20372,3.25102,800472.74
1586620800,3.25102,3.27713,3.11524,3.14556,1253732.94
1586635200,3.13867,3.3212,3.0707,3.30268,1777351.32
1586649600,3.30267,3.36568,3.21457,3.227,1017184.52
1586664000,3.22502,3.26751,3.177,3.22158,539258.57
1586678400,3.22159,3.31999,3.22159,3.28407,376762.04000000004
1586692800,3.28093,3.4289,3.28093,3.42145,1535044.98
1586707200,3.42499,3.66326,3.42128,3.58527,3662193.47
1586721600,3.58049,3.61999,3.41301,3.42432,1810339.04
1586736000,3.42403,3.42403,3.20111,3.32363,2694960.09
1586750400,3.32193,3.46886,3.29856,3.38894,778825.04
1586764800,3.3801,3.47358,3.292,3.44157,736339.48
1586779200,3.43752,3.44886,3.29,3.4,1120562.4300000002
1586793600,3.39831,3.44794,3.34,3.4,1098283.07
1586808000,3.4,3.46246,3.35,3.3831,1155554.9
1586822400,3.38483,3.42324,3.35717,3.41997,588211.41
1586836800,3.42,3.45998,3.32075,3.34618,847901.2
1586851200,3.3458,3.36649,3.3,3.35572,621517.51
1586865600,3.35499,3.445,3.32716,3.37502,939710.0700000001
1586880000,3.37224,3.42775,3.34051,3.3747,733465.0
1586894400,3.37453,3.37756,3.2,3.25,2702743.21
1586908800,3.24999,3.29929,3.19143,3.294,766034.29
1586923200,3.28768,3.31749,3.265,3.28905,423144.8
1586937600,3.28589,3.291,3.20341,3.22944,316223.22
1586952000,3.22956,3.22956,3.0883,3.13348,1484925.6400000001
1586966400,3.13386,3.28,3.11419,3.227,869450.64
1586980800,3.227,3.27,3.10836,3.12482,900444.51
1586995200,3.12482,3.13542,2.975,3.10457,1884695.02
1587009600,3.10844,3.27864,3.0888,3.21,855235.57
1587024000,3.2161,3.38625,3.2161,3.35366,993917.75
1587038400,3.34858,3.40652,3.325,3.39417,1085301.27
1587052800,3.39416,3.42584,3.33542,3.41105,822430.04
1587067200,3.41092,3.57477,3.35,3.486,2293653.54
1587081600,3.486,3.50988,3.43198,3.48498,735981.77
1587096000,3.4831,3.48547,3.37336,3.43638,423210.16000000003
1587110400,3.43167,3.5,3.42425,3.45776,243202.99
1587124800,3.45424,3.48247,3.43,3.44243,433582.16000000003
1587139200,3.44475,3.49035,3.44018,3.48392,490034.89
1587153600,3.48385,3.53092,3.43658,3.45138,734895.3200000001
1587168000,3.45887,3.5399,3.45002,3.52218,588599.42
1587182400,3.52218,3.55743,3.51271,3.54139,334720.99
1587196800,3.53976,3.58897,3.52625,3.57508,282406.88
1587211200,3.5746,3.72997,3.55269,3.71162,1306676.42
1587225600,3.70718,3.71999,3.63757,3.69576,667953.95
1587240000,3.69065,3.84,3.6859,3.78648,1376881.06
1587254400,3.78648,3.81981,3.73318,3.78055,746737.44
1587268800,3.77923,3.8065,3.58999,3.66749,1072918.36
1587283200,3.67032,3.69618,3.61645,3.67067,365368.21
1587297600,3.68044,3.68601,3.50647,3.598,1009357.75
1587312000,3.59336,3.70519,3.571,3.63465,562475.91
1587326400,3.63465,3.69825,3.6,3.6,693020.61
1587340800,3.595,3.76001,3.56084,3.75957,769788.38
1587355200,3.75957,3.79769,3.71668,3.73287,505252.35
1587369600,3.7292,3.7376,3.565,3.57023,618500.8600000001
1587384000,3.565,3.69394,3.52537,3.66733,786121.56
1587398400,3.66359,3.68448,3.37,3.38584,2115426.38
1587412800,3.38593,3.5293,3.37,3.44376,1597014.21
1587427200,3.43931,3.56153,3.42266,3.5,750238.57
1587441600,3.5,3.57811,3.49357,3.55357,312057.3
1587456000,3.5554,3.56998,3.39,3.4224,519227.63
1587470400,3.42278,3.50618,3.40516,3.45961,546496.4199999999
1587484800,3.45964,3.52999,3.44929,3.52784,603311.47
1587499200,3.5242,3.52999,3.45,3.46809,418422.08999999997
1587513600,3.46882,3.50547,3.44002,3.47349,411026.84
1587528000,3.47713,3.63975,3.465,3.60706,394937.57
1587542400,3.60356,3.63907,3.57059,3.62662,339373.91000000003
1587556800,3.62943,3.69699,3.58864,3.67906,880857.63
1587571200,3.67906,3.70185,3.62349,3.63825,591520.7
1587585600,3.63802,3.681,3.63432,3.68,409593.19
1587600000,3.68,3.73604,3.64257,3.64257,558178.56
1587614400,3.64257,3.68529,3.60192,3.63571,371677.07
1587628800,3.63069,3.69,3.62,3.67768,170846.29
1587643200,3.68085,3.92,3.67662,3.83683,1802689.01
1587657600,3.83432,3.87998,3.803,3.82226,743724.23
1587672000,3.82215,3.86144,3.71862,3.75699,684660.23
1587686400,3.75289,3.88998,3.744,3.876,672871.3400000001
1587700800,3.87599,3.895,3.8111,3.87299,400821.03
1587715200,3.87299,3.87949,3.7659,3.78912,400381.12
1587729600,3.78773,3.83308,3.74596,3.81601,560151.63
1587744000,3.82116,3.82731,3.77899,3.79341,417746.94999999995
1587758400,3.79697,3.8355,3.78,3.78101,485112.01
1587772800,3.78361,3.78361,3.74611,3.77998,366547.20999999996
1587787200,3.77998,3.8599,3.76251,3.82035,313492.57
1587801600,3.82769,3.84293,3.785,3.80749,158761.2
1587816000,3.80706,3.908,3.79765,3.81504,806669.52
1587830400,3.81973,3.85991,3.80102,3.82027,319375.16
1587844800,3.82028,3.83011,3.73362,3.79071,610349.34
1587859200,3.79365,3.81481,3.77352,3.79498,325637.32
1587873600,3.79492,3.79518,3.67026,3.7151,1049805.91
1587888000,3.71236,3.817,3.69497,3.79136,460913.41000000003
1587902400,3.79161,3.82,3.68017,3.71201,694689.75
1587916800,3.712,3.75,3.708,3.74797,393774.82
1587931200,3.75,3.75,3.66861,3.72254,708771.55
1587945600,3.72415,3.75,3.68488,3.69132,695243.93
1587960000,3.68764,3.70973,3.54091,3.63423,596476.82
1587974400,3.63589,3.645,3.58,3.62328,339950.91000000003
1587988800,3.62476,3.62738,3.46627,3.48426,1151365.7
1588003200,3.48472,3.60739,3.47598,3.57477,833841.9099999999
1588017600,3.57427,3.67595,3.54827,3.64499,709891.8300000001
1588032000,3.6412,3.64998,3.58355,3.64575,387935.8
1588046400,3.64889,3.64998,3.55741,3.62185,314222.91000000003
1588060800,3.62613,3.71532,3.59204,3.69787,392928.79
1588075200,3.6994,3.74493,3.64493,3.66731,478255.57
1588089600,3.66306,3.70975,3.64136,3.65373,409531.15
1588104000,3.65518,3.67999,3.61109,3.65032,403105.69
1588118400,3.65042,3.69861,3.63285,3.6505,437480.21
1588132800,3.65,3.71613,3.65,3.70706,425310.91
1588147200,3.70786,3.79,3.69,3.74947,526499.32
1588161600,3.75,3.797,3.74,3.787,717571.7000000001
1588176000,3.787,3.87975,3.70499,3.87526,1682127.54
1588190400,3.8748,4.0,3.8329,3.88211,1711760.56
1588204800,3.8922,3.9749,3.87069,3.97001,730663.0
1588219200,3.97001,3.97409,3.77232,3.86367,1059541.22
1588233600,3.85082,3.87494,3.65,3.72431,929224.44
1588248000,3.73349,3.78221,3.693,3.7137,729468.9
1588262400,3.7137,3.77773,3.645,3.76659,893210.69
1588276800,3.76493,3.77569,3.70001,3.712,439475.0
1588291200,3.712,3.84811,3.70748,3.80739,454055.99
1588305600,3.81987,3.92343,3.8148,3.88995,567052.52
1588320000,3.88822,3.90533,3.85035,3.8587,318108.17
1588334400,3.8587,3.86999,3.78144,3.79096,525677.21
1588348800,3.78836,3.8101,3.75983,3.77255,342055.35
1588363200,3.77265,3.80192,3.75297,3.75887,388008.33999999997
1588377600,3.75886,3.79998,3.73,3.76501,285706.61
1588392000,3.76501,3.79232,3.74602,3.76771,167761.59
1588406400,3.76551,3.82776,3.75812,3.82098,142230.68
1588420800,3.82099,3.85846,3.80299,3.81999,280401.72
1588435200,3.82,3.86613,3.8,3.84221,397746.94
1588449600,3.84221,3.855,3.80342,3.82338,226762.71
1588464000,3.82417,3.87,3.81846,3.85196,341093.95
1588478400,3.85196,3.855,3.75,3.7847,239329.53999999998
1588492800,3.78424,3.81371,3.77,3.7763,132650.51
1588507200,3.7763,3.78129,3.6501,3.67933,644411.01
1588521600,3.67766,3.71504,3.65211,3.69467,379493.17
1588536000,3.6935,3.75519,3.68015,3.71734,296327.57999999996
1588550400,3.71814,3.72997,3.5689,3.63601,811604.15
1588564800,3.636,3.63601,3.5142,3.57,590011.99
1588579200,3.56953,3.59093,3.51,3.54851,278598.3
1588593600,3.54925,3.8059,3.53344,3.78,896954.4600000001
1588608000,3.77747,3.83729,3.737,3.7756,507568.18
1588622400,3.7756,3.79998,3.72217,3.77,336997.82
1588636800,3.7725,3.79998,3.74082,3.76884,244037.51
1588651200,3.77,3.815,3.74145,3.74145,329105.58999999997
1588665600,3.74992,3.77126,3.65523,3.69846,250366.59000000003
1588680000,3.69812,3.75709,3.65164,3.70411,276232.20999999996
1588694400,3.70971,3.73364,3.68663,3.70251,220172.36
1588708800,3.70236,3.72432,3.67127,3.68989,193153.01
1588723200,3.68303,3.75984,3.60477,3.71695,553366.5
1588737600,3.71853,3.77,3.71025,3.74074,170398.76
1588752000,3.73925,3.76242,3.70715,3.75117,246593.11
1588766400,3.75162,3.76075,3.68291,3.7073,411599.8
1588780800,3.70793,3.71997,3.65562,3.67071,282542.82
1588795200,3.6707,3.69429,3.56,3.58798,509359.48
1588809600,3.58798,3.65429,3.56711,3.62705,446896.67000000004
1588824000,3.62353,3.64403,3.58053,3.60988,224697.40000000002
1588838400,3.61421,3.6626,3.59045,3.6047,179883.04
1588852800,3.60494,3.6641,3.577,3.61641,645384.25
1588867200,3.61289,3.8575,3.58138,3.77597,1777315.3499999999
1588881600,3.78,3.81592,3.72942,3.76444,572200.2
1588896000,3.76006,3.85757,3.76006,3.80404,703383.6
1588910400,3.8013,3.81609,3.72405,3.7899,201074.68
1588924800,3.79402,3.80399,3.75108,3.7707,141468.84
1588939200,3.7728,3.77294,3.69,3.74355,704257.34
1588953600,3.74801,3.85,3.743,3.79524,752343.28
1588968000,3.79517,3.86498,3.77,3.80523,511912.08
1588982400,3.80455,3.9,3.767,3.88422,724967.44
1588996800,3.888,3.98282,3.854,3.9674,1063980.0
1589011200,3.95844,4.17792,3.9388,4.09493,1619792.39
1589025600,4.09065,4.19999,4.07434,4.18999,1793149.28
1589040000,4.18999,4.20757,4.05173,4.09945,972559.6
1589054400,4.10329,4.13252,4.00551,4.00952,667818.22
1589068800,4.00951,4.01679,3.59441,3.67695,2999546.36
1589083200,3.66809,3.84,3.6023,3.80282,774541.4199999999
1589097600,3.8007,3.84849,3.73806,3.76905,621108.78
1589112000,3.77291,3.84,3.74641,3.79609,383143.78
1589126400,3.79905,3.81522,3.53006,3.685,896429.41
1589140800,3.68686,3.8,3.68686,3.76891,792331.43
1589155200,3.77532,3.835,3.7574,3.79851,440498.45999999996
1589169600,3.79914,3.81936,3.74083,3.75767,534242.37
1589184000,3.75815,3.79492,3.68,3.76952,329247.6
1589198400,3.76952,3.79459,3.66158,3.68543,545558.03
1589212800,3.68385,3.69474,3.30141,3.59347,2432570.9
1589227200,3.59223,3.61214,3.50297,3.57994,502487.94
1589241600,3.58182,3.70828,3.54652,3.66,502149.85
1589256000,3.65999,3.74,3.63245,3.68407,326485.99
1589270400,3.68395,3.77,3.67573,3.76747,197130.36
1589284800,3.76998,3.79588,3.69351,3.77562,504741.48
1589299200,3.77002,3.79207,3.70386,3.70924,360598.82
1589313600,3.71538,3.74384,3.66126,3.69802,384480.47
1589328000,3.69815,3.74896,3.65777,3.72348,221671.84000000003
1589342400,3.72386,3.73586,3.66,3.67202,185867.96000000002
1589356800,3.67096,3.73864,3.6401,3.72447,185738.43
1589371200,3.72244,3.7778,3.71081,3.77449,353701.16
1589385600,3.7745,3.78772,3.69181,3.73027,257012.94
1589400000,3.72803,3.82669,3.71927,3.76902,401702.23
1589414400,3.77342,3.80317,3.7319,3.74621,241773.28
1589428800,3.74555,3.77569,3.69979,3.74346,205618.94
1589443200,3.74475,3.86808,3.72569,3.8094,609701.98
1589457600,3.80386,3.81459,3.7668,3.80916,312517.66000000003
1589472000,3.81,3.84413,3.73854,3.84228,271392.92
1589486400,3.83959,3.8602,3.80459,3.80605,345512.06
1589500800,3.80604,3.83628,3.75262,3.78521,366401.05
1589515200,3.78033,3.8,3.74832,3.79119,221568.02
1589529600,3.7964,3.7964,3.7483,3.77542,139678.58
1589544000,3.77388,3.79515,3.71137,3.74317,335042.12
1589558400,3.74282,3.76009,3.69522,3.69853,359865.18
1589572800,3.6987,3.70759,3.60078,3.65902,750833.7
1589587200,3.65564,3.7349,3.6147,3.70164,344262.93
1589601600,3.70564,3.74288,3.68,3.68412,198142.87
1589616000,3.68286,3.72,3.68,3.70555,78949.47
1589630400,3.70543,3.72963,3.68046,3.69402,231967.94
1589644800,3.69418,3.785,3.686,3.76738,446705.71
1589659200,3.76815,3.79064,3.75203,3.76088,341912.81
1589673600,3.75813,3.7922,3.75107,3.78219,258477.24
1589688000,3.7822,3.8369,3.76314,3.82526,272925.25
1589702400,3.82348,3.82982,3.78252,3.79105,102619.14
1589716800,3.79284,3.85,3.79284,3.8316,275307.41000000003
1589731200,3.83165,3.83782,3.77,3.79616,252593.69
1589745600,3.79198,3.81802,3.7716,3.785,190795.71
1589760000,3.785,3.93,3.77793,3.90207,746675.76
1589774400,3.90319,3.94843,3.86966,3.92086,360474.55000000005
1589788800,3.92403,3.94721,3.83302,3.87473,264865.87
1589803200,3.87706,3.92779,3.85868,3.90355,261499.77000000002
1589817600,3.90347,3.91,3.85637,3.87906,210039.59
1589832000,3.87906,3.88997,3.85431,3.8876,258521.85
1589846400,3.88872,3.88874,3.77001,3.77859,278905.65
1589860800,3.77672,3.8766,3.77665,3.83971,117190.78
1589875200,3.8413,3.897,3.8413,3.86343,155127.93
1589889600,3.85886,3.87129,3.82348,3.86342,161740.6
1589904000,3.86406,3.89,3.8533,3.86186,132339.66
1589918400,3.86001,3.95,3.85151,3.94978,362707.27
1589932800,3.94982,4.08,3.945,4.03213,1376785.1400000001
1589947200,4.03119,4.07637,3.9902,4.05731,378278.68
1589961600,4.05485,4.11983,4.04242,4.0573,294846.89
1589976000,4.05707,4.13977,3.85282,3.93284,1076560.56
1589990400,3.92794,4.0902,3.87001,4.0427,988586.48
1590004800,4.04487,4.1,4.03818,4.08809,447889.52
1590019200,4.08797,4.17305,4.06464,4.09463,682116.8999999999
1590033600,4.09488,4.11429,4.00001,4.02849,370861.19
1590048000,4.03733,4.0788,3.98,4.04034,336749.33
1590062400,4.04792,4.04792,3.8,3.87322,1595822.51
1590076800,3.87253,3.92081,3.72131,3.86788,1161358.0
1590091200,3.8622,3.89861,3.805,3.82925,486770.91000000003
1590105600,3.82915,3.87737,3.79,3.80888,439372.96
1590120000,3.80773,3.91936,3.8,3.90084,647876.77
1590134400,3.90015,3.98,3.88104,3.965,448946.3
1590148800,3.96868,4.05,3.93437,4.04408,488949.56
1590163200,4.04794,4.14585,4.03822,4.08431,811869.57
1590177600,4.08382,4.11818,4.03979,4.06109,425159.73
1590192000,4.06112,4.10789,4.026,4.04315,426112.3
1590206400,4.04135,4.06472,3.95574,4.031,458216.41000000003
1590220800,4.02874,4.02874,3.92167,3.97934,181621.9
1590235200,3.97792,3.98787,3.91279,3.97107,299547.61
1590249600,3.96469,3.99926,3.92577,3.99364,323908.72
1590264000,3.9954,4.03999,3.92097,3.9285,450274.89
1590278400,3.92728,3.98714,3.92,3.97454,225531.21
1590292800,3.98328,4.02292,3.97693,4.00221,225397.47999999998
1590307200,4.00283,4.02897,3.93466,3.93466,95751.78
1590321600,3.93264,3.95476,3.8625,3.86733,445102.88
1590336000,3.86501,3.93315,3.82001,3.92572,654536.28
1590350400,3.92129,3.96266,3.79,3.79193,511837.14999999997
1590364800,3.79,3.858,3.77029,3.82707,440753.29
1590379200,3.82696,3.89126,3.811,3.89126,226747.25
1590393600,3.89458,3.89477,3.81122,3.85001,160224.34
1590408000,3.85708,3.87776,3.82081,3.84855,239130.52000000002
1590422400,3.84496,3.90624,3.84102,3.88168,247059.75
1590436800,3.88342,3.89409,3.84118,3.85883,169594.96
1590451200,3.85899,3.88333,3.8336,3.86998,178022.52
1590465600,3.86998,3.87263,3.825,3.86637,143494.47
1590480000,3.86481,3.879,3.81178,3.825,222210.39
1590494400,3.825,3.83283,3.77,3.78413,369637.26
1590508800,3.7823,3.82198,3.76367,3.79605,234136.09
1590523200,3.80013,3.85655,3.80013,3.84636,197607.59
1590537600,3.84636,3.86476,3.813,3.81739,171227.31
1590552000,3.82226,3.84113,3.81,3.82609,86318.43000000001
1590566400,3.82929,3.91246,3.82929,3.89571,309453.45999999996
1590580800,3.89222,3.92,3.85725,3.87167,300167.74
1590595200,3.87168,3.89559,3.85725,3.86597,178114.08
1590609600,3.86405,3.87146,3.83039,3.85712,125081.81
1590624000,3.8587,3.87489,3.83,3.84418,121405.56
1590638400,3.8436,3.86656,3.82696,3.84719,72923.45
1590652800,3.84132,3.88356,3.83631,3.87748,97323.09
1590667200,3.87739,3.95904,3.87506,3.94979,392746.17
1590681600,3.95,3.96,3.89424,3.919,324520.66
1590696000,3.91862,4.07,3.90295,4.04895,622006.73
1590710400,4.04899,4.12041,4.03,4.04936,636883.49
1590724800,4.04742,4.09893,4.03984,4.06945,125798.08
1590739200,4.06863,4.08832,3.98001,3.99602,202693.68
1590753600,3.99074,4.01396,3.947,3.97429,241023.31
1590768000,3.97286,3.99705,3.96011,3.96633,183909.03
1590782400,3.96045,3.98759,3.95078,3.97804,138759.8
1590796800,3.98165,3.98269,3.93796,3.97407,138730.56
1590811200,3.98,4.08203,3.98,4.0566,284667.47
1590825600,4.05759,4.1,4.05017,4.09,189835.03
1590840000,4.09,4.15,4.07855,4.11662,437007.2
1590854400,4.11662,4.1425,4.10303,4.12436,236179.30000000002
1590868800,4.12545,4.18,4.06,4.1759,515045.25
1590883200,4.17896,4.17896,4.04,4.05917,253179.13
1590897600,4.05966,4.158,4.05551,4.158,109214.47
1590912000,4.15125,4.27869,4.09129,4.27866,306909.08999999997
1590926400,4.27868,4.28695,4.11584,4.1693,600613.2
1590940800,4.16723,4.25,4.15616,4.22781,412093.76
1590955200,4.22774,4.25,4.09942,4.1317,485526.65
1590969600,4.12997,4.44404,4.11368,4.35388,1285270.15
1590984000,4.35426,4.43834,4.33501,4.40769,403136.55
1590998400,4.4094,4.47725,4.30392,4.32697,352196.10000000003
1591012800,4.32959,4.40585,4.29,4.366,557349.5900000001
1591027200,4.366,4.39023,4.32671,4.34601,237260.4
1591041600,4.34368,4.44,4.31276,4.37999,766154.8
1591056000,4.3783,4.53879,4.37,4.48916,865814.31
1591070400,4.48868,4.53494,4.45748,4.52162,216793.5
1591084800,4.52085,4.62,4.52085,4.5443,362347.55000000005
1591099200,4.54372,4.59411,4.09,4.28274,1416986.7399999998
1591113600,4.28278,4.38423,4.23602,4.36599,472760.1
1591128000,4.36599,4.49007,4.32407,4.40603,471926.52
1591142400,4.40557,4.4683,4.3,4.348,519857.71
1591156800,4.348,4.40333,4.30303,4.40113,152456.04
1591171200,4.39855,4.45748,4.3806,4.44806,104171.67
1591185600,4.44885,4.45529,4.3733,4.43999,238100.74
1591200000,4.43999,4.52898,4.42937,4.5068,541753.6799999999
1591214400,4.5068,4.52886,4.47526,4.48182,243062.27
1591228800,4.48235,4.50765,4.45,4.49746,218420.21
1591243200,4.49489,4.49632,4.41607,4.43695,172147.62
1591257600,4.43416,4.44179,4.285,4.40248,323152.92
1591272000,4.40637,4.46079,4.39019,4.44552,233294.18
1591286400,4.45377,4.47234,4.39,4.40936,235301.52000000002
1591300800,4.40862,4.4377,4.38001,4.43229,199474.16999999998
1591315200,4.4325,4.4824,4.4127,4.455,221408.28
1591329600,4.455,4.48079,4.43965,4.46322,75070.42
1591344000,4.46322,4.47762,4.4,4.41645,124450.44
1591358400,4.42071,4.42541,4.335,4.38284,276598.76
1591372800,4.38277,4.42197,4.37434,4.41057,129483.08
1591387200,4.40701,4.4154,4.34232,4.35563,198726.89
1591401600,4.35769,4.35769,4.28,4.34672,305208.18
1591416000,4.34521,4.37196,4.33194,4.34762,81011.14
1591430400,4.34789,4.39056,4.3268,4.37826,76299.02
1591444800,4.38067,4.39651,4.34009,4.35923,94323.41
1591459200,4.35662,4.37707,4.33097,4.35231,152619.65000000002
1591473600,4.35209,4.37896,4.34127,4.35253,94773.63
1591488000,4.35642,4.39656,4.33414,4.39656,118735.69
1591502400,4.39656,4.40793,4.35719,4.36682,74946.54
1591516800,4.36956,4.37364,4.314,4.314,79517.79000000001
1591531200,4.31734,4.31734,4.21157,4.28133,447300.89
1591545600,4.28109,4.33768,4.25,4.31115,197410.57
1591560000,4.3175,4.36055,4.31487,4.35299,165289.89
1591574400,4.34741,4.35486,4.33,4.3454,90730.82
1591588800,4.3454,4.37722,4.34478,4.3712,81590.08
1591603200,4.37723,4.39366,4.34055,4.38073,84132.54
1591617600,4.38073,4.38073,4.3305,4.3683,201279.97999999998
1591632000,4.36829,4.4384,4.35791,4.40724,302571.48
1591646400,4.4107,4.48397,4.40143,4.48397,266538.44
1591660800,4.48,4.505,4.34,4.45872,401401.4
1591675200,4.45844,4.469,4.43,4.469,146975.39
1591689600,4.469,4.475,4.43,4.46737,94774.31
1591704000,4.4676,4.46933,4.41396,4.41564,200094.97999999998
1591718400,4.41563,4.42923,4.36845,4.40501,315859.07
1591732800,4.40755,4.47225,4.40124,4.44294,352158.26
1591747200,4.43982,4.44652,4.385,4.38862,182776.26
1591761600,4.39095,4.41552,4.36551,4.38223,124206.67
1591776000,4.38246,4.40793,4.36724,4.39384,98060.20999999999
1591790400,4.39068,4.40082,4.36013,4.36416,265029.83
1591804800,4.36326,4.41286,4.34302,4.39444,412930.23
1591819200,4.39696,4.43952,4.38306,4.426,180939.31
1591833600,4.42599,4.45616,4.40692,4.42006,237387.69999999998
1591848000,4.41872,4.42697,4.36226,4.37541,139045.06
1591862400,4.3759,4.38813,4.35845,4.36635,100068.85
1591876800,4.36726,4.37503,4.1176,4.19213,1219722.46
1591891200,4.18553,4.2165,3.9,3.99795,1691087.96
1591905600,3.99203,4.04045,3.91026,3.9544,955419.15
1591920000,3.95659,4.08938,3.86,4.06022,878669.63
1591934400,4.06,4.18,4.0168,4.13074,422196.96
1591948800,4.13075,4.15163,4.08149,4.14603,166469.39
1591963200,4.1488,4.18893,4.0555,4.09297,556849.52
1591977600,4.09296,4.11735,4.02349,4.07727,393037.92
1591992000,4.07962,4.11749,4.06231,4.07999,184969.83
1592006400,4.08,4.092,4.0186,4.0186,135402.04
1592020800,4.018,4.08483,4.00176,4.06301,217202.08000000002
1592035200,4.06893,4.08327,4.04334,4.04701,62857.340000000004
1592049600,4.04477,4.08852,4.02255,4.07999,166000.84
1592064000,4.07999,4.12967,4.06378,4.0801,168406.34
1592078400,4.07097,4.1145,4.05456,4.10722,94050.49
1592092800,4.10723,4.11596,4.07263,4.07619,57222.51
1592107200,4.07619,4.08151,4.02116,4.03999,97439.92
1592121600,4.03799,4.07222,4.03521,4.05228,48885.36
1592136000,4.05001,4.05208,3.92601,3.99405,703738.08
1592150400,3.99844,4.012,3.97907,3.99114,131705.0
1592164800,3.99114,4.00549,3.911,3.93138,326482.39
1592179200,3.92922,3.946,3.71282,3.72761,1002230.73
1592193600,3.72733,3.79119,3.64785,3.7893,1083025.41
1592208000,3.78905,3.80543,3.71288,3.76583,272848.89
1592222400,3.76513,3.84235,3.68202,3.83483,751378.08
1592236800,3.83483,3.96,3.82011,3.94126,730672.0800000001
1592251200,3.939,3.99,3.92145,3.94787,258475.04
1592265600,3.93501,3.99349,3.89602,3.98078,211506.25
1592280000,3.98303,4.03111,3.94854,4.03107,170765.2
1592294400,4.03107,4.10977,4.00666,4.04539,224471.52
1592308800,4.04041,4.08824,3.96215,4.02398,540050.71
1592323200,4.02646,4.06268,4.01511,4.04384,165038.21999999997
1592337600,4.04603,4.05631,4.02636,4.04969,112627.12
1592352000,4.05054,4.05582,3.98326,4.01685,191259.79
1592366400,4.01485,4.0795,4.00539,4.07033,150643.31
1592380800,4.0743,4.08812,4.04641,4.06422,77487.12
1592395200,4.06024,4.1423,3.99545,4.03398,386379.07999999996
1592409600,4.02444,4.0683,3.98327,3.98327,166727.65
1592424000,3.98321,4.195,3.95427,4.16341,970661.1499999999
1592438400,4.16359,4.24244,4.1439,4.16425,511868.19
1592452800,4.16952,4.21,4.12,4.20938,205939.32
1592467200,4.20579,4.21,4.13099,4.16087,93249.20999999999
1592481600,4.16663,4.20974,4.10648,4.15436,321646.88
1592496000,4.15435,4.17987,4.10706,4.15156,264770.21
1592510400,4.14634,4.2,4.09063,4.14063,575225.33
1592524800,4.135,4.17616,4.06345,4.08136,266430.0
1592539200,4.079,4.1331,4.06786,4.10601,112804.31999999999
1592553600,4.10296,4.15777,4.09606,4.13837,117682.67000000001
1592568000,4.14257,4.17416,4.10074,4.12421,188788.6
1592582400,4.12459,4.12604,4.05004,4.06828,272289.2
1592596800,4.06464,4.11902,4.04556,4.09639,278111.62
1592611200,4.0942,4.11785,4.06,4.09995,229138.77
1592625600,4.10155,4.13876,4.0883,4.12787,139961.27000000002
1592640000,4.12701,4.16,4.09466,4.16,162945.5
1592654400,4.16,4.1996,4.07924,4.12513,675275.98
1592668800,4.12609,4.16784,4.12462,4.16552,153093.29
1592683200,4.16592,4.2,4.15317,4.17346,560682.9199999999
1592697600,4.16832,4.19701,4.16247,4.1689,129692.62000000001
1592712000,4.1689,4.19943,4.1522,4.17936,51773.840000000004
1592726400,4.17909,4.1998,4.16001,4.17084,54228.15
1592740800,4.16956,4.1884,4.13564,4.17313,85133.75
1592755200,4.17315,4.182,4.15,4.17717,150290.69
1592769600,4.17398,4.19604,4.15796,4.17802,191699.68
1592784000,4.17804,4.30558,4.17504,4.29146,580733.01
1592798400,4.29155,4.38965,4.28621,4.3455,466441.08999999997
1592812800,4.34492,4.37937,4.32649,4.36238,231042.59
1592827200,4.36132,4.38877,4.3342,4.37407,349338.36
1592841600,4.37686,4.42,4.35832,4.38216,495707.48
1592856000,4.38512,4.4884,4.38512,4.48199,604239.62
1592870400,4.48589,4.5242,4.42359,4.47561,504556.59
1592884800,4.47375,4.55,4.44517,4.51843,292026.28
1592899200,4.52095,4.595,4.47743,4.5944,467416.86
1592913600,4.59449,4.88734,4.5558,4.79492,2806184.06
1592928000,4.79586,4.89,4.74871,4.84305,903768.46
1592942400,4.84336,4.95973,4.75,4.80272,1371357.75
1592956800,4.80244,4.84745,4.75457,4.8079,417395.83
1592971200,4.80926,4.94,4.745,4.75989,779282.24
1592985600,4.76006,4.80767,4.65,4.68932,539591.0900000001
1593000000,4.68844,4.76916,4.4879,4.53875,1128897.33
1593014400,4.53193,4.72693,4.51509,4.65627,838050.41
1593028800,4.65995,4.72071,4.65,4.70667,322323.98
1593043200,4.70665,4.71164,4.49,4.57411,701852.04
1593057600,4.56956,4.65661,4.56956,4.63049,331058.7
1593072000,4.63873,4.82649,4.63642,4.77436,454078.87
1593086400,4.77783,4.84684,4.70123,4.77708,892627.15
1593100800,4.77708,4.81557,4.71149,4.76172,419122.95
1593115200,4.75742,4.82088,4.73905,4.81042,315635.08
1593129600,4.80042,4.86,4.74514,4.78289,403717.52
1593144000,4.7829,4.79043,4.63512,4.65629,324120.81
1593158400,4.66443,4.74178,4.63,4.71205,185632.45
1593172800,4.71205,4.77845,4.65247,4.69294,700422.02
1593187200,4.69242,4.74182,4.66645,4.68565,200160.61000000002
1593201600,4.69,4.7315,4.67023,4.67598,177034.26
1593216000,4.67599,4.67599,4.58217,4.63056,376818.85
1593230400,4.6279,4.65698,4.61,4.65,95591.66
1593244800,4.65,4.69089,4.6,4.60838,80681.65
1593259200,4.60895,4.61849,4.53124,4.54592,325283.33999999997
1593273600,4.54054,4.54773,4.29505,4.3613,1049875.99
1593288000,4.36024,4.48061,4.31,4.40293,708461.0800000001
1593302400,4.40025,4.43652,4.34,4.3669,230660.41
1593316800,4.36692,4.43145,4.3222,4.41206,184147.11
1593331200,4.41106,4.555,4.37829,4.52293,233521.25
1593345600,4.52303,4.58647,4.48526,4.57376,335314.86
1593360000,4.58353,4.62095,4.53889,4.54317,410718.92000000004
1593374400,4.54386,4.5726,4.46935,4.56001,345014.03
1593388800,4.56672,4.615,4.54261,4.56744,253674.22
1593403200,4.5586,4.58998,4.4876,4.51759,120594.11
1593417600,4.51389,4.51955,4.45737,4.49393,152219.03999999998
1593432000,4.49036,4.52356,4.42067,4.51372,282849.31
1593446400,4.51067,4.6,4.49,4.56042,298508.63
1593460800,4.5596,4.65218,4.5596,4.61849,305055.95
1593475200,4.61843,4.66372,4.61158,4.6267,146984.07
1593489600,4.6267,4.63104,4.55,4.57601,114146.91
1593504000,4.57508,4.63373,4.55482,4.6073,86435.19
1593518400,4.6124,4.63657,4.54,4.61995,191351.7
1593532800,4.61995,4.64899,4.56771,4.58341,194928.63
1593547200,4.58832,4.60586,4.56,4.56637,129983.65
1593561600,4.56543,4.5745,4.52123,4.55149,190624.26
1593576000,4.55155,4.57959,4.53865,4.53994,70676.69
1593590400,4.54004,4.63,4.53456,4.59407,142140.2
1593604800,4.59838,4.71197,4.57578,4.70891,461227.94
1593619200,4.70946,4.73,4.67544,4.70479,351303.4
1593633600,4.70478,4.73001,4.67096,4.71,192412.87
1593648000,4.71,4.82865,4.71,4.79803,514991.15
1593662400,4.7981,4.85,4.7247,4.77329,343619.49
1593676800,4.77105,4.77603,4.70845,4.75508,149595.87
1593691200,4.75299,4.92,4.70845,4.72969,798574.4
1593705600,4.72769,4.756,4.60328,4.72014,871707.73
1593720000,4.71998,4.84659,4.70213,4.7972,304557.23
1593734400,4.79936,4.85,4.75283,4.78469,347245.03
1593748800,4.78486,4.86823,4.75931,4.84382,263559.44
1593763200,4.84425,4.89,4.81,4.8682,249948.38
1593777600,4.86656,4.89,4.80739,4.84764,549420.11
1593792000,4.85482,4.87871,4.77892,4.80688,358461.85
1593806400,4.80512,4.80688,4.70533,4.72449,310014.0
1593820800,4.72449,4.82739,4.71916,4.77947,195887.93
1593835200,4.77555,4.81415,4.76178,4.77056,86271.79000000001
1593849600,4.76971,4.77718,4.7203,4.74632,67900.65000000001
1593864000,4.74722,4.81277,4.73214,4.77447,117340.76
1593878400,4.77447,4.85211,4.74844,4.8368,219470.08
1593892800,4.84433,4.84751,4.78397,4.82,91369.67
1593907200,4.81531,4.829,4.7817,4.80902,131186.66
1593921600,4.80893,4.81277,4.72542,4.75205,136565.97
1593936000,4.75124,4.75553,4.65993,4.69985,144986.85
1593950400,4.69561,4.71788,4.65,4.68275,237139.27
1593964800,4.68028,4.71,4.63177,4.68526,164100.72
1593979200,4.68303,4.78714,4.62003,4.75004,244849.85
1593993600,4.74992,4.8,4.73511,4.77597,173143.4
1594008000,4.7819,4.88748,4.78,4.86748,287026.08
1594022400,4.86655,4.87115,4.82614,4.85896,64228.369999999995
1594036800,4.86404,4.87195,4.80504,4.85,212892.94
1594051200,4.85,4.9,4.82733,4.89974,379653.86
1594065600,4.89974,5.55516,4.89663,5.36366,3748687.8400000003
1594080000,5.36365,5.7272,5.328,5.5457,1470952.2200000002
1594094400,5.54539,5.66817,5.45672,5.51505,649784.22
1594108800,5.52146,5.57732,5.425,5.54891,360423.26
1594123200,5.54889,5.69999,5.54001,5.59,899106.47
1594137600,5.58995,5.9,5.57044,5.721,2037102.5299999998
1594152000,5.72,5.83999,5.54994,5.72489,1364332.45
1594166400,5.72487,5.97505,5.60555,5.90152,1463891.85
1594180800,5.89869,6.43279,5.80312,6.29536,2139870.79
1594195200,6.29012,6.41694,6.13226,6.34239,1530533.03
1594209600,6.33497,6.35999,6.0431,6.15422,2027260.5
1594224000,6.15374,6.357,6.15374,6.27714,1056488.45
1594238400,6.28468,6.58,6.22713,6.5049,1324887.46
1594252800,6.50529,6.50885,6.015,6.18291,1776784.62
1594267200,6.17121,6.36,6.1263,6.32322,759106.03
1594281600,6.32622,6.33111,6.11,6.19104,308016.55
1594296000,6.20307,6.291,5.7052,5.92977,1957608.5699999998
1594310400,5.9193,6.17,5.81601,5.92,1086892.27
1594324800,5.92,6.14311,5.87556,6.08267,478791.91
1594339200,6.08871,6.13515,5.911,5.95338,499957.24
1594353600,5.95325,5.9844,5.75,5.84319,478671.64999999997
1594368000,5.84319,5.96434,5.75,5.80593,288016.33999999997
1594382400,5.80672,5.98489,5.71183,5.95242,884879.84
1594396800,5.95099,6.20953,5.90672,6.1206,1215186.06
1594411200,6.1206,6.1844,6.00364,6.14606,584439.88
1594425600,6.14669,6.27258,6.12,6.14664,691648.99
1594440000,6.14403,6.23295,6.08769,6.1392,192009.27
1594454400,6.13909,6.13922,5.93275,6.00573,250211.05
1594468800,6.00115,6.1425,6.00004,6.10729,289534.04000000004
1594483200,6.1083,6.2,6.032,6.0615,395063.05
1594497600,6.05544,6.17933,6.04747,6.09801,270458.58
1594512000,6.1052,6.22,6.09642,6.17949,364057.42
1594526400,6.18697,6.2,6.11327,6.19122,169475.74
1594540800,6.18672,6.42914,6.18672,6.40132,427672.38
1594555200,6.40228,6.82017,6.38955,6.73057,2546851.2600000002
1594569600,6.71926,6.8997,6.65803,6.81757,1752492.72
1594584000,6.81485,7.39996,6.78111,7.36619,3278716.67
1594598400,7.36513,8.53999,7.25545,7.97653,7615621.1899999995
1594612800,7.97631,8.0686,7.60012,7.6727,1837429.94
1594627200,7.68037,8.01465,7.67274,7.74586,728831.39
1594641600,7.739,7.98998,7.28121,7.35401,2303594.44
1594656000,7.34495,7.5454,6.85,7.24865,2843929.73
1594670400,7.24865,7.33455,6.98641,7.16009,1733088.08
1594684800,7.16444,7.41942,7.037,7.12659,1261954.69
1594699200,7.12669,7.30053,7.0,7.16825,726302.45
1594713600,7.17704,7.65,7.13505,7.6199,659468.2
1594728000,7.63752,7.69998,7.34005,7.6277,1296476.6
1594742400,7.62769,8.47,7.62519,8.20449,4313731.47
1594756800,8.22724,8.35,7.89009,8.1415,2113244.73
1594771200,8.12518,8.19998,7.84215,8.06151,1399698.15
1594785600,8.05934,8.16921,7.86,8.02991,680542.91
1594800000,8.02991,8.39,7.87753,8.25,866729.9
1594814400,8.23762,8.89999,8.21548,8.30359,3303357.5300000003
1594828800,8.31472,8.687,8.28006,8.43133,1695198.81
1594843200,8.43728,8.778,8.42586,8.63676,1742175.13
1594857600,8.63892,8.7,8.36006,8.43619,1140327.9
1594872000,8.42894,8.51854,7.95,8.11944,1382613.53
1594886400,8.11629,8.3,8.06,8.16634,759782.38
1594900800,8.1663,8.6999,7.99807,8.65963,1621731.67
1594915200,8.66009,8.87,8.41,8.45967,2023908.49
1594929600,8.45967,8.54563,8.16002,8.34006,1437683.79
1594944000,8.35482,8.49999,8.25,8.33362,645122.4099999999
1594958400,8.32666,8.54,8.199,8.36095,668101.89
1594972800,8.36092,8.47,8.27,8.44605,437568.31
1594987200,8.44755,8.64999,8.30001,8.3486,853104.21
1595001600,8.34291,8.4,8.21761,8.34784,736121.02
1595016000,8.34177,8.43858,8.25,8.26016,393355.34
1595030400,8.25332,8.25879,7.6213,7.86015,2435387.88
1595044800,7.85128,8.0,7.78113,7.94779,731707.01
1595059200,7.94779,8.17611,7.8638,7.89351,499343.3
1595073600,7.88967,7.9841,7.82141,7.9502,507580.48
1595088000,7.94958,8.2386,7.94695,8.04874,859489.18
1595102400,8.04,8.10321,7.87001,7.97107,459546.28
1595116800,7.97688,8.05,7.77994,7.86425,532866.27
1595131200,7.86437,7.99791,7.81426,7.96603,201666.96
1595145600,7.96588,7.97248,7.8,7.85251,223940.32
1595160000,7.85859,7.89606,7.7804,7.83576,316045.45
1595174400,7.84221,7.96064,7.825,7.91551,366064.9
1595188800,7.92135,8.21,7.91236,8.08745,1007284.37
1595203200,8.088,8.11229,7.97,8.0866,276363.54
1595217600,8.0866,8.13762,8.00826,8.05102,148794.47
1595232000,8.05124,8.07536,7.85646,7.88611,227317.9
1595246400,7.8833,7.94474,7.75681,7.85358,533302.31
1595260800,7.85536,7.8565,7.13936,7.41619,2400452.6399999997
1595275200,7.4055,7.5972,7.23,7.23875,1564997.7
1595289600,7.2333,7.41502,7.177,7.39904,892214.1
1595304000,7.39944,7.51426,7.33704,7.45854,525366.4
1595318400,7.45849,7.68232,7.4,7.61262,479619.77999999997
1595332800,7.61276,7.63307,7.15,7.35561,1225745.01
1595347200,7.36372,7.38231,6.99,7.11513,977106.0999999999
1595361600,7.1188,7.33498,7.01,7.32641,1216608.85
1595376000,7.32067,7.3324,7.11,7.18761,380580.95999999996
1595390400,7.18781,7.28286,7.09542,7.1421,344222.77999999997
1595404800,7.14024,7.40999,7.11015,7.33014,286485.12
1595419200,7.32671,7.65,7.32502,7.51897,1259000.75
1595433600,7.51935,7.56192,7.3256,7.39525,501084.57
1595448000,7.39518,7.57146,7.37076,7.48527,783165.54
1595462400,7.48522,7.808,7.41077,7.70751,1236704.1099999999
1595476800,7.70751,7.7748,7.6348,7.7509,309683.19
1595491200,7.7509,8.03,7.73143,7.9642,724186.98
1595505600,7.96489,8.08999,7.83142,8.06044,912276.56
1595520000,8.05233,8.1,7.79399,7.87206,706671.26
1595534400,7.87466,7.95393,7.71345,7.91333,471917.73
1595548800,7.90509,7.94,7.73,7.74016,286513.01
1595563200,7.73345,7.79277,7.65393,7.72186,322582.74
1595577600,7.7288,7.81957,7.624,7.81957,149352.37
1595592000,7.795,7.83,7.525,7.63622,430670.70999999996
1595606400,7.63621,7.63621,7.45,7.58743,569534.0800000001
1595620800,7.5916,7.61864,7.39002,7.44453,422407.02
1595635200,7.43677,7.7499,7.39,7.67234,415337.12
1595649600,7.67534,7.72457,7.6,7.60556,115700.75
1595664000,7.61118,7.64175,7.51396,7.60426,118118.92
1595678400,7.60151,7.6448,7.51958,7.58515,217280.5
1595692800,7.59223,7.809,7.55336,7.67656,421008.15
1595707200,7.68003,7.7377,7.58667,7.67662,358091.71
1595721600,7.68472,7.70933,7.6,7.70711,254689.2
1595736000,7.70759,7.95,7.70759,7.82317,638245.15
1595750400,7.82236,7.87428,7.31,7.42356,747545.78
1595764800,7.42601,7.52343,7.35101,7.4122,693285.81
1595779200,7.41255,7.4783,7.3211,7.42,423891.69
1595793600,7.42,7.6,7.39099,7.50763,398798.66000000003
1595808000,7.51071,7.51494,7.1,7.2013,1472296.0
1595822400,7.20077,7.32668,7.1,7.20659,700648.29
1595836800,7.20692,7.32002,7.14532,7.19455,348715.94999999995
1595851200,7.1965,7.23992,6.52,6.90548,2789500.34
1595865600,6.90176,7.29,6.57,7.1531,1883305.71
1595880000,7.15309,7.31334,6.86006,7.118,1742924.04
1595894400,7.11329,7.22899,6.92025,7.10966,931377.6
1595908800,7.11451,7.41777,7.06074,7.33565,521053.92000000004
1595923200,7.33626,7.41,6.97679,7.09874,564856.6
1595937600,7.10724,7.29501,7.03729,7.27953,617298.9199999999
1595952000,7.27996,7.30779,7.1172,7.16985,460838.73
1595966400,7.16088,7.25,7.10276,7.25,417700.18
1595980800,7.24667,7.5,7.2,7.277,1048571.95
1595995200,7.27208,7.34676,7.13144,7.32556,346855.01
1596009600,7.32559,7.34978,7.1451,7.1866,386362.85
1596024000,7.19496,7.20909,7.0325,7.08484,451698.17000000004
1596038400,7.08484,7.18327,7.0,7.12108,431725.13
1596052800,7.12355,7.18068,7.03,7.10001,421990.86
1596067200,7.10001,7.25664,7.03495,7.19713,449087.41000000003
1596081600,7.19796,7.227,7.11,7.1243,168867.58
1596096000,7.12699,7.35871,7.11035,7.28345,220114.87
1596110400,7.27739,7.33785,7.2,7.30561,407416.89
1596124800,7.3048,7.6342,7.29919,7.53024,1282034.96
1596139200,7.52927,7.54648,7.3392,7.42475,404093.25
1596153600,7.4174,7.84999,7.4174,7.70302,963578.06
1596168000,7.70468,7.88999,7.61044,7.70246,550918.53
1596182400,7.70536,7.86,7.66036,7.67717,420161.75
1596196800,7.68136,7.74995,7.5616,7.57995,499839.97
1596211200,7.5767,7.73354,7.49,7.72637,510037.05000000005
1596225600,7.72676,7.81,7.65467,7.81,412612.82
1596240000,7.80791,7.89992,7.73567,7.75185,420032.42
1596254400,7.75284,7.8967,7.7,7.81792,488142.3
1596268800,7.81869,7.88454,7.7,7.77488,271931.0
1596283200,7.77052,7.8,7.651,7.79611,286151.83
1596297600,7.79865,7.85,7.71012,7.8407,670913.51
1596312000,7.83977,8.47,7.78268,8.32167,1847841.83
1596326400,8.32842,8.4,8.236,8.35641,706408.45
1596340800,8.35643,8.43743,6.934,8.31926,1942779.7799999998
1596355200,8.32685,8.78005,7.91279,8.24996,1557722.64
1596369600,8.24,8.64996,8.00008,8.53081,1030667.5
1596384000,8.53001,8.62782,8.2655,8.53117,807875.38
1596398400,8.53129,8.67899,8.1264,8.28562,1390319.92
1596412800,8.28564,8.50795,8.12186,8.35806,645305.23
1596427200,8.36183,8.48395,8.20079,8.41534,416586.42000000004
1596441600,8.418,8.58972,8.26316,8.52732,356659.77
1596456000,8.53591,8.68799,8.40882,8.53031,691842.69
1596470400,8.5281,8.6,8.39241,8.51914,464683.58
1596484800,8.51993,9.28997,8.501,9.27544,2418780.29
1596499200,9.27541,9.4,9.1,9.25348,1638097.44
1596513600,9.25938,9.56,9.12879,9.32005,794431.48
1596528000,9.31402,9.754,9.25483,9.40831,951311.89
1596542400,9.40195,9.67969,9.27838,9.67969,865485.41
1596556800,9.67234,9.68343,9.37,9.42985,638814.63
1596571200,9.44064,9.97638,9.43,9.8588,1608706.9300000002
1596585600,9.87739,9.87739,9.59,9.73152,866002.84
1596600000,9.73277,9.74909,9.32109,9.51674,597802.05
1596614400,9.51817,9.7092,9.4558,9.57581,463579.71
1596628800,9.58611,9.58677,9.35,9.48581,888518.78
1596643200,9.48589,9.66755,9.41324,9.56206,459664.55
1596657600,9.56709,9.65469,9.36004,9.53253,573686.04
1596672000,9.53839,9.91917,9.45002,9.78636,953449.05
1596686400,9.78636,9.81,9.62057,9.65792,261992.12
1596700800,9.65788,9.74993,9.51736,9.7457,268961.65
1596715200,9.7457,9.783,9.58,9.77595,435975.45999999996
1596729600,9.77001,9.79221,9.535,9.70294,537716.77
1596744000,9.70295,10.3,9.48,10.24,1210536.74
1596758400,10.25,10.29999,9.85964,9.89884,1224015.99
1596772800,9.89608,10.02622,9.79,10.02266,341895.17
1596787200,10.03,10.112,9.8755,9.9596,206769.76
1596801600,9.9648,10.08756,9.77204,9.91193,563478.17
1596816000,9.92611,9.97219,9.162,9.77359,1705461.47
1596830400,9.77936,10.15,9.675,10.14997,856146.18
1596844800,10.148,10.4179,9.939,10.32311,1049762.32
1596859200,10.32315,10.77,10.27409,10.5398,814155.97
1596873600,10.53948,10.8,10.47574,10.74895,376170.99
1596888000,10.7556,11.04,10.62,11.00343,1034215.71
1596902400,11.01001,13.6575,11.00562,13.15069,3679284.68
1596916800,13.1799,13.3,12.34,12.72968,3024902.87
1596931200,12.72968,12.85,12.01,12.76541,1383688.51
1596945600,12.76975,12.92975,12.4,12.67065,513512.81
1596960000,12.66701,13.77704,12.51542,13.57129,1075771.98
1596974400,13.57129,13.63189,12.57407,13.08,1522314.86
1596988800,13.0741,14.48934,12.96,13.92185,3189271.7
1597003200,13.91185,14.29462,13.65,13.83327,1298735.8900000001
1597017600,13.83327,13.97742,12.60004,13.2342,1967948.69
1597032000,13.25039,14.09577,13.05,13.62316,964616.0900000001
1597046400,13.62316,14.0,12.90623,13.69208,532075.14
1597060800,13.70332,13.81134,13.38301,13.7,691307.1
1597075200,13.69667,13.75984,12.98314,13.1134,1153835.82
1597089600,13.11369,13.6,12.72228,13.49,1446423.05
1597104000,13.488,13.54201,12.99001,13.16133,706800.51
1597118400,13.16133,13.39989,12.86403,13.08209,356627.74
1597132800,13.08209,13.19453,12.5,12.78696,609727.45
1597147200,12.79465,12.8189,12.12409,12.64072,1640631.77
1597161600,12.63,13.4,12.56001,12.73,1226192.17
1597176000,12.73,13.23,12.31009,12.96823,1109603.08
1597190400,12.96823,13.06668,12.58006,12.95825,616668.1799999999
1597204800,12.95824,13.85,12.7307,13.66788,978998.5
1597219200,13.66789,14.08932,13.44101,13.98594,746733.25
1597233600,13.96948,15.77,13.80684,15.42308,3083639.16
1597248000,15.4406,16.12,14.814,15.22071,2371794.2800000003
1597262400,15.23075,16.88353,15.23048,16.49102,1901786.85
1597276800,16.49102,16.97,16.0613,16.65707,2053137.13
1597291200,16.65561,17.75,16.15169,17.40569,1715611.12
1597305600,17.40525,17.55,16.0,16.88336,1714528.42
1597320000,16.88336,17.10451,16.25,16.84972,1638315.1099999999
1597334400,16.84355,18.35,16.5,18.05278,3192775.22
1597348800,18.03161,18.2,16.35,17.20913,3352528.7199999997
1597363200,17.19654,17.45,16.85,17.12782,1155397.83
1597377600,17.11487,17.6246,16.8562,16.93186,899388.5700000001
1597392000,16.92791,17.28682,16.7,17.07393,654513.83
1597406400,17.07321,17.33991,16.35,16.9593,1778275.9100000001
1597420800,16.96298,17.14,16.6,16.76227,1153902.16
1597435200,16.74257,17.12228,16.53128,16.97992,794037.49
1597449600,16.98071,17.44,16.6,16.66548,769259.12
1597464000,16.67694,17.0,16.5,16.84982,331686.44999999995
1597478400,16.84822,17.71267,16.72159,17.60397,569708.97
1597492800,17.60812,19.45527,17.5211,18.94373,3028679.02
1597507200,18.94329,19.79,18.7,19.56212,1581703.6
1597521600,19.56602,19.69712,18.12659,19.22214,1659144.26
1597536000,19.22206,19.41666,18.73694,18.85081,780972.37
1597550400,18.82914,20.0,18.67327,19.88147,754552.4299999999
1597564800,19.8796,19.90588,18.76018,18.94649,914128.26
1597579200,18.95803,19.50589,18.78434,19.12079,998779.95
1597593600,19.12173,19.31469,18.81104,18.8671,739205.9199999999
1597608000,18.84664,19.11398,18.51001,18.82425,839526.45
1597622400,18.81136,19.15,18.46326,19.14,675795.23
1597636800,19.13999,19.38797,18.86247,18.9395,456792.26
1597651200,18.94693,19.71,18.85002,19.30593,459570.57999999996
1597665600,19.29561,19.56593,18.41,18.65745,1380293.81
1597680000,18.64823,19.19162,18.50171,18.99343,780958.6599999999
1597694400,18.99344,19.03361,14.64,16.85393,2663908.6100000003
1597708800,16.86524,17.72834,16.54115,17.12994,1948715.92
1597723200,17.10285,17.5,16.31745,17.18902,1123686.19
1597737600,17.19206,17.28744,15.77001,15.77003,981742.23
1597752000,15.81706,16.91976,14.64001,16.31834,4111149.27
1597766400,16.31659,16.58075,15.71312,16.39469,1349971.61
1597780800,16.39459,16.97279,15.88475,16.20617,930192.85
1597795200,16.20613,16.63876,15.22,15.43463,1014885.6799999999
1597809600,15.42043,15.9972,14.88137,15.89301,1210603.76
1597824000,15.90865,16.79,15.68805,16.55,701517.3200000001
1597838400,16.55,17.25,16.2683,16.6195,1493567.84
1597852800,16.6274,17.0,16.13723,16.14877,777737.43
1597867200,16.13639,16.74272,15.664,16.18832,659347.33
1597881600,16.19554,16.72754,16.19001,16.24976,415035.78
1597896000,16.24976,16.57,15.88,16.27059,546396.66
1597910400,16.2753,16.77736,16.21331,16.48147,330322.24
1597924800,16.48494,16.72,16.23005,16.53161,427245.14
1597939200,16.52775,16.57965,15.75,15.96881,1599723.46
1597953600,15.98744,16.26,15.76262,16.05069,624955.5
1597968000,16.05091,16.14255,14.74,15.64276,2319571.08
1597982400,15.62979,15.74989,14.99173,15.26098,988774.23
1597996800,15.25132,15.44997,14.1,14.30319,1322575.79
1598011200,14.31072,14.79183,13.77428,14.07093,2976923.06
1598025600,14.0633,14.7951,12.84,14.45272,4583971.220000001
1598040000,14.44051,14.63062,13.5,13.82669,1725700.81
1598054400,13.84138,14.47309,13.64761,14.25297,897500.25
1598068800,14.24999,14.97504,13.78,14.82514,767361.09
1598083200,14.8131,14.9,14.46981,14.80731,412221.52
1598097600,14.81067,15.776,14.72731,15.33705,1844274.68
1598112000,15.36609,16.36,15.08861,16.01293,2086976.06
1598126400,16.01389,16.28,15.74014,15.79706,964621.89
1598140800,15.79173,16.0,15.12993,15.2757,1351520.75
1598155200,15.28611,15.6791,15.0105,15.5792,472962.15
1598169600,15.59158,15.7,14.65216,14.70827,414013.05
1598184000,14.71789,15.41604,14.70152,15.07474,464436.99000000005
1598198400,15.07573,15.37688,14.69596,15.21555,631865.0
1598212800,15.22179,15.29787,14.8,15.14877,415146.21
1598227200,15.15595,15.21,14.714,15.20998,495026.82
1598241600,15.20998,15.87998,15.04295,15.77361,483376.82999999996
1598256000,15.7736,15.79562,15.433,15.66444,302034.7
1598270400,15.67,15.76229,14.88803,15.17977,603729.1799999999
1598284800,15.1798,15.29,14.85,15.13324,348183.06
1598299200,15.12553,15.29,14.88638,15.13262,373312.03
1598313600,15.13952,15.20703,14.7544,14.8388,358656.0
1598328000,14.85511,15.37767,14.80741,14.98706,345502.41000000003
1598342400,14.97466,15.20925,14.79377,14.94901,208688.93
1598356800,14.93613,14.93786,14.00119,14.36948,1081120.92
1598371200,14.36286,14.61039,13.5,14.30189,1818941.8399999999
1598385600,14.29425,14.43578,13.88,14.13544,661305.2100000001
1598400000,14.11688,14.87713,14.07007,14.65096,741108.96
1598414400,14.67507,14.85509,14.19043,14.4022,432180.87
1598428800,14.42211,14.7898,14.25599,14.54508,239834.49
1598443200,14.55799,15.27799,14.06356,15.15817,908752.12
1598457600,15.16544,15.68695,15.07075,15.31987,1314376.76
1598472000,15.31987,15.43319,14.91448,15.20469,473565.53
1598486400,15.22809,15.52666,14.93509,15.11703,474541.22000000003
1598500800,15.11,15.44999,14.94001,15.40072,381522.37
1598515200,15.4124,15.44619,14.5,14.59747,359799.95
1598529600,14.6,15.3422,14.40001,14.63445,737579.6499999999
1598544000,14.62856,14.83314,14.0,14.39919,701879.2000000001
1598558400,14.39917,14.63909,14.31,14.52804,439527.54
1598572800,14.52574,14.75,14.21656,14.65541,440317.94
1598587200,14.69964,14.95188,14.5609,14.73637,266152.33999999997
1598601600,14.74176,15.12361,14.63808,15.11597,211378.62
1598616000,15.13,15.32285,14.80313,15.31785,523599.01
1598630400,15.32284,15.5,15.11,15.24236,518128.70999999996
1598644800,15.24236,15.30692,14.92603,15.11729,317667.88
1598659200,15.11716,15.43,14.96,15.32021,220872.99
1598673600,15.33903,15.96621,15.24001,15.77939,534252.09
1598688000,15.77939,15.94607,15.44066,15.60405,351044.4
1598702400,15.62559,16.7764,15.5932,16.69114,1222132.13
1598716800,16.6909,17.04999,16.40072,16.85,1282994.2
1598731200,16.84171,17.04193,16.37,16.37,636641.34
1598745600,16.36365,17.53006,16.31023,17.10865,1013842.59
1598760000,17.12414,17.27815,16.71916,16.98774,415961.19
1598774400,16.98776,17.3902,16.9178,17.33622,319697.48
1598788800,17.36033,17.74,17.1085,17.20112,611567.08
1598803200,17.213,17.33272,16.75644,17.00881,585218.78
1598817600,16.99811,17.08,16.41008,16.47496,667280.47
1598832000,16.47177,16.98,16.44402,16.74607,486546.36
1598846400,16.74607,16.95,16.08862,16.16973,294503.4
1598860800,16.1642,16.5574,16.08946,16.40206,230815.66
1598875200,16.41317,16.66953,16.1,16.45556,480814.86
1598889600,16.45379,16.53,16.13,16.40166,332133.02
1598904000,16.38854,16.44038,15.5,15.58995,635537.64
1598918400,15.59016,16.02999,15.13,15.81304,809077.26
1598932800,15.79166,16.49,15.67018,16.48272,399477.11
1598947200,16.47345,16.5,15.9,15.9593,252302.88
1598961600,15.96519,16.15089,15.7,15.7,448748.53
1598976000,15.7,16.36497,15.6454,16.10944,542672.78
1598990400,16.10933,16.44999,16.0,16.09042,463264.55
1599004800,16.09042,16.35,15.74,15.85934,469150.64
1599019200,15.84911,16.08752,15.625,15.68621,187481.2
1599033600,15.69403,15.83786,14.2,14.94878,762468.31
1599048000,14.96307,15.29999,14.57,14.81198,728846.3300000001
1599062400,14.80376,14.89271,14.07496,14.76926,806904.26
1599076800,14.75678,14.9839,14.51209,14.7792,278618.78
1599091200,14.80982,15.0,14.48687,14.52998,363888.33
1599105600,14.52977,14.67697,13.65,14.6,665680.0900000001
1599120000,14.6,14.72616,13.5,13.70123,523465.17
1599134400,13.69321,13.78386,12.79,13.33933,1926714.29
1599148800,13.33888,13.69286,13.11079,13.38483,724157.0700000001
1599163200,13.38477,13.50796,11.03,12.07681,2197772.7199999997
1599177600,12.01169,12.19999,11.4319,11.85634,585590.01
1599192000,11.84309,12.09617,11.04705,11.65668,977783.4299999999
1599206400,11.65615,12.96502,11.65,12.39686,1037678.8200000001
1599220800,12.39243,12.91184,11.1,12.39083,1521422.04
1599235200,12.36301,12.84627,12.01202,12.77077,1037034.4
1599249600,12.77086,12.93633,12.33638,12.44729,573516.3
1599264000,12.44729,12.75,12.32706,12.52405,390446.86
1599278400,12.52315,12.74,12.17963,12.684,326789.32
1599292800,12.684,12.684,11.33248,11.64314,595332.55
1599307200,11.62932,11.80404,10.63,11.5012,1618724.3199999998
1599321600,11.5012,11.58479,9.2232,10.63,4500502.55
1599336000,10.63996,11.1952,10.01,10.61184,2111926.3899999997
1599350400,10.60719,10.89682,10.25117,10.38171,759105.0800000001
1599364800,10.38171,11.0,9.7555,10.93762,1118315.8
1599379200,10.93138,12.27,10.92725,12.09404,1193010.15
1599393600,12.10453,12.45711,11.61388,11.95718,827898.92
1599408000,11.95625,12.8,11.72318,12.62854,1327975.12
1599422400,12.63955,13.4,12.43279,12.81,1972011.23
1599436800,12.81677,13.16,12.32079,12.4702,953835.02
1599451200,12.48649,12.83053,12.04,12.62977,689133.48
1599465600,12.62599,12.94999,11.76737,12.00148,878680.35
1599480000,12.00001,12.49096,11.1276,12.15574,1766417.48
1599494400,12.16087,12.36505,11.88938,12.01189,641568.83
1599508800,12.01401,12.64765,11.86854,12.49471,796729.72
1599523200,12.49907,12.78648,12.33949,12.57048,530643.69
1599537600,12.55743,12.64236,12.04002,12.33521,516210.43
1599552000,12.33521,12.5,11.35171,11.52787,579400.5
1599566400,11.48943,12.0,11.33194,11.79557,833356.25
1599580800,11.79001,12.05,11.44004,11.52756,588169.1
1599595200,11.53886,11.84891,11.07601,11.73339,800731.36
1599609600,11.74417,12.0,11.43004,11.52153,542481.23
1599624000,11.54563,12.17231,11.45571,12.1296,381619.99
1599638400,12.14195,12.5,11.92199,12.31253,331712.12
1599652800,12.31489,12.55603,12.17674,12.48469,488887.52
1599667200,12.48131,12.66428,12.30934,12.52652,545737.96
1599681600,12.53015,12.5829,12.2707,12.3383,377946.9
1599696000,12.33233,13.28944,12.32054,12.9095,1146998.85
1599710400,12.90649,13.17395,12.5,12.67165,594369.58
1599724800,12.66735,12.8741,12.53826,12.79394,219871.71
1599739200,12.78251,13.19317,12.68479,12.90476,700106.73
1599753600,12.91514,12.98168,12.1555,12.35101,697042.8
1599768000,12.35483,12.69998,12.32843,12.50359,461980.85
1599782400,12.50864,12.67872,12.02,12.05571,528060.92
1599796800,12.05732,12.43323,12.01076,12.30637,239009.5
1599811200,12.30726,12.50987,12.17654,12.25733,241791.29
1599825600,12.26648,12.69268,12.20101,12.57348,528055.19
1599840000,12.57829,12.6504,12.30011,12.43071,410850.82999999996
1599854400,12.43517,12.61906,12.3,12.44007,303524.85000000003
1599868800,12.44,12.47761,12.091,12.26643,324336.26
1599883200,12.25671,12.43587,12.23272,12.37305,149171.13
1599897600,12.37305,12.57868,12.28408,12.53465,109590.20999999999
1599912000,12.53803,12.53979,12.21,12.39646,159066.03
1599926400,12.40227,12.7,12.35105,12.58866,345337.01
1599940800,12.58886,12.75,12.51488,12.72281,317736.46
1599955200,12.73324,12.96287,12.66,12.84561,374997.37
1599969600,12.85,13.10569,12.75744,13.06638,223567.78
1599984000,13.06225,13.25,12.21001,12.27,475647.26
1599998400,12.27,12.48384,12.02006,12.03502,398954.92000000004
1600012800,12.03,12.18134,11.75312,12.0472,569214.8
1600027200,12.04957,12.13325,11.85526,12.07006,292296.16000000003
1600041600,12.07466,12.10817,11.69183,11.93005,400379.26999999996
1600056000,11.92007,11.9748,11.63001,11.91995,259094.61
1600070400,11.91635,12.02411,11.70055,11.88329,221055.52
1600084800,11.89307,12.38909,11.85005,12.27414,530641.01
1600099200,12.27696,12.34,12.00517,12.05,334466.51
1600113600,12.05,12.19353,11.92,12.13,325106.78
1600128000,12.13,12.24096,11.94,12.05029,293262.55
1600142400,12.04528,12.2,11.83934,12.01297,202962.57
1600156800,12.0131,12.16,11.81191,11.94982,184791.75
1600171200,11.94078,12.05284,11.32,11.49927,655322.04
1600185600,11.51,11.5702,11.04697,11.14824,837981.5
1600200000,11.15614,11.34237,10.70491,10.94929,837719.95
1600214400,10.93561,10.96841,10.4708,10.75563,1057625.86
1600228800,10.75916,11.2574,10.63,11.20958,381175.33999999997
1600243200,11.20859,11.29966,10.90801,11.05999,248408.83000000002
1600257600,11.06,11.24736,10.85286,11.04285,898063.35
1600272000,11.02862,11.09,10.58122,10.66491,596809.44
1600286400,10.68242,10.91337,10.60195,10.73319,360864.08999999997
1600300800,10.7324,11.7,10.53611,10.92932,951696.3
1600315200,10.91462,11.22169,10.76708,10.89751,256588.66
1600329600,10.9,10.93265,10.50172,10.7838,221363.02000000002
1600344000,10.80147,10.89398,10.51425,10.72334,395736.84
1600358400,10.72337,10.85,10.54001,10.76221,778227.26
1600372800,10.76222,11.25985,10.76099,11.00975,895004.59
1600387200,11.00626,11.13996,10.85508,10.9801,398824.87
1600401600,10.99202,10.99202,10.77349,10.80238,481467.19
1600416000,10.79882,10.96327,10.7,10.85926,225642.2
1600430400,10.85823,10.87663,10.28174,10.38805,885237.3
1600444800,10.38296,10.46569,10.0,10.14667,1579888.73
1600459200,10.14801,10.25789,9.76618,10.08965,911341.2
1600473600,10.08977,10.34448,9.84201,10.13122,750617.16
1600488000,10.12918,10.21918,10.05955,10.08974,202867.24
1600502400,10.09017,10.49995,10.08035,10.48089,258890.26
1600516800,10.48319,10.49132,10.12327,10.20215,346756.72
1600531200,10.19315,10.3427,10.03596,10.08054,413169.58
1600545600,10.0933,10.25877,10.03973,10.12334,413295.8
1600560000,10.12137,10.63525,10.03033,10.46062,749970.37
1600574400,10.46062,10.51864,10.36488,10.37966,157801.27
1600588800,10.37091,10.58222,10.21,10.31949,248385.13999999998
1600603200,10.32443,10.32584,9.92,10.01,453983.36
1600617600,10.01,10.03914,9.66001,9.94435,790182.99
1600632000,9.95634,9.95634,9.5,9.73776,677807.53
1600646400,9.74212,9.91944,9.57632,9.7496,464912.52
1600660800,9.74811,9.87339,9.61319,9.6296,311487.47
1600675200,9.61701,9.65178,8.55,8.88547,1553556.81
1600689600,8.88044,9.12801,8.55139,8.72505,1808562.77
1600704000,8.72402,8.90664,8.53828,8.86932,1925025.68
1600718400,8.86932,9.07,8.67602,8.70935,943119.5800000001
1600732800,8.71643,8.99611,8.62842,8.84997,512816.9
1600747200,8.85,9.08292,8.72823,8.74173,385696.01
1600761600,8.74778,8.95473,8.74683,8.84172,250854.8
1600776000,8.83344,8.95,8.7014,8.81556,445483.20999999996
1600790400,8.81892,8.93285,8.7131,8.75157,542433.48
1600804800,8.75574,8.8117,8.55,8.74959,495907.78
1600819200,8.74941,8.8,8.57601,8.59867,300880.32
1600833600,8.60611,8.61352,7.92904,8.10527,1129810.78
1600848000,8.10724,8.22225,8.00758,8.14487,524108.28
1600862400,8.14087,8.53,8.08543,8.21553,704076.39
1600876800,8.201,8.398,7.65282,7.77185,1413556.0
1600891200,7.7754,8.06035,7.312,7.64053,2270307.28
1600905600,7.641,8.44478,7.47795,8.15984,1381883.48
1600920000,8.17409,8.40704,8.11,8.35193,350360.92
1600934400,8.35568,8.8,8.1829,8.71324,467010.87
1600948800,8.71324,9.302,8.54002,9.25455,1423072.2
1600963200,9.25054,9.9,9.17368,9.89792,2214590.85
1600977600,9.90768,10.43,9.65148,9.87988,2656300.33
1600992000,9.87727,10.05161,9.68399,9.76,865907.61
1601006400,9.77,9.90307,9.56346,9.80765,528067.8
1601020800,9.80669,9.92055,9.36505,9.78974,528972.98
1601035200,9.78275,10.48,9.57306,10.37903,1030342.52
1601049600,10.38864,11.00816,10.1282,10.87842,1885301.5599999998
1601064000,10.87843,11.23,10.59541,10.73843,1485623.28
1601078400,10.74014,10.93887,10.54801,10.75457,477881.37
1601092800,10.76418,11.09,10.66,10.81736,577937.12
1601107200,10.80496,10.86248,10.63004,10.71535,216314.68
1601121600,10.71412,10.71412,10.03798,10.36294,986431.34
1601136000,10.37021,10.43374,9.97,10.14381,662464.35
1601150400,10.14601,10.42,10.10409,10.31709,380737.79
1601164800,10.31961,10.49593,10.17351,10.37484,479763.57
1601179200,10.37902,10.48502,10.05051,10.12811,376463.64999999997
1601193600,10.12473,10.34371,9.90197,10.11057,316420.24
1601208000,10.10016,10.61818,10.04,10.55808,400561.56
1601222400,10.56305,10.96996,10.56305,10.75075,707981.58
1601236800,10.76936,10.99986,10.58108,10.79004,427762.91000000003
1601251200,10.81,11.08,10.69,10.74331,602212.37
1601265600,10.74331,10.85,10.47239,10.58089,335274.01
1601280000,10.59215,10.69711,10.32501,10.42189,240257.79
1601294400,10.416,10.81644,10.37056,10.62076,398895.2
1601308800,10.63633,10.74042,10.50294,10.59982,405999.18
1601323200,10.61368,10.74211,10.15117,10.27198,553558.25
1601337600,10.27697,10.35782,10.101,10.16196,584218.7
1601352000,10.16598,10.37737,10.07704,10.21044,258780.0
1601366400,10.21547,10.24,9.95531,10.12805,176800.53999999998
1601380800,10.1311,10.13361,9.66,9.726,699529.03
1601395200,9.71313,9.87,9.40473,9.78419,990566.14
1601409600,9.78636,10.15,9.61324,10.14212,468733.72
1601424000,10.14212,10.22449,9.79689,9.88053,422852.46
1601438400,9.87533,9.93261,9.57,9.67835,259745.75
1601452800,9.67906,9.89617,9.64263,9.71314,161375.71
1601467200,9.70852,10.03094,9.66292,9.95762,342928.62
1601481600,9.97551,10.00171,9.73406,9.76913,291127.19
1601496000,9.75929,9.90022,9.64491,9.89,247904.87
1601510400,9.88585,10.20987,9.87867,9.99736,345279.3
1601524800,10.00504,10.3121,9.96068,10.26465,301114.57
1601539200,10.2645,10.42167,10.17279,10.39364,171507.15
1601553600,10.39515,10.41236,9.85874,9.89,304035.86
1601568000,9.89239,9.89239,9.3,9.65668,1434481.77
1601582400,9.6558,9.69199,9.40343,9.63898,273122.33
1601596800,9.63282,9.79509,9.51318,9.79509,208078.59
1601611200,9.79509,9.83966,9.13203,9.27982,991891.2
1601625600,9.27223,9.28321,8.81,8.85427,792101.54
1601640000,8.85243,9.32049,8.83428,9.12439,769372.8300000001
1601654400,9.11569,9.3289,9.02517,9.15712,392903.23
1601668800,9.15018,9.34715,8.99034,9.219,377929.86
1601683200,9.22,9.29,9.10929,9.27562,202991.99
1601697600,9.27562,9.32871,9.13937,9.17833,106080.44
1601712000,9.17043,9.33083,9.11184,9.24288,145109.98
1601726400,9.24054,9.26811,9.14172,9.19615,118418.29999999999
1601740800,9.1936,9.55249,9.1589,9.42407,327874.81000000006
1601755200,9.43187,9.44548,9.2444,9.27283,173756.7
1601769600,9.27192,9.31268,9.11777,9.17814,232805.22999999998
1601784000,9.17155,9.32996,9.17118,9.29214,131443.72
1601798400,9.28663,9.32089,9.1776,9.21586,66980.58
1601812800,9.22139,9.33,9.15416,9.17037,108969.29000000001
1601827200,9.17072,9.43236,9.13698,9.38372,283310.51
1601841600,9.40875,9.46,9.32203,9.3942,220240.33
1601856000,9.39301,9.62326,9.38676,9.49269,342376.58
1601870400,9.47857,9.49113,9.27298,9.36342,175100.24
1601884800,9.36342,9.41208,9.32219,9.335,99164.14
1601899200,9.335,9.55151,9.30886,9.53,219999.6
1601913600,9.52941,9.73008,9.43843,9.57368,542237.64
1601928000,9.57938,9.68,9.53338,9.62573,222250.88999999998
1601942400,9.61564,9.66,9.48,9.55344,192749.62
1601956800,9.55314,9.58473,9.30005,9.34108,212019.79
1601971200,9.3213,9.40569,9.02254,9.12485,344805.09
1601985600,9.1,9.27381,8.89,9.25445,578780.94
1602000000,9.26189,9.26939,8.81,8.88616,525058.1
1602014400,8.87477,8.95142,8.56,8.77317,664245.74
1602028800,8.77338,8.77338,8.35,8.63687,872592.96
1602043200,8.63592,8.87831,8.56003,8.81241,301998.56
1602057600,8.81542,8.82763,8.57912,8.70353,183876.27000000002
1602072000,8.70893,9.04167,8.70893,8.91458,364868.79000000004
1602086400,8.91523,8.99473,8.7772,8.89946,326522.85
1602100800,8.89083,9.00901,8.82953,8.97632,343227.68
1602115200,8.97894,9.0,8.7659,8.77934,212012.72
1602129600,8.78402,8.78402,8.43282,8.56526,271682.4
1602144000,8.57054,8.68766,8.49568,8.63067,101363.36
1602158400,8.63725,9.3959,8.6091,9.24869,902240.95
1602172800,9.25347,9.55,9.25,9.44449,611031.14
1602187200,9.45152,9.69,9.39998,9.56629,553597.5900000001
1602201600,9.55538,9.61998,9.4,9.50539,236350.99
1602216000,9.50422,9.54852,9.37133,9.44785,278282.67
1602230400,9.44107,10.27003,9.43378,10.07225,674253.49
1602244800,10.07325,10.49077,9.98395,10.42671,801796.05
1602259200,10.42951,10.51025,10.12792,10.25134,715977.92
1602273600,10.26044,10.52537,10.20969,10.40312,480535.44
1602288000,10.4,10.94496,10.4,10.76816,813624.78
1602302400,10.76269,10.77219,10.54,10.70135,339409.32999999996
1602316800,10.70223,10.79498,10.32115,10.58713,313794.51
1602331200,10.57303,10.74521,10.48714,10.55957,235626.82
1602345600,10.56661,10.75,10.41,10.64717,400651.18
1602360000,10.63668,10.79,10.40765,10.52,378472.08
1602374400,10.52,10.56646,10.2153,10.29428,397615.87
1602388800,10.28863,10.46408,10.05784,10.39828,312932.59
1602403200,10.40187,10.69997,10.37719,10.59859,205041.75
1602417600,10.60109,10.68677,10.46848,10.60609,306250.54000000004
1602432000,10.60735,11.06977,10.54,10.70622,697586.6799999999
1602446400,10.69948,10.89771,10.55284,10.85521,395618.41
1602460800,10.85001,10.92139,10.69158,10.85836,217160.17
1602475200,10.84647,11.4,10.69521,11.31185,888946.55
1602489600,11.30355,11.31264,10.76373,10.85627,324397.14
1602504000,10.85627,11.42,10.83618,11.35,705654.11
1602518400,11.34999,11.73129,11.26749,11.56,798545.56
1602532800,11.56088,11.81997,11.37201,11.4357,606592.72
1602547200,11.43107,11.49302,11.258,11.28445,326163.07999999996
1602561600,11.27328,11.48616,11.235,11.3295,203586.06
1602576000,11.3336,11.59168,11.27978,11.43728,137288.8
1602590400,11.4284,11.49597,11.025,11.155,418557.81999999995
1602604800,11.155,11.25676,10.57,10.87309,770225.51
1602619200,10.87508,11.15379,10.8405,11.01606,386468.52
1602633600,11.01997,11.34135,10.95416,11.2292,304288.37
1602648000,11.22919,11.25858,11.04493,11.11423,170892.13
1602662400,11.1123,11.25404,10.7644,10.8481,299752.01
1602676800,10.8478,11.35,10.78227,10.88948,581762.42
1602691200,10.88566,11.02,10.61877,10.74693,521370.45999999996
1602705600,10.74679,10.99,10.74393,10.90942,200619.98
1602720000,10.90052,10.90164,10.61121,10.71377,180886.9
1602734400,10.70954,10.90758,10.66968,10.82925,160006.91999999998
1602748800,10.83046,10.84327,10.47557,10.60455,306466.84
1602763200,10.59683,10.75766,10.50346,10.68921,271936.16
1602777600,10.68268,10.86245,10.63955,10.83678,324264.38
1602792000,10.84615,10.9305,10.6809,10.75079,274597.77
1602806400,10.74149,10.86254,10.65,10.76872,150871.06
1602820800,10.76869,10.76869,10.28249,10.46796,357561.89
1602835200,10.47578,10.65824,10.26392,10.59832,144252.9
1602849600,10.59315,10.7656,10.56396,10.65147,265326.3
1602864000,10.65374,10.9,10.63348,10.70274,346845.52
1602878400,10.70151,10.72622,10.53848,10.59021,155090.28
1602892800,10.5941,10.66781,10.425,10.66251,199263.65
1602907200,10.65244,10.72998,10.575,10.61779,102166.55
1602921600,10.61248,10.65953,10.53127,10.59004,41151.68
1602936000,10.59001,10.68931,10.4346,10.52484,149663.53
1602950400,10.51,10.55986,10.45943,10.52168,99750.24
1602964800,10.52086,10.6784,10.49,10.6378,129152.93000000001
1602979200,10.63865,10.80838,10.60063,10.71246,246286.06
1602993600,10.71246,10.9042,10.69942,10.88312,107081.07
1603008000,10.88898,10.90777,10.72642,10.76246,69494.22
1603022400,10.7682,10.89998,10.75,10.80741,206223.18
1603036800,10.80959,10.97,10.80959,10.86669,196073.4
1603051200,10.86669,10.98943,10.83502,10.94729,178812.32
1603065600,10.97,10.99485,10.66647,10.66647,241397.59999999998
1603080000,10.67232,10.77652,10.6613,10.77303,95305.75
1603094400,10.76308,10.85892,10.72856,10.74902,92012.75
1603108800,10.75766,11.045,10.705,11.01144,315190.25
1603123200,11.01454,11.23499,10.92172,10.99171,342685.59
1603137600,11.0,11.02971,10.82302,10.91092,175326.55
1603152000,10.91092,10.93378,10.80988,10.91014,128643.78
1603166400,10.91812,10.91812,10.62044,10.69258,201191.29
1603180800,10.68728,10.74655,10.37147,10.40603,254553.90999999997
1603195200,10.39834,10.50423,10.16546,10.34422,430155.56
1603209600,10.3412,10.34494,9.93,10.11892,686243.9500000001
1603224000,10.05002,10.11302,9.78552,9.87542,266197.67
1603238400,9.86919,10.41719,9.80524,10.30678,596966.79
1603252800,10.30076,10.59,10.29,10.40717,313027.97
1603267200,10.402,10.55,10.32649,10.45141,144870.87
1603281600,10.45735,10.87298,10.34479,10.82,615516.26
1603296000,10.81999,11.15016,10.75,10.8659,767352.6599999999
1603310400,10.85646,11.1451,10.78467,10.81,595033.33
1603324800,10.81,11.02051,10.72748,10.78533,266104.83
1603339200,10.78491,11.18,10.72186,11.16312,211925.16999999998
1603353600,11.16417,11.61811,11.13946,11.6,506980.49
1603368000,11.59999,11.79466,11.36377,11.73257,606421.88
1603382400,11.74499,12.39998,11.74499,12.15032,1257481.56
1603396800,12.15275,12.45,11.78777,11.98018,847125.97
1603411200,11.96693,12.26684,11.73059,12.01612,619456.59
1603425600,12.02346,12.15107,11.80192,11.81662,273716.93
1603440000,11.80553,12.22066,11.73263,12.09873,203252.09999999998
1603454400,12.09127,12.2697,11.85253,11.96081,341258.68
1603468800,11.9608,12.11543,11.573,12.06803,698388.5700000001
1603483200,12.06491,12.23763,11.91,12.17661,530221.14
1603497600,12.17471,12.24742,12.0,12.17311,225563.47999999998
1603512000,12.1735,12.55,12.1735,12.29615,357863.43
1603526400,12.30186,12.51137,12.25453,12.49644,166476.2
1603540800,12.50651,12.88,12.40085,12.67295,604901.01
1603555200,12.67928,12.97,12.67928,12.87312,459117.76
1603569600,12.87253,12.9,12.61462,12.72339,296585.58
1603584000,12.714,12.87066,12.53084,12.76922,275376.31
1603598400,12.77201,12.80232,12.24072,12.52776,377736.94
1603612800,12.52074,12.53315,12.08,12.18654,294452.79
1603627200,12.18047,12.37882,12.051,12.10396,278188.24
1603641600,12.1,12.36967,11.9,12.2934,382448.82
1603656000,12.29842,12.40999,12.0324,12.16347,329089.70999999996
1603670400,12.1611,12.47037,11.90737,12.37161,412211.69
1603684800,12.37018,12.43974,12.06705,12.09425,139630.65
1603699200,12.09504,12.24923,11.97338,12.13681,178896.56
1603713600,12.13296,12.15048,11.53647,11.6401,762626.24
1603728000,11.64009,11.787,11.2752,11.72915,980801.2100000001
1603742400,11.73113,11.9,11.70071,11.74203,316208.97
1603756800,11.72246,11.96506,11.71863,11.77627,213919.43
1603771200,11.77863,11.90896,11.61075,11.73145,277897.8
1603785600,11.7302,12.07612,11.51,12.07612,243138.26
1603800000,12.08,12.3,11.99,12.19961,653114.76
1603814400,12.20672,12.488,12.13,12.26207,585484.03
1603828800,12.26207,12.27543,11.82668,11.9549,444274.1
1603843200,11.96069,12.24,11.82802,11.91045,391969.14
1603857600,11.90407,12.01211,11.60001,11.77495,265311.41000000003
1603872000,11.77294,11.79395,11.38116,11.44,284384.45
1603886400,11.43576,11.62378,11.10759,11.50023,627047.96
1603900800,11.50028,11.66917,11.29007,11.48858,384159.4
1603915200,11.49706,11.50878,11.2,11.46,406959.21
1603929600,11.46,11.75856,11.42549,11.75673,487379.24
1603944000,11.75043,11.81,11.50082,11.54,236214.09999999998
1603958400,11.55297,11.58224,11.27622,11.285,183701.85
1603972800,11.2784,11.739,11.00602,11.60325,586013.5
1603987200,11.60905,11.68482,11.25,11.25467,406908.73
1604001600,11.25576,11.4433,11.11359,11.27365,307700.55
1604016000,11.2654,11.48686,11.06576,11.1161,301139.76
1604030400,11.11292,11.2,10.8322,11.02916,570301.57
1604044800,11.04825,11.19329,10.75,10.98074,343920.33
1604059200,10.97562,11.11502,10.80323,11.11403,378908.23
1604073600,11.11401,11.26488,10.94411,11.12711,321974.95
1604088000,11.12685,11.36647,11.02918,11.09075,318118.25
1604102400,11.09075,11.286,11.00513,11.04653,206860.93
1604116800,11.04788,11.15012,10.90742,11.12387,112951.54999999999
1604131200,11.12959,11.39679,11.07911,11.26002,283289.12
1604145600,11.25721,11.38819,11.22809,11.3,232198.28
1604160000,11.29999,11.35853,11.07764,11.1439,146618.43
1604174400,11.14826,11.27381,11.08,11.24327,131134.48
1604188800,11.22231,11.385,11.15,11.22576,123456.26000000001
1604203200,11.22704,11.27922,11.14051,11.26951,80359.56999999999
1604217600,11.27001,11.28169,11.03864,11.09738,89874.25
1604232000,11.10225,11.22517,11.0427,11.18673,77635.38
1604246400,11.18376,11.24689,11.14047,11.2129,69794.86
1604260800,11.22172,11.59998,11.22172,11.57397,407478.75
1604275200,11.5889,11.69159,11.5,11.5111,348942.72000000003
1604289600,11.50948,11.67,11.42117,11.64719,165749.75
1604304000,11.6436,11.65217,11.01159,11.12113,404714.49
1604318400,11.10773,11.10773,10.71576,10.94477,480687.17
1604332800,10.94583,10.98035,10.75046,10.93874,367459.25
1604347200,10.93829,11.00438,10.75,10.77409,352763.65
1604361600,10.77409,10.77475,10.05,10.20998,962168.02
1604376000,10.21074,10.41727,10.10004,10.28027,473222.73
1604390400,10.28395,10.54178,10.23436,10.50141,202537.52000000002
1604404800,10.50215,10.67,10.31565,10.33982,415671.56
1604419200,10.33787,10.38997,10.07934,10.30806,417690.21
1604433600,10.3111,10.56121,10.277,10.3925,435297.71
1604448000,10.39407,10.40814,10.16218,10.32496,300611.92000000004
1604462400,10.33605,10.42573,10.08303,10.13812,185874.31
1604476800,10.13381,10.33394,10.0916,10.16232,135794.58000000002
1604491200,10.16115,10.22708,9.76,9.89407,712925.29
1604505600,9.89388,10.68166,9.78467,10.58723,1109226.8499999999
1604520000,10.59364,10.6366,10.36075,10.49168,390245.02999999997
1604534400,10.50013,10.66038,10.42902,10.55704,292494.5
1604548800,10.56,10.63,10.39547,10.46,188016.99
1604563200,10.45149,10.49899,10.11328,10.24053,337723.38
1604577600,10.24468,10.91889,10.08339,10.81734,979082.41
1604592000,10.81953,11.29421,10.77246,11.07964,908743.77
1604606400,11.08744,11.2,10.87426,11.00472,505767.24
1604620800,11.00924,11.5408,10.94985,11.16072,877517.12
1604635200,11.15354,11.44614,11.15354,11.425,245656.1
1604649600,11.42055,11.70547,11.14245,11.6331,345245.19
1604664000,11.63892,11.86,11.42911,11.51156,463905.41000000003
1604678400,11.51259,12.0338,11.51187,11.87014,705934.79
1604692800,11.87014,12.3,11.67522,12.19186,637728.98
1604707200,12.19186,13.61894,12.17629,12.86467,2897905.93
1604721600,12.8609,13.12193,12.72126,12.98109,506736.96
1604736000,12.98928,13.4603,12.82038,13.43707,414665.94
1604750400,13.4295,13.46792,12.08783,12.73483,1549233.87
1604764800,12.70333,13.03123,11.5,11.76031,2190590.9
1604779200,11.76957,12.12099,11.4952,11.79974,993258.7899999999
1604793600,11.78373,12.19669,11.5,11.94294,740960.76
1604808000,11.94307,12.10231,11.81806,11.91014,304609.27999999997
1604822400,11.91988,12.62292,11.86,12.56842,427794.4
1604836800,12.5769,13.0,12.24019,12.82051,637525.96
1604851200,12.83261,13.1,12.58442,12.71457,734206.47
1604865600,12.70599,12.87128,12.31,12.71617,650143.4000000001
1604880000,12.70008,12.84668,12.37001,12.37823,496139.79
1604894400,12.39007,12.51606,12.19216,12.19216,235269.71
1604908800,12.20575,13.04778,12.095,12.95641,388791.56
1604923200,12.95719,12.97844,12.12859,12.28,867497.24
1604937600,12.27801,12.72515,12.02,12.57596,704718.52
1604952000,12.57596,12.821,12.42,12.52851,440819.15
1604966400,12.53625,12.8,12.327,12.79975,472187.65
1604980800,12.78923,13.1,12.65003,12.802,660430.54
1604995200,12.80396,13.20772,12.66349,12.79786,508337.83999999997
1605009600,12.78746,12.99373,12.5,12.64168,510208.64
1605024000,12.64078,13.1,12.63765,13.07692,389587.49
1605038400,13.07652,13.29531,12.93684,13.02569,936454.41
1605052800,13.01909,13.39,13.00452,13.17341,634556.23
1605067200,13.178,13.26758,13.02677,13.19174,256978.35
1605081600,13.1942,13.234,12.92673,13.0,227450.99
1605096000,13.0,13.13825,12.85004,13.00067,318193.01
1605110400,13.00356,13.44159,13.00356,13.13828,643025.43
1605124800,13.13811,13.14,12.74123,12.77217,637754.54
1605139200,12.77099,12.83283,12.35019,12.76308,652375.76
1605153600,12.74184,12.9579,12.68184,12.89357,171034.93
1605168000,12.88756,13.1,12.53,12.67545,156066.99
1605182400,12.68383,12.78388,12.33146,12.63442,463541.38
1605196800,12.63603,12.63672,12.23871,12.46321,437495.93
1605211200,12.45701,12.62556,12.31146,12.42429,417059.05
1605225600,12.42045,12.89504,12.32582,12.74,561118.86
1605240000,12.74981,12.75772,12.42576,12.50417,184100.3
1605254400,12.51232,12.95,12.43964,12.82393,221543.01
1605268800,12.82761,12.97974,12.71,12.77332,355727.01
1605283200,12.77229,12.89678,12.52314,12.89423,314414.19
1605297600,12.89205,13.03692,12.77179,12.8908,561438.97
1605312000,12.88534,12.94654,12.66,12.77017,346877.01
1605326400,12.76051,12.76169,12.56651,12.61,266698.52
1605340800,12.60521,12.63069,12.34428,12.51756,224734.36000000002
1605355200,12.51556,12.65688,12.46637,12.5343,122003.77
1605369600,12.52,12.66781,12.3601,12.5339,224117.72
1605384000,12.53803,12.63389,12.44478,12.55617,147297.26
1605398400,12.56938,12.65508,12.41005,12.42,155238.84
1605412800,12.41903,12.60799,12.41,12.58925,138273.7
1605427200,12.59366,12.65,12.42,12.42,68002.87
1605441600,12.42,12.55493,12.37741,12.46944,99672.17
1605456000,12.46944,12.56884,11.93073,12.01001,669857.84
1605470400,12.01155,12.17659,11.83003,12.13003,421078.42000000004
1605484800,12.13099,12.29529,12.00111,12.16312,231628.18
1605499200,12.1771,12.34,12.12053,12.31029,281436.59
1605513600,12.31052,12.42485,12.24054,12.28766,236778.36
1605528000,12.28759,12.813,12.24897,12.71131,432139.47
1605542400,12.71865,12.81477,12.57271,12.63111,417634.79000000004
1605556800,12.63514,12.72474,12.46003,12.62724,325049.55000000005
1605571200,12.62063,12.99,12.60733,12.7395,494529.06
1605585600,12.74028,12.95,12.73455,12.941,235180.24
1605600000,12.94694,12.99,12.66,12.78452,178498.74
1605614400,12.7861,12.98749,12.53613,12.74354,616690.1799999999
1605628800,12.74312,13.218,12.65,13.2147,792954.4199999999
1605643200,13.20643,13.41667,12.9723,13.4,794896.68
1605657600,13.4,14.168,13.39195,13.96005,1797197.1
1605672000,13.95155,14.27396,12.632,13.57225,2303910.6
1605686400,13.5729,13.78686,13.30879,13.55903,497349.48000000004
1605700800,13.54361,13.60318,12.85,13.27462,892643.1699999999
1605715200,13.27028,13.41405,13.032,13.12309,460119.89
1605729600,13.10611,13.7,12.90114,13.58127,550127.8
1605744000,13.58264,13.62307,13.22098,13.42961,294253.29000000004
1605758400,13.43,13.46068,13.11051,13.20218,344935.67
1605772800,13.19646,13.49999,13.0326,13.49143,218814.56
1605787200,13.49194,13.9,13.4163,13.8421,711723.1699999999
1605801600,13.85114,14.0,13.52659,13.68669,578778.75
1605816000,13.684,13.98581,13.41031,13.63211,602891.84
1605830400,13.62222,13.90838,13.45638,13.79822,435168.05
1605844800,13.80076,13.96191,13.65821,13.823,307601.98
1605859200,13.83513,14.27549,13.76027,14.1437,475401.58999999997
1605873600,14.15454,14.48302,13.96533,14.26364,777481.07
1605888000,14.26643,14.37997,14.06404,14.26333,549556.01
1605902400,14.26093,14.37885,14.02,14.1144,405408.4
1605916800,14.10059,14.36,13.84855,14.03287,802247.8
1605931200,14.03,14.27823,13.71294,14.27041,510327.24
1605945600,14.27994,14.5679,14.07305,14.11087,364733.17
1605960000,14.10731,15.19998,14.0,15.1295,1119768.4500000002
1605974400,15.14,15.41,14.85001,15.14404,1058894.6300000001
1605988800,15.15844,15.5,14.93165,15.46892,722584.0700000001
1606003200,15.46405,15.72,14.6,15.06412,1409244.72
1606017600,15.0506,15.0506,14.42,14.76245,464816.86
1606032000,14.75914,14.91203,13.85,14.13598,457873.22
1606046400,14.137,14.50823,14.03184,14.40855,428368.66
1606060800,14.39023,15.04751,14.20092,15.0345,688310.47
1606075200,15.02671,15.18231,14.46763,14.52029,652723.99
1606089600,14.52449,14.8,14.25,14.69943,548069.1
1606104000,14.6818,15.08972,14.66117,15.0083,387602.29000000004
1606118400,15.01471,15.16,14.8632,14.90283,369850.77
1606132800,14.9,15.25,14.56435,14.8,885343.71
1606147200,14.8,15.02536,14.61124,15.01153,587074.57
1606161600,15.00861,15.44998,14.85121,15.28505,760801.51
1606176000,15.28175,15.94158,15.2115,15.70995,1174539.45
1606190400,15.70123,16.42016,15.13,15.6643,1891266.38
1606204800,15.67405,16.36793,15.15,15.38404,904154.35
1606219200,15.38404,15.65077,15.00001,15.62113,1090988.03
1606233600,15.62652,15.88,15.43633,15.78028,660961.6
1606248000,15.77664,15.90999,15.25002,15.66945,784463.5900000001
1606262400,15.65962,15.86708,15.1,15.22574,651498.26
1606276800,15.21523,15.44999,14.9,15.38983,469190.34
1606291200,15.38227,15.57363,15.28519,15.57139,226031.59999999998
1606305600,15.57135,15.62352,15.11,15.28772,487469.0
1606320000,15.29016,15.39166,14.90644,14.9517,440677.23
1606334400,14.94769,15.01324,13.80518,14.22,1377086.3
1606348800,14.22001,14.47607,11.55,12.5496,2072451.8399999999
1606363200,12.57022,13.09494,12.25,12.49713,1888427.29
1606377600,12.48366,12.85304,11.51,12.55201,2101864.97
1606392000,12.54751,12.85849,11.91573,12.15776,919648.47
1606406400,12.1333,12.27449,11.2898,12.0886,1434768.58
1606420800,12.08259,12.89612,12.06212,12.62545,987713.54
1606435200,12.6147,12.95,12.34715,12.52266,940923.59
1606449600,12.52266,12.82355,12.4312,12.49917,422368.88
1606464000,12.49918,12.51191,12.04,12.19243,690317.98
1606478400,12.19517,12.4664,12.028,12.03993,838810.77
1606492800,12.02801,12.39762,12.027,12.27514,584114.94
1606507200,12.27217,12.66,12.22707,12.49519,344114.64
1606521600,12.49626,12.69619,12.4184,12.55768,414390.27
1606536000,12.57556,12.60722,12.36006,12.5615,258049.15
1606550400,12.58039,12.65535,12.37281,12.62308,225643.74
1606564800,12.63025,13.25,12.60396,13.25,792934.23
1606579200,13.25,13.432,13.09759,13.37822,1044075.62
1606593600,13.36903,13.37029,13.02551,13.10024,473111.1
1606608000,13.10081,13.20636,12.85917,13.09185,372075.35000000003
1606622400,13.08169,13.17645,12.91013,13.05558,229851.95
1606636800,13.052,13.47214,13.04477,13.20489,219960.85
1606651200,13.21104,13.29477,13.02636,13.177,214032.26
1606665600,13.1762,13.21742,12.91352,13.02254,225584.15
1606680000,13.02234,13.4286,13.0082,13.39454,426937.8
1606694400,13.4,14.22143,13.4,14.08174,1084125.8800000001
1606708800,14.08434,14.16,13.911,14.03481,406159.11
1606723200,14.03886,14.06179,13.60959,13.90202,279742.58999999997
1606737600,13.9068,14.366,13.73523,13.95007,900206.5599999999
1606752000,13.96541,14.41996,13.95331,14.06565,542203.22
1606766400,14.05973,14.3394,14.00529,14.26859,300803.15
1606780800,14.25473,14.42454,14.05,14.21844,366360.32
1606795200,14.18067,14.60864,14.12554,14.52823,350081.73
1606809600,14.54283,14.91,14.25693,14.32632,908429.87
1606824000,14.32085,14.39728,13.01538,13.9701,1333902.26
1606838400,13.97769,14.03082,13.45706,13.77969,545620.6
1606852800,13.77315,13.88029,13.30231,13.35351,258365.2
1606867200,13.36366,13.61751,13.07002,13.20786,343459.06
1606881600,13.2089,13.67107,13.1256,13.66514,240072.56
1606896000,13.65337,13.91518,13.56295,13.825,183429.79
1606910400,13.81981,13.82643,13.51004,13.6702,232187.88999999998
1606924800,13.65643,13.99961,13.45802,13.93028,325382.3
1606939200,13.93537,14.1574,13.83569,13.98656,432016.36
1606953600,13.97996,14.09998,13.75,13.89167,282800.59
1606968000,13.89689,14.0683,13.66478,13.94766,221656.11000000002
1606982400,13.94301,14.07971,13.79,13.99961,139622.79
1606996800,13.99291,14.1199,13.84612,14.1199,154385.16
1607011200,14.12,14.23821,13.87,13.96081,365722.32999999996
1607025600,13.96583,14.04409,13.89633,13.9959,248189.56
1607040000,13.97889,14.0429,13.55997,13.57628,237336.34000000003
1607054400,13.56876,13.76651,13.52429,13.64497,318775.19
1607068800,13.64787,13.86838,13.19275,13.32499,279536.1
1607083200,13.32833,13.47333,13.2057,13.3,215167.05
1607097600,13.29674,13.36998,13.01574,13.33067,439891.48
1607112000,13.32908,13.33604,12.50003,12.66923,782338.37
1607126400,12.67078,13.04,12.53,12.93029,373183.94
1607140800,12.94741,13.26205,12.89242,13.08156,179623.16999999998
1607155200,13.07366,13.35029,13.07366,13.18522,157303.79
1607169600,13.20034,13.34,13.07457,13.28107,197645.39
1607184000,13.27814,13.3,13.14115,13.25434,183751.24
1607198400,13.25542,13.26897,13.03477,13.18144,289138.95
1607212800,13.19043,13.39385,13.18,13.21596,283334.08999999997
1607227200,13.18749,13.24301,13.11225,13.18046,164930.07
1607241600,13.18294,13.20096,12.92057,13.05674,80698.59
1607256000,13.05785,13.22501,12.78,13.12632,198765.82
1607270400,13.12229,13.488,13.05994,13.3912,211764.51
1607284800,13.3876,13.53777,13.215,13.52444,222306.71
1607299200,13.52495,13.56809,13.25,13.28491,131657.46000000002
1607313600,13.27591,13.33731,13.17832,13.30249,135630.28
1607328000,13.30822,13.30824,13.03161,13.03161,77384.87
1607342400,13.03001,13.29173,13.01382,13.20097,124790.81
1607356800,13.20395,13.25711,12.87134,12.95477,252461.58
1607371200,12.95555,13.14442,12.91068,13.06895,136825.96
1607385600,13.07737,13.1671,13.00011,13.05189,174502.57
1607400000,13.05633,13.19,13.03595,13.06289,113064.93
1607414400,13.07386,13.09633,12.50035,12.53163,246189.38
1607428800,12.52,12.73077,12.39259,12.60094,360114.36
1607443200,12.5967,12.6842,12.36738,12.51,345031.38
1607457600,12.51,12.56184,11.96555,12.12374,701937.5800000001
1607472000,12.12374,12.15799,11.61,11.97587,1137672.06
1607486400,11.97947,12.05492,11.6709,11.71346,281874.62
1607500800,11.70495,12.33,11.57,12.21653,336008.74
1607515200,12.24126,12.45001,12.19073,12.30695,424406.11
1607529600,12.31665,12.5551,12.17104,12.38138,357923.60000000003
1607544000,12.39373,12.82476,12.38866,12.62725,376373.3
1607558400,12.62578,12.67811,12.35013,12.36469,267359.02
1607572800,12.3582,12.47492,12.15471,12.27205,125484.38
1607587200,12.26813,12.39743,12.10797,12.14452,153471.99
1607601600,12.14001,12.29485,11.80811,12.07898,316324.48
1607616000,12.06945,12.12491,11.96002,12.09575,284434.16000000003
1607630400,12.09793,12.18891,11.88338,11.89491,419359.54000000004
1607644800,11.9158,11.9867,11.53,11.80211,623715.85
1607659200,11.79729,11.86422,11.56987,11.65924,288233.49
1607673600,11.66583,11.82711,11.42,11.48973,290053.13
1607688000,11.4882,11.80657,11.45108,11.74819,251365.3
1607702400,11.75182,11.75182,11.49592,11.6382,211016.79
1607716800,11.65035,11.85513,11.56246,11.65071,389100.42000000004
1607731200,11.6376,12.16404,11.60701,12.09,570750.32
1607745600,12.09,12.27856,12.05481,12.23811,232968.15000000002
1607760000,12.22993,12.27689,12.05239,12.13248,90035.43
1607774400,12.13279,12.1499,11.86309,11.91919,236540.35
1607788800,11.91949,12.11042,11.87265,12.08362,193772.08000000002
1607803200,12.0861,12.35911,12.06097,12.2312,265481.02
1607817600,12.24069,12.43447,12.03639,12.08,166904.06
1607832000,12.08,12.43968,12.0549,12.40041,156503.62
1607846400,12.41956,12.68679,12.39118,12.63183,137751.16
1607860800,12.647,12.68747,12.48669,12.59572,182633.18
1607875200,12.6,13.2967,12.6,12.99444,523063.13
1607889600,12.99437,13.06415,12.82355,12.93759,289281.14
1607904000,12.9342,12.96038,12.7,12.88734,250661.49
1607918400,12.88858,12.88858,12.62,12.67459,81310.16
1607932800,12.68106,12.77492,12.41,12.46203,101843.98999999999
1607947200,12.46755,12.71618,12.32379,12.605,166847.24
1607961600,12.6005,12.87825,12.47368,12.79594,242323.39
1607976000,12.80956,12.9796,12.76787,12.85276,260577.97999999998
1607990400,12.85564,13.0,12.76233,12.87819,208474.59
1608004800,12.86799,12.88271,12.52303,12.62819,182265.05000000002
1608019200,12.63153,12.79443,12.46696,12.70386,163439.94999999998
1608033600,12.69394,12.7732,12.58741,12.63801,129034.87000000001
1608048000,12.6367,12.8047,12.57716,12.785,177701.14
1608062400,12.80466,12.8548,12.6155,12.67646,160309.4
1608076800,12.67074,12.6994,12.3152,12.42323,433070.43
1608091200,12.41151,12.52405,12.36784,12.48288,111062.76
1608105600,12.48357,12.68831,12.43683,12.58155,130107.99
1608120000,12.58222,13.32225,12.47928,13.20281,765138.98
1608134400,13.20885,13.44076,13.12,13.30101,412406.53
1608148800,13.3133,13.51575,13.17917,13.51078,497138.93
1608163200,13.49678,13.80739,13.31339,13.38913,517920.66000000003
1608177600,13.3883,13.64073,13.3883,13.58673,199710.3
1608192000,13.57895,14.25207,13.06241,14.01688,633081.14
1608206400,14.03285,14.18448,13.77542,14.17288,428431.65
1608220800,14.16823,14.56556,13.37009,13.64297,1151828.99
1608235200,13.62525,13.76442,13.26229,13.46155,580645.79
1608249600,13.45938,14.01001,13.19493,13.68579,666242.41
1608264000,13.67559,13.74767,13.52062,13.68932,233363.4
1608278400,13.68733,14.01525,13.55013,13.67,152775.12
1608292800,13.69488,13.76169,13.29,13.37347,293833.76
1608307200,13.37539,13.57135,13.20113,13.42848,257768.4
1608321600,13.42875,13.57997,13.30197,13.52018,191040.0
1608336000,13.52617,13.65908,13.31236,13.55139,289805.32
1608350400,13.55717,13.77102,13.5,13.57505,313290.39
1608364800,13.58328,13.90824,13.55452,13.82721,215466.37
1608379200,13.83353,13.9922,13.63,13.80658,371604.74
1608393600,13.8039,13.94483,13.58,13.63362,444433.97
1608408000,13.62901,13.75024,13.38143,13.4925,262873.86
1608422400,13.48888,13.51324,13.24375,13.29376,332157.58
1608436800,13.28768,13.48999,13.08002,13.484,268154.58
1608451200,13.49,13.84497,13.403,13.44307,235755.8
1608465600,13.4451,13.65187,13.19469,13.59806,255969.42
1608480000,13.59806,13.71661,13.38914,13.43,360557.64
1608494400,13.43,13.67616,12.68379,13.07,692551.26
1608508800,13.07,13.22193,12.86096,13.12561,427421.74
1608523200,13.11834,13.27633,12.98343,13.16312,179246.16
1608537600,13.14537,13.21154,12.18561,12.3079,586334.7899999999
1608552000,12.30411,12.57695,12.15,12.39,482702.98
1608566400,12.37856,12.5443,12.09,12.39759,622289.15
1608580800,12.4,12.59357,12.3,12.30765,240981.26
1608595200,12.30261,12.48494,12.13206,12.37695,384670.14
1608609600,12.38736,12.5273,12.011,12.06452,300416.97
1608624000,12.05053,12.2845,11.81694,12.23079,320636.03
1608638400,12.23485,12.74522,12.19566,12.63412,406863.37
1608652800,12.63915,12.83233,12.52392,12.5522,362993.47
1608667200,12.56428,12.85152,12.42207,12.80274,305140.02
1608681600,12.78594,12.87706,12.48024,12.53844,300190.29
1608696000,12.54003,12.54003,12.08288,12.29835,386906.28
1608710400,12.28865,12.36028,11.62996,11.89,373745.55
1608724800,11.89,12.20215,11.67445,11.7324,675190.52
1608739200,11.73878,11.99044,11.555,11.86997,540334.16
1608753600,11.86706,11.89598,8.72,10.98005,3681470.66
1608768000,10.97371,11.05512,10.04246,10.40994,2206208.43
1608782400,10.41467,10.56986,9.86137,10.28964,1077227.77
1608796800,10.28964,10.7,10.15377,10.68179,576066.95
1608811200,10.67982,11.2,10.52993,10.86305,740930.15
1608825600,10.85715,11.22343,10.65181,11.14684,787735.9199999999
1608840000,11.14456,11.68996,11.00321,11.56926,848780.9299999999
1608854400,11.56911,11.697,11.156,11.22026,520560.32
1608868800,11.21961,11.32917,11.05837,11.25481,367416.11
1608883200,11.25481,11.8732,11.25481,11.77871,422124.26
1608897600,11.78796,11.86693,11.34641,11.39735,366807.57
1608912000,11.39472,11.909,11.22333,11.55123,697603.03
1608926400,11.55781,11.72088,11.40072,11.56168,445910.61
1608940800,11.56116,11.68715,11.49148,11.58164,276320.20999999996
1608955200,11.58898,11.80503,11.40132,11.48958,339221.0
1608969600,11.49239,11.57365,10.65429,10.9998,351090.67000000004
1608984000,10.99191,11.1332,10.78518,10.86882,515843.0
1608998400,10.85698,11.38668,10.71,10.91839,913487.25
1609012800,10.9196,11.07267,10.62777,10.96718,840899.4199999999
1609027200,10.96845,11.33967,10.82342,11.1193,710396.59
1609041600,11.12579,11.33,11.04298,11.12707,551150.52
1609056000,11.12963,11.12965,10.39363,10.67971,727371.81
1609070400,10.66482,12.93,10.48697,12.88963,2873730.5300000003
1609084800,12.88184,13.22,12.27401,12.72161,1907006.54
1609099200,12.72489,12.72503,11.83555,12.14707,1417438.43
1609113600,12.14276,12.50126,11.96,12.23781,705855.2
1609128000,12.22587,12.6794,12.01175,12.50722,664128.52
1609142400,12.50155,12.65189,12.16201,12.42945,452303.0
1609156800,12.42206,12.55255,12.15523,12.25292,516038.48
1609171200,12.25442,12.75,12.22001,12.60008,638311.52
1609185600,12.5999,12.92722,12.32003,12.5983,806986.36
1609200000,12.59339,13.00907,12.03975,12.05,898248.7699999999
1609214400,12.05,12.14555,11.71261,11.97006,848346.84
1609228800,11.9626,12.22997,11.83,11.98935,301232.4
1609243200,11.99449,12.18785,11.29,11.29652,826285.6
1609257600,11.2966,11.661,10.8,11.57231,1369419.79
1609272000,11.57534,11.79999,11.37073,11.77536,503738.11
1609286400,11.77136,11.97841,11.51335,11.54394,714280.73
1609300800,11.5486,11.85295,11.48049,11.63,483031.18
1609315200,11.63,11.72639,11.26666,11.29964,306800.15
1609329600,11.29753,11.49071,11.23885,11.27501,578529.48
1609344000,11.28094,11.44999,11.06418,11.31264,754665.56
1609358400,11.32456,11.42752,11.15629,11.255,325129.83999999997
1609372800,11.25501,11.30001,10.9462,11.22455,564443.4
1609387200,11.22008,11.61066,11.08484,11.51859,377088.65
1609401600,11.52511,11.76268,11.4,11.54414,381017.55
1609416000,11.55564,11.63829,11.14369,11.2029,433309.74
1609430400,11.2016,11.47421,11.12811,11.26543,553546.48
1609444800,11.26543,11.3137,11.0381,11.25489,344412.75
1609459200,11.24796,11.63749,11.08824,11.5089,552806.84
1609473600,11.52965,11.56753,11.35,11.40303,264593.71
1609488000,11.407,11.77889,11.25574,11.72953,282311.72
1609502400,11.73942,12.47666,11.73268,12.16036,881555.27
1609516800,12.16899,12.37581,11.57334,11.82895,662686.0700000001
1609531200,11.81973,12.12998,11.78544,11.88126,594540.52
1609545600,11.88126,11.92735,11.46666,11.77684,591428.4299999999
1609560000,11.7766,11.97,11.65,11.65078,222524.13999999998
1609574400,11.65552,11.71719,11.51142,11.69065,140120.99
1609588800,11.69065,12.14389,11.57232,11.97665,590213.02
1609603200,11.97692,12.45457,11.73097,12.35821,1404880.98
1609617600,12.35999,12.38298,11.67872,12.23513,1011712.53
1609632000,12.23427,12.47,11.95015,11.95518,554721.55
1609646400,11.95593,12.24956,11.90778,12.01964,600599.55
1609660800,12.01686,12.7777,11.83,12.59093,706422.3
1609675200,12.59838,13.48235,12.44743,13.23931,1651132.48
1609689600,13.23284,13.51916,12.66667,13.01656,1692268.83
1609704000,13.0247,14.03648,13.01983,13.70702,1631071.3
1609718400,13.72075,14.69214,13.66858,14.5726,1774226.25
1609732800,14.57076,15.71713,13.66037,14.3059,3288692.6
1609747200,14.32423,14.7,12.3511,13.3503,2424098.66
1609761600,13.35934,13.91,13.19496,13.82903,1155318.3900000001
1609776000,13.80872,13.89084,13.0,13.61155,1074362.38
1609790400,13.61225,13.70935,13.1,13.60876,882671.86
1609804800,13.60098,14.4455,13.179,13.24364,2190325.16
1609819200,13.2336,13.71615,13.11426,13.50384,859917.14
1609833600,13.50812,14.58658,13.50812,14.50575,875519.98
1609848000,14.50006,14.61142,13.84565,14.53004,998098.0399999999
1609862400,14.56333,14.82999,14.1052,14.47087,1201227.65
1609876800,14.47206,14.94477,14.31905,14.56596,1053897.51
1609891200,14.56674,14.73817,14.15591,14.3678,846463.03
1609905600,14.35886,14.81902,14.23346,14.38077,738653.42
1609920000,14.38602,15.5,14.31998,15.20367,1065958.73
1609934400,15.22546,17.0,15.09685,16.29697,3157812.89
1609948800,16.29444,17.3,16.0,16.12001,2802932.48
1609963200,16.13261,17.35557,15.75,17.27249,2036269.3599999999
1609977600,17.28044,17.45,16.57567,16.98704,1357295.07
1609992000,16.99266,17.02481,16.34,16.50581,929468.11
1610006400,16.50867,16.72,16.0506,16.30803,571755.77
1610020800,16.30806,17.0,16.1357,16.98589,1166313.26
1610035200,16.99166,17.39971,15.1,16.29222,2312888.59
1610049600,16.30282,16.63563,15.40844,15.99469,1428109.88
1610064000,15.99,16.16106,14.05867,15.043,2649893.48
1610078400,15.043,15.7077,14.5555,15.70712,858499.4299999999
1610092800,15.70429,16.20612,15.31035,15.81355,572500.51
1610107200,15.80165,16.09523,15.0,15.48231,937324.23
1610121600,15.49593,15.89022,14.89353,14.97825,814130.6799999999
1610136000,14.95981,15.44547,14.53436,15.24595,932437.08
1610150400,15.26852,15.88454,15.0301,15.7626,792519.5
1610164800,15.75852,15.76597,15.0315,15.38474,434110.04000000004
1610179200,15.38078,16.24,15.25591,16.0137,406589.45
1610193600,16.01486,16.37223,15.82273,16.30007,429528.45
1610208000,16.29462,17.15,16.16686,16.93822,1154341.2
1610222400,16.94301,17.95897,16.56149,17.62978,2146062.73
1610236800,17.62977,18.5,17.46477,17.61192,1825296.61
1610251200,17.60026,18.2,17.51783,18.09472,622175.04
1610265600,18.09471,18.14266,16.5155,16.6536,904262.48
1610280000,16.65361,17.50888,16.5,17.03232,767569.63
1610294400,17.03475,17.36,16.02,16.21719,1356586.26
1610308800,16.20044,16.72478,15.36001,16.21958,1501998.62
1610323200,16.21124,16.25594,13.93719,14.79424,2957216.55
1610337600,14.79424,15.10146,13.8,14.42564,2096978.0
1610352000,14.43733,15.23456,14.10372,14.16734,695557.52
1610366400,14.1574,14.51459,13.01,13.39388,2144760.97
1610380800,13.3957,13.9,12.5,13.54334,2934024.63
1610395200,13.5332,14.71,13.26688,14.66602,1302952.92
1610409600,14.66216,14.72224,13.92516,14.62697,1199472.34
1610424000,14.62735,15.4875,14.51,15.24283,1081765.52
1610438400,15.245,15.32592,14.38,14.90073,538609.1900000001
1610452800,14.8816,15.23875,13.71306,14.27586,1366475.37
1610467200,14.28029,14.77434,14.0122,14.26684,1524116.44
1610481600,14.26684,14.39871,13.63107,13.95404,1037172.1499999999
1610496000,13.95625,14.24708,13.267,13.89257,1168862.42
1610510400,13.89208,14.47349,13.59,14.42838,416831.82
1610524800,14.42839,14.83622,14.20756,14.62209,482726.93000000005
1610539200,14.62209,15.41432,14.42174,15.17,940068.99
1610553600,15.16999,16.0,15.15615,15.73153,1347466.58
1610568000,15.72543,16.23696,15.58,15.94516,1163105.02
1610582400,15.96946,16.3675,15.46127,15.49313,864145.26
1610596800,15.49246,16.01796,15.33229,15.82865,463017.66000000003
1610611200,15.82667,16.09231,15.5154,16.00163,298687.86
1610625600,16.00163,16.5,15.74676,16.28602,694115.29
1610640000,16.28699,17.32787,16.28699,17.3046,1277092.48
1610654400,17.3,17.97272,16.27,17.97239,2061063.51
1610668800,17.9642,18.78899,17.62,17.95091,2417109.54
1610683200,17.93486,18.5,17.51331,18.4172,1325840.8399999999
1610697600,18.43499,18.67999,17.8942,18.04754,893215.5800000001
1610712000,18.06503,21.39995,17.7,18.60665,5384888.21
1610726400,18.63757,20.5,17.6,19.18695,4042296.3
1610740800,19.18247,21.4,18.87024,20.76328,3004000.61
1610755200,20.75,22.49,20.73075,22.13856,3709358.69
1610769600,22.13297,22.72232,21.22004,22.29797,1769312.78
1610784000,22.322,22.84,21.41007,22.2737,1059762.3
1610798400,22.2651,22.5,21.4842,22.19022,1150657.85
1610812800,22.19023,22.95833,20.45436,21.14089,1880179.77
1610827200,21.15988,21.59374,19.58,20.12,1517764.8800000001
1610841600,20.12977,21.19745,19.4,20.90223,1477471.07
1610856000,20.91491,21.28623,19.85538,20.06556,941249.54
1610870400,20.07883,20.79979,19.6576,20.53508,918657.46
1610884800,20.56006,21.13818,19.97,21.04659,706953.53
1610899200,21.03954,23.68526,20.90344,22.98956,2299351.04
1610913600,23.02372,23.73,22.52469,23.26742,2277278.99
1610928000,23.27016,23.69079,21.68436,22.0255,1674314.8800000001
1610942400,22.04327,22.77,21.89235,22.50272,790927.08
1610956800,22.51998,22.85418,21.61999,21.94561,636187.23
1610971200,21.94659,22.16485,21.37004,21.69509,666352.42
1610985600,21.68819,22.19999,21.11,21.85673,679696.04
1611000000,21.86652,22.1704,21.38337,22.03632,644145.65
1611014400,22.02204,22.17971,21.43949,21.72123,967398.1599999999
1611028800,21.72886,21.99178,21.31436,21.98289,582907.96
1611043200,21.98402,22.96573,21.90993,22.21174,905926.49
1611057600,22.20647,22.25976,21.24836,21.68493,974624.04
1611072000,21.67811,21.96999,20.32555,20.72262,1044720.83
1611086400,20.7,21.46999,20.5,20.5531,639106.43
1611100800,20.55213,21.14904,20.12,20.22164,687574.63
1611115200,20.22,21.06,19.89515,20.78802,773032.3
1611129600,20.80175,20.88498,19.30917,19.63659,886625.37
1611144000,19.63239,20.45,19.06001,19.66451,917789.2
1611158400,19.63366,21.34767,19.21925,21.32194,1048649.13
1611172800,21.32022,21.98,20.77,21.8575,1058496.54
1611187200,21.85267,22.03823,21.1763,21.5131,758189.79
1611201600,21.51423,21.5813,20.61,20.72881,521529.31
1611216000,20.71735,20.74418,19.29,19.60426,890673.7
1611230400,19.58,20.54999,19.27453,19.5,1276247.5
1611244800,19.48432,20.12997,19.07085,19.92611,1064959.63
1611259200,19.92891,20.17,18.02953,18.41354,1656101.71
1611273600,18.39637,19.41,17.10429,19.27052,2805063.71
1611288000,19.28215,19.89444,19.12477,19.37679,867609.78
1611302400,19.37451,20.87,19.11833,20.59314,591614.77
1611316800,20.59778,21.88034,20.59778,21.72139,1014397.55
1611331200,21.74133,22.43653,21.46294,22.27973,1297540.63
1611345600,22.27973,22.47757,21.5,21.56518,1057510.44
1611360000,21.573,22.78544,21.12108,22.67092,1199281.71
1611374400,22.68028,24.55373,22.46493,23.87634,1485097.27
1611388800,23.88636,24.31454,22.71886,23.21054,577501.8200000001
1611403200,23.2,25.5,23.12516,25.00623,1833174.5
1611417600,25.04853,25.34524,24.56,24.93965,1114863.8900000001
1611432000,24.94561,25.511,24.35555,24.83174,1156656.92
1611446400,24.83174,24.91473,23.77,24.30545,1067848.8399999999
1611460800,24.30717,24.61311,23.80271,24.23498,645195.63
1611475200,24.23569,24.87011,24.09409,24.46705,267779.91
1611489600,24.46986,24.51494,23.65,24.01731,522357.89
1611504000,24.03033,24.94998,23.15,24.17023,1097980.72
1611518400,24.15305,24.88907,24.00136,24.83438,663637.02
1611532800,24.83438,25.83917,24.62991,25.38516,1283480.88
1611547200,25.37171,25.49,24.55002,24.8928,428576.51
1611561600,24.88627,24.93719,24.03135,24.6554,390436.77
1611576000,24.6717,24.91269,23.8,24.25971,843571.8300000001
1611590400,24.27296,24.41704,23.41494,23.66609,618699.85
1611604800,23.65031,23.9167,22.572,23.3881,1124843.81
1611619200,23.36844,23.99999,22.48577,22.72922,801548.64
1611633600,22.70374,23.33998,22.66438,22.90897,491576.66000000003
1611648000,22.90898,23.23625,22.51,22.86777,216526.24
1611662400,22.84972,22.93968,21.64546,22.30024,999713.3099999999
1611676800,22.29726,23.2672,21.84133,23.0,804316.81
1611691200,22.99526,23.32081,22.53473,23.13576,502698.54
1611705600,23.13047,23.25039,22.061,22.19375,531012.1
1611720000,22.19492,22.37027,21.71,22.13378,394585.32
1611734400,22.1263,22.1301,21.29978,21.31292,355805.65
1611748800,21.32623,21.65511,20.26,21.59954,953606.76
1611763200,21.59954,21.92673,20.42817,21.09436,974667.14
1611777600,21.09501,21.76785,20.77779,20.9969,681226.4
1611792000,21.00021,22.89331,20.52438,22.76771,935754.41
1611806400,22.76161,23.82352,22.66869,23.41987,1096426.82
1611820800,23.39751,24.4,23.15115,24.37071,543604.9199999999
1611835200,24.32504,24.49422,23.70533,24.0,768837.3
1611849600,24.0,24.14444,23.33103,23.65639,926287.56
1611864000,23.65638,23.91739,23.00502,23.07837,642566.51
1611878400,23.08342,23.72092,22.46094,22.59632,778913.12
1611892800,22.60055,23.06621,22.07007,22.64842,685874.12
1611907200,22.65416,23.94999,22.45383,23.55087,752302.36
1611921600,23.56874,24.30653,23.226,23.52471,938505.26
1611936000,23.53729,23.67495,22.51119,22.7844,713746.16
1611950400,22.79305,23.17488,22.67795,22.77436,532836.4
1611964800,22.75701,22.96136,22.2144,22.32083,525543.72
1611979200,22.30179,22.72831,22.2144,22.66107,232634.96000000002
1611993600,22.6687,22.7311,22.33367,22.40663,93444.5
1612008000,22.41102,23.49712,22.33138,23.16533,473985.62
1612022400,23.16933,23.98,22.81302,23.45672,769526.51
1612036800,23.45673,23.97969,23.4329,23.68064,481492.93000000005
1612051200,23.68956,24.7,23.22358,23.38877,977672.51
1612065600,23.36776,23.50003,22.8446,23.03381,524839.19
1612080000,23.03359,23.29862,22.82,23.03623,177277.1
1612094400,23.05048,23.24672,22.20124,22.45087,422899.42
1612108800,22.46863,22.59372,22.05,22.49162,586921.34
1612123200,22.48164,22.75,22.22357,22.57316,440148.43
1612137600,22.56886,22.57891,21.76,22.47803,677670.02
1612152000,22.47895,22.57709,22.1042,22.33689,390058.67
1612166400,22.36301,22.62822,22.18001,22.19709,362374.82
1612180800,22.18827,22.33886,21.65412,22.04121,428094.31999999995
1612195200,22.04886,22.50307,21.95644,22.41553,410158.43
1612209600,22.44,23.23,22.30914,22.89959,465542.67
1612224000,22.8787,23.4855,22.82957,23.00287,500122.61
1612238400,23.00287,23.61573,23.00287,23.45935,361085.81
1612252800,23.45351,23.7,22.95011,23.03459,289757.41000000003
1612267200,23.03306,23.33015,22.75858,22.77694,352465.18
1612281600,22.79088,23.21165,22.79088,23.16,475246.58999999997
1612296000,23.16,24.18247,23.14549,23.67457,598097.73
1612310400,23.67499,24.29999,23.56009,24.09723,540747.29
1612324800,24.105,24.38733,23.83692,24.03015,350520.77
1612339200,24.05244,24.9,23.7,24.55304,327021.18
1612353600,24.54214,25.52293,24.45728,25.3668,764015.8899999999
1612368000,25.38733,25.58,24.59556,24.72661,743215.29
1612382400,24.74921,25.2,24.58359,25.1273,508503.81
1612396800,25.13208,26.19544,24.21421,24.56911,1138929.79
1612411200,24.57852,25.08082,24.3,24.57961,334183.47
1612425600,24.60127,24.86277,22.82,23.69324,630429.35
1612440000,23.6855,24.33935,23.22,23.62333,578474.76
1612454400,23.62568,24.52494,23.25,24.43079,688783.31
1612468800,24.4308,25.25,24.2066,24.52854,930823.5499999999
1612483200,24.51668,25.9,24.44865,25.8958,1040505.48
1612497600,25.89999,26.99,25.68872,26.7308,1223813.53
1612512000,26.73497,26.97999,26.19271,26.52633,387562.58
1612526400,26.5127,27.0,25.8,26.46551,990615.07
1612540800,26.46551,26.84557,25.51,25.97443,910593.55
1612555200,25.959,26.82841,25.86535,26.3425,526502.88
1612569600,26.34659,26.82198,24.24381,25.25712,1422469.56
1612584000,25.24803,25.6087,24.82939,25.57818,533040.89
1612598400,25.57817,26.09436,25.00001,25.10171,325447.63
1612612800,25.10674,25.71497,25.00677,25.1395,308341.66000000003
1612627200,25.13213,26.0,24.68002,25.61747,512750.08999999997
1612641600,25.63433,25.69109,24.86665,25.08035,524709.87
1612656000,25.07714,25.31274,24.11111,24.55019,567461.13
1612670400,24.54301,24.60445,23.66667,24.53859,382025.33999999997
1612684800,24.54856,24.957,24.48736,24.78925,122376.35
1612699200,24.80282,25.04258,23.5,23.88859,435966.29
1612713600,23.91006,24.58215,22.90174,24.12015,836806.1799999999
1612728000,24.13382,24.94085,24.01287,24.75,346613.7
1612742400,24.75772,24.91178,24.00015,24.13782,337673.77
1612756800,24.1419,24.96,24.09068,24.90696,310996.62
1612771200,24.9305,25.89,24.62852,25.65119,295712.82
1612785600,25.64911,25.74999,24.57,25.39049,785517.02
1612800000,25.4,26.0,25.0,25.31177,523104.98
1612814400,25.32072,25.64488,25.01754,25.46183,471659.02
1612828800,25.46771,25.67,25.01518,25.51135,491201.34
1612843200,25.51,25.81051,25.36071,25.58759,317045.6
1612857600,25.59682,26.54305,25.41909,25.54197,463817.25
1612872000,25.54564,25.71027,25.04096,25.44452,393461.70999999996
1612886400,25.42746,26.73826,25.21486,26.56,853406.21
1612900800,26.56,28.02985,26.06796,27.65837,1486470.1099999999
1612915200,27.6638,28.25,27.33882,27.55567,881114.86
1612929600,27.52029,28.09,26.78128,27.82418,721473.4
1612944000,27.82821,28.64831,27.77264,28.4088,536945.21
1612958400,28.39337,28.39337,25.25,26.3238,1297398.96
1612972800,26.35679,27.13904,25.83021,27.02362,465290.27
1612987200,27.02116,27.02116,26.0,26.84211,546347.03
1613001600,26.82352,27.26828,26.22094,27.21414,548255.18
1613016000,27.21231,27.69025,26.75,27.41785,473161.25
1613030400,27.42694,28.1,27.4,27.56626,414006.54
1613044800,27.58171,28.37023,27.52445,28.12551,595216.55
1613059200,28.12874,28.58426,27.71691,27.75661,798900.23
1613073600,27.7445,27.94706,27.13,27.87634,713229.43
1613088000,27.87307,27.99998,27.05001,27.09968,500625.74
1613102400,27.08605,27.66999,26.71428,27.49133,478976.36
1613116800,27.48791,28.22122,27.4,28.14792,281568.83
1613131200,28.16298,28.5,27.41,28.49203,810037.55
1613145600,28.48323,30.82999,28.48194,30.51781,2192619.81
1613160000,30.51703,31.5,30.15,30.72099,1072323.46
1613174400,30.71218,32.2197,30.67167,31.59627,1020805.8400000001
1613188800,31.59952,31.785,30.14,30.16073,793888.84
1613203200,30.14893,31.18933,29.09468,29.67169,438950.62
1613217600,29.65658,30.82224,29.28399,30.55349,431781.73
1613232000,30.55864,31.69593,30.25001,31.67304,653475.33
1613246400,31.67178,34.77,31.15,34.25468,1794617.75
1613260800,34.26149,35.74999,33.33377,34.27024,1545126.35
1613275200,34.26836,35.03419,33.39,34.91087,824859.48
1613289600,34.90234,35.29471,33.65035,33.78356,613726.48
1613304000,33.8113,34.22219,32.3578,32.81673,955121.42
1613318400,32.82646,34.0534,32.54079,33.02151,629442.3999999999
1613332800,33.02104,34.31717,32.87007,33.19261,452305.73
1613347200,33.23007,33.70257,27.5,30.87305,2842740.99
1613361600,30.84137,32.2781,29.95455,31.96166,815951.66
1613376000,31.93225,33.34914,31.61186,33.07945,347169.41000000003
1613390400,33.09099,34.435,32.57316,34.42043,698174.06
1613404800,34.43855,34.92,34.0658,34.21505,589024.48
1613419200,34.213,34.49816,32.2,32.58241,912329.38
1613433600,32.59247,33.04607,31.14617,32.90029,999437.85
1613448000,32.89364,33.15272,31.72449,32.43506,361090.19
1613462400,32.41007,33.39455,32.24697,32.35381,162856.58000000002
1613476800,32.35677,33.02104,31.5,31.71854,623018.86
1613491200,31.72081,32.42047,30.80736,31.72999,988425.05
1613505600,31.71323,32.11111,30.99,31.95171,638462.47
1613520000,31.95171,32.17594,30.4,30.49489,791188.43
1613534400,30.48717,31.45731,30.0,31.36001,710849.81
1613548800,31.36001,32.20405,31.14555,31.91407,189386.98
1613563200,31.91054,32.52608,31.36238,31.74318,432365.06
1613577600,31.7722,32.11111,31.6,31.99222,427358.49
1613592000,32.0098,32.7,31.88954,32.25796,629277.87
1613606400,32.24329,33.60503,32.24329,33.02907,624210.27
1613620800,33.04217,33.28104,32.17628,32.62416,303898.17000000004
1613635200,32.6427,32.85379,31.84825,32.18288,185750.16999999998
1613649600,32.16526,32.99316,31.78176,32.25583,270244.44
1613664000,32.26643,32.50887,31.96617,32.45153,264378.86
1613678400,32.44754,33.13999,32.28,32.48306,316227.0
1613692800,32.50845,32.85289,31.4,31.96171,451806.06
1613707200,31.96833,32.78611,31.53108,32.60339,215361.63
1613721600,32.62354,34.32713,32.42495,34.26752,448873.56
1613736000,34.3008,34.47,33.54415,34.36989,489973.29000000004
1613750400,34.34254,35.53932,33.68,34.3,1205545.0299999998
1613764800,34.29948,34.99,34.18678,34.71995,418360.12
1613779200,34.71989,34.94239,33.89786,34.78,560844.54
1613793600,34.78015,35.44493,34.13952,34.26188,538901.66
1613808000,34.27092,36.3292,34.1658,35.88394,372032.71
1613822400,35.87932,36.92151,34.165,34.96562,941204.04
1613836800,35.00517,36.47,35.00517,35.80564,614035.16
1613851200,35.7826,35.8167,32.3745,33.97,1007841.06
1613865600,33.96048,34.72808,33.36769,34.12004,483156.69
1613880000,34.10519,34.4134,33.33651,33.45461,162172.41999999998
1613894400,33.46468,34.7,33.26628,34.49074,98877.98999999999
1613908800,34.518,34.68918,33.84994,34.49765,185764.3
1613923200,34.49094,35.2887,33.93845,35.24927,425430.89
1613937600,35.24252,35.3,33.47365,34.14866,409502.13
1613952000,34.1493,34.23446,32.25,32.55093,743713.81
1613966400,32.54911,32.81985,31.56,32.77916,501461.75
1613980800,32.79882,32.79882,30.767,31.0,419903.46
1613995200,30.97912,31.1836,24.5327,30.168,2788918.11
1614009600,30.17235,31.19153,28.29729,30.55117,1065755.2
1614024000,30.54048,31.77699,30.45258,31.48001,747472.55
1614038400,31.47826,31.68429,28.42474,28.85388,960391.86
1614052800,28.8445,29.42346,26.27,27.00419,1671221.13
1614067200,27.01217,27.26728,21.0,25.43316,3796720.04
1614081600,25.40926,27.5,24.14991,26.56805,2057172.8199999998
1614096000,26.57088,27.0504,23.30664,23.53213,1574424.17
1614110400,23.55976,26.0,23.01376,25.9483,1574909.32
1614124800,25.96675,28.35499,24.53022,28.16702,1728114.68
1614139200,28.16693,28.64862,26.96406,27.98531,624287.89
1614153600,27.97942,28.86613,27.58373,28.11,519716.18
1614168000,28.11,28.54653,26.33242,28.32455,1288929.33
1614182400,28.32179,29.34892,27.54021,27.69813,1046207.7
1614196800,27.69185,28.22364,26.61173,28.13126,724614.91
1614211200,28.13417,28.58561,27.07054,27.33566,473605.13
1614225600,27.30823,27.67665,26.80001,27.42313,332535.05
1614240000,27.42244,27.9,26.41001,27.70636,409479.76
1614254400,27.71249,28.72799,27.45716,28.08092,427183.04
1614268800,28.10305,28.44926,26.89106,27.20293,533187.8300000001
1614283200,27.19748,27.19749,24.39866,24.73152,1257537.72
1614297600,24.73475,25.34638,24.0,25.12669,1494972.12
1614312000,25.14395,25.504,23.69,24.32341,901380.26
1614326400,24.34311,25.43,24.34311,25.00183,375250.70999999996
1614340800,24.99564,26.40556,24.80727,26.18544,660130.81
1614355200,26.18543,27.03105,25.92799,26.09397,924286.26
1614369600,26.08819,26.28569,24.5,25.16756,894408.59
1614384000,25.18298,26.0,25.0508,25.29965,596289.12
1614398400,25.3,25.85519,24.92092,25.39555,362232.51
1614412800,25.40086,25.73916,24.82448,25.7051,149916.07
1614427200,25.71332,26.5,25.34816,25.47664,402676.66000000003
1614441600,25.47092,26.77061,25.26,26.74094,287384.48
1614456000,26.75966,27.43814,25.57519,26.23968,793076.7
1614470400,26.22369,26.77338,24.447,24.60023,611726.19
1614484800,24.61291,25.08053,23.70028,23.88833,885113.7999999999
1614499200,23.88398,24.74389,23.85957,24.4404,243472.21
1614513600,24.44571,24.60278,23.06476,23.3464,586585.05
1614528000,23.33214,24.5,22.898,24.45167,721495.16
1614542400,24.45165,25.18955,24.20001,24.74591,706338.49
1614556800,24.74,25.54333,24.63885,25.04056,546039.26
1614571200,25.04586,25.38631,24.77,25.29923,282801.46
1614585600,25.31882,26.87284,25.30735,26.57306,665617.91
1614600000,26.56722,27.3,26.16928,27.24551,512481.6
1614614400,27.24624,27.69718,25.9524,26.38518,630314.76
1614628800,26.37372,27.74946,26.35086,27.72423,496616.55000000005
1614643200,27.73189,29.72998,27.19983,29.14113,1181543.55
1614657600,29.14432,29.55177,28.22522,28.71561,519387.21
1614672000,28.73942,29.95983,28.73942,29.64413,356019.98
1614686400,29.64205,29.98999,28.89037,29.30255,384043.49
1614700800,29.28903,30.5,27.59002,27.86806,1244130.44
1614715200,27.8577,28.61827,27.304,28.52571,446910.25
1614729600,28.55184,29.32009,28.19001,28.96225,436906.98
1614744000,28.94125,30.78493,28.94083,30.46417,611865.68
1614758400,30.46718,31.0,30.41,30.78805,337344.63
1614772800,30.76192,31.251,29.76482,30.64485,621557.47
1614787200,30.64444,31.44,30.18264,30.64575,583896.69
1614801600,30.64725,30.68795,29.83953,29.83953,650924.86
1614816000,29.85804,30.57584,29.144,29.24446,513234.3
1614830400,29.2422,29.62512,28.88,29.61734,304035.8
1614844800,29.61667,29.92941,28.65,29.11056,255640.92
1614859200,29.11265,29.8,28.64492,29.08398,495585.32999999996
1614873600,29.12381,29.44856,27.02313,27.87624,1128411.99
1614888000,27.89221,27.96572,27.22428,27.67814,618000.74
1614902400,27.67814,27.68642,25.66004,26.64872,1387991.26
1614916800,26.6356,26.96932,26.02407,26.60907,278948.48
1614931200,26.57306,26.8,25.83259,26.77657,130565.73999999999
1614945600,26.77763,27.58561,26.38859,26.81626,474019.2
1614960000,26.81625,28.07536,26.26037,28.05676,624271.99
1614974400,28.04414,28.2695,27.7,27.82024,294463.44
1614988800,27.83832,28.33631,27.3,27.35971,289337.67000000004
1615003200,27.35971,27.92601,26.90506,27.92601,295656.43
1615017600,27.9218,27.94041,27.08001,27.24498,66950.35
1615032000,27.24,27.2601,26.3,26.87,272459.29
1615046400,26.87228,28.17939,26.75,28.05135,271807.57999999996
1615060800,28.06375,28.42081,27.87813,28.16613,386086.01
1615075200,28.18245,29.15823,28.18245,28.67361,730428.04
1615089600,28.67873,28.87474,28.32022,28.71698,192485.13
1615104000,28.73861,28.94865,28.25,28.42138,385783.16
1615118400,28.41514,28.5232,27.53001,27.97,312815.20999999996
1615132800,27.97,28.29717,27.54999,27.84913,284707.67
1615147200,27.82909,28.67441,27.36253,28.57048,408870.58999999997
1615161600,28.59901,29.1,28.30814,28.74737,432130.37
1615176000,28.74738,29.48997,28.29149,28.62365,413383.70999999996
1615190400,28.62275,29.38983,28.31374,29.31966,190381.73
1615204800,29.32793,30.7986,28.91309,30.62903,683869.9199999999
1615219200,30.64709,31.29376,30.46893,31.0824,724211.3999999999
1615233600,31.09,31.84466,30.70719,31.84065,462592.56
1615248000,31.84441,32.0,31.27208,31.74243,447277.12
1615262400,31.73996,31.75298,30.75415,30.97536,297581.01
1615276800,30.99556,31.55083,30.96732,31.28884,160413.25
1615291200,31.28397,31.45905,30.38396,30.79404,342388.39
1615305600,30.7944,31.14285,30.38265,30.994,281963.39
1615320000,30.99555,31.6,30.71863,31.51188,334295.19
1615334400,31.525,31.78722,29.46,29.67958,832812.87
1615348800,29.68435,30.6837,29.53,30.58471,221965.83
1615363200,30.59502,30.92904,30.21831,30.46929,117512.27
1615377600,30.4551,30.99,30.28801,30.66742,313893.13
1615392000,30.66829,30.80577,30.25036,30.26999,286320.78
1615406400,30.27,30.29,29.2682,29.89613,531733.0
1615420800,29.89737,29.94603,28.7552,29.35748,429631.61
1615435200,29.36488,29.74193,29.095,29.224,182241.90000000002
1615449600,29.22601,29.50483,28.55027,29.45686,151398.12
1615464000,29.45348,30.05,29.0,29.31088,251224.48
1615478400,29.31161,29.721,29.13687,29.3286,306847.78
1615492800,29.32977,30.48191,29.2766,30.14796,389745.8
1615507200,30.13352,30.4,29.50134,29.95556,400989.63
1615521600,29.95595,30.05812,29.29706,29.45508,199748.45
1615536000,29.43919,29.60496,28.71934,28.96834,134307.87
1615550400,28.97855,29.11517,27.682,28.62027,441861.02999999997
1615564800,28.61904,28.68742,27.92663,28.08359,312794.45
1615579200,28.07679,28.49,27.8,28.36933,315495.02
1615593600,28.36666,28.36666,26.9816,27.87359,607517.89
1615608000,27.88258,28.53903,27.68096,28.50274,135624.52
1615622400,28.50749,30.3,28.34137,30.00607,461798.92000000004
1615636800,30.00023,30.49,29.60126,30.05423,394633.31999999995
1615651200,30.06862,30.58878,29.85715,30.03398,361821.56
1615665600,30.03462,30.27432,29.4693,29.7371,419141.20999999996
1615680000,29.7466,30.17572,29.2032,29.65284,216724.45
1615694400,29.65278,29.66627,28.83784,29.20796,122608.56
1615708800,29.21779,29.79161,28.72454,29.21768,202963.13
1615723200,29.2233,29.36533,28.66,28.86904,138319.85
1615737600,28.87912,29.5,28.5277,29.24722,343793.31
1615752000,29.25,29.52816,28.5,28.55299,221940.78
1615766400,28.5411,29.33135,28.22854,29.20334,266648.08
1615780800,29.21363,29.40901,27.38,27.79016,397117.35
1615795200,27.80696,28.04678,26.94866,27.64644,346864.38
1615809600,27.6283,28.06375,27.11811,27.17099,408919.24
1615824000,27.16923,27.62123,26.81888,27.49273,298440.85
1615838400,27.49301,27.8892,27.3,27.53713,298802.71
1615852800,27.52781,27.62928,26.40001,27.16971,512890.94
1615867200,27.18391,28.09867,26.90976,28.04078,209878.85
1615881600,28.06375,28.18029,27.37,27.51925,187799.43
1615896000,27.51847,27.93338,27.30769,27.92517,210207.12
1615910400,27.92662,28.059,27.09016,27.37686,250886.64
1615924800,27.36351,27.95839,27.31568,27.93066,217402.91
1615939200,27.9373,28.04161,27.53,27.59479,222715.97999999998
1615953600,27.59226,28.35,27.48,28.10305,103928.99
1615968000,28.11819,28.23296,27.40162,27.53859,152043.46
1615982400,27.51925,30.40917,27.3224,30.27636,1128226.6099999999
1615996800,30.29198,31.26656,30.23707,30.79384,885686.4199999999
1616011200,30.79961,31.12389,30.27496,31.079,456582.19
1616025600,31.08244,31.37921,29.88228,30.13,661255.28
1616040000,30.132,30.39236,29.80433,29.85927,224662.68
1616054400,29.85244,30.19108,29.6002,29.73826,135427.43
1616068800,29.7345,30.499,29.46501,30.18044,326705.11
1616083200,30.18016,30.35803,29.04056,29.10716,421845.03
1616097600,29.14072,29.84118,29.00818,29.41017,350416.14
1616112000,29.41646,29.76819,28.694,29.71,367813.89
1616126400,29.71,29.99374,29.57181,29.6661,148774.11
1616140800,29.69694,30.49772,29.6648,30.43482,226159.35
1616155200,30.45446,30.46765,29.87629,30.09511,165104.58000000002
1616169600,30.10294,30.54735,29.95634,30.21976,266691.79
1616184000,30.21513,30.38515,29.76363,29.78029,257787.22999999998
1616198400,29.76579,30.85968,29.513,30.85487,257539.93
1616212800,30.85696,30.98542,30.5271,30.77259,161553.45
1616227200,30.76023,31.43,30.6358,31.19616,148125.48
1616241600,31.20576,31.3,30.60212,30.91469,233795.76
1616256000,30.92929,31.05648,30.329,30.61052,235434.34999999998
1616270400,30.61461,30.6211,29.60136,29.64676,219211.1
1616284800,29.63834,30.10333,29.18784,29.44418,181056.19
1616299200,29.43393,29.45807,28.83735,29.25343,142876.91
1616313600,29.23631,29.37851,28.81,29.04846,70358.02
1616328000,29.07345,29.59108,28.59974,29.30225,138362.9
1616342400,29.29439,29.92789,29.07953,29.74559,185084.74
1616356800,29.75668,29.7996,29.17555,29.24407,200448.32
1616371200,29.26314,29.27689,28.69041,29.07285,193900.92
1616385600,29.08036,29.22419,28.88284,29.085,123573.23000000001
1616400000,29.08577,29.32824,28.75,29.28614,55231.92
1616414400,29.27029,29.45703,28.86,29.14552,195934.37
1616428800,29.16186,29.20127,28.5,28.6,252535.13
1616443200,28.6,28.71453,27.23179,27.24369,706345.34
1616457600,27.26259,27.93645,27.04023,27.4498,475635.81999999995
1616472000,27.46,27.51768,26.63624,27.23784,403198.33999999997
1616486400,27.23488,27.43543,26.90289,26.93865,225825.60000000003
1616500800,26.9735,27.56314,26.95962,27.24129,225337.61
1616515200,27.26143,27.8,26.85496,27.37044,358720.69
1616529600,27.36252,27.40401,26.70639,26.79315,234362.52000000002
1616544000,26.79486,27.12212,26.28501,26.86633,316162.18
1616558400,26.83255,27.4043,26.60666,27.4043,116573.68
1616572800,27.40691,27.65017,27.29416,27.47112,85759.93
1616587200,27.46644,27.87658,27.38028,27.54274,184907.86
1616601600,27.55226,27.69983,25.88001,26.14022,553760.1699999999
1616616000,26.14022,26.14022,23.75,24.85461,1098452.8900000001
1616630400,24.83814,25.20298,24.44001,24.73963,543751.07
1616644800,24.75748,25.45943,24.56313,24.90899,217014.71000000002
1616659200,24.91273,25.75864,24.86203,25.23656,131732.42
1616673600,25.25499,25.87761,24.3806,25.51141,781127.48
1616688000,25.51829,26.61791,25.18348,26.50584,479632.37
1616702400,26.51884,26.64083,25.42901,25.54023,377544.58
1616716800,25.53322,26.01509,25.34251,25.6416,428469.04
1616731200,25.63783,25.8451,25.41796,25.81526,125196.67
1616745600,25.82286,26.27737,25.65802,26.18948,147910.4
1616760000,26.16463,26.5629,25.99898,26.32943,240676.78
1616774400,26.32943,27.255,26.265,27.255,364273.49
1616788800,27.23984,27.44779,27.12,27.41009,310005.89
1616803200,27.42684,27.5,26.7,26.94952,251636.38999999998
1616817600,26.95268,27.06996,26.59,26.689,245594.27
1616832000,26.68703,26.89825,26.32429,26.39247,109600.39
1616846400,26.38062,26.57614,26.00348,26.56471,157292.95
1616860800,26.56845,26.86638,26.5,26.76881,207001.84
1616875200,26.76579,27.17,26.74595,26.89726,220678.64
1616889600,26.88933,27.58519,26.68778,27.51235,307618.02
1616904000,27.51388,27.59874,27.15,27.59874,115289.73
1616918400,27.59502,27.65,26.902,26.96561,159688.21000000002
1616932800,26.96189,27.2875,26.63,27.20068,285973.68
1616947200,27.19648,27.33,26.1,26.3294,265008.18
1616961600,26.3294,26.72805,26.181,26.65876,187424.04
1616976000,26.66085,26.90858,26.37807,26.81847,163878.53000000003
1616990400,26.82507,27.28645,26.67032,27.26813,194730.41999999998
1617004800,27.27507,27.97126,27.23249,27.738,251922.42
1617019200,27.738,28.03105,27.41,27.76348,333458.33999999997
1617033600,27.77911,28.6341,27.732,28.00887,569719.16
1617048000,28.01923,28.2744,27.81078,28.02551,272238.68
1617062400,28.0214,28.33869,27.75468,27.9428,226641.05
1617076800,27.92299,28.17532,27.60793,28.05,122483.06
1617091200,28.05001,28.57337,27.99501,28.57336,107931.36
1617105600,28.57336,28.59995,28.07428,28.09888,214970.59999999998
1617120000,28.09693,28.3085,28.05209,28.23188,203720.97
1617134400,28.23292,28.23292,27.45935,27.83886,592662.38
1617148800,27.83886,28.07943,27.10022,27.43414,339915.12
1617163200,27.43336,27.83256,27.06,27.22226,148001.43
1617177600,27.26,27.31081,26.26344,27.17266,310410.35
1617192000,27.13331,27.67164,26.93574,27.53459,144664.78
1617206400,27.56335,28.43,27.2167,27.96419,333310.75
1617220800,27.97498,29.4,27.88416,29.4,534126.98
1617235200,29.4,29.99803,29.32741,29.68574,496310.44999999995
1617249600,29.68574,30.5,29.37174,30.39528,287435.75
1617264000,30.39477,30.82404,29.51,29.77,295365.34
1617278400,29.7501,31.0,29.66262,30.83039,378783.27
1617292800,30.84433,31.09329,29.48,30.42187,435025.75
1617307200,30.4365,30.45699,29.87573,30.07276,177769.63999999998
1617321600,30.06941,30.41074,29.51924,30.23383,349878.66
1617336000,30.22573,30.5,30.12813,30.34522,84150.72
1617350400,30.30905,30.83,30.24274,30.80284,113840.51
1617364800,30.79156,31.35,29.96855,31.04774,313685.56
1617379200,31.05362,31.61293,30.75488,31.19384,351275.83999999997
1617393600,31.18892,32.55896,31.16784,32.47172,467736.79000000004
1617408000,32.48693,32.79,31.813,31.93696,350314.28
1617422400,31.94955,33.0,31.8635,32.8,149727.54
1617436800,32.8603,33.15,31.95599,32.08357,168486.5
1617451200,32.09174,32.4,31.01028,31.04104,220142.75
1617465600,31.07729,31.49857,29.78,30.94329,416427.63
1617480000,30.89305,30.89967,29.2,29.30365,308824.52999999997
1617494400,29.29086,30.15266,28.72,30.06934,250561.79
1617508800,30.08084,30.4416,29.49147,30.38701,117102.23000000001
1617523200,30.41194,30.85489,30.21167,30.43021,138416.64
1617537600,30.44533,31.352,30.23793,31.12012,297648.93
1617552000,31.12562,31.45001,30.66,30.77598,188140.0
1617566400,30.77597,30.83884,30.40153,30.745,268740.8
1617580800,30.745,30.88511,30.0,30.16312,245742.7
1617595200,30.15,30.28453,29.65,30.11602,124261.64
1617609600,30.11751,31.1,29.73373,31.1,117856.08
1617624000,31.09903,31.74893,30.92,31.59071,292378.18
1617638400,31.5903,32.23663,31.20749,31.34128,487583.52
1617652800,31.33236,32.63,31.33235,32.37938,617801.39
1617667200,32.41546,32.64299,31.66932,31.728,536167.91
1617681600,31.72158,32.19997,31.3029,31.49529,184894.32
1617696000,31.4825,32.71103,31.32,32.13999,311382.01
1617710400,32.14,34.66541,31.6,32.80906,1403117.88
1617724800,32.80906,34.48458,32.70285,33.93101,721101.07
1617739200,33.93101,34.91,33.61,34.72219,552312.67
1617753600,34.72218,35.09,33.741,34.6984,537777.1799999999
1617768000,34.69848,34.82553,33.07104,33.43969,343727.3
1617782400,33.41462,33.44711,30.34,31.62595,663724.94
1617796800,31.6277,32.43524,30.38029,31.23529,529507.18
1617811200,31.20327,31.88185,30.23,31.04299,465622.08999999997
1617825600,31.06558,31.96656,30.51449,31.13277,379665.4
1617840000,31.12847,32.1619,30.95042,31.62761,310963.78
1617854400,31.62807,32.53937,31.6229,32.41516,199732.49
1617868800,32.41422,32.54999,31.13,31.4949,146315.57
1617883200,31.47547,32.60199,31.39391,32.55315,202929.84
1617897600,32.55352,32.88,32.00308,32.18885,170559.12
1617912000,32.19589,32.87191,31.88101,32.80864,232592.44
1617926400,32.79077,33.29266,32.62861,32.74338,223984.59
1617940800,32.73099,32.80284,32.25,32.53774,126323.09
1617955200,32.54753,32.69386,32.10975,32.62008,139004.97
1617969600,32.63406,32.69,31.55656,31.86904,209492.9
1617984000,31.85488,31.95744,31.39794,31.66216,250362.43
1617998400,31.66872,31.7709,31.22369,31.57179,165854.01
1618012800,31.57179,32.58729,31.32393,32.46715,308342.1
1618027200,32.49498,32.94899,32.21016,32.47387,243626.56
1618041600,32.48289,32.97589,32.39874,32.41332,160697.53
1618056000,32.4128,32.51575,31.82666,32.08683,254449.41999999998
1618070400,32.07956,32.44219,31.40748,31.72804,198122.21
1618084800,31.71396,31.93046,31.0,31.89001,221142.87
1618099200,31.89479,32.5759,31.73514,32.29386,223915.04
1618113600,32.31901,32.5,31.75391,32.235,202070.88
1618128000,32.24495,32.94,32.23749,32.64777,167825.66999999998
1618142400,32.63969,33.70741,32.21052,33.64769,331318.27
1618156800,33.6345,34.39,33.25898,33.72208,552615.59
1618171200,33.7353,34.21791,33.32466,33.85987,219805.67
1618185600,33.87744,34.11,33.11218,33.3757,197415.55
1618200000,33.40043,33.90818,33.27631,33.49724,98320.1
1618214400,33.48535,33.64157,32.23001,32.8521,196796.45
1618228800,32.8527,33.10224,32.0133,32.14848,265392.48
1618243200,32.14855,32.93589,31.871,32.92781,294233.01
1618257600,32.92505,33.36735,32.82745,33.08113,180918.16999999998
1618272000,33.10017,33.3746,32.85271,32.86236,155816.76
1618286400,32.86702,33.01538,32.40001,32.82036,144127.95
1618300800,32.82033,33.67818,32.59,33.62215,251314.24
1618315200,33.60539,34.5,33.28,34.3708,344027.22
1618329600,34.36758,35.87523,34.35281,35.62231,887747.37
1618344000,35.62741,35.82431,34.7,35.53966,369880.55
1618358400,35.54,38.0,35.33597,37.30038,761716.27
1618372800,37.32081,37.69475,36.54213,37.08,452318.73
1618387200,37.08,37.9872,35.3654,37.9872,444045.01
1618401600,37.9872,38.0485,35.0106,36.53886,833623.21
1618416000,36.5452,38.9006,36.52855,37.65804,1011916.11
1618430400,37.67229,41.99,37.42908,41.35009,1506368.77
1618444800,41.35009,42.21505,39.64779,40.85897,712693.32
1618459200,40.86057,42.96834,39.91122,42.40646,477831.79000000004
1618473600,42.40059,42.83778,40.04937,40.62298,321405.95999999996
1618488000,40.58893,44.37687,40.34,44.04998,967157.24
1618502400,44.06865,44.32493,42.211,42.55651,684631.4600000001
1618516800,42.56915,43.9,42.23051,42.6269,603482.8200000001
1618531200,42.6537,43.27999,40.82453,41.69976,727654.39
1618545600,41.68733,42.1,40.13651,41.88311,640737.43
1618560000,41.88268,42.45322,39.26768,40.88142,390891.34
1618574400,40.88142,41.52933,38.64,41.41191,769462.8300000001
1618588800,41.39722,42.67885,40.65,41.24952,834302.91
1618603200,41.24904,42.3,41.05,42.02078,389717.89
1618617600,42.02077,44.14909,41.99397,43.15096,679692.23
1618632000,43.18603,43.80695,42.68744,43.28065,287166.57
1618646400,43.3,43.5221,41.14577,41.65,265378.6
1618660800,41.63456,42.25528,40.29999,40.51993,470627.36
1618675200,40.51,41.46083,40.0,41.125,442299.58
1618689600,41.14606,42.13654,39.89006,39.93785,562954.6
1618704000,39.93197,40.399,33.0,36.53751,1765226.48
1618718400,36.51035,37.95834,34.95,36.71514,1161776.0999999999
1618732800,36.71513,36.86733,32.65037,33.0328,932252.61
1618747200,32.98493,37.73616,32.94918,37.66648,909864.91
1618761600,37.66846,38.7237,36.79,38.52379,680638.87
1618776000,38.51537,39.82805,37.76961,39.19569,723967.85
1618790400,39.17725,42.06702,38.16,41.66759,1000936.23
1618804800,41.62671,41.74987,40.16,40.73504,410937.67
1618819200,40.74621,41.01228,38.00002,39.76891,436347.69
1618833600,39.7771,40.13219,31.73094,35.23432,1432187.19
1618848000,35.24048,37.82926,34.70001,37.53792,1010235.45
1618862400,37.54344,37.90721,35.61266,35.80695,582177.81
1618876800,35.80988,36.15878,33.3,35.21952,1194620.8
1618891200,35.21952,36.77037,34.05921,34.95413,618965.13
1618905600,34.975,37.94354,34.87501,37.83942,426858.48
1618920000,37.85,38.17011,35.29203,36.64688,518179.29000000004
1618934400,36.65,39.04268,36.35,39.02816,600499.49
1618948800,39.04291,39.46746,37.8,39.02144,561530.95
1618963200,39.05,39.49748,37.52242,37.52242,430689.07
1618977600,37.5284,38.35579,37.25408,37.55,175271.72
1618992000,37.55844,37.80923,35.96,36.30007,275076.82999999996
1619006400,36.30007,38.65379,36.22226,38.65379,455322.47
1619020800,38.65681,39.20437,37.62609,38.175,399157.65
1619035200,38.18862,38.21337,35.98,36.25885,588054.3400000001
1619049600,36.27144,37.31822,35.53001,35.77498,548581.3300000001
1619064000,35.79999,37.58831,35.75,36.825,296331.1
1619078400,36.8172,38.49,35.9,38.33268,402367.52
1619092800,38.34999,40.7627,38.25936,40.54551,814551.5800000001
1619107200,40.53939,40.8338,37.57731,38.325,1096021.97
1619121600,38.30706,38.30941,33.59917,35.15,1436401.45
1619136000,35.13292,35.9489,30.11,33.13028,1804057.1800000002
1619150400,33.1,33.34778,30.51077,30.875,840562.54
1619164800,30.85,33.77,30.44765,33.63341,605856.5
1619179200,33.63583,34.0899,31.41055,34.02561,699950.93
1619193600,34.02423,34.61912,33.32549,34.50905,582364.15
1619208000,34.50786,35.25,33.66991,35.25,350878.73
1619222400,35.25,35.35916,32.67824,33.951,402481.33
1619236800,33.94398,34.36,33.30134,33.65,285869.11
1619251200,33.625,34.18896,31.43497,31.88674,255799.72999999998
1619265600,31.89494,32.72499,31.50613,32.45741,331711.70999999996
1619280000,32.45436,32.56726,31.55,32.1541,237059.24
1619294400,32.16698,32.778,31.1,31.28093,367377.51
1619308800,31.3,32.04796,31.00001,31.1,277382.17000000004
1619323200,31.10037,31.57245,31.0,31.375,266080.85
1619337600,31.375,32.40001,31.18461,31.95775,341850.23
1619352000,31.95976,33.45551,31.93173,33.20988,238708.65000000002
1619366400,33.19809,33.45188,31.62555,31.75,256681.96000000002
1619380800,31.75861,31.97038,29.85,31.72301,752125.79
1619395200,31.71306,34.1916,31.41127,34.0169,528072.98
1619409600,34.02001,34.77653,33.54958,34.3132,196033.57
1619424000,34.3042,35.32863,33.83108,35.09381,284814.15
1619438400,35.10564,35.33,34.13464,34.70736,316005.48
1619452800,34.70735,35.17496,33.98,34.67341,371856.61
1619467200,34.6734,35.24813,33.433,35.15311,438466.07
1619481600,35.1531,35.6475,34.51471,34.9628,296297.0
1619496000,34.96661,36.49015,34.73905,36.03988,206059.18
1619510400,36.01407,37.0,35.81867,36.95478,208676.65
1619524800,36.9569,37.203,35.344,36.80715,527338.85
1619539200,36.81109,37.76114,36.27528,36.6,550862.28
1619553600,36.625,37.03207,36.225,36.84205,304579.99
1619568000,36.8388,37.93796,36.2,36.22942,387178.23
1619582400,36.2209,36.77184,34.98689,35.75252,370569.14
1619596800,35.73444,36.50779,35.01995,36.33482,184896.84
1619611200,36.34168,36.6766,35.34605,35.63213,318868.12
1619625600,35.63,36.54158,35.20219,36.48474,390309.56
1619640000,36.49818,36.64884,35.52315,36.26785,424463.73
1619654400,36.28237,36.44164,35.36894,35.64817,317921.93
1619668800,35.64817,36.06218,35.03682,36.04864,245810.36
1619683200,36.04987,37.02,35.61949,36.9,188382.12
1619697600,36.87501,37.5,36.12149,36.69624,418727.93
1619712000,36.7,36.84238,35.0435,35.63073,405144.86
1619726400,35.65045,36.47,35.16,36.4578,413029.93
1619740800,36.46215,36.7,35.85,36.46909,456198.71
1619755200,36.46547,37.832,36.44,37.49963,251480.96
1619769600,37.4994,38.43338,37.242,37.82,287240.17
1619784000,37.79141,38.79291,37.76891,38.19915,480715.1
1619798400,38.22607,38.77427,37.99022,38.39143,288950.45
1619812800,38.3862,38.3862,37.54013,38.15982,338853.25
1619827200,38.16588,38.77,37.68146,38.65053,340588.11
1619841600,38.65054,38.92449,38.22473,38.362,194993.51
1619856000,38.36096,38.84831,37.50094,38.80978,140222.37
1619870400,38.80755,39.34225,38.45613,39.16481,340580.62
1619884800,39.18764,41.03928,39.18764,41.02903,838598.3
1619899200,41.03928,41.28921,40.32,41.28199,488807.11
1619913600,41.28199,41.45,39.48202,39.51247,492691.58999999997
1619928000,39.50857,40.52,38.95756,39.40007,428852.63
1619942400,39.40744,39.95712,38.715,39.90248,206627.4
1619956800,39.91859,39.93746,39.05685,39.3496,166564.73
1619971200,39.36526,40.1567,39.11584,40.03891,170885.21
1619985600,40.06563,40.38747,39.18039,39.50338,259793.16
1620000000,39.50581,40.34286,39.2619,39.97949,391445.16000000003
1620014400,39.98033,40.96319,39.97946,40.81478,254273.56999999998
1620028800,40.84642,41.15,40.3,40.65754,243799.98
1620043200,40.64717,40.79291,39.33,40.40767,403673.68
1620057600,40.40105,42.6614,40.05,42.64581,893283.5599999999
1620072000,42.65583,42.86999,41.2923,42.1,743353.13
1620086400,42.1,42.44568,38.54578,39.30165,839899.97
1620100800,39.29359,40.67341,39.01,39.91407,317959.31
1620115200,39.90751,43.12,39.34213,42.75265,584166.51
1620129600,42.7516,44.84148,41.62457,42.49964,2119148.66
1620144000,42.49964,48.0,41.29374,46.74165,2324593.08
1620158400,46.74165,48.57,45.13517,45.56438,1561024.01
1620172800,45.56285,49.8836,44.88777,48.48206,1770279.14
1620187200,48.48206,51.2,47.61113,49.96914,1271112.25
1620201600,49.97552,50.29662,47.91676,48.0296,668742.25
1620216000,48.01522,49.37128,46.94,47.11276,971852.8
1620230400,47.11807,49.0593,47.0756,48.82306,836390.39
1620244800,48.78528,50.0,47.56288,49.62213,909267.46
1620259200,49.65519,49.91524,47.03031,47.73144,720396.6499999999
1620273600,47.73334,48.07882,45.74002,47.23756,504697.69999999995
1620288000,47.23888,48.92001,46.90457,48.74882,418234.78
1620302400,48.77385,48.84502,46.32685,47.7392,656991.1799999999
1620316800,47.73919,49.86,45.34957,46.88568,1533062.02
1620331200,46.90863,47.93677,46.12071,47.18943,525728.24
1620345600,47.18673,48.85,46.5,47.02813,933130.31
1620360000,47.01586,47.57648,45.8,46.82385,364651.38
1620374400,46.82697,48.00264,46.60174,47.24036,203180.44999999998
1620388800,47.23393,49.75,46.78817,49.06515,734586.53
1620403200,49.0663,51.99,49.01286,49.91376,1644037.8699999999
1620417600,49.91888,51.21869,47.5818,49.16947,893413.36
1620432000,49.19573,50.31099,48.1946,49.25566,595696.96
1620446400,49.23125,49.541,48.04872,48.73408,311683.28
1620460800,48.74005,49.02359,47.66,47.73382,191020.61
1620475200,47.73954,48.87466,47.0,47.05211,448363.97
1620489600,47.06133,48.0794,46.6,47.84846,537241.37
1620504000,47.84961,48.8,47.46001,48.7115,389666.95
1620518400,48.71697,48.7641,47.31453,47.38265,302824.47
1620532800,47.41001,48.44004,46.01762,47.56355,391502.14
1620547200,47.56002,49.65,47.43,48.72308,432295.51
1620561600,48.72308,51.86984,47.5,51.82401,824331.93
1620576000,51.83289,52.44694,49.8911,50.43207,646361.23
1620590400,50.40534,52.36458,50.15082,52.33984,546253.61
1620604800,52.3203,52.99,51.42187,51.83596,673870.44
1620619200,51.82986,52.53883,51.37496,51.6473,300431.99
1620633600,51.62764,51.88257,49.56168,50.5133,364958.81
1620648000,50.51377,50.84,49.05,50.61622,556325.87
1620662400,50.63334,51.04021,45.0,46.0,1059710.26
1620676800,46.0,48.34393,40.53499,46.37129,2194590.95
1620691200,46.39399,47.39616,44.82084,45.45247,939024.94
1620705600,45.46088,46.5194,44.6,46.40922,334822.70999999996
1620720000,46.41663,47.75704,45.47093,46.23849,325602.66
1620734400,46.30635,47.5,45.05237,47.22839,580952.73
1620748800,47.24223,48.5,46.78811,48.5,465376.47
1620763200,48.48689,48.91706,47.55965,48.86401,469641.89
1620777600,48.8776,49.90105,48.53423,49.72796,512012.42
1620792000,49.70866,49.82969,48.17,48.41321,363903.29
1620806400,48.41142,48.7862,47.2718,48.08488,304104.48
1620820800,48.0937,48.73992,46.50224,46.58486,686522.45
1620835200,46.58254,46.99295,44.1325,45.79837,1098146.9
1620849600,45.79866,46.55019,40.87079,41.50178,1575516.39
1620864000,41.54511,44.97411,39.40141,43.71589,1403141.93
1620878400,43.71589,45.0,43.3562,44.01958,231358.78
1620892800,44.01981,44.27967,40.33567,42.55241,701221.8
1620907200,42.5327,44.62708,42.11769,43.32287,628125.57
1620921600,43.3,44.56686,40.08,41.26548,1215751.5699999998
1620936000,41.27689,43.49713,41.00535,43.29698,527343.86
1620950400,43.2982,44.63055,42.87712,43.68011,568442.72
1620964800,43.73409,45.0,43.10362,44.99924,314151.2
1620979200,44.99963,46.0,44.7,45.98626,368690.74
1620993600,45.96201,47.49943,44.88433,47.21503,528997.11
1621008000,47.21503,47.93161,45.86222,46.10476,558949.3400000001
1621022400,46.12415,46.94256,45.07265,46.61093,514718.14
1621036800,46.61061,48.0,45.9073,46.62138,450797.05
1621051200,46.61635,47.83,44.82,44.93617,413677.47
1621065600,44.93502,45.40718,43.35295,43.91715,382244.37
1621080000,43.9303,44.81883,43.0,43.94307,475421.98
1621094400,43.95443,43.9728,41.04465,42.10061,890944.71
1621108800,42.10161,43.80845,41.14015,41.51479,561261.23
1621123200,41.50435,43.17816,41.11585,42.81507,356326.19
1621137600,42.81984,44.3618,42.70001,44.10368,222646.53
1621152000,44.10868,44.7,43.61064,43.69682,218412.18
1621166400,43.75048,43.92873,41.47063,41.50197,313156.7
1621180800,41.50277,41.94,38.1,39.07747,1341702.5
1621195200,39.03805,40.82351,37.71,40.70647,1068018.94
1621209600,40.72129,40.72133,36.2,36.33661,967667.3
1621224000,36.3547,39.51928,35.08,39.39478,783967.6799999999
1621238400,39.41898,39.77492,38.55,39.76542,375321.67
1621252800,39.76386,40.04645,36.60334,36.76356,681804.12
1621267200,36.74072,38.39823,35.36233,38.307,1098463.33
1621281600,38.30468,38.62703,35.94,37.21983,873044.64
1621296000,37.22558,39.21283,36.67279,38.89665,657138.9400000001
1621310400,38.88412,40.6335,38.86066,40.20453,352643.86
1621324800,40.20437,41.65,39.25275,41.17671,307337.76
1621339200,41.20965,41.75,38.25,39.7557,911042.62
1621353600,39.72696,43.3,39.53153,42.92163,1359681.04
1621368000,42.92906,44.75536,41.49964,42.57775,1035069.36
1621382400,42.57775,43.488,38.6,38.93218,1311704.68
1621396800,38.96919,39.51918,35.20293,38.06123,1342879.08
1621411200,38.05225,38.0826,30.72519,33.3005,1219044.22
1621425600,33.32987,34.0,21.0,32.13648,3896570.1
1621440000,32.16534,34.75,29.32017,29.74381,2003018.73
1621454400,29.71831,30.83137,26.16382,26.31119,1468201.17
1621468800,26.30733,29.65517,23.0,27.04533,2795762.68
1621483200,27.03971,30.7003,26.86412,30.03185,1062508.26
1621497600,30.03461,30.51221,28.38343,30.37453,686542.96
1621512000,30.36751,33.18076,29.81685,31.78638,1832310.47
1621526400,31.79884,31.89784,28.55375,30.59928,1655659.07
1621540800,30.59799,31.14396,29.70959,30.65921,1176186.23
1621555200,30.6647,32.0,30.3,30.49304,818500.6100000001
1621569600,30.48258,30.6827,28.65278,28.79611,682564.9299999999
1621584000,28.82585,29.7723,28.19135,29.24973,456341.72
1621598400,29.23944,29.97758,25.1101,25.33747,2469454.42
1621612800,25.31247,26.97184,24.0,24.56618,2525749.26
1621627200,24.57536,25.8682,22.08328,25.60639,2499608.2
1621641600,25.6,26.25709,24.33516,24.70751,1424613.48
1621656000,24.70077,24.97404,22.26,23.2438,1981943.6400000001
1621670400,23.22776,25.58361,23.21662,24.92926,865794.46
1621684800,24.95699,25.81461,23.93975,24.83119,1050063.31
1621699200,24.83119,25.07385,23.0,23.05063,921182.14
1621713600,23.04604,24.29289,23.02744,23.31876,499426.18
1621728000,23.33581,24.38212,22.80934,23.64531,619646.2
1621742400,23.63059,23.69448,21.01,21.41034,909351.89
1621756800,21.41484,21.42494,18.66338,19.35413,2562866.4
1621771200,19.35642,19.55263,16.2,17.5273,3995463.23
1621785600,17.52909,18.3394,15.0,17.55933,3806186.1
1621800000,17.57195,21.34515,17.55754,19.87843,2578870.18
1621814400,19.8873,22.12,19.73008,21.45601,1988143.8199999998
1621828800,21.51767,23.55251,20.6791,23.45665,1037360.36
1621843200,23.44782,24.42426,22.76483,24.11608,1508597.75
1621857600,24.11518,24.981,23.3403,24.72877,2291579.19
1621872000,24.75294,26.1,23.62547,25.87531,2284635.77
1621886400,25.87013,26.4619,24.65405,26.44489,1461766.6099999999
1621900800,26.44608,27.46877,24.91413,25.68549,1604616.71
1621915200,25.66695,26.82661,24.82,26.58339,959211.1900000001
1621929600,26.58257,26.74466,23.70001,23.75512,1254905.03
1621944000,23.78943,26.31287,23.72268,26.16151,1442525.62
1621958400,26.15701,26.48041,24.93001,25.12835,1018744.47
1621972800,25.12501,27.666,25.0656,27.54916,943276.53
1621987200,27.543,30.49884,26.87105,30.48916,2091146.42
1622001600,30.48071,32.62318,29.58471,32.16005,1131763.51
1622016000,32.1434,32.49234,30.77195,32.33352,910287.81
1622030400,32.34994,33.09536,29.27,29.99124,1667053.18
1622044800,29.99077,30.89971,29.39021,30.48,978698.92
1622059200,30.47868,34.33358,30.2751,34.04773,1281205.5
1622073600,34.04773,34.44,30.0771,31.16031,1808017.77
1622088000,31.16837,33.5,30.92252,32.75697,917496.73
1622102400,32.76148,35.0,31.93654,34.81288,785144.47
1622116800,34.81296,35.3643,33.34,33.79719,1156485.82
1622131200,33.82115,34.04575,31.87835,32.2316,1032527.49
1622145600,32.2234,32.71606,30.89301,31.7348,1071167.44
1622160000,31.76035,32.19462,30.56001,31.93399,755808.5499999999
1622174400,31.9322,31.93307,28.01,29.38968,1370983.71
1622188800,29.3542,29.69407,26.80737,27.27071,1522023.5
1622203200,27.2172,30.76371,26.9332,30.02885,1671202.23
1622217600,30.03892,30.23979,28.15024,29.14372,1432618.95
1622232000,29.15857,29.88336,27.002,27.87118,1449710.01
1622246400,27.85559,29.70941,27.7304,28.83618,906888.36
1622260800,28.82007,29.05665,27.71731,28.08951,461600.45999999996
1622275200,28.07828,28.29197,26.38078,27.50239,781935.44
1622289600,27.52467,27.54243,25.0683,25.38613,1447053.25
1622304000,25.38613,26.49994,24.255,24.71504,1405721.31
1622318400,24.73216,25.76432,24.13501,25.38331,882803.0900000001
1622332800,25.38332,25.6884,23.72839,25.483,1037632.52
1622347200,25.48368,28.27658,25.27221,28.27658,895863.3
1622361600,28.265,29.12364,27.43753,29.06618,778402.6799999999
1622376000,29.06273,29.2,26.87813,27.47265,788998.11
1622390400,27.44567,28.45524,26.98013,27.97682,847270.61
1622404800,27.97807,28.16006,26.68593,26.83846,423441.89
1622419200,26.8239,27.43276,25.60197,25.93594,937721.95
1622433600,25.93031,27.9809,25.60723,27.6752,555755.3200000001
1622448000,27.69062,29.64465,27.24417,28.84399,613870.32
1622462400,28.88455,30.25322,28.22898,30.20956,1108990.9
1622476800,30.20367,31.7,29.84329,30.76586,1134862.15
1622491200,30.76866,32.15903,27.4005,32.12418,982071.8099999999
1622505600,32.12418,32.65838,30.21889,30.58413,1402131.36
1622520000,30.58211,31.67,30.30202,30.65455,335598.99
1622534400,30.65278,30.86993,29.2096,30.35091,499196.32
1622548800,30.35035,30.99195,29.01,29.87284,685715.31
1622563200,29.87669,30.30262,29.14561,29.58389,461207.06
1622577600,29.59244,30.98515,29.51749,30.72087,520128.08
1622592000,30.72533,30.9,29.61,30.53928,410652.42
1622606400,30.57121,31.17444,30.36286,30.98819,196363.5
1622620800,30.99947,31.14444,30.1,30.36669,267186.83
1622635200,30.34422,31.95844,30.11903,31.91288,551223.31
1622649600,31.90599,32.187,31.01514,31.15108,354680.7
1622664000,31.14822,31.23127,30.37,30.65753,326195.53
1622678400,30.64984,31.09894,30.02046,31.06675,246667.47
1622692800,31.08108,32.12377,31.0,31.51709,332945.15
1622707200,31.5171,32.85,31.38877,32.0033,341673.4
1622721600,32.05209,32.50774,31.24681,31.80986,556361.6599999999
1622736000,31.81764,32.5,31.62572,31.83192,370735.49
1622750400,31.81389,32.44998,31.70001,32.19107,302496.86
1622764800,32.19377,32.25001,28.6,30.18754,1097414.07
1622779200,30.18018,30.19563,27.42799,28.2484,714378.08
1622793600,28.2395,28.99399,27.78697,28.08716,421908.1
1622808000,28.09,28.95691,27.21427,28.78265,597442.1699999999
1622822400,28.76993,29.39366,28.53766,28.97859,357597.82
1622836800,28.97398,29.59294,28.29039,28.84429,448427.6
1622851200,28.84429,29.84416,28.64262,29.44859,273041.86
1622865600,29.45843,30.17374,29.31365,29.58684,226799.72999999998
1622880000,29.57057,29.76552,27.5,27.69745,480951.0
1622894400,27.66915,28.0398,27.001,27.57028,849511.51
1622908800,27.56884,27.58862,27.02019,27.044,351234.95
1622923200,27.0545,27.5,26.06203,27.15546,637368.23
1622937600,27.1503,27.5,26.84212,27.4065,291860.42
1622952000,27.43987,27.95739,27.34737,27.81678,237540.51
1622966400,27.8233,28.19921,27.49466,27.53766,102364.47
1622980800,27.54213,27.74316,26.95374,27.58251,286416.23
1622995200,27.57907,27.70182,26.96,26.97273,205859.5
1623009600,26.96,27.54185,26.8421,27.52653,180610.57
1623024000,27.53295,28.42078,27.19493,28.11903,369424.65
1623038400,28.11483,28.32688,27.54945,27.89724,169196.37
1623052800,27.89653,28.69733,27.62918,28.35042,219297.31
1623067200,28.35354,28.69486,27.71787,27.81696,255334.49
1623081600,27.82141,27.87329,26.5937,27.00315,624507.09
1623096000,26.96919,27.08048,24.24001,24.57476,1577957.8499999999
1623110400,24.58149,25.10663,23.06,23.94959,1269643.53
1623124800,23.92894,24.36,23.14625,24.06552,652452.49
1623139200,24.074,24.60994,23.66572,24.32354,332890.19
1623153600,24.32903,24.4,21.39001,22.45109,1715394.23
1623168000,22.45109,23.96881,22.25178,23.86998,1410678.19
1623182400,23.86679,24.76729,23.6178,24.08701,562112.22
1623196800,24.10296,24.25126,22.51261,22.95698,941586.4299999999
1623211200,22.96059,24.32841,22.45734,23.67942,466589.85
1623225600,23.68459,24.32916,23.36486,24.18023,331156.1
1623240000,24.19044,25.45091,23.50137,25.20331,931040.29
1623254400,25.20808,25.58451,24.58001,24.8116,756097.37
1623268800,24.82715,25.62856,24.69484,25.58621,451954.56999999995
1623283200,25.59706,25.78,24.82149,24.82149,412358.32
1623297600,24.82148,25.04779,24.29042,24.55569,363811.09
1623312000,24.55026,24.94419,23.73781,24.54857,375972.01
1623326400,24.55115,24.62054,23.57153,23.72097,405817.07
1623340800,23.72546,23.81809,22.90349,23.12872,585415.58
1623355200,23.15008,23.54929,22.74805,23.14,442425.82
1623369600,23.16948,23.4083,22.27843,23.01245,548204.13
1623384000,23.01245,23.18761,22.49098,22.79218,276377.65
1623398400,22.78301,23.25849,22.69269,23.00489,141820.1
1623412800,23.03329,23.34402,22.43243,22.52615,359287.39
1623427200,22.53952,22.61247,21.72263,21.93497,881535.29
1623441600,21.93497,22.09195,21.0,21.48128,861518.39
1623456000,21.47441,21.50456,20.1,20.55167,1058102.79
1623470400,20.54921,20.64885,20.03,20.53775,551897.37
1623484800,20.53651,21.12885,20.02,20.97951,330648.42
1623499200,20.99326,22.11223,20.92419,21.59829,600774.76
1623513600,21.59534,22.30856,21.52641,22.03138,519931.52
1623528000,22.04166,22.29406,21.57591,21.67363,337093.48
1623542400,21.67627,22.104,21.00472,21.01971,470993.48
1623556800,21.01,21.17489,20.62577,20.76228,282756.99
1623571200,20.76113,21.14178,20.65001,21.01634,115789.9
1623585600,20.98822,21.2063,20.42001,20.73305,281638.52
1623600000,20.72405,22.35291,20.62805,22.31714,735973.58
1623614400,22.31723,23.89999,22.28,23.33325,1063334.02
1623628800,23.33326,23.71656,23.08642,23.26797,549154.59
1623643200,23.2819,23.62771,23.15631,23.43099,331040.25
1623657600,23.4225,23.45832,22.76136,23.06391,392466.74
1623672000,23.03208,24.81411,22.93,24.81411,825720.0599999999
1623686400,24.80034,25.28973,23.8,24.14143,677932.91
1623700800,24.13561,25.02151,24.05257,24.98633,377455.43
1623715200,24.99112,25.68001,24.76308,25.48519,545658.75
1623729600,25.49505,26.46925,25.41398,26.15314,440853.04000000004
1623744000,26.16384,26.18874,25.27958,25.63492,323599.69999999995
1623758400,25.60231,26.02381,24.73024,24.95807,792333.09
1623772800,24.96193,25.8539,24.77176,24.81811,594221.96
1623787200,24.81391,25.0,24.38589,24.47677,380929.49
1623801600,24.48547,24.49203,23.76001,24.24,439185.39
1623816000,24.25744,24.62833,24.1176,24.4062,209866.0
1623830400,24.44516,24.64442,23.52014,23.70947,355681.28
1623844800,23.70557,23.91389,23.05885,23.34435,434481.53
1623859200,23.33359,23.8433,22.9494,23.5447,652331.21
1623873600,23.55061,23.84592,22.92,23.045,412505.36
1623888000,23.04641,24.1358,22.96514,24.0188,244942.3
1623902400,24.02729,24.31101,23.71928,24.13419,151492.25
1623916800,24.14562,24.43434,24.03999,24.11601,199478.63
1623931200,24.12731,24.12986,23.4537,24.0218,350485.37
1623945600,24.02457,24.10549,22.81,23.04479,650006.3
1623960000,23.02,23.4586,22.84001,23.38967,243781.16999999998
1623974400,23.40605,23.41998,22.30283,22.83456,280298.58
1623988800,22.83762,22.98783,22.43,22.74826,202639.73
1624003200,22.75918,22.95503,22.08057,22.52096,319087.56
1624017600,22.52096,22.55032,21.15631,21.18564,881871.62
1624032000,21.18975,21.63977,20.55542,20.64772,749003.1900000001
1624046400,20.64965,21.37955,20.60681,21.24458,483874.79000000004
1624060800,21.24403,21.65465,20.56,20.67525,414396.14
1624075200,20.68256,21.5568,20.6757,21.41,188729.78
1624089600,21.4229,21.60679,21.16116,21.48005,188025.49
1624104000,21.49702,21.93883,21.2,21.61357,256487.71
1624118400,21.61357,21.67455,20.65903,20.92407,311203.16
1624132800,20.92604,21.0085,20.18291,20.26429,325086.81
1624147200,20.27399,20.61427,20.0501,20.4478,335319.44
1624161600,20.43495,20.79,20.35485,20.58757,182987.44999999998
1624176000,20.59046,20.66354,19.31639,19.39999,596850.69
1624190400,19.39894,20.3372,19.09,20.12869,528366.2
1624204800,20.11729,21.33714,20.01666,21.27022,474096.35
1624219200,21.28099,22.09439,21.21039,21.64666,448221.48
1624233600,21.65015,21.86586,20.54999,20.58066,499109.83
1624248000,20.56002,20.68122,18.89,19.27815,1573577.83
1624262400,19.27631,19.5671,17.68,18.64214,1268700.6400000001
1624276800,18.644,19.5,17.91855,18.76834,1145688.31
1624291200,18.76851,19.01695,18.0,18.51801,1639499.95
1624305600,18.52851,18.76575,17.0,17.38149,1915088.8599999999
1624320000,17.37578,18.85458,16.75026,18.50741,1496322.1500000001
1624334400,18.52679,18.55861,17.72,17.89532,401084.56
1624348800,17.89533,17.91866,16.16444,16.16876,1219618.0
1624363200,16.16634,17.20589,15.001,17.01839,3691904.96
1624377600,17.03062,17.95,16.91034,17.05101,1683264.36
1624392000,17.04695,17.60256,16.51,16.87068,920583.78
1624406400,16.85483,18.68304,16.16199,18.47789,1416020.29
1624420800,18.46741,19.15984,18.24307,18.78899,464479.33
1624435200,18.79973,19.05404,18.32567,18.55664,388453.77
1624449600,18.557,19.2046,18.09,18.16259,793967.55
1624464000,18.16966,18.55189,17.38726,17.39145,526726.5599999999
1624478400,17.39173,18.39529,17.3726,18.38623,493090.6
1624492800,18.39148,18.49996,17.3511,17.73661,580321.83
1624507200,17.70773,18.45023,17.5962,18.14158,320541.92
1624521600,18.15034,18.95,18.12452,18.92433,306986.52
1624536000,18.95,19.2657,18.67636,18.97988,491701.18
1624550400,18.98291,19.51213,18.82944,19.12818,587509.43
1624564800,19.1232,19.17947,18.68167,19.05,317984.81
1624579200,19.05,19.49963,18.611,19.2211,486241.46
1624593600,19.2155,19.2417,18.23639,18.43087,247269.27000000002
1624608000,18.41799,18.54371,17.70992,17.798,317471.38
1624622400,17.78441,18.24849,17.37241,17.60218,653575.13
1624636800,17.58085,17.74963,16.985,17.48623,819783.72
1624651200,17.47963,17.60053,16.81779,16.88475,752567.46
1624665600,16.88319,17.36199,16.71193,17.16539,648438.66
1624680000,17.17286,17.47992,16.30423,16.35268,365889.1
1624694400,16.35002,16.9341,16.08,16.86683,464627.48
1624708800,16.85761,16.94642,16.03018,16.38961,492168.22
1624723200,16.39055,16.59175,15.93103,16.47334,657921.51
1624737600,16.46885,16.96763,16.151,16.96014,595856.0399999999
1624752000,16.96016,17.47552,16.79357,17.38875,569174.41
1624766400,17.39881,17.5,16.98142,17.29658,334050.54
1624780800,17.28358,17.35658,16.77536,16.99652,235302.34
1624795200,17.00133,17.26491,16.75233,17.09117,357143.19
1624809600,17.08756,17.15992,16.61,16.77489,348404.95
1624824000,16.78175,18.43225,16.62,18.4266,565348.51
1624838400,18.4215,18.52476,18.06337,18.16686,518687.59
1624852800,18.16849,18.7,18.05836,18.66848,387019.44999999995
1624867200,18.66507,18.80537,18.08652,18.17253,358200.36
1624881600,18.1905,19.27885,17.9097,19.27315,551391.36
1624896000,19.27351,19.39338,18.71356,19.0272,407927.51
1624910400,19.01435,19.42826,18.55061,18.82075,404251.68
1624924800,18.8268,19.35821,18.75276,19.11507,369903.44
1624939200,19.11067,19.6,19.0,19.28438,349224.68
1624953600,19.28436,20.2691,19.08491,20.02725,393003.4
1624968000,20.01957,20.54161,19.80833,20.28034,610254.49
1624982400,20.29304,20.55,19.86999,20.07914,458891.52999999997
1624996800,20.06117,20.07876,19.39,19.51147,524288.52
1625011200,19.51199,19.76238,19.03151,19.11685,414583.9
1625025600,19.15355,19.28289,18.73257,19.20569,333650.61
1625040000,19.2057,19.21584,18.56272,18.97417,346705.1
1625054400,18.96499,19.01953,18.21066,18.28265,446907.11
1625068800,18.28828,19.28358,18.15,19.27795,535581.02
1625083200,19.27333,19.57,19.07363,19.50085,461044.97
1625097600,19.52248,19.53849,18.5,18.52006,380569.65
1625112000,18.51024,18.82808,17.91936,17.92811,598534.95
1625126400,17.93351,18.2,17.60368,18.13174,395877.68
1625140800,18.10441,18.27228,17.7005,18.04741,264811.16000000003
1625155200,18.04408,18.20899,17.66797,17.93087,367186.21
1625169600,17.93087,18.462,17.93087,18.2059,390561.87
1625184000,18.2059,18.53186,17.57142,17.66526,376917.24
1625198400,17.65185,17.85727,17.4001,17.78342,358998.31
1625212800,17.78212,17.89912,17.26,17.39674,393106.36
1625227200,17.39808,18.08999,17.32954,18.0,275120.45
1625241600,18.01779,18.06522,17.57,17.74498,213876.88
1625256000,17.74878,18.36104,17.52023,18.27688,370083.36
1625270400,18.28358,18.34995,17.86957,17.98922,209333.32
1625284800,17.99016,18.65973,17.91801,18.54181,173035.96000000002
1625299200,18.5475,18.78488,18.46718,18.54991,219674.47
1625313600,18.54992,18.7828,18.45421,18.70789,198626.87
1625328000,18.70873,18.88847,18.54846,18.75031,272110.37
1625342400,18.74132,18.76121,18.25983,18.55,294703.76
1625356800,18.54808,18.57746,18.01782,18.22455,231640.15
1625371200,18.20316,19.0741,18.20233,18.97975,304439.91
1625385600,18.98958,19.20917,18.82567,19.08646,116824.58
1625400000,19.08627,19.18109,18.71999,19.15323,210027.32
1625414400,19.17189,19.59926,19.02726,19.45,285443.34
1625428800,19.45,19.90753,19.15,19.25576,361906.35
1625443200,19.24175,19.24175,18.58564,18.7546,266949.27
1625457600,18.72904,18.81457,18.48543,18.75025,99297.52
1625472000,18.73439,18.9444,17.81055,17.88918,184930.66999999998
1625486400,17.90399,18.34684,17.90399,18.07161,187678.97999999998
1625500800,18.07161,18.59981,17.77833,18.57075,293997.85
1625515200,18.57526,18.71012,18.34459,18.35588,204462.35
1625529600,18.3721,18.98,18.332,18.97976,243491.27000000002
1625544000,18.97931,19.8276,18.97931,19.76937,581482.91
1625558400,19.77022,20.01,19.00028,19.37358,378678.54
1625572800,19.35804,19.86108,19.19638,19.75829,551801.29
1625587200,19.76636,20.33562,19.54832,20.07171,601533.16
1625601600,20.07789,20.18172,19.45449,20.08142,437514.42
1625616000,20.07362,20.79668,19.58653,20.79668,492159.73
1625630400,20.78973,21.2737,20.66527,20.8631,405887.13
1625644800,20.87162,21.07801,20.4777,20.92673,191561.61000000002
1625659200,20.92674,21.06352,20.2601,20.4657,447979.37
1625673600,20.44927,20.66438,20.31163,20.53686,303302.56
1625688000,20.52513,20.52844,19.6868,19.80239,329590.51
1625702400,19.80218,19.88158,18.95179,19.21784,586654.88
1625716800,19.19817,19.27691,18.4256,18.6219,467984.36
1625731200,18.61833,18.86291,18.37433,18.84944,276156.51
1625745600,18.84354,19.0653,18.42156,18.98458,414890.88
1625760000,18.98577,19.13104,18.64786,18.86441,240958.88999999998
1625774400,18.87766,18.90034,18.14,18.36758,324170.99
1625788800,18.35538,18.38015,17.64001,18.20134,591187.46
1625803200,18.2,18.5,18.13615,18.24778,121802.44
1625817600,18.24018,18.24168,17.7,17.8331,168872.59999999998
1625832000,17.83051,18.7986,17.72963,18.64273,362225.77999999997
1625846400,18.6386,18.74032,18.2796,18.39997,215865.15
1625860800,18.39943,18.86799,18.35971,18.66468,212058.71
1625875200,18.65862,18.99644,18.24391,18.34218,368653.0
1625889600,18.34126,18.42858,18.05278,18.23183,206897.19
1625904000,18.22649,18.3093,17.91349,18.11811,112235.33000000002
1625918400,18.11689,18.23231,17.8801,18.16022,131807.67
1625932800,18.15328,18.65243,17.8377,17.92242,238097.8
1625947200,17.9234,18.30118,17.75,18.20734,179390.52000000002
1625961600,18.20919,18.40673,17.98345,18.03454,163670.27
1625976000,18.03134,18.1116,17.86107,18.04424,178608.62
1625990400,18.03956,18.3131,17.97824,18.29813,89799.48000000001
1626004800,18.31206,18.49363,18.09128,18.44494,107095.05
1626019200,18.44494,18.51837,18.14396,18.20856,98824.95
1626033600,18.20093,18.57389,18.05683,18.38416,275237.58999999997
1626048000,18.37415,18.61569,18.20647,18.56627,129094.81999999999
1626062400,18.57315,18.59919,18.36333,18.39704,83454.29000000001
1626076800,18.39381,18.54106,17.94091,18.03784,152540.72999999998
1626091200,18.04111,18.10413,17.83075,17.8498,182613.83000000002
1626105600,17.84613,17.98438,17.15004,17.26204,562087.01
1626120000,17.25782,17.63029,17.13892,17.52572,238033.23
1626134400,17.51439,17.72655,17.37811,17.60835,146687.45
1626148800,17.61528,17.7554,17.2,17.73146,200172.13
1626163200,17.74923,17.76891,17.36855,17.39431,120926.6
1626177600,17.37172,17.42778,17.05711,17.34218,238341.59
1626192000,17.34273,17.43247,16.70853,16.74742,528535.02
1626206400,16.7428,16.9936,16.66,16.87462,257328.0
1626220800,16.87617,16.93262,16.02977,16.17982,980170.96
1626235200,16.17811,16.41766,16.0553,16.31653,207412.06
1626249600,16.3173,16.81493,16.024,16.65915,220886.21
1626264000,16.68942,17.41961,16.57656,17.11829,387968.18999999994
1626278400,17.11793,17.31344,16.83774,16.87378,276716.74
1626292800,16.87953,17.2251,16.86048,16.93356,228053.12
1626307200,16.92966,17.23657,16.5732,16.5732,368595.5
1626321600,16.58225,16.65594,16.30654,16.40514,127854.83
1626336000,16.40313,16.6723,16.069,16.16605,226141.81
1626350400,16.16599,16.35959,15.81182,15.93,503834.41000000003
1626364800,15.93,16.03209,15.51165,15.79999,968130.42
1626379200,15.79847,15.94781,15.56696,15.76518,356062.49
1626393600,15.77288,16.24566,15.57783,16.18085,354523.6
1626408000,16.19659,16.3345,15.60568,15.76532,178581.77
1626422400,15.77166,15.78136,15.14243,15.14243,345021.45
1626436800,15.14178,15.90801,15.13583,15.90801,586025.44
1626451200,15.91345,15.95,15.57904,15.61593,401682.05
1626465600,15.61082,15.71166,15.1823,15.23963,380446.44
1626480000,15.24,15.68336,15.07142,15.1939,548816.25
1626494400,15.1939,15.45076,15.13332,15.22132,205592.30000000002
1626508800,15.19553,15.62487,15.01,15.17511,324604.22
1626523200,15.18406,15.53172,15.0,15.36331,443005.6
1626537600,15.36102,15.62647,15.27075,15.60049,262908.54000000004
1626552000,15.59584,15.63779,15.30752,15.35974,134304.18
1626566400,15.36339,16.08084,15.33121,15.95026,348126.6
1626580800,15.95526,15.96696,15.7092,15.72199,78965.37
1626595200,15.72385,15.93324,15.67386,15.87407,96425.07
1626609600,15.86445,15.90814,15.17158,15.24649,244234.4
1626624000,15.22185,15.7525,15.16,15.47868,240159.88
1626638400,15.47114,15.79413,15.33668,15.47617,306033.34
1626652800,15.47993,15.57033,15.12001,15.2986,338001.06000000006
1626667200,15.291,15.63,15.2658,15.43457,274683.49
1626681600,15.43755,15.5332,15.05932,15.07641,155360.37
1626696000,15.07641,15.12521,14.4136,14.59437,1213988.6
1626710400,14.59169,14.72856,14.48,14.68915,581911.59
1626724800,14.69398,14.69999,14.48069,14.52696,186677.05
1626739200,14.53026,14.78253,13.3849,13.5024,1478660.2000000002
1626753600,13.4985,13.79534,13.4759,13.75399,622280.6799999999
1626768000,13.75569,13.83415,13.45162,13.73617,492863.34
1626782400,13.737,14.13266,13.41178,14.10515,763848.25
1626796800,14.10179,14.19302,13.77172,13.99296,482291.99
1626811200,13.99139,14.11108,13.67045,13.7441,280087.93
1626825600,13.7441,14.03498,13.45593,13.9335,544961.7
1626840000,13.93282,14.68032,13.92713,14.57947,495817.39
1626854400,14.6,14.95245,14.45014,14.90664,365929.19
1626868800,14.90665,15.4,14.74583,15.36414,593398.52
1626883200,15.36626,15.77074,15.02357,15.05053,757959.04
1626897600,15.05969,15.30034,14.8603,15.295,459890.16000000003
1626912000,15.30255,15.48279,15.03,15.19401,301392.8
1626926400,15.19379,15.49689,15.05934,15.30979,158969.44
1626940800,15.30382,15.5362,15.10844,15.29543,110783.5
1626955200,15.29589,15.9526,14.96639,15.9168,430109.98
1626969600,15.92163,16.18335,15.78146,15.99995,410306.62
1626984000,15.99938,16.14937,15.75873,16.08147,334640.58999999997
1626998400,16.08063,16.43604,15.92415,16.21033,307625.98
1627012800,16.21107,16.477,16.02,16.18271,175916.53999999998
1627027200,16.19612,16.20613,15.77492,15.82797,154907.34
1627041600,15.82201,16.00109,15.59493,15.59493,206164.66999999998
1627056000,15.60977,15.63556,15.23006,15.47265,316152.39
1627070400,15.47717,16.58619,15.4144,16.50932,477506.58999999997
1627084800,16.51654,16.95,16.41494,16.92,448778.32
1627099200,16.93282,17.16056,16.77393,17.01652,512401.84
1627113600,17.00793,17.03,16.68001,16.80719,175811.2
1627128000,16.80592,16.90295,16.49928,16.59732,527668.95
1627142400,16.59001,17.04088,16.41321,16.45932,460544.68
1627156800,16.43139,16.77812,16.33598,16.69933,255078.66
1627171200,16.70725,16.81113,16.21147,16.46571,313886.45999999996
1627185600,16.47457,16.95578,16.39733,16.90103,291650.38
1627200000,16.90738,17.0622,16.61473,16.80254,248219.97999999998
1627214400,16.80431,16.80431,16.235,16.43445,328575.55
1627228800,16.43056,16.51656,16.23076,16.34316,370694.02
1627243200,16.33498,16.8104,16.16488,16.77343,288003.1
1627257600,16.77343,18.80734,16.6931,18.64068,1477737.91
1627272000,18.63283,19.54933,18.61686,18.81838,934455.24
1627286400,18.83447,19.36724,18.59813,19.24482,458968.15
1627300800,19.24333,19.53468,18.6493,19.47229,820767.1
1627315200,19.44652,19.96024,19.25867,19.27471,1231244.72
1627329600,19.27628,19.33141,17.976,18.04387,1270605.09
1627344000,18.03713,18.43599,17.6019,18.04831,739537.3400000001
1627358400,18.0507,18.3815,17.96823,18.34872,225188.29
1627372800,18.34852,19.2301,18.205,19.2301,419870.16000000003
1627387200,19.23116,19.59758,18.81406,19.18019,733280.5
1627401600,19.17341,19.22121,18.45579,18.78185,648932.99
1627416000,18.79049,19.55,18.78925,19.49681,738621.01
1627430400,19.49837,20.0,19.00913,19.55356,1281455.59
1627444800,19.55464,19.68053,18.9323,19.56121,674090.19
1627459200,19.5704,19.75133,19.23665,19.71615,291879.08999999997
1627473600,19.71615,19.72,18.94561,19.13986,405534.16
1627488000,19.14874,19.63636,18.61357,19.29538,724449.74
1627502400,19.29621,19.29621,18.84,19.119,441770.33
1627516800,19.12062,19.12172,18.62135,18.70423,300317.5
1627531200,18.70257,19.10976,18.62907,18.87039,210269.14
1627545600,18.86634,19.13064,18.65263,18.73487,197424.66
1627560000,18.73748,19.18753,18.62866,19.03827,317013.19
1627574400,19.03695,19.11021,18.72094,18.82311,195368.66
1627588800,18.81943,19.46881,18.71,19.36497,423187.19
1627603200,19.36904,20.19999,19.13676,20.13847,922592.45
1627617600,20.14619,20.28337,19.93,20.06084,405525.82
1627632000,20.05489,20.0814,19.05065,19.0869,565270.0
1627646400,19.06394,20.5,18.8413,20.48744,902831.59
1627660800,20.48745,21.8585,20.4,21.59618,1694176.74
1627675200,21.61423,22.67731,21.60737,22.29126,1195478.89
1627689600,22.29126,22.38748,21.79,22.18611,705971.05
1627704000,22.19913,22.26568,21.51081,22.01353,558224.36
1627718400,22.01148,22.32598,21.77241,21.82217,273418.13
1627732800,21.8012,22.09709,21.46,21.96037,425909.19999999995
1627747200,21.957,22.03724,21.28087,21.65384,553663.3
1627761600,21.65384,23.37,21.59983,22.73065,1258584.21
1627776000,22.7309,23.54425,22.43542,23.45717,820461.37
1627790400,23.46813,23.71265,23.10601,23.21538,551235.88
1627804800,23.21825,23.411,22.53167,22.82397,430654.58999999997
1627819200,22.81977,23.07656,22.50981,22.87816,424478.23
1627833600,22.87768,23.33491,22.34133,23.26467,676198.39
1627848000,23.27066,23.92949,21.76465,22.07602,913220.74
1627862400,22.06757,22.27644,21.39,22.13788,801014.55
1627876800,22.14449,23.17969,21.96498,22.82381,357669.06
1627891200,22.81751,22.87051,22.22829,22.63891,262691.12
1627905600,22.63761,23.27082,22.14153,23.04088,537162.0
1627920000,23.02977,23.85859,22.93858,23.37981,960427.79
1627934400,23.38074,23.97772,22.97553,23.48414,674407.1
1627948800,23.48341,24.43999,23.06316,23.265,906552.09
1627963200,23.27262,23.42111,22.33305,22.90527,770937.83
1627977600,22.89508,22.93383,22.3545,22.46635,304089.01
1627992000,22.47106,23.52727,22.12001,23.33381,740775.76
1628006400,23.34952,23.97539,23.02621,23.59412,716144.81
1628020800,23.57842,24.24505,23.3323,23.92314,678031.34
1628035200,23.93749,24.16368,23.48003,23.5,491677.79
1628049600,23.49537,23.88044,22.99041,23.13171,463523.42
1628064000,23.13314,23.42857,22.85352,23.24709,214509.21000000002
1628078400,23.23574,24.84,23.21731,24.66499,903744.1
1628092800,24.65771,25.0,23.8849,24.05717,894635.78
1628107200,24.04873,24.58826,23.97331,24.19875,631163.35
1628121600,24.19725,24.32504,23.53467,23.89551,486108.6
1628136000,23.89518,23.93349,23.45914,23.6864,251726.62
1628150400,23.68632,23.73371,22.92,23.19001,285916.95999999996
1628164800,23.19,24.11675,22.44671,23.6216,932813.92
1628179200,23.61298,24.24756,23.53733,23.83629,520400.48
1628193600,23.83808,24.18999,23.82473,24.07253,363378.44
1628208000,24.07415,24.15818,23.07693,23.28311,441407.1
1628222400,23.28311,23.63635,23.07426,23.36794,462416.53
1628236800,23.36848,23.53904,23.25541,23.32742,191720.04
1628251200,23.32742,23.6694,23.07,23.62116,609096.9
1628265600,23.61533,24.40397,23.61533,24.18094,667956.0
1628280000,24.181,24.21703,23.621,23.9013,418845.86
1628294400,23.90254,24.3,23.64,24.28321,442262.65
1628308800,24.29964,24.63978,24.04,24.17994,403104.73
1628323200,24.18341,24.90666,24.08632,24.87293,314466.22
1628337600,24.87002,25.17811,24.02945,24.45127,665777.96
1628352000,24.45112,24.50242,23.69365,24.38334,512284.6
1628366400,24.36371,24.72268,24.08825,24.7182,284709.56
1628380800,24.70742,24.904,23.90563,24.35094,416364.14
1628395200,24.33989,24.95493,24.1805,24.60218,269437.36
1628409600,24.60871,24.80708,24.20992,24.32879,132696.96
1628424000,24.31654,24.60454,23.75,23.79571,405835.95
1628438400,23.8114,23.98309,22.64971,22.97243,720964.74
1628452800,22.95842,23.74288,22.55418,23.04331,595612.63
1628467200,23.04316,23.21522,22.05432,22.59301,456365.47
1628481600,22.5948,22.93373,22.35116,22.89255,200317.8
1628496000,22.88339,24.28527,22.80816,24.19791,381799.27
1628510400,24.2,24.65414,23.78987,24.63044,498782.67
1628524800,24.6369,24.71041,24.24804,24.34356,313454.87
1628539200,24.34066,24.49088,23.37972,24.21064,922782.68
1628553600,24.20134,24.47834,23.76101,23.9799,460821.55
1628568000,23.962,24.35048,23.75219,24.32205,218056.8
1628582400,24.32204,24.6,24.03306,24.38499,252053.94
1628596800,24.38405,25.5204,24.30345,24.55016,869765.5700000001
1628611200,24.53619,24.67009,23.77171,24.36133,625457.62
1628625600,24.36453,24.9122,24.3316,24.54052,412063.66000000003
1628640000,24.54052,25.2,24.45952,24.96624,514649.69
1628654400,24.96624,26.01,24.9,25.8224,836593.47
1628668800,25.82314,26.30953,25.49565,25.88378,562199.1900000001
1628683200,25.8844,26.91228,25.87,26.52798,816705.26
1628697600,26.54273,27.06291,26.54019,26.9835,649957.21
1628712000,26.99605,27.32898,25.62487,25.9127,959955.1599999999
1628726400,25.91617,26.90682,25.8175,26.32568,423993.33
1628740800,26.32201,26.5001,24.93,25.59474,557039.41
1628755200,25.60112,25.87601,25.06747,25.0989,376932.79000000004
1628769600,25.0989,25.34061,24.3,24.47452,599116.4
1628784000,24.48192,24.97692,24.07913,24.78221,1019429.89
1628798400,24.7902,25.14416,24.15316,24.96434,480595.88
1628812800,24.94904,25.68167,24.72871,25.61676,435470.9
1628827200,25.62673,26.37362,25.29964,26.29851,356645.33
1628841600,26.31403,26.88481,26.14356,26.42013,329720.44
1628856000,26.44051,26.81701,25.91079,26.21,446090.76
1628870400,26.19437,26.92895,26.06413,26.76667,372431.16
1628884800,26.75251,27.79696,26.61887,27.76559,574673.5700000001
1628899200,27.76867,27.79726,27.02,27.3881,455203.81
1628913600,27.38885,27.90963,27.14426,27.72654,269424.88
1628928000,27.7304,27.97721,26.37524,27.03128,639305.67
1628942400,27.04667,27.41859,26.49045,27.39732,376304.73
1628956800,27.39688,27.44659,26.81334,27.23212,319995.11
1628971200,27.21969,27.4,26.46901,27.15962,402227.13
1628985600,27.15963,27.56888,26.91375,27.12001,350120.67000000004
1629000000,27.1283,27.40094,26.25,26.41738,356632.16000000003
1629014400,26.39928,26.81514,26.25806,26.56928,261267.13999999998
1629028800,26.56939,26.77859,25.9815,26.28001,343546.05
1629043200,26.28,26.8522,25.88001,26.8522,380631.75
1629057600,26.8522,27.99,26.81741,27.92233,531451.23
1629072000,27.92104,28.43998,27.65832,27.82307,782220.99
1629086400,27.85678,29.80998,27.85561,29.34705,805328.97
1629100800,29.35308,30.51982,29.09,30.31882,608322.1900000001
1629115200,30.31619,30.46249,28.89,29.47774,1510182.08
1629129600,29.47598,29.76937,28.42372,28.52131,556609.73
1629144000,28.52033,28.62421,25.7,27.95282,1476875.81
1629158400,27.93678,29.432,27.01693,29.07944,1049341.56
1629172800,29.07944,29.33399,27.85367,28.56823,462695.4
1629187200,28.57213,30.29,28.53141,29.94605,817006.66
1629201600,29.94037,30.3,28.20134,28.24247,794591.2
1629216000,28.25831,28.73445,27.25001,27.4884,732406.07
1629230400,27.47719,27.57893,25.8969,26.13466,1269932.68
1629244800,26.12909,26.54404,24.80898,26.2083,951350.22
1629259200,26.21385,26.80655,25.90628,25.96938,413355.14
1629273600,25.95286,26.63066,25.01597,25.06279,1123166.93
1629288000,25.06136,26.90176,25.04209,26.86092,778024.55
1629302400,26.87523,26.93432,25.59117,25.66462,648015.23
1629316800,25.66931,25.96495,25.0275,25.31039,680641.38
1629331200,25.3214,25.92264,24.90623,24.90623,781210.75
1629345600,24.90001,25.49,24.65921,25.21898,398126.83999999997
1629360000,25.23341,25.5438,24.71402,24.75559,269903.97
1629374400,24.7577,26.30463,24.50514,26.28244,608343.52
1629388800,26.27979,27.13303,25.83839,26.92708,888574.44
1629403200,26.92708,27.1,26.39607,27.09531,569241.63
1629417600,27.08956,27.50631,26.65404,26.91344,577020.44
1629432000,26.92257,27.45014,26.81121,26.94369,332269.79
1629446400,26.94369,27.89881,26.71819,27.46851,319985.1
1629460800,27.45663,28.68159,27.38591,28.43507,577561.71
1629475200,28.43312,29.04567,27.9699,28.33574,749801.63
1629489600,28.33964,28.85569,28.22867,28.70891,496708.3
1629504000,28.70894,28.8538,27.99866,28.82144,521974.74
1629518400,28.81043,29.15399,28.42666,29.05985,302548.77
1629532800,29.06985,29.17019,28.0225,28.36093,307913.24
1629547200,28.36016,28.98789,28.28446,28.49528,316690.07
1629561600,28.49621,28.8253,27.66756,27.82003,432028.32999999996
1629576000,27.82116,28.37779,27.67857,27.86825,278235.26
1629590400,27.87816,28.47241,27.82181,27.95,465334.4
1629604800,27.95245,28.52494,27.67293,28.43737,266922.81
1629619200,28.43849,28.67359,28.09764,28.30044,190212.47999999998
1629633600,28.29758,28.35768,27.10005,27.39417,360695.1
1629648000,27.38753,27.63627,26.78839,27.46121,376169.57
1629662400,27.45708,28.19,26.9348,28.00564,389541.62
1629676800,28.00811,28.89885,27.78803,28.84165,500572.45999999996
1629691200,28.84165,29.0463,28.43,28.71857,286636.38
1629705600,28.71973,29.139,28.55001,28.95663,224596.05
1629720000,28.98539,29.31102,28.18259,28.71457,658090.22
1629734400,28.71289,29.0,28.33141,28.36652,365391.17000000004
1629748800,28.37179,28.78287,28.27496,28.57527,342318.18
1629763200,28.55914,28.72814,27.99106,28.44691,351433.35
1629777600,28.4498,28.93001,28.33206,28.77268,159359.71
1629792000,28.77102,28.85142,28.21116,28.48633,218918.0
1629806400,28.48523,28.51,26.47298,26.61333,546370.9299999999
1629820800,26.61818,26.67867,25.76496,26.52445,736365.15
1629835200,26.5307,26.6911,25.62719,25.72353,526792.46
1629849600,25.72415,26.6235,25.67956,25.97905,451855.55000000005
1629864000,25.97906,26.87595,25.93024,26.42896,375974.63
1629878400,26.42464,26.47671,25.21716,25.81092,322984.33999999997
1629892800,25.81092,26.73551,25.55172,26.72326,505828.33999999997
1629907200,26.73684,26.8421,26.16224,26.22511,346997.24
1629921600,26.22423,26.65,26.19303,26.60966,152163.55
1629936000,26.62098,26.961,25.65996,25.76202,402988.83999999997
1629950400,25.76035,25.93631,24.7773,25.04562,440546.09
1629964800,25.0532,25.32327,24.69858,24.96269,293001.71
1629979200,24.971,25.36446,24.40096,24.50036,821451.6
1629993600,24.49364,24.84147,23.91662,24.55997,669230.1
1630008000,24.56198,25.01584,24.36196,24.39997,484521.17
1630022400,24.38314,24.98594,24.00805,24.27593,691639.73
1630036800,24.27332,24.92787,24.01514,24.89692,452744.18000000005
1630051200,24.89335,25.33633,24.51691,25.1023,288599.13
1630065600,25.11231,25.89066,24.77056,25.77966,565302.99
1630080000,25.78136,25.88,25.46845,25.54409,240844.07
1630094400,25.53764,26.15849,25.36,26.05013,411540.83999999997
1630108800,26.05369,26.2,25.68741,25.68741,343554.24
1630123200,25.7025,25.91191,25.44258,25.69402,238328.93
1630137600,25.69666,26.0576,25.58454,25.63886,172431.0
1630152000,25.63403,25.97813,25.36656,25.67201,270771.88
1630166400,25.66603,25.87042,25.39254,25.4581,260850.11000000002
1630180800,25.45243,26.0508,25.45224,25.75,474955.85000000003
1630195200,25.75862,26.58426,25.54829,25.60378,601377.87
1630209600,25.60999,25.85425,25.27905,25.79611,324108.06
1630224000,25.7917,25.93653,25.47934,25.48866,229950.76
1630238400,25.49353,25.80221,25.16122,25.38981,310254.7
1630252800,25.39522,25.88,25.29841,25.70146,315732.70999999996
1630267200,25.7252,26.03342,25.45927,25.78479,259367.59999999998
1630281600,25.79383,25.9383,24.93715,25.04681,407494.04000000004
1630296000,25.05231,25.20816,24.83794,25.03966,317036.85
1630310400,25.0431,25.18161,24.68322,24.91225,231243.79
1630324800,24.91225,25.05306,24.32001,24.99301,463532.57
1630339200,24.99033,26.2627,24.93671,26.17194,748244.4199999999
1630353600,26.17085,26.48931,24.8902,25.04159,911109.67
1630368000,25.04159,25.33921,24.71495,25.21957,683140.98
1630382400,25.21364,26.09576,24.92533,26.03863,489291.06
1630396800,26.04428,26.91997,25.66865,26.91116,506647.30999999994
1630411200,26.92,27.32803,26.37102,27.20811,987426.3
1630425600,27.21428,27.54382,26.35997,26.92542,919364.26
1630440000,26.90046,27.05204,26.1,26.70915,535112.62
1630454400,26.69626,27.15308,26.09489,26.89423,565036.09
1630468800,26.87432,27.4,26.81251,26.93503,439369.72
1630483200,26.93664,27.8943,26.88981,27.88366,574275.0700000001
1630497600,27.87062,29.20632,27.66574,29.12369,1023812.3600000001
1630512000,29.12531,29.80825,28.90001,29.14842,1230179.21
1630526400,29.154,29.78568,29.1154,29.74617,669340.43
1630540800,29.75469,29.77256,29.0136,29.1294,658622.25
1630555200,29.1267,29.41323,28.7779,29.08167,409276.68
1630569600,29.06865,29.93556,29.02463,29.68886,396409.81
1630584000,29.68388,30.89,29.46315,29.71213,1151108.24
1630598400,29.71213,30.19,29.56445,30.13185,426838.76
1630612800,30.13184,30.86641,29.94925,29.96,574390.11
1630627200,29.97402,30.17249,29.086,30.00011,695338.8
1630641600,30.00374,30.26849,29.59278,29.75937,294281.93
1630656000,29.77261,31.74839,29.7005,31.11743,781626.22
1630670400,31.11314,31.61,31.00096,31.07323,629289.55
1630684800,31.07568,31.32834,30.85,31.1377,406183.26
1630699200,31.13872,31.1963,30.25142,30.78178,514979.41
1630713600,30.77187,30.99999,30.1317,30.55225,438152.78
1630728000,30.54188,30.81429,30.286,30.52948,226630.05
1630742400,30.531,31.17454,30.23367,30.54003,331451.92
1630756800,30.54368,30.96097,30.38461,30.57813,314242.73
1630771200,30.56784,30.76226,29.45478,29.7046,611612.9
1630785600,29.71054,30.18279,29.71054,29.90164,331091.84
1630800000,29.90164,30.23038,29.55,29.61223,277743.04
1630814400,29.59935,30.37376,29.57501,30.17797,182555.69
1630828800,30.17653,30.58111,30.13188,30.40212,222363.79
1630843200,30.40212,31.49,30.33942,31.48066,578295.19
1630857600,31.48372,33.12528,31.47254,32.84219,1195222.23
1630872000,32.85392,33.64792,32.59669,33.57233,757552.01
1630886400,33.58121,33.64,32.89821,33.07608,508989.26
1630900800,33.07281,34.86,33.01991,34.52273,574757.73
1630915200,34.51732,35.12215,33.77,33.84494,503002.12
1630929600,33.85704,36.35122,32.53855,35.59685,1379883.75
1630944000,35.58911,35.77226,34.96894,35.28846,654989.05
1630958400,35.304,35.84752,34.69044,34.8276,563360.72
1630972800,34.8307,35.13888,34.01,34.48146,597193.02
1630987200,34.47403,35.34469,34.02364,34.34339,435444.5
1631001600,34.33392,34.39256,31.51153,32.69851,1174449.3900000001
1631016000,32.69644,32.87453,25.0,28.36436,2777092.27
1631030400,28.34571,29.84762,26.56327,27.69288,2602594.1799999997
1631044800,27.70871,28.81003,27.05082,28.27129,1248209.78
1631059200,28.25597,29.22304,27.43423,28.07082,1045309.51
1631073600,28.07082,28.63251,25.55,25.59176,1139412.49
1631088000,25.616,27.55894,25.1539,27.03719,952301.11
1631102400,27.0232,27.67712,26.40736,27.04456,1179119.24
1631116800,27.04916,27.96,26.74467,27.463,1107726.5
1631131200,27.47399,27.92,26.77803,27.17837,941414.87
1631145600,27.16394,27.53084,26.46,26.98695,885088.85
1631160000,26.98695,28.37907,26.88555,27.93886,711137.0
1631174400,27.93161,28.6434,27.5494,27.96788,584021.54
1631188800,27.95618,29.18,27.02295,29.18,1196888.16
1631203200,29.16759,30.18836,28.43,28.66218,1212770.78
1631217600,28.64527,28.74486,27.75666,27.98,792749.25
1631232000,27.99614,29.55599,27.88544,28.8417,926910.32
1631246400,28.83046,29.06065,27.89502,28.05491,559191.65
1631260800,28.06736,28.29181,26.83605,28.01141,748137.69
1631275200,28.01141,28.18982,25.62676,26.76898,1501466.28
1631289600,26.75774,27.32493,26.39802,26.72059,970868.98
1631304000,26.7164,26.99539,25.62901,26.39417,798450.3500000001
1631318400,26.39672,27.28999,26.26895,26.57916,705154.36
1631332800,26.58068,27.12949,26.36515,26.84473,362082.72
1631347200,26.89109,27.39651,26.38812,27.14171,375934.25
1631361600,27.14747,27.69351,27.11573,27.2681,540307.1
1631376000,27.26328,27.76781,26.94232,27.05001,390782.63
1631390400,27.05,27.35668,26.66541,27.00796,339807.95
1631404800,26.99906,27.23673,26.37202,27.22671,320268.8
1631419200,27.22378,27.46356,26.90412,27.24116,167080.91
1631433600,27.24282,28.74215,27.13244,28.64046,405561.23
1631448000,28.67099,29.75346,28.43149,29.43042,1062420.73
1631462400,29.3772,29.66568,28.73886,28.98337,646202.87
1631476800,28.97935,29.69689,27.85108,29.4084,1057067.53
1631491200,29.41877,29.92997,27.49515,27.54679,1040974.91
1631505600,27.54831,28.07682,26.20201,26.67241,788074.25
1631520000,26.63174,26.74211,25.77,26.53466,884366.4
1631534400,26.51498,27.92042,25.22,26.34772,1706938.69
1631548800,26.34969,27.31445,26.29408,27.22868,872176.1
1631563200,27.22411,27.53607,26.90423,26.96742,583862.09
1631577600,26.97244,27.40108,26.784,27.14173,496281.35
1631592000,27.13931,27.36543,26.74071,27.04842,421628.68
1631606400,27.04773,27.45691,27.019,27.04906,322047.0
1631620800,27.0447,29.43529,26.72871,29.06,1429528.49
1631635200,29.06,29.5672,28.61114,29.10269,941903.78
1631649600,29.10444,30.87718,28.69499,30.82583,1087501.0
1631664000,30.82161,31.0,29.8895,30.10691,986153.35
1631678400,30.09257,30.37655,29.60396,30.32717,449877.52
1631692800,30.32717,31.45,30.12079,31.16806,753503.23
1631707200,31.16262,31.44,30.32605,31.18695,954004.31
1631721600,31.19954,31.31982,30.47709,30.67031,590612.9400000001
1631736000,30.68576,30.8462,30.15084,30.68,466984.87
1631750400,30.69341,31.97,30.32,31.53423,830850.92
1631764800,31.53886,32.12,31.40529,31.49451,475112.94
1631779200,31.49365,31.55122,30.69173,31.04305,378276.36
1631793600,31.02549,31.33311,29.82081,30.53114,967485.72
1631808000,30.51592,30.70613,29.8,29.89001,496758.57000000007
1631822400,29.8905,30.08168,29.03049,29.79906,629669.81
1631836800,29.81751,30.05,29.34,29.72792,500576.21
1631851200,29.73049,30.1318,29.42181,29.52902,476257.44999999995
1631865600,29.51212,29.96369,28.06246,28.35758,912936.8600000001
1631880000,28.35716,28.71219,27.76375,28.37497,784497.84
1631894400,28.36557,28.70123,27.78868,28.28854,688802.58
1631908800,28.29006,28.3,27.36956,27.74473,426801.45
1631923200,27.74286,28.32135,27.39888,28.26843,465627.63
1631937600,28.30703,29.21001,28.26067,28.97,419369.41000000003
1631952000,28.97,29.4641,28.83463,28.9031,298337.05
1631966400,28.92347,29.24286,28.60848,28.69997,435582.53
1631980800,28.70539,28.82928,28.21649,28.5395,457696.98
1631995200,28.52718,28.52718,27.8412,28.40642,404992.53
1632009600,28.41098,28.47249,27.68646,27.951,300834.17
1632024000,27.94123,28.63708,27.81816,28.63,167876.97999999998
1632038400,28.6264,28.79532,27.53466,27.7108,332584.61
1632052800,27.70112,28.23094,27.58769,28.02314,350759.23
1632067200,28.02314,28.25531,27.55,27.58752,328308.66000000003
1632081600,27.58752,27.8142,26.93277,27.3836,499762.67000000004
1632096000,27.37993,27.42362,25.5846,25.81635,1012309.1400000001
1632110400,25.81,26.26637,24.71045,25.07219,794668.95
1632124800,25.04922,25.54394,23.82503,24.14204,892363.86
1632139200,24.13745,24.74631,23.01,24.49,1512533.02
1632153600,24.49193,24.86524,23.44258,24.18015,1093668.25
1632168000,24.16578,24.35063,23.23,23.56574,1025206.45
1632182400,23.56041,23.83804,22.15,23.37732,1680858.53
1632196800,23.37995,23.86587,22.72,23.85593,786498.25
1632211200,23.83531,24.37999,23.6703,24.08634,552034.58
1632225600,24.06452,24.36581,23.06391,23.75607,746787.15
1632240000,23.75595,23.8325,22.35,22.41636,1015170.47
1632254400,22.41686,22.62178,20.81631,21.42447,1828498.06
1632268800,21.43561,22.49434,21.03046,22.24817,1086337.6099999999
1632283200,22.26507,22.93824,21.90001,22.82486,572416.3200000001
1632297600,22.82429,23.08614,22.52,22.62053,665097.98
1632312000,22.62053,23.82656,22.59001,23.79418,814191.8
1632326400,23.79769,24.51706,23.58,24.03424,1205732.14
1632340800,24.02091,24.51256,23.88296,24.46555,609730.65
1632355200,24.45588,24.7,23.84117,24.60618,527242.27
1632369600,24.60626,24.63041,24.06,24.55185,326220.28
1632384000,24.52108,24.63042,23.43828,23.55735,433024.65
1632398400,23.545,24.7575,23.41,24.1746,566120.6000000001
1632412800,24.16466,25.39091,24.1,25.34446,747417.1799999999
1632427200,25.33762,25.49,25.02056,25.44375,450953.78
1632441600,25.4364,25.51091,24.57197,24.61262,465690.75
1632456000,24.60452,24.87873,24.14449,24.677,547646.25
1632470400,24.65751,25.01971,21.4,22.24484,1803863.58
1632484800,22.24209,23.07574,21.66784,22.50767,1537070.45
1632499200,22.50163,22.97555,22.33246,22.73854,576048.6399999999
1632513600,22.74428,23.63569,22.7,23.28734,890642.89
1632528000,23.28821,23.79536,22.88898,23.32348,732643.13
1632542400,23.33721,23.58932,22.67705,22.72994,377358.9
1632556800,22.72536,23.19849,22.05262,22.70037,716335.93
1632571200,22.70933,23.10874,22.35847,22.89806,483637.45
1632585600,22.8927,24.15,22.53337,23.93931,818057.99
1632600000,23.93823,24.70811,23.69374,24.51968,940635.74
1632614400,24.51968,24.65439,23.45731,24.20424,941006.0499999999
1632628800,24.19521,24.45476,22.49225,22.79532,953647.13
1632643200,22.79669,24.79519,22.36114,24.73596,1224140.2
1632657600,24.75867,25.37414,24.61934,25.13397,745413.65
1632672000,25.14887,25.3551,24.29167,24.52363,576720.78
1632686400,24.54565,25.14183,24.16721,24.63255,736620.5700000001
1632700800,24.60777,25.4792,24.10237,24.89715,598580.9199999999
1632715200,24.9027,25.13246,24.50433,24.58086,297473.31
1632729600,24.57803,24.78871,24.16315,24.37276,384791.58
1632744000,24.37,24.49379,23.53847,23.91739,533806.65
1632758400,23.91556,24.03566,23.31763,23.46775,402694.02999999997
1632772800,23.46262,23.82199,23.0,23.03109,503487.26
1632787200,23.02763,23.5418,22.89,23.38794,466663.6
1632801600,23.40011,23.54702,22.7426,22.82191,314882.12
1632816000,22.83136,23.74245,22.69871,23.68803,481266.1
1632830400,23.69341,23.73266,22.62124,22.67,539782.3200000001
1632844800,22.66874,22.86154,22.18001,22.40337,643287.0800000001
1632859200,22.42,22.7114,22.0,22.09162,404394.63
1632873600,22.09162,23.19869,22.01434,23.19462,546541.93
1632888000,23.19869,23.5229,23.11,23.43461,499613.28
1632902400,23.42969,23.74149,23.14212,23.70427,405835.48
1632916800,23.71063,23.92042,23.10366,23.18947,558197.3
1632931200,23.19718,23.30522,22.35182,22.40808,885204.27
1632945600,22.41904,22.9125,22.18415,22.86,378853.3
1632960000,22.8509,24.34524,22.7146,24.28491,756491.79
1632974400,24.28746,24.39038,23.88142,23.9335,415237.89
1632988800,23.93061,24.05875,23.55149,23.7572,323480.28
1633003200,23.76095,24.23842,23.55736,23.68705,599473.6
1633017600,23.68704,23.96434,23.377,23.51282,539182.06
1633032000,23.51469,24.03689,23.40316,24.0,348741.27
1633046400,23.99714,24.18837,23.58,23.76181,501334.03
1633060800,23.76182,24.48455,23.6482,24.46436,361668.87
1633075200,24.47534,26.16801,24.47534,25.98929,904670.23
1633089600,25.9931,26.19998,25.59,26.0683,680560.79
1633104000,26.07285,26.70306,25.97774,26.42681,577650.37
1633118400,26.46345,26.62784,25.95215,26.33045,644844.6
1633132800,26.33047,26.65,25.8782,25.92946,322275.38
1633147200,25.92521,26.21349,25.84581,26.08734,244380.18
1633161600,26.07929,26.39441,25.87195,26.28019,183826.96000000002
1633176000,26.27789,27.43,26.217,27.27934,716068.73
1633190400,27.27201,27.82351,27.0752,27.73912,613564.22
1633204800,27.73996,27.8,26.75,26.90795,475315.81
1633219200,26.90804,27.41037,26.53351,27.23809,538911.79
1633233600,27.23455,27.4376,26.95349,27.00769,232372.86
1633248000,26.99956,27.25886,26.65383,27.20645,265100.2
1633262400,27.19866,27.58366,26.8862,26.97587,320566.91000000003
1633276800,26.97838,28.16942,26.87154,27.92196,525160.38
1633291200,27.92669,28.03165,27.15356,27.58486,474685.11
1633305600,27.58248,27.6841,26.33834,26.3398,630858.46
1633320000,26.34473,26.70001,26.1344,26.68268,387800.47
1633334400,26.6774,26.74551,26.05637,26.29263,211195.68
1633348800,26.29002,27.19705,25.59815,26.21723,553827.54
1633363200,26.209,27.14435,26.12065,26.98462,644600.74
1633377600,26.98092,27.02568,26.30331,26.62653,502567.04000000004
1633392000,26.61944,27.03999,26.42274,26.664,392007.04
1633406400,26.664,26.69352,26.29178,26.49946,332857.87
1633420800,26.49865,27.24239,26.33563,26.94414,357728.96
1633435200,26.94441,27.24839,26.4285,26.49877,510626.71
1633449600,26.49902,26.94646,26.20967,26.80021,418236.73
1633464000,26.81457,27.5,26.80002,27.23022,573621.92
1633478400,27.24174,27.31007,26.57338,26.65734,297047.58999999997
1633492800,26.64631,26.85965,26.0599,26.20188,418587.73
1633507200,26.19804,26.24365,25.22896,25.56212,565433.01
1633521600,25.56,27.87111,25.52477,27.73288,882394.85
1633536000,27.72126,28.18656,27.24985,27.3293,672457.24
1633550400,27.32705,27.37999,26.7007,26.80818,724352.73
1633564800,26.81459,26.83,25.9049,26.0109,694580.12
1633579200,26.00667,27.10463,25.96032,27.08134,441282.97
1633593600,27.08716,27.45769,26.66405,27.35182,398884.45999999996
1633608000,27.35021,27.71244,26.60965,27.13717,706930.99
1633622400,27.1386,27.34493,26.72496,27.15664,510545.98
1633636800,27.153,27.43731,26.68239,26.82026,396710.11
1633651200,26.84337,27.032,26.35001,26.5393,337569.9
1633665600,26.53453,27.15687,26.36878,27.03588,275409.11
1633680000,27.03583,27.45,26.91042,26.95,324569.14
1633694400,26.94534,27.29011,26.60313,27.00362,561534.87
1633708800,26.99832,27.2423,26.79392,26.97224,409963.58
1633723200,26.98075,26.99239,26.15384,26.39,541548.69
1633737600,26.39,26.56675,26.04177,26.47826,415271.38
1633752000,26.48217,26.57142,26.28703,26.47445,211881.49
1633766400,26.47948,27.3387,26.16239,27.08572,428435.58999999997
1633780800,27.08416,27.43617,27.02872,27.20347,438569.58999999997
1633795200,27.19832,27.89894,26.93681,27.37001,614748.05
1633809600,27.37001,27.66231,27.19875,27.42832,420723.15
1633824000,27.45445,27.48373,26.75216,27.11751,674749.8300000001
1633838400,27.12146,27.43049,26.88111,27.20979,283322.52
1633852800,27.21463,27.33464,26.78987,27.00893,186116.22
1633867200,27.0098,27.06921,26.55743,26.83849,239943.11
1633881600,26.83334,26.86791,26.37487,26.49656,320955.31
1633896000,26.4877,26.7637,25.40001,25.5494,764395.85
1633910400,25.54376,26.3212,25.23607,26.29983,562023.56
1633924800,26.29884,26.5,26.08374,26.47588,277769.8
1633939200,26.46969,26.75897,25.85276,26.07788,372415.07
1633953600,26.09174,26.35377,25.97428,26.04468,549834.84
1633968000,26.05161,26.14,25.27571,25.28761,496382.19000000006
1633982400,25.28551,25.28551,24.63426,25.23441,571505.75
1633996800,25.23062,25.25542,24.19358,24.4002,657942.63
1634011200,24.40206,24.72035,24.12696,24.33958,322777.08999999997
1634025600,24.34822,24.65532,23.64689,24.055,636680.36
1634040000,24.06613,24.83084,23.53575,24.73301,730706.53
1634054400,24.71883,24.80188,24.36,24.45032,442371.16
1634068800,24.44899,24.89671,24.12687,24.62765,412454.04
1634083200,24.62764,25.12423,24.44678,24.90429,420366.12
1634097600,24.91146,25.1282,24.17519,24.2129,453073.06
1634112000,24.19216,24.91331,24.15932,24.85284,414399.9
1634126400,24.8559,24.9385,24.33407,24.68774,269751.32
1634140800,24.69607,24.81679,24.44441,24.74237,685806.2
1634155200,24.73836,25.68025,24.67861,25.68025,651034.44
1634169600,25.68025,26.28392,25.38743,26.205,635857.76
1634184000,26.22072,27.17305,26.15893,26.97,506634.08
1634198400,26.96534,27.75,26.92,27.51125,666327.4
1634212800,27.50979,27.63999,26.78197,27.57283,634819.67
1634227200,27.57227,27.86875,26.82516,27.03966,630441.07
1634241600,27.04091,27.04385,26.44688,26.72471,435007.35
1634256000,26.72798,27.10874,25.97351,26.84828,837461.88
1634270400,26.84518,27.16764,26.53998,26.93194,550253.71
1634284800,26.94162,26.9877,26.05642,26.53837,511099.12
1634299200,26.52547,26.6794,26.24184,26.30257,538258.09
1634313600,26.29955,27.21268,26.2334,27.01309,703773.76
1634328000,27.03241,27.39134,26.81133,27.01479,590885.99
1634342400,27.01479,27.46028,27.0,27.10517,344134.17
1634356800,27.10421,27.52995,26.94939,27.06495,285452.79000000004
1634371200,27.05796,28.16226,27.00007,28.07885,535726.39
1634385600,28.07463,28.68795,27.27757,28.31158,900080.52
1634400000,28.30748,28.37442,27.63318,27.63584,496908.51
1634414400,27.63613,27.71366,27.13002,27.22954,393560.61
1634428800,27.23087,27.47,26.89635,27.39058,370255.7
1634443200,27.39646,27.59695,27.20274,27.21116,204145.03999999998
1634457600,27.20931,27.62556,27.20928,27.28946,137200.36000000002
1634472000,27.29335,27.32449,26.4,26.58188,404664.89
1634486400,26.58375,26.81487,26.35787,26.45086,352278.57
1634500800,26.45087,26.62429,25.75,26.53806,828629.65
1634515200,26.54487,26.743,26.20912,26.34535,283199.56
1634529600,26.34314,26.54636,26.09999,26.15376,291899.31
1634544000,26.14874,26.42207,25.59,25.76641,487603.36
1634558400,25.7648,26.21401,25.32118,25.78509,569750.36
1634572800,25.78852,25.84034,25.27,25.63598,363902.69
1634587200,25.63829,25.77486,25.42262,25.70439,235300.88
1634601600,25.6962,26.21219,25.57266,26.19627,340674.31
1634616000,26.19285,26.20449,25.79622,25.92334,189732.84
1634630400,25.92554,25.99572,25.691,25.89011,138268.54
1634644800,25.8811,26.28718,25.36672,25.39126,499531.43
1634659200,25.40999,25.81801,25.36928,25.58465,297437.19999999995
1634673600,25.57385,25.97928,25.42037,25.91872,298294.27
1634688000,25.92283,26.30002,25.86525,25.95277,316839.27
1634702400,25.94507,26.17779,25.86382,26.03266,180885.04
1634716800,26.02961,26.17317,25.91408,26.04007,106493.06
1634731200,26.0409,27.18071,26.03843,27.16692,694671.17
1634745600,27.17581,27.50599,27.03035,27.36788,501408.17
1634760000,27.36879,27.64283,27.07915,27.49721,483523.28
1634774400,27.48724,28.06628,27.19863,27.57211,824518.1499999999
1634788800,27.57211,27.79,27.33758,27.6858,345171.07
1634803200,27.68582,28.98738,27.67437,27.97003,756787.99
1634817600,27.94592,29.33331,27.5424,28.72721,1395698.23
1634832000,28.72028,28.92157,28.14026,28.32424,752474.95
1634846400,28.31957,28.81427,28.00796,28.27285,476837.77999999997
1634860800,28.27546,29.76998,28.249,29.49205,871383.0
1634875200,29.47999,29.5083,28.81821,29.26016,300804.38
1634889600,29.26423,29.51164,29.0,29.38483,278023.99
1634904000,29.37246,30.0,28.58,28.60423,957958.16
1634918400,28.60656,28.81375,28.00571,28.63979,575394.17
1634932800,28.62874,28.81119,28.18351,28.66153,395758.16000000003
1634947200,28.66153,28.96346,28.29881,28.898,283542.79000000004
1634961600,28.89408,30.17732,28.81802,30.03611,601371.24
1634976000,30.02829,31.0,29.54948,31.0,599536.0700000001
1634990400,31.0,31.28802,30.38001,31.28802,624840.77
1635004800,31.27733,31.31,30.39467,30.59919,638463.23
1635019200,30.59807,31.45222,30.50229,31.37851,402910.45999999996
1635033600,31.37717,31.52883,30.42,30.516,445135.27999999997
1635048000,30.51578,30.5425,30.036,30.3361,204861.39
1635062400,30.34601,30.6055,29.65628,29.72466,253069.11
1635076800,29.7,30.16547,29.20562,29.36758,685836.85
1635091200,29.35647,29.8914,28.75001,29.40526,634261.21
1635105600,29.40737,29.83395,29.27351,29.70899,347143.27
1635120000,29.70206,30.32894,29.52644,30.18727,358710.08
1635134400,30.19507,30.9135,30.19507,30.67586,383292.44
1635148800,30.6695,32.0321,30.663,31.74231,528384.69
1635163200,31.74142,32.76801,31.57172,32.58184,680751.8200000001
1635177600,32.58576,32.70122,31.8,32.45198,654803.3
1635192000,32.45198,32.91368,32.18573,32.38565,600831.13
1635206400,32.38828,32.53744,31.91,32.10999,392669.27
1635220800,32.10253,32.21436,31.67325,31.85254,185991.89
1635235200,31.85129,32.39624,31.8154,32.03873,208325.96
1635249600,32.0352,32.10491,31.2857,32.01593,637266.04
1635264000,32.00702,33.66978,31.54221,33.41334,1006464.1000000001
1635278400,33.41334,33.82297,31.71179,32.54232,1129616.03
1635292800,32.53551,33.53216,32.20147,33.3113,733256.03
1635307200,33.30507,33.90914,31.59,31.62392,634293.54
1635321600,31.60763,31.61359,27.95759,29.52413,2232840.0300000003
1635336000,29.5,30.10953,28.91551,29.41315,971494.6799999999
1635350400,29.41316,29.7549,28.37118,29.13574,1001678.87
1635364800,29.1436,29.68925,28.83952,28.91076,915114.45
1635379200,28.91076,29.8163,28.64286,29.6324,724063.46
1635393600,29.62152,30.64574,29.57301,29.74601,853243.52
1635408000,29.74037,30.81069,29.71429,30.2769,715868.8
1635422400,30.2769,30.66743,30.10596,30.18165,496612.13
1635436800,30.16738,30.47179,29.3572,30.36107,634411.78
1635451200,30.36717,30.92854,29.88824,30.19988,610262.08
1635465600,30.20567,31.82335,29.95346,31.69363,585410.8099999999
1635480000,31.70154,31.96187,31.02492,31.10505,478478.61
1635494400,31.10122,31.47578,30.57218,30.86623,354250.41
1635508800,30.85672,31.56,30.60387,31.50495,603840.23
1635523200,31.50608,31.76948,30.8133,31.03717,559429.4299999999
1635537600,31.03169,31.23852,30.8036,30.96101,243841.56
1635552000,30.98397,31.13122,30.22798,30.29109,457080.97
1635566400,30.29206,30.52637,30.2211,30.40393,186237.27
1635580800,30.39951,30.43254,30.0,30.36153,187628.88
1635595200,30.35325,30.37914,29.5,30.0275,585392.11
1635609600,30.02519,30.11754,29.75,30.11754,289267.86
1635624000,30.11444,30.16723,29.1669,29.80182,401870.18
1635638400,29.80586,30.67936,29.62286,30.12918,604321.16
1635652800,30.13709,30.32821,29.66655,29.9495,250196.65
1635667200,29.94711,29.96548,29.02,29.11402,254426.41
1635681600,29.12626,29.49062,28.67,29.3022,487429.99
1635696000,29.28893,29.67047,29.05761,29.53654,370100.72
1635710400,29.54201,30.13531,29.42169,30.02323,297472.29
1635724800,30.02661,30.41559,29.34975,29.46862,436128.29
1635739200,29.46957,30.51984,29.17045,30.37359,458058.33999999997
1635753600,30.3701,30.61997,30.06577,30.24132,343799.67
1635768000,30.23896,31.59275,30.12281,31.50085,798842.46
1635782400,31.50817,31.62101,30.77,31.35228,542219.47
1635796800,31.3567,31.88332,30.91295,31.68755,398018.5
1635811200,31.69326,31.79243,31.02701,31.21855,395271.33999999997
1635825600,31.21838,31.3775,31.08175,31.11167,173563.37
1635840000,31.12414,32.45607,31.05,32.01903,392820.33999999997
1635854400,32.02143,32.5,32.01736,32.38276,376649.33999999997
1635868800,32.38452,32.5,32.07092,32.15444,362482.99
1635883200,32.17377,32.38737,31.87492,32.28399,347883.19999999995
1635897600,32.29577,32.80777,31.9115,32.13836,533775.08
1635912000,32.13878,32.31342,31.777,32.30466,304336.16000000003
1635926400,32.3046,32.321,31.88782,31.95243,225319.23
1635940800,31.94719,31.98539,30.57719,31.35099,563092.51
1635955200,31.36696,32.04695,30.88343,31.67811,441566.92000000004
1635969600,31.68271,32.03733,31.62436,31.96549,314857.74
1635984000,31.97414,32.116,31.47029,31.60654,351160.67
1635998400,31.60066,31.84496,30.87022,30.88,220073.63
1636012800,30.88644,31.16399,30.63652,30.78617,272499.70999999996
1636027200,30.78073,31.3713,30.24305,30.4171,497422.21
1636041600,30.41572,30.78,30.25814,30.70989,395086.98
1636056000,30.70465,31.20569,30.52926,31.00373,313558.26
1636070400,31.00374,31.56902,30.7,31.50272,351018.61
1636084800,31.49642,31.88849,31.32443,31.64178,312948.85
1636099200,31.64269,32.08428,31.36638,31.67786,404636.53
1636113600,31.67344,33.71812,31.64644,32.81359,1454966.6400000001
1636128000,32.82705,33.60656,32.813,33.12143,961906.24
1636142400,33.13384,33.2215,32.6,32.89255,341967.61
1636156800,32.88101,33.22583,32.44,32.62025,387429.98
1636171200,32.61223,32.63225,31.75275,32.15417,280782.18
1636185600,32.15683,32.30026,30.90982,31.15986,359173.31
1636200000,31.15416,31.44914,30.75155,31.3773,401242.64
1636214400,31.3884,31.85615,31.25343,31.79594,279449.96
1636228800,31.79881,32.08835,31.65662,32.0803,222616.5
1636243200,32.09015,32.28,31.74056,32.1485,227080.94999999998
1636257600,32.14156,32.44875,32.06739,32.12117,171768.38999999998
1636272000,32.1225,32.60999,31.85,32.30759,219222.18
1636286400,32.30585,32.45101,32.03927,32.17658,175266.98
1636300800,32.17123,32.38536,31.93485,32.29609,211746.44
1636315200,32.29435,32.46562,32.13439,32.35652,213555.56
1636329600,32.35899,33.34,32.20391,33.33602,650375.0
1636344000,33.34,33.69494,33.15236,33.38206,378621.07999999996
1636358400,33.3893,34.34912,33.0,34.2348,513087.97
1636372800,34.22401,34.55545,33.74027,34.36951,518853.37
1636387200,34.37402,34.83692,34.05,34.26296,516411.69
1636401600,34.26027,34.59017,33.92661,34.47181,506573.74
1636416000,34.49321,34.8,34.08248,34.38716,471265.2
1636430400,34.38903,35.61366,34.34739,35.1748,500303.18
1636444800,35.16939,35.4159,34.04622,34.57947,361435.49
1636459200,34.58851,34.94272,33.6,34.04397,621786.84
1636473600,34.05098,34.21682,33.4,34.02518,530368.11
1636488000,34.03295,34.28303,33.73521,33.84002,257692.97
1636502400,33.84096,34.51686,33.54072,33.72664,518543.51
1636516800,33.71736,34.58035,33.56175,34.42162,352959.82
1636531200,34.43448,35.39708,34.40832,34.99535,500598.6
1636545600,34.99702,38.32458,34.71383,38.10985,2230140.21
1636560000,38.12346,38.24057,35.7246,35.81303,1131064.47
1636574400,35.80834,36.38823,31.85241,34.23874,2590156.48
1636588800,34.21261,34.58846,33.38427,34.5111,922584.9099999999
1636603200,34.51441,36.48522,33.93,36.20888,705966.71
1636617600,36.205,36.94566,35.55684,36.44743,672430.11
1636632000,36.45134,36.6356,35.03092,35.48884,820151.89
1636646400,35.48292,35.92282,34.81713,35.41629,523606.33999999997
1636660800,35.42477,35.47619,34.70121,34.70121,619033.88
1636675200,34.7,35.45626,34.0544,34.60773,1166586.26
1636689600,34.61486,34.7967,33.52,33.77077,442880.61
1636704000,33.75758,34.24999,33.02443,33.4386,754254.56
1636718400,33.45502,34.04648,33.12,33.41199,555067.48
1636732800,33.42295,34.61884,32.71127,34.1463,897786.14
1636747200,34.1463,34.77189,34.0571,34.28213,345416.7
1636761600,34.2725,34.5947,33.68064,33.82246,351413.28
1636776000,33.81617,34.00546,33.51927,33.93548,266838.6
1636790400,33.93548,33.96098,33.23578,33.43932,185945.05
1636804800,33.44901,34.27764,33.20515,33.94686,299090.82
1636819200,33.94623,34.42374,33.6925,33.85217,376642.6
1636833600,33.85127,34.24008,33.84646,33.9902,216430.21
1636848000,34.00175,34.45,33.75083,33.77763,325395.18
1636862400,33.79169,34.07999,33.60215,33.65054,266862.39
1636876800,33.6623,33.85486,33.36973,33.77287,117395.79000000001
1636891200,33.76469,33.88511,33.132,33.18945,206353.61
1636905600,33.18491,33.24501,32.5531,33.06217,337929.38
1636920000,33.055,33.80918,32.93075,33.76863,302127.17000000004
1636934400,33.76864,34.48876,33.76864,34.07,494890.85
1636948800,34.07439,34.51429,33.96176,34.27462,168916.96
1636963200,34.27474,34.48403,33.80361,33.86909,309052.06
1636977600,33.86731,34.12435,33.03408,33.16603,260126.88
1636992000,33.16265,33.29795,32.61384,32.86359,418598.12
1637006400,32.86688,32.86688,32.0,32.04394,359018.13
1637020800,32.04568,32.05814,29.251,29.95304,1583815.61
1637035200,29.93702,30.47972,29.57835,30.34759,659666.9
1637049600,30.34383,30.65412,28.002,30.03251,962858.4900000001
1637064000,30.02437,30.47635,29.36303,29.7402,588697.63
1637078400,29.75,30.05204,29.10652,29.64841,513657.74
1637092800,29.64053,29.92516,28.6743,29.16949,653558.87
1637107200,29.17116,29.42083,28.05816,28.48085,914635.1
1637121600,28.48422,29.1924,28.17339,28.87283,549253.49
1637136000,28.86745,29.62629,28.14764,29.60261,382940.79
1637150400,29.62858,29.76544,28.79504,28.97964,417468.45
1637164800,29.01242,29.44383,28.78,29.10342,542710.76
1637179200,29.08969,29.34084,28.79002,29.19449,356953.87
1637193600,29.20619,29.71441,29.01958,29.0201,375625.34
1637208000,29.02025,29.22563,28.31525,28.5777,393189.24
1637222400,28.5812,28.73648,27.8162,28.13354,314893.32
1637236800,28.13447,28.54352,26.8005,27.13721,829187.51
1637251200,27.15247,27.40299,25.8715,27.20784,1047095.2
1637265600,27.22619,27.30215,26.22018,26.56392,747346.4
1637280000,26.56641,27.23221,26.10858,26.42391,648141.63
1637294400,26.42436,27.37968,26.37102,26.96117,361713.07
1637308800,26.94171,28.55909,26.94171,27.87147,491172.62
1637323200,27.87136,28.76999,27.83223,28.53411,566929.63
1637337600,28.53137,28.89976,28.41208,28.5941,386150.85
1637352000,28.60849,28.64058,28.12779,28.30279,269275.05
1637366400,28.30279,28.7451,28.10961,28.18894,272704.67000000004
1637380800,28.18894,28.45499,28.0,28.2789,135508.67
1637395200,28.28871,28.55302,28.21125,28.4746,106719.95999999999
1637409600,28.48752,28.65431,27.66282,27.67582,249169.44
1637424000,27.66188,28.39194,27.30372,28.075,587598.03
1637438400,28.07776,28.39595,28.00463,28.38554,221735.77
1637452800,28.38554,28.45533,27.81701,27.95041,198635.09999999998
1637467200,27.9538,28.51179,27.91452,28.30944,195365.22
1637481600,28.2979,28.45983,27.85052,27.99375,112987.22
1637496000,27.98979,28.111,27.71703,28.02407,130808.18
1637510400,28.0414,28.54449,27.92572,28.1556,257102.64
1637524800,28.16286,29.27965,28.16286,29.01304,554564.54
1637539200,29.02685,29.11635,27.36531,27.4919,707044.15
1637553600,27.49274,27.61658,26.95152,27.13688,559317.89
1637568000,27.13997,27.56496,27.10002,27.3215,158987.22
1637582400,27.31014,28.0,26.85736,27.56223,369313.04000000004
1637596800,27.55958,27.57044,26.35393,26.4394,527873.63
1637611200,26.4291,27.04069,26.26346,26.79008,388917.37
1637625600,26.78523,27.16842,26.6,26.90406,344339.25
1637640000,26.91178,26.99513,26.46736,26.61301,282079.6
1637654400,26.61387,27.22857,26.18105,26.56775,361393.57999999996
1637668800,26.57998,27.47167,26.35261,27.21369,399900.55
1637683200,27.20704,27.57124,26.98134,27.08709,253004.86
1637697600,27.10198,27.12017,26.80898,26.95105,318879.41
1637712000,26.955,26.98656,26.20462,26.28319,269692.77
1637726400,26.28319,26.62419,26.18,26.56214,219319.99
1637740800,26.55857,26.8504,26.27138,26.43088,163639.52
1637755200,26.41772,26.50418,25.53846,25.77761,616384.93
1637769600,25.7774,25.84393,25.24768,25.31857,569210.01
1637784000,25.31329,25.74475,25.16769,25.59853,505400.23
1637798400,25.5932,26.55258,25.39551,26.53849,416681.37
1637812800,26.54389,26.59899,26.11623,26.21584,204963.04
1637827200,26.21824,26.99287,25.92024,26.71899,314711.9
1637841600,26.71461,27.6,26.70511,27.35424,499388.38
1637856000,27.35395,27.51669,26.68,26.77659,342122.4
1637870400,26.76254,26.87954,26.16622,26.43087,310366.38
1637884800,26.44093,26.59046,26.14689,26.17617,359913.49
1637899200,26.17597,26.34539,25.42,25.67834,394108.08999999997
1637913600,25.6785,25.684,23.27065,23.3096,1240082.65
1637928000,23.31602,24.25383,23.08,23.72765,811450.1799999999
1637942400,23.73784,24.4488,23.5246,24.33634,660930.31
1637956800,24.33746,24.5907,23.83675,23.97691,495744.15
1637971200,23.9594,24.65564,23.9,24.54231,472458.4
1637985600,24.53375,24.76832,24.35314,24.42126,364604.69
1638000000,24.41689,24.99529,24.25,24.46971,338673.43
1638014400,24.48199,24.75466,24.28452,24.45703,172150.21
1638028800,24.44615,24.78,24.3716,24.51439,231346.81
1638043200,24.51,24.63903,23.78924,24.12474,520425.41000000003
1638057600,24.1135,24.31489,23.1438,23.4331,542129.13
1638072000,23.4381,23.73008,23.18473,23.6649,370759.17000000004
1638086400,23.66329,23.88103,23.21666,23.65797,197996.34
1638100800,23.709,23.81999,23.41732,23.60166,193139.97999999998
1638115200,23.60423,23.78943,22.65523,23.66765,677426.97
1638129600,23.68326,25.0,23.65789,24.7734,949285.75
1638144000,24.77134,25.14113,24.73497,24.91544,455712.99
1638158400,24.91544,25.22509,24.88337,25.12588,222823.15
1638172800,25.12696,25.23638,24.5602,24.7266,284031.96
1638187200,24.72296,25.32595,24.67347,24.88074,213979.91
1638201600,24.89005,25.61117,24.70695,24.75083,341105.35
1638216000,24.75876,25.26878,24.67856,25.00999,339957.88
1638230400,25.00571,25.26343,24.62216,24.87682,285964.38
1638244800,24.87506,25.09752,24.17612,24.53247,264107.8
1638259200,24.54384,25.25518,24.17,25.22683,272231.21
1638273600,25.22777,26.54577,25.22514,25.92058,677880.73
1638288000,25.92087,26.32785,25.60647,26.02289,606211.69
1638302400,26.02318,26.1,25.28,25.33732,395497.9
1638316800,25.33732,26.08685,25.11002,26.05869,306053.91000000003
1638331200,26.07152,26.17374,25.73633,26.15777,189065.84999999998
1638345600,26.16072,26.4378,25.84903,26.22066,302956.36
1638360000,26.22783,26.93342,26.20142,26.52181,637538.21
1638374400,26.53564,26.78842,25.76289,25.9513,520221.62
1638388800,25.95085,25.95085,24.98,25.34655,596816.89
1638403200,25.34424,25.35879,24.19023,24.55569,736729.04
1638417600,24.55729,24.88432,24.52222,24.85107,267036.04
1638432000,24.843,24.99311,24.52082,24.82699,272748.13
1638446400,24.83032,25.19343,24.48744,24.76398,461722.97
1638460800,24.77857,24.95496,24.53,24.76909,451572.13
1638475200,24.76909,24.9,24.52,24.56127,450962.83
1638489600,24.5599,24.81011,24.32517,24.53357,279746.02
1638504000,24.52364,25.21828,24.41921,25.07422,185546.48
1638518400,25.07949,25.71576,25.03964,25.63156,397049.85000000003
1638532800,25.62361,25.862,24.84165,24.88777,518321.86
1638547200,24.88221,24.88693,23.43119,23.48698,1286515.86
1638561600,23.48061,23.68108,22.52212,23.33415,1178892.08
1638576000,23.31959,23.35784,21.94926,21.95,786848.21
1638590400,21.95,22.56516,16.72908,19.1216,3367807.7199999997
1638604800,19.12161,19.68181,18.7,18.97543,895875.16
1638619200,18.96505,20.40901,18.89,20.04523,1835909.3699999999
1638633600,20.03992,21.0,19.54602,20.70964,960722.99
1638648000,20.71841,20.89828,20.4405,20.69384,575097.3300000001
1638662400,20.6899,20.945,20.09555,20.31931,1050001.03
1638676800,20.32134,20.35106,19.8727,20.09993,939788.46
1638691200,20.09503,20.17035,19.57401,19.78976,317367.75
1638705600,19.78113,20.17038,18.50675,18.83215,1044344.6499999999
1638720000,18.82268,19.42112,18.7678,19.16871,982047.3
1638734400,19.1694,19.5884,18.88,19.50847,1040908.1599999999
1638748800,19.52105,19.55836,18.558,19.13534,1257602.88
1638763200,19.14226,19.30715,17.88,18.2193,830462.44
1638777600,18.21902,18.72997,17.24039,18.05199,1296397.22
1638792000,18.05056,18.55447,17.71959,18.54371,1202402.54
1638806400,18.5375,18.82526,18.3627,18.4456,1211989.68
1638820800,18.4522,19.96029,18.39049,19.8414,1482934.65
1638835200,19.82798,20.23449,19.72984,20.04998,836910.12
1638849600,20.055,20.17019,19.85805,19.96697,586378.3500000001
1638864000,19.96606,20.45326,19.83739,20.36318,741738.69
1638878400,20.37314,20.81731,19.75127,20.59809,973790.61
1638892800,20.59343,21.19528,20.2898,20.49249,1319808.02
1638907200,20.4915,21.10001,20.11934,21.09572,737266.37
1638921600,21.09537,22.13971,20.77954,21.55615,1618632.8399999999
1638936000,21.55973,22.33503,21.54298,22.20757,968662.29
1638950400,22.1952,22.6862,21.1497,21.63836,1377947.53
1638964800,21.64449,23.21467,21.30834,22.85315,1741545.7
1638979200,22.84813,22.86,22.05,22.44131,816702.77
1638993600,22.4413,22.93763,22.07765,22.93763,542427.12
1639008000,22.93763,23.07136,21.49187,21.69017,952501.97
1639022400,21.67954,22.21443,21.5258,22.02819,496666.26
1639036800,22.01494,22.017,21.37198,21.5453,610117.71
1639051200,21.55666,21.7789,20.59683,21.06307,1208521.4500000002
1639065600,21.06123,21.40482,20.61876,20.84582,1302071.52
1639080000,20.84751,20.99,20.26315,20.29,827628.84
1639094400,20.28,20.91,20.18361,20.23,637424.44
1639108800,20.25,20.31,19.29,19.46,871632.87
1639123200,19.47,20.18,19.38,20.11,532704.18
1639137600,20.11,20.77,19.44,19.54,891779.82
1639152000,19.51,19.52,18.88,19.37,1153207.19
1639166400,19.36,19.55,18.48,18.56,811211.73
1639180800,18.57,19.24,18.18,19.02,847720.44
1639195200,19.03,19.38,18.92,19.16,460318.13999999996
1639209600,19.15,19.57,19.03,19.43,378383.49
1639224000,19.44,20.07,19.39,20.05,523852.75
1639238400,20.05,20.22,19.38,19.45,484535.94999999995
1639252800,19.44,20.1,19.4,19.98,429871.89
1639267200,19.98,20.02,19.61,19.74,287160.36
1639281600,19.73,19.9,19.46,19.89,216346.03
1639296000,19.88,19.9,19.23,19.52,154640.73
1639310400,19.52,19.8,19.44,19.58,185817.84
1639324800,19.56,20.69,19.5,20.39,581198.1900000001
1639339200,20.4,20.81,20.33,20.41,418408.66000000003
1639353600,20.41,20.58,19.5,19.6,582737.08
1639368000,19.6,19.65,18.98,19.05,553730.6
1639382400,19.07,19.36,18.87,19.18,329054.75
1639396800,19.16,19.34,17.8306,18.04,1070191.51
1639411200,18.04,18.44,17.31,17.87,1731753.54
1639425600,17.87,18.2,17.53,17.79,1147263.92
1639440000,17.78,18.18,17.6,18.02,661659.64
1639454400,18.0,18.09,17.55,18.05,622627.08
1639468800,18.05,18.47,17.88,18.42,442382.33
1639483200,18.42,18.61,17.88,17.97,564276.7
1639497600,17.97,18.13,17.45,17.7,699993.13
1639512000,17.69,18.58,17.64,18.45,818427.87
1639526400,18.45,18.58,18.06,18.3,600447.98
1639540800,18.31,18.54,18.09,18.51,474841.11
1639555200,18.51,18.79,18.33,18.35,389919.42000000004
1639569600,18.34,18.46,17.29,17.29,887944.78
1639584000,17.29,18.97,17.26,18.88,1416581.66
1639598400,18.9,19.99,18.86,19.68,978292.82
1639612800,19.71,20.09,19.7,19.9,638110.73
1639627200,19.91,19.95,19.49,19.82,454442.35
1639641600,19.82,20.34,19.67,20.26,305483.74
1639656000,20.25,20.27,19.62,19.83,368260.33
1639670400,19.84,19.89,18.92,19.0,389775.51
1639684800,18.98,19.29,18.7,18.77,489398.91000000003
1639699200,18.76,19.09,18.71,19.04,435823.48000000004
1639713600,19.04,19.19,18.73,18.96,564857.05
1639728000,18.98,19.23,18.67,18.93,299455.02
1639742400,18.92,18.99,17.75,18.43,1078850.53
1639756800,18.44,18.92,18.14,18.28,715597.85
1639771200,18.28,18.59,17.92,18.28,689259.37
1639785600,18.26,18.62,17.82,18.43,803476.53
1639800000,18.42,19.63,18.3,19.45,1362883.82
1639814400,19.45,19.87,19.44,19.8,507320.18
1639828800,19.81,20.0,19.54,19.6,419899.77
1639843200,19.6,19.64,19.18,19.38,502428.06999999995
1639857600,19.38,19.66,19.26,19.55,341849.87
1639872000,19.54,20.14,19.2,20.14,539181.47
1639886400,20.13,20.4,19.85,19.86,557110.93
1639900800,19.86,19.91,19.5,19.83,378899.79000000004
1639915200,19.82,20.2,19.59,19.63,366175.29
1639929600,19.63,19.84,18.88,18.91,776631.98
1639944000,18.91,19.25,18.81,18.88,480710.49
1639958400,18.88,19.2,18.58,18.87,416296.33
1639972800,18.85,19.0,18.38,18.57,461698.98
1639987200,18.56,18.66,18.17,18.56,349173.55000000005
1640001600,18.56,18.6,18.05,18.43,552608.11
1640016000,18.44,18.84,18.36,18.7,549270.0
1640030400,18.7,19.15,18.62,18.78,609748.49
1640044800,18.79,18.87,18.36,18.74,597173.89
1640059200,18.75,19.18,18.74,19.03,390666.88
1640073600,19.03,19.3,18.98,19.19,171570.43
1640088000,19.19,19.42,18.88,18.97,238505.0
1640102400,18.98,19.14,18.87,19.12,277613.04
1640116800,19.12,19.67,19.0,19.44,375075.87
1640131200,19.43,19.95,19.21,19.77,364750.62
1640145600,19.77,20.08,19.69,20.04,205587.99
1640160000,20.04,20.29,19.7,20.27,283739.92
1640174400,20.27,20.51,19.73,20.5,731952.97
1640188800,20.5,20.82,19.97,20.32,573605.64
1640203200,20.32,20.41,19.87,19.92,327674.55
1640217600,19.92,20.69,19.55,20.56,777175.4
1640232000,20.57,20.91,20.22,20.41,445370.93999999994
1640246400,20.43,21.4,20.33,21.23,567471.84
1640260800,21.23,21.49,20.85,21.07,608262.15
1640275200,21.08,22.0,20.87,21.83,888240.86
1640289600,21.84,22.23,21.48,22.19,491220.08
1640304000,22.18,22.63,21.86,22.1,539402.76
1640318400,22.1,22.22,21.84,22.18,239435.68
1640332800,22.19,22.4,21.98,22.06,153847.41
1640347200,22.05,22.16,21.4,21.87,367686.63
1640361600,21.88,22.67,21.84,22.02,583177.88
1640376000,22.01,22.26,21.22,21.47,431093.87
1640390400,21.49,21.87,21.3,21.53,263808.68
1640404800,21.54,21.79,21.35,21.74,234551.94
1640419200,21.72,21.82,21.49,21.63,157501.57
1640433600,21.65,22.04,21.65,21.87,211236.3
1640448000,21.87,22.11,21.47,22.03,356468.29000000004
1640462400,22.03,22.4,21.93,22.12,328922.26
1640476800,22.13,22.15,21.12,21.19,581549.9199999999
1640491200,21.18,21.5,21.13,21.44,176472.13
1640505600,21.44,22.55,21.38,22.23,660608.63
1640520000,22.23,22.5,22.09,22.43,401304.17000000004
1640534400,22.43,23.58,22.33,23.33,924155.03
1640548800,23.32,23.36,22.88,22.99,366872.14
1640563200,22.99,23.29,22.95,23.04,254254.61
1640577600,23.05,23.47,22.96,23.14,220172.36
1640592000,23.13,23.62,22.76,23.55,601327.82
1640606400,23.55,24.41501,23.27,24.22,649973.92
1640620800,24.22,24.5,24.05,24.21,401934.12
1640635200,24.19,24.34,22.95,23.02,529455.39
1640649600,23.03,23.03,22.05,22.34,754319.4
1640664000,22.33,22.33,21.58,21.95,501831.31
1640678400,21.95,22.49,21.87,22.48,331818.78
1640692800,22.48,22.62,21.57,22.08,623899.61
1640707200,22.07,22.12,20.58,21.02,1282897.09
1640721600,21.02,21.3,20.32,20.36,865920.46
1640736000,20.38,20.98,20.24,20.87,659369.94
1640750400,20.87,20.97,20.43,20.54,337357.11
1640764800,20.55,20.86,20.41,20.74,398553.71
1640779200,20.72,20.79,19.62,20.73,905490.24
1640793600,20.73,20.74,20.01,20.26,527107.1599999999
1640808000,20.27,20.45,19.53,19.74,677227.09
1640822400,19.74,19.82,19.16,19.21,987888.99
1640836800,19.22,20.02,19.21,19.88,270767.2
1640851200,19.87,20.23,19.67,20.17,192728.69999999998
1640865600,20.19,20.49,19.87,20.0,701503.3500000001
1640880000,20.0,20.32,19.96,20.07,296838.06
1640894400,20.06,20.1,19.67,19.94,479492.55
1640908800,19.93,20.07,19.69,20.04,329565.22
1640923200,20.04,20.23,19.69,19.95,269155.73
1640937600,19.94,20.63,19.87,20.33,334054.39
1640952000,20.34,20.57,20.23,20.38,268427.4
1640966400,20.38,20.52,19.04,19.09,806003.11
1640980800,19.08,19.77,19.04,19.51,621637.97
1640995200,19.53,20.21,19.49,19.76,724312.37
1641009600,19.77,20.0,19.52,19.8,372896.47
1641024000,19.81,19.94,19.55,19.61,196038.76
1641038400,19.63,20.11,19.62,20.06,183423.46
1641052800,20.04,20.48,19.99,20.21,349925.37
1641067200,20.22,20.8,20.21,20.75,260033.09
1641081600,20.75,21.31,20.57,21.05,462941.58
1641096000,21.06,21.17,20.63,20.75,279251.91
1641110400,20.76,21.17,20.73,21.08,173172.15
1641124800,21.06,21.45,20.92,21.43,296164.56
1641139200,21.43,22.22,21.43,22.0,856382.04
1641153600,21.99,22.1,21.67,21.88,258522.9
1641168000,21.88,21.94,21.26,21.37,399598.2
1641182400,21.38,21.71,21.3,21.69,153791.57
1641196800,21.7,22.71,21.7,22.48,320329.47
1641211200,22.48,23.25,22.26,22.65,838942.0299999999
1641225600,22.65,23.42,22.09,22.88,1025665.03
1641240000,22.87,23.82,22.37,23.72,937977.41
1641254400,23.71,23.89,22.81,23.1,615214.49
1641268800,23.08,23.55,22.78,23.55,395506.31
1641283200,23.56,24.17,23.38,24.06,334195.18
1641297600,24.05,24.2,23.64,23.73,536281.47
1641312000,23.72,24.48,23.22,23.65,970490.66
1641326400,23.64,24.41,23.43,23.43,616777.96
1641340800,23.43,25.74,23.29,25.59,1711159.01
1641355200,25.59,26.07,25.3,25.52,672426.3700000001
1641369600,25.53,26.1,25.31,25.58,258107.86
1641384000,25.56,27.41,25.14,27.12,1190300.3800000001
1641398400,27.11,27.5,25.07,25.26,1890706.59
1641412800,25.26,26.12,22.34,25.22,4002512.6300000004
1641427200,25.23,25.64,23.36,23.5,1885316.27
1641441600,23.52,24.94,23.31,24.76,998855.75
1641456000,24.77,24.81,23.67,24.11,792927.25
1641470400,24.1,24.57,23.58,24.07,788567.21
1641484800,24.07,25.98,23.85,25.79,1037796.21
1641499200,25.8,25.99,24.72,25.39,939854.5800000001
1641513600,25.4,25.48,23.16,23.5,1344377.26
1641528000,23.5,24.1,22.65,23.48,1330868.95
1641542400,23.48,25.64,23.42,25.32,719987.51
1641556800,25.34,25.84,23.97,25.17,1542757.0699999998
1641571200,25.17,27.33,24.49,26.54,2113923.37
1641585600,26.58,26.98,25.59,25.97,982422.0700000001
1641600000,25.98,27.14,25.73,26.44,932068.98
1641614400,26.42,27.36,26.32,26.65,564451.5
1641628800,26.65,26.9,25.62,25.91,314279.43
1641643200,25.91,26.21,24.79,25.1,657295.1000000001
1641657600,25.08,25.15,23.56,24.03,1641662.96
1641672000,24.03,26.37,23.9,25.31,1539303.3900000001
1641686400,25.33,27.33,25.09,26.93,1437276.88
1641700800,26.93,27.65,26.8,26.91,1058069.63
1641715200,26.92,27.34,26.05,27.05,654685.7
1641729600,27.05,27.51,26.34,27.15,796579.05
1641744000,27.15,28.71145,27.0,27.88,1803960.38
1641758400,27.89,28.48,27.25,27.54,1196694.76
1641772800,27.55,28.46,27.34,27.64,1072015.92
1641787200,27.64,28.52,27.59,28.27,592776.84
1641801600,28.29,28.33,26.49,26.62,867844.16
1641816000,26.62,27.09,25.09,26.51,2094769.95
1641830400,26.51,27.92,26.33,26.88,1560477.4100000001
1641844800,26.93,28.02,26.65,27.98,958809.03
1641859200,27.98,28.7,27.54,28.21,895811.12
1641873600,28.21,28.31,27.42,27.62,455098.89
1641888000,27.64,27.78,26.62,26.8,544685.79
1641902400,26.79,27.28,25.85,26.23,1392288.95
1641916800,26.24,27.3,26.23,26.63,1229107.9
1641931200,26.61,27.18,26.24,26.6,602956.3
1641945600,26.6,26.92,26.35,26.65,621844.29
1641960000,26.64,26.75,25.62,25.92,587538.56
1641974400,25.91,26.48,25.81,26.25,421586.63
1641988800,26.22,27.27,26.14,26.5,936125.14
1642003200,26.51,26.83,26.14,26.8,681884.85
1642017600,26.79,27.02,26.56,26.76,439713.03
1642032000,26.75,26.77,26.01,26.08,514362.97000000003
1642046400,26.08,26.54,26.02,26.36,344809.24
1642060800,26.36,26.55,25.77,25.85,310151.37
1642075200,25.84,26.5,25.16,25.5,725415.77
1642089600,25.49,25.57,24.42,24.7,1312995.31
1642104000,24.69,25.2,24.47,24.88,541156.47
1642118400,24.87,25.34,24.68,25.15,547701.13
1642132800,25.17,25.27,24.79,24.95,317159.7
1642147200,24.97,25.0,23.91,24.25,550477.53
1642161600,24.24,25.1,23.96,24.79,696690.13
1642176000,24.79,24.99,24.56,24.91,387587.57999999996
1642190400,24.92,25.9,24.82,25.74,481543.51
1642204800,25.74,26.23,25.28,25.93,518047.55
1642219200,25.92,26.01,25.54,25.62,282257.55000000005
1642233600,25.62,26.01,25.32,25.71,248810.98
1642248000,25.7,25.91,25.29,25.76,222367.85
1642262400,25.77,26.09,25.39,25.7,314098.32
1642276800,25.71,25.76,25.13,25.19,219001.96000000002
1642291200,25.18,25.27,24.68,24.94,252109.83000000002
1642305600,24.95,25.56,24.88,25.48,160543.51
1642320000,25.48,26.17,25.33,25.85,250619.98
1642334400,25.86,26.11,25.47,25.93,262817.66
1642348800,25.94,26.36,25.59,25.63,370201.73
1642363200,25.62,25.76,25.46,25.51,157290.55
1642377600,25.5,25.63,24.85,24.85,348344.38
1642392000,24.86,25.16,24.69,25.04,191399.44
1642406400,25.04,25.1,24.57,24.69,250181.46
1642420800,24.66,24.71,24.15,24.21,310650.32999999996
1642435200,24.2,24.35,23.61,23.8,485052.98
1642449600,23.8,23.97,23.27,23.8,602145.19
1642464000,23.8,24.34,23.61,23.7,504030.70999999996
1642478400,23.7,23.85,23.36,23.58,382673.51
1642492800,23.57,23.6,22.75,23.24,362598.0
1642507200,23.21,23.29,22.35,22.52,708153.53
1642521600,22.52,22.71,22.04,22.4,642526.55
1642536000,22.4,23.34,22.22,22.98,621782.77
1642550400,22.97,23.15,22.17,22.38,483237.99
1642564800,22.38,22.48,21.37,21.51,600606.32
1642579200,21.52,22.12,21.23,22.11,430382.91000000003
1642593600,22.11,22.58,21.76,21.97,496873.52999999997
1642608000,21.97,22.29,21.68,21.91,466581.49
1642622400,21.92,22.02,21.48,21.56,425713.96
1642636800,21.55,21.84,21.31,21.81,414515.2
1642651200,21.84,22.43,21.7,22.34,285971.12
1642665600,22.35,22.5,22.0,22.34,180724.2
1642680000,22.34,22.99,22.04,22.71,603962.74
1642694400,22.71,22.85,22.16,22.32,493926.94
1642708800,22.29,22.35,20.03,20.18,1649443.6400000001
1642723200,20.16,20.51,19.03,19.16,1878596.8499999999
1642737600,19.15,19.62,19.12,19.57,635148.36
1642752000,19.55,19.72,19.31,19.42,538085.49
1642766400,19.42,19.78,18.4,19.53,1578654.5699999998
1642780800,19.54,19.77,18.79,18.82,886800.11
1642795200,18.82,19.15,17.12,17.44,3109024.71
1642809600,17.42,17.83,17.13,17.33,940345.14
1642824000,17.34,17.43,15.17,15.41,1752931.8199999998
1642838400,15.41,15.91,14.28,15.6,1905938.76
1642852800,15.6,16.49,15.25,15.3,1337164.1099999999
1642867200,15.3,16.06,15.08,15.29,1595438.07
1642881600,15.3,16.31,15.16,15.86,1045435.62
1642896000,15.87,16.36,15.38,15.68,713114.72
1642910400,15.7,16.39,15.61,16.28,561663.05
1642924800,16.27,16.88,16.05,16.16,533078.73
1642939200,16.16,16.45,15.44,15.72,659695.15
1642953600,15.73,15.93,15.15,15.25,716061.26
1642968000,15.22,16.72,15.17,16.67,1067869.62
1642982400,16.66,16.67,15.69,16.05,625032.21
1642996800,16.05,16.25,15.21,15.24,600636.4199999999
1643011200,15.26,15.55,13.78,13.97,1315984.7
1643025600,13.97,14.65,13.48,14.55,1670734.97
1643040000,14.55,15.38,14.13,15.18,1777345.69
1643054400,15.17,15.97,15.14,15.61,1252943.14
1643068800,15.61,15.62,15.11,15.4,647315.62
1643083200,15.41,15.45,14.59,14.98,898390.51
1643097600,14.97,15.61,14.87,15.25,577042.78
1643112000,15.25,15.71,14.88,15.31,1046924.92
1643126400,15.31,16.04,15.29,15.74,642722.2000000001
1643140800,15.74,15.76,15.16,15.49,679937.08
1643155200,15.51,15.66,15.2,15.59,662483.89
1643169600,15.59,16.04,15.56,15.76,464012.41
1643184000,15.75,16.15,15.75,16.11,410047.37
1643198400,16.09,16.63,15.91,16.11,991030.12
1643212800,16.11,16.82,15.47,15.9,2070039.6600000001
1643227200,15.92,15.92,14.69,15.24,1330156.8199999998
1643241600,15.25,15.39,14.31,14.48,766875.75
1643256000,14.47,15.11,14.41,14.9,1000761.09
1643270400,14.91,15.19,14.64,15.13,592624.79
1643284800,15.14,15.71,15.12,15.36,866722.55
1643299200,15.35,15.63,14.71,14.84,958852.63
1643313600,14.83,15.3,14.43,15.23,1158649.57
1643328000,15.23,15.46,14.81,15.36,699692.9199999999
1643342400,15.36,15.54,15.05,15.06,399852.64
1643356800,15.08,15.29,14.78,14.94,532102.3200000001
1643371200,14.95,15.62,14.75,15.56,950063.0
1643385600,15.57,15.93,15.53,15.78,1293890.01
1643400000,15.78,16.29,15.68,16.16,915141.76
1643414400,16.15,16.43,15.97,16.1,436178.39
1643428800,16.09,16.48,16.02,16.38,271636.98
1643443200,16.38,16.43,16.13,16.25,209842.47
1643457600,16.24,16.68,16.07,16.21,604880.79
1643472000,16.21,16.49,16.07,16.35,525622.53
1643486400,16.35,16.75,16.12,16.24,493775.22
1643500800,16.24,16.5,16.02,16.39,378552.0
1643515200,16.4,17.71,16.38,17.64,1521346.9100000001
1643529600,17.64,17.85,17.51,17.69,640571.73
1643544000,17.68,17.7,17.16,17.27,442398.25
1643558400,17.27,17.67,16.84,17.04,794656.56
1643572800,17.04,18.13,16.87,17.77,1430486.58
1643587200,17.76,17.89,16.41,16.89,1277971.68
1643601600,16.89,16.98,16.53,16.97,421297.54000000004
1643616000,16.97,17.29,16.76,17.05,449903.94
1643630400,17.04,17.66,16.61,17.51,838170.26
1643644800,17.52,17.71,16.99,17.04,1580664.8599999999
1643659200,17.05,17.35,16.91,17.16,997675.63
1643673600,17.17,17.58,17.08,17.45,813273.04
1643688000,17.45,17.59,17.13,17.45,436218.81999999995
1643702400,17.46,17.9,16.88,17.25,717880.13
1643716800,17.25,17.59,16.94,17.17,1187164.99
1643731200,17.18,17.46,16.84,16.85,841188.98
1643745600,16.85,17.16,16.84,17.0,538217.3200000001
1643760000,17.0,17.16,16.74,17.04,470965.51
1643774400,17.04,17.36,16.98,16.99,493120.97000000003
1643788800,17.0,17.24,16.9,17.22,222218.92
1643803200,17.22,17.38,16.16,16.35,739737.21
1643817600,16.34,16.52,16.08,16.47,577288.15
1643832000,16.47,16.5,15.57,15.79,889860.27
1643846400,15.8,15.98,15.48,15.67,633594.27
1643860800,15.67,15.86,15.56,15.82,492902.72
1643875200,15.82,15.92,15.26,15.65,621823.86
1643889600,15.64,15.99,15.31,15.96,680165.13
1643904000,15.95,16.18,15.69,15.8,785810.31
1643918400,15.8,16.32,15.64,16.31,859856.37
1643932800,16.31,16.32,16.03,16.11,311971.64
1643947200,16.12,16.55,16.05,16.33,505961.11
1643961600,16.34,16.59,16.33,16.42,309129.65
1643976000,16.43,16.95,16.07,16.73,1089983.24
1643990400,16.73,17.19,16.72,17.11,784382.83
1644004800,17.13,17.55,17.03,17.51,461369.49
1644019200,17.53,17.95,17.43,17.95,773554.07
1644033600,17.95,18.33,17.87,17.91,856861.1
1644048000,17.92,18.13,17.87,17.96,433315.88
1644062400,17.96,18.16,17.82,18.05,360518.79
1644076800,18.04,18.28,17.46,17.74,653894.1200000001
1644091200,17.74,17.96,17.66,17.77,331311.65
1644105600,17.78,18.18,17.73,17.96,285507.43
1644120000,17.97,18.04,17.71,17.87,287439.86
1644134400,17.87,18.01,17.73,17.76,231196.53999999998
1644148800,17.76,18.01,17.19,17.45,629264.6399999999
1644163200,17.48,17.65,17.38,17.62,270756.95999999996
1644177600,17.61,18.09,17.51,18.08,596586.73
1644192000,18.08,18.56,17.67,18.5,955671.12
1644206400,18.49,18.97,18.45,18.67,678821.86
1644220800,18.67,18.71,18.35,18.5,343376.9
1644235200,18.5,19.11,18.35,19.06,877443.36
1644249600,19.06,19.58,18.92,19.19,1215010.07
1644264000,19.2,19.27,18.77,18.88,527494.37
1644278400,18.9,19.05,18.52,19.03,656555.95
1644292800,19.02,19.56,18.89,18.94,862219.37
1644307200,18.94,18.97,18.04,18.28,789418.92
1644321600,18.28,18.29,17.74,18.01,755560.8400000001
1644336000,18.02,18.26,17.77,18.03,713632.8400000001
1644350400,18.03,18.56,18.0,18.4,548989.1
1644364800,18.4,18.53,17.88,17.95,471807.11
1644379200,17.94,18.23,17.76,18.16,385424.55
1644393600,18.17,18.4,17.95,18.36,317902.33
1644408000,18.36,18.66,18.28,18.49,438226.35
1644422400,18.49,18.74,18.38,18.69,357306.98
1644436800,18.69,18.77,18.57,18.7,298023.7
1644451200,18.7,18.71,18.0,18.1,550713.2
1644465600,18.1,18.27,17.96,18.27,350997.46
1644480000,18.27,18.77,18.22,18.66,313622.32
1644494400,18.66,18.7,17.38,18.19,1675075.25
1644508800,18.19,18.46,17.68,17.73,1058354.0
1644523200,17.75,17.91,17.36,17.51,831681.04
1644537600,17.51,17.53,17.13,17.31,754972.3200000001
1644552000,17.32,17.53,17.18,17.5,291050.43
1644566400,17.51,17.65,17.24,17.61,293514.43
1644580800,17.61,17.83,17.55,17.72,530634.91
1644595200,17.71,17.75,16.73,16.79,980226.05
1644609600,16.81,16.84,15.91,16.22,1401829.07
1644624000,16.21,16.33,16.01,16.14,559773.88
1644638400,16.14,16.25,15.62,15.91,477504.20999999996
1644652800,15.91,16.16,15.73,16.12,360137.38
1644667200,16.13,16.17,15.57,15.86,565445.2
1644681600,15.86,16.39,15.76,16.22,505482.25
1644696000,16.23,16.35,15.69,15.97,511967.23
1644710400,15.96,16.21,15.86,15.96,230499.59
1644724800,15.97,16.2,15.85,16.19,133150.73
1644739200,16.19,16.34,16.13,16.24,220421.83000000002
1644753600,16.25,16.32,15.98,16.07,271390.25
1644768000,16.08,16.09,15.53,15.66,703310.8200000001
1644782400,15.67,15.93,15.59,15.6,415585.85
1644796800,15.61,15.72,15.21,15.36,742390.19
1644811200,15.36,15.68,15.29,15.67,234427.62
1644825600,15.67,15.77,15.48,15.56,299947.13
1644840000,15.56,16.13,15.44,15.8,696853.21
1644854400,15.8,16.0,15.21,15.35,646099.1499999999
1644868800,15.35,16.02,15.27,15.9,591067.68
1644883200,15.91,16.55,15.82,16.42,909805.04
1644897600,16.42,16.48,16.28,16.43,307113.03
1644912000,16.43,16.93,16.42,16.77,451213.75
1644926400,16.77,17.05,16.74,16.98,438446.36
1644940800,16.98,17.1,16.81,16.94,387297.10000000003
1644955200,16.94,17.47,16.74,17.35,417709.19999999995
1644969600,17.36,17.43,16.92,17.01,423690.56
1644984000,17.02,17.24,16.78,17.21,292555.19
1644998400,17.2,17.34,17.02,17.1,253838.72999999998
1645012800,17.1,17.15,16.52,16.68,669743.51
1645027200,16.68,17.31,16.53,17.28,630542.99
1645041600,17.28,17.39,17.09,17.14,367804.35
1645056000,17.14,17.46,17.11,17.11,438650.57
1645070400,17.11,17.11,16.73,17.01,470098.15
1645084800,17.01,17.07,16.43,16.55,434004.78
1645099200,16.54,16.66,16.01,16.16,707922.5700000001
1645113600,16.16,16.26,15.49,15.78,1000530.1599999999
1645128000,15.78,15.85,15.47,15.6,703524.86
1645142400,15.61,15.9,15.47,15.87,458024.66
1645156800,15.86,16.04,15.74,15.89,273859.02
1645171200,15.9,16.06,15.63,15.65,270712.02
1645185600,15.65,15.78,15.11,15.22,985275.21
1645200000,15.21,15.5,15.04,15.35,859462.19
1645214400,15.36,15.4,15.11,15.2,442127.42
1645228800,15.19,15.5,15.14,15.38,416662.77
1645243200,15.37,15.56,15.32,15.5,236315.96
1645257600,15.5,15.52,14.91,15.01,462069.77
1645272000,15.01,15.39,14.85,15.36,501206.47
1645286400,15.36,15.69,15.23,15.32,577482.44
1645300800,15.32,15.57,15.3,15.52,345599.51
1645315200,15.53,15.54,14.98,15.0,618416.0700000001
1645329600,14.99,15.02,14.42,14.75,904802.03
1645344000,14.75,14.79,14.43,14.79,396396.03
1645358400,14.78,14.99,14.42,14.67,469222.52
1645372800,14.68,14.91,14.58,14.83,419374.92
1645387200,14.83,14.94,14.46,14.62,632877.89
1645401600,14.61,15.27,14.52,15.02,623780.22
1645416000,15.02,15.31,15.02,15.2,253348.11
1645430400,15.19,15.29,14.12,14.3,554244.09
1645444800,14.29,15.07,13.95,14.75,994070.95
1645459200,14.75,14.86,14.01,14.28,999915.1599999999
1645473600,14.28,14.39,13.39,13.51,1191544.16
1645488000,13.51,13.82,13.04,13.21,1344977.32
1645502400,13.21,13.56,13.13,13.29,743502.51
1645516800,13.3,13.86,13.29,13.79,461772.51
1645531200,13.78,14.2,13.64,13.98,883918.97
1645545600,13.97,14.09,13.76,14.06,682746.34
1645560000,14.06,14.15,13.85,13.98,799136.77
1645574400,13.99,14.15,13.73,13.84,590054.52
1645588800,13.85,14.23,13.82,14.19,527831.85
1645603200,14.2,14.58,14.15,14.41,465552.02
1645617600,14.42,14.63,14.18,14.18,532810.92
1645632000,14.18,14.68,13.74,13.81,806415.56
1645646400,13.79,13.87,13.3,13.34,728299.19
1645660800,13.35,13.47,12.19,12.3,1823312.8599999999
1645675200,12.28,12.43,11.42,11.79,2253930.91
1645689600,11.8,12.06,11.55,11.82,1122139.56
1645704000,11.83,12.37,11.57,12.32,1867800.9300000002
1645718400,12.33,13.11,12.16,13.09,1730310.44
1645732800,13.1,13.97,12.92,13.27,1808623.11
1645747200,13.28,13.52,13.12,13.37,720805.7
1645761600,13.37,13.45,13.08,13.37,430034.11
1645776000,13.38,13.66,13.17,13.63,313657.82
1645790400,13.63,14.12,13.62,14.07,747405.24
1645804800,14.07,14.18,13.76,13.77,522723.24
1645819200,13.78,14.5,13.73,14.39,741053.44
1645833600,14.37,15.05,14.29,14.54,866865.36
1645848000,14.53,14.63,14.24,14.5,201726.81
1645862400,14.51,14.61,14.1,14.43,253681.54
1645876800,14.44,14.84,14.27,14.65,307751.5
1645891200,14.66,14.77,14.34,14.59,263764.18
1645905600,14.59,14.95,14.52,14.72,363350.14
1645920000,14.73,14.8,14.07,14.13,558415.54
1645934400,14.13,14.31,13.96,14.27,227441.24
1645948800,14.27,14.69,14.17,14.66,245840.38
1645963200,14.66,14.86,14.19,14.58,553809.4299999999
1645977600,14.58,14.59,13.6,13.68,603181.1499999999
1645992000,13.69,14.03,13.47,13.65,845622.83
1646006400,13.65,13.84,13.42,13.57,540588.86
1646020800,13.57,13.82,13.32,13.76,302001.62
1646035200,13.77,13.89,13.62,13.8,179457.21
1646049600,13.81,14.76,13.61,14.67,931971.7
1646064000,14.68,14.83,14.51,14.69,717157.77
1646078400,14.69,15.16,14.58,15.14,850230.6199999999
1646092800,15.13,15.33,14.87,14.93,574516.16
1646107200,14.93,15.15,14.87,15.11,371598.56
1646121600,15.11,15.2,14.73,15.05,266992.58
1646136000,15.05,15.74,14.99,15.4,1072022.0
1646150400,15.38,15.51,15.04,15.19,449057.49
1646164800,15.19,15.43,15.08,15.36,303163.63
1646179200,15.36,15.61,14.91,15.53,753910.51
1646193600,15.53,15.68,15.21,15.28,392824.31
1646208000,15.29,15.81,15.12,15.7,334719.16
1646222400,15.7,15.87,15.17,15.44,822927.29
1646236800,15.43,15.66,15.16,15.27,398325.29
1646251200,15.28,15.54,15.24,15.29,180666.24
1646265600,15.28,15.4,14.93,15.1,368598.05000000005
1646280000,15.1,15.27,14.92,15.17,209594.13
1646294400,15.17,15.24,14.99,15.12,147622.76
1646308800,15.12,15.32,14.56,14.69,522613.22000000003
1646323200,14.69,14.84,14.47,14.63,466805.52
1646337600,14.63,15.01,14.54,14.89,500940.11
1646352000,14.9,14.98,14.16,14.3,781356.14
1646366400,14.3,14.35,14.14,14.34,258721.23
1646380800,14.34,14.6,14.11,14.52,223532.09
1646395200,14.52,14.6,14.1,14.13,465239.36
1646409600,14.12,14.27,13.72,13.74,450693.85000000003
1646424000,13.76,13.88,13.56,13.74,617547.78
1646438400,13.75,13.75,13.42,13.72,298957.46
1646452800,13.72,13.98,13.63,13.91,161199.96
1646467200,13.91,14.08,13.87,14.03,145144.97
1646481600,14.03,14.15,13.9,14.04,196991.27
1646496000,14.03,14.28,13.95,14.07,285410.1
1646510400,14.07,14.12,13.91,14.0,104356.36
1646524800,14.0,14.13,13.76,13.79,133030.97
1646539200,13.79,13.96,13.61,13.84,172151.16
1646553600,13.84,13.86,13.43,13.6,190686.12
1646568000,13.59,13.78,13.54,13.67,134435.01
1646582400,13.67,13.87,13.59,13.62,191460.4
1646596800,13.62,13.85,13.26,13.32,355328.23
1646611200,13.32,13.32,12.76,12.83,856295.6499999999
1646625600,12.82,13.06,12.73,12.91,490166.50999999995
1646640000,12.92,13.11,12.8,13.08,290286.3
1646654400,13.08,13.65,13.08,13.56,614796.43
1646668800,13.55,13.66,12.43,12.57,804522.41
1646683200,12.58,12.87,12.4,12.67,703856.48
1646697600,12.7,13.04,12.57,12.94,386526.39
1646712000,12.94,13.19,12.81,13.1,236783.51
1646726400,13.1,13.56,13.06,13.39,253658.76
1646740800,13.4,13.45,13.03,13.16,540899.06
1646755200,13.17,13.54,13.01,13.18,648522.12
1646769600,13.18,13.22,12.87,13.09,371774.37
1646784000,13.09,13.9,13.06,13.83,662645.3899999999
1646798400,13.84,14.02,13.74,13.9,345220.05000000005
1646812800,13.89,14.1,13.8,14.08,213902.8
1646827200,14.08,14.37,13.88,14.32,434952.36
1646841600,14.33,14.46,13.82,13.94,550271.61
1646856000,13.94,14.06,13.8,14.02,254524.41
1646870400,14.02,14.11,13.66,13.71,387313.16000000003
1646884800,13.71,13.75,13.01,13.13,503350.2
1646899200,13.12,13.23,13.01,13.18,176355.61
1646913600,13.18,13.45,12.99,13.28,505107.45999999996
1646928000,13.27,13.34,13.12,13.33,290650.59
1646942400,13.33,13.34,13.1,13.17,355198.01
1646956800,13.17,13.21,12.81,12.98,448899.76999999996
1646971200,12.98,13.38,12.82,13.33,190986.19
1646985600,13.33,13.62,13.16,13.54,208134.97999999998
1647000000,13.53,13.66,13.14,13.21,350671.06
1647014400,13.21,13.21,12.98,13.01,265354.54000000004
1647028800,13.01,13.22,12.92,13.04,197811.99
1647043200,13.05,13.45,13.03,13.31,216835.1
1647057600,13.31,13.41,13.24,13.27,80332.52
1647072000,13.27,13.31,13.12,13.19,95706.42
1647086400,13.2,13.3,13.07,13.2,126324.73999999999
1647100800,13.2,13.46,13.17,13.34,139561.37
1647115200,13.34,13.38,13.13,13.14,127602.79999999999
1647129600,13.15,13.38,13.09,13.37,153256.5
1647144000,13.38,13.43,13.32,13.33,97966.55
1647158400,13.33,13.36,13.11,13.15,88998.8
1647172800,13.14,13.21,12.99,13.18,184630.77
1647187200,13.17,13.3,13.12,13.18,135635.40000000002
1647201600,13.17,13.17,12.6,12.71,371503.17000000004
1647216000,12.71,12.83,12.6,12.71,313947.07
1647230400,12.71,13.31,12.7,13.25,427363.9
1647244800,13.25,13.36,13.15,13.18,123103.98000000001
1647259200,13.18,13.3,13.06,13.12,212052.2
1647273600,13.13,13.21,12.74,12.9,302959.62
1647288000,12.91,13.44,12.88,13.41,289363.2
1647302400,13.41,13.6,13.2,13.24,480605.85
1647316800,13.23,13.27,12.87,12.98,224560.28
1647331200,12.98,13.09,12.89,13.05,125836.73
1647345600,13.05,13.35,12.95,13.27,251368.05
1647360000,13.27,13.7,13.22,13.57,396272.38
1647374400,13.58,13.8,13.42,13.7,306938.9
1647388800,13.72,14.26,13.67,13.79,742747.49
1647403200,13.79,13.98,13.69,13.98,189844.21
1647417600,13.99,14.23,13.95,14.07,310378.58999999997
1647432000,14.07,14.25,13.91,14.15,320852.89
1647446400,14.14,14.48,13.71,14.47,779265.0599999999
1647460800,14.47,14.79,14.4,14.68,319998.88
1647475200,14.68,14.8,14.57,14.66,288307.08999999997
1647489600,14.65,14.68,14.24,14.36,209824.36
1647504000,14.36,14.88,14.36,14.83,228091.78999999998
1647518400,14.83,14.93,14.52,14.54,216842.68000000002
1647532800,14.56,14.63,14.43,14.55,147433.66
1647547200,14.57,14.59,14.37,14.41,171028.25
1647561600,14.41,14.51,14.12,14.2,314110.62
1647576000,14.19,14.55,14.15,14.42,152451.46
1647590400,14.42,14.71,14.36,14.66,230905.04
1647604800,14.67,15.09,14.59,15.08,409047.26
1647619200,15.08,15.29,14.94,15.07,429932.75
1647633600,15.08,15.17,14.88,15.02,172967.24
1647648000,15.02,15.21,14.85,14.93,233922.02
1647662400,14.94,15.04,14.87,15.0,110351.0
1647676800,15.0,15.1,14.93,15.05,105091.36
1647691200,15.04,15.38,15.01,15.35,314000.22
1647705600,15.36,15.41,15.1,15.13,237997.02
1647720000,15.12,15.25,14.83,15.01,331989.85000000003
1647734400,15.0,15.13,14.87,14.95,207964.58000000002
1647748800,14.93,15.1,14.9,15.01,77133.94
1647763200,15.0,15.01,14.73,14.74,149610.59
1647777600,14.74,14.76,14.58,14.68,186490.99
1647792000,14.68,14.78,14.42,14.65,298451.52
1647806400,14.64,14.76,14.52,14.56,165045.26
1647820800,14.57,14.65,14.31,14.49,267254.16000000003
1647835200,14.48,14.98,14.45,14.97,152931.57
1647849600,14.97,15.2,14.9,15.08,170200.23
1647864000,15.1,15.28,14.94,15.07,386102.52
1647878400,15.07,15.07,14.71,14.87,278321.83999999997
1647892800,14.87,15.06,14.83,15.0,133420.51
1647907200,14.99,15.61,14.98,15.54,416784.5
1647921600,15.54,15.79,15.47,15.51,318475.69999999995
1647936000,15.52,15.85,15.45,15.85,176241.89
1647950400,15.84,15.85,15.52,15.52,290075.66000000003
1647964800,15.52,15.71,15.42,15.43,219829.98
1647979200,15.43,15.65,15.41,15.43,181955.37
1647993600,15.43,15.51,15.21,15.26,200210.13999999998
1648008000,15.25,15.45,15.13,15.42,94608.84
1648022400,15.42,15.47,15.24,15.32,103271.61
1648036800,15.32,15.9,15.26,15.81,427967.4
1648051200,15.82,15.96,15.54,15.55,389568.28
1648065600,15.56,15.86,15.53,15.85,181024.87
1648080000,15.84,16.01,15.6,15.63,339283.62
1648094400,15.63,15.97,15.61,15.92,148758.47999999998
1648108800,15.93,16.24,15.86,16.2,433445.19000000006
1648123200,16.19,16.4,15.8,16.36,523936.25
1648137600,16.37,16.45,16.15,16.17,251833.64
1648152000,16.17,16.25,16.09,16.17,182236.36
1648166400,16.17,16.2,15.92,16.01,485769.69
1648180800,16.01,16.29,16.0,16.03,186278.87
1648195200,16.04,16.4,15.8,16.37,320078.36
1648209600,16.37,16.46,15.84,15.91,484854.33
1648224000,15.91,16.01,15.49,15.61,528459.1799999999
1648238400,15.62,15.68,15.48,15.61,229017.75
1648252800,15.61,15.74,15.5,15.7,317297.85
1648267200,15.7,15.92,15.68,15.87,185306.72
1648281600,15.86,15.96,15.73,15.82,102241.24
1648296000,15.82,15.87,15.57,15.61,200658.54
1648310400,15.6,15.8,15.57,15.76,261663.06
1648324800,15.75,15.9,15.71,15.84,225654.06
1648339200,15.85,16.1,15.8,16.03,252666.8
1648353600,16.03,16.18,15.93,16.15,279875.32
1648368000,16.15,16.16,15.88,15.92,148002.68
1648382400,15.92,16.08,15.64,16.08,140166.47999999998
1648396800,16.06,16.32,16.04,16.22,204621.28999999998
1648411200,16.23,16.91,16.17,16.87,551838.34
1648425600,16.87,16.96,16.64,16.79,556117.13
1648440000,16.79,17.12,16.73,17.04,299544.94
1648454400,17.06,17.29,16.91,17.08,283216.02
1648468800,17.09,17.36,16.98,16.98,387485.91000000003
1648483200,16.98,17.25,16.93,17.11,432058.62
1648497600,17.1,17.22,16.37,16.51,674093.6
1648512000,16.5,17.18,16.48,16.89,394425.95
1648526400,16.9,17.15,16.87,16.89,293221.97
1648540800,16.89,17.25,16.88,17.23,170668.68
1648555200,17.24,17.53,16.98,17.0,587001.6799999999
1648569600,17.01,17.09,16.68,16.99,464601.07
1648584000,16.98,17.02,16.6,16.99,643116.19
1648598400,16.98,17.39,16.53,17.36,492124.4
1648612800,17.36,17.46,17.06,17.32,192039.56
1648627200,17.33,17.39,17.12,17.27,199556.86
1648641600,17.28,17.46,16.88,17.29,466354.82999999996
1648656000,17.28,17.57,17.04,17.2,476159.88
1648670400,17.19,17.29,17.04,17.23,253092.11
1648684800,17.23,17.57,17.16,17.3,236481.23
1648699200,17.3,17.55,17.23,17.52,158721.71000000002
1648713600,17.51,18.06,17.5,17.85,352960.74
1648728000,17.85,18.0,17.08,17.18,972118.3300000001
1648742400,17.17,17.21,16.65,16.86,648107.77
1648756800,16.87,17.11,16.75,16.93,372396.66000000003
1648771200,16.92,17.09,16.17,16.46,790746.92
1648785600,16.45,16.85,16.43,16.84,218434.39
1648800000,16.84,16.93,16.71,16.74,205708.65
1648814400,16.74,17.37,16.49,17.29,685428.41
1648828800,17.3,17.35,17.1,17.23,295814.17
1648843200,17.23,17.37,17.05,17.36,151043.99
1648857600,17.36,17.6,17.2,17.3,291314.79
1648872000,17.31,17.49,17.29,17.43,80098.87
1648886400,17.44,17.73,17.38,17.64,121158.42
1648900800,17.65,17.88,17.23,17.33,363688.31
1648915200,17.32,17.54,17.11,17.39,414823.01
1648929600,17.4,17.67,17.32,17.42,235993.27000000002
1648944000,17.42,17.7,17.16,17.48,310069.13
1648958400,17.48,17.97,17.45,17.83,316143.96
1648972800,17.84,17.86,17.62,17.78,91210.66
1648987200,17.78,17.93,17.64,17.91,219769.59999999998
1649001600,17.9,18.27,17.83,17.96,376461.33
1649016000,17.97,18.32,17.9,18.08,341508.41000000003
1649030400,18.08,18.09,17.56,17.66,364845.66000000003
1649044800,17.66,17.96,17.55,17.86,139901.19
1649059200,17.87,17.9,17.31,17.51,269067.56
1649073600,17.51,17.55,16.95,17.02,538660.0
1649088000,17.01,17.27,16.83,17.23,720359.92
1649102400,17.25,17.58,17.16,17.51,291794.45
1649116800,17.51,17.66,17.37,17.57,186653.93
1649131200,17.57,17.59,17.31,17.4,182721.4
1649145600,17.39,17.42,17.22,17.37,81311.51999999999
1649160000,17.37,17.56,16.98,17.13,476145.74
1649174400,17.14,17.25,16.96,17.14,280341.33
1649188800,17.14,17.19,16.66,16.75,334170.28
1649203200,16.76,16.78,16.05,16.41,497358.42000000004
1649217600,16.4,16.66,16.31,16.55,79303.21
1649232000,16.54,16.6,16.05,16.16,209296.27000000002
1649246400,16.15,16.29,15.55,15.74,814042.58
1649260800,15.74,15.8,15.31,15.64,767310.78
1649275200,15.63,15.8,15.29,15.43,366776.0
1649289600,15.42,15.64,15.09,15.37,651180.01
1649304000,15.36,15.68,15.32,15.63,168508.73
1649318400,15.64,15.85,15.45,15.81,197333.08000000002
1649332800,15.8,15.88,15.31,15.49,290942.94999999995
1649347200,15.48,15.73,15.35,15.6,191511.91
1649361600,15.6,15.88,15.58,15.75,146250.09
1649376000,15.74,15.91,15.63,15.88,144634.67
1649390400,15.89,15.9,15.63,15.78,78401.1
1649404800,15.78,15.85,15.44,15.45,113041.67
1649419200,15.45,15.79,15.2,15.67,346765.67000000004
1649433600,15.67,15.75,15.34,15.42,268447.83
1649448000,15.42,15.49,15.03,15.14,392703.55
1649462400,15.14,15.47,15.12,15.35,300721.45
1649476800,15.36,15.42,15.26,15.37,57053.14
1649491200,15.36,15.38,15.21,15.32,57517.95
1649505600,15.32,15.46,15.17,15.21,91647.87
1649520000,15.21,15.39,15.19,15.29,84563.70000000001
1649534400,15.29,15.47,15.23,15.43,75156.82
1649548800,15.44,15.58,15.35,15.54,104237.35999999999
1649563200,15.53,15.64,15.42,15.44,81451.90000000001
1649577600,15.44,15.5,15.25,15.34,72381.47
1649592000,15.34,15.5,15.31,15.48,86848.34
1649606400,15.48,15.91,15.46,15.86,184247.28
1649620800,15.86,15.93,15.18,15.24,255279.74
1649635200,15.24,15.28,14.79,14.9,390137.01
1649649600,14.89,15.0,14.86,14.95,152024.15
1649664000,14.95,14.97,14.12,14.17,390173.35000000003
1649678400,14.17,14.27,13.94,13.96,370374.27999999997
1649692800,13.96,14.16,13.81,13.9,306394.93
1649707200,13.9,13.95,13.52,13.76,533295.21
1649721600,13.76,13.92,13.69,13.78,361411.25
1649736000,13.79,14.08,13.76,14.03,145435.36
1649750400,14.04,14.17,13.93,14.16,198132.46
1649764800,14.16,14.33,13.91,14.02,362545.8
1649779200,14.03,14.11,13.64,13.67,352810.94
1649793600,13.66,14.02,13.65,13.97,218443.83000000002
1649808000,13.97,14.13,13.85,13.99,230758.21
1649822400,14.0,14.11,13.96,14.03,68228.43
1649836800,14.04,14.06,13.76,13.79,156545.44
1649851200,13.78,14.18,13.68,14.09,1270893.43
1649865600,14.1,14.23,13.99,14.06,246280.21
1649880000,14.05,14.21,14.04,14.2,110732.74
1649894400,14.19,14.33,14.11,14.19,127075.84
1649908800,14.2,14.24,14.07,14.2,74008.85
1649923200,14.2,14.23,13.86,13.9,196484.27000000002
1649937600,13.9,14.1,13.47,13.49,671243.31
1649952000,13.49,13.78,13.33,13.6,746550.18
1649966400,13.58,13.7,13.52,13.64,98483.07
1649980800,13.64,13.9,13.63,13.9,144535.33
1649995200,13.9,14.05,13.79,13.92,100456.36
1650009600,13.93,14.02,13.87,13.92,65879.57
1650024000,13.92,14.04,13.7,13.9,170279.56
1650038400,13.9,14.02,13.82,13.96,80724.08
1650052800,13.95,14.19,13.92,14.11,114825.65000000001
1650067200,14.12,14.28,14.04,14.06,77587.58
1650081600,14.06,14.14,13.99,14.0,51394.630000000005
1650096000,14.01,14.16,13.98,14.09,44061.72
1650110400,14.09,14.22,13.84,13.88,149816.22
1650124800,13.87,14.03,13.84,13.92,80672.08
1650139200,13.91,14.2,13.86,14.14,92102.11
1650153600,14.15,14.41,14.0,14.27,130996.17
1650168000,14.27,14.58,14.27,14.5,187062.19
1650182400,14.49,14.6,14.41,14.6,111579.85
1650196800,14.6,14.62,14.4,14.48,108527.37
1650211200,14.49,14.53,14.06,14.2,198668.91999999998
1650225600,14.2,14.22,13.65,13.72,224023.12
1650240000,13.73,13.85,13.68,13.82,136652.79
1650254400,13.83,13.84,13.15,13.2,791611.82
1650268800,13.19,13.38,13.19,13.34,125847.83
1650283200,13.34,13.57,13.27,13.33,667544.79
1650297600,13.32,13.88,13.23,13.84,696995.41
1650312000,13.84,14.07,13.83,14.06,178829.65
1650326400,14.06,14.21,13.84,13.9,158663.16
1650340800,13.91,14.0,13.85,13.89,106694.35
1650355200,13.9,14.23,13.84,14.06,93629.70999999999
1650369600,14.07,14.41,14.04,14.3,226392.02000000002
1650384000,14.3,14.38,14.08,14.13,147658.97
1650398400,14.13,14.29,14.0,14.25,259286.65
1650412800,14.25,14.27,14.01,14.19,87514.6
1650427200,14.18,14.41,14.08,14.29,100568.62
1650441600,14.3,14.49,14.26,14.43,102382.81
1650456000,14.44,14.49,13.84,13.92,271105.82999999996
1650470400,13.92,13.97,13.7,13.94,281448.81
1650484800,13.94,14.13,13.92,14.03,200419.4
1650499200,14.03,14.27,14.01,14.18,132500.71
1650513600,14.19,14.24,13.93,14.08,223927.81
1650528000,14.07,14.35,13.9,14.27,159586.75
1650542400,14.28,14.38,14.08,14.1,206528.54
1650556800,14.09,14.13,13.73,13.78,206577.25
1650571200,13.75,13.79,13.37,13.58,355626.33
1650585600,13.58,13.79,13.51,13.75,233968.88
1650600000,13.75,13.88,13.63,13.83,141122.05
1650614400,13.83,13.85,13.64,13.82,102536.65
1650628800,13.82,13.86,13.47,13.52,393313.35
1650643200,13.53,13.85,13.49,13.68,428937.98
1650657600,13.7,13.77,13.55,13.59,219822.77000000002
1650672000,13.59,13.68,13.39,13.45,189586.84
1650686400,13.45,13.53,13.27,13.49,220084.40000000002
1650700800,13.49,13.61,13.45,13.59,141293.1
1650715200,13.6,13.63,13.48,13.55,81690.98999999999
1650729600,13.56,13.62,13.35,13.39,164209.07
1650744000,13.39,13.48,13.21,13.32,189758.71000000002
1650758400,13.31,13.59,13.31,13.57,126384.97
1650772800,13.57,13.64,13.52,13.52,37946.25
1650787200,13.53,13.54,13.35,13.37,35889.19
1650801600,13.38,13.55,13.28,13.45,167058.26
1650816000,13.45,13.48,13.21,13.46,182164.47
1650830400,13.47,13.49,13.24,13.26,190019.77
1650844800,13.28,13.31,12.83,13.11,428454.49
1650859200,13.1,13.14,12.56,12.6,243358.57
1650873600,12.58,12.92,12.53,12.91,178165.33
1650888000,12.9,13.19,12.82,12.98,360647.35
1650902400,12.99,13.4,12.97,13.39,537969.8200000001
1650916800,13.38,13.53,13.34,13.44,324890.82
1650931200,13.44,13.5,13.29,13.33,184403.65
1650945600,13.33,13.39,13.25,13.35,118570.67
1650960000,13.35,13.5,13.22,13.33,91252.62
1650974400,13.33,13.38,12.64,12.65,348486.14
1650988800,12.66,12.8,12.39,12.51,543479.0800000001
1651003200,12.51,12.6,12.1,12.37,484183.28
1651017600,12.37,12.59,12.31,12.53,305901.27
1651032000,12.53,12.7,12.5,12.7,112064.44
1651046400,12.71,12.72,12.41,12.55,187540.77
1651060800,12.56,12.77,12.32,12.62,423001.98
1651075200,12.61,12.8,12.51,12.6,212733.3
1651089600,12.6,12.77,12.59,12.75,134463.26
1651104000,12.75,12.83,12.58,12.62,119812.68000000001
1651118400,12.64,12.8,12.57,12.78,81168.49
1651132800,12.77,12.99,12.76,12.78,124367.92
1651147200,12.79,12.85,12.4,12.52,350532.73
1651161600,12.51,12.81,12.41,12.67,311490.31
1651176000,12.66,12.8,12.54,12.65,177775.37
1651190400,12.66,12.73,12.45,12.53,113596.17
1651204800,12.53,12.65,12.45,12.63,61615.020000000004
1651219200,12.62,12.64,12.08,12.18,175367.72
1651233600,12.17,12.43,12.11,12.3,283104.60000000003
1651248000,12.31,12.31,11.84,11.93,477375.87
1651262400,11.92,12.04,11.84,11.98,262768.33999999997
1651276800,11.98,12.2,11.94,12.14,127049.59999999999
1651291200,12.14,12.25,12.08,12.11,61069.04000000001
1651305600,12.12,12.14,11.97,12.06,71542.13
1651320000,12.05,12.09,11.64,11.8,252932.40999999997
1651334400,11.79,11.85,11.5,11.69,287796.27
1651348800,11.68,11.71,10.67,10.97,760151.2
1651363200,10.96,11.24,10.82,11.14,383242.08999999997
1651377600,11.15,11.24,11.01,11.1,123363.20999999999
1651392000,11.11,11.2,11.08,11.09,111618.51000000001
1651406400,11.09,11.37,10.98,11.32,242736.57
1651420800,11.32,11.49,10.91,10.99,326119.68000000005
1651435200,10.97,11.37,10.94,11.29,294137.58
1651449600,11.3,11.45,11.2,11.22,180806.46
1651464000,11.22,11.37,11.19,11.24,279865.69
1651478400,11.24,11.29,10.87,10.91,141207.75
1651492800,10.9,11.29,10.86,11.18,388912.2
1651507200,11.18,11.21,10.77,11.08,720771.95
1651521600,11.09,11.39,11.03,11.17,224871.37
1651536000,11.18,11.32,11.05,11.29,164818.16
1651550400,11.3,11.35,11.22,11.34,179842.97
1651564800,11.33,11.51,11.13,11.41,278282.01
1651579200,11.41,11.44,11.14,11.24,274745.06
1651593600,11.24,11.29,10.81,10.88,396173.41000000003
1651608000,10.89,11.15,10.78,11.13,419980.94
1651622400,11.12,11.33,11.11,11.23,216908.11
1651636800,11.23,11.34,11.15,11.33,256779.03
1651651200,11.34,11.53,11.28,11.45,283357.72
1651665600,11.46,11.5,11.11,11.21,219574.49
1651680000,11.22,12.11,11.15,12.01,969498.47
1651694400,12.01,12.21,12.0,12.2,248617.22999999998
1651708800,12.2,12.29,12.07,12.14,190881.39
1651723200,12.16,12.16,11.91,11.99,126333.66
1651737600,11.98,12.08,11.85,11.92,104070.17
1651752000,11.91,12.02,10.81,10.91,939152.54
1651766400,10.9,11.07,10.61,10.85,969693.11
1651780800,10.85,10.95,10.75,10.92,359557.3
1651795200,10.92,11.02,10.79,10.99,166538.03
1651809600,10.97,11.03,10.62,10.83,363515.61
1651824000,10.83,10.93,10.48,10.6,354204.84
1651838400,10.6,10.91,10.39,10.69,896921.65
1651852800,10.69,10.8,10.58,10.77,709727.36
1651867200,10.77,10.87,10.7,10.79,240027.7
1651881600,10.78,10.84,10.61,10.65,199511.25
1651896000,10.65,10.76,10.52,10.74,122757.45
1651910400,10.74,10.84,10.69,10.78,105784.39
1651924800,10.78,10.82,10.64,10.73,171839.83000000002
1651939200,10.73,10.74,10.57,10.66,160271.0
1651953600,10.66,10.66,10.0,10.21,937696.59
1651968000,10.21,10.31,9.89,10.04,711346.5800000001
1651982400,10.04,10.23,10.01,10.16,229289.28
1651996800,10.15,10.38,10.1,10.29,189796.86000000002
1652011200,10.29,10.31,9.97,10.08,358893.75
1652025600,10.08,10.26,9.84,10.24,861088.1
1652040000,10.24,10.26,9.94,9.99,264006.76
1652054400,10.0,10.16,9.68,9.8,806031.54
1652068800,9.8,9.93,9.59,9.68,392991.16
1652083200,9.68,9.75,9.08,9.39,1094398.47
1652097600,9.39,9.49,9.0,9.1,1516442.6
1652112000,9.12,9.19,8.29,8.59,3498596.9
1652126400,8.59,8.91,8.01,8.1,1537139.72
1652140800,8.1,8.56,7.89,8.31,2353493.99
1652155200,8.31,9.16,8.27,8.82,1373850.78
1652169600,8.82,9.14,8.78,9.12,824810.7
1652184000,9.12,9.33,8.67,8.91,1220519.45
1652198400,8.91,9.12,8.66,8.71,933663.21
1652212800,8.71,8.74,8.21,8.58,1312333.28
1652227200,8.58,8.81,8.39,8.65,847845.79
1652241600,8.64,8.84,7.89,8.15,1235848.82
1652256000,8.14,8.72,8.05,8.22,1209848.7000000002
1652270400,8.22,8.39,6.93,7.66,2306031.49
1652284800,7.67,7.74,6.9,6.95,1960512.6800000002
1652299200,6.95,7.1,6.52,6.93,2110095.91
1652313600,6.91,7.41,6.39,6.39,1801106.06
1652328000,6.39,6.44,5.3,6.06,2640790.5700000003
1652342400,6.07,6.48,5.87,6.26,1456058.7
1652356800,6.26,6.85,6.0,6.51,1625695.7999999998
1652371200,6.51,6.96,6.35,6.6,1535393.27
1652385600,6.59,6.66,6.27,6.56,811631.14
1652400000,6.55,7.23,6.47,7.15,1194984.48
1652414400,7.15,7.47,7.09,7.1,869668.82
1652428800,7.09,7.58,7.09,7.57,411263.54000000004
1652443200,7.58,7.71,7.25,7.3,839552.15
1652457600,7.3,7.4,7.01,7.23,724930.21
1652472000,7.23,7.38,7.01,7.13,713879.86
1652486400,7.15,7.43,7.05,7.27,559454.1
1652500800,7.27,7.28,6.97,7.0,268795.93000000005
1652515200,7.01,7.13,6.7,6.77,282377.94
1652529600,6.77,6.84,6.63,6.67,337130.99
1652544000,6.66,7.14,6.64,6.99,419079.28
1652558400,6.98,7.31,6.97,7.25,469661.95999999996
1652572800,7.25,7.49,7.01,7.11,466582.13
1652587200,7.11,7.36,7.05,7.24,259476.98
1652601600,7.24,7.57,7.11,7.57,344341.62
1652616000,7.57,7.67,7.34,7.53,361152.36
1652630400,7.53,7.73,7.49,7.71,299570.17000000004
1652644800,7.69,7.99,7.66,7.96,501015.45999999996
1652659200,7.97,7.97,7.48,7.57,460744.62
1652673600,7.56,7.57,7.16,7.29,300687.98
1652688000,7.29,7.5,7.16,7.36,265151.89
1652702400,7.35,7.53,7.2,7.35,451845.36
1652716800,7.33,7.49,7.21,7.39,391137.97
1652731200,7.4,7.61,7.37,7.42,476062.38
1652745600,7.41,7.75,7.38,7.71,399580.23
1652760000,7.71,7.84,7.66,7.7,299276.24
1652774400,7.69,7.86,7.65,7.7,265422.01
1652788800,7.71,7.97,7.52,7.59,463004.58999999997
1652803200,7.6,7.61,7.29,7.52,751782.18
1652817600,7.52,7.75,7.5,7.71,214886.39
1652832000,7.71,7.8,7.41,7.44,370421.04
1652846400,7.44,7.59,7.42,7.5,230978.13
1652860800,7.5,7.54,7.41,7.48,170949.21
1652875200,7.47,7.49,6.91,6.94,1012233.27
1652889600,6.94,7.12,6.85,7.08,630858.91
1652904000,7.07,7.08,6.76,6.79,420127.15
1652918400,6.79,6.94,6.64,6.9,625230.4299999999
1652932800,6.9,6.97,6.8,6.83,233593.36
1652947200,6.83,6.99,6.67,6.97,385163.74
1652961600,6.97,7.27,6.86,7.2,752757.21
1652976000,7.2,7.21,7.05,7.06,422475.83999999997
1652990400,7.06,7.25,7.01,7.21,261973.66
1653004800,7.21,7.35,7.08,7.11,498341.21
1653019200,7.11,7.16,6.94,7.05,267219.64
1653033600,7.05,7.32,7.02,7.29,279301.08
1653048000,7.29,7.3,6.83,6.85,550752.6799999999
1653062400,6.85,6.98,6.73,6.98,694469.76
1653076800,6.98,7.0,6.84,6.86,286765.77999999997
1653091200,6.86,6.98,6.76,6.97,293926.16000000003
1653105600,6.97,7.04,6.87,7.0,174819.91999999998
1653120000,7.0,7.04,6.91,6.98,123548.62
1653134400,6.97,7.07,6.92,7.05,269657.94999999995
1653148800,7.06,7.11,7.01,7.05,202942.58000000002
1653163200,7.05,7.1,7.0,7.05,207379.07
1653177600,7.05,7.1,7.0,7.02,186577.52
1653192000,7.01,7.06,6.9,7.04,173459.98
1653206400,7.04,7.39,7.03,7.26,589216.28
1653220800,7.27,7.38,7.19,7.25,280967.04
1653235200,7.25,7.33,7.17,7.23,189384.23
1653249600,7.22,7.4,7.18,7.32,380546.54
1653264000,7.32,7.41,7.2,7.26,301339.01
1653278400,7.26,7.54,7.26,7.52,323083.15
1653292800,7.51,7.6,7.41,7.55,334734.66000000003
1653307200,7.55,7.62,7.42,7.56,563586.08
1653321600,7.57,7.67,7.18,7.18,631898.31
1653336000,7.18,7.32,6.98,7.01,449679.1
1653350400,7.01,7.1,6.99,7.06,281182.0
1653364800,7.05,7.12,7.0,7.11,146016.02
1653379200,7.11,7.19,6.86,6.99,494740.97000000003
1653393600,6.99,7.13,6.71,7.07,903995.42
1653408000,7.06,7.15,6.92,7.07,640439.48
1653422400,7.07,7.3,7.02,7.22,360503.86
1653436800,7.22,7.39,7.13,7.33,404160.80000000005
1653451200,7.32,7.34,7.09,7.12,263241.55
1653465600,7.12,7.17,6.96,6.98,346635.7
1653480000,6.98,7.2,6.95,7.05,813232.08
1653494400,7.05,7.1,6.93,6.98,541443.34
1653508800,6.99,7.08,6.93,6.95,192295.35
1653523200,6.95,7.08,6.91,7.01,337710.33
1653537600,7.01,7.01,6.7,6.83,595799.73
1653552000,6.82,6.85,6.38,6.44,662025.51
1653566400,6.44,6.75,6.22,6.71,1103490.57
1653580800,6.71,6.89,6.59,6.6,448727.23000000004
1653595200,6.59,6.77,6.55,6.57,539750.5
1653609600,6.57,6.65,6.29,6.5,846282.56
1653624000,6.5,6.56,6.22,6.45,772887.61
1653638400,6.44,6.64,6.38,6.55,1488994.02
1653652800,6.55,6.71,6.39,6.47,2102185.72
1653667200,6.48,6.49,6.22,6.37,2342917.5999999996
1653681600,6.37,6.45,6.21,6.28,1038043.74
1653696000,6.29,6.45,6.19,6.37,1307890.13
1653710400,6.37,6.47,6.33,6.4,766968.29
1653724800,6.4,6.49,6.33,6.43,765060.71
1653739200,6.44,6.57,6.42,6.54,1148527.02
1653753600,6.55,6.58,6.43,6.53,709863.03
1653768000,6.53,6.65,6.4,6.57,688548.97
1653782400,6.57,6.58,6.33,6.39,1004331.3300000001
1653796800,6.39,6.47,6.36,6.45,483806.07
1653811200,6.46,6.6,6.43,6.59,740709.23
1653825600,6.6,6.75,6.58,6.64,880864.87
1653840000,6.65,6.7,6.62,6.66,688102.53
1653854400,6.67,6.73,6.62,6.71,713744.32
1653868800,6.71,7.09,6.64,6.98,1425797.69
1653883200,6.99,7.28,6.99,7.26,1188108.04
1653897600,7.26,7.31,7.13,7.17,920601.43
1653912000,7.16,7.25,7.04,7.19,1375251.8900000001
1653926400,7.19,7.3,7.13,7.17,904555.59
1653940800,7.17,7.52,7.13,7.45,1538873.3199999998
1653955200,7.46,7.64,7.36,7.54,774029.89
1653969600,7.53,7.61,7.4,7.46,888531.03
1653984000,7.47,7.51,7.35,7.44,753241.74
1653998400,7.45,7.62,7.17,7.59,1563893.33
1654012800,7.6,7.67,7.34,7.38,1330344.93
1654027200,7.38,7.72,7.37,7.59,763423.53
1654041600,7.59,7.78,7.45,7.48,801955.09
1654056000,7.48,7.63,7.41,7.46,433627.45
1654070400,7.46,7.6,7.39,7.49,436879.94
1654084800,7.49,7.66,7.17,7.19,1621005.8599999999
1654099200,7.2,7.22,6.94,7.01,1557122.78
1654113600,7.02,7.03,6.76,6.93,784481.71
1654128000,6.92,6.95,6.81,6.86,412769.48
1654142400,6.86,7.02,6.81,6.96,486337.67
1654156800,6.96,7.08,6.92,7.07,451408.66000000003
1654171200,7.06,7.08,6.82,7.02,725161.33
1654185600,7.02,7.13,6.99,7.07,475233.77
1654200000,7.07,7.244,7.05,7.191,1353322.37
1654214400,7.192,7.218,7.043,7.077,758245.67
1654228800,7.08,7.082,6.991,7.015,666353.81
1654243200,7.019,7.041,6.661,6.77,1306401.05
1654257600,6.77,6.878,6.683,6.825,1416013.6600000001
1654272000,6.827,6.888,6.757,6.775,939808.95
1654286400,6.778,6.938,6.757,6.847,949596.76
1654300800,6.85,6.881,6.671,6.742,1840433.14
1654315200,6.738,6.898,6.723,6.888,1613798.79
1654329600,6.886,6.969,6.853,6.9,819183.79
1654344000,6.898,7.01,6.736,6.979,967061.49
1654358400,6.98,7.094,6.92,7.001,750987.3200000001
1654372800,7.001,7.429,7.001,7.406,1632805.8399999999
1654387200,7.407,7.474,7.305,7.359,1298842.62
1654401600,7.356,7.385,7.273,7.284,867705.25
1654416000,7.28,7.342,7.24,7.327,911798.83
1654430400,7.326,7.569,7.309,7.557,1397101.18
1654444800,7.561,7.647,7.457,7.579,1296842.52
1654459200,7.58,7.87,7.58,7.64,1425781.52
1654473600,7.639,8.06,7.62,7.987,2137986.7
1654488000,7.986,8.087,7.87,7.918,1446104.4
1654502400,7.919,8.194,7.899,7.959,1411116.25
1654516800,7.962,8.035,7.76,7.901,1865133.09
1654531200,7.901,7.906,7.717,7.809,782746.09
1654545600,7.81,7.993,7.703,7.971,438114.99
1654560000,7.97,7.978,7.305,7.565,1022616.7
1654574400,7.565,7.698,7.491,7.689,582858.97
1654588800,7.686,7.7,7.46,7.519,438833.12
1654603200,7.519,7.838,7.419,7.772,801854.69
1654617600,7.771,8.51,7.708,8.391,1305353.95
1654632000,8.391,8.99,8.364,8.705,1774929.65
1654646400,8.706,8.841,8.28,8.339,1371238.49
1654660800,8.338,8.566,8.22,8.409,812397.68
1654675200,8.413,8.582,8.249,8.449,747908.59
1654689600,8.444,8.7,8.346,8.566,835262.09
1654704000,8.565,8.847,8.43,8.702,711487.95
1654718400,8.698,8.971,8.598,8.696,584155.9099999999
1654732800,8.702,8.857,8.547,8.638,747507.41
1654747200,8.639,8.809,8.487,8.793,612360.78
1654761600,8.795,9.394,8.684,9.183,1098480.06
1654776000,9.181,9.556,9.097,9.437,1274968.98
1654790400,9.435,9.652,9.113,9.127,1515552.54
1654804800,9.116,9.372,9.103,9.26,614851.56
1654819200,9.262,9.525,9.022,9.363,1294075.65
1654833600,9.363,9.374,9.017,9.054,527061.12
1654848000,9.052,9.113,8.734,8.854,601367.83
1654862400,8.852,9.084,8.399,8.608,1397165.59
1654876800,8.602,8.618,8.205,8.283,978709.16
1654891200,8.283,8.433,8.0,8.033,810587.4600000001
1654905600,8.032,8.331,8.019,8.288,620976.42
1654920000,8.289,8.421,8.164,8.248,544044.24
1654934400,8.248,8.267,7.475,7.569,1428569.1600000001
1654948800,7.567,7.702,7.032,7.148,2094755.35
1654963200,7.149,7.318,7.073,7.156,1211705.16
1654977600,7.155,7.239,6.93,7.036,680670.79
1654992000,7.036,7.135,6.431,6.618,1739629.6400000001
1655006400,6.616,6.767,6.458,6.758,1057515.93
1655020800,6.758,6.869,6.524,6.671,663092.61
1655035200,6.671,7.132,6.478,7.005,1028410.06
1655049600,7.001,7.038,6.72,6.724,659556.5
1655064000,6.72,6.782,6.251,6.26,1180400.57
1655078400,6.258,6.336,5.71,5.936,2662426.14
1655092800,5.934,6.299,5.567,5.657,1712273.67
1655107200,5.666,5.719,5.286,5.445,2326615.1799999997
1655121600,5.443,5.857,5.314,5.729,2431362.74
1655136000,5.734,6.094,5.661,5.874,2627828.6
1655150400,5.886,6.252,5.609,5.917,1602201.19
1655164800,5.913,6.364,5.381,6.278,3139106.77
1655179200,6.28,6.46,6.004,6.383,2089973.59
1655193600,6.386,6.403,6.001,6.164,735724.97
1655208000,6.165,6.494,5.977,6.395,1522233.02
1655222400,6.392,6.755,6.348,6.581,1574021.3599999999
1655236800,6.581,6.866,6.244,6.713,1513825.03
1655251200,6.72,6.909,6.476,6.516,1100243.89
1655265600,6.518,6.526,6.117,6.202,1363564.69
1655280000,6.2,6.481,5.824,6.427,1449883.9
1655294400,6.424,6.578,6.26,6.441,984754.76
1655308800,6.441,7.269,6.057,6.904,3211138.8200000003
1655323200,6.915,7.368,6.841,7.32,1277810.21
1655337600,7.318,7.5,6.966,6.983,832200.3
1655352000,6.984,7.084,6.627,6.69,733635.4099999999
1655366400,6.691,6.774,6.241,6.309,1025715.51
1655380800,6.305,6.715,6.197,6.57,1477623.7999999998
1655395200,6.568,6.817,6.423,6.501,1193158.6099999999
1655409600,6.5,6.756,6.234,6.352,1301549.81
1655424000,6.349,6.725,6.25,6.415,994267.28
1655438400,6.416,6.644,6.396,6.582,557891.9500000001
1655452800,6.579,6.629,6.379,6.445,455664.58999999997
1655467200,6.442,6.518,6.28,6.424,754694.19
1655481600,6.412,6.469,6.328,6.365,651664.61
1655496000,6.362,6.476,6.3,6.36,422632.95999999996
1655510400,6.356,6.467,6.041,6.108,848949.72
1655524800,6.108,6.209,5.707,5.793,1205655.89
1655539200,5.795,5.958,5.654,5.837,692076.93
1655553600,5.838,5.904,5.708,5.731,631975.1
1655568000,5.733,5.845,5.526,5.544,1048718.12
1655582400,5.543,6.036,5.4,5.918,2205739.89
1655596800,5.92,6.212,5.818,5.989,1123597.06
1655611200,5.988,6.167,5.872,6.054,559412.3099999999
1655625600,6.055,6.451,6.007,6.314,669654.09
1655640000,6.323,6.445,6.196,6.423,499718.67
1655654400,6.421,6.701,6.312,6.603,879305.36
1655668800,6.604,6.815,6.529,6.592,745229.4
1655683200,6.593,6.648,6.302,6.432,850767.59
1655697600,6.433,6.486,6.307,6.393,337573.23
1655712000,6.396,7.035,6.384,6.967,542599.9
1655726400,6.968,7.288,6.759,7.113,1160038.09
1655740800,7.119,7.149,6.802,6.889,677003.5
1655755200,6.892,7.072,6.742,6.974,503869.42
1655769600,6.972,7.311,6.827,7.254,786329.15
1655784000,7.259,7.44,7.179,7.293,518528.36
1655798400,7.291,7.557,7.193,7.215,413155.11
1655812800,7.219,7.454,7.178,7.328,636756.6900000001
1655827200,7.331,7.485,6.781,6.786,993248.81
1655841600,6.79,6.967,6.748,6.85,519848.52
1655856000,6.852,6.935,6.615,6.631,803765.72
1655870400,6.629,6.812,6.552,6.622,449783.91000000003
1655884800,6.628,6.919,6.574,6.84,292027.49
1655899200,6.837,7.025,6.663,6.71,1159377.65
1655913600,6.709,6.795,6.509,6.585,636596.74
1655928000,6.582,6.753,6.447,6.616,692786.79
1655942400,6.615,6.857,6.596,6.772,649530.69
1655956800,6.77,7.058,6.721,6.893,420736.6
1655971200,6.893,7.078,6.836,7.001,304569.01
1655985600,7.002,7.081,6.686,6.759,583373.89
1656000000,6.76,6.942,6.648,6.917,512893.72
1656014400,6.915,7.045,6.868,6.987,495216.01
1656028800,6.99,7.256,6.939,7.116,578067.45
1656043200,7.117,7.19,6.959,7.076,340184.8
1656057600,7.071,7.268,7.016,7.191,359094.15
1656072000,7.191,7.31,6.984,7.054,505798.77
1656086400,7.054,7.23,6.963,7.216,408081.4
1656100800,7.22,7.434,7.173,7.253,595975.14
1656115200,7.263,7.348,7.119,7.213,303673.38
1656129600,7.212,7.37,7.146,7.333,261559.21000000002
1656144000,7.329,7.36,7.135,7.144,116481.64
1656158400,7.143,7.162,6.798,6.833,532010.0
1656172800,6.831,6.993,6.813,6.949,449340.68
1656187200,6.944,7.298,6.932,7.258,564952.46
1656201600,7.262,7.335,7.108,7.172,318770.87
1656216000,7.182,7.309,7.12,7.217,366382.39999999997
1656230400,7.222,7.362,7.113,7.349,214307.38999999998
1656244800,7.348,7.484,6.999,7.063,562248.92
1656259200,7.061,7.095,6.859,6.999,550625.79
1656273600,7.004,7.189,6.688,6.7,554889.91
1656288000,6.694,6.918,6.662,6.906,466858.26
1656302400,6.909,6.956,6.777,6.925,207235.75
1656316800,6.925,6.991,6.828,6.843,215226.18
1656331200,6.841,6.872,6.546,6.586,724011.98
1656345600,6.583,6.675,6.39,6.52,805043.45
1656360000,6.518,6.652,6.461,6.547,367128.10000000003
1656374400,6.55,6.647,6.295,6.483,484821.58999999997
1656388800,6.48,6.627,6.448,6.575,213438.84999999998
1656403200,6.582,6.73,6.549,6.657,182140.03
1656417600,6.662,7.249,6.521,6.524,2268556.79
1656432000,6.531,6.613,6.347,6.413,665691.8600000001
1656446400,6.413,6.507,6.264,6.303,575845.11
1656460800,6.305,6.48,6.26,6.379,526501.74
1656475200,6.375,6.421,6.176,6.333,301108.79
1656489600,6.334,6.464,6.218,6.345,401841.16
1656504000,6.341,6.416,6.186,6.341,479849.51
1656518400,6.338,6.377,6.117,6.377,871858.4099999999
1656532800,6.376,6.45,6.148,6.224,661391.9299999999
1656547200,6.228,6.264,6.064,6.188,379561.06
1656561600,6.185,6.29,5.988,6.033,504812.69999999995
1656576000,6.026,6.04,5.881,5.971,588813.5700000001
1656590400,5.974,6.171,5.881,6.085,715830.1200000001
1656604800,6.087,6.193,5.981,6.044,431708.02
1656619200,6.042,6.307,5.912,6.277,809595.46
1656633600,6.274,6.434,6.17,6.174,870387.5599999999
1656648000,6.181,6.181,5.991,6.107,490554.66000000003
1656662400,6.105,6.156,5.924,6.0,367409.24
1656676800,6.003,6.134,5.957,5.997,637853.13
1656691200,5.999,6.12,5.982,6.101,449431.05
1656705600,6.104,6.231,6.03,6.069,374198.17000000004
1656720000,6.073,6.145,5.973,5.999,340899.33999999997
1656734400,5.999,6.158,5.994,6.095,301865.23
1656748800,6.096,6.173,6.023,6.135,145592.01
1656763200,6.135,6.209,6.045,6.112,211513.08
1656777600,6.113,6.25,6.084,6.189,316066.37
1656792000,6.189,6.277,6.165,6.216,329370.6
1656806400,6.216,6.22,6.086,6.142,291878.19
1656820800,6.144,6.214,6.01,6.1,361921.02
1656835200,6.1,6.13,6.02,6.117,112469.71
1656849600,6.115,6.125,6.018,6.061,151043.42
1656864000,6.065,6.213,6.025,6.19,243323.86
1656878400,6.195,6.235,6.149,6.21,166102.43
1656892800,6.208,6.24,6.014,6.033,314043.85000000003
1656907200,6.031,6.139,6.029,6.09,281355.73
1656921600,6.088,6.336,6.064,6.322,175580.84
1656936000,6.336,6.388,6.183,6.261,600366.56
1656950400,6.259,6.339,6.235,6.279,509568.98
1656964800,6.277,6.451,6.238,6.427,425576.67000000004
1656979200,6.428,6.451,6.298,6.412,470427.78
1656993600,6.414,6.544,6.364,6.444,589853.73
1657008000,6.444,6.444,6.15,6.166,383564.3
1657022400,6.165,6.173,6.049,6.133,550275.94
1657036800,6.133,6.391,6.104,6.335,332081.77
1657051200,6.343,6.449,6.278,6.305,898268.49
1657065600,6.303,6.403,6.164,6.256,425860.87
1657080000,6.253,6.358,6.238,6.296,318633.44
1657094400,6.296,6.374,6.245,6.254,253644.84000000003
1657108800,6.247,6.303,6.19,6.225,286342.39
1657123200,6.225,6.34,6.21,6.272,465005.08
1657137600,6.279,6.418,6.264,6.331,259862.82
1657152000,6.333,6.436,6.297,6.376,210303.52
1657166400,6.375,6.413,6.34,6.393,339512.77
1657180800,6.395,6.529,6.388,6.493,690084.8300000001
1657195200,6.494,6.687,6.457,6.599,611699.04
1657209600,6.596,6.757,6.583,6.738,766227.89
1657224000,6.736,6.744,6.55,6.636,288262.48
1657238400,6.64,6.82,6.572,6.725,488236.66000000003
1657252800,6.726,6.816,6.533,6.566,410008.88
1657267200,6.567,6.593,6.403,6.449,281990.75
1657281600,6.449,6.562,6.33,6.416,729794.88
1657296000,6.418,6.477,6.35,6.448,578334.12
1657310400,6.449,6.506,6.335,6.353,277325.9
1657324800,6.351,6.454,6.341,6.415,271958.46
1657339200,6.41,6.504,6.39,6.483,197327.75
1657353600,6.481,6.526,6.377,6.395,156896.9
1657368000,6.39,6.46,6.382,6.43,188439.84
1657382400,6.434,6.58,6.428,6.509,238262.56
1657396800,6.509,6.529,6.47,6.479,124693.51
1657411200,6.479,6.484,6.32,6.352,585902.5
1657425600,6.35,6.393,6.328,6.357,182114.44
1657440000,6.355,6.377,6.25,6.297,127392.18
1657454400,6.296,6.329,6.115,6.152,339062.97
1657468800,6.153,6.211,6.106,6.19,217737.90000000002
1657483200,6.188,6.225,6.125,6.191,240934.72
1657497600,6.191,6.238,6.054,6.188,384193.23
1657512000,6.189,6.281,6.125,6.269,317891.53
1657526400,6.268,6.328,6.194,6.197,245723.57
1657540800,6.196,6.309,6.142,6.296,442883.44
1657555200,6.296,6.425,6.277,6.296,613919.95
1657569600,6.299,6.33,5.979,6.038,678438.5800000001
1657584000,6.038,6.169,5.993,6.113,552826.27
1657598400,6.112,6.226,6.098,6.16,343270.56
1657612800,6.16,6.178,6.036,6.14,214449.08
1657627200,6.141,6.206,6.111,6.174,241057.34999999998
1657641600,6.174,6.234,6.033,6.058,510306.04000000004
1657656000,6.054,6.101,5.914,5.941,327814.95999999996
1657670400,5.939,6.043,5.911,6.001,272922.05
1657684800,6.001,6.117,5.983,6.099,202777.04
1657699200,6.099,6.153,6.038,6.103,178915.43
1657713600,6.104,6.165,5.686,5.928,1870118.8900000001
1657728000,5.929,6.092,5.885,6.0,469153.97
1657742400,6.001,6.189,5.969,6.172,425766.19
1657756800,6.17,6.287,6.126,6.192,354399.54000000004
1657771200,6.194,6.222,6.109,6.131,221724.45
1657785600,6.131,6.152,6.0,6.024,262593.13
1657800000,6.024,6.243,5.988,6.22,719642.13
1657814400,6.22,6.383,6.184,6.296,659035.81
1657828800,6.298,6.322,6.175,6.27,373232.89
1657843200,6.271,6.365,6.211,6.288,250733.47
1657857600,6.289,6.322,6.203,6.284,218393.12
1657872000,6.286,6.386,6.235,6.235,181418.96000000002
1657886400,6.23,6.341,6.201,6.225,395229.37
1657900800,6.222,6.415,6.117,6.395,676391.66
1657915200,6.4,6.454,6.256,6.321,698830.56
1657929600,6.323,6.37,6.185,6.27,259521.8
1657944000,6.27,6.293,6.14,6.167,213115.44
1657958400,6.166,6.218,6.16,6.188,210737.9
1657972800,6.188,6.324,6.168,6.324,236535.54
1657987200,6.325,6.54,6.318,6.477,772899.26
1658001600,6.476,6.616,6.425,6.596,444680.46
1658016000,6.596,6.6,6.451,6.538,689981.57
1658030400,6.534,6.71,6.499,6.596,459746.39
1658044800,6.595,6.644,6.48,6.535,199310.63999999998
1658059200,6.53,6.55,6.413,6.448,379139.63
1658073600,6.447,6.531,6.313,6.424,323904.2
1658088000,6.424,6.47,6.319,6.345,238316.57
1658102400,6.348,6.583,6.327,6.552,448117.06
1658116800,6.553,6.815,6.511,6.781,594352.84
1658131200,6.783,7.066,6.761,6.934,863456.72
1658145600,6.936,7.159,6.86,7.127,885090.7
1658160000,7.128,7.136,6.712,6.762,921733.09
1658174400,6.765,7.088,6.748,7.038,562732.6699999999
1658188800,7.039,7.234,6.797,6.816,1142221.75
1658203200,6.82,6.931,6.732,6.827,492868.82
1658217600,6.83,7.028,6.808,6.97,393449.82
1658232000,6.971,7.21,6.968,7.154,1089737.67
1658246400,7.158,7.375,7.133,7.277,1219760.8399999999
1658260800,7.278,7.37,7.214,7.258,527579.87
1658275200,7.257,7.482,7.153,7.439,899566.8300000001
1658289600,7.437,7.6,7.352,7.352,705740.5800000001
1658304000,7.351,7.5,7.227,7.332,476107.77999999997
1658318400,7.332,7.439,7.22,7.334,754319.8
1658332800,7.331,7.349,7.044,7.063,1194152.3399999999
1658347200,7.065,7.111,6.811,6.869,1138622.16
1658361600,6.865,6.951,6.673,6.715,610754.72
1658376000,6.711,6.852,6.646,6.806,375711.27999999997
1658390400,6.805,6.848,6.691,6.763,340867.22
1658404800,6.763,6.929,6.73,6.843,565708.89
1658419200,6.84,7.044,6.831,7.022,665943.53
1658433600,7.02,7.065,6.937,6.995,409327.04000000004
1658448000,6.991,7.141,6.943,6.952,341319.08
1658462400,6.952,7.1,6.91,7.037,292898.08
1658476800,7.038,7.284,7.02,7.218,423757.54000000004
1658491200,7.217,7.275,6.943,6.964,633780.71
1658505600,6.967,7.043,6.758,6.781,528377.0900000001
1658520000,6.779,6.86,6.751,6.786,591990.1799999999
1658534400,6.784,6.923,6.71,6.875,257769.66
1658548800,6.875,7.005,6.87,6.967,124558.23999999999
1658563200,6.97,7.029,6.69,6.694,354224.93
1658577600,6.694,6.794,6.634,6.74,268972.44999999995
1658592000,6.744,6.774,6.61,6.752,432485.23
1658606400,6.752,6.897,6.743,6.844,416098.81
1658620800,6.844,6.95,6.844,6.885,244305.61000000002
1658635200,6.887,7.088,6.859,7.022,407845.28
1658649600,7.021,7.165,6.945,7.078,215606.93
1658664000,7.08,7.135,6.968,7.102,252723.38
1658678400,7.104,7.112,7.007,7.057,180338.51
1658692800,7.052,7.25,7.018,7.092,420088.68
1658707200,7.092,7.143,6.679,6.717,500163.18999999994
1658721600,6.716,6.838,6.676,6.811,158159.71
1658736000,6.811,6.846,6.752,6.802,82645.09
1658750400,6.801,6.814,6.655,6.769,290456.18
1658764800,6.765,6.83,6.569,6.661,598465.43
1658779200,6.662,6.778,6.41,6.421,675070.3899999999
1658793600,6.427,6.448,6.267,6.391,684762.18
1658808000,6.391,6.425,6.272,6.288,196965.01
1658822400,6.292,6.353,6.233,6.293,147530.7
1658836800,6.295,6.362,6.132,6.145,611930.78
1658851200,6.148,6.256,6.077,6.144,472052.13
1658865600,6.145,6.357,6.104,6.344,372327.52
1658880000,6.344,6.367,6.18,6.207,313895.17000000004
1658894400,6.206,6.375,6.203,6.336,285113.94
1658908800,6.335,6.368,6.219,6.228,143014.66999999998
1658923200,6.231,6.382,6.213,6.349,299311.79
1658937600,6.349,6.797,6.262,6.746,1336098.72
1658952000,6.749,6.876,6.72,6.864,383379.83999999997
1658966400,6.863,6.967,6.782,6.868,542667.52
1658980800,6.869,6.926,6.792,6.811,295056.47
1658995200,6.812,6.903,6.772,6.88,183966.03
1659009600,6.881,7.134,6.678,7.071,1154035.33
1659024000,7.074,7.23,7.048,7.136,947269.9500000001
1659038400,7.132,7.298,7.13,7.22,702792.61
1659052800,7.222,7.668,7.115,7.627,1188632.44
1659067200,7.624,7.796,7.531,7.598,1022056.6799999999
1659081600,7.597,7.882,7.484,7.496,1051476.59
1659096000,7.497,8.091,7.382,7.917,1944070.88
1659110400,7.913,8.085,7.718,7.99,1297589.8399999999
1659124800,7.989,8.12,7.847,7.887,883022.14
1659139200,7.884,8.107,7.708,7.775,1344972.3599999999
1659153600,7.778,7.893,7.672,7.841,616391.24
1659168000,7.843,7.953,7.7,7.825,715644.8
1659182400,7.826,8.212,7.777,8.2,690706.12
1659196800,8.2,8.203,7.868,7.888,612921.01
1659211200,7.883,7.93,7.709,7.823,415296.87
1659225600,7.822,8.093,7.754,7.923,518947.75
1659240000,7.922,7.965,7.791,7.799,271391.96
1659254400,7.802,7.876,7.703,7.819,214268.74
1659268800,7.819,7.939,7.717,7.842,384792.15
1659283200,7.838,8.065,7.718,7.926,739076.4199999999
1659297600,7.924,7.989,7.579,7.66,544161.37
1659312000,7.655,7.888,7.626,7.758,434297.26
1659326400,7.762,7.803,7.582,7.706,226306.32
1659340800,7.709,7.743,7.482,7.604,317350.24
1659355200,7.608,7.787,7.46,7.678,698366.27
1659369600,7.678,7.704,7.407,7.478,552884.52
1659384000,7.475,7.604,7.444,7.574,355892.75
1659398400,7.572,7.669,7.064,7.125,1131306.2000000002
1659412800,7.123,7.175,7.021,7.159,535894.6900000001
1659427200,7.165,7.232,7.049,7.188,425059.72
1659441600,7.185,7.349,7.075,7.296,611712.01
1659456000,7.3,7.484,7.216,7.278,603761.8200000001
1659470400,7.279,7.363,7.128,7.179,529515.25
1659484800,7.178,7.234,7.051,7.192,472491.63
1659499200,7.194,7.446,7.178,7.427,281097.27
1659513600,7.427,7.589,7.427,7.568,220647.66
1659528000,7.567,7.638,7.434,7.521,438170.27999999997
1659542400,7.52,7.595,7.489,7.539,279634.85
1659556800,7.538,7.548,7.234,7.288,417202.2
1659571200,7.285,7.5,7.271,7.415,289573.57
1659585600,7.424,7.543,7.325,7.388,246282.47999999998
1659600000,7.39,7.429,7.323,7.359,134790.11
1659614400,7.359,7.472,7.232,7.355,388617.88
1659628800,7.354,7.404,7.167,7.271,606115.74
1659643200,7.27,7.382,7.242,7.364,221854.47999999998
1659657600,7.365,7.641,7.351,7.64,472109.23
1659672000,7.641,7.8,7.641,7.71,401385.98
1659686400,7.712,7.845,7.644,7.806,283252.14
1659700800,7.805,7.899,7.638,7.717,543194.7
1659715200,7.716,7.752,7.588,7.648,388299.4
1659729600,7.642,7.886,7.623,7.878,226962.12
1659744000,7.881,7.895,7.762,7.784,194368.96000000002
1659758400,7.784,7.978,7.771,7.949,273349.01
1659772800,7.949,8.11,7.919,7.93,353065.33
1659787200,7.931,7.978,7.862,7.883,239033.02
1659801600,7.883,7.894,7.734,7.855,341922.03
1659816000,7.856,7.9,7.755,7.794,157402.65
1659830400,7.796,7.858,7.66,7.743,299457.98
1659844800,7.744,7.772,7.702,7.746,108770.29000000001
1659859200,7.747,7.812,7.685,7.812,76196.66
1659873600,7.81,7.892,7.789,7.846,213100.76
1659888000,7.849,8.227,7.831,8.226,550475.83
1659902400,8.227,8.374,8.207,8.34,815845.5800000001
1659916800,8.344,8.539,8.224,8.416,1091695.59
1659931200,8.421,8.53,8.367,8.455,215817.09
1659945600,8.455,8.743,8.447,8.685,599700.06
1659960000,8.687,8.758,8.522,8.666,870053.7000000001
1659974400,8.668,8.785,8.502,8.535,816869.1599999999
1659988800,8.538,8.699,8.39,8.607,613867.11
1660003200,8.607,8.956,8.53,8.713,633087.26
1660017600,8.71,8.782,8.488,8.624,488896.62
1660032000,8.626,8.633,8.39,8.425,724497.14
1660046400,8.428,8.689,8.27,8.593,898632.52
1660060800,8.589,8.902,8.513,8.627,1118074.28
1660075200,8.627,8.879,8.623,8.747,377514.31
1660089600,8.746,8.746,8.345,8.408,955266.09
1660104000,8.411,8.485,8.3,8.397,332898.66
1660118400,8.398,8.474,8.344,8.429,144867.34999999998
1660132800,8.429,9.283,8.382,9.209,2119900.44
1660147200,9.211,9.304,9.022,9.037,1015389.51
1660161600,9.04,9.121,8.984,9.062,605751.11
1660176000,9.062,9.231,8.938,9.085,527812.9299999999
1660190400,9.09,9.159,8.914,8.973,259380.76
1660204800,8.977,9.063,8.932,9.032,238221.95
1660219200,9.023,9.219,8.829,8.863,559490.21
1660233600,8.864,9.163,8.858,9.132,349529.3
1660248000,9.132,9.147,8.91,8.96,334494.28
1660262400,8.967,9.094,8.803,9.054,405148.87
1660276800,9.053,9.086,8.875,9.052,214976.94
1660291200,9.052,9.317,8.953,9.06,692046.06
1660305600,9.058,9.506,9.058,9.289,843767.42
1660320000,9.294,9.326,9.152,9.216,303266.88
1660334400,9.214,9.377,9.129,9.333,320314.22
1660348800,9.333,9.378,9.206,9.346,348626.81
1660363200,9.347,9.486,9.242,9.246,286797.85
1660377600,9.245,9.302,9.073,9.146,288425.88
1660392000,9.15,9.222,9.059,9.184,211038.12
1660406400,9.184,9.217,9.1,9.126,163550.7
1660420800,9.127,9.221,9.087,9.154,152909.27000000002
1660435200,9.152,9.21,8.99,9.178,360503.76
1660449600,9.183,9.357,9.119,9.354,209178.27
1660464000,9.354,9.37,9.12,9.129,183456.41
1660478400,9.124,9.131,8.85,8.995,462372.23
1660492800,8.994,9.008,8.678,8.836,498722.52
1660507200,8.834,8.862,8.711,8.769,423436.84
1660521600,8.773,9.058,8.523,8.972,1179789.06
1660536000,8.971,8.995,8.52,8.568,552516.95
1660550400,8.566,8.701,8.502,8.619,428696.87
1660564800,8.616,8.795,8.533,8.788,369403.97000000003
1660579200,8.787,8.855,8.618,8.673,575081.65
1660593600,8.677,8.748,8.5,8.649,499887.39999999997
1660608000,8.646,8.845,8.474,8.676,678036.03
1660622400,8.68,8.708,8.515,8.632,179431.41
1660636800,8.631,8.718,8.587,8.65,206907.88
1660651200,8.649,8.675,8.373,8.531,611212.53
1660665600,8.529,8.578,8.38,8.494,451508.66000000003
1660680000,8.494,8.551,8.405,8.453,175158.66
1660694400,8.45,8.65,8.432,8.636,293162.4
1660708800,8.631,8.748,8.429,8.442,306459.83999999997
1660723200,8.442,8.55,8.392,8.42,265308.43
1660737600,8.417,8.426,8.044,8.095,774820.01
1660752000,8.087,8.248,8.069,8.133,602335.19
1660766400,8.137,8.204,7.987,8.061,462765.32999999996
1660780800,8.062,8.14,7.94,8.115,345512.99
1660795200,8.117,8.206,8.036,8.188,188475.47999999998
1660809600,8.191,8.239,8.125,8.225,184159.07
1660824000,8.23,8.242,8.064,8.126,188173.95
1660838400,8.13,8.137,7.918,8.001,674019.54
1660852800,8.001,8.067,7.6,7.645,1186342.7
1660867200,7.643,7.694,7.378,7.459,1259977.98
1660881600,7.46,7.479,7.024,7.128,1246253.51
1660896000,7.127,7.16,6.911,7.058,997938.13
1660910400,7.055,7.151,6.957,7.12,510265.2
1660924800,7.119,7.22,7.021,7.114,592493.11
1660939200,7.114,7.149,6.813,6.898,731016.58
1660953600,6.898,7.122,6.893,7.069,363470.4
1660968000,7.071,7.207,7.04,7.156,350036.24
1660982400,7.152,7.155,7.039,7.076,162589.34
1660996800,7.075,7.08,6.944,7.027,391342.85
1661011200,7.022,7.036,6.703,6.726,593452.4
1661025600,6.734,6.939,6.668,6.902,609591.4099999999
1661040000,6.898,6.977,6.88,6.918,140343.75
1661054400,6.92,7.052,6.881,7.043,252488.53
1661068800,7.043,7.143,7.017,7.116,216190.58
1661083200,7.115,7.164,7.004,7.042,162678.99
1661097600,7.045,7.119,7.005,7.089,244461.8
1661112000,7.092,7.17,6.936,7.08,298733.55
1661126400,7.081,7.085,6.981,7.011,179767.14
1661140800,7.01,7.044,6.755,6.772,329732.52
1661155200,6.769,6.883,6.679,6.837,256463.61000000002
1661169600,6.836,6.892,6.701,6.886,344094.04
1661184000,6.885,6.919,6.774,6.835,224100.26
1661198400,6.841,7.052,6.841,7.045,190241.88
1661212800,7.047,7.13,7.041,7.047,263458.23
1661227200,7.047,7.063,6.766,6.939,476221.32
1661241600,6.938,7.092,6.936,7.084,265371.02
1661256000,7.085,7.256,6.989,7.234,599474.44
1661270400,7.234,7.358,7.137,7.232,280593.24
1661284800,7.236,7.29,7.183,7.241,119028.31
1661299200,7.244,7.25,7.018,7.036,343939.74
1661313600,7.037,7.171,7.017,7.073,164750.15
1661328000,7.074,7.193,7.071,7.19,76335.2
1661342400,7.185,7.301,7.087,7.293,324997.74
1661356800,7.295,7.378,7.242,7.278,267724.56
1661371200,7.28,7.3,7.112,7.122,267829.5
1661385600,7.122,7.296,7.11,7.189,297739.03
1661400000,7.189,7.371,7.185,7.358,231701.97
1661414400,7.36,7.372,7.247,7.269,176795.29
1661428800,7.269,7.301,7.023,7.089,545924.3200000001
1661443200,7.088,7.156,7.007,7.138,464766.72
1661457600,7.138,7.173,7.065,7.124,420105.68
1661472000,7.121,7.145,7.025,7.115,310382.66000000003
1661486400,7.114,7.135,6.904,6.976,303692.49
1661500800,6.977,7.009,6.818,6.884,260697.53999999998
1661515200,6.88,7.197,6.716,6.762,991250.0700000001
1661529600,6.768,6.781,6.55,6.655,564628.14
1661544000,6.658,6.716,6.408,6.504,520523.5
1661558400,6.502,6.589,6.452,6.551,436189.19999999995
1661572800,6.553,6.61,6.418,6.603,299084.57999999996
1661587200,6.604,6.615,6.541,6.584,151571.09999999998
1661601600,6.582,6.608,6.436,6.501,305430.74
1661616000,6.502,6.535,6.412,6.499,269496.18
1661630400,6.497,6.57,6.437,6.533,271432.88
1661644800,6.535,6.578,6.432,6.485,261115.47
1661659200,6.492,6.559,6.434,6.543,154210.88
1661673600,6.542,6.568,6.474,6.509,113519.16
1661688000,6.51,6.586,6.411,6.579,222013.72999999998
1661702400,6.58,6.639,6.499,6.505,329302.01
1661716800,6.504,6.536,6.226,6.251,593197.72
1661731200,6.252,6.408,6.193,6.36,385463.87
1661745600,6.361,6.377,6.277,6.351,211734.43
1661760000,6.353,6.371,6.314,6.366,147258.47999999998
1661774400,6.367,6.651,6.362,6.566,653440.41
1661788800,6.566,6.611,6.527,6.561,341723.3
1661803200,6.563,6.732,6.548,6.7,320110.37
1661817600,6.701,6.714,6.608,6.663,223488.36
1661832000,6.663,6.825,6.661,6.785,279582.26
1661846400,6.788,6.814,6.72,6.74,239524.58
1661860800,6.74,6.77,6.449,6.516,635368.97
1661875200,6.515,6.661,6.37,6.596,660046.4199999999
1661889600,6.596,6.666,6.526,6.558,356835.92
1661904000,6.559,6.834,6.557,6.791,413070.15
1661918400,6.792,6.898,6.722,6.751,276741.74
1661932800,6.754,6.856,6.685,6.802,185735.11
1661947200,6.801,6.854,6.589,6.687,611760.99
1661961600,6.685,6.715,6.544,6.649,431146.2
1661976000,6.654,6.767,6.579,6.628,731310.13
1661990400,6.629,6.69,6.514,6.563,463024.08
1662004800,6.558,6.636,6.47,6.518,307867.66000000003
1662019200,6.518,6.748,6.466,6.738,209098.03
1662033600,6.738,6.771,6.447,6.543,725920.01
1662048000,6.543,6.684,6.487,6.662,698864.84
1662062400,6.663,6.965,6.649,6.927,676766.49
1662076800,6.928,6.983,6.83,6.934,457143.12
1662091200,6.937,6.993,6.838,6.887,203189.47
1662105600,6.887,6.96,6.839,6.932,212467.66999999998
1662120000,6.932,7.216,6.891,7.183,797869.8
1662134400,7.186,7.24,6.785,6.839,763213.91
1662148800,6.84,6.965,6.819,6.93,269879.01
1662163200,6.926,6.965,6.847,6.878,249831.79
1662177600,6.877,6.93,6.757,6.821,193537.68
1662192000,6.821,6.869,6.792,6.829,166468.6
1662206400,6.829,6.886,6.793,6.812,255002.24
1662220800,6.813,6.845,6.724,6.792,333320.73
1662235200,6.789,6.861,6.775,6.861,220050.07
1662249600,6.863,6.927,6.833,6.865,367851.51
1662264000,6.865,6.925,6.819,6.821,122022.34
1662278400,6.82,7.065,6.788,7.063,170359.47999999998
1662292800,7.061,7.231,7.031,7.192,565445.1
1662307200,7.191,7.272,7.16,7.161,406073.82000000007
1662321600,7.164,7.195,7.073,7.155,340848.98
1662336000,7.155,7.319,7.121,7.199,558697.39
1662350400,7.201,7.278,7.119,7.227,404534.65
1662364800,7.224,7.228,7.096,7.145,301065.75
1662379200,7.141,7.393,7.114,7.29,492923.58
1662393600,7.293,7.338,7.189,7.226,426638.14
1662408000,7.227,7.437,7.223,7.382,315430.27999999997
1662422400,7.381,7.547,7.211,7.278,810118.51
1662436800,7.28,7.392,7.246,7.334,222040.53
1662451200,7.332,7.36,7.235,7.308,103831.95999999999
1662465600,7.307,7.351,7.097,7.191,509674.82
1662480000,7.191,7.208,6.655,6.682,1373186.71
1662494400,6.684,6.75,6.575,6.659,506250.97
1662508800,6.656,6.764,6.575,6.636,716191.36
1662523200,6.634,6.716,6.608,6.713,162137.21
1662537600,6.712,6.777,6.689,6.759,217516.05
1662552000,6.759,6.83,6.675,6.788,310218.0
1662566400,6.786,6.972,6.775,6.911,458804.64
1662580800,6.91,7.161,6.91,7.083,610702.61
1662595200,7.083,7.132,7.004,7.051,268319.62
1662609600,7.056,7.157,7.002,7.048,245696.8
1662624000,7.047,7.318,7.035,7.254,371515.9
1662638400,7.255,7.6,7.137,7.359,1142566.25
1662652800,7.359,7.506,7.283,7.499,632846.73
1662667200,7.498,7.51,7.377,7.407,326789.15
1662681600,7.408,7.766,7.39,7.762,923094.79
1662696000,7.76,7.905,7.726,7.866,506749.28
1662710400,7.865,8.046,7.862,7.956,684624.89
1662724800,7.954,8.1,7.83,7.832,462361.06
1662739200,7.831,7.842,7.661,7.734,541687.71
1662753600,7.734,7.82,7.633,7.749,258772.69
1662768000,7.752,7.844,7.664,7.764,295589.11
1662782400,7.767,7.837,7.623,7.656,296548.45999999996
1662796800,7.657,7.8,7.653,7.779,247959.5
1662811200,7.775,7.822,7.679,7.738,362868.8
1662825600,7.739,8.032,7.73,7.938,858659.53
1662840000,7.939,7.998,7.826,7.91,397571.14
1662854400,7.915,7.982,7.858,7.882,374815.23
1662868800,7.888,7.984,7.736,7.938,284819.74
1662883200,7.938,8.171,7.927,7.995,439994.45
1662897600,7.995,8.024,7.838,7.864,282559.64999999997
1662912000,7.86,8.003,7.853,7.972,254214.5
1662926400,7.968,8.074,7.781,8.03,491216.48000000004
1662940800,8.033,8.3,7.858,7.919,1065071.65
1662955200,7.923,8.049,7.889,8.049,287973.56
1662969600,8.048,8.141,7.982,8.087,374941.01
1662984000,8.082,8.082,7.682,7.728,814567.42
1662998400,7.726,7.815,7.613,7.804,417819.02999999997
1663012800,7.808,7.845,7.708,7.758,216401.64
1663027200,7.761,7.771,7.551,7.7,487370.69
1663041600,7.699,7.829,7.67,7.798,254725.93
1663056000,7.798,7.922,7.706,7.898,205043.5
1663070400,7.9,7.966,7.16,7.191,1274256.97
1663084800,7.191,7.302,7.045,7.212,756865.28
1663099200,7.21,7.26,7.022,7.025,343729.1
1663113600,7.024,7.278,6.982,7.253,442945.16
1663128000,7.254,7.286,7.101,7.198,275167.41000000003
1663142400,7.199,7.32,7.142,7.278,341187.41000000003
1663156800,7.278,7.455,7.202,7.423,570691.11
1663171200,7.424,7.524,7.247,7.411,643756.22
1663185600,7.414,7.541,7.355,7.458,418207.7
1663200000,7.457,7.474,7.113,7.203,543224.12
1663214400,7.201,7.494,7.122,7.398,477938.81999999995
1663228800,7.4,7.4,7.233,7.322,235062.46
1663243200,7.322,7.352,7.014,7.177,533902.46
1663257600,7.176,7.382,7.115,7.316,300110.91
1663272000,7.322,7.6,7.322,7.563,824647.72
1663286400,7.561,7.655,7.416,7.529,658381.77
1663300800,7.529,7.632,7.484,7.591,201149.11
1663315200,7.596,7.759,7.463,7.744,350693.33
1663329600,7.745,7.8,7.57,7.735,574187.44
1663344000,7.733,7.755,7.526,7.581,354413.62
1663358400,7.58,7.687,7.545,7.655,234829.53
1663372800,7.656,7.836,7.64,7.804,244427.69
1663387200,7.805,8.071,7.8,7.998,411999.99
1663401600,8.0,8.038,7.83,7.837,424583.26
1663416000,7.838,7.977,7.825,7.907,266670.3
1663430400,7.909,8.085,7.902,8.019,291658.12
1663444800,8.02,8.142,7.933,8.09,330958.89
1663459200,8.093,8.136,7.914,7.959,319948.82
1663473600,7.958,8.099,7.949,8.008,350344.15
1663488000,8.008,8.029,7.798,7.928,279273.58
1663502400,7.925,7.995,7.823,7.869,375312.68
1663516800,7.871,7.893,7.71,7.837,528585.36
1663531200,7.841,7.842,7.405,7.523,603600.69
1663545600,7.522,7.676,7.163,7.202,785393.83
1663560000,7.201,7.245,7.037,7.165,722361.7
1663574400,7.167,7.172,7.009,7.138,435503.11
1663588800,7.14,7.395,7.109,7.268,781898.61
1663603200,7.269,7.354,7.138,7.337,662196.26
1663617600,7.337,7.38,7.275,7.296,336529.53
1663632000,7.297,7.336,7.137,7.196,618767.96
1663646400,7.195,7.297,7.157,7.207,235826.40000000002
1663660800,7.208,7.253,7.091,7.137,193105.57
1663675200,7.137,7.351,7.005,7.213,594353.63
1663689600,7.213,7.237,6.853,6.956,799416.06
1663704000,6.957,7.012,6.809,6.884,438280.24
1663718400,6.884,7.003,6.831,6.931,335956.33
1663732800,6.932,6.992,6.767,6.86,387983.02
1663747200,6.858,7.042,6.825,7.023,235058.05
1663761600,7.018,7.069,6.919,6.954,335169.31
1663776000,6.955,7.331,6.834,6.97,1414226.39
1663790400,6.97,6.984,6.513,6.682,1245973.26
1663804800,6.68,6.787,6.637,6.739,340670.2
1663819200,6.741,6.886,6.739,6.88,114114.23999999999
1663833600,6.879,7.086,6.878,7.076,284420.18
1663848000,7.079,7.082,6.869,6.946,393522.7
1663862400,6.942,7.171,6.863,7.111,394233.61
1663876800,7.111,7.174,7.034,7.121,292356.92
1663891200,7.12,7.237,7.013,7.226,252864.88
1663905600,7.227,7.281,7.097,7.114,194060.41
1663920000,7.118,7.3,6.996,7.21,805053.93
1663934400,7.211,7.3,6.976,7.094,751595.52
1663948800,7.092,7.116,6.962,7.091,505712.35
1663963200,7.089,7.49,7.089,7.446,681465.04
1663977600,7.447,7.502,7.351,7.416,563963.94
1663992000,7.417,7.621,7.417,7.546,329619.67
1664006400,7.545,7.73,7.517,7.612,451294.11
1664020800,7.611,7.69,7.59,7.674,374293.06
1664035200,7.676,7.871,7.661,7.796,597903.95
1664049600,7.794,7.848,7.576,7.625,387434.54
1664064000,7.627,7.775,7.625,7.76,436798.89
1664078400,7.758,8.068,7.729,8.026,777400.76
1664092800,8.026,8.068,7.932,8.013,530855.93
1664107200,8.011,8.048,7.752,7.906,602693.44
1664121600,7.905,7.97,7.735,7.822,447166.31000000006
1664136000,7.824,7.949,7.567,7.869,575484.23
1664150400,7.864,7.954,7.708,7.75,611961.58
1664164800,7.75,7.756,7.463,7.62,646372.21
1664179200,7.622,7.823,7.519,7.601,393491.66000000003
1664193600,7.602,7.888,7.554,7.865,722335.48
1664208000,7.867,7.936,7.738,7.857,547387.7
1664222400,7.858,7.945,7.764,7.943,245399.65
1664236800,7.942,8.252,7.909,8.203,1277444.08
1664251200,8.202,8.391,8.179,8.225,602450.3
1664265600,8.225,8.331,8.175,8.229,311260.69999999995
1664280000,8.233,8.39,8.112,8.127,806246.4
1664294400,8.122,8.163,7.634,7.784,1026144.4299999999
1664308800,7.779,8.149,7.71,8.054,622991.05
1664323200,8.055,8.423,7.88,8.062,1221605.83
1664337600,8.06,8.095,7.814,7.975,554018.03
1664352000,7.976,8.176,7.804,8.099,652444.8099999999
1664366400,8.1,8.533,8.044,8.204,2012974.12
1664380800,8.202,8.216,7.853,7.9,1896936.45
1664395200,7.903,7.983,7.729,7.79,745295.0700000001
1664409600,7.794,7.837,7.644,7.771,591921.85
1664424000,7.771,7.82,7.646,7.682,339728.23
1664438400,7.681,7.828,7.666,7.782,235609.91999999998
1664452800,7.78,7.886,7.579,7.77,1062259.1400000001
1664467200,7.769,7.888,7.735,7.84,431035.76
1664481600,7.84,7.943,7.822,7.901,429457.04
1664496000,7.904,7.917,7.773,7.803,328850.8
1664510400,7.802,7.903,7.781,7.871,112067.73
1664524800,7.873,7.886,7.673,7.686,359741.42000000004
1664539200,7.682,7.874,7.619,7.687,1007827.6000000001
1664553600,7.687,7.74,7.505,7.526,557621.95
1664568000,7.523,7.609,7.516,7.583,374126.98
1664582400,7.58,7.646,7.54,7.637,168852.06
1664596800,7.637,7.639,7.539,7.608,260525.94
1664611200,7.608,7.638,7.557,7.586,116230.34999999999
1664625600,7.586,7.592,7.51,7.557,264743.35
1664640000,7.557,7.559,7.325,7.385,618581.28
1664654400,7.38,7.404,7.312,7.396,139350.67
1664668800,7.394,7.486,7.373,7.473,258134.98
1664683200,7.472,7.544,7.446,7.469,136220.49
1664697600,7.47,7.533,7.217,7.33,533471.82
1664712000,7.329,7.362,7.263,7.291,319128.83
1664726400,7.291,7.365,7.272,7.344,347902.67
1664740800,7.345,7.355,7.094,7.11,517770.56
1664755200,7.11,7.225,7.036,7.172,663650.96
1664769600,7.173,7.177,7.015,7.128,593024.0700000001
1664784000,7.128,7.184,7.093,7.18,135330.11
1664798400,7.183,7.301,7.15,7.236,395701.28
1664812800,7.239,7.315,7.166,7.225,319167.78
1664827200,7.225,7.355,7.203,7.331,253608.83000000002
1664841600,7.331,7.535,7.325,7.532,771883.3500000001
1664856000,7.534,7.705,7.508,7.658,399483.39
1664870400,7.658,7.713,7.606,7.683,356512.16000000003
1664884800,7.683,7.85,7.667,7.738,620509.47
1664899200,7.738,7.794,7.647,7.75,313370.45
1664913600,7.751,7.803,7.697,7.726,258285.82
1664928000,7.728,7.846,7.722,7.729,550592.4
1664942400,7.729,7.799,7.678,7.746,214805.3
1664956800,7.745,7.752,7.59,7.624,270656.94
1664971200,7.623,7.881,7.598,7.817,908009.55
1664985600,7.818,7.946,7.77,7.89,781823.23
1665000000,7.891,7.917,7.8,7.876,305619.02
1665014400,7.879,7.939,7.86,7.907,388954.1
1665028800,7.907,7.936,7.772,7.821,285108.76
1665043200,7.82,7.887,7.756,7.866,270293.27
1665057600,7.865,7.9,7.661,7.749,636862.61
1665072000,7.745,7.779,7.672,7.682,385448.48
1665086400,7.681,7.712,7.603,7.636,433659.89
1665100800,7.636,7.738,7.63,7.69,183904.39
1665115200,7.689,7.807,7.662,7.713,320338.15
1665129600,7.712,7.743,7.61,7.649,228589.76
1665144000,7.651,7.658,7.473,7.546,678801.3
1665158400,7.547,7.655,7.484,7.595,368835.62
1665172800,7.594,7.621,7.546,7.603,114476.61
1665187200,7.603,7.655,7.577,7.591,111827.95
1665201600,7.591,7.624,7.551,7.621,85322.11
1665216000,7.622,7.623,7.56,7.569,85543.04
1665230400,7.573,7.575,7.49,7.493,149093.88
1665244800,7.493,7.519,7.46,7.462,172126.67
1665259200,7.462,7.463,7.342,7.454,310161.32
1665273600,7.454,7.476,7.42,7.44,64822.219999999994
1665288000,7.437,7.549,7.42,7.527,81100.33
1665302400,7.527,7.598,7.488,7.555,106839.67
1665316800,7.556,7.6,7.509,7.537,143125.31
1665331200,7.536,7.652,7.516,7.616,279285.33
1665345600,7.617,7.64,7.553,7.63,146061.06
1665360000,7.623,7.706,7.609,7.626,172562.97
1665374400,7.626,7.654,7.557,7.576,95623.28
1665388800,7.578,7.578,7.391,7.482,292741.27
1665403200,7.483,7.574,7.445,7.503,254668.47999999998
1665417600,7.504,7.625,7.478,7.602,332888.95999999996
1665432000,7.597,7.732,7.326,7.34,738414.77
1665446400,7.341,7.384,7.137,7.184,987764.3
1665460800,7.185,7.257,7.17,7.224,378544.35000000003
1665475200,7.223,7.25,7.157,7.237,161442.79
1665489600,7.244,7.311,7.135,7.293,444796.23
1665504000,7.292,7.336,7.144,7.182,374792.75
1665518400,7.183,7.202,7.069,7.133,389008.56999999995
1665532800,7.131,7.199,7.105,7.135,301306.36
1665547200,7.135,7.273,7.131,7.222,169696.04
1665561600,7.226,7.265,7.186,7.199,76013.48
1665576000,7.196,7.216,7.1,7.179,306422.74
1665590400,7.178,7.193,7.1,7.165,317697.34
1665604800,7.166,7.201,7.121,7.14,79601.42
1665619200,7.146,7.158,6.885,6.972,694432.4099999999
1665633600,6.967,6.977,6.623,6.721,622530.12
1665648000,6.717,6.77,6.45,6.628,969535.45
1665662400,6.63,6.952,6.308,6.834,1405848.75
1665676800,6.836,7.067,6.82,7.004,645776.02
1665691200,7.005,7.107,6.996,7.028,314339.41000000003
1665705600,7.025,7.252,6.986,7.174,424879.17
1665720000,7.176,7.202,7.106,7.124,258932.81
1665734400,7.125,7.177,7.069,7.108,177095.28
1665748800,7.108,7.25,7.01,7.034,731741.06
1665763200,7.036,7.055,6.847,6.889,617528.1799999999
1665777600,6.887,6.909,6.796,6.89,210597.83000000002
1665792000,6.89,6.921,6.838,6.898,163682.77000000002
1665806400,6.9,6.932,6.88,6.912,137325.64
1665820800,6.913,6.974,6.821,6.97,192027.74
1665835200,6.971,6.986,6.901,6.937,238195.16
1665849600,6.937,6.97,6.895,6.963,150567.93
1665864000,6.963,6.979,6.832,6.888,141023.88
1665878400,6.886,7.093,6.877,7.08,258000.72999999998
1665892800,7.078,7.142,7.03,7.053,212438.13
1665907200,7.054,7.118,7.018,7.065,109785.77
1665921600,7.064,7.1,7.007,7.092,141586.52000000002
1665936000,7.093,7.215,7.03,7.203,277006.41000000003
1665950400,7.207,7.238,7.09,7.168,200516.17
1665964800,7.167,7.19,7.067,7.109,128835.62
1665979200,7.109,7.219,7.095,7.215,128839.02
1665993600,7.215,7.283,7.164,7.226,252372.65999999997
1666008000,7.224,7.34,7.198,7.26,354507.04
1666022400,7.258,7.328,7.201,7.23,326334.07
1666036800,7.229,7.374,7.22,7.327,319424.12
1666051200,7.332,7.371,7.227,7.299,212972.96000000002
1666065600,7.298,7.32,7.236,7.259,144375.15
1666080000,7.26,7.266,7.113,7.175,246619.24
1666094400,7.178,7.218,7.065,7.112,406683.55
1666108800,7.109,7.144,6.961,7.052,368010.87
1666123200,7.054,7.147,7.04,7.128,185295.51
1666137600,7.128,7.137,7.0,7.038,196004.18
1666152000,7.039,7.064,6.946,7.017,122822.56
1666166400,7.019,7.064,6.906,6.96,195071.69
1666180800,6.957,7.013,6.91,7.004,171891.77000000002
1666195200,7.006,7.006,6.89,6.94,170466.2
1666209600,6.942,6.964,6.704,6.776,546621.0
1666224000,6.778,6.813,6.686,6.762,315376.49
1666238400,6.76,6.859,6.758,6.84,218943.5
1666252800,6.837,6.885,6.793,6.843,123684.59
1666267200,6.844,6.914,6.781,6.864,316235.58999999997
1666281600,6.861,6.864,6.622,6.698,515981.66
1666296000,6.692,6.706,6.603,6.657,348315.99
1666310400,6.66,6.69,6.558,6.647,487722.18
1666324800,6.646,6.666,6.575,6.591,126076.86
1666339200,6.59,6.605,6.467,6.516,283642.36
1666353600,6.518,6.737,6.443,6.736,682822.0
1666368000,6.737,6.838,6.7,6.787,310808.52
1666382400,6.786,6.847,6.772,6.809,138574.44
1666396800,6.81,6.833,6.735,6.761,96789.05
1666411200,6.763,6.828,6.725,6.813,143621.44
1666425600,6.815,6.89,6.806,6.871,137005.05
1666440000,6.873,6.93,6.828,6.884,141056.69
1666454400,6.884,6.894,6.81,6.874,132843.86
1666468800,6.875,6.917,6.853,6.87,91677.05
1666483200,6.871,6.975,6.82,6.945,218446.67
1666497600,6.945,6.99,6.914,6.92,96830.64
1666512000,6.922,6.967,6.838,6.851,176237.97999999998
1666526400,6.852,6.872,6.804,6.826,202076.99
1666540800,6.825,7.033,6.816,6.998,355021.38
1666555200,6.999,7.091,6.966,7.066,281569.03
1666569600,7.075,7.089,6.909,6.919,266199.4
1666584000,6.916,6.959,6.881,6.911,178742.2
1666598400,6.914,6.98,6.867,6.973,173219.01
1666612800,6.975,6.975,6.793,6.892,329858.82
1666627200,6.89,6.965,6.855,6.925,186313.83000000002
1666641600,6.925,6.956,6.896,6.91,160443.63
1666656000,6.91,6.964,6.835,6.938,253200.1
1666670400,6.94,6.966,6.867,6.886,190485.15
1666684800,6.888,6.89,6.816,6.861,170506.59
1666699200,6.858,7.058,6.824,7.018,595837.21
1666713600,7.018,7.284,7.018,7.137,1204985.81
1666728000,7.139,7.149,6.988,7.062,407315.97
1666742400,7.067,7.182,7.031,7.151,262580.1
1666756800,7.15,7.233,7.129,7.18,400365.18
1666771200,7.18,7.327,7.146,7.157,418794.14999999997
1666785600,7.159,7.293,7.043,7.222,590371.67
1666800000,7.224,7.24,7.086,7.171,364725.05
1666814400,7.17,7.201,7.102,7.16,238663.59
1666828800,7.159,7.246,7.115,7.239,450341.87
1666843200,7.237,7.363,7.169,7.241,390720.13
1666857600,7.238,7.259,7.103,7.159,280218.58
1666872000,7.157,7.235,7.045,7.071,572872.94
1666886400,7.072,7.145,7.042,7.12,238525.81
1666900800,7.121,7.124,6.858,6.891,521809.64999999997
1666915200,6.894,6.948,6.826,6.9,332200.57
1666929600,6.897,6.952,6.862,6.932,378685.44
1666944000,6.932,6.983,6.893,6.931,209417.6
1666958400,6.93,7.063,6.868,7.047,418869.58
1666972800,7.05,7.173,7.037,7.173,333202.9
1666987200,7.174,7.216,7.088,7.112,357332.99
1667001600,7.114,7.216,7.107,7.205,255604.21
1667016000,7.201,7.227,7.134,7.185,144401.41
1667030400,7.186,7.29,7.146,7.156,336088.56
1667044800,7.156,7.202,7.08,7.183,424226.19
1667059200,7.183,7.599,7.173,7.549,1522721.66
1667073600,7.549,7.659,7.48,7.638,790140.6599999999
1667088000,7.639,7.836,7.55,7.827,774742.4199999999
1667102400,7.827,7.857,7.693,7.806,411124.61
1667116800,7.802,7.818,7.527,7.583,423756.67
1667131200,7.583,7.624,7.495,7.545,439765.38
1667145600,7.545,7.786,7.525,7.746,572791.06
1667160000,7.744,7.933,7.704,7.783,878342.74
1667174400,7.782,7.99,7.665,7.96,834504.23
1667188800,7.959,8.034,7.846,7.97,616861.62
1667203200,7.972,8.198,7.843,8.087,586683.89
1667217600,8.086,8.329,7.913,8.01,1027710.16
1667232000,8.011,8.062,7.757,7.775,1134847.4
1667246400,7.776,7.886,7.716,7.856,458328.76
1667260800,7.853,7.922,7.786,7.822,280076.17000000004
1667275200,7.823,7.858,7.727,7.825,258677.25
1667289600,7.824,7.886,7.702,7.748,221895.41
1667304000,7.745,7.797,7.64,7.738,423704.63
1667318400,7.736,7.76,7.638,7.647,230744.32
1667332800,7.651,7.708,7.628,7.682,203939.97
1667347200,7.684,7.873,7.562,7.841,432412.08999999997
1667361600,7.844,7.871,7.617,7.689,269515.2
1667376000,7.687,7.885,7.614,7.81,593184.6
1667390400,7.808,7.854,7.68,7.686,466027.44
1667404800,7.685,8.011,7.519,7.559,1498911.6
1667419200,7.559,7.603,7.337,7.437,606303.5700000001
1667433600,7.436,7.757,7.387,7.742,564456.6
1667448000,7.743,7.957,7.74,7.808,532865.9299999999
1667462400,7.808,8.021,7.78,7.872,651179.61
1667476800,7.87,7.972,7.655,7.84,834266.73
1667491200,7.843,8.0,7.768,7.797,484702.69
1667505600,7.799,7.839,7.655,7.718,460675.55000000005
1667520000,7.72,8.272,7.66,8.227,882642.8300000001
1667534400,8.225,8.393,8.14,8.214,834798.19
1667548800,8.217,8.298,8.105,8.123,421169.06
1667563200,8.126,8.472,8.03,8.23,1346272.37
1667577600,8.229,8.6,8.186,8.595,1014008.08
1667592000,8.593,8.892,8.566,8.716,1242923.1
1667606400,8.718,9.1,8.639,8.704,875204.88
1667620800,8.705,8.811,8.638,8.778,392933.14
1667635200,8.774,8.79,8.57,8.715,311686.57
1667649600,8.715,8.92,8.571,8.837,518610.92
1667664000,8.836,9.0,8.807,8.894,763104.0
1667678400,8.895,8.911,8.6,8.664,349377.70999999996
1667692800,8.664,8.76,8.53,8.745,325485.69
1667707200,8.748,8.77,8.597,8.676,161993.52
1667721600,8.675,8.75,8.61,8.643,132353.13
1667736000,8.645,8.667,8.351,8.54,539875.95
1667750400,8.535,8.599,8.327,8.379,449458.07
1667764800,8.382,8.394,8.1,8.101,710498.76
1667779200,8.101,8.365,8.071,8.251,575716.1
1667793600,8.254,8.275,7.907,7.912,567210.72
1667808000,7.913,8.275,7.901,8.239,404513.51
1667822400,8.241,8.543,8.224,8.542,857383.69
1667836800,8.542,8.96,8.394,8.935,796919.93
1667851200,8.937,9.25,8.667,8.951,1458119.68
1667865600,8.949,9.202,8.434,8.491,1923377.33
1667880000,8.483,8.652,8.035,8.558,1619652.53
1667894400,8.553,8.882,8.437,8.76,850417.02
1667908800,8.754,8.852,8.338,8.563,1255598.87
1667923200,8.56,9.48,6.66,7.411,4727269.96
1667937600,7.411,7.963,7.116,7.717,2433438.52
1667952000,7.711,7.9,7.1,7.318,1109516.8900000001
1667966400,7.318,7.323,7.03,7.067,969667.24
1667980800,7.068,7.08,6.331,6.819,1887737.61
1667995200,6.818,6.985,6.365,6.44,2306831.73
1668009600,6.44,6.602,6.211,6.498,2014458.54
1668024000,6.499,6.602,5.836,6.217,2118064.44
1668038400,6.214,6.787,6.074,6.619,1553354.1
1668052800,6.62,6.87,6.561,6.715,926665.37
1668067200,6.714,6.791,6.412,6.463,866139.71
1668081600,6.457,7.396,6.435,7.293,2260918.72
1668096000,7.289,7.5,6.968,7.176,1470583.15
1668110400,7.175,7.35,7.101,7.185,572503.88
1668124800,7.18,7.315,6.721,6.814,1104819.25
1668139200,6.811,7.079,6.763,7.033,418140.01
1668153600,7.026,7.18,6.974,7.092,378707.54000000004
1668168000,7.093,7.213,6.5,6.77,1014795.6000000001
1668182400,6.768,6.954,6.644,6.895,627952.88
1668196800,6.897,7.043,6.73,7.021,442432.85
1668211200,7.03,7.043,6.637,6.73,618374.03
1668225600,6.727,6.766,6.188,6.471,2471244.09
1668240000,6.473,6.487,6.324,6.406,366153.79
1668254400,6.408,6.453,6.278,6.404,447064.62
1668268800,6.407,6.438,6.263,6.306,450418.77
1668283200,6.306,6.309,6.185,6.268,463078.79000000004
1668297600,6.272,6.464,6.209,6.447,307184.56
1668312000,6.449,6.528,6.237,6.336,388309.77
1668326400,6.337,6.346,6.103,6.191,558656.88
1668340800,6.193,6.287,6.135,6.182,345272.44
1668355200,6.185,6.21,6.047,6.144,390554.16000000003
1668369600,6.141,6.147,5.938,6.064,496169.94
1668384000,6.064,6.111,5.711,5.82,1057320.96
1668398400,5.818,6.237,5.683,6.237,998051.31
1668412800,6.237,6.34,6.197,6.259,495759.71
1668427200,6.262,6.422,6.121,6.197,631083.0700000001
1668441600,6.198,6.222,6.018,6.044,375886.54
1668456000,6.042,6.295,6.03,6.286,442555.95
1668470400,6.287,6.36,6.2,6.296,384257.39
1668484800,6.295,6.471,6.245,6.444,569040.65
1668499200,6.44,6.547,6.38,6.409,235653.65999999997
1668513600,6.411,6.66,6.385,6.574,493409.62
1668528000,6.577,6.629,6.27,6.356,934023.96
1668542400,6.357,6.439,6.356,6.412,276400.5
1668556800,6.415,6.552,6.361,6.535,240664.83000000002
1668571200,6.536,6.547,6.441,6.446,280192.04
1668585600,6.453,6.461,6.272,6.301,197008.85
1668600000,6.296,6.314,6.079,6.129,591909.73
1668614400,6.127,6.227,6.081,6.181,334069.19
1668628800,6.177,6.209,6.072,6.173,321773.82999999996
1668643200,6.175,6.255,6.099,6.112,299063.55
1668657600,6.112,6.214,6.024,6.213,215433.88999999998
1668672000,6.209,6.23,6.093,6.208,279168.55
1668686400,6.209,6.25,6.067,6.131,361421.98
1668700800,6.127,6.305,6.109,6.27,295234.86
1668715200,6.274,6.34,6.203,6.219,410232.41000000003
1668729600,6.216,6.406,6.211,6.334,300234.64
1668744000,6.334,6.343,6.23,6.251,144283.77
1668758400,6.246,6.268,6.154,6.2,301530.24
1668772800,6.2,6.245,6.115,6.147,923784.26
1668787200,6.147,6.158,6.055,6.113,518429.16
1668801600,6.113,6.204,6.107,6.179,306794.1
1668816000,6.178,6.195,6.061,6.1,194918.78999999998
1668830400,6.102,6.122,5.998,6.069,181739.71
1668844800,6.068,6.111,6.05,6.107,57481.13
1668859200,6.109,6.154,6.07,6.144,88401.87
1668873600,6.144,6.169,6.122,6.152,68788.88
1668888000,6.151,6.206,6.124,6.138,201021.98
1668902400,6.141,6.217,6.136,6.197,191527.49
1668916800,6.199,6.243,6.172,6.229,65016.0
1668931200,6.23,6.233,5.912,5.955,214484.96
1668945600,5.954,6.043,5.91,6.008,150076.49
1668960000,6.008,6.022,5.911,5.988,146591.92
1668974400,5.984,5.991,5.701,5.761,752728.77
1668988800,5.759,5.802,5.6,5.69,503516.03
1669003200,5.686,5.796,5.685,5.741,229344.27
1669017600,5.742,5.76,5.675,5.72,189650.8
1669032000,5.721,5.851,5.705,5.796,230410.74
1669046400,5.795,5.813,5.525,5.601,539111.9199999999
1669060800,5.599,5.893,5.595,5.868,734416.93
1669075200,5.867,6.056,5.848,6.052,517707.12
1669089600,6.048,6.13,5.826,5.947,544119.04
1669104000,5.948,5.995,5.827,5.958,289020.07
1669118400,5.96,6.435,5.92,6.396,868688.46
1669132800,6.393,6.426,6.272,6.375,398755.83
1669147200,6.375,6.469,6.298,6.415,250820.57
1669161600,6.416,6.541,6.335,6.528,669828.1399999999
1669176000,6.528,6.608,6.434,6.544,250499.52
1669190400,6.547,6.575,6.445,6.472,235020.68
1669204800,6.473,6.487,6.32,6.426,474284.69
1669219200,6.43,6.789,6.359,6.744,771781.9199999999
1669233600,6.745,6.8,6.652,6.7,489886.57
1669248000,6.701,6.873,6.631,6.782,505161.79000000004
1669262400,6.781,6.786,6.681,6.696,184455.32
1669276800,6.695,6.732,6.58,6.67,226736.22
1669291200,6.667,6.89,6.623,6.863,337816.4
1669305600,6.861,6.968,6.796,6.82,396775.31
1669320000,6.819,6.87,6.763,6.823,361879.97
1669334400,6.823,6.834,6.669,6.821,339868.67
1669348800,6.821,6.843,6.656,6.811,391035.04
1669363200,6.811,6.971,6.691,6.891,434234.49
1669377600,6.896,6.985,6.734,6.759,463514.67
1669392000,6.759,6.911,6.714,6.896,290084.82
1669406400,6.9,6.912,6.808,6.846,307276.11
1669420800,6.846,6.995,6.83,6.871,456183.74
1669435200,6.873,6.928,6.821,6.859,206443.91999999998
1669449600,6.859,6.944,6.842,6.932,162707.41
1669464000,6.933,7.253,6.904,7.174,1366358.55
1669478400,7.174,7.289,7.126,7.141,753121.41
1669492800,7.141,7.209,7.049,7.152,435481.76
1669507200,7.151,7.268,7.123,7.206,432608.74
1669521600,7.206,7.214,7.07,7.105,310975.83
1669536000,7.103,7.179,7.06,7.115,218574.18
1669550400,7.112,7.141,7.012,7.098,250782.34
1669564800,7.1,7.133,7.036,7.077,222459.29
1669579200,7.077,7.121,6.857,6.898,575971.78
1669593600,6.898,6.939,6.53,6.743,1748304.82
1669608000,6.74,6.781,6.649,6.726,559436.51
1669622400,6.728,6.849,6.688,6.793,676803.47
1669636800,6.79,6.891,6.685,6.705,858122.63
1669651200,6.706,7.066,6.63,7.047,1312170.5
1669665600,7.049,7.341,7.045,7.194,1308114.27
1669680000,7.192,7.377,7.126,7.329,973558.13
1669694400,7.332,7.508,7.295,7.393,962032.77
1669708800,7.394,7.47,7.358,7.375,403012.21
1669723200,7.374,7.396,7.277,7.317,568189.29
1669737600,7.32,7.393,7.242,7.28,647396.39
1669752000,7.28,7.396,7.267,7.314,541922.5800000001
1669766400,7.316,7.676,7.311,7.408,1505119.48
1669780800,7.409,7.515,7.409,7.483,457203.85
1669795200,7.482,7.514,7.318,7.451,577691.85
1669809600,7.451,7.471,7.359,7.457,569112.65
1669824000,7.46,7.581,7.235,7.469,1220079.77
1669838400,7.471,7.759,7.443,7.672,1311635.65
1669852800,7.674,7.72,7.521,7.582,721543.59
1669867200,7.583,7.619,7.495,7.524,421457.1
1669881600,7.52,7.565,7.489,7.551,134604.8
1669896000,7.55,7.769,7.451,7.7,1259522.63
1669910400,7.701,7.744,7.542,7.635,1102471.69
1669924800,7.634,7.808,7.568,7.68,829948.08
1669939200,7.68,7.725,7.568,7.591,909794.65
1669953600,7.592,7.638,7.516,7.583,446484.78
1669968000,7.583,7.651,7.555,7.631,261075.22
1669982400,7.631,7.686,7.482,7.566,658242.3200000001
1669996800,7.564,7.615,7.524,7.595,499823.10000000003
1670011200,7.596,7.648,7.552,7.609,417384.24
1670025600,7.611,7.635,7.439,7.491,448883.11
1670040000,7.492,7.518,7.368,7.45,459602.08
1670054400,7.451,7.459,7.371,7.427,182204.29
1670068800,7.427,7.463,7.386,7.416,187385.94
1670083200,7.417,7.425,7.309,7.321,245994.02000000002
1670097600,7.321,7.355,7.212,7.24,461946.78
1670112000,7.24,7.344,7.192,7.31,274315.16000000003
1670126400,7.309,7.389,7.304,7.345,127761.72
1670140800,7.341,7.382,7.277,7.293,132045.32
1670155200,7.295,7.369,7.259,7.353,202388.23
1670169600,7.353,7.405,7.281,7.372,364584.73
1670184000,7.372,7.47,7.334,7.447,276687.57
1670198400,7.445,7.56,7.42,7.529,450486.02999999997
1670212800,7.529,7.588,7.48,7.526,281555.0
1670227200,7.527,7.597,7.501,7.533,260851.13
1670241600,7.532,7.543,7.312,7.352,373237.68999999994
1670256000,7.352,7.365,7.165,7.2,650435.72
1670270400,7.2,7.286,7.181,7.275,431580.9
1670284800,7.276,7.336,7.236,7.251,303688.45
1670299200,7.252,7.305,7.209,7.277,243991.2
1670313600,7.278,7.306,7.171,7.209,227092.66999999998
1670328000,7.21,7.284,7.185,7.252,331823.06
1670342400,7.255,7.315,7.027,7.059,764318.59
1670356800,7.058,7.149,6.962,7.132,427785.41000000003
1670371200,7.133,7.16,7.038,7.039,360064.89
1670385600,7.039,7.077,6.779,6.806,575361.35
1670400000,6.802,6.898,6.772,6.869,419691.73
1670414400,6.864,6.903,6.822,6.851,436934.95
1670428800,6.851,6.867,6.793,6.839,334900.48
1670443200,6.838,6.935,6.801,6.883,366360.87
1670457600,6.883,6.913,6.777,6.849,307092.41
1670472000,6.847,6.905,6.802,6.882,265272.06
1670486400,6.883,6.929,6.802,6.919,212981.07
1670500800,6.92,6.953,6.876,6.925,325211.01
1670515200,6.926,7.077,6.897,7.038,489942.64
1670529600,7.037,7.05,6.984,7.0,186138.66
1670544000,7.002,7.035,6.943,6.982,237377.72999999998
1670558400,6.981,7.045,6.973,7.023,101997.37
1670572800,7.02,7.053,6.988,7.029,77977.77
1670587200,7.03,7.057,6.885,6.945,298435.73
1670601600,6.942,6.948,6.822,6.836,239692.57
1670616000,6.837,6.877,6.798,6.864,152109.04
1670630400,6.865,6.871,6.818,6.826,215549.76
1670644800,6.826,6.85,6.801,6.84,111244.8
1670659200,6.84,6.906,6.704,6.854,270879.86000000004
1670673600,6.853,6.923,6.831,6.902,134787.86
1670688000,6.902,6.918,6.858,6.88,175884.11000000002
1670702400,6.879,6.9,6.826,6.856,91442.18
1670716800,6.855,6.919,6.845,6.919,129529.11
1670731200,6.919,6.958,6.897,6.94,93499.39
1670745600,6.938,6.943,6.878,6.894,54417.79
1670760000,6.893,6.916,6.852,6.874,69323.64
1670774400,6.873,6.92,6.835,6.862,107787.29000000001
1670788800,6.861,6.861,6.655,6.701,559252.19
1670803200,6.7,6.715,6.465,6.57,628997.15
1670817600,6.57,6.608,6.542,6.588,331138.97
1670832000,6.589,6.677,6.559,6.641,268670.61
1670846400,6.641,6.662,6.566,6.591,402591.96
1670860800,6.59,6.62,6.57,6.616,209244.68
1670875200,6.617,6.729,6.61,6.701,327512.5
1670889600,6.701,6.712,6.589,6.603,215937.43
1670904000,6.604,6.644,6.473,6.539,467800.49
1670918400,6.539,6.75,6.526,6.731,482245.10000000003
1670932800,6.731,7.041,6.692,6.918,1103310.83
1670947200,6.92,6.97,6.78,6.871,468891.81
1670961600,6.872,6.926,6.853,6.923,221451.22
1670976000,6.923,6.962,6.853,6.881,268744.7
1670990400,6.884,6.913,6.832,6.879,166368.27000000002
1671004800,6.877,6.903,6.847,6.856,135678.19
1671019200,6.856,6.904,6.815,6.88,305788.87
1671033600,6.882,6.929,6.687,6.741,988764.75
1671048000,6.74,6.79,6.688,6.721,400551.38
1671062400,6.72,6.744,6.566,6.656,525441.9
1671076800,6.656,6.663,6.606,6.612,222829.38
1671091200,6.612,6.643,6.576,6.621,226413.79
1671105600,6.621,6.626,6.509,6.573,504991.94
1671120000,6.574,6.575,6.434,6.541,577645.92
1671134400,6.541,6.546,6.39,6.458,323371.02
1671148800,6.452,6.525,6.428,6.514,165315.55
1671163200,6.514,6.541,6.456,6.524,109554.9
1671177600,6.524,6.529,6.152,6.25,759828.59
1671192000,6.25,6.267,6.127,6.157,774795.83
1671206400,6.156,6.177,6.053,6.165,807869.88
1671220800,6.163,6.219,5.776,5.891,1480641.58
1671235200,5.892,5.95,5.795,5.902,744417.39
1671249600,5.904,6.035,5.895,6.024,426229.42
1671264000,6.024,6.065,5.975,5.999,337501.52999999997
1671278400,5.999,6.047,5.96,6.02,219673.18
1671292800,6.02,6.025,5.906,5.961,241024.7
1671307200,5.961,6.042,5.952,6.029,204812.59
1671321600,6.03,6.063,5.969,6.03,205766.0
1671336000,6.032,6.062,5.986,6.002,143483.3
1671350400,6.003,6.01,5.914,5.989,96480.75
1671364800,5.994,6.012,5.937,5.944,186121.83000000002
1671379200,5.944,6.038,5.941,6.008,108134.3
1671393600,6.008,6.041,5.934,5.952,264258.78
1671408000,5.954,6.025,5.835,5.884,473331.68
1671422400,5.883,5.942,5.877,5.935,226102.28
1671436800,5.936,6.036,5.934,6.015,357337.83
1671451200,6.016,6.066,5.962,5.97,901458.8
1671465600,5.968,5.988,5.837,5.874,899244.29
1671480000,5.876,5.914,5.675,5.787,757035.28
1671494400,5.787,6.055,5.753,5.991,644509.19
1671508800,5.992,6.083,5.971,6.036,336519.45
1671523200,6.039,6.12,6.023,6.079,271804.25
1671537600,6.08,6.12,6.03,6.043,435648.24
1671552000,6.043,6.055,5.945,5.996,470560.62
1671566400,5.997,6.038,5.965,6.012,275728.49
1671580800,6.013,6.042,5.907,5.965,466241.79
1671595200,5.963,5.963,5.884,5.945,273090.93
1671609600,5.944,6.013,5.909,5.999,321900.94999999995
1671624000,6.004,6.005,5.926,5.95,362247.93
1671638400,5.951,5.954,5.885,5.915,368752.69
1671652800,5.913,5.992,5.885,5.988,333596.46
1671667200,5.986,6.001,5.958,5.985,174130.34
1671681600,5.986,5.997,5.951,5.969,132821.67
1671696000,5.974,6.04,5.96,5.991,254804.47000000003
1671710400,5.991,6.009,5.882,5.893,562267.1699999999
1671724800,5.892,5.919,5.854,5.914,270370.94999999995
1671739200,5.915,6.015,5.9,6.005,452557.6
1671753600,6.007,6.052,5.972,6.024,351399.28
1671768000,6.027,6.037,5.988,6.022,143782.86
1671782400,6.024,6.04,5.993,6.017,95988.4
1671796800,6.018,6.046,5.962,5.988,484236.19999999995
1671811200,5.989,5.998,5.96,5.972,125506.74
1671825600,5.972,5.983,5.922,5.938,250896.34
1671840000,5.938,5.96,5.936,5.96,158516.26
1671854400,5.959,5.961,5.897,5.931,164963.93
1671868800,5.93,5.93,5.88,5.911,113863.93000000001
1671883200,5.911,5.915,5.9,5.911,64194.8
1671897600,5.911,5.94,5.904,5.933,85486.62
1671912000,5.933,5.936,5.894,5.915,99815.16
1671926400,5.915,5.934,5.899,5.912,66384.6
1671940800,5.912,5.958,5.901,5.949,121412.68
1671955200,5.95,5.953,5.933,5.944,38941.17
1671969600,5.942,5.969,5.886,5.932,278840.1
1671984000,5.934,5.945,5.894,5.941,215426.54
1671998400,5.94,5.994,5.927,5.99,187218.54
1672012800,5.99,6.03,5.97,5.985,146178.54
1672027200,5.987,5.99,5.956,5.968,93825.15
1672041600,5.968,6.009,5.94,6.002,80364.0
1672056000,6.002,6.011,5.953,5.966,128214.12
1672070400,5.967,6.005,5.954,5.998,198909.5
1672084800,5.998,6.051,5.998,6.048,343637.54
1672099200,6.05,6.066,5.978,5.988,192622.22
1672113600,5.986,6.005,5.976,5.991,85202.63
1672128000,5.992,6.029,5.973,5.992,114785.76000000001
1672142400,5.992,5.993,5.9,5.919,320002.83
1672156800,5.921,5.93,5.823,5.888,414232.6
1672171200,5.886,5.902,5.86,5.9,144746.44
1672185600,5.9,5.909,5.739,5.79,478172.54
1672200000,5.787,5.797,5.68,5.76,423320.77
1672214400,5.758,5.773,5.719,5.742,182444.92
1672228800,5.741,5.816,5.715,5.725,360766.66000000003
1672243200,5.722,5.757,5.679,5.702,478305.89
1672257600,5.701,5.731,5.625,5.672,491218.83999999997
1672272000,5.672,5.689,5.544,5.682,666433.33
1672286400,5.682,5.707,5.668,5.705,201303.57
1672300800,5.706,5.726,5.671,5.684,294132.66
1672315200,5.687,5.709,5.67,5.682,312048.35
1672329600,5.684,5.693,5.602,5.61,368583.59
1672344000,5.61,5.615,5.51,5.598,787433.72
1672358400,5.598,5.639,5.534,5.572,640124.63
1672372800,5.573,5.586,5.423,5.448,666442.99
1672387200,5.447,5.503,5.439,5.481,226220.99
1672401600,5.48,5.514,5.411,5.493,600684.7
1672416000,5.493,5.508,5.469,5.482,335741.97000000003
1672430400,5.482,5.493,5.414,5.472,402273.02999999997
1672444800,5.471,5.473,5.386,5.419,526134.8
1672459200,5.417,5.465,5.41,5.454,199431.04
1672473600,5.454,5.581,5.448,5.572,365702.36
1672488000,5.576,5.624,5.553,5.586,271234.25
1672502400,5.586,5.593,5.539,5.585,184974.89
1672516800,5.585,5.598,5.533,5.569,352512.12
1672531200,5.569,5.573,5.51,5.549,429959.85
1672545600,5.546,5.55,5.5,5.526,297343.25
1672560000,5.527,5.586,5.507,5.575,104596.21
1672574400,5.576,5.596,5.548,5.593,134523.89
1672588800,5.593,5.632,5.58,5.602,213991.5
1672603200,5.604,5.639,5.604,5.629,126907.11
1672617600,5.63,5.66,5.544,5.622,431974.49
1672632000,5.622,5.735,5.598,5.679,496423.56
1672646400,5.683,5.724,5.657,5.695,246177.18
1672660800,5.696,5.712,5.654,5.702,239166.78999999998
1672675200,5.7,5.737,5.682,5.726,177236.71
1672689600,5.727,5.758,5.672,5.689,216027.5
1672704000,5.687,5.713,5.639,5.678,146272.75
1672718400,5.679,5.719,5.648,5.683,224927.63
1672732800,5.682,5.691,5.633,5.661,150362.03
1672747200,5.661,5.708,5.591,5.631,435845.02
1672761600,5.631,5.647,5.57,5.596,335235.32
1672776000,5.596,5.626,5.574,5.623,197515.18
1672790400,5.624,5.814,5.609,5.79,538550.48
1672804800,5.791,5.835,5.761,5.795,278913.03
1672819200,5.795,5.826,5.757,5.767,182829.78
1672833600,5.767,5.843,5.723,5.809,476377.11
1672848000,5.809,5.855,5.744,5.765,390542.88
1672862400,5.767,5.818,5.709,5.807,287883.1
1672876800,5.808,5.816,5.741,5.763,187185.94
1672891200,5.761,5.8,5.728,5.76,134394.51
1672905600,5.758,5.762,5.687,5.72,228757.06
1672920000,5.719,5.736,5.664,5.716,304546.92000000004
1672934400,5.716,5.76,5.703,5.752,215237.11
1672948800,5.752,5.757,5.607,5.659,372732.16000000003
1672963200,5.661,5.68,5.617,5.632,142110.01
1672977600,5.632,5.639,5.572,5.618,272047.98
1672992000,5.616,5.63,5.577,5.599,211828.41
1673006400,5.598,5.658,5.521,5.65,489097.44
1673020800,5.652,5.724,5.632,5.713,297032.1
1673035200,5.714,5.731,5.673,5.713,187549.7
1673049600,5.711,5.8,5.69,5.767,354188.77
1673064000,5.765,5.787,5.736,5.773,129064.61
1673078400,5.775,5.778,5.743,5.761,88818.66
1673092800,5.761,5.822,5.756,5.816,172392.22
1673107200,5.815,5.833,5.776,5.802,209100.91
1673121600,5.802,5.841,5.773,5.828,181944.11000000002
1673136000,5.828,5.845,5.753,5.822,276074.29
1673150400,5.822,5.879,5.81,5.829,212160.93
1673164800,5.83,5.873,5.783,5.784,212741.88
1673179200,5.783,5.861,5.775,5.85,176792.51
1673193600,5.851,5.863,5.784,5.825,203900.93
1673208000,5.823,5.973,5.819,5.961,506188.02
1673222400,5.961,6.136,5.932,6.094,1640529.41
1673236800,6.094,6.141,6.075,6.127,290146.42
1673251200,6.128,6.226,6.11,6.154,378521.32
1673265600,6.155,6.227,6.072,6.204,710337.99
1673280000,6.205,6.254,6.101,6.101,697603.02
1673294400,6.1,6.121,6.016,6.063,834564.58
1673308800,6.064,6.131,5.986,6.077,589551.2000000001
1673323200,6.076,6.108,6.061,6.072,260267.49
1673337600,6.073,6.169,6.052,6.107,268285.93
1673352000,6.108,6.163,6.064,6.142,380100.52
1673366400,6.142,6.302,6.115,6.241,573145.34
1673380800,6.242,6.246,6.107,6.168,336634.47000000003
1673395200,6.167,6.209,6.058,6.101,391653.93
1673409600,6.099,6.141,6.07,6.14,218624.95
1673424000,6.137,6.142,6.094,6.112,155729.03
1673438400,6.111,6.128,6.015,6.04,431423.61
1673452800,6.039,6.179,6.01,6.172,495558.42
1673467200,6.173,6.303,6.131,6.281,674411.84
1673481600,6.282,6.393,6.277,6.343,827815.53
1673496000,6.346,6.377,6.26,6.317,312071.71
1673510400,6.316,6.317,6.237,6.253,296319.92
1673524800,6.251,6.347,6.05,6.198,1037852.01
1673539200,6.198,6.405,6.177,6.375,1123430.64
1673553600,6.373,6.408,6.339,6.383,567311.55
1673568000,6.382,6.408,6.289,6.39,355771.79000000004
1673582400,6.388,6.399,6.321,6.343,299209.0
1673596800,6.343,6.414,6.319,6.331,411711.98
1673611200,6.332,6.357,6.261,6.354,527047.15
1673625600,6.355,6.406,6.283,6.395,464145.5
1673640000,6.395,6.617,6.383,6.605,1234629.5
1673654400,6.605,6.928,6.586,6.82,1827744.8299999998
1673668800,6.819,7.057,6.77,6.998,1225174.21
1673683200,6.993,7.107,6.45,6.729,1765135.48
1673697600,6.726,6.905,6.653,6.801,1028171.3
1673712000,6.799,6.841,6.72,6.79,776517.67
1673726400,6.786,6.886,6.76,6.859,503684.11
1673740800,6.86,6.891,6.672,6.719,1064701.1400000001
1673755200,6.72,6.798,6.692,6.747,445024.02999999997
1673769600,6.745,6.749,6.601,6.697,540143.62
1673784000,6.698,6.891,6.66,6.889,531412.2999999999
1673798400,6.889,6.931,6.731,6.732,815034.3300000001
1673812800,6.732,6.736,6.642,6.699,623592.8300000001
1673827200,6.698,6.885,6.632,6.773,897990.96
1673841600,6.776,6.948,6.765,6.849,653819.3300000001
1673856000,6.847,6.85,6.5,6.621,1098062.97
1673870400,6.621,6.646,6.414,6.567,909773.0800000001
1673884800,6.562,6.836,6.529,6.753,887611.23
1673899200,6.749,6.78,6.637,6.67,528640.97
1673913600,6.671,6.735,6.551,6.674,564047.04
1673928000,6.674,6.772,6.65,6.72,326038.93
1673942400,6.721,6.758,6.662,6.732,201814.03
1673956800,6.73,6.85,6.655,6.716,734903.22
1673971200,6.716,6.892,6.625,6.864,742760.73
1673985600,6.865,6.99,6.788,6.805,928828.75
1674000000,6.808,6.986,6.777,6.93,673799.0800000001
1674014400,6.933,6.946,6.823,6.86,381306.32999999996
1674028800,6.861,6.861,6.697,6.748,391852.22
1674043200,6.752,6.939,6.37,6.552,944054.4199999999
1674057600,6.547,6.635,6.27,6.479,1441990.95
1674072000,6.482,6.497,6.315,6.335,670951.41
1674086400,6.33,6.44,6.325,6.415,292179.76
1674100800,6.419,6.461,6.412,6.437,169046.41
1674115200,6.438,6.458,6.36,6.378,215306.31
1674129600,6.376,6.461,6.316,6.407,488456.04
1674144000,6.409,6.508,6.357,6.496,492455.64
1674158400,6.496,6.546,6.47,6.508,219354.98
1674172800,6.513,6.548,6.464,6.487,257621.7
1674187200,6.489,6.524,6.415,6.455,203702.56
1674201600,6.453,6.495,6.427,6.46,72249.01
1674216000,6.462,6.559,6.453,6.53,329935.29000000004
1674230400,6.528,6.696,6.518,6.689,467237.67999999993
1674244800,6.692,6.976,6.689,6.944,885859.87
1674259200,6.943,7.05,6.876,7.042,908686.39
1674273600,7.043,7.097,6.991,6.999,359448.63
1674288000,7.0,7.11,6.77,6.944,661846.8099999999
1674302400,6.945,6.998,6.889,6.912,421820.59
1674316800,6.908,7.025,6.908,7.02,389508.02
1674331200,7.024,7.1,6.83,6.853,626725.83
1674345600,6.855,6.908,6.783,6.87,388367.97
1674360000,6.869,6.936,6.859,6.888,226930.53
1674374400,6.893,6.928,6.86,6.872,185720.36
1674388800,6.874,7.232,6.829,7.037,856655.25
1674403200,7.041,7.269,6.969,7.073,1023092.83
1674417600,7.073,7.105,6.826,6.986,857459.07
1674432000,6.986,7.234,6.974,7.08,858585.11
1674446400,7.085,7.127,6.993,7.033,378765.72
1674460800,7.035,7.152,7.002,7.138,268255.52
1674475200,7.14,7.166,6.839,7.013,744142.75
1674489600,7.016,7.121,6.929,6.969,582659.85
1674504000,6.966,7.1,6.929,7.015,306324.74
1674518400,7.014,7.181,6.961,7.181,670692.96
1674532800,7.181,7.181,7.093,7.168,242078.47999999998
1674547200,7.169,7.199,7.064,7.122,264364.27
1674561600,7.123,7.147,6.98,7.046,352485.73
1674576000,7.048,7.056,6.868,6.99,382727.43
1674590400,6.99,7.006,6.552,6.66,819720.68
1674604800,6.659,6.694,6.514,6.694,760270.51
1674619200,6.693,6.801,6.673,6.791,317569.10000000003
1674633600,6.792,6.815,6.655,6.697,332337.18
1674648000,6.699,6.788,6.61,6.69,560491.5
1674662400,6.69,6.833,6.656,6.824,330481.28
1674676800,6.825,7.1,6.813,6.96,1172548.64
1674691200,6.96,7.036,6.93,6.934,434768.19
1674705600,6.935,7.014,6.881,6.901,247412.46
1674720000,6.902,6.933,6.826,6.888,240089.33000000002
1674734400,6.889,7.13,6.835,6.963,888155.0700000001
1674748800,6.96,7.135,6.896,7.132,754545.27
1674763200,7.13,7.307,7.125,7.169,814670.11
1674777600,7.177,7.306,6.927,7.031,723837.01
1674792000,7.034,7.276,7.034,7.269,429600.86
1674806400,7.273,7.373,7.177,7.222,560482.75
1674820800,7.22,7.283,7.101,7.198,573449.73
1674835200,7.191,7.449,7.189,7.406,703435.27
1674849600,7.403,7.503,7.31,7.384,653351.04
1674864000,7.384,7.512,7.358,7.422,451413.62
1674878400,7.421,7.451,7.28,7.335,268713.03
1674892800,7.334,7.395,7.29,7.311,161985.32
1674907200,7.31,7.312,7.164,7.251,403171.86
1674921600,7.251,7.279,7.192,7.248,182025.52000000002
1674936000,7.25,7.25,7.126,7.206,223865.32
1674950400,7.206,7.411,7.146,7.311,537236.58
1674964800,7.31,7.374,7.293,7.324,288259.48
1674979200,7.321,7.434,7.321,7.39,195022.83999999997
1674993600,7.388,7.401,7.324,7.355,240046.52000000002
1675008000,7.36,7.512,7.266,7.453,769878.04
1675022400,7.451,7.453,7.353,7.374,287301.88
1675036800,7.375,7.441,7.261,7.328,218107.04
1675051200,7.331,7.373,7.203,7.213,229856.97
1675065600,7.211,7.244,6.947,6.999,562355.57
1675080000,6.992,7.093,6.964,7.025,346757.51
1675094400,7.021,7.103,6.76,6.895,621167.2
1675108800,6.889,6.92,6.789,6.917,339010.17
1675123200,6.917,7.004,6.893,6.963,242250.94
1675137600,6.965,7.042,6.902,7.033,243339.50999999998
1675152000,7.034,7.043,6.891,6.933,229466.52
1675166400,6.933,7.013,6.899,6.992,282915.07
1675180800,6.994,7.081,6.987,7.057,339500.44
1675195200,7.058,7.063,6.85,6.954,510346.81
1675209600,6.952,6.982,6.918,6.944,174864.68
1675224000,6.947,6.959,6.797,6.86,189426.94
1675238400,6.857,6.862,6.752,6.84,143522.05
1675252800,6.838,6.908,6.721,6.76,290605.54
1675267200,6.758,7.064,6.669,7.006,801409.1699999999
1675281600,7.008,7.273,7.001,7.21,1004610.08
1675296000,7.212,7.335,7.198,7.308,517475.80000000005
1675310400,7.308,7.35,7.218,7.235,177592.01
1675324800,7.232,7.303,7.225,7.293,138689.27000000002
1675339200,7.294,7.328,7.16,7.294,428534.76
1675353600,7.292,7.49,7.266,7.301,1034181.48
1675368000,7.301,7.369,7.04,7.098,449079.24
1675382400,7.101,7.168,7.014,7.087,407923.94999999995
1675396800,7.086,7.149,7.072,7.115,189216.65
1675411200,7.115,7.224,7.074,7.222,187792.66999999998
1675425600,7.223,7.348,7.08,7.29,611789.35
1675440000,7.292,7.327,7.211,7.214,273887.42
1675454400,7.21,7.306,7.175,7.29,266326.43
1675468800,7.29,7.315,7.163,7.17,236466.04
1675483200,7.166,7.216,7.129,7.207,90034.5
1675497600,7.205,7.233,7.188,7.211,60037.75
1675512000,7.206,7.309,7.2,7.265,108241.94
1675526400,7.265,7.364,7.219,7.32,372749.22
1675540800,7.316,7.345,7.178,7.24,166928.88
1675555200,7.235,7.254,7.154,7.205,221565.22
1675569600,7.206,7.236,7.197,7.21,46374.770000000004
1675584000,7.212,7.243,7.168,7.177,51343.75
1675598400,7.177,7.201,6.905,6.997,466910.66000000003
1675612800,6.993,7.018,6.918,6.971,523553.13
1675627200,6.968,7.003,6.863,6.988,266295.05
1675641600,6.988,7.042,6.912,6.962,229295.76
1675656000,6.961,7.017,6.859,7.016,109796.04
1675670400,7.016,7.027,6.908,6.965,77027.16
1675684800,6.969,7.037,6.921,7.037,153619.87
1675699200,7.039,7.062,6.949,7.004,353943.16000000003
1675713600,7.005,7.01,6.766,6.838,430927.41000000003
1675728000,6.835,6.947,6.823,6.937,144934.0
1675742400,6.936,6.983,6.925,6.932,157547.61
1675756800,6.932,7.05,6.906,7.03,145882.28
1675771200,7.03,7.061,6.947,6.973,319140.91000000003
1675785600,6.974,7.152,6.908,7.071,770953.19
1675800000,7.071,7.214,7.055,7.196,545762.27
1675814400,7.196,7.288,7.178,7.21,351331.87
1675828800,7.208,7.289,7.173,7.252,174019.79
1675843200,7.252,7.255,7.157,7.226,65593.05
1675857600,7.226,7.3,7.085,7.085,477308.67000000004
1675872000,7.085,7.174,6.96,7.077,567986.29
1675886400,7.074,7.144,7.008,7.138,261809.62
1675900800,7.139,7.27,6.867,6.935,1051535.7
1675915200,6.931,7.459,6.87,7.443,851941.94
1675929600,7.442,7.811,7.41,7.525,1223159.41
1675944000,7.53,7.781,7.496,7.597,1081736.96
1675958400,7.6,7.707,7.229,7.329,1719287.85
1675972800,7.325,7.387,6.835,6.983,1429935.19
1675987200,6.987,7.121,6.922,6.955,584255.09
1676001600,6.954,6.99,6.79,6.971,624725.06
1676016000,6.97,7.008,6.887,6.945,223679.22999999998
1676030400,6.948,7.033,6.823,6.891,414174.5
1676044800,6.889,7.034,6.824,7.009,396415.1
1676059200,7.009,7.028,6.824,6.893,630368.78
1676073600,6.884,6.954,6.864,6.914,167042.71000000002
1676088000,6.92,6.927,6.854,6.917,73241.06
1676102400,6.919,6.931,6.878,6.918,37217.7
1676116800,6.918,7.013,6.884,6.98,140868.33000000002
1676131200,6.98,6.984,6.883,6.925,151376.68
1676145600,6.925,7.035,6.905,7.005,135062.56
1676160000,7.004,7.018,6.937,6.947,106048.73999999999
1676174400,6.946,6.967,6.921,6.944,137334.50999999998
1676188800,6.944,7.024,6.931,6.973,92927.75
1676203200,6.977,6.998,6.909,6.982,99156.36
1676217600,6.983,7.089,6.968,6.996,210800.57
1676232000,6.996,7.013,6.694,6.812,495565.21
1676246400,6.81,6.849,6.604,6.725,492522.18
1676260800,6.726,6.794,6.71,6.779,188694.73
1676275200,6.778,6.778,6.44,6.568,642714.82
1676289600,6.568,6.622,6.541,6.566,336206.81
1676304000,6.571,6.612,6.43,6.599,576230.88
1676318400,6.6,6.689,6.566,6.68,193352.53999999998
1676332800,6.681,6.695,6.617,6.626,205664.66
1676347200,6.626,6.663,6.614,6.653,119377.79
1676361600,6.655,6.694,6.607,6.629,143008.76
1676376000,6.628,6.825,6.448,6.745,1296999.45
1676390400,6.747,6.818,6.662,6.808,378097.95
1676404800,6.808,6.832,6.765,6.812,133740.33000000002
1676419200,6.813,6.826,6.726,6.785,137796.54
1676433600,6.786,6.799,6.752,6.775,159622.30000000002
1676448000,6.776,6.856,6.746,6.852,104618.64000000001
1676462400,6.857,6.939,6.853,6.917,305014.08
1676476800,6.92,7.078,6.894,7.078,490276.67
1676491200,7.079,7.308,7.07,7.283,1209624.48
1676505600,7.284,7.395,7.237,7.336,694573.02
1676520000,7.338,7.341,7.24,7.281,408858.15
1676534400,7.279,7.327,7.229,7.254,208010.05
1676548800,7.255,7.41,7.14,7.391,631591.04
1676563200,7.391,7.493,7.23,7.319,806869.66
1676577600,7.32,7.322,7.01,7.015,827112.0599999999
1676592000,7.014,7.222,6.97,7.194,277516.93
1676606400,7.193,7.271,7.15,7.203,218383.02000000002
1676620800,7.202,7.301,7.182,7.294,279406.36
1676635200,7.295,7.379,7.233,7.332,533979.24
1676649600,7.333,7.581,7.286,7.486,834288.51
1676664000,7.485,7.712,7.387,7.649,765000.81
1676678400,7.649,7.736,7.58,7.615,551422.33
1676692800,7.616,7.691,7.563,7.596,184330.84
1676707200,7.598,7.641,7.503,7.634,255433.03
1676721600,7.632,8.259,7.63,8.183,1577633.16
1676736000,8.185,8.256,7.956,8.044,852966.42
1676750400,8.049,8.088,7.98,7.988,455469.76
1676764800,7.988,8.075,7.939,8.021,417879.58
1676779200,8.011,8.278,7.961,8.119,639904.7
1676793600,8.118,8.252,8.042,8.165,274034.95
1676808000,8.165,8.288,8.073,8.144,653303.72
1676822400,8.146,8.222,7.853,7.885,829250.3899999999
1676836800,7.888,8.045,7.823,8.008,597285.0599999999
1676851200,8.011,8.076,7.733,8.012,498334.80000000005
1676865600,8.013,8.378,8.01,8.366,612391.26
1676880000,8.365,8.397,8.068,8.141,751953.88
1676894400,8.142,8.196,8.073,8.129,482578.09
1676908800,8.127,8.133,7.951,8.027,704048.9
1676923200,8.028,8.04,7.914,8.019,425632.41000000003
1676937600,8.017,8.072,7.948,7.962,420722.42000000004
1676952000,7.961,8.015,7.904,7.974,152037.44
1676966400,7.97,8.017,7.732,7.764,462673.18
1676980800,7.765,7.813,7.666,7.745,359884.81
1676995200,7.745,7.774,7.635,7.692,385432.19000000006
1677009600,7.692,7.703,7.5,7.644,558531.7999999999
1677024000,7.644,7.733,7.381,7.549,643919.3
1677038400,7.548,7.556,7.39,7.484,369139.83999999997
1677052800,7.48,7.485,7.317,7.471,271654.1
1677067200,7.47,7.558,7.32,7.36,373884.63
1677081600,7.358,7.6,7.297,7.573,536787.33
1677096000,7.579,7.722,7.528,7.721,255228.80000000002
1677110400,7.718,7.97,7.672,7.892,451406.94
1677124800,7.891,7.975,7.861,7.918,361516.02
1677139200,7.918,8.071,7.782,7.854,761259.78
1677153600,7.855,8.208,7.761,7.973,947819.73
1677168000,7.974,8.027,7.714,7.893,493362.45
1677182400,7.895,7.97,7.792,7.937,180114.66
1677196800,7.937,8.03,7.878,8.028,243279.56
1677211200,8.032,8.151,7.928,8.104,416397.27999999997
1677225600,8.106,8.133,7.874,7.886,214823.57
1677240000,7.885,7.923,7.546,7.589,634629.32
1677254400,7.588,7.695,7.418,7.682,761628.77
1677268800,7.681,7.722,7.262,7.463,697348.46
1677283200,7.464,7.492,7.365,7.387,203164.91
1677297600,7.387,7.424,7.316,7.408,226383.39
1677312000,7.408,7.443,7.342,7.37,190813.82
1677326400,7.372,7.373,7.25,7.346,307929.35
1677340800,7.347,7.405,7.208,7.32,626413.58
1677355200,7.319,7.393,7.181,7.372,594019.3
1677369600,7.374,7.418,7.292,7.415,309609.75
1677384000,7.414,7.428,7.351,7.405,183499.18
1677398400,7.409,7.444,7.369,7.438,103684.08
1677412800,7.439,7.447,7.363,7.382,261258.95999999996
1677427200,7.382,7.496,7.308,7.485,305884.19999999995
1677441600,7.484,7.545,7.407,7.499,301465.87
1677456000,7.496,7.504,7.422,7.429,258494.46000000002
1677470400,7.429,7.437,7.328,7.335,226886.16999999998
1677484800,7.335,7.354,7.223,7.288,223364.31
1677499200,7.29,7.47,7.242,7.37,284810.18000000005
1677513600,7.372,7.388,7.128,7.195,392865.02
1677528000,7.191,7.294,7.15,7.272,218535.27
1677542400,7.272,7.303,7.217,7.288,260491.37
1677556800,7.288,7.357,7.22,7.261,358554.85000000003
1677571200,7.259,7.337,7.227,7.332,104532.44
1677585600,7.335,7.423,7.327,7.412,223993.84
1677600000,7.412,7.425,7.242,7.26,222897.64
1677614400,7.26,7.297,7.098,7.198,544397.59
1677628800,7.199,7.355,7.147,7.348,424641.72
1677643200,7.349,7.429,7.321,7.397,223872.38999999998
1677657600,7.398,7.5,7.384,7.473,152032.43
1677672000,7.476,7.506,7.39,7.433,193255.26
1677686400,7.435,7.445,7.335,7.349,249106.01
1677700800,7.347,7.545,7.334,7.532,231039.66
1677715200,7.534,7.579,7.354,7.391,232749.47
1677729600,7.395,7.452,7.314,7.354,80248.53
1677744000,7.353,7.364,7.265,7.324,72265.97
1677758400,7.318,7.328,7.163,7.228,138019.96
1677772800,7.228,7.302,7.169,7.276,173088.02
1677787200,7.278,7.287,7.231,7.28,114321.43
1677801600,7.28,7.28,6.7,6.818,1169219.6800000002
1677816000,6.81,6.889,6.799,6.87,219134.64
1677830400,6.87,6.912,6.852,6.898,80799.37
1677844800,6.894,6.954,6.852,6.901,173158.47999999998
1677859200,6.901,6.948,6.87,6.925,122107.59
1677873600,6.925,6.965,6.859,6.96,125022.36
1677888000,6.959,7.012,6.909,6.914,120256.19
1677902400,6.914,6.934,6.859,6.916,59883.42
1677916800,6.916,6.972,6.898,6.969,26635.739999999998
1677931200,6.968,6.968,6.91,6.927,38114.130000000005
1677945600,6.927,6.943,6.918,6.924,2814.65
1677960000,6.8,6.861,6.72,6.858,32050.34
1677974400,6.858,7.001,6.808,6.94,153393.56
1677988800,6.945,6.975,6.904,6.918,52132.54
1678003200,6.918,6.969,6.892,6.936,159707.50999999998
1678017600,6.937,6.979,6.932,6.953,61908.06
1678032000,6.95,6.966,6.918,6.961,91591.09
1678046400,6.96,7.021,6.903,6.947,198204.49
1678060800,6.946,6.974,6.821,6.87,150368.19
1678075200,6.873,6.903,6.825,6.888,62666.38
1678089600,6.889,6.911,6.85,6.877,41224.84
1678104000,6.877,6.971,6.849,6.967,135625.77000000002
1678118400,6.967,6.979,6.878,6.898,189148.97999999998
1678132800,6.897,6.922,6.845,6.858,273419.27999999997
1678147200,6.859,6.973,6.838,6.948,320938.1
1678161600,6.948,6.967,6.898,6.901,85659.33
1678176000,6.903,6.905,6.774,6.811,196021.05
1678190400,6.809,6.864,6.691,6.811,320738.34
1678204800,6.809,6.828,6.696,6.707,163207.19
1678219200,6.709,6.895,6.667,6.885,352852.27
1678233600,6.886,6.949,6.853,6.879,167942.9
1678248000,6.882,6.914,6.771,6.791,137747.52
1678262400,6.791,6.843,6.756,6.8,124076.44
1678276800,6.798,6.817,6.598,6.715,349985.14
1678291200,6.718,6.733,6.571,6.611,168729.4
1678305600,6.609,6.705,6.5,6.576,484640.57000000007
1678320000,6.577,6.629,6.534,6.613,284011.64
1678334400,6.617,6.645,6.586,6.601,127225.02
1678348800,6.601,6.609,6.54,6.601,109754.02
1678363200,6.601,6.686,6.575,6.598,178445.97999999998
1678377600,6.601,6.627,6.262,6.297,633153.1699999999
1678392000,6.298,6.302,6.002,6.16,1148734.71
1678406400,6.16,6.2,6.048,6.166,394318.37
1678420800,6.164,6.202,6.106,6.173,184528.36000000002
1678435200,6.172,6.179,5.9,6.063,464871.07
1678449600,6.061,6.255,6.041,6.214,362393.55
1678464000,6.212,6.263,6.14,6.23,201529.30000000002
1678478400,6.231,6.283,6.148,6.239,353132.27
1678492800,6.239,6.469,6.219,6.288,544724.6599999999
1678507200,6.288,6.291,6.0,6.031,354632.94
1678521600,6.029,6.156,5.977,6.042,172977.02
1678536000,6.037,6.076,5.978,6.008,174063.58000000002
1678550400,6.007,6.167,5.975,6.161,178912.74
1678564800,6.165,6.22,6.148,6.213,137751.22
1678579200,6.212,6.232,6.162,6.211,111360.5
1678593600,6.213,6.26,6.168,6.197,131426.47999999998
1678608000,6.198,6.212,6.141,6.17,85636.25
1678622400,6.168,6.2,6.113,6.171,159235.09999999998
1678636800,6.17,6.433,6.162,6.341,473704.02
1678651200,6.338,6.625,6.332,6.605,575430.88
1678665600,6.604,6.75,6.584,6.607,629868.15
1678680000,6.608,6.696,6.598,6.67,197049.58000000002
1678694400,6.672,6.673,6.457,6.489,250424.47999999998
1678708800,6.49,6.97,6.403,6.789,932034.6100000001
1678723200,6.795,6.848,6.71,6.768,318632.94
1678737600,6.766,6.826,6.722,6.789,150584.44
1678752000,6.791,6.804,6.717,6.791,150820.09
1678766400,6.793,6.834,6.697,6.728,130203.51999999999
1678780800,6.731,6.779,6.65,6.709,246396.39
1678795200,6.711,7.237,6.672,7.176,985700.88
1678809600,7.176,7.186,6.844,7.023,934052.21
1678824000,7.016,7.04,6.773,6.984,300778.16
1678838400,6.984,7.09,6.902,7.073,348688.85
1678852800,7.074,7.145,7.044,7.114,159083.63
1678867200,7.115,7.116,6.723,6.842,351163.99
1678881600,6.843,6.937,6.57,6.599,501335.12
1678896000,6.6,6.609,6.404,6.576,830098.44
1678910400,6.577,6.662,6.516,6.571,433371.35
1678924800,6.573,6.629,6.466,6.591,173359.55
1678939200,6.589,6.659,6.519,6.639,122457.94
1678953600,6.64,6.68,6.56,6.652,120159.59
1678968000,6.652,6.655,6.485,6.637,294540.33999999997
1678982400,6.638,6.692,6.558,6.66,196714.34
1678996800,6.656,6.7,6.537,6.678,264185.06
1679011200,6.677,6.93,6.615,6.929,597291.85
1679025600,6.929,6.973,6.84,6.946,231806.56
1679040000,6.948,7.148,6.908,7.141,267328.53
1679054400,7.146,7.216,6.968,7.008,492823.79
1679068800,7.008,7.129,6.989,7.089,294150.69
1679083200,7.089,7.275,7.043,7.221,450664.01
1679097600,7.223,7.326,7.107,7.273,585307.42
1679112000,7.273,7.298,7.191,7.268,169986.55
1679126400,7.273,7.289,7.17,7.238,162315.24
1679140800,7.238,7.278,6.976,7.045,373028.95
1679155200,7.052,7.109,6.87,7.049,312563.62
1679169600,7.049,7.125,6.901,6.939,310023.92
1679184000,6.937,7.116,6.932,7.112,115305.98999999999
1679198400,7.105,7.124,6.988,7.069,91987.69
1679212800,7.068,7.141,7.024,7.126,128806.45999999999
1679227200,7.123,7.213,7.068,7.172,208951.49
1679241600,7.166,7.305,7.162,7.231,277551.54
1679256000,7.231,7.252,7.067,7.101,332971.65
1679270400,7.102,7.215,6.987,7.009,459144.11
1679284800,7.002,7.199,6.937,7.189,206190.11
1679299200,7.193,7.425,7.141,7.316,494495.78
1679313600,7.317,7.449,7.238,7.369,596496.51
1679328000,7.367,7.458,7.079,7.131,968291.22
1679342400,7.13,7.246,7.024,7.077,350293.3
1679356800,7.077,7.217,7.036,7.139,275193.04
1679371200,7.138,7.179,6.891,6.911,482399.69
1679385600,6.913,7.144,6.87,7.129,381214.31
1679400000,7.127,7.385,7.11,7.292,298782.31
1679414400,7.288,7.371,7.19,7.305,224471.69999999998
1679428800,7.306,7.484,7.293,7.4,550494.28
1679443200,7.403,7.521,7.298,7.488,520989.68
1679457600,7.492,7.608,7.428,7.499,384472.20999999996
1679472000,7.499,7.591,7.414,7.504,321037.21
1679486400,7.503,7.735,7.483,7.618,600962.92
1679500800,7.621,7.632,7.034,7.053,1071579.56
1679515200,7.06,7.205,7.019,7.196,497414.11
1679529600,7.187,7.222,7.109,7.156,239419.46
1679544000,7.15,7.305,7.142,7.305,147391.86000000002
1679558400,7.305,7.474,7.3,7.371,237217.74
1679572800,7.369,7.659,7.334,7.602,512079.81
1679587200,7.607,7.647,7.425,7.534,379007.20999999996
1679601600,7.533,7.646,7.497,7.623,441993.91
1679616000,7.622,7.67,7.521,7.525,174922.1
1679630400,7.524,7.549,7.461,7.486,103089.1
1679644800,7.487,7.487,7.219,7.248,433422.33999999997
1679659200,7.249,7.428,7.237,7.335,231698.3
1679673600,7.337,7.356,7.154,7.291,426712.76
1679688000,7.29,7.302,7.126,7.2,198613.1
1679702400,7.2,7.264,7.164,7.223,169887.6
1679716800,7.222,7.243,7.148,7.153,79223.31
1679731200,7.152,7.16,7.073,7.118,196107.3
1679745600,7.115,7.156,7.051,7.141,191442.01
1679760000,7.139,7.155,6.982,6.998,212755.84
1679774400,6.997,7.093,6.98,7.082,134425.66999999998
1679788800,7.083,7.174,7.058,7.136,116186.8
1679803200,7.133,7.194,7.123,7.145,87272.21
1679817600,7.146,7.254,7.138,7.232,73907.54999999999
1679832000,7.236,7.297,7.165,7.195,147609.02
1679846400,7.195,7.255,7.143,7.239,66262.05
1679860800,7.239,7.293,7.185,7.265,99476.05
1679875200,7.266,7.278,7.148,7.186,101869.70000000001
1679889600,7.182,7.199,7.114,7.136,72815.33
1679904000,7.135,7.21,7.116,7.179,58324.83
1679918400,7.181,7.204,6.756,6.888,511883.33999999997
1679932800,6.886,6.941,6.814,6.824,262856.06
1679947200,6.824,6.908,6.786,6.876,372480.19
1679961600,6.876,6.888,6.769,6.824,170397.81
1679976000,6.826,6.918,6.816,6.862,65265.2
1679990400,6.862,6.874,6.75,6.861,352535.3
1680004800,6.859,6.894,6.81,6.863,107532.4
1680019200,6.862,7.048,6.773,7.016,334881.83999999997
1680033600,7.026,7.032,6.897,6.954,140239.52
1680048000,6.953,7.002,6.928,6.991,194887.28
1680062400,6.989,7.18,6.986,7.171,191596.38
1680076800,7.176,7.339,7.161,7.291,231506.88
1680091200,7.299,7.38,7.23,7.361,407947.18
1680105600,7.361,7.385,7.281,7.367,187841.96000000002
1680120000,7.365,7.496,7.338,7.383,235959.4
1680134400,7.391,7.557,7.27,7.399,350705.20999999996
1680148800,7.401,7.527,7.373,7.381,223949.7
1680163200,7.382,7.416,7.285,7.387,89737.13
1680177600,7.387,7.396,7.239,7.265,258407.0
1680192000,7.266,7.27,7.134,7.23,211655.86000000002
1680206400,7.231,7.28,7.186,7.232,118221.17
1680220800,7.234,7.39,7.227,7.386,175878.56
1680235200,7.386,7.531,7.302,7.518,198318.91
1680249600,7.527,7.587,7.4,7.485,180415.8
1680264000,7.488,7.674,7.468,7.583,382240.02999999997
1680278400,7.584,7.643,7.52,7.608,326452.36
1680292800,7.614,7.666,7.585,7.591,187980.01
1680307200,7.592,7.637,7.546,7.577,144036.63
1680321600,7.577,7.606,7.486,7.568,121873.81
1680336000,7.57,7.601,7.518,7.529,116924.81
1680350400,7.522,7.555,7.457,7.497,163773.76
1680364800,7.497,7.528,7.439,7.5,109502.25
1680379200,7.5,7.565,7.498,7.551,138051.82
1680393600,7.551,7.551,7.449,7.508,112025.8
1680408000,7.507,7.529,7.482,7.513,45246.71
1680422400,7.513,7.521,7.43,7.444,72475.41
1680436800,7.444,7.448,7.276,7.331,240579.61
1680451200,7.326,7.379,7.21,7.234,110633.85
1680465600,7.236,7.293,7.198,7.26,157831.74
1680480000,7.262,7.275,7.075,7.148,196586.28
1680494400,7.147,7.257,7.12,7.257,82103.73
1680508800,7.258,7.384,7.254,7.302,230793.43
1680523200,7.304,7.377,7.219,7.282,230600.88
1680537600,7.282,7.441,7.213,7.364,308232.05
1680552000,7.364,7.377,7.031,7.244,559158.12
1680566400,7.247,7.309,7.202,7.255,191553.07
1680580800,7.26,7.351,7.234,7.259,199188.66999999998
1680595200,7.263,7.432,7.244,7.402,171808.0
1680609600,7.404,7.426,7.321,7.364,239041.19999999998
1680624000,7.364,7.437,7.338,7.419,165939.72
1680638400,7.422,7.48,7.349,7.372,167408.26
1680652800,7.373,7.604,7.336,7.597,368527.68
1680667200,7.604,7.611,7.534,7.555,84368.91
1680681600,7.554,7.568,7.451,7.473,162336.46
1680696000,7.474,7.505,7.217,7.3,499286.5
1680710400,7.3,7.346,7.25,7.32,191020.96
1680724800,7.328,7.357,7.294,7.322,95036.95000000001
1680739200,7.324,7.337,7.206,7.312,127665.58
1680753600,7.312,7.312,7.244,7.248,112917.42
1680768000,7.248,7.296,7.165,7.242,128349.66
1680782400,7.239,7.291,7.168,7.276,150281.88999999998
1680796800,7.277,7.287,7.152,7.204,153583.93
1680811200,7.203,7.213,7.12,7.207,137536.78999999998
1680825600,7.204,7.233,7.16,7.186,60055.85
1680840000,7.186,7.22,7.112,7.135,117213.52
1680854400,7.136,7.19,7.113,7.145,86864.26
1680868800,7.144,7.238,7.134,7.234,122534.51999999999
1680883200,7.236,7.251,7.211,7.238,82035.37
1680897600,7.236,7.314,7.208,7.273,107605.65
1680912000,7.274,7.296,7.219,7.271,79000.23
1680926400,7.272,7.299,7.25,7.251,44915.67
1680940800,7.254,7.268,7.212,7.216,48635.39
1680955200,7.215,7.248,7.189,7.226,41983.39
1680969600,7.226,7.23,7.112,7.125,93498.48000000001
1680984000,7.125,7.161,7.094,7.136,117384.11
1680998400,7.135,7.194,7.13,7.164,43405.8
1681012800,7.164,7.181,7.073,7.132,174972.84
1681027200,7.13,7.132,7.08,7.113,103456.42
1681041600,7.112,7.133,7.054,7.112,90699.92
1681056000,7.11,7.217,7.095,7.205,74169.4
1681070400,7.207,7.26,7.185,7.203,87292.9
1681084800,7.205,7.226,7.137,7.182,92756.54000000001
1681099200,7.184,7.236,7.168,7.233,29895.57
1681113600,7.234,7.249,7.212,7.212,83169.12
1681128000,7.21,7.24,7.155,7.215,76460.01
1681142400,7.211,7.36,7.186,7.29,376239.63999999996
1681156800,7.297,7.381,7.248,7.348,233854.84999999998
1681171200,7.348,7.424,7.32,7.346,291286.16
1681185600,7.345,7.434,7.335,7.429,128487.70999999999
1681200000,7.428,7.456,7.381,7.396,107274.95000000001
1681214400,7.393,7.43,7.348,7.391,215355.94999999998
1681228800,7.39,7.405,7.31,7.333,248285.74
1681243200,7.327,7.345,7.284,7.307,93883.29000000001
1681257600,7.307,7.334,7.109,7.139,329924.8
1681272000,7.141,7.219,7.13,7.191,89783.09
1681286400,7.192,7.197,7.165,7.185,56024.74
1681300800,7.186,7.376,7.146,7.293,568274.4
1681315200,7.297,7.31,7.149,7.191,230598.16999999998
1681329600,7.193,7.265,7.185,7.235,127504.1
1681344000,7.236,7.25,7.176,7.228,171692.03
1681358400,7.233,7.264,7.22,7.26,53568.909999999996
1681372800,7.261,7.427,7.261,7.374,286682.07
1681387200,7.376,7.479,7.376,7.413,422280.75
1681401600,7.414,7.552,7.414,7.468,339062.43
1681416000,7.466,7.478,7.423,7.466,131427.2
1681430400,7.466,7.767,7.465,7.716,666424.04
1681444800,7.72,7.91,7.709,7.773,629382.08
1681459200,7.771,7.852,7.766,7.817,445380.9
1681473600,7.817,7.831,7.554,7.557,886444.62
1681488000,7.553,7.765,7.537,7.765,435487.96
1681502400,7.764,7.82,7.73,7.749,302174.55
1681516800,7.748,7.76,7.621,7.65,233205.43
1681531200,7.65,7.718,7.627,7.71,145814.66
1681545600,7.709,7.872,7.687,7.824,415712.79
1681560000,7.826,8.014,7.781,7.971,585034.1799999999
1681574400,7.974,8.092,7.929,7.988,523149.91000000003
1681588800,7.988,8.052,7.938,8.015,188546.36
1681603200,8.014,8.172,7.972,8.014,581151.78
1681617600,8.014,8.112,8.0,8.089,167739.1
1681632000,8.091,8.111,7.955,7.964,143188.95
1681646400,7.964,8.012,7.911,7.963,209541.02
1681660800,7.965,8.141,7.945,8.046,279939.45
1681675200,8.049,8.198,7.989,8.146,314723.46
1681689600,8.144,8.275,7.867,8.217,1011885.8200000001
1681704000,8.218,8.301,8.106,8.11,456871.19
1681718400,8.11,8.176,7.937,7.985,354861.2
1681732800,7.984,8.191,7.984,8.06,786642.95
1681747200,8.058,8.26,8.05,8.242,378755.37
1681761600,8.243,8.28,8.136,8.165,329425.29000000004
1681776000,8.165,8.175,8.031,8.081,447819.01
1681790400,8.082,8.462,8.067,8.429,505908.73
1681804800,8.432,8.766,8.41,8.716,568211.25
1681819200,8.717,8.8,8.57,8.726,600739.64
1681833600,8.726,8.733,8.522,8.547,411886.35
1681848000,8.548,8.634,8.526,8.586,294737.07
1681862400,8.583,8.602,8.479,8.568,294352.49
1681876800,8.568,8.591,8.388,8.4,357931.27
1681891200,8.398,8.407,7.915,8.059,1471562.31
1681905600,8.056,8.13,7.963,8.036,723626.0700000001
1681920000,8.037,8.093,7.9,7.966,485619.55
1681934400,7.963,7.993,7.65,7.756,723460.29
1681948800,7.753,7.888,7.684,7.823,451120.79
1681963200,7.827,7.89,7.777,7.78,224843.76
1681977600,7.78,7.9,7.727,7.748,319894.76
1681992000,7.749,7.97,7.712,7.739,493670.48
1682006400,7.732,7.738,7.431,7.524,1187949.7
1682020800,7.523,7.618,7.468,7.517,208983.44
1682035200,7.513,7.606,7.469,7.563,216677.66
1682049600,7.565,7.574,7.385,7.539,231426.4
1682064000,7.538,7.574,7.396,7.422,205282.07
1682078400,7.417,7.478,7.332,7.378,416281.56000000006
1682092800,7.38,7.4,7.066,7.075,899980.81
1682107200,7.074,7.13,7.012,7.111,532004.27
1682121600,7.112,7.183,7.08,7.175,126900.95
1682136000,7.171,7.171,7.081,7.089,50833.65
1682150400,7.092,7.169,7.088,7.156,57173.91
1682164800,7.157,7.219,7.108,7.175,85111.56999999999
1682179200,7.175,7.241,7.13,7.153,215750.59
1682193600,7.151,7.202,7.104,7.178,110436.27
1682208000,7.178,7.178,7.005,7.115,168620.78
1682222400,7.113,7.138,7.083,7.132,42139.16
1682236800,7.133,7.14,7.065,7.118,44894.38
1682251200,7.12,7.135,6.94,6.991,233514.25999999998
1682265600,6.994,7.075,6.878,6.952,222306.75
1682280000,6.948,7.09,6.934,7.083,122267.15
1682294400,7.081,7.222,7.047,7.148,89546.43
1682308800,7.155,7.155,7.026,7.101,72181.70999999999
1682323200,7.1,7.219,7.046,7.216,183500.66
1682337600,7.219,7.265,7.081,7.091,120531.17
1682352000,7.087,7.164,6.995,7.078,168849.18
1682366400,7.074,7.112,7.048,7.072,68281.1
1682380800,7.072,7.099,6.967,6.988,105072.65
1682395200,6.987,7.07,6.975,6.99,68720.22
1682409600,6.99,7.071,6.952,7.052,64685.37
1682424000,7.054,7.11,7.0,7.016,144380.90000000002
1682438400,7.009,7.15,6.996,7.085,161760.99
1682452800,7.083,7.301,7.078,7.274,228235.01
1682467200,7.277,7.337,7.196,7.22,115376.02
1682481600,7.22,7.299,7.219,7.251,65605.06999999999
1682496000,7.249,7.422,7.244,7.387,154856.62
1682510400,7.39,7.509,7.369,7.441,369098.94
1682524800,7.442,7.451,6.87,6.893,473493.11
1682539200,6.893,7.099,6.8,7.009,787898.43
1682553600,7.009,7.222,6.99,7.05,358476.06
1682568000,7.051,7.134,6.977,7.057,145729.28
1682582400,7.057,7.1,7.019,7.06,84940.59
1682596800,7.059,7.17,6.987,7.13,242682.34
1682611200,7.13,7.231,7.092,7.201,210403.41
1682625600,7.202,7.232,7.112,7.173,124774.15
1682640000,7.172,7.18,7.097,7.115,80476.54
1682654400,7.119,7.193,7.112,7.185,45030.47
1682668800,7.186,7.186,7.043,7.044,199982.06
1682683200,7.044,7.099,6.96,7.025,426682.9
1682697600,7.025,7.071,6.997,7.047,64690.65
1682712000,7.047,7.074,7.034,7.042,95286.51
1682726400,7.046,7.074,6.999,7.059,59342.2
1682740800,7.06,7.103,7.056,7.097,43848.14
1682755200,7.098,7.153,7.06,7.148,54438.94
1682769600,7.148,7.224,7.132,7.19,132887.6
1682784000,7.19,7.204,7.08,7.2,124736.39
1682798400,7.199,7.215,7.153,7.191,117632.61
1682812800,7.191,7.209,7.12,7.147,71190.36
1682827200,7.148,7.217,7.141,7.178,36006.52
1682841600,7.179,7.266,7.158,7.22,120919.8
1682856000,7.218,7.307,7.184,7.245,155085.69
1682870400,7.248,7.297,7.1,7.138,189643.57
1682884800,7.127,7.127,7.021,7.029,203483.68
1682899200,7.028,7.088,6.869,7.013,338415.06
1682913600,7.004,7.032,6.951,6.996,123871.15
1682928000,6.999,7.015,6.963,6.963,24846.93
1682942400,6.961,6.984,6.876,6.913,212902.07
1682956800,6.914,6.954,6.8,6.822,272650.54000000004
1682971200,6.817,6.911,6.804,6.896,175815.96
1682985600,6.898,6.911,6.852,6.899,60354.66
1683000000,6.895,6.937,6.874,6.924,33019.100000000006
1683014400,6.925,6.933,6.86,6.892,32599.82
1683028800,6.894,6.96,6.802,6.909,169067.07
1683043200,6.91,7.018,6.879,7.004,125701.52
1683057600,7.005,7.012,6.971,6.988,102906.4
1683072000,6.991,6.993,6.894,6.981,68347.45
1683086400,6.977,7.006,6.948,6.98,53518.64
1683100800,6.978,6.992,6.908,6.908,38563.869999999995
1683115200,6.91,6.921,6.821,6.871,291934.08
1683129600,6.87,7.087,6.855,6.997,318588.89999999997
1683144000,6.994,7.155,6.986,7.128,171562.05
1683158400,7.132,7.163,7.096,7.114,102915.59
1683172800,7.119,7.143,7.068,7.07,36683.7
1683187200,7.067,7.122,7.05,7.069,113514.45
1683201600,7.068,7.081,6.992,7.035,97551.15000000001
1683216000,7.035,7.049,6.964,6.985,117710.35
1683230400,6.986,7.004,6.964,7.004,56515.670000000006
1683244800,7.004,7.117,6.992,7.07,126990.45
1683259200,7.069,7.098,7.044,7.053,70625.08
1683273600,7.053,7.069,7.025,7.052,46557.35
1683288000,7.053,7.161,6.9,7.15,350809.68
1683302400,7.15,7.28,7.148,7.255,460647.21
1683316800,7.259,7.288,7.225,7.235,112862.5
1683331200,7.235,7.29,7.156,7.167,158255.45
1683345600,7.166,7.191,7.107,7.115,53909.37
1683360000,7.116,7.116,7.038,7.096,105217.61
1683374400,7.095,7.097,6.878,6.921,256688.88
1683388800,6.918,7.012,6.902,6.978,160227.72
1683403200,6.978,6.994,6.918,6.932,107593.1
1683417600,6.932,6.988,6.885,6.901,103157.65
1683432000,6.902,6.94,6.9,6.933,34220.46
1683446400,6.933,6.96,6.91,6.939,43271.979999999996
1683460800,6.94,6.999,6.937,6.945,50101.31
1683475200,6.949,6.97,6.908,6.926,53513.399999999994
1683489600,6.927,6.981,6.87,6.915,213260.5
1683504000,6.914,6.92,6.603,6.745,596811.6799999999
1683518400,6.737,6.756,6.604,6.638,150051.87
1683532800,6.637,6.747,6.623,6.731,79337.17
1683547200,6.732,6.776,6.67,6.727,119782.45000000001
1683561600,6.725,6.735,6.418,6.542,480367.32
1683576000,6.54,6.614,6.537,6.587,131873.67
1683590400,6.591,6.639,6.549,6.554,99296.7
1683604800,6.55,6.602,6.527,6.601,58834.409999999996
1683619200,6.6,6.602,6.536,6.58,32200.489999999998
1683633600,6.581,6.604,6.463,6.478,200596.93
1683648000,6.481,6.561,6.456,6.522,128452.33
1683662400,6.529,6.549,6.484,6.528,63069.45
1683676800,6.528,6.562,6.499,6.513,117553.25
1683691200,6.51,6.54,6.489,6.505,82479.95
1683705600,6.503,6.556,6.466,6.54,174422.91
1683720000,6.543,6.702,6.513,6.614,379887.18
1683734400,6.624,6.642,6.306,6.583,557074.37
1683748800,6.578,6.646,6.558,6.592,303350.53
1683763200,6.592,6.595,6.502,6.515,54975.55
1683777600,6.51,6.551,6.488,6.508,53231.18
1683792000,6.51,6.51,6.431,6.459,93849.65
1683806400,6.461,6.519,6.286,6.379,476581.57
1683820800,6.379,6.39,6.219,6.317,199661.91999999998
1683835200,6.316,6.386,6.309,6.367,73248.69
1683849600,6.363,6.399,6.254,6.263,69265.56
1683864000,6.264,6.389,6.228,6.378,255854.8
1683878400,6.378,6.459,6.372,6.412,130078.87
1683892800,6.413,6.486,6.391,6.402,167181.26
1683907200,6.404,6.495,6.326,6.485,157117.63999999998
1683921600,6.478,6.641,6.462,6.624,230723.16999999998
1683936000,6.629,6.639,6.561,6.599,131420.12
1683950400,6.601,6.614,6.572,6.604,32177.59
1683964800,6.605,6.614,6.555,6.557,37243.03
1683979200,6.557,6.586,6.503,6.539,32587.15
1683993600,6.539,6.551,6.479,6.511,90080.45
1684008000,6.512,6.531,6.488,6.494,59552.78
1684022400,6.497,6.531,6.445,6.514,58929.0
1684036800,6.513,6.553,6.507,6.534,78077.01999999999
1684051200,6.532,6.546,6.52,6.536,20440.96
1684065600,6.538,6.613,6.514,6.596,63958.31
1684080000,6.595,6.606,6.495,6.507,58100.77
1684094400,6.501,6.553,6.489,6.55,51669.27
1684108800,6.552,6.65,6.459,6.634,139459.11000000002
1684123200,6.636,6.71,6.614,6.681,102209.12
1684137600,6.684,6.705,6.636,6.639,32949.84
1684152000,6.637,6.672,6.591,6.664,150570.93
1684166400,6.663,6.707,6.631,6.683,177167.9
1684180800,6.685,6.685,6.615,6.638,91359.07999999999
1684195200,6.637,6.672,6.553,6.626,118138.85
1684209600,6.628,6.708,6.615,6.693,68999.32
1684224000,6.694,6.728,6.652,6.653,53837.909999999996
1684238400,6.659,6.678,6.57,6.654,202872.45
1684252800,6.655,6.691,6.617,6.622,91076.31999999999
1684267200,6.617,6.67,6.597,6.657,90530.36
1684281600,6.659,6.734,6.627,6.694,198011.48
1684296000,6.695,6.727,6.581,6.59,145549.97
1684310400,6.587,6.612,6.55,6.561,89096.86
1684324800,6.555,6.638,6.555,6.596,208299.21
1684339200,6.597,6.805,6.575,6.779,205159.58000000002
1684353600,6.784,6.808,6.718,6.757,148760.26
1684368000,6.76,6.767,6.723,6.755,102036.92
1684382400,6.756,6.758,6.681,6.73,183553.91999999998
1684396800,6.73,6.738,6.679,6.695,128183.42000000001
1684411200,6.694,6.7,6.61,6.64,174915.88
1684425600,6.638,6.656,6.423,6.5,535090.28
1684440000,6.493,6.564,6.461,6.53,105276.43
1684454400,6.531,6.534,6.486,6.503,69235.64
1684468800,6.504,6.535,6.477,6.515,48178.53999999999
1684483200,6.526,6.537,6.493,6.51,37673.47
1684497600,6.509,6.56,6.461,6.515,110490.98000000001
1684512000,6.514,6.531,6.464,6.495,101153.75
1684526400,6.495,6.524,6.487,6.513,53825.95
1684540800,6.514,6.521,6.475,6.502,45317.7
1684555200,6.504,6.504,6.476,6.488,26696.51
1684569600,6.489,6.504,6.487,6.493,21091.0
1684584000,6.495,6.511,6.489,6.503,20805.2
1684598400,6.504,6.547,6.49,6.504,40770.82
1684612800,6.503,6.517,6.481,6.505,28555.239999999998
1684627200,6.507,6.546,6.501,6.514,31533.6
1684641600,6.513,6.528,6.507,6.51,15403.09
1684656000,6.508,6.51,6.437,6.464,33896.91
1684670400,6.463,6.499,6.361,6.424,93250.44
1684684800,6.424,6.442,6.392,6.426,67448.2
1684699200,6.428,6.443,6.366,6.431,61975.87
1684713600,6.432,6.482,6.338,6.469,215975.21999999997
1684728000,6.469,6.478,6.436,6.472,79716.88
1684742400,6.474,6.607,6.471,6.528,150082.38999999998
1684756800,6.53,6.587,6.499,6.51,116275.67
1684771200,6.511,6.543,6.493,6.51,119962.70999999999
1684785600,6.513,6.542,6.504,6.533,35802.07
1684800000,6.533,6.636,6.507,6.627,136190.21000000002
1684814400,6.633,6.634,6.54,6.55,96537.81
1684828800,6.549,6.564,6.52,6.539,37586.28
1684843200,6.538,6.562,6.518,6.55,68696.75
1684857600,6.549,6.549,6.475,6.512,120069.79000000001
1684872000,6.51,6.53,6.495,6.507,60353.0
1684886400,6.507,6.51,6.363,6.397,89171.78
1684900800,6.396,6.396,6.319,6.337,119139.26
1684915200,6.337,6.375,6.328,6.341,61829.07
1684929600,6.338,6.351,6.206,6.267,368340.62
1684944000,6.266,6.34,6.245,6.322,148810.24
1684958400,6.323,6.362,6.313,6.321,161863.96
1684972800,6.321,6.337,6.166,6.273,206716.74
1684987200,6.273,6.304,6.265,6.292,79474.76000000001
1685001600,6.292,6.315,6.28,6.305,51919.25
1685016000,6.306,6.346,6.241,6.246,161048.14
1685030400,6.245,6.33,6.238,6.308,108657.05
1685044800,6.309,6.314,6.266,6.278,65554.69
1685059200,6.278,6.294,6.236,6.288,141482.41999999998
1685073600,6.29,6.319,6.261,6.311,48595.07
1685088000,6.31,6.338,6.292,6.313,51716.77
1685102400,6.312,6.406,6.275,6.355,218732.38
1685116800,6.355,6.383,6.316,6.375,138504.71
1685131200,6.376,6.384,6.344,6.345,56757.23
1685145600,6.346,6.374,6.339,6.361,35758.65
1685160000,6.362,6.381,6.345,6.359,72372.09
1685174400,6.354,6.376,6.345,6.374,31562.46
1685188800,6.374,6.4,6.331,6.4,77865.07
1685203200,6.399,6.424,6.379,6.423,70608.66
1685217600,6.421,6.443,6.412,6.441,75104.95
1685232000,6.439,6.594,6.421,6.528,297420.45999999996
1685246400,6.53,6.544,6.495,6.498,56834.97
1685260800,6.5,6.518,6.464,6.48,85408.26999999999
1685275200,6.482,6.514,6.473,6.51,49666.87
1685289600,6.509,6.561,6.494,6.544,92307.76
1685304000,6.545,6.66,6.523,6.635,272936.61000000004
1685318400,6.637,6.678,6.59,6.597,196540.35
1685332800,6.6,6.626,6.566,6.606,118978.4
1685347200,6.606,6.629,6.582,6.623,49540.240000000005
1685361600,6.622,6.63,6.547,6.564,99060.43
1685376000,6.564,6.618,6.529,6.59,180435.19
1685390400,6.588,6.679,6.588,6.641,148791.06
1685404800,6.641,6.674,6.616,6.618,144563.57
1685419200,6.62,6.626,6.537,6.542,117883.28
1685433600,6.543,6.64,6.54,6.633,102522.28
1685448000,6.634,6.64,6.537,6.578,123298.76000000001
1685462400,6.579,6.634,6.541,6.629,182646.45
1685476800,6.631,6.658,6.607,6.614,224553.53
1685491200,6.613,6.637,6.552,6.607,190096.75
1685505600,6.607,6.612,6.433,6.487,323912.57999999996
1685520000,6.487,6.514,6.46,6.46,118090.91
1685534400,6.459,6.497,6.401,6.445,165309.41999999998
1685548800,6.449,6.48,6.435,6.457,104561.09
1685563200,6.456,6.491,6.435,6.481,55729.9
1685577600,6.481,6.513,6.377,6.434,231651.82
1685592000,6.434,6.459,6.407,6.41,161900.56
1685606400,6.407,6.442,6.396,6.4,65675.24
1685620800,6.403,6.426,6.387,6.411,125745.67
1685635200,6.412,6.456,6.333,6.387,149079.07
1685649600,6.388,6.402,6.319,6.348,89948.39
1685664000,6.347,6.449,6.31,6.448,76965.15
1685678400,6.448,6.483,6.42,6.422,66977.47
1685692800,6.423,6.445,6.395,6.42,78068.85
1685707200,6.421,6.427,6.349,6.394,186077.63
1685721600,6.391,6.457,6.368,6.456,142626.24
1685736000,6.459,6.469,6.421,6.454,72660.53
1685750400,6.452,6.462,6.402,6.417,46949.619999999995
1685764800,6.416,6.445,6.412,6.433,51963.35
1685779200,6.435,6.444,6.414,6.44,30615.449999999997
1685793600,6.44,6.45,6.411,6.439,61982.99
1685808000,6.44,6.448,6.362,6.389,148775.08
1685822400,6.386,6.426,6.37,6.425,44052.34
1685836800,6.424,6.47,6.395,6.456,81485.33
1685851200,6.456,6.496,6.435,6.485,53619.770000000004
1685865600,6.484,6.512,6.484,6.498,67079.79000000001
1685880000,6.495,6.539,6.473,6.502,164582.58
1685894400,6.503,6.527,6.478,6.522,61276.69
1685908800,6.52,6.531,6.446,6.451,98770.75
1685923200,6.451,6.493,6.355,6.365,152344.93
1685937600,6.358,6.401,6.351,6.401,78430.16
1685952000,6.401,6.411,6.364,6.377,30815.27
1685966400,6.377,6.383,6.092,6.098,347695.79
1685980800,6.101,6.369,5.99,6.056,805109.9299999999
1685995200,6.055,6.071,6.013,6.058,226686.35
1686009600,6.059,6.087,6.007,6.051,147588.82
1686024000,6.05,6.098,6.048,6.089,75628.43
1686038400,6.089,6.135,6.086,6.116,250570.19999999998
1686052800,6.116,6.232,6.033,6.231,628668.7
1686067200,6.231,6.305,6.204,6.294,666196.96
1686081600,6.298,6.31,6.208,6.263,613442.47
1686096000,6.264,6.27,6.17,6.182,162265.03999999998
1686110400,6.182,6.227,6.175,6.18,71985.20999999999
1686124800,6.18,6.189,6.065,6.101,725017.97
1686139200,6.104,6.106,5.943,5.986,672309.24
1686153600,5.984,5.994,5.911,5.935,690575.2
1686168000,5.937,5.939,5.832,5.919,287338.02
1686182400,5.919,5.972,5.886,5.909,184008.28000000003
1686196800,5.914,5.983,5.908,5.971,113746.69
1686211200,5.972,6.014,5.961,5.992,137278.98
1686225600,5.992,6.034,5.969,6.023,222395.04
1686240000,6.023,6.024,5.947,6.02,158074.96
1686254400,6.02,6.037,5.982,5.996,91878.3
1686268800,5.997,6.006,5.916,5.977,181622.53999999998
1686283200,5.976,5.985,5.932,5.944,92652.31
1686297600,5.94,6.014,5.93,6.004,102502.33
1686312000,6.005,6.082,5.983,5.989,186125.89
1686326400,5.988,6.023,5.932,5.933,205129.66999999998
1686340800,5.933,6.001,5.924,5.992,134698.65
1686355200,5.991,6.008,5.754,5.773,615060.98
1686369600,5.774,5.794,5.0,5.119,1558168.67
1686384000,5.119,5.154,4.971,5.073,498780.91000000003
1686398400,5.074,5.097,4.977,5.03,762236.49
1686412800,5.029,5.2,4.926,5.166,857769.72
1686427200,5.171,5.306,5.145,5.24,593324.78
1686441600,5.238,5.245,5.173,5.197,186830.15
1686456000,5.197,5.213,5.15,5.159,216081.47
1686470400,5.162,5.208,5.138,5.182,198748.9
1686484800,5.183,5.198,5.093,5.104,281835.38
1686499200,5.103,5.233,5.1,5.205,323517.81
1686513600,5.202,5.256,5.11,5.176,257431.65000000002
1686528000,5.176,5.191,5.005,5.071,425848.57
1686542400,5.071,5.129,5.065,5.077,152870.96
1686556800,5.077,5.191,5.066,5.137,239052.31999999998
1686571200,5.137,5.175,5.104,5.108,225491.12
1686585600,5.109,5.2,5.082,5.145,547636.7000000001
1686600000,5.145,5.196,5.137,5.16,171522.51
1686614400,5.159,5.235,5.11,5.212,308992.61
1686628800,5.21,5.264,5.16,5.242,170875.43
1686643200,5.241,5.333,5.219,5.315,154276.21
1686657600,5.314,5.411,5.176,5.186,585522.36
1686672000,5.184,5.271,5.181,5.256,160427.71000000002
1686686400,5.256,5.306,5.239,5.3,136169.78999999998
1686700800,5.299,5.394,5.286,5.393,206991.48
1686715200,5.393,5.411,5.357,5.372,177663.92
1686729600,5.372,5.417,5.363,5.396,100856.52
1686744000,5.397,5.417,5.349,5.392,260874.04
1686758400,5.391,5.507,5.34,5.447,439576.12
1686772800,5.445,5.447,5.142,5.249,890526.04
1686787200,5.25,5.34,5.238,5.305,201401.64
1686801600,5.302,5.322,5.22,5.247,155507.01
1686816000,5.245,5.297,5.172,5.269,232794.35
1686830400,5.268,5.286,5.216,5.225,328256.43
1686844800,5.225,5.349,5.157,5.345,347730.35
1686859200,5.346,5.414,5.279,5.305,288744.65
1686873600,5.305,5.306,5.248,5.291,172012.41
1686888000,5.291,5.301,5.255,5.26,78603.29000000001
1686902400,5.26,5.29,5.176,5.187,259912.52999999997
1686916800,5.188,5.265,5.137,5.262,304240.97
1686931200,5.262,5.395,5.223,5.372,283214.56
1686945600,5.373,5.373,5.309,5.322,106050.09
1686960000,5.322,5.327,5.259,5.264,129964.57
1686974400,5.267,5.39,5.219,5.346,237212.85
1686988800,5.346,5.386,5.333,5.353,98601.1
1687003200,5.354,5.369,5.3,5.311,136992.01
1687017600,5.311,5.329,5.277,5.282,68498.25
1687032000,5.284,5.301,5.256,5.281,73290.1
1687046400,5.277,5.277,5.212,5.252,126686.6
1687060800,5.252,5.282,5.22,5.243,112171.26000000001
1687075200,5.246,5.279,5.223,5.246,60637.76
1687089600,5.246,5.264,5.217,5.258,113305.94
1687104000,5.258,5.3,5.246,5.295,211354.44
1687118400,5.295,5.3,5.125,5.155,431155.89
1687132800,5.154,5.178,5.094,5.155,149993.09
1687147200,5.154,5.177,5.137,5.145,75273.45999999999
1687161600,5.145,5.145,5.064,5.101,162713.51
1687176000,5.101,5.129,5.026,5.068,197156.11000000002
1687190400,5.067,5.19,4.996,5.095,413896.1
1687204800,5.095,5.133,5.086,5.133,122394.16
1687219200,5.132,5.177,5.11,5.13,164836.03
1687233600,5.128,5.13,5.055,5.098,240617.97
1687248000,5.094,5.096,5.038,5.086,111629.87
1687262400,5.088,5.1,5.0,5.082,270612.85
1687276800,5.083,5.22,5.07,5.217,325806.16000000003
1687291200,5.222,5.282,5.204,5.268,286664.71
1687305600,5.269,5.398,5.244,5.327,454252.55
1687320000,5.328,5.39,5.31,5.36,167862.28
1687334400,5.354,5.381,5.326,5.369,310513.57999999996
1687348800,5.372,5.479,5.337,5.44,578034.57
1687363200,5.443,5.571,5.433,5.516,317477.4
1687377600,5.52,5.588,5.488,5.556,233083.9
1687392000,5.56,5.826,5.536,5.781,400050.13
1687406400,5.783,5.787,5.673,5.754,578533.6599999999
1687420800,5.754,5.78,5.583,5.624,379721.42
1687435200,5.623,5.72,5.508,5.556,643078.58
1687449600,5.559,5.701,5.532,5.629,542720.3200000001
1687464000,5.63,5.644,5.537,5.561,177682.44
1687478400,5.562,5.644,5.553,5.644,105882.33
1687492800,5.643,5.838,5.636,5.836,218356.15
1687507200,5.834,5.921,5.821,5.86,180277.91999999998
1687521600,5.858,6.041,5.771,6.014,623721.55
1687536000,6.013,6.157,5.946,6.081,664639.92
1687550400,6.081,6.142,6.006,6.074,264707.8
1687564800,6.073,6.113,5.988,6.083,218957.6
1687579200,6.089,6.106,6.014,6.016,79027.73999999999
1687593600,6.024,6.198,6.017,6.135,105026.11
1687608000,6.141,6.175,5.926,6.025,211208.69
1687622400,6.02,6.096,5.959,6.085,147281.87
1687636800,6.092,6.156,6.01,6.138,164559.29
1687651200,6.138,6.236,6.11,6.231,211894.05
1687665600,6.233,6.339,6.173,6.295,255035.64
1687680000,6.289,6.378,6.274,6.319,191478.26
1687694400,6.32,6.321,6.17,6.201,235391.85
1687708800,6.199,6.232,6.083,6.119,136266.5
1687723200,6.12,6.163,6.062,6.162,136045.9
1687737600,6.162,6.166,6.033,6.13,150993.36
1687752000,6.133,6.256,6.079,6.184,118889.11
1687766400,6.185,6.222,6.144,6.154,133006.59
1687780800,6.154,6.259,6.133,6.235,155359.98
1687795200,6.235,6.235,6.02,6.098,274886.26
1687809600,6.095,6.108,6.007,6.058,149915.28
1687824000,6.06,6.207,6.047,6.19,176441.08000000002
1687838400,6.192,6.249,6.119,6.241,157742.78999999998
1687852800,6.242,6.253,6.164,6.231,109988.11
1687867200,6.233,6.263,6.084,6.13,393587.0
1687881600,6.126,6.251,6.114,6.232,198793.95
1687896000,6.229,6.24,6.17,6.198,134515.56
1687910400,6.198,6.205,6.065,6.108,182642.79
1687924800,6.101,6.133,5.967,5.975,176636.06
1687939200,5.975,6.062,5.953,5.995,110956.95
1687953600,5.998,6.063,5.943,6.021,212958.01
1687968000,6.023,6.032,5.716,5.823,344143.97
1687982400,5.82,5.876,5.782,5.813,183921.5
1687996800,5.816,5.883,5.788,5.829,125375.59000000001
1688011200,5.829,5.892,5.819,5.88,65650.41
1688025600,5.878,6.146,5.858,6.136,273987.6
1688040000,6.13,6.184,5.954,5.961,366448.77999999997
1688054400,5.962,6.009,5.9,5.944,281354.35
1688068800,5.943,5.945,5.866,5.891,137915.09
1688083200,5.892,6.121,5.841,6.096,284145.31999999995
1688097600,6.099,6.213,6.058,6.147,260130.87
1688112000,6.152,6.247,6.131,6.232,326637.02999999997
1688126400,6.233,6.295,5.889,6.081,920355.21
1688140800,6.077,6.447,6.036,6.309,622368.03
1688155200,6.313,6.338,6.226,6.311,338795.01999999996
1688169600,6.311,6.357,6.189,6.212,199700.39
1688184000,6.214,6.274,6.119,6.241,180686.78999999998
1688198400,6.247,6.26,6.171,6.22,166653.4
1688212800,6.224,6.35,6.213,6.339,247965.22
1688227200,6.34,6.463,6.282,6.424,209618.99
1688241600,6.425,6.521,6.415,6.505,311115.56
1688256000,6.504,6.507,6.366,6.376,286695.32
1688270400,6.38,6.484,6.36,6.409,130700.45
1688284800,6.41,6.506,6.376,6.486,90116.54000000001
1688299200,6.488,6.548,6.377,6.469,229196.84
1688313600,6.465,6.465,6.337,6.455,181395.72
1688328000,6.454,6.562,6.407,6.544,241434.38
1688342400,6.54,6.63,6.471,6.582,183747.44
1688356800,6.588,6.633,6.543,6.632,146689.27
1688371200,6.632,6.658,6.576,6.653,153126.16
1688385600,6.649,6.679,6.573,6.639,269702.3
1688400000,6.635,6.695,6.562,6.665,234647.44
1688414400,6.665,6.67,6.567,6.628,130086.5
1688428800,6.626,6.628,6.548,6.612,97670.57
1688443200,6.615,6.616,6.469,6.47,141719.21
1688457600,6.468,6.534,6.437,6.526,83217.01999999999
1688472000,6.529,6.541,6.463,6.503,98327.22
1688486400,6.504,6.554,6.397,6.458,268794.88
1688500800,6.458,6.583,6.451,6.521,111270.01999999999
1688515200,6.527,6.57,6.482,6.553,95924.0
1688529600,6.556,6.557,6.515,6.545,61985.88
1688544000,6.54,6.543,6.252,6.294,343335.99
1688558400,6.291,6.343,6.216,6.275,342219.56
1688572800,6.275,6.343,6.259,6.267,158037.01
1688587200,6.266,6.327,6.244,6.3,123997.34
1688601600,6.295,6.322,6.211,6.318,133930.51
1688616000,6.322,6.406,6.282,6.367,97374.12999999999
1688630400,6.369,6.507,6.312,6.347,243680.40000000002
1688644800,6.348,6.351,6.086,6.205,425038.25
1688659200,6.205,6.231,6.128,6.176,213786.71
1688673600,6.174,6.203,6.077,6.084,164317.15000000002
1688688000,6.082,6.171,6.016,6.156,236889.81
1688702400,6.154,6.168,6.088,6.11,123674.33
1688716800,6.108,6.16,6.091,6.138,96675.16
1688731200,6.143,6.225,6.107,6.213,202176.34
1688745600,6.213,6.221,6.113,6.144,168657.55
1688760000,6.144,6.179,6.127,6.157,92447.63
1688774400,6.161,6.19,6.13,6.147,92862.51000000001
1688788800,6.148,6.175,6.11,6.162,50028.12
1688803200,6.16,6.223,6.149,6.174,68575.17
1688817600,6.169,6.214,6.144,6.181,67168.19
1688832000,6.181,6.198,6.094,6.108,104725.26000000001
1688846400,6.111,6.208,6.096,6.198,175510.53
1688860800,6.198,6.243,6.182,6.215,123666.81
1688875200,6.215,6.227,6.177,6.204,40233.020000000004
1688889600,6.204,6.226,6.192,6.203,61509.48
1688904000,6.197,6.229,6.16,6.167,132438.7
1688918400,6.165,6.174,6.136,6.158,63118.33
1688932800,6.158,6.17,6.127,6.147,79066.71
1688947200,6.154,6.154,6.025,6.095,278550.73
1688961600,6.095,6.112,6.065,6.098,45209.14
1688976000,6.097,6.131,6.022,6.121,88036.67
1688990400,6.124,6.164,6.095,6.154,89501.93
1689004800,6.156,6.282,6.131,6.263,273575.22
1689019200,6.265,6.301,6.128,6.169,190058.56
1689033600,6.168,6.196,6.123,6.18,80633.44
1689048000,6.178,6.236,6.168,6.2,49036.119999999995
1689062400,6.199,6.21,6.143,6.172,36004.93
1689076800,6.167,6.223,6.134,6.192,93501.74
1689091200,6.192,6.205,6.142,6.173,98553.77
1689105600,6.173,6.219,6.155,6.207,98206.38
1689120000,6.208,6.28,6.205,6.226,63498.6
1689134400,6.223,6.277,6.216,6.26,59267.04
1689148800,6.26,6.276,6.235,6.262,30589.050000000003
1689163200,6.26,6.304,6.22,6.246,240493.13
1689177600,6.245,6.348,6.196,6.213,254434.18
1689192000,6.21,6.258,6.201,6.252,47064.83
1689206400,6.249,6.278,6.212,6.24,75668.3
1689220800,6.239,6.348,6.223,6.304,128357.3
1689235200,6.303,6.475,6.303,6.454,137408.47999999998
1689249600,6.455,6.681,6.396,6.609,563603.68
1689264000,6.616,6.975,6.592,6.967,1655831.07
1689278400,6.967,7.172,6.873,7.128,779103.31
1689292800,7.128,7.347,7.082,7.215,984313.36
1689307200,7.212,7.24,7.099,7.111,194527.27000000002
1689321600,7.112,7.178,7.026,7.069,245693.39
1689336000,7.068,7.168,7.006,7.144,220325.87
1689350400,7.142,7.178,6.695,6.79,1012019.6799999999
1689364800,6.788,6.964,6.723,6.963,136322.83000000002
1689379200,6.963,6.963,6.833,6.862,100218.47
1689393600,6.86,6.987,6.848,6.987,110012.19
1689408000,6.986,7.024,6.941,6.961,162447.45
1689422400,6.961,7.022,6.914,6.981,285786.52
1689436800,6.983,7.014,6.95,6.95,115983.52
1689451200,6.949,6.949,6.886,6.924,110159.89
1689465600,6.92,6.925,6.745,6.786,176787.07
1689480000,6.787,6.865,6.776,6.831,84274.88
1689494400,6.829,6.857,6.807,6.845,42851.57
1689508800,6.84,6.885,6.799,6.817,93493.34
1689523200,6.817,6.817,6.62,6.627,391017.99
1689537600,6.628,6.702,6.578,6.61,223737.68
1689552000,6.612,6.729,6.565,6.709,241936.71
1689566400,6.709,6.735,6.649,6.677,77180.1
1689580800,6.678,6.682,6.454,6.647,192417.39
1689595200,6.641,6.696,6.544,6.674,179320.38
1689609600,6.666,7.05,6.635,6.896,1375103.65
1689624000,6.896,7.272,6.883,7.191,1059495.03
1689638400,7.189,7.3,7.082,7.093,857085.6
1689652800,7.092,7.163,7.014,7.055,360500.85
1689667200,7.055,7.154,6.914,6.92,358235.91000000003
1689681600,6.919,7.025,6.852,6.954,420604.06
1689696000,6.947,7.024,6.796,6.877,457097.99
1689710400,6.878,6.959,6.853,6.914,284050.85
1689724800,6.916,7.035,6.887,6.977,276099.53
1689739200,6.976,7.02,6.877,6.883,185022.49000000002
1689753600,6.884,6.884,6.806,6.851,186894.63
1689768000,6.849,6.946,6.775,6.912,806950.65
1689782400,6.909,7.049,6.866,7.027,380725.96
1689796800,7.028,7.034,6.855,6.917,304483.74
1689811200,6.917,7.024,6.888,6.954,157577.29
1689825600,6.959,7.445,6.916,7.433,563756.29
1689840000,7.433,8.369,7.416,8.325,3258079.88
1689854400,8.328,8.394,7.94,8.056,2923447.05
1689868800,8.058,8.291,7.998,8.136,1253556.37
1689883200,8.136,8.44,8.046,8.359,753777.35
1689897600,8.365,8.443,8.145,8.294,643478.08
1689912000,8.294,8.357,8.059,8.076,556082.46
1689926400,8.072,8.237,8.05,8.138,362226.23
1689940800,8.145,8.201,8.057,8.135,451350.07
1689955200,8.128,8.228,8.08,8.14,305678.72
1689969600,8.141,8.189,8.076,8.135,260286.44
1689984000,8.134,8.201,8.067,8.153,286601.82
1689998400,8.154,8.184,8.115,8.164,146490.26
1690012800,8.164,8.372,7.867,7.974,786316.41
1690027200,7.971,8.095,7.936,8.06,275486.61
1690041600,8.059,8.072,7.942,7.986,191803.58
1690056000,7.986,8.028,7.77,7.882,381676.51
1690070400,7.882,7.957,7.819,7.903,268732.82
1690084800,7.905,8.057,7.903,8.004,216897.84
1690099200,8.004,8.062,7.965,8.013,126792.55
1690113600,8.013,8.031,7.98,7.989,98867.14
1690128000,7.988,8.096,7.929,7.951,310651.61
1690142400,7.951,7.961,7.856,7.893,403551.92
1690156800,7.892,7.894,7.683,7.707,711750.54
1690171200,7.707,7.774,7.667,7.735,225739.85000000003
1690185600,7.731,7.739,7.45,7.598,442106.66
1690200000,7.603,7.646,7.5,7.607,415307.80000000005
1690214400,7.605,7.621,7.507,7.537,226973.53999999998
1690228800,7.536,7.623,7.523,7.588,161520.58000000002
1690243200,7.587,7.642,7.541,7.622,102564.81
1690257600,7.627,7.629,7.365,7.432,250801.83000000002
1690272000,7.433,7.491,7.392,7.486,168489.58
1690286400,7.488,7.531,7.395,7.426,238410.68
1690300800,7.423,7.5,7.343,7.424,257123.09000000003
1690315200,7.424,7.46,7.386,7.393,107608.41
1690329600,7.395,7.463,7.278,7.448,254232.69
1690344000,7.453,7.55,7.414,7.462,197781.06999999998
1690358400,7.463,7.531,7.463,7.498,103834.63
1690372800,7.502,7.628,7.485,7.591,329433.31
1690387200,7.594,7.824,7.461,7.811,703685.13
1690401600,7.813,7.834,7.691,7.745,442309.43
1690416000,7.745,8.024,7.686,7.986,424386.02999999997
1690430400,7.984,8.064,7.936,7.949,217849.62
1690444800,7.943,8.059,7.919,8.035,205319.09
1690459200,8.036,8.125,7.954,7.973,589163.06
1690473600,7.973,8.048,7.873,7.931,485440.57
1690488000,7.93,8.017,7.909,7.986,194837.91
1690502400,7.985,8.092,7.912,7.925,219143.42
1690516800,7.928,7.928,7.808,7.839,170400.37
1690531200,7.839,7.888,7.803,7.836,81175.47
1690545600,7.837,7.983,7.833,7.896,227113.21000000002
1690560000,7.895,7.898,7.778,7.806,303944.43
1690574400,7.805,7.843,7.76,7.772,94177.51
1690588800,7.773,7.84,7.744,7.775,129878.66
1690603200,7.776,7.808,7.743,7.777,60412.159999999996
1690617600,7.776,7.788,7.723,7.731,110841.45
1690632000,7.731,7.766,7.726,7.74,94042.06999999999
1690646400,7.74,7.817,7.727,7.806,104980.15
1690660800,7.809,7.898,7.788,7.844,157671.66
1690675200,7.845,7.862,7.798,7.811,71130.18
1690689600,7.807,7.839,7.746,7.773,64661.770000000004
1690704000,7.767,7.778,7.734,7.751,64079.14
1690718400,7.747,7.802,7.692,7.724,168000.37
1690732800,7.724,7.738,7.5,7.523,352476.67
1690747200,7.523,7.57,7.371,7.555,308431.89
1690761600,7.553,7.736,7.538,7.613,338849.41
1690776000,7.618,7.638,7.561,7.603,89284.57
1690790400,7.602,7.67,7.599,7.63,68879.44
1690804800,7.633,7.661,7.514,7.527,153934.27
1690819200,7.523,7.669,7.45,7.487,430995.19
1690833600,7.488,7.555,7.434,7.55,246412.89
1690848000,7.549,7.593,7.31,7.383,546290.37
1690862400,7.38,7.47,7.341,7.44,188746.47
1690876800,7.438,7.496,7.438,7.454,102734.5
1690891200,7.454,7.505,7.345,7.455,257591.16999999998
1690905600,7.46,7.545,7.432,7.54,258689.53999999998
1690920000,7.541,7.644,7.502,7.637,227938.41
1690934400,7.642,7.717,7.601,7.63,270170.17000000004
1690948800,7.63,7.644,7.575,7.581,84639.33
1690963200,7.581,7.694,7.571,7.652,92111.25
1690977600,7.649,7.707,7.42,7.492,363438.30000000005
1690992000,7.484,7.515,7.338,7.42,355600.32
1691006400,7.416,7.429,7.328,7.345,172691.16999999998
1691020800,7.343,7.405,7.314,7.35,154941.0
1691035200,7.349,7.373,7.277,7.295,116518.45000000001
1691049600,7.291,7.316,7.2,7.306,175064.12
1691064000,7.312,7.323,7.204,7.21,237033.12
1691078400,7.207,7.288,7.159,7.191,234827.5
1691092800,7.191,7.238,7.07,7.122,317814.77
1691107200,7.119,7.197,7.105,7.154,153370.21000000002
1691121600,7.152,7.176,7.105,7.14,45873.009999999995
1691136000,7.136,7.153,7.053,7.114,99442.64
1691150400,7.105,7.234,7.1,7.159,174794.34
1691164800,7.164,7.26,7.06,7.087,246180.1
1691179200,7.083,7.16,7.004,7.133,219339.15
1691193600,7.133,7.188,7.087,7.174,119012.20999999999
1691208000,7.175,7.212,7.141,7.169,55905.16
1691222400,7.169,7.237,7.166,7.185,96700.63
1691236800,7.183,7.234,7.148,7.157,108976.6
1691251200,7.158,7.206,7.123,7.188,78959.38
1691265600,7.188,7.233,7.176,7.223,56500.13
1691280000,7.222,7.264,7.182,7.218,79962.98
1691294400,7.216,7.222,7.156,7.173,42333.34
1691308800,7.171,7.194,7.119,7.143,54081.94
1691323200,7.144,7.148,7.067,7.103,143430.01
1691337600,7.102,7.138,7.072,7.084,54221.6
1691352000,7.084,7.166,7.074,7.092,125335.46
1691366400,7.091,7.199,7.077,7.151,107556.31
1691380800,7.149,7.19,7.116,7.171,78116.94
1691395200,7.174,7.221,7.144,7.2,91819.91
1691409600,7.201,7.216,7.057,7.064,290352.98
1691424000,7.065,7.181,6.936,7.111,353633.04000000004
1691438400,7.115,7.39,7.097,7.32,333520.29
1691452800,7.318,7.371,7.282,7.335,279193.45999999996
1691467200,7.338,7.431,7.306,7.334,213527.12
1691481600,7.331,7.428,7.323,7.419,100809.56
1691496000,7.424,7.457,7.315,7.359,384697.57
1691510400,7.357,7.435,7.337,7.348,260749.81
1691524800,7.35,7.547,7.342,7.462,690927.49
1691539200,7.465,7.493,7.379,7.391,142579.19
1691553600,7.39,7.567,7.381,7.519,146932.93
1691568000,7.52,7.679,7.487,7.639,214453.53
1691582400,7.638,7.911,7.637,7.709,869870.26
1691596800,7.707,7.741,7.627,7.662,261265.15000000002
1691611200,7.668,7.75,7.604,7.674,304420.25
1691625600,7.673,7.707,7.61,7.611,264410.71
1691640000,7.614,7.652,7.568,7.595,98987.54000000001
1691654400,7.595,7.659,7.552,7.616,110700.84
1691668800,7.615,7.732,7.609,7.665,283747.55
1691683200,7.665,7.681,7.57,7.572,184621.27000000002
1691697600,7.573,7.638,7.555,7.611,110866.88
1691712000,7.612,7.635,7.522,7.549,126956.8
1691726400,7.545,7.595,7.541,7.552,59927.78
1691740800,7.552,7.573,7.515,7.573,39034.0
1691755200,7.573,7.582,7.462,7.486,130122.74
1691769600,7.486,7.494,7.401,7.42,212783.05
1691784000,7.423,7.499,7.422,7.483,46300.49
1691798400,7.482,7.537,7.451,7.465,107836.59
1691812800,7.466,7.471,7.401,7.455,72260.62
1691827200,7.458,7.468,7.427,7.452,40479.31
1691841600,7.452,7.458,7.419,7.426,72245.97
1691856000,7.427,7.465,7.382,7.393,152769.13
1691870400,7.388,7.468,7.382,7.441,70498.01000000001
1691884800,7.44,7.494,7.428,7.455,49916.26
1691899200,7.456,7.522,7.438,7.505,86058.47
1691913600,7.507,7.521,7.458,7.5,39575.36
1691928000,7.504,7.512,7.4,7.409,115919.38
1691942400,7.408,7.548,7.399,7.536,150193.03
1691956800,7.536,7.553,7.31,7.368,229250.58000000002
1691971200,7.362,7.456,7.304,7.433,196272.88
1691985600,7.431,7.495,7.42,7.458,110387.95
1692000000,7.454,7.528,7.454,7.52,100852.18
1692014400,7.521,7.621,7.481,7.576,413232.42000000004
1692028800,7.577,7.601,7.397,7.408,434013.48
1692043200,7.408,7.452,7.378,7.407,107425.33
1692057600,7.406,7.426,7.36,7.372,83326.55
1692072000,7.368,7.391,7.315,7.377,63838.740000000005
1692086400,7.375,7.378,7.259,7.275,106037.44
1692100800,7.272,7.324,7.249,7.276,143270.78999999998
1692115200,7.278,7.291,6.85,7.034,992179.39
1692129600,7.03,7.058,6.973,7.034,194564.37
1692144000,7.033,7.064,6.985,7.007,170030.0
1692158400,7.009,7.03,6.936,6.989,128156.78
1692172800,6.99,7.01,6.931,6.967,71572.54
1692187200,6.965,6.965,6.787,6.797,413994.54000000004
1692201600,6.797,6.919,6.754,6.796,242384.13999999998
1692216000,6.796,6.818,6.595,6.756,455131.36
1692230400,6.758,6.86,6.628,6.837,191151.74000000002
1692244800,6.837,6.86,6.786,6.805,101524.69
1692259200,6.805,6.817,6.763,6.79,108539.59
1692273600,6.788,6.842,6.557,6.602,412043.26
1692288000,6.6,6.674,6.531,6.618,309124.41000000003
1692302400,6.617,6.624,5.93,6.197,1536999.82
1692316800,6.199,6.265,6.094,6.139,413063.68
1692331200,6.142,6.287,6.088,6.256,202105.39
1692345600,6.254,6.275,6.196,6.251,133103.72
1692360000,6.25,6.266,6.15,6.16,286639.97
1692374400,6.157,6.218,6.064,6.128,393866.7
1692388800,6.132,6.241,6.124,6.173,223903.33000000002
1692403200,6.17,6.233,6.147,6.178,257486.01
1692417600,6.176,6.196,6.134,6.174,204391.78
1692432000,6.175,6.222,6.141,6.145,201563.77
1692446400,6.146,6.225,6.141,6.218,224465.19
1692460800,6.215,6.259,6.165,6.168,251008.93
1692475200,6.168,6.179,6.113,6.178,245234.01
1692489600,6.178,6.193,6.131,6.163,83148.64
1692504000,6.163,6.171,6.115,6.145,46582.93
1692518400,6.143,6.212,6.141,6.208,56798.649999999994
1692532800,6.204,6.226,6.125,6.174,96264.91
1692547200,6.173,6.215,6.154,6.195,61385.93
1692561600,6.196,6.234,6.187,6.221,90228.78
1692576000,6.222,6.254,6.195,6.205,128250.63
1692590400,6.205,6.242,6.169,6.189,96859.89
1692604800,6.187,6.219,6.125,6.212,151447.97
1692619200,6.21,6.233,6.01,6.1,476889.95
1692633600,6.103,6.199,6.082,6.187,140776.71000000002
1692648000,6.188,6.213,6.147,6.175,117850.85
1692662400,6.175,6.184,6.137,6.14,52443.71
1692676800,6.14,6.2,6.122,6.197,80270.82
1692691200,6.199,6.239,6.181,6.198,73961.77
1692705600,6.193,6.254,6.114,6.119,202537.13
1692720000,6.118,6.134,5.961,6.018,429799.12
1692734400,6.021,6.14,5.876,6.113,398204.59
1692748800,6.115,6.166,6.102,6.119,175697.54
1692763200,6.12,6.224,6.118,6.212,126768.55
1692777600,6.222,6.306,6.212,6.241,124232.87
1692792000,6.243,6.37,6.195,6.352,371220.13
1692806400,6.352,6.431,6.334,6.395,479860.11
1692820800,6.395,6.408,6.27,6.349,275925.32
1692835200,6.348,6.368,6.313,6.339,84624.57
1692849600,6.339,6.34,6.285,6.312,65901.29
1692864000,6.312,6.32,6.268,6.291,38829.24
1692878400,6.29,6.29,6.117,6.117,202613.43
1692892800,6.118,6.133,6.035,6.061,318698.7
1692907200,6.061,6.091,5.987,6.084,195543.59
1692921600,6.083,6.083,5.935,6.02,161391.84
1692936000,6.021,6.034,5.956,5.966,206771.02
1692950400,5.966,6.009,5.948,5.977,174697.41
1692964800,5.978,6.05,5.911,5.959,399954.69
1692979200,5.95,6.009,5.927,5.974,167467.69
1692993600,5.973,6.022,5.947,6.013,96460.37
1693008000,6.012,6.04,5.988,6.017,103359.34
1693022400,6.017,6.039,5.981,6.015,62632.990000000005
1693036800,6.014,6.031,5.995,6.009,56924.03
1693051200,6.008,6.023,5.979,6.0,75220.31
1693065600,6.002,6.002,5.955,5.992,61898.39
1693080000,5.991,6.012,5.984,6.003,45626.64
1693094400,6.002,6.022,5.952,5.956,104557.88
1693108800,5.958,5.99,5.956,5.98,42754.45
1693123200,5.984,5.999,5.968,5.971,23399.42
1693137600,5.968,6.037,5.958,6.015,123616.62999999999
1693152000,6.014,6.045,5.972,6.008,87832.34
1693166400,6.01,6.038,5.98,6.029,72719.32
1693180800,6.02,6.021,5.894,5.93,201603.32
1693195200,5.93,5.946,5.86,5.911,110220.6
1693209600,5.908,5.933,5.85,5.923,111364.42
1693224000,5.923,6.045,5.92,5.997,164689.40000000002
1693238400,5.996,6.02,5.916,5.953,116748.31999999999
1693252800,5.951,5.991,5.924,5.975,122894.52
1693267200,5.975,6.003,5.924,5.932,174192.94
1693281600,5.933,5.946,5.885,5.89,107068.64
1693296000,5.888,5.901,5.841,5.883,94220.58
1693310400,5.882,6.317,5.875,6.185,998743.79
1693324800,6.186,6.288,6.172,6.227,311640.35
1693339200,6.224,6.242,6.167,6.193,109277.89
1693353600,6.194,6.199,6.058,6.084,298569.95
1693368000,6.081,6.091,6.054,6.069,138413.58000000002
1693382400,6.069,6.079,6.018,6.018,91810.44
1693396800,6.018,6.034,5.886,5.944,413693.32999999996
1693411200,5.943,5.964,5.908,5.937,141791.21
1693425600,5.936,5.964,5.921,5.924,123050.44
1693440000,5.924,5.956,5.896,5.949,79449.56
1693454400,5.949,6.002,5.946,5.979,156376.88999999998
1693468800,5.979,6.063,5.97,6.034,114447.39
1693483200,6.033,6.034,5.904,5.947,271613.32
1693497600,5.944,5.955,5.74,5.847,500622.06
1693512000,5.846,5.886,5.767,5.878,237861.03
1693526400,5.878,5.97,5.87,5.969,235172.70999999996
1693540800,5.971,6.03,5.941,5.96,207663.72999999998
1693555200,5.962,6.03,5.962,6.002,153958.74
1693569600,6.001,6.024,5.921,5.931,328857.04
1693584000,5.932,5.95,5.811,5.875,633210.07
1693598400,5.874,5.941,5.86,5.939,139922.78
1693612800,5.939,5.986,5.929,5.943,111940.70999999999
1693627200,5.945,5.966,5.927,5.947,37747.41
1693641600,5.947,5.969,5.899,5.945,69086.01999999999
1693656000,5.945,5.997,5.926,5.965,88623.46
1693670400,5.966,5.976,5.889,5.935,114894.86
1693684800,5.934,5.976,5.927,5.972,85832.13
1693699200,5.973,6.028,5.948,6.015,90948.43
1693713600,6.018,6.047,6.005,6.013,176525.0
1693728000,6.012,6.041,5.988,6.03,43254.21
1693742400,6.03,6.063,5.971,5.991,90821.78
1693756800,5.992,6.056,5.965,6.028,77292.88
1693771200,6.028,6.045,6.0,6.03,95072.22
1693785600,6.03,6.135,6.025,6.101,156970.42
1693800000,6.107,6.114,6.052,6.1,72123.07
1693814400,6.1,6.161,6.059,6.068,104074.86
1693828800,6.07,6.081,5.968,6.011,211113.62
1693843200,6.014,6.056,5.994,6.016,169185.64
1693857600,6.018,6.025,5.945,6.014,134734.68
1693872000,6.011,6.015,5.905,5.952,154966.19
1693886400,5.952,5.992,5.952,5.984,82063.45
1693900800,5.988,6.125,5.96,6.081,179389.81
1693915200,6.084,6.136,6.054,6.097,208992.8
1693929600,6.097,6.144,6.078,6.112,126592.99
1693944000,6.111,6.15,6.102,6.137,108983.54999999999
1693958400,6.137,6.276,6.112,6.203,427129.32999999996
1693972800,6.204,6.213,6.125,6.139,158943.53
1693987200,6.138,6.154,6.114,6.118,92716.24
1694001600,6.117,6.209,6.099,6.169,259015.39
1694016000,6.173,6.349,6.093,6.246,368998.97
1694030400,6.245,6.304,6.24,6.298,180018.55
1694044800,6.299,6.398,6.275,6.368,420464.82
1694059200,6.368,6.388,6.274,6.276,114908.43
1694073600,6.275,6.314,6.234,6.234,120930.12
1694088000,6.234,6.282,6.194,6.258,310870.93
1694102400,6.257,6.332,6.254,6.326,177411.99
1694116800,6.325,6.469,6.318,6.387,359817.38
1694131200,6.384,6.402,6.328,6.342,154225.02
1694145600,6.343,6.366,6.296,6.303,112933.28
1694160000,6.303,6.305,6.144,6.211,208868.64
1694174400,6.208,6.277,6.207,6.222,134867.15
1694188800,6.222,6.27,6.2,6.251,94407.38
1694203200,6.251,6.289,6.231,6.281,114413.47
1694217600,6.28,6.292,6.233,6.269,79470.97
1694232000,6.27,6.28,6.234,6.246,40511.16
1694246400,6.247,6.25,6.204,6.218,61944.59
1694260800,6.218,6.22,6.176,6.191,102644.04000000001
1694275200,6.192,6.214,6.157,6.18,67786.68
1694289600,6.18,6.184,6.158,6.165,39713.36
1694304000,6.164,6.164,6.083,6.112,137023.03
1694318400,6.11,6.125,5.963,6.111,263586.15
1694332800,6.114,6.119,6.065,6.085,64748.75
1694347200,6.084,6.104,5.978,6.045,236794.36
1694361600,6.045,6.058,5.955,6.038,210380.97999999998
1694376000,6.034,6.074,6.003,6.014,91334.20999999999
1694390400,6.013,6.027,5.942,5.998,135473.64
1694404800,6.0,6.034,5.976,5.988,76246.29000000001
1694419200,5.991,5.994,5.795,5.884,319371.58
1694433600,5.883,5.937,5.803,5.86,436969.83999999997
1694448000,5.859,5.881,5.737,5.768,339705.04000000004
1694462400,5.765,5.83,5.738,5.828,185895.65
1694476800,5.828,5.991,5.809,5.938,199606.95
1694491200,5.936,5.962,5.877,5.916,179930.16999999998
1694505600,5.923,6.074,5.892,6.02,202561.3
1694520000,6.022,6.039,5.96,5.99,168101.08000000002
1694534400,5.989,6.059,5.904,5.972,218584.33
1694548800,5.97,5.993,5.953,5.96,135764.43
1694563200,5.96,6.007,5.939,5.972,81234.28
1694577600,5.97,6.091,5.925,5.958,455773.52
1694592000,5.957,6.043,5.951,6.015,145397.08000000002
1694606400,6.015,6.045,5.93,6.02,415800.97
1694620800,6.021,6.035,5.954,5.98,189870.49
1694635200,5.979,6.041,5.977,6.022,72641.75
1694649600,6.025,6.126,6.006,6.043,200203.41
1694664000,6.043,6.054,6.007,6.031,77317.4
1694678400,6.031,6.062,6.015,6.056,50664.64
1694692800,6.056,6.127,6.024,6.095,198269.66
1694707200,6.095,6.171,6.072,6.168,135104.72
1694721600,6.167,6.215,6.14,6.154,209620.53
1694736000,6.155,6.239,6.138,6.19,125481.73
1694750400,6.19,6.212,6.145,6.151,64444.93
1694764800,6.15,6.177,6.1,6.109,68659.75
1694779200,6.109,6.207,6.107,6.207,218952.9
1694793600,6.206,6.247,6.193,6.222,173413.49
1694808000,6.222,6.381,6.219,6.367,328319.45
1694822400,6.367,6.421,6.305,6.309,321702.12
1694836800,6.308,6.329,6.267,6.298,113363.19
1694851200,6.296,6.299,6.247,6.249,88027.2
1694865600,6.249,6.252,6.192,6.225,113678.28
1694880000,6.227,6.245,6.187,6.201,74603.03
1694894400,6.201,6.319,6.2,6.282,367919.54
1694908800,6.281,6.281,6.174,6.239,111603.94
1694923200,6.241,6.259,6.19,6.19,40091.89
1694937600,6.192,6.23,6.188,6.209,59544.16
1694952000,6.208,6.222,6.159,6.19,61369.92
1694966400,6.188,6.194,6.11,6.133,91145.26
1694980800,6.129,6.153,6.054,6.152,206305.41999999998
1694995200,6.151,6.625,6.102,6.625,637250.3500000001
1695009600,6.623,6.66,6.535,6.55,652657.1
1695024000,6.551,6.824,6.51,6.729,658740.05
1695038400,6.731,6.84,6.675,6.727,776973.96
1695052800,6.727,6.73,6.583,6.621,449053.81
1695067200,6.615,6.662,6.539,6.568,240799.24
1695081600,6.567,6.779,6.5,6.761,508961.64
1695096000,6.759,6.926,6.681,6.695,622496.29
1695110400,6.694,6.813,6.689,6.746,216189.21
1695124800,6.745,6.887,6.717,6.877,500074.27
1695139200,6.878,6.909,6.79,6.84,296958.57
1695153600,6.836,6.969,6.784,6.846,245646.83000000002
1695168000,6.851,6.997,6.814,6.933,374189.58
1695182400,6.925,6.956,6.778,6.803,223885.2
1695196800,6.802,6.878,6.76,6.829,293692.60000000003
1695211200,6.829,6.935,6.743,6.92,401237.53
1695225600,6.92,7.051,6.801,6.877,548324.36
1695240000,6.877,6.97,6.835,6.904,202858.68
1695254400,6.907,6.949,6.816,6.878,279716.05
1695268800,6.877,6.878,6.785,6.799,114730.8
1695283200,6.798,6.826,6.677,6.704,413518.97
1695297600,6.703,6.783,6.598,6.746,736359.84
1695312000,6.746,6.764,6.708,6.718,104430.82
1695326400,6.721,6.728,6.66,6.664,113006.54000000001
1695340800,6.663,6.72,6.599,6.695,429259.58
1695355200,6.698,6.717,6.643,6.693,109702.57
1695369600,6.693,6.788,6.69,6.786,95759.18
1695384000,6.787,6.798,6.713,6.768,148464.48
1695398400,6.766,6.975,6.731,6.878,848618.6
1695412800,6.879,6.968,6.866,6.957,254163.83
1695427200,6.958,7.184,6.945,7.0,733707.87
1695441600,7.002,7.071,6.95,7.039,221340.08000000002
1695456000,7.043,7.05,6.968,7.003,132398.07
1695470400,7.003,7.06,6.924,6.937,195292.57
1695484800,6.94,7.225,6.92,7.186,846785.4
1695499200,7.182,7.231,7.135,7.191,285866.19
1695513600,7.189,7.25,7.134,7.164,328256.61
1695528000,7.166,7.213,7.108,7.166,233787.56
1695542400,7.17,7.177,7.076,7.096,270684.98
1695556800,7.098,7.189,7.08,7.103,210269.16999999998
1695571200,7.101,7.179,7.042,7.085,381986.85
1695585600,7.083,7.099,6.956,6.972,277330.4
1695600000,6.971,7.265,6.909,7.164,511437.76
1695614400,7.164,7.3,7.155,7.277,264132.58999999997
1695628800,7.278,7.327,7.206,7.254,214064.51
1695643200,7.253,7.394,7.226,7.39,1004281.12
1695657600,7.39,7.51,7.376,7.457,810968.21
1695672000,7.458,7.503,7.425,7.496,386102.57
1695686400,7.497,7.57,7.415,7.52,475169.64
1695700800,7.525,7.53,7.434,7.436,139189.42
1695715200,7.436,7.482,7.364,7.417,208325.39
1695729600,7.425,7.428,7.297,7.326,326052.87
1695744000,7.329,7.415,7.246,7.394,742282.6499999999
1695758400,7.394,7.475,7.28,7.352,464712.89999999997
1695772800,7.352,7.41,7.266,7.358,247483.85
1695787200,7.362,7.396,7.318,7.364,217485.79
1695801600,7.363,7.68,7.346,7.628,450875.9
1695816000,7.628,7.89,7.478,7.593,2087813.83
1695830400,7.589,7.697,7.487,7.657,789067.84
1695844800,7.654,7.688,7.567,7.638,307310.52
1695859200,7.638,7.755,7.57,7.652,382764.26
1695873600,7.656,7.815,7.569,7.744,230535.87
1695888000,7.737,7.857,7.725,7.77,397793.63
1695902400,7.773,7.925,7.676,7.888,968522.7
1695916800,7.887,8.04,7.783,7.955,1084739.79
1695931200,7.954,7.954,7.769,7.81,326715.16
1695945600,7.81,7.844,7.688,7.753,180129.97999999998
1695960000,7.749,7.825,7.718,7.783,157472.94
1695974400,7.784,7.787,7.692,7.703,134994.33000000002
1695988800,7.705,7.91,7.681,7.818,818022.3099999999
1696003200,7.818,8.048,7.756,8.046,544413.13
1696017600,8.048,8.079,7.932,7.95,325642.11
1696032000,7.951,8.052,7.95,8.02,340250.14
1696046400,8.019,8.144,8.005,8.082,483960.29000000004
1696060800,8.081,8.264,8.013,8.198,718006.26
1696075200,8.202,8.241,8.131,8.225,347010.13
1696089600,8.227,8.243,8.087,8.182,263149.1
1696104000,8.185,8.214,8.108,8.19,258098.19
1696118400,8.191,8.259,8.114,8.164,246496.94999999998
1696132800,8.161,8.174,8.044,8.06,149001.63
1696147200,8.064,8.227,8.044,8.128,181783.91999999998
1696161600,8.131,8.136,7.961,8.012,673214.17
1696176000,8.013,8.017,7.784,7.846,391451.18
1696190400,7.844,8.146,7.781,8.048,976858.87
1696204800,8.05,8.096,7.861,7.886,286809.89
1696219200,7.886,8.104,7.851,8.04,340603.72
1696233600,8.042,8.083,7.86,7.89,403049.28
1696248000,7.891,7.955,7.627,7.675,650952.63
1696262400,7.674,7.732,7.447,7.61,739767.9
1696276800,7.612,7.612,7.353,7.464,457357.98
1696291200,7.478,7.59,7.413,7.554,329851.04
1696305600,7.553,7.74,7.5,7.629,370520.63
1696320000,7.628,7.737,7.51,7.549,227849.37
1696334400,7.542,7.727,7.398,7.425,497717.79
1696348800,7.428,7.545,7.392,7.402,293289.86
1696363200,7.407,7.506,7.368,7.409,285066.31
1696377600,7.406,7.548,7.197,7.483,452785.36
1696392000,7.486,7.63,7.456,7.592,311161.8
1696406400,7.595,7.613,7.521,7.545,165322.5
1696420800,7.546,7.67,7.465,7.64,426624.39
1696435200,7.637,7.784,7.569,7.614,754740.0700000001
1696449600,7.613,7.746,7.59,7.671,195328.62
1696464000,7.667,7.697,7.594,7.611,235198.01
1696478400,7.608,7.764,7.604,7.711,127377.47
1696492800,7.71,7.791,7.672,7.684,83571.72
1696507200,7.683,7.706,7.485,7.534,412509.45999999996
1696521600,7.532,7.561,7.478,7.512,156502.07
1696536000,7.511,7.57,7.452,7.465,97574.19
1696550400,7.471,7.586,7.463,7.535,147860.09999999998
1696564800,7.532,7.585,7.503,7.576,77699.73999999999
1696579200,7.578,7.616,7.545,7.566,65298.100000000006
1696593600,7.565,7.703,7.435,7.661,268565.78
1696608000,7.66,7.72,7.624,7.667,330053.24
1696622400,7.667,7.758,7.643,7.646,209862.69
1696636800,7.645,7.684,7.599,7.608,60954.87
1696651200,7.609,7.644,7.565,7.606,46753.83
1696665600,7.606,7.649,7.576,7.589,86646.03
1696680000,7.588,7.623,7.563,7.57,77410.48
1696694400,7.57,7.574,7.48,7.503,189932.31
1696708800,7.503,7.562,7.5,7.531,65036.69
1696723200,7.53,7.627,7.507,7.627,77999.5
1696737600,7.628,7.677,7.598,7.657,143712.04
1696752000,7.657,7.714,7.544,7.576,179473.94
1696766400,7.574,7.701,7.565,7.672,106417.52
1696780800,7.671,7.736,7.644,7.726,111031.61
1696795200,7.729,7.944,7.669,7.68,478025.3
1696809600,7.68,7.702,7.568,7.644,280236.4
1696824000,7.646,7.654,7.555,7.563,81353.15
1696838400,7.564,7.58,7.332,7.355,444547.87000000005
1696852800,7.353,7.414,7.312,7.338,502592.51
1696867200,7.336,7.369,7.138,7.299,519870.76
1696881600,7.3,7.332,7.244,7.279,177866.19
1696896000,7.277,7.351,7.257,7.312,281018.49
1696910400,7.312,7.376,7.271,7.346,80199.7
1696924800,7.347,7.392,7.267,7.275,151113.58000000002
1696939200,7.275,7.368,7.214,7.227,381488.67
1696953600,7.225,7.28,7.194,7.256,144482.97999999998
1696968000,7.26,7.303,7.177,7.263,163114.97999999998
1696982400,7.256,7.332,7.15,7.164,355138.06
1696996800,7.17,7.23,7.163,7.207,100263.58
1697011200,7.203,7.362,7.189,7.317,163704.74
1697025600,7.317,7.393,7.265,7.309,321206.17
1697040000,7.307,7.353,7.229,7.332,238628.8
1697054400,7.327,7.427,7.31,7.389,310455.83999999997
1697068800,7.387,7.411,7.283,7.35,140564.37
1697083200,7.34,7.395,7.313,7.336,76480.65
1697097600,7.341,7.344,7.178,7.257,202273.58000000002
1697112000,7.26,7.28,7.173,7.214,277688.69
1697126400,7.215,7.237,7.113,7.191,331388.64
1697140800,7.19,7.245,7.171,7.198,140590.11000000002
1697155200,7.197,7.253,7.111,7.124,232308.31
1697169600,7.125,7.231,7.122,7.203,103503.33
1697184000,7.207,7.239,7.176,7.222,126484.53
1697198400,7.223,7.284,7.158,7.158,179270.03
1697212800,7.158,7.201,7.146,7.179,147449.79
1697227200,7.175,7.404,7.166,7.256,518040.49000000005
1697241600,7.26,7.317,7.243,7.303,122388.78
1697256000,7.306,7.313,7.219,7.224,50380.479999999996
1697270400,7.224,7.261,7.218,7.251,31145.0
1697284800,7.251,7.318,7.242,7.311,85096.75
1697299200,7.316,7.371,7.3,7.339,120644.78
1697313600,7.335,7.343,7.287,7.33,59138.42999999999
1697328000,7.328,7.38,7.299,7.327,341415.52999999997
1697342400,7.326,7.362,7.314,7.349,72477.36
1697356800,7.347,7.401,7.334,7.348,113969.95
1697371200,7.345,7.378,7.288,7.312,192440.00999999998
1697385600,7.313,7.486,7.3,7.453,493248.17000000004
1697400000,7.453,7.57,7.38,7.423,458726.54
1697414400,7.425,7.497,7.413,7.434,182766.13
1697428800,7.434,7.643,7.425,7.562,262605.62
1697443200,7.564,7.596,7.498,7.56,191039.78999999998
1697457600,7.563,7.824,7.423,7.439,897272.62
1697472000,7.44,7.586,7.396,7.517,510239.76999999996
1697486400,7.517,7.58,7.449,7.53,246080.91999999998
1697500800,7.53,7.564,7.455,7.459,163868.75
1697515200,7.459,7.5,7.433,7.485,98940.79000000001
1697529600,7.487,7.51,7.45,7.493,128743.9
1697544000,7.493,7.499,7.273,7.404,354977.62
1697558400,7.405,7.427,7.28,7.322,244340.07
1697572800,7.328,7.355,7.287,7.325,76612.66
1697587200,7.323,7.355,7.283,7.35,156624.43
1697601600,7.351,7.422,7.333,7.364,189042.22
1697616000,7.364,7.469,7.355,7.447,172874.3
1697630400,7.45,7.482,7.375,7.387,212852.32
1697644800,7.389,7.44,7.338,7.362,109076.93000000001
1697659200,7.363,7.386,7.314,7.356,91891.87
1697673600,7.361,7.365,7.218,7.292,156999.22
1697688000,7.293,7.356,7.283,7.349,31039.559999999998
1697702400,7.348,7.37,7.29,7.345,60449.36
1697716800,7.349,7.437,7.346,7.369,151034.53
1697731200,7.369,7.426,7.332,7.365,176698.55
1697745600,7.366,7.392,7.29,7.308,126394.59
1697760000,7.306,7.503,7.265,7.435,298486.19
1697774400,7.435,7.51,7.421,7.469,239311.5
1697788800,7.467,7.715,7.466,7.614,314346.83
1697803200,7.618,7.666,7.553,7.631,238635.40000000002
1697817600,7.632,7.687,7.603,7.629,238912.16999999998
1697832000,7.629,7.629,7.571,7.577,91676.15000000001
1697846400,7.578,7.625,7.523,7.603,132885.3
1697860800,7.604,7.851,7.593,7.843,304295.24
1697875200,7.848,8.102,7.808,8.06,406172.11
1697889600,8.06,9.0,8.054,8.963,2264440.09
1697904000,8.955,9.169,8.827,8.901,1833909.29
1697918400,8.904,8.975,8.78,8.915,531489.06
1697932800,8.915,9.4,8.843,9.298,1079293.0899999999
1697947200,9.295,9.756,9.139,9.312,1352782.9100000001
1697961600,9.315,9.428,9.04,9.104,606314.15
1697976000,9.104,9.381,9.085,9.23,741861.1100000001
1697990400,9.23,9.75,9.228,9.403,1033819.37
1698004800,9.403,10.236,9.366,10.201,1629639.67
1698019200,10.194,10.998,10.015,10.805,2072443.3199999998
1698033600,10.798,11.05,10.312,10.445,1440213.16
1698048000,10.448,10.598,9.95,10.274,867033.09
1698062400,10.274,10.278,9.799,10.01,1358013.34
1698076800,10.008,10.496,9.985,10.291,1304489.53
1698091200,10.286,10.971,10.126,10.584,1705478.6099999999
1698105600,10.585,11.144,10.168,10.242,2158788.21
1698120000,10.239,10.38,10.013,10.102,697322.38
1698134400,10.105,10.55,10.088,10.535,750059.39
1698148800,10.531,10.535,9.7,9.912,1357216.99
1698163200,9.911,10.109,9.787,10.018,763590.28
1698177600,10.015,10.48,9.889,10.375,918504.95
1698192000,10.375,11.652,10.343,11.331,3161129.96
1698206400,11.332,11.601,10.9,10.925,1391890.81
1698220800,10.924,11.291,10.75,11.192,777877.78
1698235200,11.184,11.784,10.917,11.355,1586621.47
1698249600,11.355,11.397,10.94,11.168,1108123.76
1698264000,11.167,11.182,10.774,11.064,778615.6599999999
1698278400,11.066,11.394,10.885,11.124,651724.8200000001
1698292800,11.12,11.301,10.906,11.216,480616.51
1698307200,11.215,11.33,10.63,10.857,833082.61
1698321600,10.857,11.249,10.391,10.51,1321404.6199999999
1698336000,10.507,10.71,10.399,10.702,853725.01
1698350400,10.702,11.15,10.649,10.926,859091.7
1698364800,10.93,11.044,10.614,11.044,683038.4299999999
1698379200,11.047,11.345,10.711,10.732,1040851.25
1698393600,10.728,11.119,10.718,10.937,494470.41000000003
1698408000,10.931,11.43,10.81,11.055,1158973.22
1698422400,11.056,11.386,10.75,11.115,1577714.51
1698436800,11.115,11.298,11.084,11.184,674500.2999999999
1698451200,11.184,11.57,11.035,11.393,793741.94
1698465600,11.393,11.66,11.285,11.301,620863.88
1698480000,11.298,11.596,11.261,11.347,562733.34
1698494400,11.346,11.386,11.1,11.171,675011.91
1698508800,11.172,11.172,10.933,10.951,1128906.22
1698523200,10.945,11.088,10.825,10.927,495149.36
1698537600,10.927,10.95,10.76,10.858,463681.22
1698552000,10.856,11.024,10.815,11.019,298587.97
1698566400,11.02,11.213,10.922,10.975,480920.31
1698580800,10.983,11.164,10.892,11.061,516981.85
1698595200,11.06,11.235,11.003,11.066,345686.51
1698609600,11.065,11.294,11.031,11.087,425634.91
1698624000,11.091,11.307,11.043,11.174,562754.12
1698638400,11.173,11.211,10.898,10.954,412203.92
1698652800,10.955,11.5,10.914,11.383,762439.56
1698667200,11.383,11.843,11.214,11.395,972620.35
1698681600,11.395,11.446,11.059,11.218,605747.37
1698696000,11.22,11.262,11.11,11.227,270349.94
1698710400,11.234,11.71,11.209,11.481,1324127.74
1698724800,11.48,12.016,11.39,11.44,1446752.65
1698739200,11.439,11.635,11.266,11.52,532975.8999999999
1698753600,11.524,11.587,10.98,11.129,976595.41
1698768000,11.129,11.408,11.07,11.298,535219.8200000001
1698782400,11.293,11.437,11.219,11.358,888207.6
1698796800,11.353,11.474,11.161,11.22,526736.95
1698811200,11.222,11.253,10.936,11.108,383123.58
1698825600,11.106,11.187,10.732,10.886,821838.81
1698840000,10.887,11.19,10.688,10.831,1545155.74
1698854400,10.829,11.4,10.812,11.238,1156390.71
1698868800,11.252,11.775,11.245,11.643,1583023.24
1698883200,11.648,11.743,11.417,11.625,808232.98
1698897600,11.625,11.75,11.171,11.188,643329.96
1698912000,11.185,11.317,11.064,11.304,499480.76999999996
1698926400,11.303,11.459,10.886,10.897,918999.3200000001
1698940800,10.898,11.089,10.807,11.078,486025.36
1698955200,11.081,11.125,10.875,11.01,349890.08
1698969600,11.008,11.009,10.516,10.815,632368.86
1698984000,10.815,11.202,10.682,11.162,449243.93
1698998400,11.163,11.326,10.92,11.005,547399.78
1699012800,11.005,11.306,10.95,11.269,1011522.13
1699027200,11.269,11.333,11.09,11.218,451062.16000000003
1699041600,11.217,11.598,11.191,11.462,788959.04
1699056000,11.461,11.475,11.28,11.358,427487.25
1699070400,11.355,11.502,11.223,11.241,468291.97000000003
1699084800,11.242,11.399,11.16,11.295,310985.18
1699099200,11.296,11.365,11.195,11.24,335074.58999999997
1699113600,11.237,11.392,11.22,11.368,287472.51
1699128000,11.364,11.626,11.322,11.503,531066.61
1699142400,11.507,12.445,11.368,12.408,1625656.23
1699156800,12.413,12.565,12.162,12.23,875582.13
1699171200,12.229,12.334,12.1,12.186,423933.49
1699185600,12.185,12.22,11.74,11.771,1227445.1400000001
1699200000,11.772,12.06,11.762,11.957,772907.26
1699214400,11.952,12.269,11.799,12.242,857888.44
1699228800,12.243,12.416,12.137,12.307,766616.8500000001
1699243200,12.31,12.77,12.171,12.461,994272.97
1699257600,12.46,12.677,12.336,12.529,348273.21
1699272000,12.531,12.88,12.373,12.653,717120.6499999999
1699286400,12.652,12.8,12.46,12.797,753001.21
1699300800,12.799,13.255,12.706,12.994,1272605.63
1699315200,12.991,13.19,12.72,13.007,848598.17
1699329600,13.001,13.338,12.863,13.085,787857.77
1699344000,13.087,13.151,12.635,12.801,567062.54
1699358400,12.8,12.977,12.525,12.706,797927.21
1699372800,12.708,13.25,12.54,13.068,844683.8
1699387200,13.064,13.263,12.973,13.047,672477.06
1699401600,13.05,13.458,12.835,13.258,899431.39
1699416000,13.25,13.626,13.236,13.445,846530.3200000001
1699430400,13.445,13.703,13.409,13.562,467229.81
1699444800,13.562,13.992,13.535,13.73,1121887.8900000001
1699459200,13.734,14.799,13.72,14.475,1832722.42
1699473600,14.478,14.998,14.467,14.939,1691574.82
1699488000,14.934,15.0,14.281,14.508,1624774.54
1699502400,14.502,14.784,14.38,14.501,663069.59
1699516800,14.496,14.849,14.41,14.81,561361.6
1699531200,14.817,15.998,14.797,15.104,2897842.14
1699545600,15.111,15.187,13.85,14.325,2494626.9
1699560000,14.32,14.727,13.986,14.613,1124824.75
1699574400,14.607,14.95,14.29,14.316,1398374.35
1699588800,14.312,14.528,14.173,14.472,424036.79
1699603200,14.474,14.922,14.1,14.739,637890.97
1699617600,14.734,15.361,14.429,15.058,1679735.22
1699632000,15.066,15.506,14.964,15.061,975722.3200000001
1699646400,15.063,15.65,14.916,15.51,1008897.86
1699660800,15.511,15.75,14.906,14.958,977970.5
1699675200,14.953,15.24,14.75,15.018,534916.02
1699689600,15.02,15.111,14.778,14.992,302182.91000000003
1699704000,14.991,16.517,14.915,16.284,2054852.0699999998
1699718400,16.282,16.55,15.85,16.319,1548988.64
1699732800,16.319,16.581,15.933,16.475,1064741.73
1699747200,16.48,16.537,15.392,15.806,952068.3300000001
1699761600,15.8,16.368,15.577,16.248,481249.8
1699776000,16.249,16.305,15.873,16.09,480329.97
1699790400,16.088,16.099,15.624,15.954,631598.86
1699804800,15.951,16.44,15.681,16.305,1147076.24
1699819200,16.304,16.371,15.867,16.04,570661.28
1699833600,16.039,16.303,15.475,15.521,1000904.94
1699848000,15.519,15.616,15.101,15.292,584948.81
1699862400,15.3,15.583,14.968,15.14,421271.38
1699876800,15.14,15.307,14.541,15.151,1159476.81
1699891200,15.145,15.399,14.729,15.154,646420.1699999999
1699905600,15.153,15.154,14.312,14.364,949444.48
1699920000,14.362,14.76,14.06,14.641,1894215.05
1699934400,14.641,14.875,14.58,14.802,471513.04000000004
1699948800,14.803,14.915,14.224,14.309,633392.6799999999
1699963200,14.302,14.745,13.823,14.068,1360004.52
1699977600,14.069,14.529,13.436,14.061,1434529.2799999998
1699992000,14.06,14.319,13.91,13.953,593204.59
1700006400,13.955,14.292,13.931,14.15,544551.78
1700020800,14.157,14.732,14.143,14.595,494241.99
1700035200,14.607,15.204,14.586,15.14,652391.59
1700049600,15.14,15.158,14.649,14.899,770635.5
1700064000,14.889,15.15,14.719,15.15,925370.76
1700078400,15.148,15.394,14.932,15.043,877563.72
1700092800,15.044,15.138,14.812,14.944,635230.55
1700107200,14.939,15.216,14.609,14.98,1175224.79
1700121600,14.981,15.064,14.594,14.678,466165.73
1700136000,14.681,14.682,13.925,14.136,990813.65
1700150400,14.135,14.253,13.556,14.038,733485.03
1700164800,14.038,14.144,13.67,13.867,515042.43
1700179200,13.873,14.264,13.844,13.991,595160.61
1700193600,13.994,14.073,13.74,13.788,247896.98
1700208000,13.795,13.885,13.272,13.427,466676.89
1700222400,13.43,13.652,12.862,12.958,905519.53
1700236800,12.963,13.649,12.866,13.559,1660768.0999999999
1700251200,13.556,13.85,13.438,13.716,443809.8
1700265600,13.711,13.714,13.369,13.41,342566.24
1700280000,13.412,13.519,12.928,13.349,249331.43
1700294400,13.351,13.501,13.241,13.316,186352.23
1700308800,13.315,13.581,13.107,13.546,318452.48
1700323200,13.559,13.824,13.538,13.726,447083.4
1700337600,13.722,13.773,13.552,13.758,212477.47
1700352000,13.757,14.134,13.376,14.111,395915.57999999996
1700366400,14.108,14.37,13.94,14.287,769883.74
1700380800,14.3,14.368,14.075,14.199,251417.92
1700395200,14.194,14.275,13.975,14.214,317491.43
1700409600,14.217,14.879,14.157,14.875,1029286.77
1700424000,14.88,15.109,14.768,14.921,890262.3200000001
1700438400,14.925,15.18,14.76,14.873,536089.8200000001
1700452800,14.873,15.285,14.841,15.213,233230.0
1700467200,15.219,15.402,15.034,15.11,311045.01
1700481600,15.119,15.4,14.669,15.145,536693.76
1700496000,15.144,15.256,14.69,14.816,738395.66
1700510400,14.816,14.86,14.374,14.486,1235056.68
1700524800,14.486,14.677,14.223,14.41,439087.89
1700539200,14.406,14.406,14.067,14.126,256967.43
1700553600,14.124,14.343,14.107,14.183,217025.47
1700568000,14.183,14.412,13.746,14.266,831706.77
1700582400,14.256,14.332,13.507,13.98,885562.35
1700596800,13.99,14.218,13.308,13.373,579273.9299999999
1700611200,13.372,13.973,13.248,13.966,442567.71
1700625600,13.965,14.314,13.942,14.131,464875.71
1700640000,14.138,14.286,14.053,14.126,277886.47000000003
1700654400,14.125,14.402,14.07,14.227,320763.77
1700668800,14.227,14.578,14.154,14.477,448257.45999999996
1700683200,14.479,14.628,14.196,14.217,479912.2
1700697600,14.219,14.572,14.16,14.414,303886.45
1700712000,14.412,14.658,14.377,14.537,193924.77000000002
1700726400,14.538,14.661,14.265,14.351,243767.74000000002
1700740800,14.352,14.407,14.132,14.143,332301.01
1700755200,14.146,14.859,14.132,14.528,674332.5599999999
1700769600,14.53,14.665,14.368,14.396,249347.28
1700784000,14.402,14.514,14.311,14.368,201707.16999999998
1700798400,14.371,14.433,14.219,14.374,189127.37
1700812800,14.381,14.649,14.34,14.416,205929.21
1700827200,14.416,14.68,14.323,14.587,373492.06
1700841600,14.592,14.847,14.353,14.401,388695.05
1700856000,14.407,14.505,14.28,14.5,399953.01
1700870400,14.502,14.764,14.392,14.761,406976.45999999996
1700884800,14.762,14.787,14.642,14.753,193163.19
1700899200,14.753,14.98,14.648,14.765,319026.45
1700913600,14.761,14.887,14.663,14.795,188814.52
1700928000,14.794,14.876,14.708,14.711,211989.83
1700942400,14.713,14.803,14.683,14.776,210617.76
1700956800,14.779,14.87,14.629,14.779,295758.26
1700971200,14.79,15.19,14.775,15.114,378830.39
1700985600,15.116,15.339,15.076,15.208,268062.65
1701000000,15.205,15.23,14.714,14.813,388429.67
1701014400,14.813,14.898,14.4,14.679,477047.76
1701028800,14.68,14.875,14.567,14.769,187204.26
1701043200,14.773,15.299,14.576,14.693,687636.87
1701057600,14.691,14.841,14.34,14.52,311999.13
1701072000,14.518,14.562,14.2,14.25,279214.32
1701086400,14.247,14.345,14.051,14.093,421468.75
1701100800,14.092,14.311,13.88,13.962,447615.53
1701115200,13.965,14.25,13.888,14.185,453720.83999999997
1701129600,14.183,14.322,14.135,14.15,380660.26
1701144000,14.157,14.191,13.772,13.984,318049.08999999997
1701158400,13.985,14.322,13.911,14.303,160898.13
1701172800,14.303,14.45,14.171,14.392,304816.69
1701187200,14.399,14.724,14.333,14.599,647937.45
1701201600,14.602,14.689,14.453,14.528,302137.86
1701216000,14.53,14.676,14.44,14.65,332014.65
1701230400,14.652,14.8,14.541,14.703,263734.45
1701244800,14.708,14.996,14.628,14.752,355892.86
1701259200,14.751,14.87,14.411,14.587,385557.16000000003
1701273600,14.59,14.688,14.417,14.651,298083.77
1701288000,14.655,14.666,14.465,14.519,280158.08
1701302400,14.519,14.648,14.337,14.648,331183.45
1701316800,14.643,14.705,14.404,14.442,204710.9
1701331200,14.446,14.798,14.288,14.763,374164.26
1701345600,14.775,14.833,14.329,14.392,336034.48
1701360000,14.391,14.455,14.315,14.339,241140.49
1701374400,14.339,14.417,14.271,14.415,232273.93
1701388800,14.419,14.647,14.276,14.615,431424.58999999997
1701403200,14.622,14.777,14.551,14.736,301371.63
1701417600,14.737,14.85,14.709,14.804,343401.01
1701432000,14.804,15.0,14.7,14.941,469218.72000000003
1701446400,14.938,15.064,14.863,14.963,569268.49
1701460800,14.963,15.015,14.909,14.998,283841.93
1701475200,14.997,15.45,14.925,15.347,652086.5
1701489600,15.346,15.893,15.252,15.748,503457.68999999994
1701504000,15.745,15.896,15.614,15.65,327802.97000000003
1701518400,15.65,15.881,15.613,15.85,458286.88999999996
1701532800,15.845,16.162,15.697,16.112,673818.6799999999
1701547200,16.126,16.212,15.919,16.0,401054.83
1701561600,16.0,16.144,15.827,15.955,344326.95
1701576000,15.955,16.293,15.883,16.282,253402.95
1701590400,16.285,16.291,15.9,16.007,195465.55
1701604800,16.005,16.068,15.756,15.838,249411.27
1701619200,15.841,15.921,15.742,15.866,225147.63999999998
1701633600,15.868,16.154,15.677,15.714,716628.32
1701648000,15.713,16.015,15.632,15.911,765113.74
1701662400,15.912,16.397,15.908,16.078,709559.69
1701676800,16.084,16.237,15.16,15.658,728698.86
1701691200,15.659,16.15,15.4,15.456,723433.66
1701705600,15.454,15.738,15.434,15.647,355920.77
1701720000,15.652,15.815,15.522,15.81,398174.52
1701734400,15.805,16.025,15.55,15.649,425725.56
1701748800,15.652,15.656,15.214,15.323,439324.73
1701763200,15.327,15.458,15.184,15.329,287312.82
1701777600,15.32,15.616,15.254,15.542,375730.32999999996
1701792000,15.539,16.08,15.407,15.708,877331.72
1701806400,15.709,15.84,15.459,15.73,514419.4
1701820800,15.73,16.171,15.609,15.71,668580.15
1701835200,15.718,15.809,15.36,15.628,503043.17
1701849600,15.631,16.095,15.341,15.554,477936.94999999995
1701864000,15.551,15.769,15.442,15.544,500448.06
1701878400,15.544,15.786,15.49,15.764,420636.1
1701892800,15.769,15.806,15.23,15.269,417556.94
1701907200,15.271,15.487,15.252,15.468,402576.58999999997
1701921600,15.467,15.722,15.445,15.565,306626.45
1701936000,15.568,15.62,15.04,15.104,539349.9
1701950400,15.101,15.36,14.673,15.237,1317069.63
1701964800,15.238,15.616,15.15,15.227,745027.59
1701979200,15.226,15.8,15.172,15.693,632620.66
1701993600,15.694,15.984,15.559,15.812,573319.6499999999
1702008000,15.817,16.091,15.736,15.906,692618.4099999999
1702022400,15.91,16.5,15.891,16.438,702494.96
1702036800,16.443,17.327,16.33,16.697,2027421.9300000002
1702051200,16.697,16.891,16.542,16.787,770755.55
1702065600,16.787,17.0,16.737,16.92,430461.18
1702080000,16.935,17.195,16.653,16.871,618719.46
1702094400,16.876,17.27,16.865,17.197,603893.99
1702108800,17.196,17.3,16.599,16.977,517596.7
1702123200,16.985,17.096,16.368,16.628,1611912.79
1702137600,16.632,16.68,16.278,16.566,435399.32
1702152000,16.57,16.597,16.042,16.2,372742.35
1702166400,16.199,16.458,16.195,16.372,256454.27000000002
1702180800,16.37,16.425,16.187,16.315,248522.37
1702195200,16.31,16.359,15.776,15.926,392350.83999999997
1702209600,15.932,16.192,15.906,16.134,328574.75
1702224000,16.13,16.217,15.957,16.212,282236.82
1702238400,16.215,16.449,16.195,16.367,293419.37
1702252800,16.372,16.461,14.191,15.109,1734377.85
1702267200,15.095,15.233,14.762,14.865,637097.02
1702281600,14.86,15.182,14.736,15.045,518356.74
1702296000,15.043,15.081,14.597,14.779,616068.12
1702310400,14.778,14.886,14.222,14.566,987047.78
1702324800,14.565,14.827,14.481,14.763,481894.08999999997
1702339200,14.762,15.14,14.761,14.979,445366.27
1702353600,14.974,15.064,14.671,15.039,342182.91000000003
1702368000,15.038,15.051,14.777,14.799,327345.84
1702382400,14.799,15.079,14.559,14.635,422165.63
1702396800,14.639,14.64,14.161,14.392,858515.47
1702411200,14.397,14.561,14.153,14.515,342472.36
1702425600,14.522,14.58,13.908,14.079,608487.32
1702440000,14.071,14.267,13.851,14.202,377528.81
1702454400,14.203,14.362,14.069,14.096,284190.5
1702468800,14.097,14.641,14.083,14.556,394362.62
1702483200,14.56,14.814,14.346,14.79,442260.41000000003
1702497600,14.791,14.961,14.662,14.773,552201.62
1702512000,14.776,14.9,14.67,14.751,401481.94
1702526400,14.75,14.964,14.626,14.853,416395.61
1702540800,14.852,15.3,14.779,15.274,364458.95
1702555200,15.271,15.352,14.301,14.871,996876.73
1702569600,14.873,15.585,14.848,15.284,804010.31
1702584000,15.279,15.511,15.15,15.36,427127.98
1702598400,15.372,15.39,14.967,14.999,384598.3
1702612800,14.997,15.055,14.862,14.882,278558.58999999997
1702627200,14.885,15.209,14.872,15.052,348396.68
1702641600,15.053,15.089,14.638,14.774,470524.13
1702656000,14.772,14.877,14.675,14.767,226681.09
1702670400,14.764,14.832,14.25,14.279,588741.04
1702684800,14.274,14.519,14.088,14.5,327590.28
1702699200,14.497,14.579,14.404,14.427,171837.29
1702713600,14.434,14.548,14.391,14.548,141568.52000000002
1702728000,14.55,14.647,14.469,14.636,166644.84
1702742400,14.632,14.788,14.31,14.38,323759.68
1702756800,14.387,14.467,14.268,14.308,208146.15
1702771200,14.31,14.344,14.109,14.177,363414.73
1702785600,14.182,14.276,14.0,14.023,231205.16
1702800000,14.019,14.268,14.0,14.187,105264.87
1702814400,14.186,14.242,13.997,14.225,160224.42
1702828800,14.233,14.361,14.118,14.26,204194.62
1702843200,14.261,14.337,13.9,14.003,235242.54
1702857600,14.001,14.141,13.599,13.857,407017.54000000004
1702872000,13.857,13.988,13.794,13.881,568822.9299999999
1702886400,13.881,14.416,13.781,14.163,825829.5
1702900800,14.168,14.352,13.944,13.978,536865.23
1702915200,13.983,14.389,13.863,14.298,338991.95
1702929600,14.298,14.68,14.25,14.669,576969.4500000001
1702944000,14.67,14.8,14.515,14.641,341777.1
1702958400,14.645,14.694,14.521,14.59,195186.88
1702972800,14.591,14.658,14.451,14.547,207067.57
1702987200,14.55,14.571,14.1,14.231,403351.5
1703001600,14.222,14.316,13.921,14.063,653166.11
1703016000,14.067,14.144,13.974,14.096,182678.38
1703030400,14.091,14.207,13.976,14.132,166317.93
1703044800,14.137,14.433,14.115,14.426,237492.22999999998
1703059200,14.418,14.51,14.314,14.408,171518.27000000002
1703073600,14.402,14.804,14.32,14.707,372065.11
1703088000,14.708,14.739,14.319,14.337,534437.31
1703102400,14.329,14.361,14.036,14.249,451714.47
1703116800,14.251,14.347,14.18,14.301,202916.8
1703131200,14.301,14.466,14.215,14.432,173627.72
1703145600,14.432,15.086,14.432,15.083,503078.72
1703160000,15.083,15.17,14.618,14.961,462944.18
1703174400,14.962,15.17,14.896,14.957,598885.9
1703188800,14.957,15.308,14.908,15.305,450228.83
1703203200,15.302,15.526,15.178,15.285,726552.4099999999
1703217600,15.304,15.736,15.1,15.179,388405.12
1703232000,15.17,15.404,15.065,15.318,306204.35
1703246400,15.321,15.685,15.108,15.49,490886.07
1703260800,15.483,15.697,15.309,15.322,310817.09
1703275200,15.322,15.516,15.322,15.494,156919.37
1703289600,15.494,15.54,14.932,14.998,266187.93
1703304000,15.002,15.156,14.909,15.039,207318.16
1703318400,15.038,15.342,14.985,15.279,216455.69
1703332800,15.278,15.889,15.239,15.817,531129.6599999999
1703347200,15.825,15.918,15.581,15.625,531361.31
1703361600,15.631,15.791,15.45,15.69,273605.14
1703376000,15.69,15.917,15.543,15.644,338207.26
1703390400,15.65,15.8,15.32,15.531,257455.03
1703404800,15.537,15.821,15.444,15.682,176128.66999999998
1703419200,15.687,15.93,15.579,15.797,250356.13
1703433600,15.797,15.953,15.674,15.859,477341.8
1703448000,15.87,15.943,15.158,15.277,549968.94
1703462400,15.276,15.446,15.124,15.43,163304.59
1703476800,15.442,15.565,15.361,15.4,137242.32
1703491200,15.394,15.51,15.15,15.249,132793.74
1703505600,15.245,15.65,15.179,15.544,271968.61
1703520000,15.538,15.555,15.294,15.388,207239.56
1703534400,15.386,15.739,15.191,15.59,357166.42
1703548800,15.591,15.9,15.493,15.757,240366.99
1703563200,15.769,15.84,15.075,15.3,483132.68
1703577600,15.298,15.431,15.041,15.393,196140.9
1703592000,15.391,15.494,15.054,15.068,221807.15000000002
1703606400,15.071,15.186,14.302,14.835,757660.97
1703620800,14.83,15.104,14.824,15.091,278330.32
1703635200,15.097,15.104,14.649,14.736,233685.01
1703649600,14.739,14.986,14.731,14.892,118079.22
1703664000,14.889,15.509,14.873,15.461,220484.18
1703678400,15.461,16.349,15.385,16.159,1335619.43
1703692800,16.144,16.669,16.121,16.324,1011216.76
1703707200,16.317,16.75,16.284,16.715,562936.17
1703721600,16.731,17.677,16.657,17.431,1555834.48
1703736000,17.451,17.58,16.702,16.945,773499.73
1703750400,16.944,17.347,16.885,17.326,491566.8
1703764800,17.33,17.333,16.09,16.155,1058752.2
1703779200,16.16,16.52,16.116,16.472,399877.8
1703793600,16.471,16.522,15.979,16.012,517901.30000000005
1703808000,16.019,16.123,15.542,15.94,583946.64
1703822400,15.944,16.047,15.682,15.733,293115.44
1703836800,15.733,16.234,15.73,16.173,323602.42
1703851200,16.177,16.234,15.493,15.607,551260.93
1703865600,15.608,15.674,15.184,15.587,892794.1
1703880000,15.587,15.623,15.13,15.543,309033.03
1703894400,15.549,15.623,15.207,15.286,275723.85
1703908800,15.289,15.48,15.278,15.296,144781.35
1703923200,15.302,15.325,15.015,15.142,195506.95
1703937600,15.145,15.411,15.101,15.377,180076.34
1703952000,15.379,15.487,15.225,15.259,181079.34
1703966400,15.256,15.325,15.068,15.169,214292.86
1703980800,15.173,15.327,14.918,15.032,209590.12
1703995200,15.025,15.293,14.99,15.197,115408.41
1704009600,15.204,15.442,15.174,15.325,114019.96
1704024000,15.328,15.526,15.25,15.288,211207.69
1704038400,15.284,15.427,15.045,15.284,344758.52
1704052800,15.283,15.283,14.758,14.935,390026.48
1704067200,14.934,15.199,14.864,14.935,200939.40000000002
1704081600,14.927,15.222,14.812,15.221,349701.07
1704096000,15.216,15.346,15.125,15.295,75494.3
1704110400,15.3,15.328,15.153,15.304,171840.64
1704124800,15.309,15.531,15.18,15.46,345833.29
1704139200,15.456,15.585,15.372,15.56,270546.24
1704153600,15.559,15.881,15.508,15.716,682145.38
1704168000,15.718,15.95,15.712,15.899,228854.33000000002
1704182400,15.902,16.079,15.823,15.869,271402.65
1704196800,15.865,15.977,15.274,15.368,353484.8
1704211200,15.369,15.439,15.105,15.222,430666.6
1704225600,15.227,15.308,15.046,15.169,310603.59
1704240000,15.17,15.4,15.111,15.298,201044.16
1704254400,15.305,15.581,15.264,15.317,154443.64
1704268800,15.316,15.562,14.903,14.949,370859.22
1704283200,14.948,14.981,13.2,14.201,1881815.8599999999
1704297600,14.203,14.295,13.756,14.06,562039.3
1704312000,14.055,14.309,14.039,14.16,326005.64
1704326400,14.155,14.406,13.997,14.321,486390.71
1704340800,14.322,14.509,14.266,14.3,208971.81
1704355200,14.308,14.401,14.112,14.35,137519.41
1704369600,14.355,14.7,14.255,14.681,285677.77
1704384000,14.681,14.717,14.457,14.625,349929.05
1704398400,14.63,14.799,14.471,14.541,345884.32
1704412800,14.546,14.675,13.87,14.136,615447.02
1704427200,14.143,14.529,14.022,14.455,486867.84
1704441600,14.459,14.659,14.18,14.2,640204.78
1704456000,14.204,14.256,13.82,14.047,499400.62
1704470400,14.037,14.119,13.74,13.819,679113.4099999999
1704484800,13.819,14.101,13.805,14.101,418724.87
1704499200,14.1,14.11,13.78,13.841,229877.15000000002
1704513600,13.843,13.885,13.2,13.351,454351.41
1704528000,13.351,13.616,13.239,13.573,276656.6
1704542400,13.58,13.671,13.4,13.629,208447.69
1704556800,13.632,13.698,13.486,13.533,178214.08000000002
1704571200,13.532,13.572,13.267,13.445,162012.2
1704585600,13.444,13.678,13.403,13.569,200558.2
1704600000,13.569,13.747,13.569,13.65,167523.41999999998
1704614400,13.654,13.711,13.401,13.507,131991.55
1704628800,13.507,13.686,13.417,13.484,169760.88
1704643200,13.483,13.617,13.302,13.582,158857.76
1704657600,13.584,13.619,13.0,13.161,290273.78
1704672000,13.165,13.387,12.538,12.848,668102.6799999999
1704686400,12.85,13.57,12.786,13.493,307026.18
1704700800,13.498,13.577,13.219,13.504,185910.64
1704715200,13.504,13.866,13.5,13.593,369869.02
1704729600,13.598,14.415,13.526,14.401,635545.67
1704744000,14.407,14.419,14.107,14.154,233572.25
1704758400,14.159,14.269,13.859,13.998,251431.0
1704772800,13.994,14.188,13.926,14.058,250482.89
1704787200,14.058,14.159,13.698,13.808,166074.28999999998
1704801600,13.809,13.885,13.243,13.565,565370.01
1704816000,13.571,13.734,13.415,13.652,350194.16000000003
1704830400,13.651,13.856,13.356,13.72,730670.73
1704844800,13.722,13.961,13.56,13.643,315649.01
1704859200,13.644,13.803,13.596,13.679,112552.09
1704873600,13.68,14.466,13.574,14.234,739856.07
1704888000,14.228,14.389,13.608,14.262,494918.91000000003
1704902400,14.263,14.343,14.007,14.334,305425.49
1704916800,14.332,15.367,13.994,15.075,984642.6799999999
1704931200,15.08,15.115,14.785,14.991,271251.96
1704945600,14.999,14.999,14.601,14.836,149440.71
1704960000,14.833,15.353,14.784,15.344,280720.28
1704974400,15.339,15.699,14.873,15.04,776143.63
1704988800,15.036,15.144,14.682,15.125,400180.81
1705003200,15.126,15.186,14.823,15.024,203872.71
1705017600,15.027,15.069,14.747,14.787,118363.73999999999
1705032000,14.775,14.994,14.697,14.766,95770.56
1705046400,14.766,15.004,14.644,14.98,109120.9
1705060800,14.981,15.309,14.723,14.772,389644.0
1705075200,14.772,14.929,14.0,14.318,423894.86
1705089600,14.316,14.448,13.604,14.148,406949.39
1705104000,14.152,14.207,13.78,14.024,127095.43000000001
1705118400,14.028,14.244,14.013,14.17,49886.88
1705132800,14.178,14.272,13.996,14.227,71021.09
1705147200,14.22,14.352,14.114,14.244,81739.59
1705161600,14.245,14.319,14.12,14.269,115401.14
1705176000,14.269,14.432,14.264,14.349,125774.37
1705190400,14.346,14.608,14.263,14.442,179173.16
1705204800,14.441,15.229,14.402,14.872,463647.52
1705219200,14.881,15.284,14.838,15.082,271661.78
1705233600,15.086,15.331,14.948,15.219,359123.91000000003
1705248000,15.221,15.42,14.897,14.917,303849.76
1705262400,14.909,15.304,14.73,14.743,410999.86
1705276800,14.736,15.85,14.733,15.572,690789.55
1705291200,15.572,15.679,15.42,15.426,241122.54
1705305600,15.437,15.837,15.434,15.634,239049.38
1705320000,15.638,16.0,15.218,15.311,659859.63
1705334400,15.308,15.691,15.232,15.324,288049.29
1705348800,15.324,15.414,14.98,15.174,215500.03
1705363200,15.175,15.352,15.047,15.322,171159.02
1705377600,15.322,15.322,15.0,15.087,157133.68
1705392000,15.09,15.236,14.96,15.059,81576.98
1705406400,15.056,15.173,14.735,15.054,377954.8
1705420800,15.055,15.166,14.96,15.093,173949.47
1705435200,15.095,15.35,15.094,15.27,201681.69
1705449600,15.267,15.872,15.267,15.83,565647.19
1705464000,15.838,15.99,15.71,15.757,488390.78
1705478400,15.759,16.119,15.598,15.814,373965.65
1705492800,15.814,16.383,15.719,16.105,577007.11
1705507200,16.106,16.158,15.586,15.886,510327.26
1705521600,15.886,15.978,15.494,15.749,282400.52
1705536000,15.752,15.763,15.228,15.275,326363.0
1705550400,15.274,15.497,15.203,15.433,175006.0
1705564800,15.439,15.439,15.156,15.424,121648.56
1705579200,15.425,15.513,15.061,15.158,435547.03
1705593600,15.158,15.158,14.17,14.305,930580.86
1705608000,14.313,14.698,14.217,14.65,433905.7
1705622400,14.65,14.826,14.45,14.781,182991.7
1705636800,14.785,15.031,14.698,15.031,230729.77
1705651200,15.023,15.644,14.873,15.499,541561.26
1705665600,15.494,15.616,15.029,15.142,511707.42000000004
1705680000,15.146,15.531,14.625,15.507,755608.9
1705694400,15.507,16.4,15.363,16.103,795073.52
1705708800,16.106,16.412,15.75,16.0,711102.6699999999
1705723200,15.996,16.5,15.996,16.391,548332.09
1705737600,16.392,16.544,15.822,15.998,438671.33999999997
1705752000,16.007,16.061,15.72,15.735,306336.67
1705766400,15.73,15.912,15.636,15.811,196386.71
1705780800,15.805,15.894,15.691,15.77,232186.57
1705795200,15.771,15.771,15.501,15.671,192923.84
1705809600,15.67,15.67,15.472,15.626,97288.5
1705824000,15.626,15.9,15.55,15.744,161074.26
1705838400,15.744,15.805,15.423,15.483,169741.66
1705852800,15.483,15.596,15.38,15.504,141105.53
1705867200,15.505,15.574,15.351,15.382,120764.09
1705881600,15.378,15.719,15.215,15.559,398599.11
1705896000,15.564,15.962,15.472,15.659,482852.02
1705910400,15.659,15.719,14.944,15.157,419129.73
1705924800,15.157,15.424,14.783,15.068,445526.39999999997
1705939200,15.069,15.146,14.519,14.699,574906.5700000001
1705953600,14.702,14.944,14.498,14.583,271660.32
1705968000,14.577,14.872,14.562,14.692,196751.41999999998
1705982400,14.689,14.866,14.483,14.547,185638.12
1705996800,14.548,14.607,13.854,13.975,740618.69
1706011200,13.976,14.194,13.551,14.114,614667.7
1706025600,14.112,14.228,13.836,13.853,594096.71
1706040000,13.852,14.32,13.778,14.292,418908.18
1706054400,14.293,14.362,14.053,14.115,213161.04
1706068800,14.115,14.295,14.02,14.134,231663.88
1706083200,14.137,14.423,14.098,14.26,242053.32
1706097600,14.259,14.347,13.979,14.14,208172.39
1706112000,14.144,14.326,13.939,14.035,407645.16
1706126400,14.032,14.264,13.902,14.231,179111.03
1706140800,14.235,14.256,13.949,14.006,187903.43
1706155200,14.009,14.04,13.842,14.016,178691.5
1706169600,14.017,14.055,13.755,13.842,168006.54
1706184000,13.844,13.9,13.51,13.582,401174.76
1706198400,13.585,13.836,13.5,13.774,229538.45
1706212800,13.778,13.876,13.715,13.733,174918.43
1706227200,13.733,13.911,13.631,13.85,191537.22
1706241600,13.848,13.909,13.707,13.719,96067.01000000001
1706256000,13.719,14.18,13.715,14.169,228304.54
1706270400,14.172,14.212,13.946,14.2,289729.05
1706284800,14.202,14.296,14.11,14.15,380495.61
1706299200,14.149,14.211,14.043,14.186,136573.01
1706313600,14.184,14.3,14.166,14.286,111265.65999999999
1706328000,14.286,14.348,14.1,14.128,106204.47
1706342400,14.131,14.271,14.09,14.235,58757.5
1706356800,14.243,14.337,14.211,14.285,72534.48000000001
1706371200,14.286,14.399,14.234,14.365,124113.69
1706385600,14.363,14.394,14.302,14.345,120727.32
1706400000,14.344,14.572,14.266,14.562,228204.25
1706414400,14.56,14.644,14.439,14.479,156209.07
1706428800,14.479,14.697,14.437,14.519,144231.24
1706443200,14.52,14.575,14.307,14.403,128643.86
1706457600,14.402,14.49,14.2,14.273,200317.47000000003
1706472000,14.276,14.533,14.205,14.479,142385.08000000002
1706486400,14.478,14.863,14.406,14.716,394389.02
1706500800,14.715,14.818,14.575,14.589,180150.46
1706515200,14.587,14.712,14.486,14.547,101570.28
1706529600,14.552,14.761,14.26,14.704,302176.54
1706544000,14.706,15.076,14.58,14.975,427989.58
1706558400,14.982,15.08,14.933,15.004,222186.59
1706572800,15.005,15.135,14.896,14.955,374958.62
1706587200,14.958,15.055,14.935,14.998,103864.66
1706601600,14.999,15.25,14.943,15.227,184212.49
1706616000,15.228,15.596,14.966,15.596,629983.77
1706630400,15.59,15.804,15.559,15.634,478132.76
1706644800,15.636,15.709,15.38,15.475,267655.39
1706659200,15.475,15.935,15.371,15.84,490677.03
1706673600,15.845,16.05,15.784,15.811,257932.28
1706688000,15.815,15.939,15.414,15.772,240636.14
1706702400,15.772,15.847,15.263,15.701,439982.83999999997
1706716800,15.704,15.859,15.517,15.734,426205.4
1706731200,15.734,15.742,15.075,15.419,472934.3
1706745600,15.417,15.617,15.132,15.175,473183.63999999996
1706760000,15.175,15.819,15.139,15.768,396803.57
1706774400,15.762,15.815,15.458,15.55,289369.63
1706788800,15.553,16.925,15.553,16.681,1166272.19
1706803200,16.685,17.025,16.471,16.937,932146.04
1706817600,16.936,17.377,16.873,17.184,968959.6699999999
1706832000,17.183,18.0,17.13,17.863,905740.47
1706846400,17.852,18.24,17.71,18.107,808881.27
1706860800,18.111,18.196,17.798,17.818,431113.96
1706875200,17.817,18.865,17.689,18.724,1195582.58
1706889600,18.711,18.867,18.0,18.221,803045.35
1706904000,18.217,18.224,17.53,17.826,616174.35
1706918400,17.821,17.939,17.5,17.522,407867.66
1706932800,17.522,17.834,17.522,17.712,180054.47
1706947200,17.709,18.139,17.701,17.955,261651.35
1706961600,17.96,18.089,17.775,18.087,334134.92
1706976000,18.086,18.091,17.658,17.742,355032.85
1706990400,17.742,17.773,17.511,17.652,131210.16
1707004800,17.656,17.981,17.651,17.885,185733.72
1707019200,17.889,17.896,17.528,17.624,137804.95
1707033600,17.627,18.296,17.588,18.159,214291.21000000002
1707048000,18.154,18.381,18.033,18.214,334048.54
1707062400,18.216,18.697,18.152,18.297,605609.66
1707076800,18.298,18.668,18.103,18.148,470220.25
1707091200,18.148,18.496,17.789,18.445,360782.83999999997
1707105600,18.446,18.869,18.383,18.693,503422.63
1707120000,18.691,19.73,18.535,19.659,873715.57
1707134400,19.659,19.777,19.082,19.251,997529.64
1707148800,19.255,19.35,19.085,19.131,438707.73
1707163200,19.135,19.181,18.738,19.139,454431.98000000004
1707177600,19.142,19.309,18.817,18.879,266451.92000000004
1707192000,18.879,19.091,18.79,19.049,226317.9
1707206400,19.047,19.293,18.594,18.757,293959.38
1707220800,18.751,18.865,18.426,18.629,438510.38
1707235200,18.629,18.783,18.388,18.544,462009.63
1707249600,18.544,18.597,18.241,18.287,297199.05
1707264000,18.287,18.39,18.056,18.28,318899.41000000003
1707278400,18.285,18.538,18.158,18.374,275815.42
1707292800,18.38,18.63,18.197,18.276,174738.24
1707307200,18.282,18.433,18.162,18.409,151790.69
1707321600,18.412,18.683,18.345,18.457,386005.79000000004
1707336000,18.47,19.077,18.457,18.812,726897.83
1707350400,18.818,18.987,18.664,18.83,445806.61
1707364800,18.829,19.266,18.736,19.153,362306.85
1707379200,19.149,19.149,18.664,18.683,301743.08
1707393600,18.688,18.744,18.32,18.663,781050.8099999999
1707408000,18.663,18.704,18.081,18.161,398769.85
1707422400,18.162,18.318,18.004,18.216,201702.71
1707436800,18.216,18.5,18.005,18.244,285221.91000000003
1707451200,18.256,18.426,18.123,18.351,138629.01
1707465600,18.345,18.495,18.19,18.418,225263.54
1707480000,18.42,18.622,18.15,18.377,443521.29
1707494400,18.375,18.502,18.2,18.249,284065.17
1707508800,18.249,18.62,18.249,18.483,329521.63
1707523200,18.484,18.772,18.262,18.674,214793.25
1707537600,18.684,18.699,18.325,18.359,170779.64
1707552000,18.357,18.462,18.02,18.177,170897.93
1707566400,18.186,18.457,18.158,18.373,177567.35
1707580800,18.374,18.704,18.314,18.628,167439.67
1707595200,18.629,19.131,18.6,19.088,376473.76
1707609600,19.086,19.819,18.862,19.641,696988.96
1707624000,19.636,20.494,19.622,20.349,691754.77
1707638400,20.37,20.693,20.314,20.562,406698.13
1707652800,20.564,20.618,19.894,20.294,462706.1
1707667200,20.295,20.391,20.02,20.268,270477.19
1707681600,20.27,20.377,20.039,20.153,138710.19
1707696000,20.154,20.636,19.76,20.021,425342.1
1707710400,20.021,20.422,19.954,20.232,194951.95
1707724800,20.228,20.514,19.958,20.466,163023.24
1707739200,20.472,20.804,19.89,20.275,512577.83
1707753600,20.275,20.852,20.143,20.623,624538.09
1707768000,20.623,20.827,20.442,20.481,340332.46
1707782400,20.489,20.612,20.079,20.1,472088.44
1707796800,20.101,20.28,20.069,20.127,151523.16
1707811200,20.122,20.261,20.005,20.112,164693.13
1707825600,20.113,20.196,19.47,19.873,839810.6799999999
1707840000,19.877,19.912,19.602,19.653,307845.02
1707854400,19.65,19.921,19.639,19.879,148026.81
1707868800,19.879,20.195,19.718,20.095,185817.46
1707883200,20.092,20.121,19.903,20.091,100481.36
1707897600,20.098,20.439,19.96,20.273,388376.84
1707912000,20.284,20.358,19.853,20.114,512846.06
1707926400,20.115,20.259,19.97,20.191,220151.64
1707940800,20.195,20.4,20.15,20.262,246114.64
1707955200,20.262,20.569,20.02,20.181,555334.86
1707969600,20.182,20.21,19.818,19.961,260263.67
1707984000,19.976,20.261,19.935,20.033,155379.44999999998
1707998400,20.04,20.237,19.768,19.879,463926.86
1708012800,19.879,20.31,19.664,20.079,286847.58
1708027200,20.072,20.137,19.751,19.951,192146.87
1708041600,19.952,20.09,19.813,20.049,174384.57
1708056000,20.049,20.334,19.86,19.866,270352.93
1708070400,19.864,20.018,19.644,19.895,186972.87
1708084800,19.896,20.2,19.132,19.508,520892.73
1708099200,19.507,19.696,19.232,19.311,392881.18
1708113600,19.311,19.604,19.274,19.566,179203.42
1708128000,19.573,19.588,19.272,19.544,118244.68
1708142400,19.545,19.6,19.416,19.585,87164.8
1708156800,19.582,19.626,19.302,19.527,125531.94
1708171200,19.526,19.87,19.23,19.609,333800.56
1708185600,19.616,20.1,19.572,20.09,319584.15
1708200000,20.091,20.279,20.018,20.038,236781.07
1708214400,20.038,20.063,19.768,19.905,181510.44
1708228800,19.913,20.134,19.848,19.988,67759.46
1708243200,19.986,20.122,19.894,20.03,92899.39
1708257600,20.025,20.098,19.85,19.915,85429.23000000001
1708272000,19.917,20.2,19.833,20.002,215689.51
1708286400,20.0,20.38,19.858,20.123,254092.91
1708300800,20.125,20.25,19.996,20.051,158294.62
1708315200,20.054,20.226,19.9,20.211,147993.41
1708329600,20.213,20.219,19.77,19.914,191707.29
1708344000,19.911,19.92,19.652,19.787,218355.04
1708358400,19.782,20.17,19.773,20.039,368351.9
1708372800,20.046,20.188,19.802,19.834,260293.19
1708387200,19.832,19.886,19.513,19.593,193208.74
1708401600,19.598,19.825,19.497,19.587,108431.67
1708416000,19.587,19.674,19.225,19.593,240985.43
1708430400,19.598,19.712,18.481,18.983,881386.16
1708444800,18.974,19.212,18.599,19.201,343872.11
1708459200,19.198,19.492,19.122,19.296,288831.08
1708473600,19.288,19.292,18.941,18.993,166313.39
1708488000,18.995,19.047,18.656,18.74,168876.61
1708502400,18.742,18.847,18.228,18.286,230008.28999999998
1708516800,18.283,18.576,18.126,18.384,373260.99
1708531200,18.395,18.512,18.002,18.27,374088.39
1708545600,18.268,18.611,18.174,18.597,249172.11
1708560000,18.6,18.633,18.13,18.345,158373.5
1708574400,18.351,18.804,18.278,18.792,179153.84999999998
1708588800,18.806,19.006,18.624,18.65,212421.41
1708603200,18.653,18.713,18.157,18.494,334030.81999999995
1708617600,18.489,18.526,18.257,18.374,208381.31999999998
1708632000,18.37,18.614,18.065,18.105,273334.04
1708646400,18.113,18.277,17.835,17.913,249748.58
1708660800,17.909,18.112,17.817,17.938,132265.37
1708675200,17.936,18.054,17.718,17.961,184865.51
1708689600,17.958,18.056,17.743,17.873,326486.43
1708704000,17.867,18.166,17.585,18.152,381509.8
1708718400,18.134,18.242,17.745,17.934,234610.89
1708732800,17.933,18.19,17.75,18.166,142893.71
1708747200,18.161,18.458,18.126,18.437,223388.32
1708761600,18.441,18.479,18.319,18.38,99967.76999999999
1708776000,18.375,18.385,18.208,18.227,84414.71
1708790400,18.23,18.508,18.23,18.479,120856.48
1708804800,18.476,18.567,18.401,18.535,113800.43
1708819200,18.535,18.68,18.405,18.53,100226.81
1708833600,18.536,18.646,18.437,18.544,51855.82
1708848000,18.559,18.563,18.369,18.55,54187.869999999995
1708862400,18.564,18.821,18.535,18.618,106461.45999999999
1708876800,18.613,18.796,18.498,18.733,275966.54000000004
1708891200,18.734,18.855,18.651,18.724,150667.25
1708905600,18.722,18.848,18.556,18.666,97375.89
1708920000,18.672,18.672,18.44,18.463,73501.83
1708934400,18.459,18.553,18.135,18.243,113752.12
1708948800,18.236,18.905,18.141,18.874,474752.04
1708963200,18.873,19.227,18.8,19.227,419696.38
1708977600,19.219,19.279,19.013,19.103,320956.79
1708992000,19.102,19.358,18.945,19.043,363529.04000000004
1709006400,19.038,19.156,18.962,19.006,151790.16
1709020800,19.001,19.388,18.998,19.275,103214.88
1709035200,19.274,19.351,18.785,18.858,385017.43
1709049600,18.856,19.179,18.672,19.112,273133.5
1709064000,19.116,19.236,19.02,19.032,161292.06
1709078400,19.027,19.113,18.806,18.898,204903.21000000002
1709092800,18.9,19.163,18.896,19.149,112667.14
1709107200,19.15,19.628,19.046,19.252,476957.05000000005
1709121600,19.251,20.85,19.144,19.77,1641755.8900000001
1709136000,19.773,20.336,18.354,18.885,1484318.69
1709150400,18.883,19.469,18.756,19.455,493613.72
1709164800,19.45,19.772,19.266,19.485,605829.04
1709179200,19.486,20.147,19.409,20.075,437941.26
1709193600,20.069,20.462,19.937,20.093,357531.16000000003
1709208000,20.097,20.423,19.863,20.148,537075.64
1709222400,20.149,20.174,19.432,19.749,536338.08
1709236800,19.747,19.819,18.822,19.284,543911.93
1709251200,19.288,19.786,19.275,19.541,317022.21
1709265600,19.543,19.847,19.54,19.719,251003.32
1709280000,19.723,20.06,19.677,19.89,156334.04
1709294400,19.883,20.026,19.587,19.69,296349.07
1709308800,19.693,20.006,19.646,19.87,333796.12
1709323200,19.871,20.114,19.764,20.063,303819.01
1709337600,20.067,20.691,19.976,20.658,700125.25
1709352000,20.662,21.472,20.612,21.241,918138.7
1709366400,21.239,21.285,20.663,20.769,246889.25
1709380800,20.771,21.371,20.755,21.147,520428.54
1709395200,21.147,21.71,21.135,21.392,415610.69
1709409600,21.388,21.47,21.139,21.416,257958.83000000002
1709424000,21.414,21.549,21.04,21.283,228378.07
1709438400,21.281,21.359,19.59,20.249,538918.4099999999
1709452800,20.249,20.532,20.015,20.528,268979.05
1709467200,20.524,20.722,20.365,20.565,161194.85
1709481600,20.567,20.678,20.434,20.573,359011.02
1709496000,20.573,20.703,20.424,20.519,238975.91
1709510400,20.528,20.905,20.165,20.257,542066.3300000001
1709524800,20.256,20.453,20.152,20.381,175034.38
1709539200,20.383,20.813,20.288,20.492,205379.38999999998
1709553600,20.499,20.776,20.137,20.511,447474.37
1709568000,20.516,20.555,19.805,20.363,648901.23
1709582400,20.362,20.623,20.267,20.448,452238.20999999996
1709596800,20.445,20.453,19.976,20.159,465468.52
1709611200,20.157,21.064,20.033,20.43,857092.26
1709625600,20.424,20.907,20.244,20.725,202737.41999999998
1709640000,20.724,20.82,20.26,20.504,635854.7
1709654400,20.487,20.614,17.473,17.782,1976588.8399999999
1709668800,17.785,19.078,17.687,19.002,1166021.33
1709683200,19.002,19.144,18.405,18.623,379046.61
1709697600,18.626,19.54,18.584,19.514,388721.19
1709712000,19.517,19.796,19.379,19.593,317452.98
1709726400,19.593,19.698,19.004,19.383,646844.28
1709740800,19.386,20.116,19.359,19.964,553311.97
1709755200,19.964,20.166,19.891,20.098,353903.77
1709769600,20.1,20.803,19.908,19.975,748559.4
1709784000,19.989,20.074,19.605,19.96,238463.39
1709798400,19.954,20.043,19.814,19.932,131200.97
1709812800,19.932,20.217,19.71,20.1,341298.44
1709827200,20.098,20.233,20.0,20.125,779059.94
1709841600,20.127,20.24,19.993,20.124,426243.89
1709856000,20.129,20.417,19.922,20.002,209127.36000000002
1709870400,20.004,20.036,19.733,19.835,228903.97999999998
1709884800,19.845,20.047,19.781,20.022,185635.96
1709899200,20.02,20.216,19.261,19.721,638269.65
1709913600,19.711,20.002,19.253,19.788,639159.67
1709928000,19.786,19.895,19.595,19.746,267564.29
1709942400,19.746,20.184,19.704,20.094,244186.65
1709956800,20.096,20.221,20.0,20.007,193356.83000000002
1709971200,20.005,20.086,19.708,19.978,111331.66
1709985600,19.976,20.333,19.969,20.244,212975.38
1710000000,20.245,20.369,19.85,19.938,391790.11
1710014400,19.948,20.119,19.945,20.019,155161.08000000002
1710028800,20.017,20.112,19.88,19.933,223270.6
1710043200,19.934,20.079,19.872,20.075,126930.73999999999
1710057600,20.075,20.129,19.674,19.891,214738.57
1710072000,19.896,20.038,19.427,19.618,288946.18
1710086400,19.616,19.884,19.572,19.877,164219.52
1710100800,19.874,21.994,19.719,21.711,1582527.56
1710115200,21.713,22.876,20.761,21.232,2335966.6399999997
1710129600,21.236,21.53,21.009,21.33,574345.8
1710144000,21.341,21.605,21.072,21.367,484459.56
1710158400,21.371,21.631,20.977,21.191,649745.8
1710172800,21.195,21.455,20.925,21.152,476113.62
1710187200,21.155,21.468,21.135,21.277,366538.1
1710201600,21.282,21.347,20.763,20.83,341000.77
1710216000,20.842,20.877,20.423,20.588,251445.27
1710230400,20.584,20.72,20.09,20.501,258333.57
1710244800,20.502,20.819,20.145,20.534,467958.53
1710259200,20.535,20.724,19.543,20.724,805602.47
1710273600,20.726,20.746,20.443,20.705,203575.47
1710288000,20.705,20.92,20.487,20.707,322618.65
1710302400,20.706,20.965,20.512,20.806,204581.53
1710316800,20.803,20.969,20.64,20.721,202549.64
1710331200,20.724,20.754,20.214,20.412,393712.96
1710345600,20.414,20.509,20.295,20.452,206370.24
1710360000,20.452,20.824,20.275,20.767,261089.2
1710374400,20.763,20.835,20.554,20.635,210356.91
1710388800,20.628,20.645,20.326,20.458,167959.57
1710403200,20.452,21.651,20.447,21.63,639494.1
1710417600,21.626,21.989,20.429,20.561,801126.21
1710432000,20.557,21.478,19.85,20.243,869236.1900000001
1710446400,20.242,21.292,20.211,20.875,478830.48
1710460800,20.879,20.992,18.84,19.572,817470.06
1710475200,19.57,19.71,19.1,19.565,414858.98
1710489600,19.57,19.574,18.501,19.238,634579.84
1710504000,19.235,19.601,19.125,19.403,288007.7
1710518400,19.402,19.86,19.187,19.38,498302.83
1710532800,19.381,19.656,18.977,19.634,299326.04
1710547200,19.635,19.825,19.295,19.401,305635.06
1710561600,19.401,19.608,19.113,19.608,214632.53
1710576000,19.608,19.644,19.122,19.302,166064.82
1710590400,19.3,19.367,18.65,19.013,375260.97
1710604800,19.006,19.008,18.02,18.182,544457.13
1710619200,18.189,18.473,17.804,18.105,422920.98
1710633600,18.102,18.396,17.866,18.392,304307.45
1710648000,18.395,18.41,17.378,17.662,322966.97
1710662400,17.657,18.471,17.542,18.319,263333.27
1710676800,18.32,18.598,17.908,18.515,319101.35
1710691200,18.511,18.696,18.433,18.679,277284.77
1710705600,18.677,18.817,18.51,18.65,218275.19
1710720000,18.651,19.168,18.196,18.898,491233.62
1710734400,18.898,19.491,18.763,19.456,378127.59
1710748800,19.458,19.48,18.709,19.225,259353.39
1710763200,19.223,19.279,18.245,18.592,481223.61
1710777600,18.589,18.847,18.046,18.195,370377.05
1710792000,18.201,18.65,18.201,18.299,181542.52
1710806400,18.298,18.46,17.378,17.703,644484.78
1710820800,17.694,17.774,16.716,17.328,500063.69
1710835200,17.332,17.35,16.5,17.309,800749.5800000001
1710849600,17.301,17.815,17.248,17.753,651221.42
1710864000,17.764,17.967,17.473,17.617,354826.22
1710878400,17.618,17.642,16.503,16.804,512371.36000000004
1710892800,16.789,17.255,16.753,16.852,367706.69
1710907200,16.862,17.416,16.262,17.32,502782.92000000004
1710921600,17.318,17.458,17.059,17.411,224360.22
1710936000,17.4,17.69,17.255,17.32,473357.39
1710950400,17.312,18.14,16.6,18.081,784184.05
1710964800,18.087,18.505,18.006,18.419,471306.48
1710979200,18.416,18.545,18.219,18.306,263949.13
1710993600,18.313,18.401,17.88,18.143,171586.86
1711008000,18.144,18.352,18.096,18.234,154002.93
1711022400,18.244,18.773,18.193,18.482,442958.58999999997
1711036800,18.488,18.913,18.063,18.539,451810.35000000003
1711051200,18.527,18.819,18.278,18.447,186290.66999999998
1711065600,18.439,18.574,18.0,18.473,251356.2
1711080000,18.476,18.514,18.318,18.388,174069.86
1711094400,18.381,18.464,17.87,17.891,192080.76
1711108800,17.894,18.114,17.326,17.73,436262.02
1711123200,17.716,18.342,17.535,18.296,343382.47
1711137600,18.281,18.378,17.628,18.372,349712.73
1711152000,18.367,18.477,17.9,18.119,280956.35
1711166400,18.115,18.469,18.108,18.367,187170.91999999998
1711180800,18.377,18.467,18.221,18.414,178802.55
1711195200,18.411,18.45,18.07,18.334,341683.7
1711209600,18.332,18.47,18.265,18.339,207479.75
1711224000,18.328,18.367,18.03,18.067,94417.01
1711238400,18.066,18.347,18.012,18.027,119180.57
1711252800,18.03,18.181,17.976,18.148,45996.74
1711267200,18.149,18.375,18.128,18.365,87802.4
1711281600,18.365,18.446,18.26,18.278,98570.36
1711296000,18.281,18.33,18.013,18.197,158133.49
1711310400,18.195,18.626,18.145,18.522,220105.28
1711324800,18.522,18.747,18.372,18.698,159512.85
1711339200,18.692,19.016,18.587,18.62,167749.09
1711353600,18.633,19.042,18.632,18.896,166988.94
1711368000,18.894,19.389,18.843,19.31,443126.92000000004
1711382400,19.322,19.499,19.277,19.465,346177.99
1711396800,19.471,19.49,19.19,19.381,170786.88
1711411200,19.376,19.783,19.329,19.775,229857.34
1711425600,19.776,20.099,19.718,19.877,192894.21
1711440000,19.875,20.61,19.803,20.424,451302.15
1711454400,20.42,20.735,19.832,20.188,585224.42
1711468800,20.181,20.279,19.64,19.641,264316.89
1711483200,19.648,20.086,19.641,20.009,147800.46000000002
1711497600,20.008,20.187,19.803,19.816,160360.69
1711512000,19.82,19.863,19.506,19.58,101332.64
1711526400,19.588,19.737,19.298,19.719,178935.75
1711540800,19.72,19.963,19.044,19.13,509410.1
1711555200,19.135,19.379,19.0,19.25,264267.62
1711569600,19.249,19.544,19.063,19.284,306126.66000000003
1711584000,19.281,19.4,19.034,19.178,148864.44
1711598400,19.181,19.54,19.162,19.524,84297.32
1711612800,19.527,19.805,19.429,19.587,229431.7
1711627200,19.581,19.665,19.16,19.345,351373.95999999996
1711641600,19.347,19.388,19.132,19.209,159038.72
1711656000,19.213,19.282,19.064,19.146,124612.94
1711670400,19.151,19.215,18.891,19.012,134237.38
1711684800,19.009,19.105,18.712,18.795,85657.95999999999
1711699200,18.789,19.014,18.764,18.963,122088.23
1711713600,18.972,19.298,18.792,18.966,207766.72
1711728000,18.974,19.049,18.758,18.953,148526.96
1711742400,18.95,19.074,18.786,18.978,77565.38
1711756800,18.978,19.046,18.792,18.83,127722.56
1711771200,18.838,19.168,18.813,19.067,110537.35
1711785600,19.063,19.225,18.887,19.201,76986.38
1711800000,19.205,19.302,19.12,19.137,100456.04
1711814400,19.134,19.23,18.907,19.089,164447.31
1711828800,19.086,19.287,18.845,18.945,99730.84
1711843200,18.941,19.074,18.878,18.973,60723.04
1711857600,18.963,19.353,18.932,19.25,144557.2
1711872000,19.246,19.277,18.988,19.023,78369.03
1711886400,19.02,19.119,19.002,19.073,108884.06
1711900800,19.077,19.162,18.967,19.1,155574.8
1711915200,19.102,19.176,18.974,19.17,157433.71
1711929600,19.171,19.281,19.059,19.176,123747.0
1711944000,19.173,19.208,18.257,18.648,393026.92
1711958400,18.646,18.647,18.34,18.361,127948.22
1711972800,18.351,18.569,17.911,17.942,269320.20999999996
1711987200,17.94,18.244,17.849,18.231,218853.45
1712001600,18.228,18.444,18.166,18.371,121171.62
1712016000,18.37,18.373,17.389,17.713,452894.53
1712030400,17.714,18.493,17.609,18.302,330537.07
1712044800,18.31,18.379,17.719,18.036,285110.78
1712059200,18.029,18.231,17.581,17.623,341018.91000000003
1712073600,17.628,17.993,17.535,17.953,322981.80000000005
1712088000,17.956,18.157,17.879,17.958,183975.86
1712102400,17.959,18.341,17.452,18.128,304307.45999999996
1712116800,18.132,18.182,17.967,18.042,105611.6
1712131200,18.04,18.267,17.906,18.009,176412.91
1712145600,18.012,18.132,17.78,17.902,170527.49
1712160000,17.892,18.031,17.598,17.649,138727.61
1712174400,17.644,17.757,17.382,17.691,154821.81
1712188800,17.687,18.021,17.574,17.579,150364.74
1712203200,17.571,17.968,17.397,17.894,176941.54
1712217600,17.893,17.956,17.821,17.858,120034.20999999999
1712232000,17.853,18.137,17.849,18.028,178861.49
1712246400,18.027,18.272,17.855,17.862,172386.41
1712260800,17.875,17.898,17.52,17.8,186298.59
1712275200,17.791,17.791,17.253,17.522,142847.67
1712289600,17.519,17.542,17.1,17.26,118366.7
1712304000,17.258,17.441,16.971,16.985,164453.12
1712318400,16.985,17.506,16.867,17.506,170510.57
1712332800,17.501,17.562,17.289,17.351,117968.3
1712347200,17.343,17.444,17.264,17.33,98374.31
1712361600,17.334,17.453,17.269,17.369,45739.8
1712376000,17.368,17.505,17.323,17.482,42042.979999999996
1712390400,17.472,17.671,17.471,17.621,39030.96
1712404800,17.605,17.641,17.39,17.52,124212.20000000001
1712419200,17.523,17.566,17.41,17.423,55815.97
1712433600,17.427,17.688,17.422,17.564,57093.520000000004
1712448000,17.569,17.811,17.51,17.785,100938.33
1712462400,17.795,17.808,17.505,17.611,102586.24
1712476800,17.616,17.769,17.604,17.747,26171.24
1712491200,17.749,17.842,17.674,17.676,94385.85
1712505600,17.682,17.973,17.551,17.619,115759.97
1712520000,17.612,17.945,17.605,17.917,55137.69
1712534400,17.912,17.927,17.592,17.639,102427.26999999999
1712548800,17.639,17.991,17.547,17.959,38880.32
1712563200,17.972,18.67,17.954,18.587,269510.26
1712577600,18.59,18.663,18.202,18.281,201415.64
1712592000,18.279,18.355,18.008,18.093,204601.31
1712606400,18.098,18.244,18.029,18.102,119826.5
1712620800,18.102,18.18,17.876,17.91,105538.72
1712635200,17.92,18.02,17.68,17.715,71467.62
1712649600,17.72,17.839,17.463,17.829,85760.43000000001
1712664000,17.831,17.879,17.241,17.522,192175.01
1712678400,17.517,17.646,17.339,17.592,200493.2
1712692800,17.585,17.646,17.278,17.354,147666.88
1712707200,17.353,17.46,17.08,17.393,100721.25
1712721600,17.394,17.574,17.369,17.443,56230.22
1712736000,17.437,17.526,17.258,17.385,113029.03
1712750400,17.388,17.438,16.805,17.154,311922.6
1712764800,17.147,17.38,17.044,17.302,125683.78
1712779200,17.301,17.553,17.247,17.415,110128.31
1712793600,17.418,17.45,17.342,17.442,83355.8
1712808000,17.446,17.586,17.323,17.503,45705.1
1712822400,17.509,17.609,17.136,17.171,72608.46
1712836800,17.166,17.403,17.003,17.24,155551.28
1712851200,17.235,17.43,17.04,17.419,166213.61
1712865600,17.42,17.621,17.416,17.558,116915.18
1712880000,17.557,17.866,17.54,17.77,140117.86
1712894400,17.766,17.871,17.661,17.695,88653.36
1712908800,17.699,17.833,17.596,17.635,136768.93
1712923200,17.635,17.639,17.061,17.085,183576.7
1712937600,17.088,17.165,14.2,14.512,2160023.39
1712952000,14.513,15.198,14.427,15.164,1003785.42
1712966400,15.164,15.251,14.67,15.107,365087.54000000004
1712980800,15.107,15.406,15.052,15.161,237704.97
1712995200,15.157,15.284,15.018,15.068,179905.22
1713009600,15.066,15.297,14.886,14.898,270958.07
1713024000,14.899,14.951,13.158,13.457,1292011.97
1713038400,13.459,13.981,11.969,13.318,2607505.6399999997
1713052800,13.317,13.392,12.726,13.114,668361.24
1713067200,13.12,13.936,13.045,13.924,742872.54
1713081600,13.927,14.014,13.413,13.459,313481.0
1713096000,13.455,13.765,13.33,13.571,368267.85
1713110400,13.573,13.828,13.144,13.606,708361.14
1713124800,13.598,14.27,13.374,14.119,528757.91
1713139200,14.118,14.118,13.729,13.878,230692.01
1713153600,13.877,14.615,13.716,14.429,348101.72000000003
1713168000,14.428,14.672,14.339,14.454,192901.63999999998
1713182400,14.45,14.689,13.822,14.125,497062.72
1713196800,14.128,14.2,13.232,13.708,577583.0
1713211200,13.711,13.776,13.35,13.592,218790.95
1713225600,13.59,13.658,13.252,13.358,225554.79
1713240000,13.371,13.821,13.0,13.693,236641.47000000003
1713254400,13.699,13.71,13.1,13.478,167459.47999999998
1713268800,13.477,13.477,12.913,12.945,403743.48
1713283200,12.947,13.393,12.826,13.236,308698.7
1713297600,13.229,13.62,13.216,13.471,164168.03999999998
1713312000,13.47,13.537,13.311,13.426,98392.20999999999
1713326400,13.426,13.58,13.351,13.47,120901.65
1713340800,13.47,13.613,13.222,13.239,134814.81
1713355200,13.246,13.388,12.814,12.882,321408.46
1713369600,12.882,13.469,12.721,13.244,282570.63
1713384000,13.246,13.39,13.096,13.136,141260.52000000002
1713398400,13.134,13.373,12.875,13.283,146050.76
1713412800,13.286,13.372,12.872,12.981,144575.84
1713427200,12.973,13.481,12.816,13.348,112553.05
1713441600,13.345,13.66,13.098,13.6,179284.64
1713456000,13.603,13.719,13.415,13.694,136278.59
1713470400,13.696,13.99,13.629,13.893,144710.66
1713484800,13.897,13.897,12.75,13.303,508565.02
1713499200,13.299,14.0,13.19,13.647,299216.80000000005
1713513600,13.65,13.962,13.634,13.815,227606.96
1713528000,13.818,14.13,13.695,14.002,279639.02
1713542400,14.0,14.045,13.819,14.033,159358.78
1713556800,14.031,14.116,13.707,13.955,125099.33
1713571200,13.954,14.165,13.756,13.967,223697.09
1713585600,13.963,14.098,13.905,14.053,127877.81
1713600000,14.044,14.208,13.939,14.176,145783.37
1713614400,14.177,14.612,14.124,14.609,203762.64
1713628800,14.608,14.973,14.506,14.924,387473.06
1713643200,14.927,15.04,14.878,14.964,185725.4
1713657600,14.965,15.084,14.71,14.94,208868.58000000002
1713672000,14.937,15.001,14.81,14.909,64709.78
1713686400,14.906,14.967,14.758,14.9,44877.43
1713700800,14.901,14.942,14.706,14.825,78496.67
1713715200,14.821,14.859,14.537,14.775,89340.56
1713729600,14.768,15.18,14.737,15.106,162129.43
1713744000,15.112,15.901,15.015,15.838,412960.52
1713758400,15.839,16.039,15.581,15.606,433113.4
1713772800,15.609,15.647,15.28,15.326,148981.55
1713787200,15.327,15.413,15.158,15.353,196511.55
1713801600,15.349,15.466,15.202,15.404,157074.37
1713816000,15.403,15.659,15.388,15.461,135841.97
1713830400,15.459,15.548,15.305,15.415,120945.48999999999
1713844800,15.411,15.584,15.238,15.366,158735.41
1713859200,15.372,15.449,15.223,15.295,101211.25
1713873600,15.297,15.482,15.23,15.256,115634.5
1713888000,15.254,15.401,15.107,15.371,198246.28
1713902400,15.37,15.372,15.126,15.182,102896.66
1713916800,15.181,15.357,15.085,15.289,85268.48000000001
1713931200,15.291,15.512,15.287,15.394,84018.42
1713945600,15.391,15.634,15.372,15.599,91588.72
1713960000,15.598,15.639,14.678,14.715,298978.4
1713974400,14.711,15.025,14.619,14.727,280382.04
1713988800,14.72,14.779,14.101,14.528,438066.14
1714003200,14.532,14.686,14.37,14.543,152136.69
1714017600,14.544,14.897,14.389,14.768,107795.46
1714032000,14.766,14.86,14.423,14.638,130280.32
1714046400,14.633,14.745,14.352,14.727,172386.49
1714060800,14.728,14.799,14.639,14.718,168489.91
1714075200,14.718,14.856,14.544,14.592,91251.55
1714089600,14.592,14.744,14.354,14.617,114525.36
1714104000,14.617,14.931,14.548,14.82,121513.86
1714118400,14.822,14.936,14.504,14.59,63705.72
1714132800,14.588,14.782,14.378,14.673,167610.74
1714147200,14.674,14.802,14.621,14.646,121596.75
1714161600,14.649,14.753,14.432,14.48,117168.02
1714176000,14.485,14.522,13.959,14.171,330288.54000000004
1714190400,14.169,14.293,14.111,14.117,116753.22
1714204800,14.114,14.152,13.936,14.025,82000.43000000001
1714219200,14.03,14.21,13.906,13.949,124754.11
1714233600,13.95,14.389,13.862,14.162,246356.92
1714248000,14.166,14.285,14.088,14.254,97669.56
1714262400,14.259,14.434,14.207,14.321,128252.12
1714276800,14.322,14.383,14.25,14.321,82442.89
1714291200,14.32,14.345,13.997,14.024,140438.02000000002
1714305600,14.024,14.235,14.013,14.098,106468.63
1714320000,14.104,14.213,14.062,14.109,132788.53
1714334400,14.105,14.114,13.723,13.803,137720.63
1714348800,13.808,14.001,13.748,13.825,122851.91
1714363200,13.823,14.084,13.782,13.876,120938.84
1714377600,13.867,13.956,13.725,13.937,68203.8
1714392000,13.936,14.023,13.71,13.976,141825.83
1714406400,13.977,14.034,13.827,14.034,84246.15
1714420800,14.04,14.18,13.913,14.074,153478.69
1714435200,14.074,14.205,13.777,13.98,183018.66
1714449600,13.979,14.028,13.872,13.901,131142.97
1714464000,13.901,13.939,13.114,13.194,338642.04
1714478400,13.191,13.288,12.983,13.083,260324.2
1714492800,13.079,13.081,12.77,12.868,363042.83
1714507200,12.882,13.263,12.882,13.121,199479.01
1714521600,13.121,13.159,12.947,13.132,154051.05
1714536000,13.132,13.249,12.615,12.703,402221.66000000003
1714550400,12.705,12.948,12.404,12.932,339558.54
1714564800,12.933,13.05,12.718,12.766,303498.69
1714579200,12.764,13.501,12.655,12.985,587272.25
1714593600,12.986,13.388,12.942,13.328,164935.53
1714608000,13.331,13.346,12.915,13.147,152326.18
1714622400,13.147,13.368,13.128,13.267,87688.55
1714636800,13.261,13.698,13.248,13.657,158244.36
1714651200,13.656,13.685,13.38,13.625,199641.72
1714665600,13.627,13.733,13.494,13.692,135716.3
1714680000,13.691,13.781,13.531,13.588,177895.24000000002
1714694400,13.59,13.795,13.516,13.691,152514.96
1714708800,13.693,13.721,13.48,13.504,141754.59
1714723200,13.507,13.718,13.453,13.672,133761.99
1714737600,13.67,13.988,13.622,13.947,338938.46
1714752000,13.947,14.066,13.871,14.064,165309.83000000002
1714766400,14.063,14.208,14.029,14.1,261269.45
1714780800,14.101,14.17,13.979,14.087,144632.97
1714795200,14.089,14.196,14.046,14.143,157922.91999999998
1714809600,14.143,14.429,14.116,14.189,235634.12
1714824000,14.191,14.314,14.135,14.27,116988.76
1714838400,14.27,14.482,14.251,14.386,109988.73
1714852800,14.386,14.433,14.281,14.324,112084.87999999999
1714867200,14.32,14.377,14.11,14.216,199911.76
1714881600,14.21,14.281,14.139,14.237,54966.39
1714896000,14.24,14.354,14.227,14.304,54081.399999999994
1714910400,14.302,14.54,14.215,14.519,101526.3
1714924800,14.523,14.662,14.319,14.373,133762.76
1714939200,14.376,14.399,14.301,14.371,63085.34
1714953600,14.375,14.491,14.279,14.377,72916.38
1714968000,14.374,14.75,14.363,14.744,87517.78
1714982400,14.747,15.166,14.739,15.038,379086.94
1714996800,15.035,15.074,14.469,14.685,366808.01
1715011200,14.686,14.764,14.518,14.664,158292.2
1715025600,14.66,14.758,14.481,14.483,94749.23000000001
1715040000,14.487,14.661,14.19,14.324,197450.41
1715054400,14.341,14.385,14.19,14.279,110429.41
1715068800,14.267,14.65,14.243,14.34,210849.39
1715083200,14.343,14.72,14.343,14.5,221451.61
1715097600,14.491,14.546,14.159,14.248,178950.06
1715112000,14.251,14.353,13.963,14.001,239495.04
1715126400,13.996,14.099,13.826,14.032,148539.91
1715140800,14.035,14.064,13.77,13.801,142953.53
1715155200,13.8,13.908,13.742,13.784,84226.98999999999
1715169600,13.769,14.104,13.684,13.998,182365.7
1715184000,13.995,14.114,13.861,13.963,171564.46
1715198400,13.964,14.016,13.704,13.893,242801.85
1715212800,13.892,14.075,13.884,13.993,133464.83000000002
1715227200,13.989,14.136,13.886,14.059,167701.66999999998
1715241600,14.055,14.205,13.93,13.998,205836.99
1715256000,14.002,14.125,13.836,14.045,154575.05
1715270400,14.048,14.266,14.002,14.25,197900.76
1715284800,14.257,14.365,14.146,14.235,117572.09
1715299200,14.235,14.34,14.167,14.318,84498.79000000001
1715313600,14.326,14.37,14.225,14.332,66127.82
1715328000,14.329,14.342,14.23,14.332,62125.97
1715342400,14.334,14.361,13.725,13.827,290384.54
1715356800,13.824,13.837,13.514,13.632,242142.27
1715371200,13.63,13.673,13.487,13.564,114390.97
1715385600,13.564,13.81,13.547,13.616,100122.39
1715400000,13.617,13.651,13.579,13.631,41585.67
1715414400,13.628,13.636,13.41,13.488,90093.84
1715428800,13.49,13.63,13.453,13.488,118796.91
1715443200,13.488,13.554,13.428,13.469,86242.55
1715457600,13.468,13.469,13.267,13.302,294927.62
1715472000,13.3,13.428,13.28,13.363,42388.729999999996
1715486400,13.362,13.444,13.281,13.307,27904.89
1715500800,13.305,13.51,13.282,13.461,65380.57
1715515200,13.467,13.56,13.43,13.52,58493.34
1715529600,13.527,13.589,13.427,13.498,42234.630000000005
1715544000,13.506,13.587,13.437,13.554,84162.64
1715558400,13.559,13.629,13.119,13.318,229789.07
1715572800,13.321,13.52,13.069,13.477,163417.82
1715587200,13.475,13.672,13.379,13.44,183536.31999999998
1715601600,13.437,13.622,13.352,13.496,168701.16
1715616000,13.493,13.67,13.277,13.485,190295.03
1715630400,13.481,13.541,13.346,13.392,86983.93000000001
1715644800,13.391,13.49,13.31,13.431,145616.65
1715659200,13.426,13.556,13.092,13.529,141489.97
1715673600,13.522,13.59,13.332,13.336,87379.81
1715688000,13.328,13.391,13.099,13.257,195689.93
1715702400,13.259,13.259,12.961,13.071,154954.37
1715716800,13.073,13.089,12.93,12.981,89454.08
1715731200,12.98,13.058,12.9,12.953,89359.19
1715745600,12.948,13.117,12.838,13.099,114647.04000000001
1715760000,13.096,13.208,12.971,13.049,76070.95
1715774400,13.049,13.694,13.024,13.621,392172.10000000003
1715788800,13.619,13.897,13.581,13.881,192398.33000000002
1715803200,13.882,13.943,13.747,13.872,212916.96999999997
1715817600,13.872,14.014,13.807,13.982,178395.26
1715832000,13.98,14.063,13.926,13.971,158553.44
1715846400,13.973,14.029,13.778,13.879,245805.88
1715860800,13.875,13.882,13.538,13.774,186414.53999999998
1715875200,13.775,15.096,13.72,15.03,1089507.41
1715889600,15.029,15.868,14.669,15.52,1252585.66
1715904000,15.515,16.105,15.5,15.917,917834.39
1715918400,15.922,16.365,15.628,16.318,625621.73
1715932800,16.328,16.714,16.194,16.521,788437.91
1715947200,16.521,16.765,15.918,16.103,970438.14
1715961600,16.105,16.62,15.992,16.196,620814.64
1715976000,16.195,16.3,16.065,16.247,224733.76
1715990400,16.241,16.402,16.123,16.173,260667.96000000002
1716004800,16.173,16.371,16.055,16.294,307385.89
1716019200,16.293,16.418,16.133,16.195,215366.79
1716033600,16.189,16.57,16.078,16.465,369875.89
1716048000,16.461,16.469,16.236,16.285,227740.53
1716062400,16.286,16.364,16.184,16.331,164353.01
1716076800,16.335,16.528,16.312,16.46,255037.06
1716091200,16.462,16.757,16.327,16.683,374976.44
1716105600,16.672,16.85,16.436,16.65,302357.66000000003
1716120000,16.657,16.998,16.303,16.973,748611.1499999999
1716134400,16.973,17.115,16.64,16.696,735840.36
1716148800,16.696,16.727,16.322,16.561,400080.41000000003
1716163200,16.562,17.036,16.413,16.927,426182.01
1716177600,16.931,17.19,16.646,16.699,575060.15
1716192000,16.699,16.83,16.587,16.715,196103.65
1716206400,16.705,16.705,16.38,16.491,356273.12
1716220800,16.492,17.162,16.375,17.076,812762.08
1716235200,17.073,17.465,16.685,17.267,1175026.1
1716249600,17.268,17.454,16.863,16.945,534451.42
1716264000,16.959,17.148,16.822,16.955,232366.96
1716278400,16.953,17.03,16.858,16.944,248337.37
1716292800,16.943,17.108,16.546,16.605,425915.18
1716307200,16.605,16.861,16.51,16.664,279469.11
1716321600,16.666,16.79,16.578,16.735,192874.26
1716336000,16.741,16.927,16.717,16.88,131676.32
1716350400,16.88,16.88,16.474,16.697,147014.91
1716364800,16.697,16.925,16.562,16.57,117381.8
1716379200,16.571,16.646,16.174,16.553,364580.47000000003
1716393600,16.553,16.733,16.161,16.346,279193.86
1716408000,16.346,16.536,16.2,16.348,223828.98
1716422400,16.349,16.508,16.281,16.429,164516.33000000002
1716436800,16.425,16.676,16.288,16.66,180353.52
1716451200,16.671,16.766,16.502,16.693,167664.14
1716465600,16.694,16.803,15.727,16.111,555494.34
1716480000,16.108,16.308,15.855,15.933,323962.21
1716494400,15.918,16.67,15.418,16.594,886835.28
1716508800,16.588,17.551,16.554,17.474,854145.0700000001
1716523200,17.48,17.586,16.711,16.881,643856.0
1716537600,16.881,17.723,16.737,17.554,544787.74
1716552000,17.554,17.773,17.151,17.204,543442.59
1716566400,17.201,17.529,17.0,17.301,286888.36
1716580800,17.306,17.496,17.18,17.245,110360.48999999999
1716595200,17.248,17.248,17.026,17.12,143550.72999999998
1716609600,17.123,17.251,17.035,17.09,97037.48999999999
1716624000,17.089,17.221,17.031,17.088,133028.84
1716638400,17.09,17.248,16.917,17.178,212875.97999999998
1716652800,17.183,17.463,17.183,17.348,129906.56999999999
1716667200,17.353,17.462,17.285,17.436,97943.11
1716681600,17.438,17.841,17.351,17.758,420388.94999999995
1716696000,17.752,17.901,17.589,17.615,226706.84999999998
1716710400,17.608,17.628,17.254,17.344,181434.77
1716724800,17.338,17.338,17.063,17.127,120349.43000000001
1716739200,17.127,17.203,17.041,17.077,90280.71
1716753600,17.08,17.171,16.983,17.032,103477.63
1716768000,17.032,17.234,16.939,17.123,153973.4
1716782400,17.122,17.144,16.878,17.08,126534.81999999999
1716796800,17.081,17.346,17.039,17.322,111997.88
1716811200,17.322,18.0,17.287,17.998,353610.23
1716825600,17.998,18.821,17.993,18.561,1254446.6099999999
1716840000,18.566,18.849,18.527,18.773,326849.64
1716854400,18.776,18.825,18.0,18.103,727449.54
1716868800,18.108,18.75,18.0,18.038,690403.5800000001
1716883200,18.033,18.315,18.003,18.221,189670.7
1716897600,18.215,18.263,17.857,18.151,407210.01
1716912000,18.155,18.546,17.957,18.486,386769.05
1716926400,18.481,18.578,18.396,18.513,204364.7
1716940800,18.517,18.57,18.236,18.295,147553.84
1716955200,18.292,18.537,18.266,18.266,142132.02
1716969600,18.27,18.772,18.025,18.694,371294.86
1716984000,18.696,19.208,18.661,18.867,1105313.86
1716998400,18.861,18.996,18.484,18.488,280329.18
1717012800,18.489,18.725,18.426,18.434,158292.74
1717027200,18.433,19.19,18.418,18.7,379279.52
1717041600,18.704,18.782,18.182,18.332,238479.28
1717056000,18.329,18.412,18.064,18.078,265398.85
1717070400,18.078,18.49,18.055,18.296,298720.25
1717084800,18.292,18.472,18.01,18.078,182064.53
1717099200,18.075,18.075,17.782,17.944,140366.77
1717113600,17.945,18.074,17.78,17.912,116314.87
1717128000,17.918,18.021,17.709,17.863,68684.14
1717142400,17.868,18.045,17.781,18.037,85098.5
1717156800,18.029,18.221,17.523,17.552,260766.95
1717171200,17.541,18.4,17.449,18.219,216074.87
1717185600,18.218,18.722,18.189,18.395,193316.57
1717200000,18.396,18.429,18.249,18.324,83354.1
1717214400,18.323,18.62,18.294,18.501,89610.27
1717228800,18.509,18.638,18.37,18.532,43261.35
1717243200,18.53,18.665,18.484,18.578,90555.0
1717257600,18.592,18.657,18.443,18.448,99854.22
1717272000,18.447,18.524,18.363,18.425,84496.33
1717286400,18.427,18.55,18.333,18.444,58386.65
1717300800,18.445,18.539,18.338,18.394,53672.94
1717315200,18.398,18.423,18.188,18.393,79899.88
1717329600,18.401,18.514,18.172,18.333,135036.12
1717344000,18.336,18.351,18.103,18.148,90400.16
1717358400,18.154,18.197,18.061,18.138,44004.729999999996
1717372800,18.137,18.218,17.907,18.065,140730.68
1717387200,18.056,18.343,17.951,18.121,75574.52
1717401600,18.121,18.205,17.898,17.946,129879.87
1717416000,17.937,18.256,17.799,17.933,302279.02999999997
1717430400,17.949,17.95,17.623,17.723,258245.27
1717444800,17.717,17.77,17.539,17.629,84730.15
1717459200,17.627,17.66,17.512,17.654,154434.74
1717473600,17.653,17.674,17.522,17.653,121195.67
1717488000,17.653,17.705,17.474,17.63,42757.32
1717502400,17.624,17.839,17.624,17.783,125818.63
1717516800,17.782,17.853,17.556,17.67,155847.21000000002
1717531200,17.67,17.746,17.598,17.719,82799.11
1717545600,17.714,17.933,17.66,17.716,139796.88
1717560000,17.721,18.081,17.704,17.961,102772.3
1717574400,17.957,17.958,17.784,17.888,27653.02
1717588800,17.886,17.9,17.622,17.741,119517.28
1717603200,17.737,17.951,17.694,17.869,85672.36
1717617600,17.869,17.898,17.666,17.746,68499.14
1717632000,17.747,17.78,17.611,17.616,81265.6
1717646400,17.627,17.628,17.31,17.476,185300.13
1717660800,17.469,17.469,17.313,17.359,63024.950000000004
1717675200,17.357,17.54,17.26,17.455,143967.61
1717689600,17.461,17.501,17.153,17.245,162509.0
1717704000,17.245,17.42,17.103,17.243,121715.95
1717718400,17.244,17.396,17.228,17.367,76196.13
1717732800,17.367,17.569,17.362,17.489,83531.64
1717747200,17.491,17.662,17.405,17.596,86363.76000000001
1717761600,17.602,17.707,17.254,17.581,195565.56
1717776000,17.575,17.607,15.5,16.274,884782.33
1717790400,16.275,16.383,16.21,16.311,123142.78
1717804800,16.312,16.359,16.195,16.294,90749.91
1717819200,16.31,16.414,16.275,16.318,113623.39
1717833600,16.306,16.306,15.85,15.863,148672.11000000002
1717848000,15.864,16.017,15.691,15.925,348308.12
1717862400,15.92,15.964,15.679,15.803,119215.13
1717876800,15.804,15.978,15.716,15.928,70524.83
1717891200,15.926,16.079,15.905,16.04,72243.77
1717905600,16.039,16.073,15.906,16.019,39078.76
1717920000,16.013,16.103,15.967,16.008,21765.21
1717934400,16.005,16.111,15.947,16.0,38579.07
1717948800,16.004,16.188,15.99,16.177,48246.95
1717963200,16.176,16.382,16.123,16.375,119066.23000000001
1717977600,16.376,16.392,16.1,16.122,125726.48
1717992000,16.128,16.194,15.795,15.813,83649.1
1718006400,15.813,16.079,15.806,15.978,65453.73
1718020800,15.991,16.245,15.755,16.166,134123.94
1718035200,16.173,16.194,15.835,15.873,172276.88
1718049600,15.873,15.921,15.774,15.899,102278.79
1718064000,15.9,15.907,15.372,15.711,487220.87
1718078400,15.692,15.739,15.356,15.495,286193.44
1718092800,15.493,15.609,15.378,15.407,127253.02
1718107200,15.411,15.481,14.79,14.87,457226.94999999995
1718121600,14.869,15.08,14.654,15.03,338687.77
1718136000,15.026,15.095,14.943,14.989,141252.28999999998
1718150400,14.987,15.195,14.729,15.173,148624.77
1718164800,15.175,15.292,15.154,15.274,116277.95999999999
1718179200,15.276,15.525,15.175,15.195,285670.58999999997
1718193600,15.201,16.141,15.191,16.079,501045.96
1718208000,16.08,16.239,15.603,15.709,474185.94
1718222400,15.69,16.062,15.639,15.999,129928.63
1718236800,16.005,16.046,15.35,15.515,284722.53
1718251200,15.505,15.644,15.49,15.521,62496.97
1718265600,15.525,15.539,15.195,15.309,380984.72000000003
1718280000,15.303,15.604,15.075,15.097,238770.78
1718294400,15.1,15.474,15.05,15.34,127246.09
1718308800,15.336,15.393,15.06,15.135,80413.52
1718323200,15.133,15.442,15.097,15.271,214619.04
1718337600,15.269,15.435,15.269,15.339,188544.59
1718352000,15.328,15.439,15.27,15.419,147174.36000000002
1718366400,15.419,15.455,15.143,15.189,135877.73
1718380800,15.186,15.203,14.476,14.503,742749.76
1718395200,14.51,14.93,14.423,14.742,257889.91999999998
1718409600,14.737,14.898,14.695,14.856,143248.48
1718424000,14.865,15.103,14.793,15.004,110058.8
1718438400,15.002,15.056,14.884,14.898,108805.94
1718452800,14.898,15.038,14.849,14.983,92774.86
1718467200,14.978,15.022,14.832,14.9,104294.59
1718481600,14.902,14.913,14.779,14.852,87551.68
1718496000,14.852,14.86,14.631,14.65,75881.33
1718510400,14.65,14.873,14.564,14.836,43397.81
1718524800,14.823,14.964,14.766,14.916,36970.18
1718539200,14.907,15.188,14.895,15.143,156696.68
1718553600,15.141,15.157,15.03,15.098,84633.39
1718568000,15.096,15.219,15.078,15.131,121833.78
1718582400,15.131,15.209,14.779,14.788,168259.8
1718596800,14.792,14.922,14.588,14.768,99603.54000000001
1718611200,14.767,14.811,14.194,14.322,227507.91
1718625600,14.316,14.42,14.12,14.285,257479.94
1718640000,14.268,14.83,14.008,14.691,419318.83
1718654400,14.69,14.702,14.51,14.518,291240.18
1718668800,14.519,14.616,12.93,13.737,835690.9500000001
1718683200,13.738,13.827,13.613,13.728,164051.71000000002
1718697600,13.721,13.823,13.437,13.642,175180.16
1718712000,13.642,13.717,13.15,13.572,538204.56
1718726400,13.567,13.608,13.268,13.595,310508.60000000003
1718740800,13.588,13.988,13.49,13.977,333767.3
1718755200,13.98,14.319,13.909,14.202,420569.66
1718769600,14.216,14.397,14.194,14.393,132909.02000000002
1718784000,14.397,14.415,14.165,14.271,149975.34999999998
1718798400,14.273,14.342,14.072,14.183,272484.73
1718812800,14.188,14.476,14.153,14.371,200234.59
1718827200,14.373,14.497,14.229,14.338,116602.75
1718841600,14.34,14.499,14.275,14.358,230160.84
1718856000,14.353,14.744,14.323,14.728,230657.38999999998
1718870400,14.73,14.848,14.576,14.653,211549.41
1718884800,14.653,14.695,14.272,14.325,316839.39
1718899200,14.327,14.505,14.185,14.499,166436.07
1718913600,14.503,14.531,14.242,14.248,113036.7
1718928000,14.252,14.344,14.1,14.21,192670.88
1718942400,14.216,14.447,14.149,14.299,201063.28
1718956800,14.3,14.549,14.049,14.508,279401.44
1718971200,14.504,14.582,14.162,14.302,409659.57999999996
1718985600,14.299,14.346,13.943,14.122,358772.25
1719000000,14.116,14.195,13.84,13.844,192853.8
1719014400,13.845,13.905,13.731,13.821,113859.04
1719028800,13.813,13.886,13.725,13.753,76593.47
1719043200,13.748,13.755,13.57,13.62,108717.84
1719057600,13.626,13.853,13.581,13.738,146536.34000000003
1719072000,13.738,13.763,13.59,13.619,99150.66
1719086400,13.621,13.624,13.451,13.477,157322.68
1719100800,13.478,13.663,13.474,13.639,85725.73
1719115200,13.64,13.676,13.53,13.645,53860.19
1719129600,13.646,13.664,13.477,13.564,48235.03
1719144000,13.561,13.579,13.373,13.45,118267.04999999999
1719158400,13.452,13.454,13.305,13.396,120414.48
1719172800,13.393,13.393,13.138,13.184,156035.99
1719187200,13.186,13.27,13.055,13.212,229228.52
1719201600,13.207,13.228,12.931,13.025,170116.82
1719216000,13.024,13.238,12.69,13.138,284795.35000000003
1719230400,13.128,13.684,13.093,13.177,646918.1900000001
1719244800,13.174,13.351,13.083,13.141,334466.81
1719259200,13.143,13.632,13.0,13.609,292720.12
1719273600,13.601,14.1,13.566,13.994,416238.69
1719288000,13.995,14.131,13.857,13.866,205265.83
1719302400,13.871,14.119,13.82,13.918,168971.9
1719316800,13.912,14.154,13.827,14.095,165650.75
1719331200,14.089,14.235,14.022,14.182,162783.36
1719345600,14.186,14.293,14.104,14.192,120431.73000000001
1719360000,14.191,14.28,14.086,14.207,106674.97
1719374400,14.205,14.287,14.106,14.226,64727.37
1719388800,14.238,14.256,13.977,14.018,65240.47
1719403200,14.026,14.049,13.86,13.943,143888.28999999998
1719417600,13.95,14.081,13.85,14.07,77201.70000000001
1719432000,14.068,14.106,13.891,13.906,77975.95
1719446400,13.906,13.922,13.751,13.816,67960.43
1719460800,13.822,13.873,13.576,13.652,68637.52
1719475200,13.656,13.918,13.656,13.853,76884.85
1719489600,13.849,14.229,13.845,14.077,284150.69
1719504000,14.071,14.549,14.015,14.353,270493.95
1719518400,14.352,14.417,14.267,14.409,76480.67
1719532800,14.408,14.503,14.251,14.38,71670.70999999999
1719547200,14.377,14.395,14.125,14.194,72210.48999999999
1719561600,14.185,14.375,14.13,14.331,53940.42
1719576000,14.325,14.578,14.244,14.345,232333.88
1719590400,14.345,14.397,13.961,14.055,277707.61
1719604800,14.065,14.095,13.734,13.755,102863.73999999999
1719619200,13.754,14.143,13.725,14.068,92112.81
1719633600,14.065,14.098,13.927,13.945,54758.49
1719648000,13.946,13.95,13.78,13.841,48103.54
1719662400,13.834,13.853,13.563,13.658,87024.24
1719676800,13.661,13.691,13.527,13.636,62606.600000000006
1719691200,13.626,13.678,13.45,13.523,105714.23999999999
1719705600,13.524,13.596,13.429,13.51,63616.05
1719720000,13.507,13.693,13.431,13.65,85075.37
1719734400,13.66,13.727,13.523,13.523,60449.95
1719748800,13.527,13.676,13.498,13.673,71068.75
1719763200,13.674,13.997,13.604,13.985,140117.21
1719777600,13.987,14.325,13.94,14.251,205594.25
1719792000,14.258,14.415,14.219,14.274,218336.87
1719806400,14.276,14.408,14.255,14.368,110803.29000000001
1719820800,14.37,14.459,14.265,14.391,115196.12
1719835200,14.39,14.463,14.201,14.367,177741.61
1719849600,14.362,14.516,14.333,14.461,155234.66
1719864000,14.449,14.562,14.292,14.32,134265.02
1719878400,14.325,14.463,14.232,14.435,67974.87
1719892800,14.439,14.681,14.377,14.539,267164.01
1719907200,14.546,14.73,14.488,14.623,119714.48000000001
1719921600,14.617,14.668,14.331,14.472,138359.90000000002
1719936000,14.467,14.577,14.358,14.512,86404.94
1719950400,14.515,14.566,14.386,14.397,98018.57
1719964800,14.392,14.493,14.076,14.173,234732.16999999998
1719979200,14.17,14.572,14.092,14.383,237549.03999999998
1719993600,14.368,14.552,14.129,14.339,212841.63
1720008000,14.344,14.563,14.039,14.366,234513.08000000002
1720022400,14.362,14.462,13.684,13.731,397227.65
1720036800,13.724,13.796,13.541,13.576,185860.9
1720051200,13.577,13.723,12.999,13.261,444595.6
1720065600,13.259,13.401,13.085,13.139,164583.14
1720080000,13.138,13.278,13.004,13.053,197657.92
1720094400,13.053,13.086,12.604,13.073,377827.42
1720108800,13.061,13.134,12.934,12.94,209340.4
1720123200,12.94,13.142,12.51,12.536,293684.81
1720137600,12.532,12.545,11.119,11.33,1170850.68
1720152000,11.327,11.716,11.042,11.507,544895.14
1720166400,11.497,12.023,11.132,11.984,343105.06
1720180800,11.983,12.404,11.789,12.313,650702.16
1720195200,12.311,12.46,12.163,12.369,639616.4500000001
1720209600,12.37,12.387,12.251,12.309,203897.61
1720224000,12.31,12.61,12.187,12.314,274731.84
1720238400,12.307,12.571,12.231,12.498,153581.18
1720252800,12.491,12.58,12.33,12.549,95977.52
1720267200,12.542,12.765,12.435,12.694,167819.71000000002
1720281600,12.692,13.13,12.668,13.08,322759.56
1720296000,13.074,13.283,12.988,13.182,219867.63999999998
1720310400,13.184,13.196,12.976,13.051,171013.23
1720324800,13.049,13.062,12.67,12.78,197487.59
1720339200,12.777,12.966,12.763,12.843,59066.94
1720353600,12.836,12.93,12.419,12.524,163777.23
1720368000,12.513,12.767,12.493,12.609,65229.17
1720382400,12.607,12.712,12.286,12.352,265777.53
1720396800,12.353,12.415,11.775,12.271,341668.66000000003
1720411200,12.271,12.746,12.229,12.596,185982.27000000002
1720425600,12.593,13.524,12.573,13.483,651649.54
1720440000,13.475,13.521,12.669,12.819,671858.99
1720454400,12.818,12.993,12.715,12.916,235088.18
1720468800,12.921,13.249,12.81,13.123,266261.43
1720483200,13.122,13.314,12.921,13.032,211034.27
1720497600,13.042,13.116,12.927,12.942,119605.92000000001
1720512000,12.943,13.252,12.894,13.173,136639.99
1720526400,13.169,13.22,12.745,12.876,308622.17
1720540800,12.871,12.987,12.727,12.85,235108.02
1720555200,12.845,12.945,12.744,12.839,154069.96
1720569600,12.833,12.913,12.693,12.869,163999.6
1720584000,12.872,13.171,12.867,12.979,316387.97
1720598400,12.977,12.991,12.837,12.897,123872.9
1720612800,12.895,12.939,12.732,12.903,237716.56999999998
1720627200,12.9,13.023,12.76,12.785,134799.03
1720641600,12.782,12.828,12.71,12.792,125230.01000000001
1720656000,12.792,12.924,12.549,12.621,200241.31
1720670400,12.62,12.832,12.602,12.827,78726.89
1720684800,12.824,12.972,12.76,12.926,104201.32
1720699200,12.93,13.159,12.651,12.722,495723.57999999996
1720713600,12.714,12.859,12.559,12.565,129029.89
1720728000,12.553,12.556,12.289,12.343,284308.19
1720742400,12.351,12.567,12.229,12.474,179291.12
1720756800,12.474,12.522,12.363,12.45,110899.06
1720771200,12.45,12.478,12.281,12.408,153795.69
1720785600,12.412,12.733,12.378,12.673,230258.91
1720800000,12.678,12.832,12.591,12.695,204094.8
1720814400,12.695,12.745,12.556,12.739,103221.48
1720828800,12.749,12.933,12.705,12.814,151768.27000000002
1720843200,12.82,13.025,12.759,13.025,107169.12999999999
1720857600,13.026,13.099,12.912,13.02,71756.68000000001
1720872000,13.023,13.067,12.931,13.053,66000.36
1720886400,13.054,13.12,12.94,13.056,132853.26
1720900800,13.061,13.137,12.882,13.021,245189.85
1720915200,13.022,13.135,12.898,12.967,217093.42
1720929600,12.969,13.161,12.965,13.097,192359.41
1720944000,13.108,13.27,13.08,13.111,201063.61
1720958400,13.113,13.285,12.992,13.273,127373.88
1720972800,13.273,13.35,13.199,13.251,90666.8
1720987200,13.249,13.531,13.231,13.46,260052.34000000003
1721001600,13.45,13.843,13.409,13.812,402843.72
1721016000,13.812,13.892,13.649,13.838,207632.12
1721030400,13.838,13.904,13.729,13.778,133486.08000000002
1721044800,13.777,13.983,13.774,13.887,254518.03
1721059200,13.883,14.197,13.838,14.14,388370.0
1721073600,14.138,14.51,14.132,14.403,484898.4
1721088000,14.4,14.512,14.278,14.433,164456.28999999998
1721102400,14.423,14.473,13.924,13.964,279677.07
1721116800,13.961,14.149,13.82,14.093,193490.07
1721131200,14.093,14.5,13.936,14.442,241939.81
1721145600,14.442,14.628,14.253,14.349,291589.05
1721160000,14.348,14.353,14.1,14.214,221740.22999999998
1721174400,14.216,14.505,14.199,14.31,151069.47
1721188800,14.317,14.42,14.261,14.382,86521.5
1721203200,14.38,14.485,14.217,14.323,130738.98
1721217600,14.319,14.474,14.127,14.139,219434.77
1721232000,14.131,14.16,13.79,13.972,244262.13
1721246400,13.975,13.994,13.731,13.736,139669.74
1721260800,13.739,14.0,13.738,13.882,109889.05
1721275200,13.877,13.971,13.715,13.833,106565.33
1721289600,13.841,13.9,13.64,13.802,195084.4
1721304000,13.804,13.962,13.524,13.532,289701.70999999996
1721318400,13.529,13.693,13.413,13.553,219483.46
1721332800,13.552,13.67,13.502,13.594,101081.44
1721347200,13.59,13.665,13.34,13.639,134243.24
1721361600,13.644,13.738,13.491,13.565,135433.49
1721376000,13.564,13.645,13.367,13.424,119306.31
1721390400,13.425,13.9,13.4,13.879,254651.37
1721404800,13.88,14.15,13.877,14.142,246731.65000000002
1721419200,14.14,14.149,14.008,14.087,109105.56
1721433600,14.084,14.112,13.867,14.037,141105.59000000003
1721448000,14.039,14.228,14.014,14.111,78608.01
1721462400,14.11,14.154,13.91,13.919,57291.75
1721476800,13.92,14.107,13.856,14.098,97693.14
1721491200,14.098,14.299,14.039,14.225,187468.96
1721505600,14.223,14.339,14.188,14.251,142761.78
1721520000,14.253,14.342,14.152,14.173,95727.94
1721534400,14.174,14.201,13.95,13.967,75890.55
1721548800,13.984,14.365,13.98,14.215,108351.66
1721563200,14.21,14.72,14.177,14.468,318527.58
1721577600,14.453,14.779,13.987,14.539,373409.05000000005
1721592000,14.537,15.008,14.507,14.821,428869.15
1721606400,14.824,14.878,14.451,14.475,193856.3
1721620800,14.481,14.556,14.214,14.286,175916.1
1721635200,14.289,14.383,14.176,14.371,221420.77000000002
1721649600,14.365,14.397,14.043,14.144,254783.15999999997
1721664000,14.161,14.231,14.058,14.214,236763.92
1721678400,14.215,14.223,13.79,13.94,301787.26
1721692800,13.942,14.166,13.921,14.048,210680.81
1721707200,14.049,14.054,13.68,13.876,174772.57
1721721600,13.87,14.125,13.861,13.984,122446.96
1721736000,13.982,13.989,13.644,13.805,165707.69
1721750400,13.809,13.938,13.496,13.897,161170.06
1721764800,13.899,14.014,13.799,13.909,115138.95999999999
1721779200,13.909,13.924,13.779,13.864,88082.85
1721793600,13.863,13.869,13.696,13.856,133766.19
1721808000,13.855,13.889,13.738,13.871,76345.66
1721822400,13.87,13.957,13.723,13.736,138449.11
1721836800,13.734,13.878,13.553,13.567,149523.81
1721851200,13.574,13.631,13.25,13.403,194240.4
1721865600,13.403,13.443,12.832,12.966,357698.46
1721880000,12.963,13.146,12.9,13.021,145150.05
1721894400,13.021,13.06,12.879,12.941,114534.02
1721908800,12.948,13.023,12.711,12.829,216942.68
1721923200,12.828,12.914,12.503,12.627,237965.72
1721937600,12.622,12.984,12.461,12.935,214273.41999999998
1721952000,12.934,13.304,12.906,13.23,185139.39
1721966400,13.229,13.507,13.221,13.396,122946.57
1721980800,13.395,13.472,13.269,13.329,102829.59
1721995200,13.331,13.566,13.267,13.51,164112.21
1722009600,13.512,13.641,13.476,13.573,100857.94
1722024000,13.571,13.586,13.476,13.53,87590.75
1722038400,13.528,13.6,13.448,13.54,86023.93
1722052800,13.538,13.683,13.537,13.647,48975.43
1722067200,13.655,13.698,13.572,13.649,85396.7
1722081600,13.649,13.875,13.53,13.622,132373.81
1722096000,13.624,13.665,13.369,13.527,123710.81
1722110400,13.527,13.73,13.262,13.549,162588.75
1722124800,13.546,13.591,13.428,13.445,80510.16
1722139200,13.44,13.496,13.301,13.449,84234.9
1722153600,13.446,13.636,13.396,13.587,31291.13
1722168000,13.592,13.644,13.401,13.429,60518.46
1722182400,13.431,13.498,13.238,13.34,236629.96
1722196800,13.343,13.354,13.188,13.305,85480.09
1722211200,13.301,13.795,13.298,13.705,256540.24
1722225600,13.709,13.893,13.66,13.881,111433.68
1722240000,13.888,13.903,13.767,13.821,128232.68
1722254400,13.821,13.866,13.468,13.551,262760.19
1722268800,13.544,13.656,13.38,13.593,189827.82
1722283200,13.592,13.678,13.492,13.534,69930.23999999999
1722297600,13.533,13.774,13.409,13.762,106526.41
1722312000,13.759,13.79,13.608,13.694,47338.89
1722326400,13.687,13.718,13.487,13.53,64343.5
1722340800,13.528,13.673,13.428,13.545,158158.4
1722355200,13.539,13.561,13.071,13.137,118473.73
1722369600,13.131,13.24,12.98,13.13,139130.27000000002
1722384000,13.124,13.313,13.069,13.254,82827.88
1722398400,13.247,13.415,13.091,13.297,123617.24
1722412800,13.305,13.307,13.093,13.137,80853.86
1722427200,13.137,13.256,13.048,13.075,68915.48000000001
1722441600,13.075,13.144,12.819,12.91,274788.56
1722456000,12.899,12.982,12.77,12.823,168324.32
1722470400,12.823,12.936,12.769,12.806,110418.6
1722484800,12.809,12.885,12.626,12.817,91505.94
1722499200,12.819,13.045,12.817,13.023,79061.03
1722513600,13.022,13.092,12.491,12.506,193010.83
1722528000,12.507,12.521,12.12,12.41,270737.81
1722542400,12.408,12.953,12.314,12.873,291750.63
1722556800,12.872,12.936,12.569,12.772,123855.37
1722571200,12.768,12.799,12.386,12.479,169543.37
1722585600,12.476,12.585,12.386,12.509,114535.0
1722600000,12.512,12.661,11.793,12.091,507473.76
1722614400,12.086,12.095,11.751,11.904,312488.22000000003
1722628800,11.898,12.044,11.781,11.908,271618.68
1722643200,11.908,11.962,11.592,11.951,241489.04
1722657600,11.95,12.079,11.924,12.044,73398.18
1722672000,12.039,12.096,11.948,12.03,78578.35
1722686400,12.033,12.127,11.779,11.81,171409.01
1722700800,11.809,11.838,11.371,11.378,447167.4
1722715200,11.385,11.768,11.336,11.679,215005.75
1722729600,11.68,11.778,11.575,11.732,113725.29000000001
1722744000,11.737,11.775,11.555,11.561,92031.96
1722758400,11.568,11.657,11.5,11.569,90874.78
1722772800,11.566,11.631,11.0,11.013,292265.86
1722787200,11.015,11.128,10.484,11.073,678425.93
1722801600,11.07,11.205,10.779,10.884,342562.1
1722816000,10.884,10.973,9.32,9.334,1553194.5499999998
1722830400,9.32,9.427,8.082,9.052,1448705.4
1722844800,9.054,9.079,8.123,8.473,836835.5
1722859200,8.468,9.543,8.111,9.451,2135503.55
1722873600,9.45,9.798,9.175,9.315,877444.29
1722888000,9.318,9.701,9.318,9.49,407343.04000000004
1722902400,9.492,10.182,9.482,9.952,672837.0
1722916800,9.946,10.16,9.894,10.119,422968.98
1722931200,10.118,10.12,9.82,9.99,278247.33
1722945600,9.988,10.417,9.772,10.377,603550.2
1722960000,10.377,10.466,10.096,10.116,513772.29000000004
1722974400,10.111,10.275,10.016,10.071,413549.96
1722988800,10.067,10.418,9.962,10.318,332210.68
1723003200,10.319,10.489,10.263,10.349,270811.62
1723017600,10.343,10.46,10.132,10.141,234728.67
1723032000,10.14,10.228,9.649,9.817,571490.87
1723046400,9.814,9.834,9.51,9.603,330659.06
1723060800,9.603,9.699,9.423,9.489,349218.24
1723075200,9.492,10.055,9.34,9.963,311785.99
1723089600,9.969,10.06,9.91,9.92,120772.47
1723104000,9.913,10.082,9.897,10.03,91632.75
1723118400,10.027,10.31,9.92,10.202,281433.71
1723132800,10.204,10.456,10.191,10.326,184672.0
1723147200,10.327,10.837,10.307,10.754,452177.77
1723161600,10.752,10.752,10.548,10.608,253445.5
1723176000,10.602,10.627,10.425,10.562,193059.26
1723190400,10.563,10.614,10.373,10.439,115933.81
1723204800,10.437,10.527,10.167,10.179,270647.08
1723219200,10.179,10.465,10.16,10.44,210275.81
1723233600,10.442,10.555,10.365,10.541,191565.12
1723248000,10.542,10.674,10.487,10.549,181503.96
1723262400,10.552,10.676,10.473,10.638,95150.77
1723276800,10.636,10.706,10.571,10.676,98392.33
1723291200,10.673,10.689,10.544,10.577,156009.03
1723305600,10.576,10.622,10.534,10.587,144812.09
1723320000,10.586,10.615,10.516,10.555,79036.98999999999
1723334400,10.559,10.747,10.539,10.659,110237.79000000001
1723348800,10.678,10.74,10.602,10.737,59365.21
1723363200,10.745,10.844,10.546,10.586,114428.15
1723377600,10.582,10.602,10.327,10.397,148285.78
1723392000,10.401,10.469,10.205,10.211,139433.56
1723406400,10.209,10.209,9.948,10.001,204678.62
1723420800,10.001,10.119,9.943,10.072,169158.51
1723435200,10.077,10.263,9.948,10.234,131113.65
1723449600,10.237,10.682,10.207,10.641,198019.25
1723464000,10.649,10.754,10.148,10.589,321588.47
1723478400,10.595,10.647,10.262,10.376,165234.21
1723492800,10.376,10.616,10.326,10.553,126453.36
1723507200,10.553,10.591,10.295,10.322,145092.19
1723521600,10.316,10.393,10.262,10.266,103266.4
1723536000,10.269,10.307,10.097,10.231,87954.65
1723550400,10.233,10.479,10.2,10.311,254015.38
1723564800,10.303,10.675,10.303,10.596,297263.06
1723579200,10.612,10.69,10.543,10.574,144396.11
1723593600,10.574,10.66,10.517,10.593,90783.93
1723608000,10.593,10.702,10.561,10.625,99361.47
1723622400,10.631,10.705,10.533,10.605,115890.83
1723636800,10.603,10.747,10.212,10.47,359097.95999999996
1723651200,10.471,10.486,10.316,10.376,169987.84
1723665600,10.375,10.436,10.279,10.396,164238.67
1723680000,10.392,10.475,10.359,10.472,148723.78
1723694400,10.468,10.5,10.264,10.341,160165.22999999998
1723708800,10.337,10.474,10.316,10.449,108208.22
1723723200,10.455,10.693,10.416,10.636,327556.73
1723737600,10.639,10.685,10.012,10.076,493800.62
1723752000,10.072,10.209,9.98,10.177,256959.75
1723766400,10.177,10.306,10.085,10.174,155527.34
1723780800,10.176,10.401,10.154,10.323,123650.4
1723795200,10.326,10.349,10.165,10.192,153520.16999999998
1723809600,10.192,10.274,9.917,10.028,390624.59
1723824000,10.024,10.246,9.962,10.212,327911.55000000005
1723838400,10.216,10.26,10.123,10.123,162511.94
1723852800,10.117,10.164,10.045,10.1,112566.29
1723867200,10.095,10.112,10.045,10.087,65501.32
1723881600,10.085,10.142,10.03,10.065,75812.16
1723896000,10.062,10.177,10.051,10.094,84258.86
1723910400,10.1,10.18,10.074,10.132,75399.93
1723924800,10.133,10.165,10.091,10.158,93865.1
1723939200,10.154,10.224,10.071,10.086,81865.63
1723953600,10.083,10.112,10.06,10.079,56651.61
1723968000,10.079,10.252,10.068,10.229,83867.27
1723982400,10.229,10.446,10.2,10.387,170400.08000000002
1723996800,10.393,10.472,10.28,10.358,154723.25
1724011200,10.359,10.38,10.075,10.087,127321.49
1724025600,10.083,10.201,10.021,10.178,166113.78
1724040000,10.17,10.18,10.08,10.108,87096.2
1724054400,10.107,10.164,9.951,10.049,169532.81
1724068800,10.041,10.129,9.947,10.04,171988.33
1724083200,10.035,10.177,9.949,10.095,177522.97
1724097600,10.094,10.2,10.073,10.185,129038.95000000001
1724112000,10.186,10.427,10.162,10.425,276472.94
1724126400,10.429,10.551,10.393,10.512,222888.32
1724140800,10.51,10.524,10.382,10.41,112059.73000000001
1724155200,10.408,10.472,10.045,10.121,422632.9
1724169600,10.105,10.289,10.091,10.261,178766.44
1724184000,10.262,10.314,10.192,10.235,197595.55
1724198400,10.234,10.405,10.209,10.374,119626.23000000001
1724212800,10.373,10.456,10.336,10.419,74392.2
1724227200,10.42,10.455,10.269,10.293,154867.3
1724241600,10.296,10.457,10.15,10.412,234461.1
1724256000,10.413,11.143,10.378,11.125,543893.14
1724270400,11.126,11.402,11.084,11.215,583458.4299999999
1724284800,11.218,11.399,11.15,11.399,407087.47000000003
1724299200,11.396,11.431,11.272,11.342,143685.3
1724313600,11.342,11.395,11.265,11.323,106307.64
1724328000,11.32,11.563,11.281,11.462,276177.22
1724342400,11.46,11.618,11.315,11.321,306550.99
1724356800,11.322,11.48,11.318,11.478,136838.82
1724371200,11.48,11.602,11.457,11.559,187668.26
1724385600,11.555,11.686,11.528,11.644,263558.94
1724400000,11.65,11.73,11.507,11.515,185579.8
1724414400,11.516,11.813,11.464,11.678,354067.61
1724428800,11.675,12.005,11.634,11.96,445921.83999999997
1724443200,11.956,12.213,11.948,12.06,407333.02
1724457600,12.064,12.106,11.963,11.974,191121.38
1724472000,11.975,12.034,11.913,11.972,102672.02
1724486400,11.967,12.167,11.943,12.06,96462.0
1724500800,12.061,12.249,12.013,12.238,168711.18
1724515200,12.232,12.561,12.184,12.422,329121.64
1724529600,12.425,12.531,12.185,12.346,291142.77
1724544000,12.345,12.39,12.007,12.143,307446.88
1724558400,12.143,12.207,11.954,12.057,341927.26
1724572800,12.055,12.183,11.997,12.101,124706.37
1724587200,12.109,12.319,12.089,12.208,258336.13
1724601600,12.208,12.297,12.086,12.127,137085.65000000002
1724616000,12.131,12.314,12.09,12.111,183450.86
1724630400,12.11,12.193,11.956,12.117,178512.88
1724644800,12.124,12.45,12.109,12.377,243491.86000000002
1724659200,12.386,12.698,12.279,12.343,391676.73
1724673600,12.336,12.439,12.085,12.193,257263.43
1724688000,12.19,12.251,11.952,11.993,384512.19
1724702400,11.99,12.075,11.838,11.841,247061.24
1724716800,11.84,11.96,11.811,11.877,217194.94
1724731200,11.877,12.049,11.77,11.838,290206.19
1724745600,11.835,11.855,11.608,11.628,294155.92
1724760000,11.628,11.692,11.5,11.522,265149.58
1724774400,11.519,11.696,11.47,11.623,260456.22
1724788800,11.62,11.62,10.905,11.161,574223.02
1724803200,11.162,11.202,10.987,11.194,210760.72
1724817600,11.194,11.215,10.972,10.985,153996.52
1724832000,10.984,11.549,10.94,11.505,210039.1
1724846400,11.505,11.708,11.209,11.304,286746.8
1724860800,11.303,11.487,11.036,11.219,281280.87
1724875200,11.221,11.429,11.108,11.172,179751.87
1724889600,11.177,11.242,11.125,11.219,96131.25
1724904000,11.216,11.312,11.152,11.235,95127.91
1724918400,11.234,11.329,11.161,11.255,127622.98
1724932800,11.254,11.469,11.235,11.341,225336.56
1724947200,11.342,11.378,10.85,10.955,345711.88
1724961600,10.954,11.01,10.814,10.946,154032.8
1724976000,10.942,11.028,10.899,11.012,126527.06
1724990400,11.013,11.139,10.958,11.104,95646.12
1725004800,11.107,11.198,11.022,11.037,86505.21
1725019200,11.034,11.174,10.51,10.543,335610.92
1725033600,10.543,11.098,10.5,10.994,253295.72999999998
1725048000,10.995,11.135,10.959,11.107,125098.82
1725062400,11.114,11.174,11.073,11.118,57305.69
1725076800,11.116,11.174,11.096,11.12,50636.11
1725091200,11.122,11.195,11.033,11.143,106701.94
1725105600,11.141,11.207,11.029,11.088,87264.98
1725120000,11.089,11.108,10.929,11.021,118466.71
1725134400,11.02,11.103,10.992,11.01,60662.340000000004
1725148800,11.011,11.018,10.835,10.94,82475.16
1725163200,10.942,10.968,10.781,10.879,77800.27
1725177600,10.876,10.895,10.702,10.799,109853.72
1725192000,10.8,10.801,10.528,10.7,164789.79
1725206400,10.695,10.766,10.52,10.7,144355.37
1725220800,10.7,10.773,10.233,10.368,223549.65999999997
1725235200,10.365,10.507,10.319,10.476,117710.03
1725249600,10.475,10.522,10.335,10.372,105088.73000000001
1725264000,10.383,10.791,10.373,10.742,150556.45
1725278400,10.743,10.79,10.591,10.651,117829.69
1725292800,10.651,10.713,10.559,10.664,102487.01
1725307200,10.666,10.834,10.638,10.761,204524.7
1725321600,10.761,10.88,10.691,10.698,122651.92
1725336000,10.697,10.729,10.614,10.697,82783.0
1725350400,10.696,10.7,10.541,10.661,66082.55
1725364800,10.655,10.74,10.269,10.289,260334.8
1725379200,10.291,10.508,10.209,10.487,221413.76
1725393600,10.487,10.512,10.29,10.31,166682.63999999998
1725408000,10.31,10.388,9.822,10.246,358493.2
1725422400,10.247,10.405,10.169,10.259,153042.77
1725436800,10.264,10.293,10.087,10.117,145496.5
1725451200,10.118,10.403,10.054,10.395,330400.36
1725465600,10.391,10.498,10.271,10.325,333030.2
1725480000,10.323,10.433,10.282,10.332,108921.58
1725494400,10.332,10.394,10.149,10.163,155406.88
1725508800,10.164,10.304,10.12,10.274,97981.73
1725523200,10.271,10.284,10.146,10.172,72915.4
1725537600,10.172,10.245,9.942,10.003,253200.76
1725552000,9.991,10.106,9.909,9.955,144831.86
1725566400,9.952,10.036,9.939,10.025,118253.57
1725580800,10.023,10.177,9.947,10.099,192508.93
1725595200,10.099,10.115,9.807,9.915,132774.8
1725609600,9.913,9.982,9.885,9.903,111749.65
1725624000,9.903,10.092,9.565,9.681,552290.62
1725638400,9.68,9.683,9.448,9.507,443383.45
1725652800,9.506,9.59,9.28,9.576,421378.69999999995
1725667200,9.574,9.687,9.556,9.653,124873.27
1725681600,9.658,10.059,9.651,9.942,292493.95
1725696000,9.94,10.017,9.869,9.99,134390.63
1725710400,9.993,10.157,9.992,10.128,223531.05
1725724800,10.127,10.135,9.99,10.053,204620.83000000002
1725739200,10.055,10.058,9.931,10.027,157774.3
1725753600,10.027,10.145,9.965,10.143,122011.38
1725768000,10.145,10.311,10.144,10.281,171604.01
1725782400,10.285,10.374,10.246,10.276,163959.62
1725796800,10.277,10.303,10.163,10.171,158718.01
1725811200,10.169,10.292,10.121,10.224,86731.08
1725825600,10.224,10.452,10.204,10.351,173446.4
1725840000,10.351,10.45,10.271,10.355,181832.6
1725854400,10.356,10.689,10.28,10.618,246414.88
1725868800,10.622,10.824,10.492,10.519,389362.43
1725883200,10.519,10.528,10.296,10.388,300823.33999999997
1725897600,10.389,10.626,10.384,10.622,466446.45
1725912000,10.621,10.743,10.524,10.539,227157.08000000002
1725926400,10.539,10.545,10.347,10.355,105715.45000000001
1725940800,10.358,10.557,10.329,10.525,141290.66
1725955200,10.524,10.573,10.422,10.538,103796.51000000001
1725969600,10.538,10.583,10.406,10.461,191597.77000000002
1725984000,10.461,10.742,10.448,10.651,248017.34
1725998400,10.662,10.675,10.561,10.59,130592.29000000001
1726012800,10.59,10.598,10.354,10.438,162926.91999999998
1726027200,10.436,10.484,10.304,10.479,108858.73
1726041600,10.48,10.494,10.296,10.356,142881.4
1726056000,10.355,10.5,10.172,10.345,405254.38
1726070400,10.344,10.496,10.329,10.443,261521.57
1726084800,10.449,10.462,10.386,10.396,177526.5
1726099200,10.397,10.611,10.39,10.527,212119.11
1726113600,10.526,10.614,10.506,10.573,133379.51
1726128000,10.57,10.661,10.557,10.638,99705.82
1726142400,10.64,10.704,10.527,10.538,250779.28999999998
1726156800,10.538,10.77,10.538,10.736,192227.43
1726171200,10.736,10.804,10.66,10.785,186554.23
1726185600,10.786,10.866,10.733,10.733,162551.25
1726200000,10.735,10.763,10.64,10.699,135805.73
1726214400,10.701,11.007,10.686,10.929,263959.96
1726228800,10.928,11.351,10.928,11.303,648534.05
1726243200,11.302,11.4,11.252,11.361,342931.5
1726257600,11.362,11.566,11.346,11.45,313961.51
1726272000,11.458,11.484,11.397,11.41,103356.9
1726286400,11.409,11.414,11.325,11.4,92295.48999999999
1726300800,11.396,11.437,11.227,11.27,170850.26
1726315200,11.263,11.381,11.253,11.379,71238.62
1726329600,11.377,11.421,11.218,11.295,142172.83000000002
1726344000,11.296,11.352,11.265,11.302,81966.19
1726358400,11.302,11.366,11.282,11.321,91029.08
1726372800,11.319,11.342,11.257,11.268,102396.61
1726387200,11.269,11.269,11.148,11.168,124571.68000000001
1726401600,11.163,11.278,11.133,11.231,105740.25
1726416000,11.226,11.229,11.073,11.092,151069.27
1726430400,11.089,11.102,10.8,10.811,272857.8
1726444800,10.812,10.814,10.486,10.656,352698.39
1726459200,10.653,10.74,10.594,10.723,127995.41
1726473600,10.723,10.829,10.59,10.676,175584.07
1726488000,10.673,10.687,10.45,10.553,267032.58
1726502400,10.551,10.571,10.412,10.533,241291.74
1726516800,10.531,10.587,10.431,10.544,129677.16
1726531200,10.535,10.576,10.434,10.511,144962.31
1726545600,10.517,10.651,10.514,10.61,137138.95
1726560000,10.608,10.694,10.58,10.597,134077.54
1726574400,10.597,10.918,10.516,10.854,527868.4
1726588800,10.854,10.876,10.587,10.671,337438.16
1726603200,10.672,10.735,10.567,10.627,147000.39
1726617600,10.624,10.68,10.513,10.647,141396.19
1726632000,10.646,10.659,10.546,10.593,107956.77
1726646400,10.595,10.601,10.338,10.446,200495.31
1726660800,10.444,10.509,10.289,10.325,223118.66
1726675200,10.323,10.739,10.295,10.568,468439.21
1726689600,10.564,10.894,10.441,10.891,327989.49
1726704000,10.894,11.141,10.894,11.008,537577.9400000001
1726718400,11.009,11.158,10.966,11.158,183861.0
1726732800,11.158,11.276,11.113,11.265,227465.82
1726747200,11.272,11.343,11.175,11.222,373359.28
1726761600,11.222,11.397,11.215,11.227,316898.32
1726776000,11.228,11.268,11.173,11.202,202520.32
1726790400,11.204,11.431,11.124,11.43,193992.12
1726804800,11.429,11.723,11.42,11.698,362519.99
1726819200,11.7,11.737,11.559,11.608,215118.42
1726833600,11.606,11.693,11.443,11.531,383202.18
1726848000,11.529,11.551,11.365,11.434,225077.54
1726862400,11.432,11.498,11.396,11.439,135223.7
1726876800,11.44,11.492,11.269,11.278,161717.58000000002
1726891200,11.28,11.367,11.213,11.36,103546.36
1726905600,11.358,11.387,11.306,11.345,71493.53
1726920000,11.345,11.484,11.329,11.39,154407.94
1726934400,11.39,11.438,11.325,11.358,109520.6
1726948800,11.358,11.546,11.328,11.49,129640.36
1726963200,11.493,11.549,11.316,11.373,158897.87
1726977600,11.378,11.426,11.278,11.304,129468.43
1726992000,11.308,11.33,11.155,11.226,118300.20000000001
1727006400,11.226,11.257,11.026,11.039,124844.98999999999
1727020800,11.036,11.162,10.952,11.061,172175.72
1727035200,11.064,11.208,10.853,11.13,247086.04
1727049600,11.132,11.488,10.915,11.426,256456.25
1727064000,11.428,11.476,11.28,11.314,174187.13
1727078400,11.312,11.474,11.282,11.437,188372.5
1727092800,11.428,11.59,11.331,11.507,367460.19
1727107200,11.505,11.612,11.378,11.43,214390.94
1727121600,11.431,11.474,11.358,11.389,179365.88
1727136000,11.393,11.425,11.192,11.295,267164.86
1727150400,11.297,11.486,11.212,11.469,162340.13
1727164800,11.468,11.547,11.433,11.502,171869.81
1727179200,11.505,11.626,11.326,11.509,390207.35
1727193600,11.515,11.866,11.472,11.856,409219.89
1727208000,11.846,12.226,11.821,12.148,629914.51
1727222400,12.149,12.288,12.1,12.288,308320.19
1727236800,12.279,12.29,12.073,12.189,192031.58
1727251200,12.185,12.372,12.185,12.314,183647.78
1727265600,12.313,12.496,12.265,12.362,297639.46
1727280000,12.367,12.557,12.125,12.131,451472.98
1727294400,12.134,12.251,12.061,12.102,201989.6
1727308800,12.106,12.145,11.872,12.067,346271.63
1727323200,12.068,12.274,11.997,12.252,185145.75
1727337600,12.252,12.348,12.13,12.298,199153.18
1727352000,12.299,12.65,12.205,12.596,632802.5700000001
1727366400,12.6,12.749,12.516,12.624,418996.91000000003
1727380800,12.622,12.665,12.433,12.558,225106.28
1727395200,12.558,12.642,12.45,12.627,228067.66999999998
1727409600,12.625,12.849,12.623,12.747,376667.25
1727424000,12.746,12.847,12.582,12.725,160841.21
1727438400,12.731,12.827,12.623,12.723,263680.52999999997
1727452800,12.717,12.882,12.631,12.686,216960.53999999998
1727467200,12.684,12.756,12.605,12.669,131139.37
1727481600,12.67,12.87,12.655,12.757,166465.66
1727496000,12.755,12.804,12.567,12.574,147552.14
1727510400,12.572,12.706,12.368,12.688,137555.24
1727524800,12.7,12.939,12.584,12.833,222514.74
1727539200,12.835,12.969,12.736,12.919,123000.0
1727553600,12.923,12.974,12.726,12.944,155158.95
1727568000,12.948,12.974,12.681,12.744,154550.71
1727582400,12.746,12.76,12.522,12.535,138813.81
1727596800,12.534,12.642,12.496,12.609,100747.05
1727611200,12.609,12.629,12.476,12.596,146817.96
1727625600,12.594,12.688,12.508,12.665,126913.68
1727640000,12.671,12.726,12.437,12.467,155982.84
1727654400,12.467,12.474,12.133,12.265,375050.97
1727668800,12.265,12.341,12.186,12.274,186179.90000000002
1727683200,12.272,12.281,11.99,12.08,207881.12
1727697600,12.074,12.19,11.92,11.926,221535.82
1727712000,11.926,12.007,11.895,11.97,237969.85
1727726400,11.97,12.046,11.757,11.847,269155.24
1727740800,11.847,12.124,11.785,12.097,252615.27
1727755200,12.101,12.249,12.083,12.216,177536.21
1727769600,12.211,12.238,12.128,12.154,81122.63
1727784000,12.153,12.172,11.169,11.433,564038.5
1727798400,11.425,11.471,10.873,11.044,919251.48
1727812800,11.046,11.1,10.894,11.015,440872.11
1727827200,11.01,11.242,10.965,11.213,234882.66
1727841600,11.211,11.305,11.127,11.242,149272.90000000002
1727856000,11.235,11.261,10.99,11.06,196719.22
1727870400,11.064,11.081,10.782,10.933,413695.98
1727884800,10.924,11.05,10.45,10.599,462565.41
1727899200,10.602,10.681,10.453,10.653,286334.1
1727913600,10.649,10.842,10.591,10.841,408910.31
1727928000,10.842,10.863,10.613,10.632,149124.96
1727942400,10.631,10.679,10.342,10.532,224785.22
1727956800,10.531,10.64,10.344,10.534,319536.05
1727971200,10.532,10.654,10.38,10.653,252651.38
1727985600,10.652,10.69,10.544,10.657,193499.62
1728000000,10.658,10.798,10.594,10.741,189785.94
1728014400,10.742,10.987,10.738,10.968,174049.27000000002
1728028800,10.97,11.064,10.924,10.981,167371.4
1728043200,10.981,11.162,10.886,11.162,386026.38
1728057600,11.164,11.245,11.069,11.137,252022.66
1728072000,11.138,11.143,11.037,11.074,135852.5
1728086400,11.077,11.153,10.985,11.043,174325.16
1728100800,11.044,11.243,11.035,11.215,118784.26999999999
1728115200,11.22,11.379,11.22,11.307,177465.05
1728129600,11.311,11.373,11.241,11.353,161019.69
1728144000,11.353,11.362,11.152,11.154,171484.36
1728158400,11.152,11.276,11.078,11.262,135698.93
1728172800,11.266,11.315,11.187,11.261,129783.49
1728187200,11.261,11.395,11.232,11.325,153682.92
1728201600,11.328,11.346,11.221,11.254,85453.57
1728216000,11.26,11.377,11.192,11.298,173466.35
1728230400,11.299,11.36,11.193,11.206,151789.88
1728244800,11.202,11.312,11.16,11.276,291318.32
1728259200,11.275,11.606,11.217,11.599,442149.99
1728273600,11.602,11.665,11.528,11.543,168791.43
1728288000,11.546,11.599,11.251,11.43,391591.82
1728302400,11.43,11.745,11.334,11.524,375900.06
1728316800,11.521,11.597,11.212,11.343,408463.13
1728331200,11.356,11.377,11.131,11.157,265343.33999999997
1728345600,11.158,11.287,11.147,11.211,108950.73000000001
1728360000,11.215,11.248,10.966,11.023,291052.46
1728374400,11.022,11.173,10.982,11.168,165384.05
1728388800,11.174,11.188,10.86,10.927,363573.95
1728403200,10.929,11.04,10.815,10.887,273200.85
1728417600,10.89,10.97,10.783,10.826,180833.3
1728432000,10.824,10.961,10.752,10.86,187098.53999999998
1728446400,10.857,10.91,10.754,10.776,160634.07
1728460800,10.775,10.799,10.655,10.66,170553.61
1728475200,10.662,10.737,10.54,10.702,293294.26
1728489600,10.7,10.716,10.54,10.597,182268.76
1728504000,10.592,10.592,10.404,10.527,244492.57
1728518400,10.529,10.636,10.492,10.62,119343.59
1728532800,10.617,10.73,10.616,10.618,196887.69999999998
1728547200,10.618,10.659,10.495,10.644,155686.7
1728561600,10.646,10.659,10.386,10.622,277207.56
1728576000,10.613,10.661,10.24,10.45,356041.17000000004
1728590400,10.449,10.554,10.405,10.55,165947.48
1728604800,10.55,10.644,10.494,10.614,166664.8
1728619200,10.617,10.681,10.585,10.652,117893.36
1728633600,10.649,10.735,10.644,10.68,128948.09
1728648000,10.679,10.885,10.615,10.857,504895.87
1728662400,10.857,10.995,10.837,10.955,354678.66000000003
1728676800,10.954,11.023,10.881,10.901,228392.65
1728691200,10.9,11.015,10.834,10.871,141201.27
1728705600,10.873,10.979,10.873,10.975,98320.66
1728720000,10.973,11.124,10.964,11.058,147309.76
1728734400,11.065,11.142,11.025,11.08,156556.72999999998
1728748800,11.081,11.143,10.99,11.018,159884.99
1728763200,11.019,11.093,10.992,10.998,123312.04000000001
1728777600,10.999,11.038,10.931,10.935,136553.2
1728792000,10.936,11.072,10.933,10.971,85626.87
1728806400,10.968,11.036,10.875,10.887,106742.15
1728820800,10.889,10.955,10.632,10.677,178967.75
1728835200,10.675,10.768,10.622,10.707,186389.88
1728849600,10.709,10.831,10.68,10.751,220753.24
1728864000,10.75,11.035,10.599,11.004,418090.2
1728878400,11.006,11.039,10.845,11.015,402966.8
1728892800,11.015,11.049,10.888,11.003,226257.39
1728907200,11.003,11.274,10.96,11.245,443607.89
1728921600,11.252,11.324,11.168,11.222,317420.2
1728936000,11.223,11.339,11.188,11.283,287197.5
1728950400,11.28,11.524,11.251,11.452,452455.71
1728964800,11.453,11.574,11.351,11.487,264270.69
1728979200,11.486,11.592,11.333,11.367,447315.99
1728993600,11.369,11.687,10.932,11.137,780100.42
1729008000,11.139,11.425,11.113,11.296,460541.57999999996
1729022400,11.294,11.458,11.116,11.455,174274.99
1729036800,11.458,11.47,11.253,11.293,187768.34
1729051200,11.291,11.345,11.149,11.179,152409.39
1729065600,11.176,11.527,11.164,11.447,320394.53
1729080000,11.448,11.522,11.102,11.156,435762.22000000003
1729094400,11.159,11.237,11.064,11.147,352392.63
1729108800,11.146,11.36,11.139,11.243,145532.94
1729123200,11.244,11.343,11.178,11.332,133932.01
1729137600,11.328,11.347,11.081,11.154,117083.2
1729152000,11.153,11.172,10.921,10.941,201705.51
1729166400,10.937,11.135,10.911,11.103,237969.1
1729180800,11.106,11.109,10.835,10.999,382813.95
1729195200,10.998,11.072,10.995,11.025,125083.04999999999
1729209600,11.026,11.275,10.974,11.159,184549.64
1729224000,11.162,11.423,11.147,11.416,129861.26000000001
1729238400,11.418,11.487,11.347,11.361,141757.03
1729252800,11.369,11.484,11.31,11.453,308246.87
1729267200,11.453,11.506,11.336,11.42,251834.76
1729281600,11.421,11.489,11.371,11.478,153125.36
1729296000,11.479,11.597,11.472,11.484,173894.22
1729310400,11.483,11.507,11.378,11.386,92918.12
1729324800,11.388,11.402,11.293,11.3,74858.29
1729339200,11.3,11.411,11.3,11.381,72021.63
1729353600,11.381,11.411,11.3,11.354,67613.75
1729368000,11.356,11.452,11.339,11.417,103886.16
1729382400,11.418,11.452,11.274,11.331,85265.64
1729396800,11.329,11.398,11.288,11.372,62497.100000000006
1729411200,11.374,11.684,11.373,11.671,111434.11
1729425600,11.677,11.918,11.591,11.883,272691.7
1729440000,11.883,12.005,11.816,11.822,208737.62
1729454400,11.823,12.034,11.804,11.968,156349.57
1729468800,11.97,12.026,11.777,11.878,164966.35
1729483200,11.88,12.013,11.836,11.902,104826.95
1729497600,11.903,11.964,11.717,11.728,129386.79000000001
1729512000,11.739,11.751,11.531,11.661,262562.85
1729526400,11.664,11.795,11.561,11.773,197789.62
1729540800,11.774,11.825,11.687,11.7,86494.62
1729555200,11.7,11.913,11.588,11.873,212920.93
1729569600,11.873,12.188,11.827,12.104,181248.93
1729584000,12.099,12.268,11.863,12.169,357989.01
1729598400,12.17,12.33,12.03,12.132,444682.65
1729612800,12.129,12.135,11.92,11.997,352574.32
1729627200,11.996,12.117,11.93,11.967,174344.59
1729641600,11.969,11.995,11.716,11.772,160760.35
1729656000,11.773,11.808,11.594,11.6,108898.29
1729670400,11.598,11.644,11.358,11.377,130682.35
1729684800,11.378,11.454,11.234,11.311,209912.33000000002
1729699200,11.313,11.322,11.001,11.219,336956.03
1729713600,11.221,11.34,11.184,11.314,137186.62
1729728000,11.316,11.523,11.269,11.368,176349.42
1729742400,11.365,11.472,11.262,11.277,133176.83000000002
1729756800,11.278,11.402,11.212,11.382,147196.66
1729771200,11.383,11.503,11.371,11.423,286178.70999999996
1729785600,11.427,11.516,11.352,11.512,141397.72
1729800000,11.51,11.633,11.479,11.605,130140.4
1729814400,11.61,12.085,11.604,11.891,416496.10000000003
1729828800,11.89,11.924,11.645,11.682,204863.97
1729843200,11.687,11.869,11.568,11.807,153245.05
1729857600,11.813,11.99,11.733,11.816,298257.28
1729872000,11.812,11.919,11.322,11.581,502133.17000000004
1729886400,11.585,11.752,10.79,11.117,524909.05
1729900800,11.118,11.372,10.948,11.317,432650.05
1729915200,11.31,11.373,11.08,11.08,164011.44
1729929600,11.083,11.211,11.058,11.083,147989.87
1729944000,11.081,11.114,10.81,10.842,250915.92
1729958400,10.833,11.018,10.83,10.963,120655.26
1729972800,10.963,11.089,10.952,10.99,112799.79999999999
1729987200,10.994,11.04,10.884,11.034,108346.94
1730001600,11.032,11.041,10.909,10.928,53780.399999999994
1730016000,10.928,10.97,10.833,10.876,73179.52
1730030400,10.877,11.107,10.86,11.09,130064.2
1730044800,11.094,11.16,10.874,10.952,136138.24
1730059200,10.949,11.102,10.922,10.968,220582.51
1730073600,10.966,11.006,10.761,10.774,152289.2
1730088000,10.769,11.013,10.7,10.958,148645.66999999998
1730102400,10.966,11.153,10.939,11.102,104786.93
1730116800,11.102,11.178,10.802,10.809,312926.08999999997
1730131200,10.804,11.068,10.734,10.995,358297.77
1730145600,10.996,11.258,10.966,11.175,308471.07999999996
1730160000,11.183,11.474,11.139,11.412,267707.41
1730174400,11.41,11.523,11.403,11.472,141905.2
1730188800,11.478,11.569,11.451,11.481,168615.96
1730203200,11.478,11.555,11.394,11.548,214073.95
1730217600,11.549,11.73,11.479,11.539,387129.45999999996
1730232000,11.542,11.8,11.46,11.796,283403.4
1730246400,11.793,12.007,11.648,11.989,240913.57
1730260800,12.002,12.146,11.929,11.958,125017.15
1730275200,11.957,12.116,11.862,11.948,154415.27
1730289600,11.953,12.375,11.907,12.215,420942.56
1730304000,12.211,12.304,12.141,12.242,288906.79000000004
1730318400,12.245,12.456,12.086,12.393,355711.45999999996
1730332800,12.397,12.458,12.198,12.403,197331.86
1730347200,12.405,12.405,12.097,12.189,154100.3
1730361600,12.189,12.189,12.004,12.132,114042.92
1730376000,12.132,12.164,11.709,11.773,413743.79
1730390400,11.775,11.778,11.372,11.387,274508.65
1730404800,11.385,11.525,11.306,11.403,198277.5
1730419200,11.399,11.483,11.2,11.382,214404.69
1730433600,11.379,11.494,11.248,11.301,141967.19
1730448000,11.308,11.386,11.247,11.315,129990.77
1730462400,11.314,11.719,11.187,11.319,438888.55000000005
1730476800,11.319,11.57,11.273,11.332,201836.77
1730491200,11.335,11.389,11.15,11.244,130421.20999999999
1730505600,11.242,11.397,11.236,11.291,55636.97
1730520000,11.292,11.32,11.183,11.252,65517.35
1730534400,11.251,11.269,11.143,11.179,95813.98999999999
1730548800,11.179,11.221,11.073,11.17,220710.93
1730563200,11.179,11.239,11.075,11.187,106444.01999999999
1730577600,11.186,11.269,11.126,11.186,60647.57
1730592000,11.191,11.23,10.83,10.95,170052.89
1730606400,10.953,11.053,10.92,10.982,47214.270000000004
1730620800,10.984,11.045,10.903,10.924,65000.76
1730635200,10.922,10.957,10.535,10.711,193145.82
1730649600,10.703,10.775,10.511,10.722,157936.55
1730664000,10.719,10.841,10.665,10.757,126092.01
1730678400,10.758,10.906,10.599,10.785,90238.96
1730692800,10.799,10.863,10.618,10.62,70451.5
1730707200,10.618,10.709,10.52,10.638,67721.08
1730721600,10.64,10.716,10.364,10.391,201607.57
1730736000,10.391,10.433,10.231,10.355,259644.57
1730750400,10.351,10.373,10.067,10.248,224505.32
1730764800,10.251,10.414,10.178,10.413,170923.85
1730779200,10.416,10.519,10.41,10.509,110536.39
1730793600,10.506,10.624,10.487,10.6,117157.72
1730808000,10.605,10.898,10.559,10.776,318232.17
1730822400,10.781,10.938,10.615,10.655,265489.52999999997
1730836800,10.658,10.912,10.623,10.831,229828.48
1730851200,10.835,11.772,10.802,11.694,771739.8200000001
1730865600,11.696,11.958,11.576,11.755,531430.55
1730880000,11.754,11.9,11.547,11.84,385275.95
1730894400,11.839,11.9,11.67,11.813,406220.7
1730908800,11.814,11.986,11.673,11.982,589916.2
1730923200,11.979,12.32,11.946,12.181,429025.8
1730937600,12.182,12.717,12.071,12.558,514766.18
1730952000,12.564,12.575,12.203,12.302,326528.02
1730966400,12.301,12.403,12.224,12.229,138291.41999999998
1730980800,12.232,12.459,12.126,12.457,252308.88
1730995200,12.457,12.599,12.322,12.578,421318.78
1731009600,12.579,12.694,12.453,12.597,315870.28
1731024000,12.599,12.833,12.527,12.638,298607.8
1731038400,12.642,12.871,12.637,12.841,298016.55
1731052800,12.836,13.024,12.687,13.004,308781.94
1731067200,13.009,13.417,12.989,13.285,766308.62
1731081600,13.28,13.595,12.992,13.542,600897.85
1731096000,13.532,13.762,13.352,13.703,428186.70999999996
1731110400,13.703,13.703,13.286,13.358,287247.57
1731124800,13.352,13.739,13.35,13.508,182770.5
1731139200,13.517,13.657,13.45,13.621,141934.67
1731153600,13.609,13.643,13.334,13.527,266351.13
1731168000,13.53,13.679,13.303,13.554,197903.79
1731182400,13.549,13.846,13.465,13.782,371092.77999999997
1731196800,13.781,14.068,13.691,13.932,444767.51999999996
1731211200,13.932,14.608,13.916,14.494,777740.98
1731225600,14.496,14.638,14.391,14.573,304221.18
1731240000,14.568,14.77,14.437,14.597,481514.3
1731254400,14.598,14.862,14.265,14.414,582752.3
1731268800,14.414,14.513,13.644,14.272,733974.24
1731283200,14.274,14.564,14.234,14.433,235352.27
1731297600,14.438,14.438,13.624,13.806,509275.65
1731312000,13.817,14.19,13.796,14.132,191914.5
1731326400,14.134,14.482,13.829,14.333,556813.73
1731340800,14.333,14.799,14.318,14.592,684554.6699999999
1731355200,14.596,14.962,14.326,14.933,599180.55
1731369600,14.933,15.04,14.319,14.795,574159.34
1731384000,14.795,14.926,14.567,14.85,316972.5
1731398400,14.854,15.361,13.801,14.203,1100986.01
1731412800,14.203,14.347,13.68,13.955,756128.0700000001
1731427200,13.959,14.26,13.702,14.155,433545.58999999997
1731441600,14.162,14.305,13.925,13.968,310712.28
1731456000,13.967,14.127,13.4,13.42,523904.86000000004
1731470400,13.43,13.657,13.086,13.401,423969.52
1731484800,13.402,13.597,13.252,13.506,253312.46000000002
1731499200,13.504,14.407,13.348,14.257,712790.0
1731513600,14.251,14.375,13.29,13.316,852652.14
1731528000,13.31,13.56,13.07,13.501,411975.74
1731542400,13.5,13.537,13.197,13.492,305215.52
1731556800,13.491,13.83,13.383,13.627,310136.03
1731571200,13.627,13.657,13.149,13.29,263321.72
1731585600,13.288,13.553,12.89,12.962,655602.5499999999
1731600000,12.963,13.378,12.895,13.302,427500.95
1731614400,13.295,13.365,12.802,12.988,417947.04
1731628800,12.995,13.177,12.836,13.11,342924.45
1731643200,13.107,13.297,12.723,13.136,345207.54
1731657600,13.134,13.552,13.042,13.484,213851.59
1731672000,13.49,13.656,13.132,13.187,412925.37
1731686400,13.183,13.551,13.154,13.47,367694.94
1731700800,13.469,13.899,13.468,13.837,501011.08
1731715200,13.842,14.42,13.74,14.264,784551.59
1731729600,14.26,14.316,14.006,14.023,258578.27000000002
1731744000,14.023,14.458,14.023,14.457,289868.18
1731758400,14.452,14.539,14.053,14.16,778581.65
1731772800,14.153,14.798,14.072,14.739,521221.86
1731787200,14.741,14.79,14.448,14.53,457789.88
1731801600,14.537,14.892,13.789,14.138,661143.03
1731816000,14.139,14.535,14.037,14.427,351803.96
1731830400,14.425,14.544,14.026,14.026,165493.53
1731844800,14.028,14.214,13.882,13.927,256003.61000000002
1731859200,13.932,14.107,13.733,13.859,245190.11
1731873600,13.863,13.935,13.56,13.789,253945.65
1731888000,13.794,14.368,13.754,14.368,307122.92
1731902400,14.359,14.876,14.196,14.851,431959.38
1731916800,14.855,14.929,14.267,14.335,311074.67
1731931200,14.337,15.2,14.232,15.154,531765.6399999999
1731945600,15.154,16.005,14.788,14.963,1572272.75
1731960000,14.959,15.441,14.839,15.285,453186.70999999996
1731974400,15.281,15.43,14.909,15.075,316588.91000000003
1731988800,15.093,15.124,14.834,14.854,222897.94
1732003200,14.85,15.02,14.659,15.019,224392.8
1732017600,15.019,15.157,14.587,14.773,461529.20999999996
1732032000,14.771,15.059,14.665,14.901,406787.57999999996
1732046400,14.902,14.994,14.421,14.642,450611.22
1732060800,14.638,14.711,14.197,14.431,375819.64
1732075200,14.427,14.663,14.275,14.484,349351.86
1732089600,14.479,14.945,14.434,14.692,226474.18
1732104000,14.694,15.336,14.617,15.013,566919.0
1732118400,15.013,15.018,14.047,14.189,653708.03
1732132800,14.179,14.562,14.099,14.248,278622.57
1732147200,14.25,14.467,13.854,14.164,398548.98
1732161600,14.167,14.692,14.164,14.674,516580.71
1732176000,14.673,14.745,14.351,14.628,241523.59
1732190400,14.625,15.386,14.613,14.819,912553.28
1732204800,14.818,15.183,14.795,14.912,484216.32
1732219200,14.912,15.031,14.693,14.905,380346.64
1732233600,14.91,15.179,14.734,15.09,607426.67
1732248000,15.092,15.442,15.055,15.231,566812.35
1732262400,15.234,15.374,14.95,15.362,322146.88
1732276800,15.363,15.565,14.868,15.431,876526.86
1732291200,15.427,15.815,15.171,15.284,964969.71
1732305600,15.278,16.611,15.197,16.586,1080781.74
1732320000,16.583,17.1,16.309,16.786,1331441.41
1732334400,16.787,17.053,16.462,17.018,537776.68
1732348800,17.015,17.245,16.681,17.047,568242.51
1732363200,17.047,17.962,16.948,17.95,1121692.88
1732377600,17.952,18.4,17.231,17.565,1838289.96
1732392000,17.572,17.808,17.05,17.398,642122.47
1732406400,17.402,18.354,17.329,18.105,802843.36
1732420800,18.1,18.187,17.58,17.804,480356.58
1732435200,17.804,17.884,16.711,16.711,511352.6
1732449600,16.711,16.906,16.12,16.335,916530.03
1732464000,16.335,17.147,16.255,17.017,577542.87
1732478400,17.014,18.118,16.957,17.924,532829.72
1732492800,17.931,18.244,17.34,17.824,582189.3
1732507200,17.821,18.423,17.805,18.321,606774.3
1732521600,18.324,19.065,18.226,18.66,916049.5599999999
1732536000,18.677,18.854,17.523,18.505,1042609.73
1732550400,18.512,18.787,17.619,17.866,802319.63
1732564800,17.861,18.197,17.15,17.342,586080.87
1732579200,17.338,17.845,17.242,17.564,372108.62
1732593600,17.554,17.678,17.121,17.231,355615.48
1732608000,17.23,17.241,16.183,16.55,739728.69
1732622400,16.545,17.497,16.479,16.925,1096082.08
1732636800,16.925,17.439,16.694,17.075,354978.65
1732651200,17.074,17.498,16.941,17.333,399513.39999999997
1732665600,17.331,17.573,16.955,17.385,401611.28
1732680000,17.375,18.255,17.353,18.145,537265.28
1732694400,18.141,18.507,17.866,18.12,380760.39
1732708800,18.116,18.293,17.723,18.075,642353.68
1732723200,18.079,18.306,17.736,18.073,531343.46
1732737600,18.075,19.019,18.066,18.672,709839.8
1732752000,18.678,18.716,17.868,18.054,702155.68
1732766400,18.06,18.259,17.831,17.905,334548.13
1732780800,17.909,18.093,17.764,18.02,297705.54
1732795200,18.014,18.098,17.489,17.51,481228.74
1732809600,17.508,17.974,17.496,17.824,253977.19
1732824000,17.82,18.074,17.651,17.941,251390.59
1732838400,17.941,18.108,17.77,17.809,278949.16000000003
1732852800,17.808,17.845,17.529,17.546,206338.07
1732867200,17.544,18.193,17.543,18.128,154130.86000000002
1732881600,18.135,18.415,17.908,18.061,466770.47
1732896000,18.074,18.168,17.842,18.115,339056.77
1732910400,18.11,18.411,18.024,18.255,444839.07
1732924800,18.251,18.534,17.94,18.505,424483.58
1732939200,18.506,18.713,18.264,18.634,351543.3
1732953600,18.636,18.745,18.1,18.235,280936.23
1732968000,18.235,18.989,18.211,18.886,515151.9
1732982400,18.89,19.377,18.628,19.332,794009.38
1732996800,19.327,19.456,18.984,19.008,412408.88
1733011200,19.009,19.125,18.45,18.725,434854.16
1733025600,18.723,18.961,18.543,18.675,223856.09
1733040000,18.674,18.823,18.519,18.755,152214.6
1733054400,18.751,19.019,18.581,18.832,339829.52
1733068800,18.833,19.105,18.541,18.741,569753.8
1733083200,18.727,19.054,18.415,18.939,564554.64
1733097600,18.93,19.724,18.8,18.879,1007183.22
1733112000,18.88,20.011,18.588,19.805,1175992.3599999999
1733126400,19.805,20.959,18.872,19.761,1711085.76
1733140800,19.758,21.88,19.473,21.809,2134791.36
1733155200,21.804,24.0,21.097,23.809,3235236.79
1733169600,23.813,26.926,23.636,25.235,3719993.58
1733184000,25.233,25.449,23.782,24.2,1608612.69
1733198400,24.205,25.495,24.012,25.112,1244741.66
1733212800,25.115,26.24,24.531,24.584,1227826.8900000001
1733227200,24.586,24.945,22.549,24.003,2118012.2199999997
1733241600,23.988,24.568,23.432,24.305,920882.74
1733256000,24.305,25.236,24.1,24.115,1110957.6400000001
1733270400,24.119,24.626,23.622,24.017,803256.71
1733284800,24.023,24.712,23.911,24.472,498311.59
1733299200,24.467,25.099,24.014,24.634,573650.8300000001
1733313600,24.627,26.5,24.038,25.383,1655676.68
1733328000,25.387,25.501,24.026,24.979,1108373.95
1733342400,24.972,25.255,23.75,24.108,924070.5999999999
1733356800,24.109,24.869,23.011,23.615,1149389.21
1733371200,23.605,24.39,23.5,23.922,499536.53
1733385600,23.93,24.285,23.723,24.241,453175.2
1733400000,24.235,25.059,23.928,24.297,1698032.46
1733414400,24.295,24.613,23.549,23.705,745047.81
1733428800,23.696,23.999,22.48,23.167,1388663.52
1733443200,23.174,24.121,23.077,24.021,694173.4299999999
1733457600,24.021,24.275,23.78,23.808,244304.28999999998
1733472000,23.808,24.084,23.133,23.317,417789.9
1733486400,23.301,24.151,22.74,23.798,703923.0
1733500800,23.801,25.12,23.757,24.938,656220.44
1733515200,24.931,26.0,24.844,25.916,1173438.42
1733529600,25.911,26.872,25.167,26.641,1255511.2
1733544000,26.643,26.783,25.319,25.402,680267.52
1733558400,25.403,25.466,24.743,24.97,371416.79
1733572800,24.968,25.188,24.881,24.995,333585.35
1733587200,25.008,25.033,24.462,24.801,579049.79
1733601600,24.796,24.953,24.621,24.811,260477.86
1733616000,24.803,25.028,24.721,24.829,239615.61
1733630400,24.829,25.592,24.706,25.366,410883.08999999997
1733644800,25.36,26.866,25.083,26.629,894740.9199999999
1733659200,26.62,27.401,26.041,26.261,985938.3400000001
1733673600,26.256,26.291,25.53,25.952,492091.24
1733688000,25.954,26.64,25.637,26.116,417641.2
1733702400,26.118,27.374,25.896,26.628,1219609.52
1733716800,26.632,27.308,25.617,26.205,760415.66
1733731200,26.221,26.228,24.49,24.618,548802.51
1733745600,24.608,25.864,24.267,24.382,801670.6
1733760000,24.368,24.641,23.622,23.658,744723.6
1733774400,23.656,23.71,19.85,22.257,2474803.5700000003
1733788800,22.255,22.732,20.7,21.639,1470230.49
1733803200,21.642,23.418,21.086,23.084,1294982.06
1733817600,23.076,23.791,22.706,23.199,678575.0700000001
1733832000,23.207,23.306,21.316,21.318,1299160.63
1733846400,21.34,21.677,20.279,21.432,1973821.65
1733860800,21.432,22.482,21.312,22.129,1014083.2999999999
1733875200,22.13,22.527,21.16,22.446,923438.9
1733889600,22.452,22.695,22.196,22.234,516788.28
1733904000,22.236,23.034,22.236,22.875,405749.78
1733918400,22.859,24.258,22.841,23.923,1049696.17
1733932800,23.928,24.239,23.394,23.82,596426.63
1733947200,23.829,24.349,23.713,24.083,420942.51
1733961600,24.084,27.152,23.889,27.035,1638978.12
1733976000,27.034,29.45,26.936,28.826,2117471.85
1733990400,28.836,29.209,27.532,27.844,801680.73
1734004800,27.854,28.531,27.332,28.234,1633908.85
1734019200,28.221,28.6,26.869,26.933,996604.74
1734033600,26.935,29.373,26.744,29.106,1833997.33
1734048000,29.13,30.949,28.242,30.162,2255198.12
1734062400,30.177,30.308,28.661,28.91,770876.42
1734076800,28.911,29.035,28.14,28.377,386269.77
1734091200,28.379,28.587,27.49,27.61,842985.1799999999
1734105600,27.606,28.334,27.573,28.093,447935.63
1734120000,28.097,29.122,27.77,28.999,513619.31
1734134400,28.998,30.678,28.77,29.447,1254233.8399999999
1734148800,29.446,29.824,29.153,29.514,437580.23
1734163200,29.501,30.378,29.298,29.772,610810.15
1734177600,29.778,30.75,28.716,30.346,994746.6000000001
1734192000,30.344,30.458,28.933,29.21,777406.34
1734206400,29.21,29.685,28.839,29.112,611511.5
1734220800,29.118,29.542,28.538,29.3,544644.1799999999
1734235200,29.289,29.874,28.578,28.762,478135.96
1734249600,28.756,29.104,28.542,28.79,287346.19
1734264000,28.796,29.329,28.282,29.118,399398.19
1734278400,29.121,29.584,28.768,28.96,367661.11
1734292800,28.96,29.604,28.02,29.248,780950.68
1734307200,29.249,29.738,28.406,28.647,746835.2000000001
1734321600,28.639,29.469,28.422,29.266,419658.32
1734336000,29.273,30.812,28.877,29.8,1061728.99
1734350400,29.8,30.619,29.23,30.271,892320.1499999999
1734364800,30.274,30.413,29.312,29.523,981435.01
1734379200,29.534,29.901,28.717,28.751,635766.01
1734393600,28.749,29.071,28.358,28.76,445393.75
1734408000,28.754,28.757,28.044,28.134,359035.77
1734422400,28.125,28.857,27.87,28.392,382102.38
1734436800,28.382,28.622,27.486,27.613,717014.59
1734451200,27.608,28.278,27.353,27.734,795309.6599999999
1734465600,27.73,28.283,27.467,27.858,402322.36
1734480000,27.865,28.405,27.45,27.67,448226.45
1734494400,27.67,27.733,26.782,27.204,605078.94
1734508800,27.198,27.933,26.929,27.916,244355.52
1734523200,27.919,27.919,26.53,27.08,561458.4
1734537600,27.083,27.947,26.4,26.4,493951.91
1734552000,26.398,26.58,24.699,24.841,1395884.28
1734566400,24.842,25.296,23.331,24.871,1567815.78
1734580800,24.863,24.959,24.422,24.83,422786.76
1734595200,24.818,25.72,24.493,25.39,499065.3
1734609600,25.386,25.394,23.73,24.159,677504.86
1734624000,24.156,24.355,21.9,22.283,2114247.69
1734638400,22.283,23.257,21.671,22.784,1258886.2
1734652800,22.797,23.698,22.606,23.165,549850.37
1734667200,23.16,23.313,22.127,22.606,520386.18000000005
1734681600,22.608,22.616,20.0,20.013,1881968.24
1734696000,20.007,22.932,20.0,22.694,1551363.45
1734710400,22.696,23.68,22.414,23.285,1509472.1400000001
1734724800,23.287,23.644,22.646,23.387,993181.1699999999
1734739200,23.378,23.715,23.02,23.128,361979.6
1734753600,23.141,24.933,23.116,24.534,727263.67
1734768000,24.538,24.761,23.592,23.821,492829.20999999996
1734782400,23.824,23.829,22.209,22.876,668306.51
1734796800,22.877,22.927,21.912,22.312,651491.61
1734811200,22.311,22.548,21.759,22.119,379201.01
1734825600,22.122,22.435,21.831,22.179,377413.51
1734840000,22.176,22.252,21.521,21.954,394714.98
1734854400,21.951,22.779,21.936,22.435,290856.3
1734868800,22.447,22.664,21.56,21.787,377264.68
1734883200,21.785,22.512,21.556,21.634,352665.68
1734897600,21.638,22.399,21.288,22.061,454646.63
1734912000,22.064,23.297,21.47,23.101,635101.61
1734926400,23.107,23.419,22.251,22.617,535722.86
1734940800,22.611,23.341,22.483,23.076,297510.56
1734955200,23.085,23.356,22.083,22.122,464580.61
1734969600,22.115,23.078,22.04,22.933,747783.28
1734984000,22.93,24.918,22.92,24.511,1309666.46
1734998400,24.514,24.654,23.503,24.112,665685.86
1735012800,24.108,24.296,23.74,23.83,501714.68
1735027200,23.83,24.367,23.761,24.186,312774.12
1735041600,24.17,24.88,23.767,24.63,581757.12
1735056000,24.63,25.44,24.367,25.045,750453.3500000001
1735070400,25.043,25.966,24.577,25.406,783508.3
1735084800,25.409,25.488,24.554,24.633,283290.82999999996
1735099200,24.635,25.114,24.55,24.734,200049.63
1735113600,24.752,25.562,24.463,24.489,231705.53
1735128000,24.493,24.852,24.409,24.661,152961.49
1735142400,24.665,24.735,24.225,24.71,135795.09
1735156800,24.703,24.754,24.12,24.424,231837.18000000002
1735171200,24.417,24.69,23.818,23.915,293001.35
1735185600,23.916,23.916,23.343,23.398,220533.76
1735200000,23.401,23.442,22.766,23.027,285324.99
1735214400,23.019,23.143,22.645,22.734,321893.77
1735228800,22.734,23.082,22.551,22.794,310470.76
1735243200,22.779,22.873,22.395,22.656,197684.36
1735257600,22.653,23.238,22.484,22.96,361963.53
1735272000,22.967,23.158,22.351,22.597,165380.19
1735286400,22.593,23.644,22.592,23.413,241347.08
1735300800,23.417,23.467,22.2,22.271,321345.37
1735315200,22.267,22.728,21.988,22.221,543267.89
1735329600,22.214,22.241,21.331,21.531,502850.35
1735344000,21.536,21.62,21.187,21.352,257474.21000000002
1735358400,21.355,21.423,21.025,21.046,222017.38
1735372800,21.041,21.428,21.035,21.287,203707.86000000002
1735387200,21.285,21.834,21.132,21.448,340682.37
1735401600,21.449,22.16,21.319,21.782,637579.89
1735416000,21.784,22.346,21.695,21.948,289165.66000000003
1735430400,21.939,21.975,21.596,21.795,150150.01
1735444800,21.797,21.91,21.488,21.9,155919.51
1735459200,21.905,21.922,21.462,21.467,107265.99
1735473600,21.468,21.722,21.24,21.408,137808.23
1735488000,21.409,21.431,21.172,21.229,152157.84
1735502400,21.225,21.225,20.732,20.904,417659.57
1735516800,20.911,21.787,20.81,21.054,364655.36
1735531200,21.05,21.371,20.909,21.152,171673.59
1735545600,21.153,21.413,20.965,21.202,225368.08
1735560000,21.19,21.41,20.052,20.273,736786.3200000001
1735574400,20.268,21.172,20.083,21.056,556672.85
1735588800,21.06,21.323,20.33,20.542,331745.95
1735603200,20.534,20.632,20.221,20.235,206913.34
1735617600,20.232,20.447,20.154,20.292,292048.31
1735632000,20.29,20.899,20.288,20.501,274978.77
1735646400,20.503,21.174,20.441,20.782,507880.85000000003
1735660800,20.782,20.81,19.946,20.075,505524.64
1735675200,20.067,20.158,19.786,19.972,457371.95999999996
1735689600,19.976,20.219,19.923,20.023,307031.86
1735704000,20.021,20.065,19.858,19.944,235982.47
1735718400,19.945,20.104,19.655,20.004,178411.09
1735732800,19.998,20.547,19.967,20.521,181846.14
1735747200,20.516,21.508,20.31,21.444,433239.64
1735761600,21.442,21.8,21.419,21.692,485869.86
1735776000,21.678,22.334,21.678,21.85,512299.44999999995
1735790400,21.853,22.342,21.802,22.307,319414.66
1735804800,22.309,22.779,22.026,22.558,344324.57
1735819200,22.562,22.875,22.088,22.185,442009.81
1735833600,22.19,22.555,22.034,22.099,327417.7
1735848000,22.103,22.224,21.8,22.044,208713.2
1735862400,22.046,22.4,21.884,22.223,329123.87
1735876800,22.218,22.238,21.773,21.782,166808.32
1735891200,21.787,22.655,21.626,22.651,215416.3
1735905600,22.65,23.47,22.437,23.45,532785.4199999999
1735920000,23.45,23.892,23.336,23.767,555548.62
1735934400,23.765,23.797,23.328,23.474,255050.29
1735948800,23.47,23.544,23.119,23.195,223672.08000000002
1735963200,23.193,23.355,23.016,23.284,107517.86
1735977600,23.28,23.306,22.88,23.062,126308.97
1735992000,23.063,23.919,23.055,23.156,307259.37
1736006400,23.16,23.763,23.16,23.624,193556.08000000002
1736020800,23.629,24.057,23.574,23.594,309003.02
1736035200,23.595,23.787,23.2,23.335,176745.36
1736049600,23.334,23.821,23.334,23.504,152056.37
1736064000,23.501,23.555,23.0,23.079,148586.63999999998
1736078400,23.071,23.391,22.851,23.284,235202.88
1736092800,23.288,23.487,23.092,23.349,170168.28
1736107200,23.346,23.723,23.236,23.573,195846.22
1736121600,23.574,24.062,23.01,24.041,395298.87
1736136000,24.045,24.178,23.491,23.513,288712.52
1736150400,23.509,23.822,23.32,23.822,145389.71
1736164800,23.824,24.46,23.496,24.376,537565.94
1736179200,24.377,24.779,23.769,23.913,566938.24
1736193600,23.907,24.151,23.662,23.844,280484.7
1736208000,23.832,23.851,23.44,23.516,283940.62
1736222400,23.522,23.666,23.343,23.39,83961.11
1736236800,23.394,23.669,23.083,23.193,118742.88
1736251200,23.194,23.379,21.69,22.044,651770.11
1736265600,22.04,22.194,21.391,21.468,593550.71
1736280000,21.468,21.704,21.169,21.385,416220.97
1736294400,21.38,21.726,20.9,21.157,390510.17000000004
1736308800,21.155,21.235,20.52,20.879,416422.6
1736323200,20.88,21.123,20.58,20.728,191093.09
1736337600,20.721,20.978,20.489,20.671,363887.71
1736352000,20.67,20.731,19.578,20.187,1030128.06
1736366400,20.193,20.631,19.957,20.441,390120.72000000003
1736380800,20.437,20.728,20.211,20.275,297672.88
1736395200,20.275,20.363,19.743,19.8,276804.31
1736409600,19.803,20.117,19.676,19.922,234266.47
1736424000,19.922,20.319,19.296,20.202,596080.55
1736438400,20.197,20.312,19.395,19.432,405518.11
1736452800,19.429,19.855,19.136,19.645,396503.68
1736467200,19.651,20.029,19.641,19.954,249868.21
1736481600,19.953,20.532,19.838,20.35,270867.75
1736496000,20.344,20.5,20.235,20.368,186152.22
1736510400,20.36,20.434,19.527,19.973,708348.23
1736524800,19.982,20.488,19.779,20.384,452303.36
1736539200,20.39,20.419,20.185,20.245,180507.64
1736553600,20.24,20.299,19.905,19.929,171016.77
1736568000,19.932,20.096,19.84,19.937,119794.43
1736582400,19.936,20.245,19.803,20.156,80521.45999999999
1736596800,20.161,20.181,19.9,19.982,130339.48999999999
1736611200,19.983,20.036,19.821,19.994,153408.84
1736625600,19.995,20.682,19.943,20.21,371912.05
1736640000,20.211,20.321,20.049,20.247,127228.20999999999
1736654400,20.248,20.315,19.97,20.079,90462.06999999999
1736668800,20.08,20.116,19.781,19.959,125300.20999999999
1736683200,19.953,20.241,19.849,20.145,136899.46
1736697600,20.144,20.196,19.964,20.03,158388.47
1736712000,20.032,20.098,19.585,19.827,165996.61
1736726400,19.828,20.424,19.326,19.383,399366.53
1736740800,19.381,19.727,19.0,19.092,271681.36
1736755200,19.093,19.117,18.037,18.084,519629.27
1736769600,18.082,19.099,17.837,18.924,735993.18
1736784000,18.928,19.053,18.216,18.466,561589.36
1736798400,18.463,19.553,18.372,19.355,555987.53
1736812800,19.353,19.586,19.24,19.486,163548.7
1736827200,19.486,19.752,19.421,19.433,98133.65
1736841600,19.435,20.296,19.435,19.93,273315.89
1736856000,19.933,20.384,19.763,20.139,385308.30000000005
1736870400,20.138,20.473,19.97,20.29,372295.09
1736884800,20.298,20.49,20.166,20.312,140457.91999999998
1736899200,20.319,20.688,20.201,20.437,304056.4
1736913600,20.446,20.836,20.241,20.71,160979.68
1736928000,20.717,20.98,20.09,20.324,189335.66
1736942400,20.319,21.75,20.144,21.594,729962.25
1736956800,21.605,21.85,21.25,21.611,516295.12
1736971200,21.607,22.156,21.568,22.087,391309.5
1736985600,22.089,22.175,21.451,21.591,394906.35
1737000000,21.592,21.845,21.565,21.755,171584.76
1737014400,21.754,22.493,21.296,22.467,453059.67
1737028800,22.468,23.331,22.232,23.297,1358118.51
1737043200,23.292,23.88,23.146,23.705,900416.48
1737057600,23.704,23.779,22.787,23.022,473328.43
1737072000,23.027,23.985,23.027,23.532,408484.35
1737086400,23.534,24.285,23.487,24.132,442501.55
1737100800,24.128,24.447,23.829,24.142,385011.53
1737115200,24.141,24.518,23.85,24.441,661606.79
1737129600,24.441,24.722,24.188,24.539,503702.95999999996
1737144000,24.545,25.238,24.491,25.104,632440.66
1737158400,25.107,25.679,24.441,24.551,647585.3200000001
1737172800,24.552,24.717,23.419,23.816,525216.88
1737187200,23.827,24.615,23.491,24.417,339794.11
1737201600,24.42,24.839,23.935,24.061,629510.5
1737216000,24.061,24.114,23.354,23.947,989332.78
1737230400,23.96,24.187,23.513,24.086,445119.68
1737244800,24.082,24.57,23.783,23.837,509220.05
1737259200,23.84,23.852,23.101,23.328,379175.47
1737273600,23.329,23.334,22.166,22.37,638054.71
1737288000,22.372,25.9,22.326,25.379,1402624.47
1737302400,25.363,26.68,25.272,26.0,1233108.63
1737316800,26.0,26.476,23.53,24.306,1962861.37
1737331200,24.315,24.78,23.368,24.316,1271638.29
1737345600,24.304,26.41,23.983,26.25,1173605.66
1737360000,26.245,26.9,25.229,25.706,688190.77
1737374400,25.7,26.626,24.5,25.817,1740636.66
1737388800,25.842,26.379,23.921,25.682,1581504.8800000001
1737403200,25.681,25.841,24.924,25.053,505937.33999999997
1737417600,25.054,25.167,24.01,24.429,712854.74
1737432000,24.418,24.424,23.637,24.057,416353.84
1737446400,24.057,26.25,23.857,25.625,803817.81
1737460800,25.635,26.437,25.357,25.823,746784.51
1737475200,25.825,27.097,25.759,26.629,1171794.04
1737489600,26.63,26.906,26.141,26.666,583280.17
1737504000,26.656,27.2,26.243,26.309,629010.91
1737518400,26.316,26.357,25.69,25.781,229338.77
1737532800,25.783,26.0,25.582,25.86,184838.58000000002
1737547200,25.857,25.959,25.314,25.411,371169.0
1737561600,25.412,25.677,25.187,25.403,324223.17000000004
1737576000,25.404,25.621,25.099,25.275,320703.12
1737590400,25.272,25.317,24.462,24.809,508594.75
1737604800,24.803,24.819,24.304,24.561,238016.66
1737619200,24.56,24.613,23.97,24.46,225672.87
1737633600,24.463,25.937,24.035,25.474,804849.98
1737648000,25.478,26.241,24.707,24.766,709866.91
1737662400,24.762,25.838,24.574,25.663,825874.4199999999
1737676800,25.665,25.853,24.839,25.222,368796.77
1737691200,25.217,26.326,25.006,25.941,517359.97000000003
1737705600,25.937,26.437,25.848,26.18,304690.9
1737720000,26.179,26.321,25.69,26.146,403369.93
1737734400,26.147,26.263,25.698,25.801,270793.67
1737748800,25.809,25.891,25.088,25.188,367835.36
1737763200,25.179,25.34,24.818,25.283,365190.54000000004
1737777600,25.281,25.318,24.913,24.991,129093.88
1737792000,24.991,25.093,24.698,24.973,174703.68
1737806400,24.97,25.322,24.72,25.148,366204.3
1737820800,25.147,25.367,24.801,25.25,273357.89
1737835200,25.251,25.43,24.889,24.92,171313.51
1737849600,24.927,25.62,24.854,25.572,318362.91000000003
1737864000,25.566,25.88,25.429,25.67,217061.46
1737878400,25.671,25.824,25.145,25.311,176421.32
1737892800,25.305,25.48,25.114,25.451,186129.19
1737907200,25.449,26.265,25.269,26.201,419561.82
1737921600,26.195,26.384,24.843,24.863,633663.88
1737936000,24.869,25.123,23.723,23.978,944124.29
1737950400,23.974,23.974,22.254,22.845,768980.88
1737964800,22.835,22.9,22.176,22.412,541011.81
1737979200,22.415,24.097,22.313,23.679,977484.37
1737993600,23.69,23.905,22.774,23.112,560519.06
1738008000,23.113,24.431,23.104,24.198,498136.07999999996
1738022400,24.205,24.562,23.773,24.269,463959.36
1738036800,24.269,24.657,24.073,24.123,263231.31
1738051200,24.126,24.213,23.835,23.964,228866.85
1738065600,23.964,24.26,23.513,23.937,442030.69
1738080000,23.933,23.965,23.13,23.284,555265.82
1738094400,23.285,23.385,22.35,22.603,494320.42000000004
1738108800,22.605,23.391,22.567,23.232,313924.7
1738123200,23.233,23.552,23.105,23.522,197309.29
1738137600,23.516,23.603,23.019,23.457,172326.74
1738152000,23.456,23.54,22.463,22.755,538209.03
1738166400,22.754,23.8,22.306,23.526,723762.51
1738180800,23.521,24.451,23.141,23.663,786185.24
1738195200,23.663,24.332,23.401,24.29,370985.89
1738209600,24.287,24.58,24.166,24.289,289671.27
1738224000,24.297,24.734,24.176,24.47,242404.55
1738238400,24.47,25.266,24.211,24.845,550708.73
1738252800,24.857,25.09,24.615,24.756,425151.54
1738267200,24.769,24.812,24.395,24.459,274111.46
1738281600,24.459,24.872,24.251,24.338,194841.22
1738296000,24.339,25.373,24.128,24.882,341225.1
1738310400,24.887,25.693,24.698,25.66,255362.74
1738324800,25.668,26.085,25.362,25.917,477770.42
1738339200,25.912,26.4,24.827,24.897,756609.6699999999
1738353600,24.895,25.221,24.478,25.152,457544.6
1738368000,25.148,25.959,25.065,25.63,536004.39
1738382400,25.638,25.849,25.212,25.232,174044.53
1738396800,25.235,25.333,24.53,24.776,270063.55
1738411200,24.775,24.931,24.239,24.466,290193.82
1738425600,24.467,24.637,23.52,23.556,312834.14
1738440000,23.555,23.577,22.76,22.97,510808.96
1738454400,22.968,23.324,22.231,22.318,487436.67000000004
1738468800,22.317,22.91,22.262,22.658,296297.6
1738483200,22.657,23.193,22.062,22.112,356688.59
1738497600,22.11,22.456,21.857,22.175,411547.68
1738512000,22.183,22.193,20.071,20.772,1438499.0899999999
1738526400,20.767,21.032,19.31,20.457,1172060.38
1738540800,20.459,20.469,16.01,17.733,3193879.2800000003
1738555200,17.74,19.5,17.05,19.452,1436185.8900000001
1738569600,19.451,19.451,18.448,18.914,699687.3
1738584000,18.919,20.711,18.131,20.457,1385524.3699999999
1738598400,20.457,22.067,20.15,21.934,1537316.23
1738612800,21.933,22.05,21.008,21.67,774040.14
1738627200,21.673,21.733,20.735,20.901,559024.23
1738641600,20.904,21.133,19.558,19.65,825544.19
1738656000,19.651,20.811,19.46,20.347,554132.4299999999
1738670400,20.352,21.0,20.2,20.552,683504.49
1738684800,20.553,21.288,20.319,20.325,623380.54
1738699200,20.332,20.523,19.321,19.982,932607.74
1738713600,19.989,20.272,19.744,19.994,436449.99
1738728000,19.993,20.088,19.436,19.648,468473.51
1738742400,19.649,20.111,19.407,20.018,397057.8
1738756800,20.017,20.106,19.485,19.655,575306.94
1738771200,19.648,19.719,18.972,19.472,668367.35
1738785600,19.472,19.584,18.97,19.199,360598.11
1738800000,19.188,19.584,19.056,19.513,293384.62
1738814400,19.512,19.938,19.462,19.702,267800.99
1738828800,19.702,19.926,19.493,19.725,270241.08
1738843200,19.726,19.765,18.546,18.709,597175.45
1738857600,18.708,18.879,18.409,18.516,618668.35
1738872000,18.513,18.96,18.425,18.588,354997.13
1738886400,18.59,19.062,18.566,18.813,287976.42000000004
1738900800,18.817,18.99,18.432,18.789,212379.32
1738915200,18.788,19.394,18.7,19.295,233986.24
1738929600,19.293,19.863,18.971,19.374,704866.95
1738944000,19.38,19.39,18.61,18.736,595522.78
1738958400,18.73,18.751,17.796,18.39,766005.3
1738972800,18.39,18.628,18.199,18.232,239508.93
1738987200,18.229,18.309,17.925,18.178,148432.98
1739001600,18.175,18.226,17.91,18.066,127844.06999999999
1739016000,18.063,18.242,17.875,18.056,173894.79
1739030400,18.054,18.453,17.885,18.339,219136.64
1739044800,18.34,18.55,18.189,18.448,204183.17
1739059200,18.447,19.009,18.263,18.919,269822.20999999996
1739073600,18.92,18.925,18.527,18.762,150759.5
1739088000,18.766,18.9,18.552,18.555,115068.11
1739102400,18.556,18.796,18.112,18.731,275695.76
1739116800,18.732,18.944,18.34,18.375,181914.97
1739131200,18.374,18.73,17.44,18.269,599186.56
1739145600,18.267,18.653,17.674,18.364,401678.56
1739160000,18.372,18.788,18.241,18.646,226898.69
1739174400,18.644,18.98,18.627,18.755,170265.41
1739188800,18.752,19.121,18.474,18.593,266477.65
1739203200,18.596,18.955,18.498,18.845,257722.15999999997
1739217600,18.843,18.951,18.62,18.802,166070.34
1739232000,18.798,19.37,18.761,19.327,323274.53
1739246400,19.334,19.795,19.293,19.635,250869.52000000002
1739260800,19.63,19.747,19.336,19.555,174989.62
1739275200,19.559,19.578,18.833,19.094,251947.86
1739289600,19.094,19.172,18.218,18.447,397262.93
1739304000,18.447,18.981,18.411,18.647,250745.99
1739318400,18.643,18.89,18.401,18.469,192247.58000000002
1739332800,18.462,18.71,18.337,18.586,171224.56
1739347200,18.585,18.771,18.392,18.547,136949.17
1739361600,18.545,18.819,17.648,18.12,749916.48
1739376000,18.122,18.895,17.95,18.84,419118.69
1739390400,18.841,19.523,18.738,19.198,399890.07999999996
1739404800,19.206,19.333,18.98,19.233,219088.48
1739419200,19.236,19.256,18.722,18.817,175066.25
1739433600,18.818,18.889,18.564,18.686,108726.02
1739448000,18.687,18.707,18.179,18.506,460622.06
1739462400,18.499,18.626,18.196,18.348,246826.19
1739476800,18.35,18.637,18.34,18.552,281708.36
1739491200,18.56,18.969,18.452,18.95,257574.26
1739505600,18.952,18.991,18.625,18.766,151023.03
1739520000,18.766,19.35,18.674,19.032,332360.17000000004
1739534400,19.032,19.622,18.88,19.504,447885.21
1739548800,19.505,19.849,19.192,19.51,376229.42
1739563200,19.516,19.666,19.122,19.381,322869.75
1739577600,19.385,19.612,19.188,19.417,152830.79
1739592000,19.42,19.661,19.263,19.273,120142.7
1739606400,19.276,19.393,19.022,19.116,108511.72
1739620800,19.116,19.291,18.836,18.957,183445.72
1739635200,18.955,19.05,18.792,18.879,133710.54
1739649600,18.88,19.019,18.74,19.003,163466.47
1739664000,18.995,19.125,18.689,18.849,119985.07
1739678400,18.852,19.26,18.826,18.904,118292.95
1739692800,18.906,19.16,18.833,19.16,67123.04000000001
1739707200,19.155,19.19,18.712,18.897,147270.82
1739721600,18.894,19.127,18.56,18.837,162981.93
1739736000,18.83,19.035,18.65,18.698,175286.39
1739750400,18.692,19.009,18.63,18.821,152159.07
1739764800,18.82,19.155,18.364,18.806,270051.31
1739779200,18.8,19.497,18.72,19.353,272736.25
1739793600,19.346,19.785,19.216,19.247,299879.15
1739808000,19.235,19.387,18.711,19.082,460854.74
1739822400,19.077,19.511,18.972,19.113,239148.24000000002
1739836800,19.104,19.2,18.773,18.863,182889.12
1739851200,18.866,18.874,18.08,18.083,318825.84
1739865600,18.088,18.302,17.856,18.002,196821.4
1739880000,17.998,18.389,17.562,17.678,347897.72
1739894400,17.676,17.813,17.281,17.603,441212.68000000005
1739908800,17.604,17.9,17.425,17.86,261124.41
1739923200,17.863,17.989,17.526,17.829,199017.68
1739937600,17.828,18.121,17.43,18.032,222219.22999999998
1739952000,18.031,18.131,17.876,18.114,174640.69
1739966400,18.118,18.2,17.745,17.799,226836.53
1739980800,17.805,18.063,17.722,17.905,214417.15
1739995200,17.901,18.093,17.758,17.978,154376.4
1740009600,17.981,18.366,17.896,18.322,221584.93
1740024000,18.32,18.474,18.061,18.106,142966.94
1740038400,18.103,18.194,17.823,18.138,212365.02
1740052800,18.135,18.373,17.867,17.891,318480.20999999996
1740067200,17.894,18.434,17.867,18.342,236739.84
1740081600,18.344,18.434,18.135,18.289,182330.36000000002
1740096000,18.286,18.324,18.051,18.091,96481.98
1740110400,18.096,18.396,18.096,18.262,105328.42
1740124800,18.261,18.746,18.224,18.572,152914.93
1740139200,18.571,19.06,18.075,18.385,387580.64
1740153600,18.389,18.548,17.119,17.277,616695.72
1740168000,17.27,17.454,17.12,17.415,346868.51
1740182400,17.417,17.672,17.298,17.462,183344.39
1740196800,17.459,17.644,17.435,17.482,118326.19
1740211200,17.482,17.714,17.422,17.607,92735.13
1740225600,17.611,17.832,17.518,17.789,123608.61
1740240000,17.79,18.03,17.758,17.867,150565.91999999998
1740254400,17.866,17.87,17.715,17.758,99301.3
1740268800,17.755,17.912,17.642,17.797,112991.93
1740283200,17.801,18.125,17.746,18.12,76951.29999999999
1740297600,18.121,18.133,17.711,17.772,56490.25
1740312000,17.769,17.846,17.441,17.473,84929.53
1740326400,17.471,17.669,17.457,17.538,65584.87
1740340800,17.534,17.745,17.423,17.611,90045.3
1740355200,17.613,17.747,16.785,16.82,223045.3
1740369600,16.823,16.981,16.476,16.871,205340.73
1740384000,16.869,16.87,16.446,16.67,166086.38
1740398400,16.67,16.779,16.03,16.21,384290.7
1740412800,16.215,16.509,15.929,16.099,308961.24
1740427200,16.103,16.284,15.0,15.25,612050.0499999999
1740441600,15.25,15.416,14.845,15.125,586515.76
1740456000,15.129,15.272,14.021,14.542,742370.5700000001
1740470400,14.533,14.91,14.195,14.843,657664.32
1740484800,14.842,14.992,14.379,14.728,709559.41
1740499200,14.729,15.115,14.488,15.087,613157.22
1740513600,15.091,15.569,14.965,15.294,444285.62
1740528000,15.296,15.531,15.082,15.366,229976.63
1740542400,15.364,15.503,15.145,15.283,273830.27
1740556800,15.283,15.633,15.14,15.512,211624.36
1740571200,15.517,15.76,14.957,15.515,433891.21
1740585600,15.519,15.59,14.666,14.868,487329.1
1740600000,14.87,15.686,14.62,15.231,488669.64999999997
1740614400,15.236,15.438,15.038,15.282,135004.49
1740628800,15.281,15.677,15.11,15.6,179468.63
1740643200,15.603,15.769,15.433,15.606,130568.88
1740657600,15.608,15.738,15.171,15.378,335185.54000000004
1740672000,15.375,15.482,15.0,15.07,238958.81
1740686400,15.075,15.2,14.75,15.091,302342.33999999997
1740700800,15.094,15.183,13.808,13.862,870456.31
1740715200,13.866,13.969,13.472,13.649,649335.17
1740729600,13.652,14.042,13.436,13.756,392572.31999999995
1740744000,13.752,14.725,13.657,14.614,466406.15
1740758400,14.612,14.849,14.482,14.766,276513.23
1740772800,14.761,14.861,14.583,14.804,229115.3
1740787200,14.804,14.944,14.475,14.807,284236.51
1740801600,14.799,15.001,14.507,14.537,189673.23
1740816000,14.54,14.859,14.393,14.439,120192.78
1740830400,14.443,14.553,14.216,14.477,157672.3
1740844800,14.469,14.898,14.418,14.882,181243.08000000002
1740859200,14.882,15.128,14.738,14.751,253515.56
1740873600,14.754,14.906,14.645,14.851,144128.84
1740888000,14.851,14.919,14.721,14.748,71980.88
1740902400,14.747,14.902,14.674,14.772,74625.45999999999
1740916800,14.763,15.542,14.39,15.255,464527.1
1740931200,15.268,17.813,15.24,16.954,1986423.79
1740945600,16.961,17.54,16.895,17.419,571519.94
1740960000,17.415,17.495,16.557,16.788,468452.19
1740974400,16.792,16.975,16.085,16.486,384940.48
1740988800,16.488,16.508,15.942,16.307,190181.11000000002
1741003200,16.305,16.876,16.075,16.243,672967.9299999999
1741017600,16.246,16.425,14.69,14.74,1185364.16
1741032000,14.738,14.932,14.359,14.443,611286.14
1741046400,14.445,14.587,13.401,13.759,996528.8600000001
1741060800,13.76,14.107,13.72,13.79,270595.5
1741075200,13.791,13.968,13.665,13.791,191573.3
1741089600,13.784,14.214,13.33,13.819,1037567.55
1741104000,13.819,14.53,13.074,14.514,1075398.72
1741118400,14.512,15.357,14.311,14.862,948576.4600000001
1741132800,14.859,15.103,14.631,14.83,314839.44
1741147200,14.831,15.459,14.824,15.448,288970.88
1741161600,15.45,16.505,15.364,16.07,682524.9400000001
1741176000,16.069,16.174,15.558,15.683,733311.4099999999
1741190400,15.683,16.432,15.565,16.35,830342.1
1741204800,16.349,16.588,16.258,16.418,488985.44
1741219200,16.42,17.341,16.381,17.223,731791.29
1741233600,17.231,17.389,16.868,16.907,469413.31
1741248000,16.908,17.664,16.856,17.49,753692.52
1741262400,17.495,17.55,16.592,17.245,1077562.0
1741276800,17.249,17.347,16.527,16.807,646979.66
1741291200,16.81,17.296,16.771,17.054,463412.12
1741305600,17.048,17.226,15.855,16.169,963347.1699999999
1741320000,16.168,17.188,16.158,17.188,393569.82999999996
1741334400,17.184,17.371,16.799,17.145,511200.23
1741348800,17.145,17.527,16.777,16.927,997030.3999999999
1741363200,16.922,17.487,16.081,16.638,1017130.9099999999
1741377600,16.638,16.771,15.732,15.932,843593.85
1741392000,15.93,16.029,15.431,15.69,486450.07
1741406400,15.686,15.859,15.523,15.547,182674.38
1741420800,15.545,15.566,15.245,15.327,328022.95999999996
1741435200,15.328,15.583,15.162,15.309,288202.09
1741449600,15.306,15.573,15.105,15.54,290243.67
1741464000,15.544,15.557,15.191,15.256,165166.94
1741478400,15.258,15.367,15.013,15.263,283523.95
1741492800,15.261,15.356,15.088,15.128,150220.56
1741507200,15.122,15.125,14.632,14.694,225840.12
1741521600,14.694,14.702,14.246,14.304,520042.25
1741536000,14.295,14.364,13.642,13.992,779880.17
1741550400,13.987,14.136,13.601,13.8,436194.73
1741564800,13.802,14.23,13.654,14.134,514009.27999999997
1741579200,14.129,14.337,13.984,14.091,337422.37
1741593600,14.095,14.569,13.822,14.258,401521.5
1741608000,14.26,14.358,13.246,13.476,874197.98
1741622400,13.479,13.541,12.415,12.798,1176757.6800000002
1741636800,12.799,13.0,12.577,12.647,496878.16
1741651200,12.647,12.826,11.842,12.434,1189383.16
1741665600,12.435,12.955,12.398,12.718,395525.5
1741680000,12.718,13.181,12.649,13.045,515885.52
1741694400,13.043,13.208,12.356,12.982,1047262.36
1741708800,12.981,13.653,12.789,13.602,826737.92
1741723200,13.596,13.648,13.081,13.133,449168.16000000003
1741737600,13.133,13.486,12.821,12.837,464460.44
1741752000,12.836,13.163,12.647,13.084,434722.73
1741766400,13.082,13.425,12.998,13.369,457811.41
1741780800,13.361,14.031,12.763,13.074,995616.96
1741795200,13.07,13.37,13.025,13.273,447122.27
1741809600,13.269,13.522,13.202,13.483,377377.45
1741824000,13.478,13.537,13.22,13.288,453228.93
1741838400,13.285,13.335,13.053,13.133,526779.87
1741852800,13.132,13.494,12.983,13.439,312029.33
1741867200,13.436,13.6,12.967,13.019,676134.1799999999
1741881600,13.02,13.051,12.71,12.823,485076.56
1741896000,12.824,13.2,12.728,13.032,332384.82999999996
1741910400,13.035,13.353,12.986,13.265,228210.51
1741924800,13.263,13.439,13.241,13.344,254907.02000000002
1741939200,13.345,14.417,13.31,14.102,2073150.1300000001
1741953600,14.103,14.683,13.952,14.373,997725.65
1741968000,14.374,14.681,13.92,13.941,723315.98
1741982400,13.94,13.96,13.61,13.662,773657.23
1741996800,13.661,14.086,13.634,14.014,296666.68
1742011200,14.015,14.248,13.721,13.803,309011.98
1742025600,13.803,14.098,13.751,14.05,176374.94
1742040000,14.044,14.134,13.911,14.039,245159.46
1742054400,14.046,14.16,13.955,14.055,212729.79
1742068800,14.057,14.164,14.002,14.015,226965.18
1742083200,14.014,14.038,13.775,13.975,249532.51
1742097600,13.977,14.178,13.972,14.151,186673.43
1742112000,14.155,14.185,13.488,13.526,436529.77
1742126400,13.528,13.657,13.332,13.482,302717.54000000004
1742140800,13.478,13.799,13.366,13.412,248506.09
1742155200,13.411,13.515,13.211,13.373,160888.39
1742169600,13.37,13.757,13.34,13.693,152181.48
1742184000,13.694,13.836,13.482,13.777,137701.87
1742198400,13.771,13.887,13.664,13.798,189609.78999999998
1742212800,13.799,13.944,13.542,13.759,471579.14
1742227200,13.756,14.21,13.65,14.122,443042.13999999996
1742241600,14.127,14.24,13.964,14.023,250792.77
1742256000,14.029,14.097,13.737,13.828,293173.42
1742270400,13.827,14.215,13.799,14.139,408508.37
1742284800,14.136,14.269,13.66,13.706,716084.45
1742299200,13.709,13.844,13.533,13.593,475471.47000000003
1742313600,13.588,13.749,13.452,13.707,261964.7
1742328000,13.705,13.948,13.579,13.91,218516.41999999998
1742342400,13.91,14.077,13.77,13.995,281549.74
1742356800,13.997,14.014,13.843,13.854,199039.86000000002
1742371200,13.854,14.496,13.849,14.464,459846.86
1742385600,14.466,14.686,14.287,14.617,793787.9
1742400000,14.618,14.673,14.201,14.476,950486.25
1742414400,14.478,15.043,14.457,15.024,724470.9199999999
1742428800,15.024,15.172,14.706,14.721,408362.48
1742443200,14.718,14.785,14.585,14.63,157553.16999999998
1742457600,14.632,14.808,14.36,14.492,186732.64
1742472000,14.493,14.749,14.317,14.346,393903.02
1742486400,14.347,14.426,14.078,14.168,288198.61
1742500800,14.167,14.279,14.101,14.217,151814.25
1742515200,14.21,14.378,14.125,14.13,193620.72
1742529600,14.13,14.264,14.047,14.194,93018.29000000001
1742544000,14.193,14.273,13.947,14.062,182848.13
1742558400,14.057,14.13,13.836,13.871,312209.17
1742572800,13.868,14.105,13.819,13.985,225855.03999999998
1742587200,13.988,14.172,13.928,13.953,124680.37
1742601600,13.954,14.129,13.93,14.073,126529.73999999999
1742616000,14.068,14.15,14.048,14.069,79899.42
1742630400,14.074,14.29,14.039,14.198,141181.75
1742644800,14.2,14.339,14.127,14.23,111676.35
1742659200,14.22,14.494,14.203,14.465,180593.24
1742673600,14.469,14.499,14.154,14.246,150901.72
1742688000,14.246,14.46,14.212,14.46,150074.08000000002
1742702400,14.461,14.469,14.277,14.289,76564.79
1742716800,14.291,14.485,14.246,14.382,120622.48999999999
1742731200,14.383,14.492,14.284,14.429,113119.79000000001
1742745600,14.431,14.449,14.241,14.352,192347.85
1742760000,14.361,14.47,14.236,14.469,142492.24
1742774400,14.467,14.699,14.152,14.665,438763.76
1742788800,14.667,15.156,14.667,15.025,412168.57
1742803200,15.025,15.31,15.023,15.192,286851.88
1742817600,15.2,15.398,15.047,15.205,618654.91
1742832000,15.207,15.293,14.991,15.159,396532.54000000004
1742846400,15.159,15.256,14.994,15.127,173545.06
1742860800,15.127,15.245,14.873,14.906,309583.95999999996
1742875200,14.903,15.25,14.864,15.199,172339.43
1742889600,15.2,15.492,15.197,15.439,282986.18
1742904000,15.443,15.588,15.282,15.335,314272.57
1742918400,15.33,15.515,15.286,15.463,274007.13
1742932800,15.464,15.649,15.335,15.437,333453.63
1742947200,15.433,15.617,15.245,15.315,244607.45
1742961600,15.315,15.945,15.306,15.913,334559.16000000003
1742976000,15.917,15.999,15.789,15.87,246113.42
1742990400,15.872,15.883,15.219,15.295,479128.53
1743004800,15.293,15.471,14.943,15.153,348127.82
1743019200,15.154,15.311,15.032,15.249,248294.41
1743033600,15.25,15.796,15.169,15.721,378932.64999999997
1743048000,15.729,15.74,15.521,15.64,289896.65
1743062400,15.639,15.739,15.488,15.506,394252.62
1743076800,15.506,15.797,15.257,15.556,511575.76
1743091200,15.555,15.622,15.298,15.475,364412.68
1743105600,15.479,15.681,15.395,15.519,233980.74
1743120000,15.52,15.581,15.25,15.339,327479.65
1743134400,15.339,15.391,14.418,14.475,666737.85
1743148800,14.471,14.514,14.189,14.375,520286.68000000005
1743163200,14.376,14.461,14.133,14.156,387629.93
1743177600,14.157,14.214,13.992,14.061,270363.02
1743192000,14.059,14.325,13.962,14.253,313489.61
1743206400,14.251,14.405,14.049,14.242,217320.56
1743220800,14.24,14.287,13.844,13.903,198160.36
1743235200,13.9,14.024,13.539,13.645,469405.87
1743249600,13.648,13.837,13.596,13.636,208626.95
1743264000,13.637,13.691,13.377,13.577,386963.36
1743278400,13.573,13.574,13.366,13.547,220509.31
1743292800,13.548,13.873,13.397,13.677,403332.65
1743307200,13.676,13.782,13.596,13.669,149155.62
1743321600,13.67,13.86,13.644,13.725,157807.3
1743336000,13.726,13.783,13.462,13.603,242002.68
1743350400,13.601,13.714,13.378,13.601,305375.93
1743364800,13.602,13.624,13.199,13.412,308998.07
1743379200,13.413,13.532,13.112,13.256,572455.42
1743393600,13.255,13.448,13.135,13.213,345685.14
1743408000,13.215,13.313,12.957,13.229,388468.49
1743422400,13.228,13.697,13.138,13.556,623436.69
1743436800,13.558,13.71,13.419,13.525,418479.68
1743451200,13.525,13.646,13.44,13.503,192201.22
1743465600,13.502,13.763,13.488,13.638,299699.69
1743480000,13.639,13.792,13.572,13.734,195043.12
1743494400,13.733,14.096,13.732,13.955,753189.74
1743508800,13.954,14.389,13.684,14.309,497240.26
1743523200,14.31,14.391,14.111,14.182,326541.07999999996
1743537600,14.181,14.267,14.027,14.044,207326.03999999998
1743552000,14.045,14.05,13.644,13.747,250256.05
1743566400,13.743,13.882,13.34,13.39,485685.97
1743580800,13.387,13.697,13.323,13.498,223468.31
1743595200,13.498,14.198,13.364,14.06,643211.31
1743609600,14.06,14.173,13.728,13.998,421960.97
1743624000,13.999,14.394,12.811,12.903,1467151.78
1743638400,12.903,13.304,12.839,13.194,349765.08999999997
1743652800,13.198,13.278,12.878,12.954,422720.18000000005
1743667200,12.954,13.074,12.7,12.824,396344.56000000006
1743681600,12.82,12.83,12.299,12.56,1058129.82
1743696000,12.556,12.726,12.414,12.643,459354.49
1743710400,12.644,12.905,12.601,12.896,406473.16000000003
1743724800,12.899,12.952,12.652,12.707,334179.02
1743739200,12.707,13.104,12.599,13.074,380877.37
1743753600,13.074,13.189,12.352,12.561,592005.03
1743768000,12.562,12.927,12.423,12.735,1116820.13
1743782400,12.737,13.071,12.665,12.922,706294.17
1743796800,12.922,13.087,12.867,12.942,240268.58
1743811200,12.939,13.03,12.839,12.848,110937.29
1743825600,12.846,12.917,12.779,12.873,76527.43000000001
1743840000,12.875,13.052,12.825,12.883,195659.51
1743854400,12.883,12.923,12.572,12.627,306919.81
1743868800,12.626,12.718,12.6,12.613,110382.95000000001
1743883200,12.614,12.874,12.576,12.841,104514.6
1743897600,12.845,12.944,12.71,12.784,209440.89
1743912000,12.784,12.824,12.625,12.648,93900.06
1743926400,12.651,12.702,12.54,12.608,113165.52
1743940800,12.607,12.643,12.067,12.321,497127.93999999994
1743955200,12.319,12.343,11.436,11.581,902470.63
1743969600,11.578,11.64,11.0,11.279,1075272.49
1743984000,11.281,11.512,10.799,10.927,611222.05
1743998400,10.928,11.149,10.1,10.339,1140869.17
1744012800,10.34,10.943,10.294,10.701,815053.1799999999
1744027200,10.703,11.871,10.656,11.284,2380602.96
1744041600,11.281,11.496,11.079,11.32,1477603.8599999999
1744056000,11.325,11.664,11.322,11.449,352320.41000000003
1744070400,11.448,11.867,11.357,11.639,414654.19
1744084800,11.642,11.866,11.509,11.602,390992.17
1744099200,11.6,11.805,11.423,11.78,328931.81
1744113600,11.78,11.888,11.371,11.422,969753.83
1744128000,11.421,11.443,10.833,10.899,796510.71
1744142400,10.898,11.077,10.769,10.912,400186.53
1744156800,10.915,11.0,10.436,10.68,802811.64
1744171200,10.679,11.496,10.658,11.379,874538.09
1744185600,11.379,11.481,11.093,11.172,582057.4
1744200000,11.173,11.483,11.047,11.362,812697.77
1744214400,11.363,12.757,11.334,12.598,2147856.46
1744228800,12.6,12.824,12.599,12.65,431056.78
1744243200,12.65,12.661,12.162,12.306,314844.63
1744257600,12.311,12.494,12.227,12.317,254218.75
1744272000,12.321,12.44,12.265,12.396,242950.90999999997
1744286400,12.394,12.597,11.77,11.816,802032.91
1744300800,11.813,12.091,11.663,11.987,682257.86
1744315200,11.986,12.12,11.976,12.069,202782.43
1744329600,12.065,12.465,12.018,12.391,430452.52
1744344000,12.388,12.523,12.313,12.392,205449.21
1744358400,12.391,12.694,12.323,12.464,327514.67
1744372800,12.466,12.668,12.359,12.542,506797.41000000003
1744387200,12.551,12.802,12.45,12.702,344024.75
1744401600,12.703,12.901,12.582,12.64,196097.64
1744416000,12.638,12.689,12.464,12.542,128401.45999999999
1744430400,12.542,12.789,12.5,12.768,107315.82
1744444800,12.772,12.941,12.668,12.738,86061.58
1744459200,12.739,13.264,12.715,13.114,501619.2
1744473600,13.115,13.18,12.966,13.088,350943.43
1744488000,13.087,13.287,13.081,13.148,195539.97
1744502400,13.148,13.228,12.98,13.04,155015.24
1744516800,13.04,13.047,12.871,12.926,99951.09
1744531200,12.928,13.163,12.783,12.79,182389.28999999998
1744545600,12.787,12.903,12.595,12.676,197074.16
1744560000,12.673,13.227,12.475,12.67,291089.8
1744574400,12.672,12.809,12.421,12.625,292707.04
1744588800,12.625,13.151,12.581,12.775,314375.29
1744603200,12.781,12.906,12.572,12.731,151124.91
1744617600,12.731,13.243,12.697,13.152,226238.5
1744632000,13.153,13.234,12.664,12.714,394174.14
1744646400,12.714,13.014,12.645,12.862,216255.55
1744660800,12.87,12.878,12.578,12.635,150117.37
1744675200,12.639,12.756,12.523,12.734,243624.53
1744689600,12.732,12.798,12.614,12.738,183361.4
1744704000,12.737,12.795,12.515,12.593,234365.41
1744718400,12.596,12.832,12.295,12.373,459946.93000000005
1744732800,12.372,12.449,12.261,12.368,279354.86
1744747200,12.366,12.443,12.2,12.233,229384.98
1744761600,12.231,12.422,12.175,12.401,152235.27000000002
1744776000,12.394,12.436,12.13,12.156,160557.38
1744790400,12.154,12.304,12.045,12.174,185249.79
1744804800,12.174,12.525,12.039,12.322,301533.78
1744819200,12.321,12.499,11.91,12.392,523146.38
1744833600,12.385,12.511,12.268,12.357,184596.07
1744848000,12.353,12.505,12.303,12.386,108533.18
1744862400,12.383,12.69,12.348,12.606,154371.94999999998
1744876800,12.606,12.624,12.392,12.443,204343.93
1744891200,12.444,12.541,12.201,12.439,279679.67
1744905600,12.441,12.701,12.383,12.495,339152.36
1744920000,12.496,12.625,12.486,12.536,91705.52
1744934400,12.536,12.58,12.404,12.562,107038.75
1744948800,12.563,12.685,12.524,12.637,54254.53
1744963200,12.639,12.716,12.592,12.626,117923.51000000001
1744977600,12.629,12.649,12.466,12.515,112776.86
1744992000,12.509,12.647,12.5,12.63,120491.4
1745006400,12.632,12.656,12.511,12.559,84833.69
1745020800,12.562,12.768,12.54,12.717,115295.28
1745035200,12.717,12.887,12.711,12.861,108435.73000000001
1745049600,12.861,12.927,12.75,12.756,105686.87
1745064000,12.757,12.835,12.714,12.752,71759.51000000001
1745078400,12.753,13.006,12.701,12.934,119247.85999999999
1745092800,12.937,13.048,12.906,12.93,77484.7
1745107200,12.933,13.05,12.911,13.033,82015.76000000001
1745121600,13.036,13.097,12.876,12.975,100391.59
1745136000,12.975,13.136,12.879,12.911,177756.86
1745150400,12.912,13.206,12.91,13.11,182666.94
1745164800,13.11,13.449,13.057,13.403,192919.01
1745179200,13.403,13.596,13.244,13.283,252753.23
1745193600,13.285,13.652,13.259,13.534,315633.86
1745208000,13.529,13.647,13.465,13.643,149206.69
1745222400,13.644,13.693,13.387,13.45,132440.72999999998
1745236800,13.444,13.615,13.326,13.363,270387.31
1745251200,13.368,13.388,12.969,13.136,311907.83999999997
1745265600,13.134,13.155,13.015,13.102,127531.73999999999
1745280000,13.102,13.312,12.886,13.126,257306.35
1745294400,13.127,13.339,13.011,13.287,189021.35
1745308800,13.287,13.52,13.245,13.454,215264.90000000002
1745323200,13.449,14.095,13.406,13.867,697769.78
1745337600,13.868,13.932,13.72,13.861,301748.15
1745352000,13.86,14.175,13.779,14.138,613207.42
1745366400,14.139,14.428,14.026,14.427,450983.39
1745380800,14.429,14.768,14.359,14.749,327151.54000000004
1745395200,14.749,15.151,14.707,15.014,453546.55
1745409600,15.017,15.305,14.584,14.851,988159.87
1745424000,14.851,15.044,14.715,14.859,428599.74
1745438400,14.861,15.156,14.854,15.021,240700.88999999998
1745452800,15.019,15.115,14.566,14.575,275756.3
1745467200,14.574,14.631,14.268,14.322,492266.21
1745481600,14.328,14.457,14.156,14.437,215861.89
1745496000,14.436,15.156,14.366,14.878,486998.35
1745510400,14.882,15.078,14.722,14.956,406963.22000000003
1745524800,14.956,15.109,14.847,15.064,261972.51
1745539200,15.066,15.201,14.713,14.981,343075.19
1745553600,14.98,15.287,14.87,15.118,216876.93
1745568000,15.118,15.299,14.931,15.153,389888.39
1745582400,15.154,15.362,14.827,15.208,713098.61
1745596800,15.207,15.256,14.939,15.07,320279.42000000004
1745611200,15.071,15.089,14.898,14.927,148733.97
1745625600,14.928,15.289,14.928,15.103,317889.97000000003
1745640000,15.099,15.226,14.963,15.096,210690.75
1745654400,15.095,15.262,14.744,14.778,274514.52
1745668800,14.78,14.94,14.682,14.925,189098.76
1745683200,14.923,14.97,14.796,14.893,119337.75
1745697600,14.894,14.981,14.798,14.87,120182.25
1745712000,14.875,15.1,14.61,14.759,464241.44
1745726400,14.756,14.845,14.44,14.556,210675.06
1745740800,14.558,14.665,14.505,14.529,85552.25
1745755200,14.529,14.655,14.38,14.48,174503.55000000002
1745769600,14.48,14.824,14.398,14.817,135173.08000000002
1745784000,14.82,14.825,14.561,14.562,162508.59
1745798400,14.562,14.869,14.245,14.843,410423.18
1745812800,14.843,15.039,14.742,15.022,306821.29000000004
1745827200,15.023,15.111,14.808,14.98,189586.89
1745841600,14.98,14.983,14.453,14.556,399640.23
1745856000,14.554,15.017,14.421,14.958,302288.33999999997
1745870400,14.955,15.111,14.801,15.024,197777.38
1745884800,15.026,15.24,14.936,15.068,236974.04
1745899200,15.066,15.204,14.849,15.177,127830.22
1745913600,15.175,15.229,15.004,15.024,185135.89
1745928000,15.031,15.05,14.848,14.903,208677.05
1745942400,14.91,15.015,14.79,14.869,222511.83
1745956800,14.871,14.907,14.483,14.605,211882.32
1745971200,14.603,14.763,14.506,14.726,111332.44
1745985600,14.727,14.745,14.476,14.537,78656.54
1746000000,14.535,14.677,14.472,14.636,107500.16
1746014400,14.636,14.647,13.834,14.132,490323.42
1746028800,14.127,14.376,13.982,14.213,324072.85
1746043200,14.214,14.431,14.204,14.296,153024.75
1746057600,14.296,14.678,14.294,14.536,142108.72
1746072000,14.541,14.75,14.484,14.725,107417.69
1746086400,14.724,15.025,14.7,14.984,173610.84
1746100800,14.982,15.04,14.708,14.871,427658.9
1746115200,14.87,15.019,14.833,14.848,183681.12
1746129600,14.845,14.957,14.735,14.754,146280.93
1746144000,14.747,15.04,14.699,14.878,210235.65
1746158400,14.879,14.907,14.558,14.569,139989.72
1746172800,14.567,14.771,14.56,14.601,105945.27
1746187200,14.596,14.878,14.5,14.792,293899.3
1746201600,14.795,15.023,14.622,14.646,216354.61
1746216000,14.648,14.808,14.578,14.663,93644.29000000001
1746230400,14.665,14.672,14.5,14.534,84588.13
1746244800,14.531,14.555,14.372,14.399,74122.0
1746259200,14.401,14.433,14.286,14.314,81554.99
1746273600,14.316,14.532,14.31,14.425,69808.88
1746288000,14.425,14.428,14.165,14.379,166663.88
1746302400,14.379,14.448,14.236,14.251,143166.00999999998
1746316800,14.251,14.366,14.156,14.18,73083.07
1746331200,14.177,14.263,14.075,14.129,141571.74
1746345600,14.13,14.132,13.982,14.05,86045.79
1746360000,14.044,14.181,13.997,14.108,75966.94
1746374400,14.106,14.132,13.969,14.021,66470.32
1746388800,14.02,14.188,13.813,13.86,123146.43999999999
1746403200,13.86,14.025,13.767,13.883,126751.38
1746417600,13.882,14.197,13.852,14.119,84317.94
1746432000,14.112,14.15,13.668,13.742,210815.35
1746446400,13.743,14.151,13.526,13.567,538463.91
1746460800,13.567,13.813,13.555,13.637,213009.77
1746475200,13.636,13.763,13.48,13.641,149817.88
1746489600,13.642,13.681,13.401,13.592,151123.22999999998
1746504000,13.594,13.625,13.495,13.527,93209.45999999999
1746518400,13.522,13.524,13.223,13.286,247017.04
1746532800,13.289,13.498,13.203,13.38,207538.14
1746547200,13.38,13.693,13.321,13.614,256052.13999999998
1746561600,13.616,13.887,13.328,13.819,320501.02999999997
1746576000,13.823,14.088,13.782,13.923,295012.8
1746590400,13.921,14.0,13.712,13.928,188972.62
1746604800,13.928,13.984,13.817,13.864,77466.38
1746619200,13.867,13.877,13.577,13.594,223909.57
1746633600,13.596,13.708,13.466,13.557,204845.22999999998
1746648000,13.557,13.92,13.533,13.823,220370.82
1746662400,13.823,14.509,13.811,14.489,375595.79
1746676800,14.494,14.735,14.464,14.688,257669.53
1746691200,14.687,14.98,14.679,14.892,216197.96000000002
1746705600,14.893,15.425,14.802,15.232,520556.05000000005
1746720000,15.234,15.604,15.173,15.541,601350.63
1746734400,15.542,15.98,15.48,15.889,654733.01
1746748800,15.885,15.954,15.643,15.681,268686.48
1746763200,15.687,16.289,15.584,16.112,328272.43
1746777600,16.106,16.77,15.854,16.221,801079.77
1746792000,16.22,16.391,15.755,15.962,522984.73
1746806400,15.963,16.195,15.743,16.006,346739.63
1746820800,16.007,16.088,15.916,16.019,156076.84000000003
1746835200,16.013,16.301,15.861,16.06,208021.1
1746849600,16.055,16.418,15.896,16.355,181106.68
1746864000,16.36,16.5,16.037,16.094,224410.51
1746878400,16.097,16.513,16.097,16.427,264366.51
1746892800,16.433,16.999,16.408,16.783,384637.81
1746907200,16.784,17.469,16.64,17.336,400842.53
1746921600,17.334,17.411,16.8,16.953,428173.98
1746936000,16.945,17.039,16.308,16.455,274145.28
1746950400,16.454,16.691,16.382,16.672,173523.57
1746964800,16.67,16.847,16.424,16.629,290654.35
1746979200,16.628,17.074,16.431,16.948,286123.15
1746993600,16.953,17.161,16.855,17.109,308103.25
1747008000,17.112,17.346,16.801,17.16,392931.93
1747022400,17.158,17.979,16.947,17.512,398662.58
1747036800,17.515,17.635,17.103,17.136,338399.78
1747051200,17.13,17.586,16.699,16.834,727695.97
1747065600,16.831,17.026,16.032,16.528,541813.53
1747080000,16.528,16.839,16.4,16.736,263542.69
1747094400,16.739,16.741,16.053,16.074,276579.49
1747108800,16.072,16.564,16.037,16.411,108067.11
1747123200,16.416,16.78,16.359,16.668,189654.43
1747137600,16.669,16.895,16.527,16.872,521274.03
1747152000,16.877,17.806,16.839,17.624,583056.06
1747166400,17.621,17.753,17.35,17.392,351034.36
1747180800,17.393,17.536,17.068,17.232,417208.73
1747195200,17.223,17.459,17.118,17.194,120630.59
1747209600,17.194,17.247,16.804,17.122,262137.15
1747224000,17.122,17.272,16.772,17.016,420321.38
1747238400,17.012,17.102,16.675,17.02,356802.87
1747252800,17.024,17.117,16.796,17.018,172202.3
1747267200,17.02,17.212,16.689,16.722,188892.46
1747281600,16.72,16.835,16.19,16.205,220737.83000000002
1747296000,16.204,16.557,16.087,16.319,234744.75
1747310400,16.318,16.481,15.856,16.454,437517.78
1747324800,16.454,16.718,15.995,16.177,367854.22
1747339200,16.18,16.303,15.693,16.049,467807.17
1747353600,16.05,16.344,15.927,16.303,283532.38
1747368000,16.305,16.497,16.157,16.355,165174.87
1747382400,16.355,16.551,16.031,16.359,191150.87
1747396800,16.361,16.395,16.089,16.265,220218.82
1747411200,16.265,16.338,15.979,16.068,225090.99
1747425600,16.064,16.09,15.614,15.769,282086.04
1747440000,15.761,15.79,15.247,15.522,332762.03
1747454400,15.518,15.633,15.336,15.417,121113.34999999999
1747468800,15.414,15.485,15.258,15.322,131399.87
1747483200,15.312,15.424,15.13,15.313,184849.6
1747497600,15.317,15.443,15.085,15.254,206067.27
1747512000,15.249,15.493,15.147,15.329,183139.41
1747526400,15.331,15.448,15.264,15.369,131665.13999999998
1747540800,15.37,15.747,15.365,15.734,88469.0
1747555200,15.741,15.879,15.638,15.644,82369.13
1747569600,15.641,16.365,15.56,16.344,266394.0
1747584000,16.35,16.404,15.189,15.189,446806.30000000005
1747598400,15.188,15.97,14.907,15.876,430830.49
1747612800,15.884,16.01,15.129,15.148,229363.05
1747627200,15.148,15.295,14.846,15.192,211809.32
1747641600,15.188,15.313,15.102,15.209,122640.92
1747656000,15.208,15.515,15.011,15.474,401220.72
1747670400,15.475,15.918,15.357,15.785,714618.8099999999
1747684800,15.784,15.854,15.655,15.79,239732.45
1747699200,15.793,16.451,15.669,16.131,544115.9
1747713600,16.132,16.296,15.902,15.952,245306.44
1747728000,15.945,16.037,15.505,15.674,260878.12
1747742400,15.672,15.683,15.427,15.539,309799.27
1747756800,15.539,15.682,15.244,15.607,282687.78
1747771200,15.609,15.825,15.512,15.705,260119.69
1747785600,15.711,15.938,15.521,15.872,202894.08
1747800000,15.871,16.096,15.797,15.85,289139.82
1747814400,15.853,16.25,15.581,15.88,304135.73
1747828800,15.879,16.204,15.627,16.119,444215.39999999997
1747843200,16.121,16.5,15.553,15.969,751776.89
1747857600,15.966,16.342,15.772,16.104,351516.39
1747872000,16.11,16.523,16.042,16.417,525696.11
1747886400,16.419,16.49,16.214,16.417,205199.74
1747900800,16.418,16.75,16.395,16.612,303636.65
1747915200,16.613,16.894,16.384,16.805,510746.95999999996
1747929600,16.812,16.914,16.623,16.662,207433.59
1747944000,16.663,16.788,16.531,16.742,419661.55
1747958400,16.743,17.157,16.59,17.131,405251.57999999996
1747972800,17.13,17.152,16.555,16.665,232676.76
1747987200,16.668,17.117,16.218,16.307,323368.44
1748001600,16.308,16.485,15.783,16.208,890085.63
1748016000,16.206,16.379,16.028,16.048,295506.53
1748030400,16.048,16.049,15.42,15.536,291433.74
1748044800,15.541,15.815,15.455,15.751,181524.55
1748059200,15.75,15.889,15.646,15.687,117870.39
1748073600,15.688,15.912,15.631,15.763,117865.25
1748088000,15.763,15.808,15.537,15.647,180956.42
1748102400,15.648,15.7,15.429,15.511,143214.68
1748116800,15.513,15.52,15.253,15.345,149491.96
1748131200,15.347,15.508,15.123,15.471,205017.48
1748145600,15.469,15.477,15.272,15.295,65308.229999999996
1748160000,15.296,15.296,15.071,15.154,137413.16
1748174400,15.15,15.318,14.872,15.031,183220.47999999998
1748188800,15.033,15.192,14.89,15.136,116443.29000000001
1748203200,15.139,15.565,15.014,15.54,173361.05
1748217600,15.543,15.809,15.501,15.698,197801.99
1748232000,15.699,15.944,15.594,15.942,167554.71000000002
1748246400,15.943,15.966,15.702,15.747,105803.32
1748260800,15.748,15.816,15.427,15.771,260844.23
1748275200,15.772,15.836,15.406,15.495,153374.16
1748289600,15.492,15.685,15.42,15.542,130623.06
1748304000,15.543,15.607,15.16,15.457,175833.6
1748318400,15.46,15.906,15.443,15.844,135568.35
1748332800,15.853,15.985,15.828,15.958,140778.25
1748347200,15.955,16.117,15.722,15.997,255735.31999999998
1748361600,16.004,16.137,15.88,15.936,159072.26
1748376000,15.939,16.03,15.795,15.912,99746.46
1748390400,15.914,16.065,15.725,16.044,129373.01
1748404800,16.04,16.157,15.79,15.88,117273.53
1748419200,15.884,16.012,15.741,15.979,88066.84
1748433600,15.981,16.101,15.434,15.448,238319.41
1748448000,15.452,15.68,15.314,15.321,157239.79
1748462400,15.323,15.768,15.314,15.69,174123.28
1748476800,15.693,16.193,15.592,16.028,401939.92000000004
1748491200,16.027,16.069,15.68,15.792,154203.45
1748505600,15.796,15.931,15.716,15.861,189320.94
1748520000,15.86,15.86,15.316,15.358,257977.49000000002
1748534400,15.36,15.499,15.142,15.2,266967.65
1748548800,15.195,15.301,15.001,15.048,137807.66999999998
1748563200,15.045,15.12,14.183,14.709,611685.66
1748577600,14.708,14.765,14.436,14.497,152540.15
1748592000,14.505,14.594,14.294,14.542,190393.18
1748606400,14.541,14.602,14.241,14.251,365581.39
1748620800,14.253,14.354,13.821,14.27,474016.09
1748635200,14.269,14.289,13.774,13.9,269867.01
1748649600,13.902,13.944,13.403,13.567,373980.16
1748664000,13.566,13.76,13.434,13.712,152602.76
1748678400,13.714,13.9,13.62,13.674,144672.47
1748692800,13.674,14.033,13.659,13.887,183204.04
1748707200,13.885,14.186,13.846,14.133,222919.76
1748721600,14.131,14.198,13.961,13.974,187283.65000000002
1748736000,13.974,13.989,13.754,13.847,143379.38999999998
1748750400,13.85,13.999,13.812,13.876,85654.45
1748764800,13.875,14.125,13.584,13.82,419724.52
1748779200,13.82,13.971,13.709,13.951,192268.61
1748793600,13.949,14.111,13.79,14.016,204255.34
1748808000,14.016,14.133,13.95,14.074,159064.71
1748822400,14.074,14.095,13.814,13.873,195566.16999999998
1748836800,13.874,13.995,13.791,13.892,65486.78
1748851200,13.89,13.973,13.652,13.685,122969.25
1748865600,13.687,13.838,13.639,13.717,255112.44
1748880000,13.717,13.852,13.597,13.684,222431.88
1748894400,13.684,14.128,13.684,14.088,278335.19
1748908800,14.088,14.456,14.044,14.156,387392.02
1748923200,14.156,14.23,14.056,14.145,104498.11000000002
1748937600,14.138,14.175,14.01,14.094,93491.61
1748952000,14.096,14.452,14.051,14.342,337689.35
1748966400,14.344,14.419,14.229,14.359,153784.51
1748980800,14.364,14.368,14.01,14.124,231295.47
1748995200,14.123,14.404,14.07,14.347,145901.75
1749009600,14.347,14.432,14.24,14.302,106674.17
1749024000,14.3,14.485,14.2,14.207,114795.78
1749038400,14.209,14.24,13.957,14.178,288939.79
1749052800,14.182,14.185,13.901,13.904,134800.85
1749067200,13.903,13.955,13.719,13.842,203363.37
1749081600,13.841,13.965,13.744,13.89,145275.94
1749096000,13.891,13.95,13.715,13.755,132492.58
1749110400,13.756,13.846,13.632,13.773,96642.67
1749124800,13.774,14.046,13.537,13.718,322717.45
1749139200,13.717,13.731,13.089,13.195,429471.83999999997
1749153600,13.194,13.243,12.641,12.892,622424.3099999999
1749168000,12.893,13.199,12.828,13.196,191376.09
1749182400,13.197,13.274,13.103,13.179,130678.34
1749196800,13.179,13.284,13.158,13.224,129340.36
1749211200,13.224,13.693,13.207,13.548,446559.37
1749225600,13.546,13.627,13.425,13.487,201383.64
1749240000,13.489,13.624,13.457,13.582,140160.78
1749254400,13.582,13.846,13.489,13.812,191701.94
1749268800,13.813,14.073,13.757,14.033,176310.72
1749283200,14.037,14.084,13.92,13.999,132262.08
1749297600,14.001,14.091,13.906,13.945,129178.44
1749312000,13.946,13.967,13.774,13.818,139740.62
1749326400,13.818,13.921,13.77,13.83,66091.6
1749340800,13.83,13.864,13.753,13.793,53551.15
1749355200,13.794,13.837,13.73,13.742,45811.35
1749369600,13.743,13.786,13.56,13.768,122356.24
1749384000,13.769,13.892,13.688,13.762,133328.32
1749398400,13.764,13.92,13.763,13.915,96242.19
1749412800,13.917,13.982,13.674,13.731,175474.15
1749427200,13.73,13.799,13.632,13.718,124692.76999999999
1749441600,13.716,13.735,13.549,13.675,77096.81
1749456000,13.668,13.961,13.575,13.909,185845.91999999998
1749470400,13.911,14.015,13.771,13.941,214554.84
1749484800,13.941,14.099,13.94,14.021,288856.87
1749499200,14.022,14.399,14.022,14.359,343124.64
1749513600,14.358,14.636,14.334,14.478,241100.61000000002
1749528000,14.481,14.576,14.333,14.486,186517.59
1749542400,14.487,15.234,14.431,15.173,375222.89
1749556800,15.171,15.343,14.822,15.103,736025.39
1749571200,15.1,15.534,15.041,15.278,812016.6
1749585600,15.279,15.461,15.13,15.448,273232.73
1749600000,15.449,15.512,15.136,15.297,213182.77000000002
1749614400,15.295,15.459,15.196,15.399,129554.20999999999
1749628800,15.398,15.508,15.074,15.165,240629.63
1749643200,15.178,15.663,15.085,15.621,547540.9
1749657600,15.621,15.643,15.095,15.15,366745.64
1749672000,15.149,15.256,14.75,14.898,585582.5
1749686400,14.897,14.924,14.592,14.659,229272.72999999998
1749700800,14.66,14.678,14.419,14.427,191288.19
1749715200,14.426,14.485,14.059,14.121,280673.63
1749729600,14.125,14.514,14.088,14.255,248915.62000000002
1749744000,14.255,14.574,14.093,14.138,255062.67
1749758400,14.136,14.192,13.825,13.978,337752.12
1749772800,13.978,13.992,12.758,13.262,1174958.8199999998
1749787200,13.261,13.3,13.035,13.246,289097.72
1749801600,13.248,13.409,13.136,13.331,171270.96
1749816000,13.331,13.492,13.118,13.413,336027.95
1749830400,13.414,13.607,13.042,13.139,349962.89
1749844800,13.14,13.462,13.095,13.453,156939.66
1749859200,13.453,13.471,13.249,13.269,153526.68000000002
1749873600,13.268,13.342,13.139,13.221,85129.61
1749888000,13.219,13.225,13.096,13.166,81169.7
1749902400,13.165,13.2,12.956,13.004,129396.37
1749916800,13.005,13.1,12.845,12.999,222164.4
1749931200,13.001,13.214,12.927,13.158,85565.19
1749945600,13.159,13.279,13.139,13.229,75181.97
1749960000,13.228,13.33,13.12,13.16,76555.75
1749974400,13.16,13.17,13.028,13.079,67003.58
1749988800,13.081,13.314,13.06,13.179,126653.27
1750003200,13.18,13.246,13.105,13.143,97268.88
1750017600,13.144,13.317,12.995,13.298,143338.72999999998
1750032000,13.299,13.483,13.174,13.377,189139.9
1750046400,13.383,13.736,13.375,13.681,270592.68
1750060800,13.686,13.749,13.558,13.681,95964.03
1750075200,13.682,13.898,13.627,13.805,260017.59
1750089600,13.805,14.118,13.796,14.071,490002.8
1750104000,14.072,14.171,13.534,13.571,618093.01
1750118400,13.569,13.786,13.318,13.676,548189.09
1750132800,13.675,13.736,13.471,13.5,139252.76
1750147200,13.498,13.517,13.203,13.258,166051.86000000002
1750161600,13.259,13.365,12.937,13.06,343537.07
1750176000,13.057,13.25,12.809,13.166,422339.7
1750190400,13.165,13.199,12.862,12.993,207580.41
1750204800,12.994,13.16,12.962,13.08,198548.9
1750219200,13.08,13.234,13.031,13.096,126853.95999999999
1750233600,13.096,13.134,12.696,12.861,174864.18
1750248000,12.861,13.006,12.634,12.901,399100.51
1750262400,12.899,12.943,12.694,12.776,321085.01
1750276800,12.775,13.156,12.743,13.121,190424.83
1750291200,13.121,13.253,13.025,13.207,153181.97
1750305600,13.206,13.286,13.125,13.128,112204.54
1750320000,13.13,13.377,13.13,13.172,149895.72999999998
1750334400,13.174,13.22,12.937,12.958,195775.28
1750348800,12.957,13.166,12.915,13.025,162644.12
1750363200,13.026,13.154,12.999,13.073,183702.72
1750377600,13.072,13.12,12.999,13.003,123713.68
1750392000,13.002,13.191,12.889,13.18,161681.44
1750406400,13.181,13.281,13.081,13.134,168022.48
1750420800,13.136,13.249,12.831,12.904,244730.59
1750435200,12.906,12.914,12.3,12.578,500505.64
1750449600,12.574,12.743,12.368,12.509,280040.36
1750464000,12.507,12.732,12.492,12.686,101276.83
1750478400,12.69,12.713,12.58,12.64,83328.45
1750492800,12.641,12.744,12.633,12.673,49237.81
1750507200,12.675,12.701,12.404,12.499,99743.18
1750521600,12.497,12.56,12.187,12.199,183008.93
1750536000,12.197,12.334,11.695,12.034,631868.0700000001
1750550400,12.035,12.204,11.835,11.911,459981.23
1750564800,11.905,12.102,11.877,11.972,170523.28
1750579200,11.973,12.013,11.784,11.897,212956.63
1750593600,11.896,11.976,11.296,11.446,879424.71
1750608000,11.441,11.588,11.201,11.232,370848.43
1750622400,11.229,11.676,10.936,11.66,632424.16
1750636800,11.66,11.77,11.558,11.642,291167.26
1750651200,11.642,11.925,11.634,11.857,185765.38
1750665600,11.861,11.916,11.759,11.849,135888.65
1750680000,11.85,12.1,11.703,11.76,396096.55
1750694400,11.761,12.194,11.406,12.153,797740.45
1750708800,12.156,12.955,12.123,12.836,584315.08
1750723200,12.835,13.058,12.792,12.961,348493.65
1750737600,12.961,13.334,12.928,13.038,252740.4
1750752000,13.037,13.28,12.939,13.164,245261.24
1750766400,13.167,13.44,13.07,13.362,467782.4
1750780800,13.363,13.741,13.275,13.351,525749.45
1750795200,13.349,13.426,13.287,13.418,306702.74
1750809600,13.418,13.515,13.29,13.36,352428.3
1750824000,13.361,13.475,13.255,13.464,268406.77999999997
1750838400,13.462,13.484,13.19,13.287,431737.43000000005
1750852800,13.288,13.331,13.028,13.066,550393.53
1750867200,13.063,13.256,12.996,13.237,221419.52
1750881600,13.238,13.313,13.05,13.144,138455.57
1750896000,13.147,13.567,13.076,13.351,239475.84000000003
1750910400,13.354,13.438,13.211,13.382,108554.88
1750924800,13.381,13.462,13.146,13.204,131342.4
1750939200,13.202,13.213,12.947,13.12,248210.32
1750953600,13.119,13.172,13.0,13.116,260843.08
1750968000,13.115,13.282,12.89,12.947,449954.33
1750982400,12.944,13.173,12.78,13.134,302087.37
1750996800,13.134,13.236,13.009,13.031,168432.91999999998
1751011200,13.032,13.208,13.018,13.048,118361.65
1751025600,13.048,13.124,12.871,13.047,219110.15000000002
1751040000,13.048,13.193,12.736,12.884,288300.82
1751054400,12.887,13.074,12.867,13.056,156459.22
1751068800,13.056,13.186,13.008,13.164,146239.83000000002
1751083200,13.164,13.183,13.091,13.169,101937.89
1751097600,13.171,13.197,13.099,13.105,58018.49
1751112000,13.105,13.296,13.055,13.278,90495.68
1751126400,13.279,13.408,13.227,13.311,198661.78
1751140800,13.31,13.449,13.294,13.401,126095.37
1751155200,13.401,13.448,13.283,13.285,93626.75
1751169600,13.288,13.446,13.27,13.446,64043.77
1751184000,13.447,13.483,13.387,13.453,87529.69
1751198400,13.453,13.46,13.268,13.285,128338.11
1751212800,13.285,13.42,13.249,13.348,107670.84
1751227200,13.347,13.875,13.258,13.71,400702.52
1751241600,13.711,13.779,13.485,13.497,234666.83000000002
1751256000,13.497,13.509,13.197,13.344,118611.58
1751270400,13.339,13.367,13.175,13.207,87007.52
1751284800,13.207,13.454,13.133,13.379,280408.54
1751299200,13.38,13.638,13.261,13.621,239765.19999999998
1751313600,13.621,13.675,13.37,13.377,242869.67
1751328000,13.377,13.438,13.235,13.318,122390.61
1751342400,13.317,13.322,13.093,13.23,82865.71
1751356800,13.229,13.268,13.112,13.141,79676.21
1751371200,13.141,13.181,12.949,13.014,204122.66999999998
1751385600,13.012,13.072,12.823,12.823,137091.19
1751400000,12.822,12.933,12.792,12.899,135272.07
1751414400,12.9,12.964,12.734,12.913,136089.56
1751428800,12.915,13.096,12.891,13.039,91443.01999999999
1751443200,13.043,13.187,13.043,13.085,87221.8
1751457600,13.092,13.384,13.003,13.372,239211.05
1751472000,13.373,13.793,13.373,13.78,684890.14
1751486400,13.781,13.856,13.553,13.56,224618.07
1751500800,13.56,13.615,13.445,13.476,141766.2
1751515200,13.473,13.914,13.461,13.883,197114.3
1751529600,13.887,13.971,13.723,13.819,155994.06
1751544000,13.818,14.079,13.588,13.618,479644.32
1751558400,13.617,13.787,13.611,13.71,342413.73
1751572800,13.712,13.804,13.648,13.669,104497.95999999999
1751587200,13.678,13.79,13.565,13.599,153895.82
1751601600,13.6,13.621,13.369,13.371,133196.49
1751616000,13.373,13.478,13.229,13.35,206981.58
1751630400,13.348,13.406,13.059,13.079,201976.96
1751644800,13.077,13.11,12.944,13.015,152043.07
1751659200,13.014,13.255,13.002,13.173,131425.26
1751673600,13.173,13.228,13.077,13.201,91569.77
1751688000,13.199,13.266,13.158,13.186,61743.65
1751702400,13.19,13.263,13.111,13.246,54790.19
1751716800,13.247,13.247,13.12,13.129,91760.64
1751731200,13.131,13.178,12.999,13.115,97570.45
1751745600,13.114,13.273,13.103,13.232,92469.28
1751760000,13.233,13.24,13.15,13.206,62613.770000000004
1751774400,13.206,13.257,13.154,13.157,50263.66
1751788800,13.158,13.211,13.101,13.209,43965.759999999995
1751803200,13.211,13.498,13.174,13.435,282018.61
1751817600,13.437,13.494,13.29,13.39,128945.40999999999
1751832000,13.39,13.706,13.386,13.497,207660.08000000002
1751846400,13.498,13.674,13.413,13.555,129271.74
1751860800,13.557,13.733,13.494,13.626,199695.06
1751875200,13.626,13.668,13.525,13.578,94457.25
1751889600,13.579,13.683,13.454,13.535,285259.43
1751904000,13.535,13.587,13.313,13.436,260053.16
1751918400,13.434,13.436,13.25,13.435,170940.08000000002
1751932800,13.435,13.468,13.202,13.244,200942.42
1751947200,13.243,13.36,13.203,13.36,76629.44
1751961600,13.357,13.532,13.255,13.503,67579.20999999999
1751976000,13.504,13.679,13.421,13.491,183150.36
1751990400,13.493,13.94,13.454,13.918,273675.98
1752004800,13.919,13.999,13.79,13.973,143651.1
1752019200,13.972,13.99,13.832,13.848,112491.65
1752033600,13.847,14.218,13.815,14.15,256655.68
1752048000,14.151,14.191,13.98,14.028,385944.53
1752062400,14.03,14.186,13.906,14.015,436243.36
1752076800,14.018,14.367,13.926,14.3,361550.57
1752091200,14.301,14.385,14.107,14.253,267845.57
1752105600,14.253,14.388,14.153,14.312,139530.87
1752120000,14.311,14.486,14.234,14.406,212022.66
1752134400,14.405,14.483,14.306,14.33,110441.44
1752148800,14.329,14.407,14.223,14.344,208662.2
1752163200,14.344,14.748,14.328,14.669,422543.68
1752177600,14.668,15.344,14.659,15.241,524718.95
1752192000,15.239,15.439,15.03,15.362,276327.76
1752206400,15.362,15.611,15.234,15.274,206638.78999999998
1752220800,15.276,15.604,15.204,15.443,470535.15
1752235200,15.448,15.871,15.423,15.483,569512.04
1752249600,15.484,15.848,15.421,15.813,420373.26999999996
1752264000,15.811,15.83,15.03,15.288,382906.64
1752278400,15.289,15.48,15.045,15.378,202542.79
1752292800,15.378,15.4,15.105,15.252,144694.83000000002
1752307200,15.251,15.416,15.196,15.269,123956.22
1752321600,15.27,15.307,14.708,14.835,285115.3
1752336000,14.838,15.085,14.768,15.059,138437.18
1752350400,15.061,15.142,14.864,15.112,120836.67
1752364800,15.113,15.21,15.047,15.135,133500.46
1752379200,15.136,15.395,15.1,15.367,143985.1
1752393600,15.365,15.423,15.263,15.423,73235.62
1752408000,15.418,15.953,15.374,15.704,333006.69
1752422400,15.707,15.935,15.551,15.791,234665.53
1752436800,15.792,15.909,15.477,15.669,239644.99
1752451200,15.67,16.283,15.624,16.151,370907.86
1752465600,16.156,16.304,15.943,16.159,335609.07
1752480000,16.161,16.315,15.931,16.245,330933.82
1752494400,16.244,16.473,15.818,15.969,459030.41
1752508800,15.968,16.156,15.69,15.76,290936.85
1752523200,15.758,15.878,15.577,15.761,301936.55
1752537600,15.761,15.891,15.176,15.276,427805.46
1752552000,15.275,15.513,15.14,15.404,189494.29
1752566400,15.405,15.526,15.275,15.37,184155.94
1752580800,15.368,15.721,15.176,15.568,313626.37
1752595200,15.567,16.196,15.566,15.62,474212.94
1752609600,15.616,16.17,15.575,16.109,298838.1
1752624000,16.108,16.224,15.854,15.924,336895.49
1752638400,15.926,16.54,15.824,16.335,405918.61
1752652800,16.335,16.634,16.324,16.407,1062833.41
1752667200,16.408,16.844,16.396,16.612,501456.6
1752681600,16.619,17.05,16.588,16.88,490597.62
1752696000,16.88,17.039,16.612,16.683,319756.44
1752710400,16.681,16.866,16.334,16.43,268906.91
1752724800,16.428,17.017,16.367,16.993,194330.02000000002
1752739200,16.991,17.283,16.883,17.088,370130.14
1752753600,17.09,17.32,16.792,17.147,367037.52
1752768000,17.148,17.333,16.784,17.076,395853.15
1752782400,17.071,18.14,16.842,18.003,929399.0599999999
1752796800,18.006,18.77,17.865,18.757,942808.34
1752811200,18.758,19.19,18.504,18.523,532411.0
1752825600,18.517,18.808,18.248,18.356,428984.48
1752840000,18.358,18.722,17.731,17.924,724695.23
1752854400,17.924,18.158,17.66,17.74,486351.45999999996
1752868800,17.742,17.924,17.331,17.842,441744.91
1752883200,17.848,18.244,17.552,18.208,262387.38
1752897600,18.208,18.355,17.938,17.979,114057.56
1752912000,17.979,18.023,17.706,17.724,77290.72
1752926400,17.728,17.968,17.597,17.93,166339.91999999998
1752940800,17.93,18.522,17.862,18.375,298190.56
1752955200,18.371,18.559,18.13,18.401,241703.33000000002
1752969600,18.399,18.842,18.33,18.683,303596.18
1752984000,18.685,18.975,18.514,18.822,285037.66000000003
1752998400,18.823,19.656,18.819,19.404,517004.02
1753012800,19.403,19.95,19.191,19.712,625373.9199999999
1753027200,19.717,19.807,19.206,19.442,552783.04
1753041600,19.449,19.512,18.9,19.288,497316.39
1753056000,19.288,19.599,18.999,19.581,374917.87
1753070400,19.582,19.95,19.389,19.754,336373.82999999996
1753084800,19.754,20.284,19.599,20.052,468432.55
1753099200,20.057,20.263,19.706,19.811,516826.15
1753113600,19.811,19.852,19.189,19.266,532192.63
1753128000,19.267,19.627,19.16,19.5,349339.56
1753142400,19.506,19.998,19.025,19.562,509153.54000000004
1753156800,19.557,19.575,18.86,19.071,505923.53
1753171200,19.071,19.337,18.634,19.234,343134.73
1753185600,19.235,19.49,18.76,19.358,497756.81
1753200000,19.356,19.575,18.98,19.064,432132.77
1753214400,19.06,19.698,19.015,19.666,342220.92
1753228800,19.671,19.768,19.426,19.472,280081.98
1753243200,19.474,19.718,19.05,19.153,222085.34
1753257600,19.153,19.266,18.783,18.924,218376.83
1753272000,18.924,18.952,17.84,18.507,699571.89
1753286400,18.51,18.518,17.701,17.997,503331.26
1753300800,17.996,18.298,17.557,18.186,373237.04000000004
1753315200,18.187,18.476,18.061,18.238,325165.89
1753329600,18.24,18.312,17.172,17.749,592264.73
1753344000,17.746,18.157,17.592,18.08,375131.70999999996
1753358400,18.079,18.692,17.794,18.473,549231.32
1753372800,18.482,18.597,18.102,18.353,348444.48
1753387200,18.35,18.437,17.856,17.92,265148.78
1753401600,17.921,17.923,17.264,17.505,499793.94
1753416000,17.49,17.711,17.301,17.502,379377.0
1753430400,17.497,18.418,17.455,18.314,366741.81
1753444800,18.321,18.488,17.413,17.61,455487.50999999995
1753459200,17.61,17.869,17.454,17.719,285802.91
1753473600,17.722,18.423,17.691,18.288,325020.19
1753488000,18.293,18.461,18.182,18.366,207332.46
1753502400,18.367,18.414,18.213,18.241,148345.54
1753516800,18.243,18.49,18.232,18.264,127427.95
1753531200,18.265,18.461,18.168,18.407,173609.69
1753545600,18.407,18.59,18.224,18.569,214076.52
1753560000,18.57,18.646,18.344,18.414,266405.6
1753574400,18.416,18.778,18.363,18.705,240359.38
1753588800,18.7,19.072,18.669,18.8,197399.89
1753603200,18.799,19.0,18.56,18.765,166530.24
1753617600,18.765,18.954,18.651,18.858,159947.65
1753632000,18.86,19.12,18.852,19.012,319641.62
1753646400,19.014,19.299,18.903,19.233,235121.29
1753660800,19.241,19.403,18.93,19.133,286404.84
1753675200,19.132,19.563,19.042,19.302,258229.34000000003
1753689600,19.295,19.349,18.948,19.083,144622.39
1753704000,19.085,19.122,18.281,18.395,421996.93
1753718400,18.392,18.505,18.092,18.229,349155.43
1753732800,18.232,18.266,17.97,18.117,200971.65
1753747200,18.118,18.306,17.879,18.265,336160.03
1753761600,18.266,18.596,18.105,18.587,178948.80000000002
1753776000,18.589,18.637,18.001,18.135,139185.81
1753790400,18.136,18.344,17.604,17.685,414635.79
1753804800,17.684,17.923,17.469,17.707,356463.6
1753819200,17.705,17.885,17.551,17.818,215521.02
1753833600,17.816,17.95,17.617,17.832,176534.55
1753848000,17.835,17.886,17.621,17.713,107309.12
1753862400,17.706,17.82,17.227,17.307,301992.09
1753876800,17.31,17.718,17.205,17.594,252117.16999999998
1753891200,17.596,17.797,16.77,17.466,464343.37
1753905600,17.467,17.779,17.35,17.704,235340.39
1753920000,17.708,18.09,17.642,18.06,192156.94
1753934400,18.061,18.114,17.944,18.028,115075.6
1753948800,18.03,18.233,17.922,17.977,167640.28
1753963200,17.98,18.005,17.331,17.522,304825.77
1753977600,17.518,17.857,17.2,17.219,301906.94
1753992000,17.222,17.284,16.848,16.93,428153.41
1754006400,16.928,17.033,16.436,16.868,377534.86
1754020800,16.864,16.864,16.497,16.629,258407.71
1754035200,16.628,16.628,16.29,16.597,274920.54000000004
1754049600,16.596,16.803,16.148,16.628,477731.38
1754064000,16.626,16.747,16.142,16.369,442957.49
1754078400,16.369,16.424,15.663,16.065,552726.82
1754092800,16.063,16.245,16.028,16.196,231876.91999999998
1754107200,16.197,16.245,15.78,16.134,94255.09000000001
1754121600,16.138,16.168,15.83,16.022,146553.8
1754136000,16.02,16.092,15.729,15.783,162764.58
1754150400,15.781,15.922,15.43,15.581,379857.60000000003
1754164800,15.579,15.799,15.51,15.637,226956.57
1754179200,15.644,15.925,15.437,15.895,206701.2
1754193600,15.894,16.026,15.821,16.015,123092.31
1754208000,16.015,16.247,15.997,16.161,109473.75
1754222400,16.165,16.239,16.084,16.237,122200.13
1754236800,16.234,16.342,16.184,16.273,147610.57
1754251200,16.274,16.397,16.2,16.306,123736.13
1754265600,16.307,16.653,16.274,16.592,157378.99
1754280000,16.593,16.666,16.438,16.647,91420.27
1754294400,16.649,16.74,16.555,16.585,112796.87
1754308800,16.59,16.981,16.544,16.929,431267.94
1754323200,16.926,17.202,16.802,16.848,310356.44
1754337600,16.847,17.173,16.822,17.11,130845.55
1754352000,17.112,17.121,16.768,16.783,115145.51
1754366400,16.784,16.902,16.44,16.5,133003.13
1754380800,16.499,16.979,16.453,16.87,143896.15
1754395200,16.873,16.899,16.201,16.261,456052.98
1754409600,16.257,16.44,16.215,16.259,171300.63
1754424000,16.27,16.427,16.072,16.38,142990.01
1754438400,16.383,16.385,16.053,16.102,111234.82999999999
1754452800,16.103,16.524,16.034,16.511,175649.83
1754467200,16.512,16.534,16.324,16.397,123674.75
1754481600,16.4,16.805,16.244,16.775,309708.55
1754496000,16.777,16.904,16.612,16.796,172529.98
1754510400,16.793,16.802,16.671,16.674,126478.37
1754524800,16.672,16.815,16.58,16.601,121130.6
1754539200,16.6,16.849,16.588,16.834,128095.47
1754553600,16.835,17.416,16.814,17.35,241175.12000000002
1754568000,17.354,18.1,17.304,17.839,606676.34
1754582400,17.846,18.304,17.621,18.303,475646.73
1754596800,18.3,18.506,18.189,18.474,467361.44
1754611200,18.478,19.208,18.094,19.207,698826.72
1754625600,19.204,19.428,18.769,19.338,361504.67
1754640000,19.332,19.515,19.156,19.501,319500.44
1754654400,19.493,19.93,19.064,19.203,739999.89
1754668800,19.206,19.755,19.078,19.748,499901.93
1754683200,19.747,19.972,19.533,19.894,432247.55000000005
1754697600,19.892,20.948,19.785,20.87,873942.65
1754712000,20.871,21.466,20.676,20.828,826205.5700000001
1754726400,20.827,21.194,20.706,20.88,282907.0
1754740800,20.884,21.425,20.835,21.07,526830.74
1754755200,21.067,21.462,21.067,21.227,419904.37
1754769600,21.226,21.996,21.14,21.956,755130.45
1754784000,21.952,22.2,21.237,21.496,733831.0800000001
1754798400,21.497,22.693,21.386,21.892,722256.79
1754812800,21.896,22.292,21.53,21.57,527641.86
1754827200,21.568,22.534,21.154,22.485,692063.53
1754841600,22.486,22.672,22.023,22.132,532741.18
1754856000,22.135,22.233,21.788,22.072,400122.19
1754870400,22.065,22.441,21.817,22.328,575254.17
1754884800,22.33,22.608,21.885,21.949,397066.74
1754899200,21.948,22.065,21.195,21.279,348718.1
1754913600,21.28,22.113,21.188,21.96,500792.01
1754928000,21.963,22.25,21.245,21.388,386965.47
1754942400,21.379,21.432,20.85,21.072,401347.99
1754956800,21.07,21.728,21.046,21.455,295544.81
1754971200,21.453,21.732,21.334,21.477,305779.83
1754985600,21.478,21.656,21.001,21.287,252052.91999999998
1755000000,21.283,24.116,21.28,24.03,1864371.83
1755014400,24.032,24.194,23.164,23.411,865135.48
1755028800,23.416,23.714,23.101,23.594,720133.4
1755043200,23.594,24.575,23.299,24.54,866783.8799999999
1755057600,24.538,24.73,23.227,23.416,708329.75
1755072000,23.407,24.38,23.342,24.186,461759.72000000003
1755086400,24.184,24.227,23.359,23.616,703682.61
1755100800,23.618,23.948,23.492,23.781,499789.77
1755115200,23.785,24.183,23.613,23.984,385970.64
1755129600,23.987,24.326,23.781,24.254,605051.94
1755144000,24.261,24.287,23.414,23.542,356354.43
1755158400,23.543,23.817,23.218,23.356,379849.44
1755172800,23.352,23.574,21.51,22.773,1385202.01
1755187200,22.774,22.796,22.1,22.412,615327.76
1755201600,22.413,22.581,21.867,22.468,386394.63
1755216000,22.47,22.88,22.192,22.818,396525.42
1755230400,22.819,23.059,22.457,22.596,261528.18
1755244800,22.597,22.689,22.157,22.204,315149.21
1755259200,22.206,22.644,21.438,21.6,774492.34
1755273600,21.598,21.897,21.345,21.461,494511.2
1755288000,21.464,22.085,21.379,21.767,326366.58
1755302400,21.766,22.161,21.696,21.843,203468.12
1755316800,21.844,22.169,21.525,22.072,150851.1
1755331200,22.072,22.188,21.452,21.464,207541.41999999998
1755345600,21.466,22.152,21.416,22.023,255796.12
1755360000,22.015,22.912,21.957,22.71,447442.35
1755374400,22.711,22.988,22.563,22.651,289999.07
1755388800,22.647,23.431,22.363,23.401,393317.5
1755403200,23.402,24.564,23.38,24.304,875728.45
1755417600,24.305,24.84,24.19,24.7,481091.88
1755432000,24.702,26.321,24.436,26.309,1324784.5
1755446400,26.303,26.338,25.301,25.454,1039840.79
1755460800,25.46,25.948,25.42,25.657,465356.45
1755475200,25.655,26.232,24.588,25.115,1358433.33
1755489600,25.106,25.136,24.301,24.719,566737.58
1755504000,24.716,25.307,24.383,24.555,475366.59
1755518400,24.553,25.955,24.488,25.392,1043210.9099999999
1755532800,25.391,25.95,24.824,25.536,694478.22
1755547200,25.534,26.729,25.128,25.792,1162421.54
1755561600,25.797,25.821,24.113,24.223,1018408.6
1755576000,24.222,24.653,23.915,24.305,700080.15
1755590400,24.305,24.92,24.091,24.703,529813.6799999999
1755604800,24.701,24.954,23.865,24.27,856989.1799999999
1755619200,24.269,24.529,23.441,23.856,954588.0
1755633600,23.861,24.048,23.458,23.554,491040.14
1755648000,23.553,24.405,23.354,23.999,567875.8200000001
1755662400,23.995,24.846,23.984,24.421,454298.39
1755676800,24.426,25.247,24.35,24.947,765078.2
1755691200,24.95,26.463,24.572,25.953,2348371.55
1755705600,25.95,26.364,25.431,26.161,1329111.74
1755720000,26.159,26.892,26.027,26.466,899110.97
1755734400,26.452,26.601,25.792,25.815,721192.94
1755748800,25.808,25.871,25.5,25.684,329544.32
1755763200,25.682,26.414,25.618,26.118,765312.57
1755777600,26.117,26.24,24.98,25.071,1008076.73
1755792000,25.073,25.26,24.667,24.932,974908.7
1755806400,24.926,25.147,24.632,24.816,428444.58999999997
1755820800,24.812,25.225,24.523,24.673,520638.56
1755835200,24.672,25.194,24.616,25.035,325256.69
1755849600,25.035,25.296,24.24,24.3,357839.31
1755864000,24.3,26.8,24.11,26.463,2132538.62
1755878400,26.462,27.865,26.452,27.177,1665371.07
1755892800,27.176,27.332,26.605,26.77,1013151.71
1755907200,26.784,26.814,25.847,25.94,557476.21
1755921600,25.941,26.227,25.72,25.866,315982.12
1755936000,25.868,26.009,25.586,25.651,249042.4
1755950400,25.651,26.2,25.52,26.0,381006.6
1755964800,26.002,26.212,25.827,26.14,278955.47
1755979200,26.14,26.363,25.982,26.282,228452.05
1755993600,26.276,26.328,25.705,25.901,390162.94
1756008000,25.906,25.95,25.551,25.592,226613.85
1756022400,25.594,25.75,25.271,25.454,238289.37
1756036800,25.464,25.866,25.464,25.561,240921.16
1756051200,25.566,26.62,25.234,26.08,1014153.8500000001
1756065600,26.076,26.248,25.4,25.82,428253.51
1756080000,25.81,26.45,25.324,25.934,579429.72
1756094400,25.937,26.398,24.819,24.969,448439.11
1756108800,24.969,25.164,24.338,24.596,486078.02
1756123200,24.592,24.688,24.222,24.418,488253.80000000005
1756137600,24.42,24.807,23.633,23.654,659404.05
1756152000,23.656,23.839,23.093,23.393,810029.77
1756166400,23.39,23.637,23.075,23.161,501910.34
1756180800,23.169,23.499,22.88,23.144,392955.86
1756195200,23.143,23.766,22.904,23.558,361463.45
1756209600,23.557,24.52,23.396,24.17,926719.86
1756224000,24.167,24.462,23.942,24.354,495144.2
1756238400,24.355,24.74,24.208,24.382,543272.12
1756252800,24.386,24.54,24.008,24.344,376302.31
1756267200,24.346,24.694,24.001,24.158,307902.89
1756281600,24.16,24.652,23.965,24.353,202394.04
1756296000,24.359,24.671,24.08,24.292,494041.63
1756310400,24.292,24.585,24.032,24.18,304714.58999999997
1756324800,24.183,24.474,23.583,23.776,856778.85
1756339200,23.773,23.944,23.554,23.905,288816.29000000004
1756353600,23.909,24.37,23.809,24.218,224312.27000000002
1756368000,24.217,24.459,23.598,23.89,286523.93
1756382400,23.885,26.044,23.794,24.798,2891009.87
1756396800,24.79,25.285,24.44,24.49,891793.74
1756411200,24.49,25.416,24.405,25.178,530038.25
1756425600,25.184,25.229,24.128,24.234,502791.87
1756440000,24.232,24.284,23.393,23.55,468788.83
1756454400,23.55,23.586,23.241,23.443,350792.7
1756468800,23.441,24.133,23.123,23.448,687510.54
1756483200,23.456,23.608,23.12,23.36,358443.54
1756497600,23.372,23.513,23.13,23.426,268225.8
1756512000,23.428,23.523,22.825,23.241,323489.15
1756526400,23.243,23.525,23.176,23.363,151605.2
1756540800,23.362,23.498,23.204,23.392,119474.0
1756555200,23.394,23.449,22.961,23.414,159183.77000000002
1756569600,23.412,23.46,23.282,23.37,101788.53
1756584000,23.372,23.516,23.278,23.513,87780.32
1756598400,23.504,23.913,23.413,23.883,238270.74
1756612800,23.885,23.956,23.646,23.73,126382.14
1756627200,23.726,23.889,23.558,23.81,87047.9
1756641600,23.804,24.056,23.6,23.782,228135.92
1756656000,23.784,23.874,23.606,23.651,141379.68
1756670400,23.651,23.735,23.182,23.198,242288.68
1756684800,23.196,23.369,22.926,23.051,356994.13
1756699200,23.05,23.635,22.714,23.596,285526.47
1756713600,23.589,23.856,23.166,23.224,249383.96
1756728000,23.219,23.353,22.738,22.798,258952.41000000003
1756742400,22.795,22.847,22.549,22.822,267160.15
1756756800,22.83,22.832,22.084,22.515,554036.18
1756771200,22.514,23.224,22.34,23.156,370666.6
1756785600,23.154,23.517,23.086,23.235,213918.34
1756800000,23.231,23.446,23.071,23.102,276456.12
1756814400,23.096,23.54,22.637,22.848,632519.07
1756828800,22.843,23.158,22.792,23.062,247533.85
1756843200,23.054,23.593,23.008,23.485,223922.58
1756857600,23.488,23.61,23.213,23.415,171370.62
1756872000,23.414,23.494,23.213,23.284,75594.28
1756886400,23.283,23.615,23.226,23.493,111414.04
1756900800,23.497,23.839,23.375,23.821,325053.17
1756915200,23.823,23.919,23.623,23.85,235737.96000000002
1756929600,23.853,23.858,23.671,23.702,128509.16
1756944000,23.701,23.965,23.5,23.542,172699.8
1756958400,23.543,23.574,23.142,23.284,145540.4
1756972800,23.282,23.437,23.191,23.296,106142.65
1756987200,23.299,23.414,22.46,22.476,586376.36
1757001600,22.476,22.561,22.2,22.267,408024.91000000003
1757016000,22.267,22.625,22.24,22.312,297194.9
1757030400,22.311,22.502,22.262,22.481,203244.21
1757044800,22.49,23.108,22.397,23.075,241439.08000000002
1757059200,23.076,23.081,22.671,22.827,228252.75
1757073600,22.828,23.249,22.093,22.24,870987.0800000001
1757088000,22.228,22.481,22.036,22.481,338733.93
1757102400,22.48,22.555,22.231,22.293,170781.14
1757116800,22.292,22.51,22.253,22.407,127008.7
1757131200,22.406,22.41,22.136,22.217,109939.24
1757145600,22.219,22.283,22.073,22.276,93572.17
1757160000,22.276,22.332,22.036,22.063,133759.11
1757174400,22.062,22.291,21.876,21.902,228109.04
1757188800,21.902,22.307,21.889,22.193,157045.36
1757203200,22.198,22.448,22.188,22.395,112792.14
1757217600,22.392,22.474,22.251,22.298,95645.89
1757232000,22.3,22.466,22.138,22.375,141981.01
1757246400,22.374,22.467,22.225,22.406,205463.53
1757260800,22.408,22.408,22.116,22.212,105788.33
1757275200,22.209,22.608,22.167,22.456,171256.8
1757289600,22.455,22.786,22.229,22.603,212560.6
1757304000,22.604,22.622,22.33,22.403,108633.23000000001
1757318400,22.404,23.198,22.36,22.979,496762.29000000004
1757332800,22.988,23.298,22.897,23.214,411704.67
1757347200,23.211,23.305,22.904,22.986,205345.76
1757361600,22.988,23.189,22.843,23.053,167222.94
1757376000,23.043,23.303,22.857,23.183,252621.41
1757390400,23.181,23.764,23.083,23.697,336362.37
1757404800,23.683,23.82,23.516,23.526,241354.78999999998
1757419200,23.522,23.771,22.82,22.928,528832.09
1757433600,22.933,23.104,22.848,23.07,164887.16
1757448000,23.067,23.195,22.955,23.05,114451.03
1757462400,23.049,23.424,22.886,23.39,245998.83
1757476800,23.395,23.665,23.15,23.45,137756.2
1757491200,23.441,23.523,23.289,23.357,131825.26
1757505600,23.361,23.933,23.347,23.679,446563.37
1757520000,23.684,23.707,23.206,23.319,206643.76
1757534400,23.321,23.622,23.31,23.569,94215.51999999999
1757548800,23.564,23.85,23.436,23.832,126370.63
1757563200,23.834,23.9,23.661,23.816,120428.38
1757577600,23.816,23.86,23.692,23.772,84130.45999999999
1757592000,23.774,24.275,23.314,23.524,503600.16
1757606400,23.526,23.993,23.526,23.942,184580.66
1757620800,23.944,24.501,23.895,24.468,277503.57
1757635200,24.472,24.752,24.363,24.692,336983.62
1757649600,24.69,24.832,24.525,24.544,243628.77000000002
1757664000,24.544,24.55,24.296,24.323,157509.31
1757678400,24.321,24.677,24.169,24.495,336316.21
1757692800,24.493,25.189,24.438,25.162,810435.72
1757707200,25.16,25.344,24.937,25.147,352134.97000000003
1757721600,25.145,25.312,24.942,25.248,212034.95
1757736000,25.244,25.245,25.029,25.192,110667.8
1757750400,25.194,25.65,25.131,25.305,305172.13
1757764800,25.305,25.415,24.72,24.846,390897.75
1757779200,24.847,24.925,24.451,24.771,301819.12
1757793600,24.769,24.991,24.769,24.898,137393.98
1757808000,24.9,25.037,24.644,24.676,156363.77
1757822400,24.68,24.901,24.486,24.6,116865.17
1757836800,24.606,24.78,24.336,24.38,86041.2
1757851200,24.379,24.498,23.854,24.052,297036.61
1757865600,24.049,24.274,24.013,24.162,133344.53999999998
1757880000,24.161,24.411,24.053,24.104,129424.29000000001
1757894400,24.102,24.318,23.915,24.27,128458.3
1757908800,24.273,24.44,23.77,23.856,171973.03999999998
1757923200,23.86,23.863,23.175,23.432,277986.45
1757937600,23.43,23.455,23.002,23.174,420435.05
1757952000,23.174,23.415,22.986,23.361,338292.94
1757966400,23.36,23.874,23.335,23.567,276170.23
1757980800,23.566,23.638,23.362,23.382,112630.5
1757995200,23.373,23.585,23.157,23.496,110951.02
1758009600,23.497,23.762,23.497,23.626,121941.18
1758024000,23.626,23.709,23.096,23.468,194696.13
1758038400,23.469,23.748,23.256,23.58,179433.49
1758052800,23.582,23.757,23.465,23.491,145403.54
1758067200,23.491,23.64,23.293,23.31,156945.29
1758081600,23.311,23.622,23.207,23.571,138099.83000000002
1758096000,23.572,23.572,23.051,23.086,140708.05
1758110400,23.085,23.12,22.77,22.968,315835.82
1758124800,22.964,23.5,22.76,23.458,557085.5399999999
1758139200,23.455,24.25,23.25,23.998,438724.86
1758153600,24.0,24.199,23.835,24.131,208186.09
1758168000,24.134,24.168,23.687,23.961,179855.06
1758182400,23.96,24.425,23.926,24.205,161463.86
1758196800,24.21,24.509,24.061,24.478,323555.38
1758211200,24.477,24.6,24.332,24.49,306128.05
1758225600,24.489,24.74,24.457,24.636,385012.63
1758240000,24.64,24.884,24.431,24.48,444287.79000000004
1758254400,24.476,24.859,24.238,24.743,300006.07
1758268800,24.742,24.855,23.812,23.853,286241.72
1758283200,23.851,23.994,23.341,23.613,396951.68000000005
1758297600,23.608,23.723,23.281,23.392,209421.8
1758312000,23.384,23.681,23.377,23.484,113330.59999999999
1758326400,23.483,23.664,23.358,23.437,89775.59
1758340800,23.432,23.596,23.385,23.506,71778.01000000001
1758355200,23.505,23.508,23.158,23.305,150651.61
1758369600,23.303,23.594,23.109,23.436,142631.03999999998
1758384000,23.435,23.508,23.243,23.298,84924.21
1758398400,23.296,23.465,23.284,23.344,79327.32
1758412800,23.346,23.436,23.25,23.397,74616.39
1758427200,23.392,23.494,23.279,23.37,55193.3
1758441600,23.367,23.418,23.043,23.126,105105.51
1758456000,23.124,23.276,23.056,23.106,71297.69
1758470400,23.106,23.21,22.913,23.186,120267.33
1758484800,23.182,23.208,22.925,22.966,93996.17
1758499200,22.961,23.059,21.917,22.195,630177.79
1758513600,22.191,22.262,20.301,21.297,649188.16
1758528000,21.298,21.418,21.072,21.215,266713.83999999997
1758542400,21.218,21.627,21.18,21.22,335508.42
1758556800,21.221,21.373,21.128,21.186,354765.96
1758571200,21.183,21.693,21.151,21.675,246573.25
1758585600,21.67,21.781,21.192,21.58,213649.50999999998
1758600000,21.58,21.9,21.375,21.808,184394.06
1758614400,21.811,21.891,21.706,21.807,144610.33
1758628800,21.798,22.057,21.738,21.869,249468.46
1758643200,21.874,22.001,21.544,21.578,291595.6
1758657600,21.579,21.831,21.482,21.52,164645.31
1758672000,21.521,21.693,21.185,21.294,173957.88999999998
1758686400,21.288,21.838,20.962,21.722,673174.98
1758700800,21.724,21.882,21.636,21.784,100544.10999999999
1758715200,21.787,21.964,21.56,21.775,167970.55
1758729600,21.776,21.975,21.726,21.836,203920.05
1758744000,21.838,21.865,21.565,21.615,115556.23999999999
1758758400,21.614,21.667,21.13,21.298,285077.13
1758772800,21.297,21.359,20.921,20.971,359311.33999999997
1758787200,20.966,21.159,20.718,20.753,266765.65
1758801600,20.755,21.156,20.4,20.892,507478.85000000003
1758816000,20.892,20.915,19.836,20.406,912140.9
1758830400,20.41,20.555,19.991,20.155,255988.39
1758844800,20.155,20.614,20.106,20.55,210985.24
1758859200,20.562,20.647,20.241,20.373,182487.90000000002
1758873600,20.375,20.55,19.95,20.192,229550.19
1758888000,20.189,20.666,20.01,20.601,470276.49
1758902400,20.602,21.258,20.586,20.978,413506.24
1758916800,20.978,21.136,20.904,21.083,166833.89
1758931200,21.081,21.133,20.981,21.096,143038.24
1758945600,21.094,21.161,20.924,20.957,127147.81
1758960000,20.958,21.116,20.834,20.999,76167.82
1758974400,20.998,21.066,20.862,20.964,63177.25
1758988800,20.966,20.966,20.737,20.847,77497.54000000001
1759003200,20.848,21.099,20.825,20.927,59459.33
1759017600,20.926,20.954,20.653,20.726,118585.38
1759032000,20.731,20.834,20.649,20.745,45970.32
1759046400,20.746,20.792,20.515,20.574,101561.16
1759060800,20.568,20.999,20.44,20.986,122688.68
1759075200,20.986,21.329,20.986,21.22,172674.37
1759089600,21.221,21.722,21.19,21.679,340603.01
1759104000,21.682,21.691,21.396,21.494,130058.48
1759118400,21.496,21.5,21.164,21.268,73217.74
1759132800,21.267,21.414,21.073,21.2,120626.89
1759147200,21.202,22.27,20.921,21.403,561398.6000000001
1759161600,21.404,21.762,21.217,21.73,245568.68
1759176000,21.734,21.91,21.692,21.739,201636.0
1759190400,21.738,21.883,21.451,21.491,205637.14
1759204800,21.482,21.708,21.361,21.415,134052.5
1759219200,21.414,21.513,21.246,21.422,122388.81
1759233600,21.421,21.515,20.974,21.107,241203.44
1759248000,21.105,21.549,20.998,21.532,305962.38
1759262400,21.532,21.693,21.296,21.322,289115.70999999996
1759276800,21.319,21.581,21.069,21.182,191436.09
1759291200,21.182,21.398,21.135,21.339,110669.43
1759305600,21.333,22.3,21.318,22.242,349661.43
1759320000,22.242,22.503,22.125,22.421,320251.63
1759334400,22.422,22.644,22.31,22.542,325654.29
1759348800,22.544,22.619,22.264,22.59,272143.6
1759363200,22.589,22.813,22.433,22.702,233327.13999999998
1759377600,22.705,22.864,22.573,22.585,125121.78
1759392000,22.588,22.649,22.385,22.415,129406.68
1759406400,22.416,22.588,21.941,22.433,423873.94999999995
1759420800,22.433,23.16,22.4,22.949,351266.41
1759435200,22.951,22.986,22.664,22.791,194763.8
1759449600,22.794,22.891,22.559,22.616,154176.99
1759464000,22.61,22.716,22.316,22.405,140712.82
1759478400,22.402,22.447,22.246,22.287,121004.54000000001
1759492800,22.288,22.762,22.111,22.737,374711.0
1759507200,22.74,23.1,22.12,22.636,580453.15
1759521600,22.638,22.728,22.502,22.52,143812.68
1759536000,22.519,22.631,22.171,22.226,166496.41
1759550400,22.225,22.298,22.063,22.088,97262.41
1759564800,22.084,22.085,21.781,21.859,98992.76000000001
1759579200,21.856,22.184,21.79,21.852,180916.47
1759593600,21.853,22.035,21.82,22.018,115535.36
1759608000,22.025,22.157,22.004,22.031,74498.22
1759622400,22.032,22.609,21.95,22.367,201917.22
1759636800,22.36,22.85,22.345,22.84,227777.58
1759651200,22.842,22.94,22.492,22.749,228188.72
1759665600,22.748,22.765,22.406,22.473,119863.85
1759680000,22.471,22.641,21.901,21.923,258751.56
1759694400,21.923,22.154,21.89,22.007,117528.48999999999
1759708800,22.01,22.213,21.52,21.911,392297.64
1759723200,21.91,22.169,21.753,21.932,143618.77
1759737600,21.934,22.248,21.934,22.124,105568.33
1759752000,22.127,22.99,22.127,22.837,401894.14
1759766400,22.836,23.535,22.8,23.443,470610.44
1759780800,23.446,23.609,23.271,23.37,279805.16000000003
1759795200,23.371,23.734,23.349,23.359,198430.76
1759809600,23.359,23.656,22.84,22.864,228094.54
1759824000,22.866,22.918,22.579,22.883,156967.99
1759838400,22.879,23.101,21.864,22.01,638328.05
1759852800,22.008,22.218,21.816,21.886,354294.41000000003
1759867200,21.888,22.204,21.784,21.81,228782.83000000002
1759881600,21.817,22.163,21.672,21.756,210157.29
1759896000,21.758,21.976,21.642,21.919,170411.03
1759910400,21.92,22.17,21.874,22.073,163593.03
1759924800,22.073,22.353,21.829,22.002,267425.06
1759939200,22.004,22.578,21.957,22.489,427292.24
1759953600,22.486,22.671,22.401,22.636,179614.06
1759968000,22.638,22.676,21.957,22.269,244494.46
1759982400,22.267,22.493,21.929,21.978,134675.28
1759996800,21.979,21.982,21.597,21.738,242464.97
1760011200,21.74,22.047,21.331,21.506,335192.43
1760025600,21.507,21.922,21.34,21.735,247541.16999999998
1760040000,21.741,22.142,21.708,22.007,133922.81
1760054400,22.009,22.6,21.988,22.412,249745.71
1760068800,22.414,22.625,22.263,22.304,146394.19
1760083200,22.305,22.779,22.276,22.413,140357.25
1760097600,22.413,22.8,21.211,21.375,645177.22
1760112000,21.372,21.554,20.394,20.503,1067403.74
1760126400,20.499,20.728,15.0,17.372,3198416.04
1760140800,17.364,18.172,16.969,17.509,1013350.8200000001
1760155200,17.508,17.877,17.356,17.755,778430.8600000001
1760169600,17.754,18.537,17.667,18.07,608529.54
1760184000,18.067,18.15,17.417,18.007,522206.58999999997
1760198400,18.004,18.172,17.133,17.309,380321.9
1760212800,17.302,17.345,16.622,17.215,717498.97
1760227200,17.215,17.26,16.697,17.094,448972.37
1760241600,17.095,17.535,17.05,17.422,289336.80000000005
1760256000,17.422,17.576,17.194,17.402,204769.56
1760270400,17.398,18.819,17.228,18.783,951264.44
1760284800,18.785,19.385,18.785,19.369,915308.12
1760299200,19.368,19.442,18.836,19.015,720366.62
1760313600,19.009,19.277,18.774,19.046,571381.72
1760328000,19.05,19.684,18.946,19.557,536844.76
1760342400,19.557,19.788,19.009,19.216,518947.7
1760356800,19.214,19.859,19.085,19.751,1414870.2999999998
1760371200,19.755,20.138,19.476,20.066,764158.84
1760385600,20.065,20.199,19.849,19.861,335358.92000000004
1760400000,19.862,20.081,19.321,19.479,561840.96
1760414400,19.484,19.55,18.305,18.57,742170.17
1760428800,18.566,18.771,18.09,18.599,651050.4199999999
1760443200,18.6,19.058,18.156,19.048,1067051.05
1760457600,19.056,19.379,18.634,18.888,996400.16
1760472000,18.886,19.196,18.815,19.116,464103.41000000003
1760486400,19.11,19.258,18.85,18.928,496605.7
1760500800,18.932,19.158,18.843,18.875,281657.97
1760515200,18.874,19.255,18.592,18.697,334653.87
1760529600,18.696,18.753,18.041,18.135,590214.49
1760544000,18.134,18.266,17.85,18.038,454112.95
1760558400,18.05,18.131,17.736,18.058,472635.27
1760572800,18.062,18.21,17.924,18.046,309593.59
1760587200,18.048,18.218,17.932,18.053,296247.66000000003
1760601600,18.057,18.5,17.56,18.496,353555.11
1760616000,18.492,18.633,17.607,17.663,548270.73
1760630400,17.663,18.089,17.272,17.396,707655.46
1760644800,17.399,17.473,17.111,17.432,353842.32
1760659200,17.428,17.693,17.36,17.516,228636.01
1760673600,17.518,17.53,16.174,16.199,629658.7
1760688000,16.203,16.589,15.7,16.532,1181505.25
1760702400,16.529,16.698,16.14,16.628,980104.64
1760716800,16.626,16.907,16.244,16.385,819860.1000000001
1760731200,16.388,16.777,16.332,16.607,351979.60000000003
1760745600,16.608,16.9,16.587,16.804,192509.27
1760760000,16.802,17.012,16.575,16.704,225174.59000000003
1760774400,16.704,16.957,16.699,16.882,147121.61
1760788800,16.883,16.977,16.625,16.795,194043.16999999998
1760803200,16.795,16.9,16.639,16.841,134712.41
1760817600,16.84,16.961,16.758,16.816,112538.31
1760832000,16.816,16.897,16.652,16.864,149527.99
1760846400,16.871,16.915,16.673,16.801,125308.87
1760860800,16.803,17.306,16.533,17.152,497512.89
1760875200,17.154,17.552,17.032,17.412,373570.02
1760889600,17.412,17.675,17.324,17.466,337927.98
1760904000,17.465,17.556,17.244,17.29,188510.45
1760918400,17.289,17.693,16.936,17.623,279322.03
1760932800,17.628,18.969,17.587,18.627,849728.77
1760947200,18.63,19.038,18.573,19.011,299567.86
1760961600,19.009,19.194,18.764,18.775,609434.32
1760976000,18.774,18.936,18.432,18.856,513330.41
1760990400,18.857,18.955,18.615,18.66,187380.43
1761004800,18.659,18.963,18.136,18.157,367624.91000000003
1761019200,18.154,18.172,17.672,18.071,367884.49
1761033600,18.068,18.118,17.807,18.074,212762.22
1761048000,18.078,18.972,17.839,18.81,705391.86
1761062400,18.811,18.907,18.085,18.185,486952.02
1761076800,18.19,18.225,17.545,17.614,386113.27999999997
1761091200,17.614,17.742,17.431,17.638,283014.73
1761105600,17.629,17.845,17.452,17.621,206176.08
1761120000,17.616,17.616,17.17,17.424,223951.86
1761134400,17.423,17.613,17.153,17.464,604441.0599999999
1761148800,17.468,17.512,17.11,17.252,338697.68
1761163200,17.255,17.279,16.75,17.199,467034.19
1761177600,17.205,17.374,17.175,17.27,161879.75
1761192000,17.272,17.682,17.254,17.58,142957.4
1761206400,17.582,17.711,17.267,17.291,236757.96999999997
1761220800,17.283,17.552,17.102,17.412,337815.0
1761235200,17.414,17.797,17.359,17.474,348987.8
1761249600,17.473,17.473,17.187,17.435,202031.91999999998
1761264000,17.436,17.489,17.297,17.344,185062.95
1761278400,17.348,17.745,17.309,17.651,221650.37
1761292800,17.651,17.801,17.533,17.738,223379.07
1761307200,17.74,18.098,17.46,17.564,495246.93
1761321600,17.561,17.855,17.47,17.781,251814.18
1761336000,17.783,17.997,17.77,17.893,201377.55000000002
1761350400,17.894,17.978,17.796,17.803,68014.13
1761364800,17.805,18.016,17.805,17.878,117089.71
1761379200,17.88,18.036,17.866,17.994,96969.78
1761393600,17.994,18.088,17.945,17.985,55998.35
1761422400,18.06,18.1,17.985,18.019,70495.53
1761436800,18.018,18.028,17.693,17.742,173047.39
1761451200,17.738,17.87,17.726,17.856,93935.79
1761465600,17.86,18.342,17.859,18.32,208328.11000000002
1761480000,18.318,18.488,18.221,18.334,383967.6
1761494400,18.332,18.339,18.099,18.179,211155.06999999998
1761508800,18.178,18.686,18.063,18.552,413966.19000000006
1761523200,18.542,19.042,18.495,18.952,304803.23
1761537600,18.952,19.057,18.698,18.836,193514.06
1761552000,18.837,18.917,18.37,18.493,180950.33000000002
1761566400,18.494,18.517,18.17,18.405,299046.5
1761580800,18.408,18.9,18.408,18.483,474369.57999999996
1761595200,18.483,18.487,18.088,18.21,266874.65
1761609600,18.205,18.404,18.073,18.231,169372.63
1761624000,18.227,18.511,18.014,18.325,133963.67
1761638400,18.325,18.543,18.294,18.386,99474.92000000001
1761652800,18.388,18.82,18.088,18.384,384901.63
1761667200,18.379,18.659,17.87,17.998,328404.92
1761681600,17.994,17.994,17.45,17.823,397916.94
1761696000,17.823,18.004,17.74,17.807,125721.72
1761710400,17.806,17.989,17.778,17.929,78709.75
1761724800,17.922,18.155,17.742,18.113,191015.22
1761739200,18.112,18.315,17.892,18.017,278855.7
1761753600,18.02,18.521,17.52,18.271,792329.22
1761768000,18.272,18.713,17.976,18.138,276840.72
1761782400,18.142,18.321,18.016,18.166,211640.88
1761796800,18.163,18.428,17.492,18.363,293218.06
1761811200,18.363,18.382,17.657,17.668,203966.37
1761825600,17.667,17.72,16.854,16.898,558985.28
1761840000,16.901,17.014,16.348,16.399,514163.17000000004
1761854400,16.389,16.818,16.324,16.802,298691.16000000003
1761868800,16.799,17.088,16.739,16.947,337536.12
1761883200,16.952,17.301,16.93,17.22,244468.52000000002
1761897600,17.22,17.347,17.136,17.318,117172.73
1761912000,17.32,17.445,17.076,17.282,345158.93
1761926400,17.279,17.357,16.76,17.292,349629.61
1761940800,17.288,17.349,17.115,17.232,122144.14
1761955200,17.236,17.319,17.049,17.308,123241.01
1761969600,17.301,17.325,17.122,17.312,75589.84
1761984000,17.313,17.426,17.24,17.347,106013.01000000001
1761998400,17.348,17.404,17.128,17.249,157902.49
1762012800,17.251,17.33,17.025,17.234,138352.33
1762027200,17.233,17.306,17.05,17.139,91953.27
1762041600,17.14,17.205,17.041,17.148,64069.880000000005
1762056000,17.147,17.59,17.109,17.54,189241.18
1762070400,17.542,17.631,17.246,17.572,153693.91
1762084800,17.572,17.581,17.063,17.133,179899.47999999998
1762099200,17.13,17.29,16.988,17.05,150187.63
1762113600,17.045,17.627,16.992,17.583,209772.13
1762128000,17.588,17.655,16.34,16.365,463143.29000000004
1762142400,16.36,16.523,15.868,16.125,323246.07
1762156800,16.125,16.238,15.812,16.063,290894.89
1762171200,16.068,16.342,14.54,15.301,827174.98
1762185600,15.302,15.855,15.243,15.343,634211.16
1762200000,15.342,15.422,15.05,15.243,367451.81
1762214400,15.244,15.56,15.106,15.426,365641.65
1762228800,15.423,15.502,14.561,14.629,783260.6400000001
1762243200,14.628,15.257,14.516,15.05,381228.29000000004
1762257600,15.054,15.434,14.666,15.107,652782.15
1762272000,15.108,15.224,14.132,14.28,1208135.5
1762286400,14.284,14.87,13.693,14.686,975719.93
1762300800,14.685,14.931,13.985,14.848,746623.84
1762315200,14.849,15.015,14.755,14.906,286117.72
1762329600,14.908,14.908,14.54,14.826,259365.9
1762344000,14.826,15.11,14.74,15.094,492767.67000000004
1762358400,15.094,15.4,14.911,15.252,544336.3200000001
1762372800,15.256,15.359,15.054,15.091,396634.26
1762387200,15.093,15.203,14.842,15.126,292221.1
1762401600,15.127,15.237,14.82,14.904,226235.83000000002
1762416000,14.903,14.973,14.748,14.934,250559.72
1762430400,14.931,15.097,14.367,14.464,725692.29
1762444800,14.459,14.772,14.236,14.719,541559.31
1762459200,14.726,14.789,14.484,14.735,339371.45
1762473600,14.735,15.026,14.568,14.963,406606.83999999997
1762488000,14.971,15.16,14.824,15.158,251996.81
1762502400,15.152,15.179,14.489,14.674,279678.56
1762516800,14.673,15.093,14.293,15.018,820469.52
1762531200,15.02,16.221,14.914,16.053,1188244.48
1762545600,16.055,16.179,15.734,15.784,355653.62
1762560000,15.787,16.019,15.604,15.753,290070.39
1762574400,15.754,15.917,15.525,15.717,208773.12
1762588800,15.72,15.914,15.596,15.676,175709.97
1762603200,15.676,15.715,15.174,15.21,264679.96
1762617600,15.207,15.442,15.117,15.365,227013.95
1762632000,15.362,15.542,15.275,15.513,84645.11
1762646400,15.516,15.516,15.017,15.098,233428.21000000002
1762660800,15.1,15.424,15.048,15.366,133603.57
1762675200,15.365,15.494,15.077,15.435,130894.04000000001
1762689600,15.434,15.945,15.395,15.83,345084.98000000004
1762704000,15.83,16.092,15.72,16.091,234424.48
1762718400,16.088,16.13,15.83,15.923,211419.09
1762732800,15.922,16.312,15.784,16.234,353667.26
1762747200,16.234,16.425,16.153,16.366,267757.33
1762761600,16.367,16.649,16.19,16.514,212645.3
1762776000,16.514,16.67,15.976,16.084,505006.85
1762790400,16.082,16.278,15.925,16.164,324981.09
1762804800,16.156,16.45,15.957,16.36,310110.11
1762819200,16.362,16.784,16.167,16.638,408970.02
1762833600,16.634,16.681,15.981,15.992,204059.17
1762848000,15.986,16.23,15.96,16.197,161316.99
1762862400,16.2,16.296,15.71,15.792,418335.13
1762876800,15.791,15.885,15.584,15.643,337281.15
1762891200,15.645,15.649,15.196,15.278,501510.37
1762905600,15.282,15.461,15.183,15.39,314020.44
1762920000,15.388,15.548,15.305,15.331,160984.3
1762934400,15.336,16.171,15.336,16.108,253006.54
1762948800,16.109,16.248,15.334,15.373,433296.14
1762963200,15.372,15.415,14.923,15.084,671989.77
1762977600,15.083,15.315,15.028,15.15,220686.97
1762992000,15.146,15.652,15.072,15.528,379758.36
1763006400,15.53,16.01,15.436,15.88,383533.4
1763020800,15.881,15.947,15.645,15.734,223410.94
1763035200,15.737,15.771,15.241,15.316,383157.52
1763049600,15.313,15.36,14.197,14.272,795510.28
1763064000,14.274,14.723,14.14,14.545,605650.25
1763078400,14.541,14.599,14.348,14.43,371868.52
1763092800,14.426,14.553,13.904,14.445,509943.15
1763107200,14.439,14.449,14.108,14.187,294377.95
1763121600,14.184,14.441,13.817,14.274,1030240.6200000001
1763136000,14.278,14.484,14.05,14.287,414226.43
1763150400,14.29,14.297,13.579,13.799,429086.52999999997
1763164800,13.797,14.277,13.785,14.191,325391.45
1763179200,14.193,14.276,14.054,14.074,181384.43
1763193600,14.075,14.096,13.825,14.007,239016.19
1763208000,14.005,14.288,13.96,14.167,190311.05
1763222400,14.164,14.324,14.056,14.205,202261.22999999998
1763236800,14.206,14.208,13.988,14.128,179206.51
1763251200,14.126,14.245,13.847,14.181,239991.87
1763265600,14.182,14.326,14.08,14.322,112964.54000000001
1763280000,14.322,14.515,14.031,14.047,226609.76
1763294400,14.046,14.178,13.75,13.772,350284.35
1763308800,13.773,13.878,13.387,13.621,936946.39
1763323200,13.623,13.829,13.39,13.724,448578.95
1763337600,13.722,13.984,13.565,13.972,332128.75
1763352000,13.974,14.149,13.91,14.112,212903.78
1763366400,14.109,14.193,14.011,14.156,204664.78
1763380800,14.154,14.261,13.579,13.7,692138.02
1763395200,13.7,13.781,13.077,13.203,1218301.42
1763409600,13.204,13.394,13.071,13.316,617895.9400000001
1763424000,13.317,13.497,13.052,13.441,610660.8300000001
1763438400,13.443,13.57,13.225,13.366,471643.07999999996
1763452800,13.369,13.578,13.36,13.471,281363.22
1763467200,13.472,13.808,13.276,13.701,644942.48
1763481600,13.699,13.985,13.671,13.899,737497.51
1763496000,13.899,13.949,13.698,13.792,294243.39
1763510400,13.792,13.828,13.455,13.491,487905.37
1763524800,13.488,13.531,13.112,13.474,564576.34
1763539200,13.471,13.547,13.324,13.389,198636.75999999998
1763553600,13.388,13.5,12.974,13.013,652232.3300000001
1763568000,13.008,13.127,12.76,12.872,1129768.32
1763582400,12.872,13.571,12.842,13.517,531978.07
1763596800,13.514,13.699,13.452,13.643,375212.02
1763611200,13.644,13.932,13.576,13.928,300261.72
1763625600,13.928,13.986,13.558,13.688,262708.77
1763640000,13.692,13.901,13.39,13.404,687687.51
1763654400,13.403,13.424,12.758,12.987,1134510.3900000001
1763668800,12.986,13.326,12.828,12.924,397812.07
1763683200,12.924,13.191,12.773,12.847,481774.97
1763697600,12.846,12.909,11.9,12.251,780788.49
1763712000,12.249,12.411,11.84,11.881,792890.36
1763726400,11.881,12.323,11.596,11.896,1139817.59
1763740800,11.9,12.353,11.718,12.11,1001954.05
1763755200,12.109,12.241,11.788,12.11,604418.3200000001
1763769600,12.109,12.242,12.025,12.105,263241.76
1763784000,12.105,12.109,11.834,11.988,300121.27
1763798400,11.988,12.017,11.748,11.956,247590.56
1763812800,11.958,12.005,11.734,11.917,302846.85
1763827200,11.915,12.09,11.907,11.99,276150.37
1763841600,11.994,12.3,11.933,12.167,253493.54
1763856000,12.167,12.469,12.108,12.465,445526.05
1763870400,12.465,12.598,12.296,12.363,283781.55
1763884800,12.364,12.61,12.36,12.514,516690.70999999996
1763899200,12.512,12.723,12.492,12.675,331293.95999999996
1763913600,12.676,12.749,12.447,12.631,335440.88
1763928000,12.632,12.743,12.488,12.519,284541.53
1763942400,12.518,12.835,12.348,12.689,426905.18
1763956800,12.69,12.852,12.469,12.576,294273.68
1763971200,12.574,12.639,12.354,12.493,254282.49
1763985600,12.491,12.683,12.287,12.608,633161.04
1764000000,12.612,13.199,12.598,13.008,734526.33
1764014400,13.007,13.157,12.949,12.962,298214.49
1764028800,12.962,13.033,12.864,12.901,204953.03
1764043200,12.9,13.041,12.802,12.814,165277.16999999998
1764057600,12.815,12.877,12.661,12.783,154959.95
1764072000,12.781,12.945,12.545,12.729,355429.83
1764086400,12.729,13.135,12.718,12.971,414533.99
1764100800,12.972,13.212,12.856,13.077,316251.05999999994
1764115200,13.076,13.16,12.929,12.953,297555.66000000003
1764129600,12.954,13.069,12.916,13.069,94716.20999999999
1764144000,13.067,13.08,12.8,12.838,216944.69
1764158400,12.839,13.003,12.747,12.87,215437.3
1764172800,12.87,13.5,12.866,13.45,536155.04
1764187200,13.447,13.502,13.354,13.452,200306.45
1764201600,13.452,13.568,13.356,13.378,211579.2
1764216000,13.38,13.456,13.287,13.358,94870.34
1764230400,13.356,13.434,13.274,13.343,75626.45
1764244800,13.345,13.481,13.234,13.468,195009.82
1764259200,13.466,13.538,13.401,13.468,96965.75
1764273600,13.468,13.514,13.308,13.335,81728.85
1764288000,13.334,13.388,13.142,13.285,141786.04
1764302400,13.283,13.335,13.188,13.219,120804.32
1764316800,13.217,13.538,13.217,13.301,176843.56
1764331200,13.3,13.526,13.254,13.419,305865.38
1764345600,13.424,13.425,13.048,13.207,373874.15
1764360000,13.203,13.224,13.077,13.125,261949.39
1764374400,13.125,13.208,13.055,13.077,132862.84
1764388800,13.076,13.159,13.0,13.097,121477.23
1764403200,13.096,13.169,13.03,13.154,111541.67
1764417600,13.153,13.221,13.044,13.178,79539.5
1764432000,13.174,13.176,12.92,13.028,212271.65000000002
1764446400,13.027,13.058,12.956,12.986,94587.13
1764460800,12.987,13.127,12.943,13.11,88518.08
1764475200,13.111,13.119,12.98,13.047,75800.91
1764489600,13.049,13.114,12.995,13.006,107038.3
1764504000,13.005,13.333,12.98,13.251,185253.32
1764518400,13.252,13.422,13.245,13.31,137751.22
1764532800,13.31,13.362,12.941,12.958,191733.93
1764547200,12.957,13.017,12.108,12.14,828644.38
1764561600,12.141,12.283,12.041,12.189,283679.97
1764576000,12.191,12.218,12.107,12.114,196301.08
1764590400,12.115,12.212,11.821,11.991,587543.97
1764604800,11.996,12.001,11.745,11.84,727168.39
1764619200,11.837,12.165,11.836,12.074,523401.96
1764633600,12.074,12.225,11.977,12.098,249019.51
1764648000,12.1,12.193,12.079,12.131,234771.7
1764662400,12.131,12.28,11.999,12.258,234914.69
1764676800,12.258,13.41,12.191,13.294,1050310.78
1764691200,13.295,13.499,13.224,13.414,783769.29
1764705600,13.415,13.585,13.277,13.478,434726.1
1764720000,13.481,14.0,13.436,13.949,928887.8200000001
1764734400,13.948,14.43,13.919,14.391,866702.42
1764748800,14.39,14.599,14.291,14.441,578020.76
1764763200,14.44,14.673,14.212,14.397,1191157.82
1764777600,14.398,14.564,14.283,14.421,746076.94
1764792000,14.422,14.738,14.353,14.639,829162.19
1764806400,14.642,14.933,14.523,14.623,584272.6
1764820800,14.622,14.643,14.352,14.542,319968.48
1764835200,14.542,14.796,14.444,14.483,270235.8
1764849600,14.483,14.593,14.223,14.485,427292.61
1764864000,14.481,14.55,13.966,14.201,595705.02
1764878400,14.205,14.385,14.158,14.258,244477.83999999997
1764892800,14.256,14.399,14.194,14.259,340301.63
1764907200,14.26,14.318,14.149,14.254,175215.15
1764921600,14.253,14.328,13.972,14.051,336151.22000000003
1764936000,14.05,14.172,13.745,13.946,545439.93
1764950400,13.945,13.952,13.335,13.57,903912.72
1764964800,13.567,13.655,13.478,13.593,222798.39
1764979200,13.593,13.776,13.493,13.676,171477.57
1764993600,13.675,13.684,13.532,13.605,138830.73
1765008000,13.605,13.776,13.506,13.754,164662.32
1765022400,13.753,13.938,13.636,13.817,369383.24
1765036800,13.82,14.08,13.807,13.88,356052.43
1765051200,13.88,14.027,13.854,13.918,217467.83000000002
1765065600,13.918,14.009,13.89,14.009,220742.15
1765080000,14.01,14.037,13.862,13.93,136512.72
1765094400,13.931,13.934,13.735,13.784,147465.19
1765108800,13.786,13.95,13.184,13.609,641959.4199999999
1765123200,13.608,14.172,13.47,14.06,628742.47
1765137600,14.06,14.125,13.422,13.635,734079.9299999999
1765152000,13.636,14.045,13.583,13.905,428177.56999999995
1765166400,13.906,14.065,13.877,14.014,259299.93
1765180800,14.018,14.28,13.912,13.941,351963.82
1765195200,13.939,14.095,13.679,13.74,722663.29
1765209600,13.74,13.898,13.574,13.711,595575.05
1765224000,13.708,13.939,13.705,13.764,342171.76
1765238400,13.765,13.857,13.549,13.712,364731.55
1765252800,13.716,13.843,13.575,13.83,241032.46999999997
1765267200,13.831,13.865,13.62,13.735,178933.68
1765281600,13.735,14.454,13.636,14.417,606072.01
1765296000,14.417,15.008,14.417,14.646,1097088.6
1765310400,14.644,14.645,14.225,14.414,289156.07
1765324800,14.414,14.457,14.212,14.216,246817.55
1765339200,14.215,14.279,14.111,14.18,261453.38
1765353600,14.18,14.435,14.05,14.181,261212.37
1765368000,14.178,14.187,13.941,14.023,355437.93
1765382400,14.023,14.642,13.981,14.496,827554.21
1765396800,14.498,14.885,14.088,14.102,905100.7
1765411200,14.1,14.135,13.447,13.53,564988.79
1765425600,13.532,13.69,13.466,13.536,248473.4
1765440000,13.535,13.636,13.431,13.606,160870.88
1765454400,13.606,13.724,13.437,13.522,458737.91000000003
1765468800,13.525,13.866,13.405,13.707,594076.8
1765483200,13.705,14.213,13.702,14.07,503907.44
1765497600,14.065,14.181,13.833,13.998,299026.42
1765512000,14.0,14.206,13.955,14.065,217851.83000000002
1765526400,14.062,14.133,13.933,14.125,179663.26
1765540800,14.119,14.345,13.45,13.538,576614.44
1765555200,13.535,13.675,13.214,13.589,957768.9099999999
1765569600,13.589,13.697,13.541,13.638,261988.9
1765584000,13.639,13.741,13.598,13.717,132768.58000000002
1765598400,13.718,13.801,13.683,13.786,131942.73
1765612800,13.789,13.967,13.788,13.814,193271.89
1765627200,13.815,13.85,13.652,13.821,170329.89
1765641600,13.82,13.864,13.691,13.752,133078.74
1765656000,13.752,13.766,13.616,13.733,133968.57
1765670400,13.731,13.796,13.702,13.712,78968.7
1765684800,13.711,13.736,13.622,13.721,76413.15
1765699200,13.722,13.757,13.436,13.56,153105.02
1765713600,13.558,13.668,13.421,13.475,162405.77
1765728000,13.473,13.571,13.345,13.4,222370.96000000002
1765742400,13.399,13.447,13.089,13.276,285279.1
1765756800,13.275,13.713,13.26,13.534,269482.64
1765771200,13.533,13.701,13.471,13.572,202669.73
1765785600,13.572,13.736,13.547,13.618,174544.88
1765800000,13.618,13.693,12.718,12.787,1104828.88
1765814400,12.778,12.838,12.47,12.746,762313.34
1765828800,12.742,12.898,12.607,12.858,448552.26
1765843200,12.856,12.889,12.669,12.743,327857.23
1765857600,12.746,12.882,12.55,12.692,202261.16
1765872000,12.695,12.979,12.683,12.957,197102.65
1765886400,12.957,13.121,12.677,13.047,647708.34
1765900800,13.045,13.059,12.77,12.936,503388.43000000005
1765915200,12.933,12.997,12.872,12.928,198441.67
1765929600,12.927,12.991,12.759,12.822,242963.95
1765944000,12.822,12.832,12.643,12.771,240382.02
1765958400,12.771,12.771,12.583,12.694,158092.76
1765972800,12.693,13.172,12.5,12.567,870621.3700000001
1765987200,12.564,12.646,12.117,12.279,959022.38
1766001600,12.279,12.371,12.156,12.262,420923.55
1766016000,12.262,12.292,12.14,12.19,357863.5
1766030400,12.191,12.242,12.058,12.167,216657.74
1766044800,12.171,12.3,12.156,12.28,177400.53
1766059200,12.281,12.873,12.231,12.623,797664.81
1766073600,12.623,12.651,11.726,11.747,1047031.28
1766088000,11.747,12.059,11.733,11.928,459106.92000000004
1766102400,11.929,12.336,11.837,12.219,473834.24
1766116800,12.22,12.494,12.185,12.369,331372.43
1766131200,12.371,12.45,12.335,12.443,208989.45
1766145600,12.441,12.746,12.371,12.462,437706.66
1766160000,12.46,12.691,12.369,12.618,414544.29
1766174400,12.62,12.665,12.515,12.531,181126.15
1766188800,12.531,12.573,12.476,12.542,100348.8
1766203200,12.542,12.622,12.477,12.607,100068.23
1766217600,12.607,12.709,12.59,12.674,85910.56
1766232000,12.676,12.688,12.545,12.614,117148.17
1766246400,12.615,12.639,12.555,12.571,91271.3
1766260800,12.571,12.636,12.526,12.545,94149.16
1766275200,12.549,12.593,12.376,12.482,126964.20999999999
1766289600,12.483,12.549,12.479,12.512,53611.82
1766304000,12.509,12.701,12.482,12.569,69686.73
1766318400,12.571,12.627,12.222,12.33,239515.88999999998
1766332800,12.329,12.431,12.268,12.4,158182.76
1766347200,12.401,12.483,12.28,12.433,179017.16
1766361600,12.433,12.71,12.331,12.549,290868.39
1766376000,12.55,12.641,12.493,12.572,150977.39
1766390400,12.572,12.738,12.552,12.703,162243.55
1766404800,12.701,12.949,12.632,12.802,619889.9099999999
1766419200,12.804,12.853,12.42,12.442,424842.33999999997
1766433600,12.44,12.668,12.351,12.579,568963.11
1766448000,12.579,12.689,12.43,12.491,224623.85
1766462400,12.49,12.523,12.221,12.325,209042.47999999998
1766476800,12.326,12.397,12.264,12.361,111056.05
1766491200,12.36,12.36,12.067,12.276,434569.72000000003
1766505600,12.275,12.437,12.229,12.353,387944.63
1766520000,12.352,12.51,12.318,12.391,256934.5
1766534400,12.39,12.428,12.163,12.26,162594.11
1766548800,12.259,12.31,12.11,12.178,144775.11
1766563200,12.179,12.242,12.118,12.216,117878.17
1766577600,12.215,12.269,12.002,12.175,307043.06
1766592000,12.173,12.269,12.115,12.238,251759.81
1766606400,12.239,12.365,12.216,12.264,209239.15999999997
1766620800,12.264,12.353,12.22,12.324,94784.98000000001
1766635200,12.322,12.342,12.273,12.295,46993.97
1766649600,12.296,12.355,12.105,12.172,103235.9
1766664000,12.176,12.415,12.171,12.363,188501.0
1766678400,12.366,12.412,12.26,12.375,155759.84
1766692800,12.373,12.383,11.973,12.059,248563.03000000003
1766707200,12.058,12.527,12.017,12.377,358053.96
1766721600,12.378,12.472,12.308,12.337,178248.12
1766736000,12.337,12.451,12.331,12.407,72139.77
1766750400,12.407,12.49,12.045,12.167,310440.23
1766764800,12.164,12.245,12.111,12.183,287645.17000000004
1766779200,12.184,12.244,12.143,12.175,151345.39
1766793600,12.175,12.258,12.156,12.238,196169.93
1766808000,12.238,12.267,12.17,12.247,127241.27
1766822400,12.25,12.284,12.161,12.275,61648.6
1766836800,12.276,12.334,12.225,12.308,153265.82
1766851200,12.306,12.333,12.25,12.326,154241.47999999998
1766865600,12.328,12.533,12.298,12.502,180315.27
1766880000,12.501,12.531,12.412,12.485,339690.83999999997
1766894400,12.483,12.506,12.407,12.422,101920.27
1766908800,12.422,12.492,12.363,12.433,101689.43000000001
1766923200,12.434,12.553,12.425,12.512,138984.81
1766937600,12.512,12.58,12.322,12.344,256067.74
1766952000,12.343,12.489,12.308,12.483,154487.68
1766966400,12.484,12.965,12.452,12.921,381710.33
1766980800,12.922,13.005,12.715,12.788,277431.34
1766995200,12.789,12.822,12.458,12.491,208488.63
1767009600,12.489,12.489,12.232,12.388,422076.2
1767024000,12.387,12.446,12.263,12.292,233070.72
1767038400,12.29,12.346,12.244,12.288,182133.47
1767052800,12.287,12.398,12.246,12.373,123334.31
1767067200,12.371,12.401,12.29,12.354,112065.95999999999
1767081600,12.354,12.538,12.353,12.474,194313.45
1767096000,12.474,12.591,12.366,12.517,386039.57999999996
1767110400,12.517,12.573,12.332,12.411,312452.14
1767124800,12.412,12.419,12.332,12.406,170861.48
1767139200,12.405,12.454,12.344,12.38,317568.29000000004
1767153600,12.38,12.414,12.317,12.402,363756.33999999997
1767168000,12.402,12.467,12.36,12.457,104276.24
1767182400,12.463,12.533,12.314,12.374,248244.22000000003
1767196800,12.376,12.396,12.182,12.224,507085.28
1767211200,12.222,12.298,12.153,12.183,521099.57999999996
1767225600,12.184,12.255,12.173,12.198,214834.32
1767240000,12.197,12.262,12.0,12.158,601732.52
1767254400,12.158,12.289,12.157,12.277,74599.12
1767268800,12.279,12.431,12.226,12.379,187736.61
1767283200,12.379,12.503,12.316,12.5,238820.93
1767297600,12.5,12.612,12.45,12.608,266019.22
1767312000,12.61,12.918,12.565,12.904,420651.4
1767326400,12.904,12.969,12.817,12.822,230960.37
1767340800,12.823,13.133,12.823,12.937,229627.94
1767355200,12.936,13.176,12.815,13.067,416236.91000000003
1767369600,13.065,13.337,13.046,13.272,428049.32
1767384000,13.274,13.426,13.207,13.266,230999.36
1767398400,13.265,13.362,13.216,13.313,139587.35
1767412800,13.312,13.318,12.971,13.009,244641.45
1767427200,13.009,13.141,12.99,13.066,156816.41
1767441600,13.066,13.174,13.043,13.063,141435.99
1767456000,13.063,13.219,13.058,13.168,159965.21
1767470400,13.168,13.257,13.109,13.223,164097.19
1767484800,13.223,13.384,13.205,13.354,210618.35
1767499200,13.353,13.454,13.265,13.34,215718.06
1767513600,13.339,13.438,13.257,13.431,186318.53
1767528000,13.43,13.56,13.364,13.484,229429.46
1767542400,13.483,13.571,13.306,13.378,227157.0
1767556800,13.377,13.493,13.354,13.416,165265.40000000002
1767571200,13.418,13.867,13.409,13.668,438417.83
1767585600,13.667,13.692,13.4,13.573,272945.58
1767600000,13.573,13.616,13.429,13.58,164241.05
1767614400,13.583,13.741,13.382,13.717,336999.62
1767628800,13.716,13.878,13.544,13.764,472747.70999999996
1767643200,13.763,14.126,13.751,13.91,481501.22000000003
1767657600,13.908,13.957,13.571,13.794,412921.49
1767672000,13.793,13.98,13.681,13.723,357939.7
1767686400,13.722,13.906,13.699,13.892,173842.06
1767700800,13.893,14.233,13.818,13.992,512176.88
1767715200,13.99,14.025,13.466,13.625,658454.92
1767729600,13.626,14.061,13.626,14.028,385177.67
1767744000,14.029,14.039,13.676,13.808,238350.69
1767758400,13.809,13.871,13.693,13.859,147238.88
1767772800,13.86,13.929,13.575,13.679,189462.53
1767787200,13.677,13.72,13.3,13.356,432611.18000000005
1767801600,13.359,13.49,13.292,13.376,311081.68
1767816000,13.383,13.46,13.294,13.434,249461.36000000002
1767830400,13.437,13.543,13.305,13.324,215642.0
1767844800,13.326,13.462,13.039,13.304,317523.51
1767859200,13.304,13.35,13.077,13.206,221456.11
1767873600,13.207,13.287,13.007,13.284,591072.1799999999
1767888000,13.284,13.334,13.144,13.177,268330.13
1767902400,13.173,13.321,13.086,13.205,205164.68
1767916800,13.207,13.357,13.153,13.299,252928.13
1767931200,13.299,13.307,13.172,13.249,268418.2
1767945600,13.255,13.274,13.05,13.16,218968.9
1767960000,13.159,13.417,13.024,13.275,515366.98
1767974400,13.276,13.431,13.04,13.066,523980.59
1767988800,13.064,13.169,13.057,13.123,196805.6
1768003200,13.124,13.151,13.049,13.112,111219.14
1768017600,13.111,13.159,13.048,13.146,79712.28
1768032000,13.148,13.209,13.091,13.161,97383.52
1768046400,13.161,13.234,13.125,13.144,123632.86
1768060800,13.142,13.2,13.107,13.197,84511.67
1768075200,13.198,13.223,13.072,13.121,200109.44
1768089600,13.123,13.231,13.095,13.216,74927.4
1768104000,13.215,13.262,13.163,13.217,109685.01999999999
1768118400,13.219,13.226,13.164,13.188,75461.88
1768132800,13.189,13.274,13.132,13.193,150902.58000000002
1768147200,13.19,13.35,13.181,13.239,222022.71
1768161600,13.238,13.238,13.033,13.194,263687.24
1768176000,13.187,13.5,13.097,13.351,397372.08999999997
1768190400,13.352,13.441,13.235,13.254,203920.92
1768204800,13.253,13.312,13.088,13.15,236987.55
1768219200,13.15,13.252,12.915,13.232,455755.85
1768233600,13.227,13.316,13.088,13.17,267920.86
1768248000,13.172,13.23,12.988,13.062,182238.94999999998
1768262400,13.062,13.145,13.037,13.102,109018.93
1768276800,13.106,13.272,13.097,13.178,189711.38
1768291200,13.184,13.303,13.177,13.25,94127.12
1768305600,13.253,13.564,13.214,13.562,426440.25
1768320000,13.562,13.699,13.524,13.684,348023.12
1768334400,13.685,14.175,13.674,14.074,471675.34
1768348800,14.074,14.183,14.011,14.126,293054.29
1768363200,14.125,14.154,13.936,14.05,199630.94
1768377600,14.048,14.111,13.844,13.871,187087.91999999998
1768392000,13.872,14.275,13.857,14.236,353591.21
1768406400,14.236,14.399,14.048,14.23,571734.83
1768420800,14.231,14.316,14.084,14.11,234914.13
1768435200,14.11,14.116,13.731,13.746,301510.12
1768449600,13.744,13.957,13.744,13.93,122744.47
1768464000,13.928,14.086,13.855,13.946,99568.47
1768478400,13.944,14.206,13.724,13.954,450622.11
1768492800,13.952,13.994,13.584,13.669,407363.65
1768507200,13.67,13.795,13.559,13.79,166583.52
1768521600,13.789,13.865,13.67,13.68,173974.1
1768536000,13.677,13.817,13.592,13.788,122308.3
1768550400,13.792,13.855,13.686,13.731,111758.34
1768564800,13.73,13.785,13.429,13.485,208617.51
1768579200,13.484,13.66,13.45,13.589,409364.25
1768593600,13.589,13.74,13.515,13.72,122210.78
1768608000,13.72,13.741,13.623,13.672,74965.91
1768622400,13.67,13.732,13.65,13.689,43502.55
1768636800,13.697,13.774,13.666,13.697,57149.43
1768651200,13.696,13.881,13.69,13.877,106845.93
1768665600,13.879,13.888,13.761,13.785,76467.17
1768680000,13.786,13.81,13.658,13.731,89538.97
1768694400,13.731,13.769,13.617,13.694,179021.32
1768708800,13.694,13.756,13.667,13.727,184770.97999999998
1768723200,13.726,13.816,13.71,13.723,51904.82
1768737600,13.725,13.827,13.693,13.769,321593.94
1768752000,13.769,13.87,13.74,13.762,336914.41000000003
1768766400,13.763,13.853,13.292,13.307,353407.02
1768780800,13.304,13.304,12.5,12.862,633835.5
1768795200,12.861,12.861,12.717,12.761,189302.8
1768809600,12.762,12.857,12.74,12.766,164677.15
1768824000,12.766,12.865,12.725,12.755,160706.73
1768838400,12.755,12.96,12.755,12.939,152913.33000000002
1768852800,12.938,12.993,12.769,12.876,168371.48
1768867200,12.876,12.902,12.789,12.856,121247.34999999999
1768881600,12.854,12.869,12.597,12.603,261998.28
1768896000,12.6,12.613,12.468,12.501,233426.84
1768910400,12.5,12.593,12.337,12.422,648349.4
1768924800,12.421,12.464,12.18,12.252,314338.34
1768939200,12.251,12.337,12.042,12.115,253489.14
1768953600,12.11,12.341,12.086,12.299,366526.87
1768968000,12.3,12.46,12.275,12.305,193291.68
1768982400,12.304,12.326,12.156,12.167,167788.34999999998
1768996800,12.166,12.533,12.052,12.43,367879.08
1769011200,12.431,12.609,11.884,12.595,709434.54
1769025600,12.599,12.657,12.355,12.391,438276.9
1769040000,12.391,12.568,12.391,12.437,168981.82
1769054400,12.435,12.518,12.396,12.416,140905.66
1769068800,12.42,12.48,12.366,12.374,124687.24
1769083200,12.373,12.465,12.113,12.216,384778.78
1769097600,12.217,12.32,12.184,12.278,261474.22
1769112000,12.274,12.293,12.184,12.247,139365.97
1769126400,12.247,12.34,12.209,12.32,101574.29
1769140800,12.323,12.391,12.238,12.263,123355.22
1769155200,12.261,12.279,12.153,12.244,124907.89
1769169600,12.244,12.266,12.027,12.238,239669.15
1769184000,12.239,12.487,12.185,12.235,377116.11
1769198400,12.236,12.26,12.106,12.202,116334.23
1769212800,12.2,12.26,12.169,12.24,113051.09
1769227200,12.235,12.268,12.189,12.192,37270.35
1769241600,12.191,12.221,12.174,12.193,36899.630000000005
1769256000,12.193,12.218,12.134,12.135,79214.1
1769270400,12.136,12.214,12.11,12.163,85396.12
1769284800,12.166,12.24,12.165,12.186,80691.45999999999
1769299200,12.184,12.202,12.052,12.073,115853.64
1769313600,12.07,12.107,12.032,12.07,67012.88
1769328000,12.071,12.111,11.988,12.061,103081.8
1769342400,12.062,12.093,11.926,11.948,199459.6
1769356800,11.947,11.947,11.374,11.423,913309.25
1769371200,11.423,11.528,11.351,11.509,664358.4
1769385600,11.509,11.846,11.493,11.689,441199.04
1769400000,11.689,11.866,11.689,11.848,192876.64
1769414400,11.849,11.941,11.751,11.8,163413.08000000002
1769428800,11.799,12.113,11.784,11.907,573605.25
1769443200,11.907,12.014,11.805,11.922,569848.64
1769457600,11.92,12.02,11.853,11.937,202396.11
1769472000,11.937,12.044,11.913,11.98,152082.98
1769486400,11.979,12.043,11.928,11.968,75008.58
1769500800,11.968,11.994,11.862,11.884,102655.31
1769515200,11.884,11.994,11.826,11.981,182319.93
1769529600,11.981,12.174,11.838,11.957,552123.91
1769544000,11.956,12.14,11.953,12.024,396481.36
1769558400,12.024,12.044,11.936,11.964,136699.39
1769572800,11.963,11.977,11.873,11.921,119492.01000000001
1769587200,11.92,12.037,11.85,12.016,139562.58000000002
1769601600,12.022,12.023,11.695,11.749,347090.87
1769616000,11.751,11.886,11.682,11.827,288415.56
1769630400,11.829,11.923,11.735,11.828,181126.13
1769644800,11.829,11.95,11.593,11.63,332803.13
1769659200,11.628,11.638,11.518,11.606,105079.73
1769673600,11.605,11.642,11.498,11.531,122251.28
1769688000,11.528,11.594,10.85,11.019,721022.1799999999
1769702400,11.012,11.188,10.811,10.929,1056841.26
1769716800,10.929,11.121,10.908,11.102,252999.28999999998
1769731200,11.104,11.148,10.621,10.851,733883.23
1769745600,10.852,10.976,10.64,10.821,303460.18
1769760000,10.82,10.881,10.711,10.845,236980.74
1769774400,10.846,10.853,10.581,10.75,840712.54
1769788800,10.751,10.981,10.492,10.888,721048.01
1769803200,10.887,10.887,10.68,10.772,441332.37
1769817600,10.771,10.817,10.709,10.722,111825.35
1769832000,10.726,10.77,10.539,10.601,125491.38999999998
1769846400,10.6,10.616,10.35,10.478,291110.35
1769860800,10.477,10.493,9.91,10.032,927629.29
1769875200,10.032,10.156,8.996,9.653,1923819.63
1769889600,9.655,10.031,9.55,9.98,707700.2
1769904000,9.978,10.067,9.908,10.033,389582.29
1769918400,10.033,10.069,9.854,9.927,269188.88
1769932800,9.929,10.006,9.758,9.863,284604.64
1769947200,9.862,9.897,9.401,9.52,624156.94
1769961600,9.522,9.709,9.393,9.515,686691.46
1769976000,9.513,9.647,9.207,9.395,688149.25
1769990400,9.394,9.63,9.014,9.359,895815.1799999999
1770004800,9.362,9.479,9.06,9.377,837109.28
1770019200,9.379,9.639,9.368,9.527,508648.14
1770033600,9.527,10.024,9.527,9.927,879324.47
1770048000,9.928,9.997,9.766,9.788,580052.73
1770062400,9.786,9.856,9.698,9.801,376510.44
1770076800,9.801,9.842,9.575,9.767,318945.75
1770091200,9.767,9.847,9.644,9.728,294154.76
1770105600,9.728,9.748,9.52,9.572,355075.04000000004
1770120000,9.572,9.76,9.483,9.74,676960.84
1770134400,9.74,9.741,9.07,9.459,1289049.34
1770148800,9.458,9.877,9.379,9.477,985873.8400000001
1770163200,9.477,9.758,9.438,9.714,493218.72
1770177600,9.716,9.737,9.57,9.664,344547.9
1770192000,9.665,9.718,9.472,9.567,401055.24
1770206400,9.567,9.597,9.119,9.201,927907.9400000001
1770220800,9.203,9.441,9.01,9.421,1468886.14
1770235200,9.423,9.446,9.031,9.235,647640.78
1770249600,9.233,9.329,9.035,9.074,717320.45
1770264000,9.077,9.201,8.955,9.039,763182.89
1770278400,9.04,9.246,8.787,8.925,613328.0700000001
1770292800,8.926,9.052,8.29,8.448,2029996.24
1770307200,8.45,8.653,8.201,8.239,2062153.83
1770321600,8.241,8.306,7.84,7.902,2971340.13
1770336000,7.903,8.23,7.197,8.023,3052451.19
1770350400,8.024,8.362,7.988,8.069,1042784.34
1770364800,8.071,8.34,7.977,8.318,954758.78
1770379200,8.312,8.632,8.253,8.582,1547876.02
1770393600,8.582,9.004,8.55,8.837,1730185.97
1770408000,8.836,8.998,8.755,8.876,747244.19
1770422400,8.879,8.95,8.785,8.917,602462.89
1770436800,8.918,9.042,8.593,8.682,713999.1499999999
1770451200,8.682,8.739,8.575,8.647,423062.79000000004
1770465600,8.646,8.937,8.639,8.815,722145.01
1770480000,8.816,9.043,8.776,8.94,1053953.01
1770494400,8.941,9.02,8.845,8.904,381059.2
1770508800,8.904,8.96,8.816,8.821,255279.52000000002
1770523200,8.82,8.867,8.777,8.821,166167.34
1770537600,8.821,9.012,8.793,8.997,353553.01
1770552000,8.998,9.045,8.843,8.883,430301.88
1770566400,8.883,8.966,8.721,8.954,307752.55
1770580800,8.95,9.016,8.746,8.817,384110.48000000004
1770595200,8.816,8.887,8.72,8.875,386247.55
1770609600,8.873,8.874,8.712,8.721,242542.96
1770624000,8.725,8.75,8.449,8.556,486069.33999999997
1770638400,8.556,8.752,8.517,8.752,936270.96
1770652800,8.75,8.99,8.655,8.964,807226.52
1770667200,8.963,9.011,8.786,8.841,396837.72
1770681600,8.841,8.88,8.634,8.675,327701.89
1770696000,8.676,8.722,8.473,8.541,338838.41000000003
1770710400,8.539,8.628,8.49,8.496,288419.45
1770724800,8.497,8.667,8.47,8.568,497003.77
1770739200,8.569,8.653,8.468,8.542,398105.33999999997
1770753600,8.54,8.579,8.476,8.573,289277.11
1770768000,8.569,8.608,8.453,8.532,214453.64
1770782400,8.531,8.543,8.27,8.312,424135.5
1770796800,8.312,8.317,8.189,8.272,238183.11
1770811200,8.269,8.56,8.121,8.235,879737.5
1770825600,8.234,8.362,8.137,8.309,558225.65
1770840000,8.307,8.451,8.247,8.316,477521.46
1770854400,8.32,8.459,8.316,8.423,252251.08000000002
1770868800,8.422,8.508,8.345,8.452,195615.07
1770883200,8.453,8.59,8.396,8.554,216180.71000000002
1770897600,8.553,8.577,8.344,8.352,653090.81
1770912000,8.353,8.413,8.167,8.297,915702.32
1770926400,8.297,8.421,8.212,8.406,415153.9
1770940800,8.406,8.445,8.34,8.419,232474.81
1770955200,8.419,8.42,8.296,8.374,145138.6
1770969600,8.373,8.47,8.358,8.42,151163.03
1770984000,8.42,8.82,8.394,8.705,688035.8400000001
1770998400,8.704,8.909,8.686,8.796,406418.04000000004
1771012800,8.799,8.863,8.754,8.761,207930.8
1771027200,8.762,8.891,8.749,8.844,364931.82
1771041600,8.844,8.895,8.796,8.881,93840.98000000001
1771056000,8.882,9.039,8.882,9.035,194816.47999999998
1771070400,9.033,9.044,8.904,9.036,267166.98
1771084800,9.035,9.182,8.966,9.166,458830.98
1771099200,9.166,9.2,9.072,9.086,320387.39
1771113600,9.083,9.116,8.929,9.063,310608.54
1771128000,9.064,9.24,9.062,9.198,313047.6
1771142400,9.198,9.239,9.03,9.05,282945.74
1771156800,9.051,9.059,8.757,8.852,573523.14
1771171200,8.854,8.88,8.596,8.638,489108.14
1771185600,8.636,8.787,8.605,8.778,244096.85
1771200000,8.776,8.852,8.692,8.749,192723.96999999997
1771214400,8.746,8.817,8.66,8.758,201115.7
1771228800,8.76,8.885,8.691,8.787,156176.24
1771243200,8.787,8.988,8.641,8.704,465525.05000000005
1771257600,8.704,8.829,8.7,8.781,231655.93
1771272000,8.779,8.961,8.756,8.93,358324.08
1771286400,8.932,8.986,8.855,8.917,201206.0
1771300800,8.917,8.957,8.791,8.861,153138.13
1771315200,8.862,8.887,8.725,8.762,134039.47
1771329600,8.761,8.908,8.657,8.77,534227.01
1771344000,8.771,8.947,8.688,8.874,552749.53
1771358400,8.877,8.895,8.814,8.825,189263.93
1771372800,8.826,8.898,8.741,8.882,193638.66
1771387200,8.883,8.931,8.825,8.913,140930.26
1771401600,8.912,8.994,8.757,8.766,195251.94
1771416000,8.764,8.893,8.66,8.798,390810.17
1771430400,8.797,8.799,8.514,8.571,420129.95
1771444800,8.571,8.611,8.521,8.602,228026.00999999998
1771459200,8.602,8.684,8.566,8.667,167940.97
1771473600,8.668,8.748,8.62,8.697,109243.16
1771488000,8.695,8.697,8.557,8.566,144513.02
1771502400,8.566,8.601,8.364,8.438,443391.05
1771516800,8.436,8.543,8.34,8.509,330522.37
1771531200,8.509,8.579,8.475,8.575,160144.3
1771545600,8.574,8.647,8.562,8.605,178941.42
1771560000,8.603,8.674,8.521,8.651,179836.03
1771574400,8.651,8.725,8.601,8.619,216592.02000000002
1771588800,8.62,8.839,8.453,8.826,726064.9299999999
1771603200,8.827,8.97,8.694,8.901,912737.72
1771617600,8.9,9.008,8.881,8.939,283046.73
1771632000,8.94,8.981,8.854,8.887,151721.94
1771646400,8.886,8.917,8.855,8.862,110324.59
1771660800,8.865,8.979,8.86,8.949,164621.01
1771675200,8.947,9.041,8.896,8.935,199655.49
1771689600,8.935,8.995,8.846,8.932,219078.63
1771704000,8.932,8.949,8.864,8.864,125857.14000000001
1771718400,8.863,8.899,8.796,8.84,165561.76
1771732800,8.839,8.874,8.805,8.853,102965.39
1771747200,8.854,8.867,8.794,8.835,59273.670000000006
1771761600,8.834,8.842,8.685,8.709,251626.0
1771776000,8.708,8.711,8.602,8.64,163143.07
1771790400,8.639,8.703,8.601,8.67,188709.06
1771804800,8.67,8.693,8.172,8.255,833291.65
1771819200,8.255,8.375,8.175,8.347,255514.1
1771833600,8.346,8.56,8.309,8.468,274195.56
1771848000,8.471,8.578,8.396,8.416,484466.77
1771862400,8.415,8.456,8.181,8.231,512049.13
1771876800,8.23,8.343,8.205,8.279,438212.4
1771891200,8.279,8.335,8.115,8.206,484763.33999999997
1771905600,8.208,8.231,8.122,8.15,397186.32
1771920000,8.15,8.242,8.105,8.171,355302.08
1771934400,8.171,8.231,8.05,8.215,534918.52
1771948800,8.214,8.279,8.173,8.231,426475.75
1771963200,8.232,8.265,8.167,8.198,228265.44
1771977600,8.199,8.629,8.184,8.502,624390.65
1771992000,8.502,8.551,8.354,8.476,297900.62
1772006400,8.475,8.664,8.436,8.656,220023.26
1772020800,8.657,9.482,8.639,9.278,1094415.62
1772035200,9.278,9.507,9.278,9.473,706507.5700000001
1772049600,9.475,9.586,9.181,9.269,784650.4199999999
1772064000,9.269,9.336,9.152,9.224,407747.49
1772078400,9.223,9.344,9.196,9.213,251987.24
1772092800,9.213,9.33,9.18,9.212,236783.40000000002
1772107200,9.213,9.313,9.025,9.121,614527.95
1772121600,9.122,9.143,8.852,9.098,762655.48
1772136000,9.097,9.144,9.042,9.097,209880.2
1772150400,9.095,9.197,9.002,9.184,292549.01
1772164800,9.185,9.296,9.122,9.176,284888.05
1772179200,9.174,9.235,8.805,8.847,423668.32
1772193600,8.844,8.87,8.734,8.818,597264.7
1772208000,8.816,8.818,8.644,8.673,351583.05
1772222400,8.671,8.733,8.548,8.714,229967.28
1772236800,8.712,8.751,8.666,8.682,146464.16
1772251200,8.681,8.699,8.226,8.352,523475.81
1772265600,8.351,8.353,8.204,8.281,417340.22
1772280000,8.282,8.543,8.278,8.435,541724.1
1772294400,8.435,8.734,8.404,8.691,414778.33999999997
1772308800,8.69,8.945,8.667,8.857,477143.48
1772323200,8.859,9.208,8.745,9.053,472126.51
1772337600,9.056,9.095,8.926,8.977,265785.35
1772352000,8.978,8.996,8.842,8.871,184321.64
1772366400,8.871,9.061,8.785,8.918,381728.04
1772380800,8.919,8.975,8.675,8.694,657567.44
1772395200,8.692,8.784,8.538,8.674,471937.75
1772409600,8.673,8.888,8.66,8.825,396334.14
1772424000,8.826,8.855,8.609,8.672,270109.9
1772438400,8.674,8.768,8.586,8.692,302356.24
1772452800,8.693,9.18,8.582,9.106,690915.91
1772467200,9.108,9.271,8.952,9.033,615891.04
1772481600,9.036,9.11,8.925,8.953,347725.5
1772496000,8.954,9.016,8.848,8.888,316035.65
1772510400,8.889,8.936,8.771,8.793,191010.45
1772524800,8.792,8.807,8.604,8.674,310262.27
1772539200,8.673,8.793,8.56,8.744,410613.02
1772553600,8.744,8.928,8.708,8.807,512124.36
1772568000,8.81,8.886,8.68,8.81,226655.85
1772582400,8.81,8.896,8.687,8.76,318340.33999999997
1772596800,8.759,8.924,8.687,8.901,266199.65
1772611200,8.9,9.296,8.886,9.13,486272.91000000003
1772625600,9.129,9.514,9.031,9.504,580927.23
1772640000,9.504,9.637,9.366,9.537,474096.34
1772654400,9.538,9.569,9.298,9.352,276008.67
1772668800,9.352,9.397,9.239,9.265,386547.68
1772683200,9.267,9.361,9.182,9.22,202660.74
1772697600,9.221,9.468,9.201,9.401,377341.26
1772712000,9.402,9.497,9.175,9.234,1263523.2
1772726400,9.237,9.277,9.074,9.186,416780.87
1772740800,9.187,9.322,9.17,9.21,234515.99000000002
1772755200,9.207,9.303,9.169,9.267,173320.91
1772769600,9.265,9.294,9.153,9.275,156229.74
1772784000,9.276,9.276,9.059,9.077,207235.91
1772798400,9.076,9.141,8.748,8.79,791721.92
1772812800,8.789,8.832,8.673,8.79,472513.37
1772827200,8.79,8.827,8.735,8.797,207250.43
1772841600,8.797,8.859,8.76,8.792,128743.44
1772856000,8.792,8.821,8.734,8.805,103482.16
1772870400,8.805,8.823,8.746,8.799,122927.63
1772884800,8.801,8.819,8.728,8.754,112422.89
1772899200,8.755,8.81,8.645,8.662,165696.21
1772913600,8.662,8.715,8.642,8.698,129005.62
1772928000,8.699,8.719,8.583,8.6,164051.93
1772942400,8.6,8.667,8.531,8.635,102219.56
1772956800,8.636,8.777,8.591,8.651,103261.76
1772971200,8.654,8.674,8.54,8.567,266711.39
1772985600,8.566,8.665,8.504,8.643,174488.3
1773000000,8.644,8.701,8.396,8.515,381192.87
1773014400,8.514,8.798,8.483,8.692,428688.56
1773028800,8.693,8.879,8.648,8.74,185917.58000000002
1773043200,8.738,8.852,8.71,8.779,117412.29000000001
1773057600,8.777,8.974,8.776,8.928,383266.65
1773072000,8.929,9.1,8.864,9.01,416717.4
1773086400,9.012,9.042,8.847,8.868,266423.65
1773100800,8.867,9.082,8.852,8.943,246025.08000000002
1773115200,8.941,9.087,8.939,9.087,173835.07
1773129600,9.088,9.161,9.063,9.07,173865.25
1773144000,9.07,9.184,8.86,9.136,363870.87
1773158400,9.134,9.184,8.923,8.976,348331.0
1773172800,8.973,9.012,8.911,8.987,110642.98
1773187200,8.985,9.009,8.915,8.926,106729.69
1773201600,8.925,9.036,8.867,8.89,125848.64
1773216000,8.891,8.974,8.881,8.915,158515.02
1773230400,8.913,9.17,8.887,9.001,337598.36
1773244800,9.002,9.154,8.974,9.088,288690.01999999996
1773259200,9.086,9.097,8.986,8.999,102915.93
1773273600,8.999,9.021,8.836,8.868,137277.41
1773288000,8.867,8.962,8.844,8.951,101823.02
1773302400,8.951,9.108,8.927,9.031,229669.11000000002
1773316800,9.031,9.104,8.898,9.034,301687.88
1773331200,9.034,9.082,8.959,9.032,261016.59000000003
1773345600,9.03,9.089,8.964,9.059,192266.96000000002
1773360000,9.059,9.398,9.036,9.282,501361.82999999996
1773374400,9.283,9.296,9.171,9.189,145249.32
1773388800,9.188,9.327,9.159,9.272,187756.54
1773403200,9.274,9.61,9.241,9.268,784521.77
1773417600,9.268,9.333,9.1,9.144,384338.01
1773432000,9.146,9.204,9.023,9.085,175642.18000000002
1773446400,9.083,9.132,9.026,9.119,137621.52
1773460800,9.12,9.149,8.964,8.973,120609.28
1773475200,8.972,9.011,8.925,8.995,89519.4
1773489600,8.995,9.02,8.966,9.006,117732.73999999999
1773504000,9.005,9.059,8.981,9.031,94206.78
1773518400,9.029,9.177,9.02,9.168,116692.31999999999
1773532800,9.17,9.258,9.112,9.213,116076.09999999999
1773547200,9.214,9.267,9.187,9.217,88199.45
1773561600,9.218,9.32,9.218,9.278,89884.2
1773576000,9.277,9.278,9.14,9.157,136353.99
1773590400,9.153,9.237,9.116,9.197,132041.58000000002
1773604800,9.197,9.553,9.177,9.51,484290.94000000006
1773619200,9.512,9.808,9.412,9.696,466269.49
1773633600,9.697,9.833,9.669,9.694,452796.37
1773648000,9.695,9.735,9.561,9.663,285530.68
1773662400,9.662,9.824,9.597,9.729,531160.75
1773676800,9.728,9.972,9.709,9.937,380261.58
1773691200,9.935,10.079,9.863,9.924,401596.12
1773705600,9.924,10.029,9.781,9.831,429411.83
1773720000,9.831,9.859,9.681,9.804,181277.28
1773734400,9.804,9.836,9.731,9.767,149835.81
1773748800,9.767,9.941,9.715,9.805,253305.37
1773763200,9.803,9.919,9.794,9.813,176032.61
1773777600,9.812,9.92,9.777,9.794,138989.63
1773792000,9.794,9.93,9.757,9.897,145585.43
1773806400,9.897,9.904,9.781,9.814,89918.34
1773820800,9.817,9.886,9.528,9.558,232574.27
1773835200,9.557,9.557,9.131,9.211,570650.91
1773849600,9.21,9.315,9.099,9.173,340106.5
1773864000,9.172,9.263,9.09,9.231,230668.96000000002
1773878400,9.228,9.343,9.162,9.258,156670.90000000002
1773892800,9.255,9.263,9.038,9.093,165686.11
1773907200,9.095,9.172,9.066,9.094,114155.41
1773921600,9.093,9.096,8.895,8.964,653186.22
1773936000,8.964,9.094,8.898,9.035,294541.86
1773950400,9.036,9.097,9.012,9.046,130578.52
1773964800,9.046,9.161,9.037,9.12,157440.08000000002
1773979200,9.122,9.156,9.032,9.115,119554.53
1773993600,9.114,9.208,9.054,9.092,131098.13
1774008000,9.093,9.124,8.97,9.025,315226.64
1774022400,9.024,9.065,8.96,9.042,366014.66
1774036800,9.042,9.165,8.981,9.116,232446.88
1774051200,9.116,9.179,9.108,9.128,160774.09
1774065600,9.129,9.152,9.101,9.126,80506.1
1774080000,9.125,9.163,9.087,9.105,110430.7
1774094400,9.104,9.139,9.05,9.102,136149.64
1774108800,9.102,9.106,9.04,9.069,106828.09
1774123200,9.068,9.108,8.765,8.829,258220.75
1774137600,8.822,8.967,8.677,8.905,454480.66
1774152000,8.904,8.946,8.84,8.842,207505.21
1774166400,8.843,8.865,8.745,8.754,211040.56
1774180800,8.755,8.837,8.755,8.795,192365.16999999998
1774195200,8.796,8.807,8.688,8.709,193450.99
1774209600,8.709,8.759,8.572,8.689,414618.44
1774224000,8.69,8.78,8.63,8.702,290841.28
1774238400,8.704,8.777,8.57,8.644,311395.57
1774252800,8.645,9.253,8.575,8.971,867921.0299999999
1774267200,8.972,9.286,8.904,9.041,993904.9500000001
1774281600,9.042,9.212,8.988,9.123,570333.73
1774296000,9.121,9.175,9.064,9.118,247030.88999999998
1774310400,9.119,9.14,9.005,9.086,262261.14
1774324800,9.087,9.256,9.01,9.239,281698.29000000004
1774339200,9.238,9.265,9.163,9.247,345241.41000000003
1774353600,9.248,9.252,9.037,9.116,659857.74
1774368000,9.115,9.159,9.008,9.056,359882.02
1774382400,9.053,9.265,9.052,9.245,372149.57
1774396800,9.246,9.309,9.17,9.235,275952.53
1774411200,9.234,9.358,9.224,9.286,210385.77000000002
1774425600,9.285,9.459,9.285,9.42,310977.45999999996
1774440000,9.42,9.495,9.289,9.367,621260.51
1774454400,9.365,9.469,9.297,9.346,472861.56
1774468800,9.347,9.402,9.276,9.375,226920.16
1774483200,9.374,9.386,9.22,9.25,158841.94
1774497600,9.249,9.25,9.063,9.101,221224.52
1774512000,9.103,9.107,8.918,8.94,335058.82999999996
1774526400,8.939,9.031,8.851,8.928,413537.26999999996
1774540800,8.926,8.947,8.805,8.829,271672.0
1774555200,8.829,8.976,8.817,8.911,341909.79000000004
1774569600,8.91,8.979,8.879,8.908,262168.70999999996
1774584000,8.908,8.942,8.839,8.902,222827.72999999998
1774598400,8.899,8.918,8.546,8.591,432009.21
1774612800,8.593,8.677,8.519,8.611,530548.77
1774627200,8.607,8.633,8.481,8.534,421384.49
1774641600,8.535,8.569,8.485,8.561,199051.16999999998
1774656000,8.562,8.562,8.497,8.513,136255.31
1774670400,8.514,8.599,8.496,8.596,99344.75
1774684800,8.595,8.606,8.481,8.535,71668.56999999999
1774699200,8.536,8.691,8.504,8.635,279157.79
1774713600,8.636,8.647,8.576,8.598,109560.09
1774728000,8.598,8.617,8.378,8.432,279506.54
1774742400,8.429,8.581,8.41,8.536,166909.03999999998
1774756800,8.535,8.535,8.485,8.508,112614.59
1774771200,8.508,8.535,8.448,8.496,115626.35
1774785600,8.495,8.505,8.384,8.42,204134.53999999998
1774800000,8.42,8.458,8.386,8.412,141204.28
1774814400,8.408,8.481,8.202,8.405,459039.27
1774828800,8.408,8.661,8.392,8.625,295741.17
1774843200,8.627,8.748,8.627,8.735,141132.55
1774857600,8.734,8.9,8.72,8.856,204231.35
1774872000,8.857,8.914,8.767,8.82,320732.66000000003
1774886400,8.821,8.834,8.559,8.618,268409.17
1774900800,8.616,8.717,8.575,8.617,173427.19
1774915200,8.617,8.848,8.588,8.745,212661.29
1774929600,8.746,8.771,8.661,8.693,131764.95
1774944000,8.692,8.705,8.496,8.608,231562.21000000002
1774958400,8.609,8.802,8.583,8.617,291099.92
1774972800,8.619,8.882,8.616,8.765,353619.47
1774987200,8.766,8.808,8.699,8.771,148995.46
1775001600,8.774,8.826,8.733,8.814,167322.03
1775016000,8.815,9.189,8.787,9.053,196675.83000000002
1775030400,9.054,9.098,8.983,9.022,140456.4
1775044800,9.022,9.086,8.916,9.006,275669.58
1775059200,9.006,9.138,8.951,9.018,327411.72000000003
1775073600,9.018,9.038,8.926,8.941,185639.41999999998
1775088000,8.941,9.005,8.524,8.565,398646.29
1775102400,8.564,8.571,8.5,8.559,154369.39
1775116800,8.557,8.557,8.454,8.483,206956.32
1775131200,8.483,8.642,8.422,8.564,330211.43999999994
1775145600,8.562,8.656,8.525,8.614,243327.82
1775160000,8.611,8.655,8.588,8.634,144532.3
1775174400,8.635,8.676,8.589,8.65,128900.63
1775188800,8.65,8.764,8.642,8.715,111475.09
1775203200,8.716,8.74,8.658,8.725,72544.05
1775217600,8.725,8.822,8.648,8.695,164580.96000000002
1775232000,8.694,8.728,8.646,8.677,184211.84
1775246400,8.676,8.713,8.641,8.656,78947.99
1775260800,8.657,8.658,8.617,8.64,53750.72
1775275200,8.639,8.678,8.63,8.658,28479.760000000002
1775289600,8.659,8.674,8.627,8.658,28432.18
1775304000,8.66,8.71,8.606,8.687,76104.09
1775318400,8.688,8.778,8.664,8.725,74954.91
1775332800,8.725,8.725,8.678,8.695,54777.47
1775347200,8.695,8.697,8.638,8.649,57737.28
1775361600,8.648,8.658,8.517,8.531,96438.73
1775376000,8.53,8.581,8.525,8.548,50188.64
1775390400,8.545,8.676,8.478,8.599,110326.82
1775404800,8.597,8.649,8.57,8.625,78760.59
1775419200,8.625,8.865,8.561,8.82,241131.96000000002
1775433600,8.821,9.022,8.821,8.925,266495.98
1775448000,8.926,8.995,8.9,8.965,142903.74
1775462400,8.966,9.146,8.955,9.049,213400.93
1775476800,9.046,9.089,8.998,9.085,294478.15
1775491200,9.084,9.101,8.938,8.985,207207.58
1775505600,8.988,9.021,8.724,8.8,183811.09
1775520000,8.799,8.848,8.727,8.792,144564.85
1775534400,8.792,8.829,8.729,8.767,68573.6
1775548800,8.766,8.899,8.673,8.682,201288.97
1775563200,8.681,8.708,8.569,8.617,430282.59
1775577600,8.617,8.761,8.594,8.742,215578.93
1775592000,8.742,9.413,8.715,9.298,767617.9299999999
1775606400,9.294,9.335,9.174,9.183,305407.46
1775620800,9.184,9.273,9.18,9.255,152342.75
1775635200,9.256,9.277,9.141,9.19,128096.92
1775649600,9.189,9.27,8.966,9.029,369087.2
1775664000,9.028,9.12,8.935,8.989,172325.78999999998
1775678400,8.989,9.036,8.84,8.858,169526.96000000002
1775692800,8.857,8.861,8.693,8.762,211490.16
1775707200,8.76,8.801,8.75,8.753,83431.98000000001
1775721600,8.753,8.807,8.74,8.763,109851.05
1775736000,8.765,8.976,8.691,8.943,243504.84
1775750400,8.944,9.039,8.867,9.015,303115.55
1775764800,9.01,9.187,8.933,8.945,353367.59
1775779200,8.944,9.01,8.89,8.922,159460.22
1775793600,8.921,8.998,8.892,8.901,90621.06
1775808000,8.899,9.021,8.882,8.984,104121.0
1775822400,8.986,9.169,8.966,9.061,263729.95
1775836800,9.062,9.168,9.04,9.165,233875.43
1775851200,9.164,9.181,9.072,9.087,144855.66
1775865600,9.089,9.117,9.035,9.056,76261.62
1775880000,9.054,9.084,8.979,9.014,63236.53
1775894400,9.014,9.055,8.993,9.018,26771.85
1775908800,9.017,9.05,8.96,9.027,102796.72
1775923200,9.03,9.288,9.024,9.266,259793.87
1775937600,9.267,9.274,9.05,9.072,138699.69
1775952000,9.073,9.084,8.752,8.798,308584.43
1775966400,8.797,8.818,8.764,8.803,53519.6
1775980800,8.802,8.818,8.755,8.788,46412.16
1775995200,8.787,8.831,8.69,8.72,168827.1
1776009600,8.719,8.806,8.705,8.765,102483.9
1776024000,8.767,8.845,8.716,8.736,130512.53
1776038400,8.734,8.836,8.722,8.779,101064.09
1776052800,8.781,8.81,8.714,8.727,86521.95999999999
1776067200,8.726,8.753,8.697,8.729,73765.57
1776081600,8.728,8.92,8.69,8.825,241448.92
1776096000,8.827,9.04,8.783,9.027,317168.47
1776110400,9.026,9.434,8.956,9.358,598590.4400000001
1776124800,9.362,9.385,9.178,9.215,283447.56
1776139200,9.215,9.25,9.139,9.223,140122.79
1776153600,9.224,9.263,9.166,9.179,142705.71
1776168000,9.179,9.303,9.072,9.137,354837.77
1776182400,9.136,9.187,8.938,8.995,231857.74
1776196800,8.996,9.064,8.976,9.03,104614.8
1776211200,9.031,9.116,9.031,9.076,114188.09
1776225600,9.078,9.118,8.996,9.013,73927.73
1776240000,9.012,9.16,9.009,9.145,112407.8
1776254400,9.142,9.251,9.108,9.169,239573.65
1776268800,9.166,9.371,9.157,9.327,490779.80000000005
1776283200,9.33,9.36,9.221,9.264,266281.08
1776297600,9.265,9.334,9.207,9.277,138710.5
1776312000,9.279,9.365,9.258,9.295,153163.45
1776326400,9.294,9.332,9.214,9.29,126097.47
1776340800,9.289,9.466,9.127,9.459,554934.27
1776355200,9.458,9.658,9.308,9.65,434341.26
1776369600,9.651,9.682,9.465,9.589,280973.82999999996
1776384000,9.586,9.613,9.397,9.421,159853.22999999998
1776398400,9.42,9.473,9.34,9.473,124344.11
1776412800,9.474,9.609,9.458,9.523,235091.47
1776427200,9.525,9.871,9.465,9.758,775930.28
1776441600,9.756,9.841,9.629,9.668,290320.32
1776456000,9.67,9.713,9.588,9.616,176224.02
1776470400,9.615,9.656,9.551,9.561,167389.94999999998
1776484800,9.56,9.634,9.554,9.606,41883.630000000005
1776499200,9.605,9.607,9.342,9.407,173738.75
1776513600,9.406,9.454,9.317,9.392,115986.1
1776528000,9.388,9.422,9.25,9.286,170262.89
1776542400,9.286,9.351,9.268,9.286,55820.19
1776556800,9.287,9.303,9.168,9.233,125371.83
1776571200,9.231,9.295,9.11,9.174,181875.36
1776585600,9.173,9.229,9.117,9.223,71278.54
1776600000,9.222,9.378,9.207,9.291,134905.37
1776614400,9.292,9.302,9.112,9.184,208131.32
1776628800,9.184,9.188,9.002,9.068,310240.57
1776643200,9.065,9.209,9.055,9.196,120036.97
1776657600,9.196,9.366,9.103,9.253,116434.32
1776672000,9.254,9.317,9.16,9.218,225855.65
1776686400,9.216,9.303,9.144,9.273,317628.02
1776700800,9.274,9.36,9.214,9.33,225082.89
1776715200,9.331,9.41,9.262,9.292,188807.91999999998
1776729600,9.29,9.36,9.242,9.292,176304.21000000002
1776744000,9.291,9.398,9.274,9.36,90532.88
1776758400,9.366,9.494,9.353,9.418,171873.59
1776772800,9.418,9.484,9.336,9.421,271514.65
1776787200,9.422,9.445,9.243,9.267,270526.33
1776801600,9.269,9.418,9.263,9.4,222021.11
1776816000,9.402,9.527,9.379,9.507,286266.22
1776830400,9.509,9.554,9.474,9.502,304895.01
1776844800,9.5,9.548,9.472,9.528,89700.52
1776859200,9.529,9.558,9.462,9.491,282776.82
1776873600,9.492,9.511,9.381,9.419,297653.79000000004
1776888000,9.419,9.429,9.285,9.293,164374.12
1776902400,9.295,9.318,9.15,9.184,171620.9
1776916800,9.182,9.271,9.171,9.241,81085.93
1776931200,9.243,9.276,9.168,9.262,135297.25
1776945600,9.265,9.389,9.242,9.348,258099.44
1776960000,9.35,9.358,9.155,9.278,226188.75
1776974400,9.277,9.364,9.274,9.351,205862.21
1776988800,9.351,9.394,9.253,9.292,182200.97
1777003200,9.293,9.314,9.245,9.29,208730.33999999997
1777017600,9.29,9.386,9.253,9.361,109651.03
1777032000,9.361,9.401,9.305,9.377,217777.08
1777046400,9.377,9.438,9.332,9.412,147604.96
1777060800,9.411,9.447,9.356,9.38,116100.2
1777075200,9.379,9.43,9.349,9.425,67571.77
1777089600,9.426,9.448,9.395,9.404,35822.64
1777104000,9.403,9.442,9.374,9.393,42407.81
1777118400,9.392,9.42,9.331,9.351,95887.27
1777132800,9.348,9.366,9.289,9.307,95022.86
1777147200,9.309,9.364,9.295,9.347,48246.880000000005
1777161600,9.346,9.347,9.301,9.326,63134.259999999995
1777176000,9.325,9.428,9.315,9.425,89411.02
1777190400,9.425,9.488,9.407,9.47,52750.81
1777204800,9.472,9.499,9.416,9.49,152649.22999999998
1777219200,9.493,9.537,9.43,9.483,157298.66
1777233600,9.484,9.527,9.415,9.483,131459.02
1777248000,9.487,9.595,9.444,9.549,126979.39
1777262400,9.548,9.566,9.301,9.311,170139.77000000002
1777276800,9.311,9.356,9.304,9.333,93215.07
1777291200,9.335,9.369,9.148,9.185,252509.91999999998
1777305600,9.182,9.251,9.161,9.216,173268.28
1777320000,9.217,9.332,9.208,9.319,90216.58
1777334400,9.319,9.331,9.244,9.283,107126.62
1777348800,9.284,9.315,9.207,9.25,83916.42
1777363200,9.248,9.275,9.179,9.197,58569.759999999995
1777377600,9.198,9.245,9.145,9.223,166838.55
1777392000,9.221,9.281,9.181,9.275,113568.6
1777406400,9.277,9.288,9.219,9.238,74520.83
1777420800,9.238,9.317,9.213,9.305,91949.39
1777435200,9.306,9.395,9.297,9.315,91423.6
1777449600,9.317,9.417,9.265,9.358,67940.62
1777464000,9.355,9.355,9.079,9.096,254755.28999999998
1777478400,9.095,9.161,8.91,9.009,393402.91
1777492800,9.01,9.131,9.003,9.109,127499.09
1777507200,9.11,9.184,9.057,9.102,165450.2
1777521600,9.101,9.125,9.018,9.125,72712.13
1777536000,9.126,9.163,9.093,9.125,62362.11
1777550400,9.123,9.174,9.084,9.133,118234.24
1777564800,9.132,9.149,9.088,9.128,82239.59
1777579200,9.128,9.143,9.079,9.103,71274.64
1777593600,9.103,9.203,9.099,9.165,106705.43
1777608000,9.165,9.182,9.128,9.145,65498.979999999996
1777622400,9.15,9.188,9.117,9.148,61241.63
1777636800,9.145,9.277,9.14,9.229,215453.15
1777651200,9.229,9.253,9.166,9.174,126717.67
1777665600,9.175,9.178,9.067,9.1,132887.81
1777680000,9.101,9.136,9.084,9.118,70805.46
1777694400,9.117,9.118,9.068,9.084,38264.33
1777708800,9.083,9.102,9.072,9.076,29337.620000000003
1777723200,9.076,9.2,9.071,9.161,129375.54999999999
1777737600,9.163,9.179,9.116,9.163,53876.600000000006
1777752000,9.165,9.256,9.159,9.178,94104.31999999999
1777766400,9.18,9.182,9.078,9.093,59085.09
1777780800,9.092,9.132,9.069,9.116,42577.36
1777795200,9.116,9.198,9.107,9.181,43044.32
1777809600,9.182,9.209,9.121,9.155,144616.58000000002
1777824000,9.156,9.175,9.134,9.156,44318.490000000005
1777838400,9.159,9.224,9.111,9.131,166216.78
1777852800,9.128,9.354,9.09,9.346,286509.85
1777867200,9.347,9.399,9.257,9.317,170355.02
1777881600,9.316,9.652,9.287,9.426,731719.05
1777896000,9.426,9.545,9.353,9.418,382923.88
1777910400,9.417,9.51,9.348,9.389,312134.54000000004
1777924800,9.391,9.42,9.316,9.358,170780.36000000002
1777939200,9.358,9.548,9.356,9.513,183651.38
1777953600,9.512,9.631,9.498,9.603,149257.73
1777968000,9.604,9.739,9.512,9.736,289746.49
1777982400,9.735,9.815,9.639,9.724,427718.45
1777996800,9.726,9.744,9.668,9.735,186546.0
1778011200,9.732,9.849,9.728,9.764,279568.43
1778025600,9.765,9.869,9.756,9.858,246448.0
1778040000,9.858,9.912,9.783,9.871,183015.86
1778054400,9.869,10.249,9.862,10.18,520661.12
1778068800,10.182,10.207,9.876,10.034,492084.55
1778083200,10.033,10.079,9.945,10.016,298677.33999999997
1778097600,10.019,10.058,9.938,9.998,202288.12
1778112000,9.997,10.011,9.848,9.869,168926.63
1778126400,9.867,10.128,9.859,10.116,135427.96000000002
1778140800,10.118,10.12,9.955,10.022,143264.97
1778155200,10.021,10.076,9.807,9.865,371476.85
1778169600,9.863,9.948,9.8,9.891,267754.24
1778184000,9.895,9.949,9.808,9.849,305363.61
1778198400,9.849,9.893,9.807,9.877,26982.28
1778212800,9.88,9.892,9.876,9.887,4804.92
1778227200,9.888,9.947,9.836,9.937,98272.31
1778241600,9.94,10.092,9.884,10.087,238628.76
1778256000,10.089,10.488,10.027,10.365,537322.98
1778270400,10.365,10.394,10.273,10.345,275794.58
1778284800,10.342,10.604,10.313,10.546,425346.16
1778299200,10.545,10.608,10.452,10.463,166610.5
1778313600,10.462,10.507,10.396,10.462,328926.52
1778328000,10.46,10.483,10.282,10.335,275676.87
1778342400,10.335,10.455,10.306,10.443,183508.03
1778356800,10.444,10.447,10.354,10.373,108206.37
1778371200,10.372,10.397,10.282,10.346,132287.74
1778385600,10.347,10.454,10.335,10.416,61138.490000000005
1778400000,10.415,10.547,10.412,10.481,129035.91
1778414400,10.478,10.622,10.444,10.618,198340.39
1778428800,10.619,10.864,10.59,10.835,414702.42000000004
1778443200,10.836,10.867,10.435,10.716,642829.92
1778457600,10.72,10.755,10.433,10.524,488434.28
1778472000,10.523,10.61,10.462,10.522,272461.18
1778486400,10.522,10.644,10.509,10.572,182028.39
1778500800,10.573,10.599,10.401,10.576,338772.21
1778515200,10.577,10.686,10.535,10.681,402261.68
1778529600,10.68,10.704,10.54,10.585,231315.55000000002
1778544000,10.585,10.59,10.411,10.461,190561.91
1778558400,10.458,10.521,10.379,10.433,129124.32999999999
1778572800,10.432,10.448,10.228,10.262,202190.79
1778587200,10.258,10.351,10.1,10.155,789284.59
1778601600,10.153,10.325,10.121,10.319,279038.41000000003
1778616000,10.318,10.354,10.28,10.285,210643.26
1778630400,10.283,10.48,10.265,10.466,377816.56
1778644800,10.467,10.578,10.392,10.573,261242.22999999998
1778659200,10.574,10.8,10.465,10.484,350331.91
1778673600,10.482,10.512,10.035,10.064,641191.06
1778688000,10.063,10.246,10.06,10.168,241625.28999999998
1778702400,10.168,10.228,10.116,10.21,243193.03999999998
1778716800,10.212,10.27,10.089,10.108,409261.7
1778731200,10.109,10.322,10.09,10.222,316641.71
1778745600,10.223,10.289,10.181,10.235,132866.91
1778760000,10.234,10.658,10.205,10.636,699730.16
1778774400,10.627,10.768,10.566,10.629,756988.4099999999
1778788800,10.63,10.65,10.461,10.48,186707.0
1778803200,10.481,10.559,10.352,10.415,183521.87000000002
1778817600,10.414,10.417,10.209,10.371,186279.66
1778832000,10.376,10.376,10.246,10.303,314869.17000000004
1778846400,10.301,10.312,9.962,10.023,622169.59
1778860800,10.023,10.135,10.0,10.06,321368.41000000003
1778875200,10.059,10.082,10.018,10.065,151769.21
1778889600,10.066,10.093,10.037,10.061,102103.51000000001
1778904000,10.06,10.063,9.727,9.818,312952.29000000004
1778918400,9.819,9.834,9.614,9.65,298304.94999999995
1778932800,9.648,9.714,9.62,9.706,181818.21000000002
1778947200,9.705,9.775,9.699,9.751,149207.03
1778961600,9.752,9.774,9.704,9.713,89857.83
1778976000,9.714,9.73,9.627,9.721,109356.13
1778990400,9.719,9.821,9.716,9.775,143442.55
1779004800,9.776,9.847,9.74,9.791,218707.66999999998
1779019200,9.793,9.839,9.653,9.712,387970.25
1779033600,9.711,9.764,9.646,9.749,275241.76
1779048000,9.75,9.773,9.337,9.559,441014.23000000004
1779062400,9.56,9.576,9.449,9.506,273292.13
1779076800,9.506,9.569,9.417,9.468,282059.26
1779091200,9.47,9.561,9.395,9.512,239699.16
1779105600,9.513,9.603,9.34,9.418,966070.9299999999
1779120000,9.417,9.526,9.304,9.504,729898.97
1779134400,9.505,9.612,9.466,9.602,358664.97
1779148800,9.603,9.725,9.576,9.693,584950.74
1779163200,9.693,9.82,9.657,9.79,270233.61
1779177600,9.789,9.789,9.526,9.537,466733.20999999996
1779192000,9.536,9.613,9.428,9.481,567650.54
1779206400,9.482,9.557,9.446,9.461,491893.61000000004
1779220800,9.462,9.486,9.426,9.439,136712.39
1779235200,9.438,9.503,9.37,9.485,383377.64
1779249600,9.486,9.622,9.454,9.569,249692.19999999998
1779264000,9.566,9.628,9.522,9.537,115339.64
1779278400,9.536,9.646,9.473,9.621,324352.94
1779292800,9.621,9.688,9.554,9.646,346838.24000000005
1779307200,9.647,9.66,9.558,9.626,160855.25
1779321600,9.626,9.76,9.62,9.754,200721.45
1779336000,9.755,9.769,9.614,9.683,111943.65
1779350400,9.686,9.75,9.51,9.54,171768.95
1779364800,9.541,9.676,9.512,9.637,211440.56
1779379200,9.64,9.844,9.602,9.79,390746.33999999997
1779393600,9.792,9.805,9.689,9.747,175709.05
1779408000,9.745,9.826,9.701,9.82,125503.08
1779422400,9.82,9.855,9.744,9.81,136617.61
1779436800,9.809,9.884,9.754,9.881,103751.11
1779451200,9.88,10.023,9.727,9.8,500687.29000000004
1779465600,9.8,9.846,9.363,9.453,584532.35
1779480000,9.458,9.561,9.355,9.408,213212.28999999998
1779494400,9.409,9.429,9.332,9.396,232524.83000000002
1779508800,9.396,9.4,9.057,9.117,321992.58
1779523200,9.115,9.21,9.088,9.177,119441.81
1779537600,9.176,9.354,9.153,9.307,215179.63
1779552000,9.308,9.416,9.276,9.394,147882.26
1779566400,9.395,9.768,9.378,9.554,531163.47
1779580800,9.556,9.61,9.515,9.528,172057.97
1779595200,9.529,9.62,9.485,9.549,210134.03
1779609600,9.55,9.639,9.531,9.584,102588.6
1779624000,9.584,9.585,9.34,9.419,235168.91999999998
1779638400,9.418,9.475,9.398,9.425,120824.29000000001
1779652800,9.423,9.449,9.24,9.427,201978.03
1779667200,9.425,9.485,9.355,9.382,115846.05
1779681600,9.38,9.534,9.373,9.511,111783.91
1779696000,9.511,9.598,9.485,9.526,129149.34999999999
1779710400,9.526,9.65,9.51,9.593,173381.85
1779724800,9.593,9.662,9.519,9.544,92323.95
1779739200,9.543,9.562,9.44,9.497,79915.07
1779753600,9.496,9.498,9.349,9.405,115945.71
1779768000,9.406,9.552,9.399,9.474,79556.29000000001
1779782400,9.472,9.626,9.44,9.56,675534.04
1779796800,9.561,9.671,9.394,9.462,347066.95
1779811200,9.461,9.468,9.327,9.388,350016.62
1779825600,9.389,9.416,9.334,9.37,87906.7
1779840000,9.372,9.459,9.371,9.382,104716.49
1779854400,9.381,9.441,9.277,9.425,115159.94
1779868800,9.424,9.434,9.321,9.347,91241.19
1779883200,9.348,9.467,9.258,9.414,303170.7
1779897600,9.415,9.439,9.206,9.302,241980.22999999998
1779912000,9.304,9.335,9.097,9.119,338270.57999999996
1779926400,9.119,9.139,8.871,8.876,392359.85
1779940800,8.876,8.902,8.761,8.892,306027.93
1779955200,8.889,8.922,8.83,8.852,168527.34999999998
1779969600,8.852,8.954,8.782,8.885,524354.13
1779984000,8.884,9.076,8.851,8.981,486026.23
1779998400,8.982,9.056,8.954,8.992,282563.92
1780012800,8.992,9.038,8.929,8.934,178752.29
1780027200,8.933,9.028,8.895,8.988,436061.69
1780041600,8.987,9.04,8.911,8.932,190596.13
1780056000,8.93,9.125,8.785,9.056,661318.9299999999
1780070400,9.058,9.12,8.913,8.987,372131.8
1780084800,8.989,9.033,8.935,9.008,327159.63
1780099200,9.01,9.3,9.006,9.223,449783.6
1780113600,9.231,9.264,9.079,9.149,273341.51
1780128000,9.147,9.168,9.104,9.127,53313.99
1780142400,9.128,9.227,9.117,9.19,98330.67
1780156800,9.19,9.254,9.177,9.25,96577.57999999999
1780171200,9.251,9.274,9.148,9.177,149467.0
1780185600,9.178,9.285,9.17,9.243,167165.21
1780200000,9.242,9.25,9.162,9.194,97349.05
1780214400,9.194,9.262,9.151,9.215,59535.490000000005
1780228800,9.214,9.251,8.962,9.085,216291.68000000002
1780243200,9.083,9.099,8.981,9.027,147311.56
1780257600,9.029,9.206,9.029,9.137,177286.85
1780272000,9.134,9.2,9.016,9.167,209219.04
1780286400,9.166,9.184,8.947,8.954,186924.71
1780300800,8.957,9.04,8.921,8.99,76240.6
1780315200,8.992,9.025,8.835,8.9,398988.75
1780329600,8.901,9.097,8.849,9.071,429199.42000000004
1780344000,9.072,9.074,8.935,9.047,245833.58
1780358400,9.046,9.06,8.799,9.004,335936.48
1780372800,9.008,9.017,8.776,8.834,144168.44
1780387200,8.834,8.856,8.762,8.804,96095.14
1780401600,8.804,8.864,8.47,8.556,608408.88
1780416000,8.555,8.728,8.371,8.51,382380.42000000004
1780430400,8.509,8.577,8.235,8.362,427480.56
1780444800,8.364,8.426,8.16,8.217,527012.4
1780459200,8.217,8.558,8.215,8.535,306916.64
1780473600,8.535,8.605,8.456,8.524,126296.05000000002
1780488000,8.525,8.549,8.362,8.365,307794.14
1780502400,8.367,8.38,8.178,8.198,403513.24
1780516800,8.196,8.459,8.099,8.323,516806.86
1780531200,8.322,8.387,7.798,8.285,1042120.1799999999
1780545600,8.285,8.323,8.056,8.06,194352.6
1780560000,8.059,8.085,7.8,7.933,636335.23
1780574400,7.933,8.124,7.897,8.038,333992.18
1780588800,8.037,8.123,7.953,8.049,487713.7
1780603200,8.049,8.067,7.88,8.008,429099.11
1780617600,8.006,8.032,7.755,7.78,380869.05000000005
1780632000,7.781,7.887,7.336,7.62,834855.65
1780646400,7.623,7.673,7.496,7.555,464787.47000000003
1780660800,7.554,7.652,7.237,7.287,1060066.06
1780675200,7.286,7.508,7.114,7.3,989828.95
1780689600,7.3,7.542,7.213,7.363,610543.0599999999
1780704000,7.362,7.453,7.248,7.274,258903.65000000002
1780718400,7.273,7.399,7.001,7.392,450431.5
1780732800,7.393,7.464,7.196,7.315,256731.75
1780747200,7.316,7.434,7.275,7.379,249930.86
1780761600,7.378,7.414,7.291,7.298,221552.52000000002
1780776000,7.298,7.404,7.283,7.391,171878.39
1780790400,7.392,7.601,7.369,7.579,198961.86
1780804800,7.577,7.721,7.528,7.708,190467.69
1780819200,7.709,7.844,7.667,7.76,179633.81
1780833600,7.76,7.792,7.614,7.724,257508.29
1780848000,7.724,7.774,7.551,7.574,171605.24
1780862400,7.573,8.028,7.57,7.912,544839.4
1780876800,7.911,8.015,7.818,7.85,242334.59
1780891200,7.851,7.927,7.715,7.901,187304.61000000002
1780905600,7.901,7.998,7.838,7.961,216516.67
1780920000,7.96,8.108,7.875,8.023,338263.74
1780934400,8.024,8.075,7.961,8.062,193895.58
1780948800,8.063,8.125,7.971,7.994,264492.73
1780963200,7.992,8.011,7.795,7.879,161038.47
1780977600,7.878,8.022,7.849,7.928,136895.38
1780992000,7.93,7.932,7.834,7.881,115484.56
1781006400,7.88,7.95,7.708,7.716,293384.83
1781020800,7.715,7.891,7.643,7.869,292743.27
1781035200,7.869,7.924,7.797,7.841,115912.57
1781049600,7.84,7.87,7.712,7.744,79022.48999999999
1781064000,7.746,7.801,7.653,7.773,59907.08
1781078400,7.775,7.775,7.607,7.639,180609.89
1781092800,7.638,7.893,7.621,7.802,273500.45
1781107200,7.798,7.816,7.592,7.611,174769.65
1781121600,7.61,7.629,7.478,7.554,232433.19999999998
1781136000,7.555,7.82,7.555,7.793,139154.14
1781150400,7.793,7.81,7.736,7.76,68383.03
1781164800,7.761,7.871,7.761,7.85,74365.0
1781179200,7.851,7.851,7.706,7.749,156145.89
1781193600,7.75,7.976,7.677,7.935,357652.54
1781208000,7.937,8.0,7.865,7.879,157291.96
1781222400,7.88,7.924,7.843,7.894,102931.09
1781236800,7.895,7.924,7.745,7.805,67161.68
1781251200,7.806,7.932,7.806,7.888,65803.52
1781265600,7.888,8.002,7.774,7.811,202726.94
1781280000,7.811,7.916,7.796,7.838,112104.78
1781294400,7.837,7.872,7.814,7.864,55425.090000000004
1781308800,7.864,7.946,7.856,7.889,68342.45999999999
1781323200,7.889,7.964,7.854,7.958,47764.61
1781337600,7.954,7.987,7.941,7.985,35667.5
1781352000,7.984,8.037,7.971,8.021,66844.73
1781366400,8.023,8.024,7.944,7.989,113566.71
1781380800,7.988,8.046,7.952,7.982,51657.11
1781395200,7.983,8.004,7.95,7.961,35584.66
1781409600,7.961,7.963,7.882,7.902,39250.63
1781424000,7.902,7.945,7.878,7.923,25608.32
1781438400,7.924,7.927,7.789,7.837,45192.24
1781452800,7.836,7.871,7.784,7.82,41661.0
1781467200,7.818,8.18,7.801,8.18,186733.32
1781481600,8.18,8.213,8.101,8.192,129760.78
1781496000,8.19,8.223,8.147,8.178,69766.01000000001
1781510400,8.177,8.442,8.16,8.3,259068.41999999998
1781524800,8.304,8.589,8.275,8.555,366481.38
1781539200,8.553,8.581,8.371,8.404,202843.07
1781553600,8.404,8.419,8.244,8.295,150012.55
1781568000,8.293,8.332,8.146,8.246,110160.92
1781582400,8.247,8.288,8.176,8.278,61378.26
1781596800,8.276,8.423,8.276,8.326,63900.22
1781611200,8.327,8.471,8.01,8.19,308965.33
1781625600,8.19,8.32,8.157,8.25,90249.96
1781640000,8.249,8.342,8.235,8.278,84563.48
1781654400,8.279,8.407,8.248,8.344,53800.78
1781668800,8.346,8.388,8.258,8.286,59175.39
1781683200,8.282,8.286,8.106,8.149,82740.53
1781697600,8.148,8.292,8.077,8.288,79276.93
1781712000,8.288,8.363,7.994,8.03,277896.79000000004
1781726400,8.028,8.099,7.931,8.083,154358.37
1781740800,8.085,8.13,8.009,8.023,68861.83
1781755200,8.023,8.036,7.886,8.022,83134.56999999999
1781769600,8.021,8.057,7.963,7.982,251316.41
1781784000,7.982,8.118,7.764,7.782,222636.12
1781798400,7.778,7.929,7.774,7.909,137641.74
1781812800,7.909,8.008,7.909,8.005,222223.71999999997
1781827200,8.006,8.031,7.817,7.873,150355.23
1781841600,7.872,7.91,7.805,7.839,59906.85
1781856000,7.84,7.87,7.796,7.807,48044.759999999995
1781870400,7.808,7.944,7.763,7.893,91359.35
1781884800,7.898,7.93,7.843,7.874,86477.34000000001
1781899200,7.875,7.958,7.844,7.941,142816.07
1781913600,7.941,7.952,7.859,7.885,139808.66
1781928000,7.887,8.004,7.874,7.954,84953.25
1781942400,7.954,7.975,7.92,7.93,26568.57
1781956800,7.93,8.001,7.821,7.958,172872.11
1781971200,7.959,7.959,7.857,7.891,103074.75
1781985600,7.891,8.005,7.882,7.98,74139.78
1782000000,7.982,7.984,7.929,7.962,34771.47
1782014400,7.963,7.975,7.909,7.939,17686.41
1782028800,7.939,8.0,7.888,7.928,44616.49
1782043200,7.926,7.982,7.891,7.975,72232.12
1782057600,7.977,7.98,7.898,7.945,24973.2
1782072000,7.944,7.949,7.759,7.773,127590.39
1782086400,7.774,8.008,7.772,7.857,111156.91
1782100800,7.857,7.981,7.847,7.954,57784.13
1782115200,7.955,8.085,7.939,8.076,73345.33
1782129600,8.078,8.144,7.965,7.973,235498.74
1782144000,7.976,7.987,7.878,7.904,116916.73000000001
1782158400,7.906,7.93,7.812,7.865,60153.83
1782172800,7.864,7.907,7.818,7.894,36813.41
1782187200,7.895,7.897,7.627,7.651,93711.44
1782201600,7.654,7.66,7.474,7.607,152790.09
1782216000,7.606,7.681,7.536,7.614,266372.68
1782230400,7.614,7.659,7.533,7.569,187234.88
1782244800,7.569,7.636,7.565,7.624,142891.55
1782259200,7.623,7.654,7.543,7.577,105214.14
1782273600,7.576,7.66,7.522,7.597,39073.04
1782288000,7.597,7.686,7.527,7.623,60764.25
1782302400,7.622,7.631,7.354,7.357,269622.4
1782316800,7.357,7.443,7.115,7.232,428261.13
1782331200,7.233,7.468,7.222,7.416,186289.63
1782345600,7.415,7.433,7.372,7.395,87456.46
1782360000,7.396,7.538,7.372,7.522,69906.48
1782374400,7.523,7.525,7.414,7.432,32813.229999999996
1782388800,7.433,7.492,7.001,7.205,517354.80000000005
1782403200,7.204,7.274,7.128,7.168,205405.94
1782417600,7.169,7.288,7.168,7.235,105185.26999999999
1782432000,7.236,7.253,7.006,7.194,258284.56
1782446400,7.194,7.33,7.147,7.317,102175.73
1782460800,7.319,7.325,7.114,7.139,72045.05
1782475200,7.136,7.348,7.047,7.326,442878.62
1782489600,7.328,7.387,7.27,7.321,222046.43
1782504000,7.32,7.379,7.279,7.343,88805.34
1782518400,7.342,7.404,7.313,7.355,62430.649999999994
1782532800,7.355,7.393,7.335,7.375,51296.24
1782547200,7.374,7.375,7.297,7.346,110333.24
1782561600,7.346,7.464,7.33,7.445,43470.009999999995
1782576000,7.444,7.456,7.295,7.313,78636.8
1782590400,7.314,7.335,7.238,7.287,81152.04
1782604800,7.285,7.307,7.26,7.296,36390.91
1782619200,7.297,7.3,7.212,7.293,43305.76
1782633600,7.292,7.346,7.221,7.279,58145.2
1782648000,7.279,7.321,7.227,7.304,66387.01
1782662400,7.303,7.309,7.188,7.217,143270.02
1782676800,7.217,7.283,7.148,7.257,96451.29000000001
1782691200,7.257,7.354,7.167,7.319,135826.14
1782705600,7.319,7.339,7.209,7.311,97955.73000000001
1782720000,7.311,7.352,7.267,7.297,157017.21000000002
1782734400,7.294,7.398,7.189,7.316,254315.47
1782748800,7.314,7.488,7.269,7.459,192985.33
1782763200,7.462,7.465,7.361,7.37,70331.25
1782777600,7.367,7.385,7.262,7.276,136011.72999999998
1782792000,7.277,7.313,7.258,7.288,33097.2
1782806400,7.287,7.294,7.234,7.248,70511.08
1782820800,7.245,7.259,7.11,7.144,264900.48
1782835200,7.144,7.22,7.112,7.2,110154.76000000001
1782849600,7.199,7.203,7.141,7.189,50419.83
1782864000,7.191,7.295,7.068,7.281,122710.24
1782878400,7.28,7.324,7.169,7.195,76648.47
1782892800,7.194,7.255,7.166,7.211,48255.159999999996
1782907200,7.212,7.455,7.182,7.412,207746.99000000002
1782921600,7.412,7.441,7.344,7.383,224651.64
1782936000,7.383,7.529,7.341,7.352,235336.75
1782950400,7.35,7.541,7.3,7.534,133825.06
1782964800,7.531,7.531,7.419,7.444,36864.87
1782979200,7.445,7.655,7.44,7.647,180675.24000000002
1782993600,7.646,7.936,7.635,7.777,398353.64
1783008000,7.778,7.811,7.716,7.737,138032.52
1783022400,7.738,7.752,7.687,7.74,105319.78
1783036800,7.739,7.823,7.713,7.759,68649.38
1783051200,7.76,7.799,7.719,7.761,54748.22
1783065600,7.763,7.872,7.756,7.866,110465.79
1783080000,7.865,7.887,7.802,7.84,129502.03
1783094400,7.841,7.968,7.809,7.94,116536.92
1783108800,7.94,8.03,7.921,7.967,140838.17
1783123200,7.968,7.983,7.889,7.915,104749.91
1783137600,7.915,7.973,7.888,7.918,53275.6
1783152000,7.919,7.937,7.873,7.906,19508.64
1783166400,7.907,8.095,7.907,8.083,120399.73999999999
1783180800,8.083,8.173,8.05,8.069,198293.40000000002
1783195200,8.068,8.083,7.968,8.0,68283.16
1783209600,7.999,8.003,7.871,7.888,103232.29000000001
1783224000,7.886,7.924,7.846,7.919,46959.56
1783238400,7.917,7.936,7.829,7.882,29292.769999999997
1783252800,7.881,8.001,7.867,7.96,35207.86
1783267200,7.958,8.029,7.933,8.015,59493.84
1783281600,8.013,8.144,7.97,8.054,132797.46
1783296000,8.053,8.125,7.964,7.987,118828.96
1783310400,7.985,7.998,7.9,7.943,74918.45
1783324800,7.948,7.977,7.878,7.915,112077.8
1783339200,7.915,8.021,7.75,8.014,250043.03
1783353600,8.015,8.078,7.978,7.996,120649.65
1783368000,7.998,8.161,7.968,8.019,189813.89999999997
1783382400,8.02,8.064,7.87,7.879,93954.61
1783396800,7.879,7.943,7.808,7.902,72671.83
1783411200,7.904,7.954,7.879,7.922,78170.32
1783425600,7.921,8.016,7.793,7.998,97750.95999999999
1783440000,7.994,8.041,7.855,7.922,165590.03
1783454400,7.922,7.935,7.796,7.857,88379.05
1783468800,7.858,7.89,7.661,7.686,253822.09
1783483200,7.685,7.723,7.644,7.693,45126.19
1783497600,7.692,7.714,7.542,7.624,231690.15000000002
1783512000,7.623,7.635,7.517,7.545,141887.36
1783526400,7.546,7.656,7.538,7.639,94794.23999999999
1783540800,7.64,7.656,7.588,7.633,80047.6
1783555200,7.634,7.7,7.566,7.618,123590.45999999999
1783569600,7.616,7.775,7.609,7.719,112253.86
1783584000,7.718,7.765,7.7,7.728,47957.46
1783598400,7.728,7.769,7.671,7.696,103066.48999999999
1783612800,7.697,7.807,7.668,7.767,131069.69
1783627200,7.766,7.781,7.718,7.727,91803.47
1783641600,7.729,7.93,7.704,7.899,214411.66
1783656000,7.9,7.919,7.871,7.893,41045.21
1783670400,7.895,8.011,7.89,7.986,75741.84999999999
1783684800,7.987,8.012,7.849,7.918,214466.15
1783699200,7.919,7.966,7.881,7.91,102467.5
1783713600,7.91,7.964,7.89,7.964,59719.5
1783728000,7.963,8.0,7.936,7.989,102788.32
1783742400,7.992,8.013,7.965,7.985,53787.520000000004
1783756800,7.987,8.008,7.965,7.997,30537.66
1783771200,7.997,8.083,7.99,8.055,159850.9
1783785600,8.055,8.112,8.03,8.075,139404.11000000002
1783800000,8.075,8.078,7.904,7.914,184590.09000000003
1783814400,7.91,8.04,7.855,8.035,148146.41
1783828800,8.036,8.046,7.926,7.97,71326.20999999999
1783843200,7.97,8.033,7.969,8.026,29865.809999999998
1783857600,8.025,8.093,8.01,8.065,77588.31
1783872000,8.066,8.081,8.017,8.074,41288.77
1783886400,8.074,8.098,7.939,7.992,75708.48000000001
1783900800,7.99,8.13,7.864,7.907,154263.06
1783915200,7.907,7.988,7.879,7.972,51352.649999999994
1783929600,7.974,8.007,7.925,7.929,64984.229999999996
1783944000,7.929,7.984,7.851,7.926,141669.6
1783958400,7.925,7.947,7.788,7.896,143803.97999999998
1783972800,7.895,7.905,7.79,7.883,101871.0
1783987200,7.881,7.951,7.854,7.91,66503.07
1784001600,7.911,7.982,7.905,7.912,25216.33
1784016000,7.912,7.987,7.888,7.981,59270.19
1784030400,7.981,8.395,7.941,8.288,499350.88
1784044800,8.292,8.308,8.196,8.285,179103.31
1784059200,8.287,8.349,8.245,8.341,127164.88
1784073600,8.342,8.357,8.263,8.316,71057.0
1784088000,8.315,8.406,8.302,8.33,64124.060000000005
1784102400,8.329,8.429,8.322,8.418,112580.25
1784116800,8.418,8.627,8.395,8.551,494561.74
1784131200,8.55,8.563,8.414,8.497,205555.03
1784145600,8.498,8.574,8.484,8.534,140275.75
1784160000,8.533,8.559,8.446,8.522,122360.67
1784174400,8.522,8.561,8.456,8.511,108812.01
1784188800,8.51,8.512,8.391,8.44,124885.72
1784203200,8.439,8.488,8.367,8.437,258980.28
1784217600,8.438,8.446,8.349,8.4,192974.27000000002
1784232000,8.399,8.453,8.304,8.335,103368.51999999999
1784246400,8.334,8.361,8.249,8.27,83054.48999999999
1784260800,8.269,8.298,8.146,8.161,57518.19
1784275200,8.161,8.216,8.125,8.198,37467.06
1784289600,8.196,8.198,7.995,8.16,269015.2
1784304000,8.161,8.28,8.137,8.243,117542.45999999999
1784318400,8.243,8.277,8.211,8.25,54467.12
1784332800,8.251,8.294,8.232,8.277,40347.12
1784347200,8.278,8.28,8.231,8.244,23457.9
1784361600,8.243,8.289,8.206,8.28,27533.45
1784376000,8.28,8.334,8.247,8.27,81875.53
1784390400,8.271,8.351,8.254,8.33,83548.55
1784404800,8.33,8.372,8.322,8.346,50769.21
1784419200,8.347,8.382,8.325,8.34,146553.67
1784433600,8.339,8.372,8.323,8.363,38466.25
1784448000,8.363,8.379,8.314,8.352,50423.49
1784462400,8.351,8.383,8.317,8.354,81040.94
1784476800,8.352,8.373,8.284,8.339,116299.41
1784491200,8.339,8.406,8.314,8.379,82162.51
1784505600,8.378,8.528,8.359,8.451,121882.29000000001
1784520000,8.45,8.463,8.281,8.352,84159.63
1784534400,8.351,8.51,8.295,8.5,156459.7
1784548800,8.499,8.563,8.3,8.547,215943.6
1784563200,8.548,8.638,8.501,8.55,252809.43
1784577600,8.553,8.61,8.517,8.586,130862.45
1784592000,8.585,8.645,8.563,8.633,376221.45
1784606400,8.636,8.749,8.619,8.734,243472.62
1784620800,8.733,8.751,8.679,8.698,106438.65
1784635200,8.699,8.734,8.645,8.685,213060.26
1784649600,8.687,8.699,8.599,8.62,191110.58
1784664000,8.622,8.655,8.599,8.652,118803.35
1784678400,8.65,8.719,8.646,8.678,153267.21
1784692800,8.677,8.741,8.57,8.579,230159.74
1784707200,8.578,8.678,8.576,8.634,61006.31999999999
1784721600,8.636,8.754,8.569,8.684,169019.22
1784736000,8.685,8.731,8.586,8.641,517912.59
1784750400,8.641,8.664,8.586,8.629,249575.78999999998
1784764800,8.629,8.68,8.583,8.585,87951.63
1784779200,8.583,8.617,8.523,8.528,84843.17
1784793600,8.527,8.657,8.521,8.636,65753.43
1784808000,8.633,8.637,8.411,8.491,229747.36
1784822400,8.489,8.504,8.425,8.454,73743.8
1784836800,8.449,8.523,8.442,8.464,75936.57
1784851200,8.463,8.466,8.387,8.448,55294.99
1784865600,8.449,8.574,8.414,8.554,56907.69
1784880000,8.552,8.554,8.425,8.458,29342.460000000003
1784894400,8.457,8.481,8.284,8.362,182575.55
1784908800,8.361,8.364,8.304,8.351,69999.91
1784923200,8.352,8.359,8.29,8.334,60544.189999999995
1784937600,8.333,8.355,8.308,8.334,100106.02
1784952000,8.335,8.35,8.282,8.291,24254.81
1784966400,8.29,8.31,8.258,8.309,29700.929999999997
1784980800,8.308,8.394,8.303,8.378,124373.08
1784995200,8.379,8.428,8.368,8.394,129547.8
1785009600,8.395,8.396,8.353,8.376,81158.17
1785024000,8.373,8.421,8.37,8.419,74825.38
1785038400,8.42,8.468,8.396,8.413,137031.76
1785052800,8.412,8.435,8.399,8.427,23446.71
1785067200,8.429,8.591,8.417,8.586,191641.67
1785081600,8.591,8.657,8.553,8.575,167962.6
1785096000,8.575,8.833,8.56,8.816,318566.94
1785110400,8.816,8.82,8.713,8.764,80393.15
1785124800,8.765,8.907,8.753,8.802,102354.79000000001
1785139200,8.804,8.815,8.74,8.752,129566.58
1785153600,8.753,8.812,8.527,8.565,293944.74
1785168000,8.566,8.652,8.547,8.626,223085.99000000002
1785182400,8.627,8.637,8.341,8.377,494922.16000000003
1785196800,8.375,8.378,8.275,8.324,108868.71
1785211200,8.326,8.372,8.296,8.306,53459.82
1785225600,8.305,8.325,8.264,8.281,61427.93
1785240000,8.281,8.383,8.186,8.371,645197.76
1785254400,8.371,8.405,8.3,8.371,322996.9
1785268800,8.371,8.441,8.35,8.436,214981.75
1785283200,8.435,8.502,8.321,8.325,188193.51
1785297600,8.327,8.431,8.282,8.43,183177.0
1785312000,8.431,8.469,8.368,8.397,71742.39
1785326400,8.398,8.398,8.237,8.265,317367.13
1785340800,8.266,8.432,8.221,8.226,540775.26
1785355200,8.228,8.329,8.16,8.326,288582.62
1785369600,8.324,8.385,8.27,8.329,139366.57
1785384000,8.328,8.33,8.252,8.278,75664.44
1785398400,8.278,8.46,8.266,8.452,202462.84
1785412800,8.453,8.52,8.409,8.473,326466.35
1785427200,8.473,8.509,8.445,8.483,84150.0
1785441600,8.483,8.521,8.445,8.445,133673.17
1785456000,8.446,8.508,8.315,8.357,174894.11
1785470400,8.356,8.378,8.241,8.286,110359.22
1785484800,8.288,8.324,8.209,8.251,96043.14
1785499200,8.25,8.269,8.02,8.104,397236.76
1785513600,8.102,8.195,8.094,8.165,98961.37
1785528000,8.164,8.177,8.124,8.166,87161.12
1785542400,8.165,8.24,8.165,8.202,51030.09
1785556800,8.203,8.233,8.121,8.128,90076.42
1785571200,8.13,8.132,8.075,8.081,23362.370000000003
1785585600,8.082,8.11,8.077,8.096,77424.72
1785600000,8.096,8.107,7.883,7.998,182172.62
1785614400,7.997,8.079,7.988,8.063,101647.58
1785628800,8.063,8.299,8.048,8.293,186199.74
1785643200,8.292,8.409,8.271,8.369,163253.81
1785657600,8.37,8.382,8.257,8.273,52468.58
1785672000,8.274,8.303,8.259,8.267,45381.58
1785686400,8.268,8.358,8.242,8.318,48999.4
1785700800,8.32,8.439,8.312,8.374,136319.68
1785715200,8.375,8.383,8.223,8.242,55071.28
1785729600,8.241,8.273,8.205,8.207,26551.36
1785744000,8.206,8.255,8.148,8.176,32805.33
1785758400,8.178,8.307,8.154,8.238,181018.15000000002
1785772800,8.239,8.28,8.217,8.227,112074.76
1785787200,8.227,8.259,8.16,8.174,63220.39
1785801600,8.174,8.226,8.108,8.187,75880.34
1785816000,8.189,8.255,8.118,8.169,98272.67
1785830400,8.17,8.214,8.118,8.208,73201.73
1785844800,8.207,8.257,8.134,8.189,141317.78999999998
1785859200,8.188,8.243,8.156,8.208,108251.20999999999
1785873600,8.209,8.216,8.135,8.14,97097.81
1785888000,8.142,8.191,8.087,8.118,101573.24
1785902400,8.117,8.196,8.114,8.18,68941.11
1785916800,8.181,8.197,8.137,8.143,30857.699999999997
1785931200,8.142,8.22,8.061,8.107,139462.33000000002
1785945600,8.105,8.246,8.101,8.18,104049.82
1785960000,8.179,8.222,8.122,8.154,83252.3
1785974400,8.154,8.19,8.091,8.107,55725.96
1785988800,8.106,8.219,8.098,8.182,45416.13
1786003200,8.182,8.202,8.06,8.153,132921.21
1786017600,8.153,8.265,8.094,8.217,106506.06
1786032000,8.218,8.334,8.184,8.191,179029.17
1786046400,8.193,8.23,8.154,8.188,72910.82
1786060800,8.186,8.24,8.125,8.129,81533.35
1786075200,8.127,8.204,8.1,8.183,58288.5
1786089600,8.181,8.243,8.181,8.214,42937.94
1786104000,8.212,8.305,8.212,8.273,222768.14
1786118400,8.273,8.31,8.158,8.21,165499.54
1786132800,8.211,8.216,8.152,8.18,57336.02
1786147200,8.18,8.267,8.161,8.262,137756.12
1786161600,8.261,8.308,8.234,8.259,139726.73
1786176000,8.258,8.352,8.253,8.329,87569.41
1786190400,8.33,8.39,8.3,8.337,218434.41
1786204800,8.336,8.361,8.316,8.326,69134.23
1786219200,8.327,8.342,8.29,8.302,67071.23
1786233600,8.301,8.327,8.262,8.278,158150.5
1786248000,8.278,8.346,8.257,8.335,88286.84
1786262400,8.335,8.354,8.286,8.291,53484.130000000005
1786276800,8.292,8.36,8.273,8.352,76532.13
1786291200,8.351,8.354,8.303,8.313,95168.08
1786305600,8.313,8.38,8.171,8.183,372888.01
1786320000,8.182,8.255,8.161,8.176,95731.19
1786334400,8.178,8.24,8.172,8.216,64063.130000000005
1786348800,8.216,8.317,8.194,8.303,186202.28000000003
1786363200,8.303,8.36,8.244,8.296,258507.99
1786377600,8.295,8.307,8.2,8.264,260735.91
1786392000,8.265,8.311,8.25,8.291,132211.94
1786406400,8.292,8.454,8.283,8.383,303343.25
1786420800,8.384,8.475,8.36,8.469,77826.66
1786435200,8.468,8.705,8.436,8.673,309196.0
1786449600,8.675,8.694,8.488,8.557,646316.95
1786464000,8.554,8.605,8.526,8.604,221862.31
1786478400,8.605,8.808,8.605,8.773,548288.59
1786492800,8.773,8.814,8.704,8.716,227584.47
1786507200,8.714,8.756,8.675,8.743,72055.95999999999
1786521600,8.742,8.873,8.73,8.869,99738.18000000001
1786536000,8.87,8.887,8.687,8.773,281987.27
1786550400,8.77,8.783,8.709,8.737,97188.13
1786564800,8.734,8.771,8.62,8.665,157077.6
1786579200,8.662,8.731,8.61,8.72,105128.12
1786593600,8.718,8.805,8.717,8.746,65295.49
1786608000,8.744,8.758,8.668,8.682,97457.48000000001
1786622400,8.681,8.857,8.672,8.736,229931.28
1786636800,8.738,8.825,8.673,8.819,169163.14
1786651200,8.819,8.895,8.811,8.879,134785.1
1786665600,8.881,8.883,8.808,8.811,99223.26000000001
1786680000,8.811,8.827,8.739,8.763,47941.26
1786694400,8.763,8.872,8.719,8.821,191751.22999999998
1786708800,8.822,8.876,8.754,8.848,187054.99
1786723200,8.849,9.005,8.822,8.979,344505.98
1786737600,8.979,9.004,8.92,8.963,205781.41999999998
1786752000,8.964,9.736,8.961,9.57,1006452.63
1786766400,9.571,9.596,9.312,9.326,467704.01
1786780800,9.324,9.375,9.215,9.302,212066.27
1786795200,9.3,9.521,9.295,9.5,356309.8
1786809600,9.504,9.624,9.483,9.578,399748.55
1786824000,9.578,9.591,9.455,9.46,155243.25
1786838400,9.459,9.503,9.385,9.385,180093.61
1786852800,9.39,9.4,9.311,9.368,102208.26
1786867200,9.367,9.449,9.363,9.405,76739.55
1786881600,9.404,9.41,9.287,9.383,180144.76
1786896000,9.385,9.469,9.36,9.458,277336.42000000004
1786910400,9.451,9.483,9.336,9.381,134271.32
1786924800,9.38,9.556,9.348,9.48,196836.21
1786939200,9.481,9.497,9.394,9.399,178390.38
1786953600,9.4,9.55,9.357,9.505,126176.43
1786968000,9.508,9.565,9.431,9.512,229174.09000000003
1786982400,9.513,9.565,9.452,9.488,176671.08
1786996800,9.489,9.549,9.464,9.533,116612.44
1787011200,9.533,9.547,9.323,9.413,189352.13999999998
1787025600,9.413,9.52,9.384,9.425,135170.57
1787040000,9.425,9.489,9.373,9.437,73702.42
1787054400,9.438,9.553,9.392,9.472,120649.20000000001
1787068800,9.474,9.537,9.444,9.496,115234.22
1787083200,9.497,9.55,9.461,9.536,155553.73
1787097600,9.537,9.715,9.481,9.697,225895.65
1787112000,9.695,9.714,9.557,9.687,213878.05
1787126400,9.689,9.833,9.657,9.759,334582.66
1787140800,9.759,10.1,9.64,9.917,719031.52
1787155200,9.918,10.147,9.843,10.117,682393.94
1787169600,10.118,10.89,10.1,10.55,1057842.31
1787184000,10.55,10.621,10.361,10.434,274462.33
1787198400,10.433,10.589,10.404,10.541,379906.87
1787212800,10.544,10.759,10.533,10.66,381566.14
1787227200,10.661,10.73,10.509,10.71,390784.47
1787241600,10.709,10.877,10.611,10.656,390883.56
1787256000,10.658,10.717,10.43,10.695,387740.48
1787270400,10.696,11.047,10.683,10.899,593301.11
1787284800,10.902,11.851,10.853,11.539,638509.48
1787299200,11.535,11.754,11.227,11.264,621775.5599999999
1787313600,11.266,11.62,11.228,11.518,493596.17
1787328000,11.52,11.68,11.401,11.66,700990.77
1787342400,11.661,12.396,11.624,11.987,1001279.83
1787356800,11.986,12.6,11.858,12.376,517660.08
1787371200,12.38,12.605,10.874,11.744,1178061.01
1787385600,11.746,11.834,11.357,11.687,376886.45999999996
1787400000,11.687,11.897,11.482,11.608,348084.72
1787414400,11.607,11.813,11.519,11.746,298524.29
1787428800,11.746,11.81,11.447,11.646,204989.27000000002
1787443200,11.645,11.744,11.421,11.454,261903.97
1787457600,11.456,11.513,11.032,11.298,496447.13
1787472000,11.294,11.468,11.268,11.415,304053.19999999995
1787486400,11.412,11.655,11.256,11.458,514266.44
1787500800,11.46,11.601,11.436,11.494,192801.82
1787515200,11.488,11.732,11.438,11.539,297272.22
1787529600,11.542,11.555,11.291,11.358,237766.44
1787544000,11.36,11.672,11.355,11.518,215242.17
1787558400,11.52,11.747,11.361,11.698,223668.41999999998
1787572800,11.697,11.78,11.49,11.57,445574.5
1787587200,11.572,11.702,11.417,11.557,294842.36
1787601600,11.557,11.684,11.501,11.627,241755.54
1787616000,11.626,11.953,11.59,11.749,555120.49
1787630400,11.746,11.841,11.489,11.59,245147.33000000002
1787644800,11.591,11.694,11.524,11.551,151273.21
1787659200,11.555,11.649,11.364,11.584,252188.97
1787673600,11.584,11.605,11.436,11.454,221259.6
1787688000,11.457,11.48,11.13,11.299,337867.95
1787702400,11.293,11.448,11.233,11.394,170444.68
1787716800,11.392,11.454,11.305,11.33,123142.29
1787731200,11.328,11.49,11.22,11.393,204479.78
1787745600,11.396,11.486,11.067,11.236,298242.43
1787760000,11.235,11.347,11.138,11.306,112860.34
1787774400,11.305,11.629,11.21,11.612,187375.63
1787788800,11.61,11.63,11.455,11.527,133958.13
1787803200,11.528,11.682,11.501,11.675,94296.20999999999
1787817600,11.677,11.922,11.65,11.745,290929.24
1787832000,11.76,12.042,11.689,11.935,448136.41000000003
1787846400,11.935,11.961,11.77,11.86,204367.78
1787860800,11.864,11.983,11.841,11.925,159278.76
1787875200,11.924,12.064,11.683,11.72,327545.47
1787889600,11.714,11.855,11.655,11.704,100453.95
1787904000,11.706,11.803,11.627,11.784,100073.91
1787918400,11.783,11.892,11.56,11.573,487772.35
1787932800,11.571,11.585,11.258,11.388,353194.42
1787947200,11.388,11.453,11.302,11.432,82959.73
1787961600,11.434,11.475,11.339,11.342,61230.83
1787976000,11.341,11.399,11.296,11.32,48454.8
1787990400,11.316,11.355,11.283,11.307,35950.41
1788004800,11.306,11.493,11.305,11.389,88871.46
1788019200,11.388,11.473,11.364,11.437,100742.19
1788033600,11.436,11.486,11.358,11.457,169231.65999999997
1788048000,11.455,11.463,11.368,11.392,223021.63
1788062400,11.39,11.45,11.34,11.393,52349.01
1788076800,11.391,11.424,11.339,11.415,48111.76
1788091200,11.418,11.645,11.409,11.565,193248.24
1788105600,11.565,11.799,11.532,11.597,243238.3
1788120000,11.595,11.617,11.0,11.146,416791.02
1788134400,11.147,11.247,11.037,11.165,241304.72
1788148800,11.161,11.32,11.099,11.265,167149.16999999998
1788163200,11.274,11.358,11.213,11.243,83326.39
1788177600,11.241,11.399,11.159,11.39,339359.72
1788192000,11.379,11.502,11.288,11.401,213199.95
1788206400,11.4,11.446,11.28,11.319,283181.66
1788220800,11.319,11.49,11.295,11.431,202384.69999999998
1788235200,11.432,11.519,11.407,11.476,118248.93000000001
1788249600,11.479,11.493,11.293,11.46,145467.66
1788264000,11.464,11.517,11.313,11.423,252571.28999999998
1788278400,11.43,11.446,11.055,11.212,535922.5
1788292800,11.216,11.263,11.095,11.228,231240.0
1788307200,11.231,11.284,11.067,11.196,155674.16999999998
1788321600,11.193,11.299,11.148,11.208,122771.63
1788336000,11.21,11.228,10.91,11.022,216321.50999999998
1788350400,11.019,11.212,10.963,11.081,360975.16000000003
1788364800,11.077,11.176,11.018,11.107,163038.91999999998
1788379200,11.11,11.168,11.026,11.116,103049.94
1788393600,11.113,11.225,11.0,11.194,193195.35
1788408000,11.199,11.273,11.105,11.175,145940.52000000002
1788422400,11.183,11.325,11.122,11.269,146871.58
1788436800,11.271,11.858,11.251,11.78,476065.49
1788451200,11.783,11.873,11.626,11.862,284671.79
1788465600,11.86,11.96,11.773,11.833,420906.72000000003
1788480000,11.828,11.948,11.76,11.885,173690.05
1788494400,11.884,11.999,11.817,11.931,162560.13
1788508800,11.931,12.159,11.884,12.034,427564.57
1788523200,12.034,12.066,11.465,11.657,707363.13
1788537600,11.656,11.74,11.58,11.713,153836.93
1788552000,11.713,11.723,11.593,11.633,199980.34
1788566400,11.633,11.709,11.6,11.669,112603.78
1788580800,11.672,11.777,11.599,11.741,115356.8
1788595200,11.737,11.873,11.717,11.727,146440.49
1788609600,11.727,11.964,11.726,11.947,195937.25
1788624000,11.95,12.239,11.897,12.016,457047.98
1788638400,12.02,12.106,11.942,12.051,215009.97
1788652800,12.051,12.464,12.045,12.223,407194.88999999996
1788667200,12.222,12.335,12.113,12.212,178592.96
1788681600,12.21,12.318,12.171,12.276,176466.13
1788696000,12.272,12.401,12.082,12.219,365808.07999999996
1788710400,12.221,12.426,12.203,12.381,234371.41
1788724800,12.38,13.359,12.332,13.237,1213413.93
1788739200,13.236,13.33,12.948,13.026,458495.46
1788753600,13.031,13.68,13.021,13.188,594428.1
1788768000,13.186,13.525,13.144,13.175,360400.98
1788782400,13.177,13.33,12.833,12.872,394509.52999999997
1788796800,12.87,12.968,12.692,12.83,301697.57
1788811200,12.831,12.834,12.613,12.748,245341.57
1788825600,12.744,12.808,12.564,12.648,294565.81
1788840000,12.65,12.724,12.573,12.672,211603.13
1788854400,12.672,12.786,12.461,12.502,268654.65
1788868800,12.492,12.711,12.298,12.68,538118.51
1788883200,12.682,12.791,12.535,12.571,339172.43
1788897600,12.569,12.617,12.443,12.52,259721.89
1788912000,12.52,12.57,12.376,12.395,169640.18
1788926400,12.394,12.636,12.394,12.491,170878.93
1788940800,12.49,12.512,11.958,12.109,554788.88
1788955200,12.113,12.232,11.818,11.996,437168.43
1788969600,11.995,12.059,11.839,11.864,309054.67
1788984000,11.865,11.896,11.587,11.801,307430.89999999997
1788998400,11.796,11.873,11.653,11.809,222903.27000000002
1789012800,11.809,11.891,11.734,11.784,102390.31
1789027200,11.776,11.879,11.749,11.813,174508.28
1789041600,11.824,11.842,11.501,11.631,323847.64
1789056000,11.627,11.732,11.491,11.613,244638.88
1789070400,11.611,11.644,11.432,11.447,208386.26
1789084800,11.45,11.533,11.392,11.495,220487.65
1789099200,11.495,11.594,11.468,11.474,175899.63
1789113600,11.474,11.542,11.305,11.391,163803.87
1789128000,11.39,12.245,11.273,11.708,869120.61
1789142400,11.709,11.816,11.509,11.606,315507.11
1789156800,11.61,11.644,11.47,11.541,447077.9
1789171200,11.542,11.568,11.46,11.484,218279.31
1789185600,11.483,11.578,11.481,11.565,135549.50999999998
1789200000,11.564,11.58,11.517,11.569,125144.98
1789214400,11.57,11.626,11.525,11.59,167053.27
1789228800,11.59,11.604,11.461,11.471,135474.66999999998
1789243200,11.473,11.537,11.471,11.505,125924.79999999999
1789257600,11.502,11.531,11.463,11.477,123857.06
1789272000,11.476,11.559,11.423,11.43,153026.09
1789286400,11.429,11.452,11.25,11.291,243181.94
1789300800,11.289,11.341,11.193,11.257,107240.51
1789315200,11.259,11.497,11.259,11.409,166451.71
1789329600,11.412,11.476,11.152,11.199,310590.64
1789344000,11.199,11.437,11.121,11.372,280307.53
1789358400,11.373,11.465,11.356,11.405,199454.31
1789372800,11.4,11.479,11.311,11.381,251462.97999999998
1789387200,11.38,11.484,11.245,11.46,345263.45
1789401600,11.463,11.765,11.436,11.745,357512.87
1789416000,11.744,11.963,11.5,11.516,296527.48
1789430400,11.513,11.629,11.458,11.503,138847.22999999998
1789444800,11.502,11.513,11.325,11.337,186046.74
1789459200,11.338,11.425,11.301,11.381,173571.47
1789473600,11.381,11.505,11.043,11.271,432221.82999999996
1789488000,11.273,11.4,10.784,11.086,779835.45
1789502400,11.087,11.115,10.811,10.88,384143.43
1789516800,10.884,10.932,10.77,10.816,255089.5
1789531200,10.817,10.9,10.738,10.75,245720.78
1789545600,10.747,10.899,10.672,10.86,246462.27
1789560000,10.86,10.872,10.621,10.675,497743.63
1789574400,10.683,10.948,10.611,10.922,1333704.99
1789588800,10.919,11.07,10.85,11.049,574711.24
1789603200,11.05,11.172,10.98,11.126,284648.93
1789617600,11.127,11.229,11.037,11.17,199027.06
1789632000,11.172,11.228,11.087,11.172,232836.82
1789646400,11.171,11.424,11.14,11.373,429862.74
1789660800,11.368,11.429,11.271,11.307,282899.99
1789675200,11.307,11.403,11.247,11.377,234322.6
1789689600,11.377,11.782,11.332,11.751,319393.47000000003
1789704000,11.755,11.846,11.643,11.823,340685.77
1789718400,11.821,11.955,11.721,11.819,323029.55
1789732800,11.815,12.242,11.762,12.144,611733.46
1789747200,12.148,12.38,12.086,12.378,405900.4
1789761600,12.377,12.422,12.221,12.226,389617.65
1789776000,12.227,12.26,12.215,12.26,20217.09
