time,open,high,low,close,volume
1726704000,134.07351684570312,138.6029052734375,134.07351684570312,137.9452667236328,298690560
1726718400,137.96102905273438,139.040771484375,137.79087829589844,138.61973571777344,225342208
1726732800,138.6183319091797,139.53094482421875,138.4087677001953,139.53094482421875,129734656
1726747200,139.52902221679688,142.92840576171875,139.52902221679688,142.8361358642578,233418752
1726761600,142.8810272216797,143.86444091796875,142.7697296142578,143.1131591796875,185406208
1726776000,143.11032104492188,143.73533630371094,141.2406768798828,142.8365478515625,119135488
1726790400,142.8439483642578,144.22084045410156,141.33287048339844,144.19078063964844,0
1726804800,144.30191040039062,151.68043518066406,144.30191040039062,151.01300048828125,674242816
1726819200,151.04788208007812,151.62051391601562,150.19149780273438,150.66793823242188,141823488
1726833600,150.66595458984375,151.0437774658203,146.09432983398438,148.00230407714844,186650112
1726848000,147.99749755859375,148.2342987060547,145.0673828125,146.82395935058594,46193152
1726862400,146.79153442382812,147.87841796875,146.44534301757812,146.56680297851562,57521920
1726876800,146.5732879638672,147.76438903808594,145.20166015625,146.0306854248047,28129024
1726891200,146.0346221923828,147.64524841308594,144.80392456054688,147.3744659423828,0
1726905600,147.4007568359375,147.88711547851562,146.57164001464844,147.29127502441406,0
1726920000,147.28903198242188,149.3607940673828,146.85897827148438,147.69740295410156,0
1726934400,147.68919372558594,148.72747802734375,147.3900604248047,147.4025421142578,0
1726948800,147.4320068359375,149.8201141357422,147.38223266601562,149.52146911621094,28193408
1726963200,149.52047729492188,149.86099243164062,147.24302673339844,148.08717346191406,14717824
1726977600,148.0980682373047,148.9434051513672,146.4938507080078,147.17196655273438,0
1726992000,147.16917419433594,147.56285095214844,144.41099548339844,144.97335815429688,111895040
1727006400,144.9674072265625,145.13197326660156,142.99632263183594,143.2828369140625,23848704
1727020800,143.2647247314453,145.33526611328125,142.60630798339844,144.83209228515625,59096960
1727035200,144.80184936523438,145.67535400390625,141.39559936523438,144.79898071289062,248529664
1727049600,144.748046875,148.95449829101562,142.69564819335938,147.7445068359375,332788864
1727064000,147.74114990234375,148.1207275390625,145.31594848632812,145.31594848632812,104843136
1727078400,145.386474609375,145.48782348632812,143.21957397460938,143.47654724121094,103770624
1727092800,143.4945068359375,145.10655212402344,142.70672607421875,144.55313110351562,254440192
1727107200,144.47434997558594,144.77455139160156,142.88816833496094,143.3825225830078,66154752
1727121600,143.40267944335938,145.13983154296875,142.67391967773438,144.8149871826172,72986368
1727136000,144.7992706298828,146.7777099609375,143.47654724121094,146.4346466064453,76536576
1727150400,146.49642944335938,147.20030212402344,145.56222534179688,147.11451721191406,21422336
1727164800,147.11785888671875,148.49623107910156,146.05581665039062,146.391357421875,41538560
1727179200,146.40554809570312,148.4192657470703,144.65965270996094,145.7690887451172,88024064
1727193600,145.7440643310547,148.23678588867188,145.47271728515625,148.19232177734375,140909056
1727208000,148.24862670898438,153.4642333984375,148.23167419433594,152.89096069335938,504884736
1727222400,152.86581420898438,153.50672912597656,151.19091796875,151.9077606201172,83149056
1727236800,151.91879272460938,152.0281982421875,149.27676391601562,149.86318969726562,66276352
1727251200,149.83816528320312,150.90167236328125,149.6915740966797,150.90167236328125,22624256
1727265600,150.91001892089844,152.82920837402344,149.9366912841797,150.61732482910156,40353280
1727280000,150.6171417236328,151.86886596679688,149.05052185058594,150.28018188476562,0
1727294400,150.21669006347656,150.8155975341797,147.4559326171875,148.02110290527344,722688
1727308800,148.0088348388672,149.43838500976562,146.8854217529297,149.2000732421875,0
1727323200,149.20106506347656,151.7441864013672,148.8275146484375,151.7441864013672,3948800
1727337600,151.7958984375,153.00930786132812,150.55978393554688,152.802978515625,162842752
1727352000,152.93894958496094,157.7788848876953,151.6031036376953,157.20880126953125,660146176
1727366400,157.16700744628906,157.8253936767578,155.609130859375,155.84519958496094,200457216
1727380800,155.8102569580078,156.2713623046875,154.33819580078125,155.5760955810547,82159872
1727395200,155.57379150390625,156.30397033691406,154.14663696289062,155.68165588378906,9107456
1727409600,155.68801879882812,158.75,155.68801879882812,157.54061889648438,188691968
1727424000,157.53408813476562,159.0366973876953,155.90261840820312,156.03517150878906,102457088
1727438400,156.03997802734375,160.9688720703125,155.78302001953125,159.27841186523438,41067776
1727452800,159.24688720703125,159.4345703125,157.2791748046875,157.67384338378906,29262336
1727467200,157.7013702392578,158.31370544433594,157.55685424804688,157.74993896484375,0
1727481600,157.71157836914062,159.325927734375,157.71157836914062,158.5795135498047,0
1727496000,158.6237030029297,158.79653930664062,156.41819763183594,156.57435607910156,0
1727510400,156.54629516601562,157.54122924804688,155.32179260253906,157.09310913085938,5342464
1727524800,157.10037231445312,157.99134826660156,156.42059326171875,156.97190856933594,0
1727539200,156.96865844726562,157.2820587158203,156.68490600585938,156.8433837890625,0
1727553600,156.8477325439453,157.01577758789062,155.90225219726562,156.9124298095703,7678464
1727568000,156.89105224609375,158.39471435546875,156.611572265625,157.8343963623047,47812224
1727582400,157.82339477539062,158.02940368652344,155.34226989746094,155.37120056152344,59540224
1727596800,155.39645385742188,156.8438262939453,155.24700927734375,156.8056640625,24154240
1727611200,156.79971313476562,157.48155212402344,155.97384643554688,157.36074829101562,61889920
1727625600,157.3529052734375,159.5543212890625,156.8079833984375,159.50550842285156,104031616
1727640000,159.50637817382812,161.49447631835938,158.1265411376953,158.62034606933594,340635520
1727654400,158.59909057617188,159.50570678710938,155.5317840576172,156.07461547851562,293156480
1727668800,156.09471130371094,157.59950256347656,155.38560485839844,156.95028686523438,23900288
1727683200,156.9253692626953,156.9253692626953,153.90713500976562,155.51185607910156,216482048
1727697600,155.54766845703125,157.1980438232422,154.6999969482422,154.6999969482422,131576832
1727712000,154.6086883544922,155.572265625,154.24899291992188,155.09791564941406,102881792
1727726400,155.0194549560547,156.8269805908203,152.0342254638672,152.61846923828125,81551104
1727740800,152.60458374023438,155.05978393554688,151.79698181152344,155.04432678222656,14531072
1727755200,155.02191162109375,156.869384765625,154.88143920898438,156.67759704589844,4790528
1727769600,156.6896514892578,157.2400665283203,156.11441040039062,156.64065551757812,0
1727784000,156.63815307617188,156.63815307617188,146.9306640625,149.68716430664062,688124032
1727798400,149.6533966064453,149.7016143798828,143.5573272705078,145.78526306152344,726662400
1727812800,145.70767211914062,146.2527313232422,142.8689727783203,145.28988647460938,375790336
1727827200,145.29115295410156,147.87754821777344,143.75094604492188,147.27891540527344,97670656
1727841600,147.27911376953125,148.7867889404297,146.3852996826172,147.8484649658203,48409600
1727856000,147.8474578857422,148.2823944091797,145.54559326171875,146.0941619873047,129993472
1727870400,146.0725555419922,147.59730529785156,142.931396484375,147.2728729248047,20985600
1727884800,147.32041931152344,148.3328399658203,139.00767517089844,140.38807678222656,308870912
1727899200,140.21937561035156,141.5479278564453,138.98741149902344,140.38555908203125,471808
1727913600,140.3727569580078,142.6597137451172,139.13990783691406,142.6597137451172,93673216
1727928000,142.68682861328125,142.79623413085938,140.1309051513672,140.1309051513672,4088576
1727942400,140.08465576171875,140.08465576171875,135.63534545898438,136.99835205078125,217838336
1727956800,136.967041015625,138.21456909179688,133.5531768798828,135.82106018066406,357186816
1727971200,135.80218505859375,137.30751037597656,134.0588836669922,137.30751037597656,59651072
1727985600,137.28909301757812,137.7908172607422,135.53077697753906,136.78518676757812,0
1728000000,136.768310546875,138.43069458007812,136.0817108154297,137.28807067871094,0
1728014400,137.306884765625,139.6572723388672,137.306884765625,139.64622497558594,45532672
1728028800,139.62774658203125,140.88223266601562,139.4153289794922,140.06454467773438,0
1728043200,140.06082153320312,142.47393798828125,138.41323852539062,142.40235900878906,3179520
1728057600,142.41896057128906,144.26602172851562,142.1125946044922,143.8624267578125,24058624
1728072000,143.8770294189453,144.42430114746094,142.69297790527344,143.17227172851562,22976512
1728086400,143.1679229736328,143.97499084472656,141.9556884765625,142.0132293701172,13720576
1728100800,142.00572204589844,144.48202514648438,141.637939453125,144.1064453125,637184
1728115200,144.08311462402344,144.8300018310547,143.45266723632812,143.45266723632812,0
1728129600,143.45184326171875,144.0579376220703,142.67446899414062,142.97723388671875,0
1728144000,142.9625244140625,142.9625244140625,142.10995483398438,142.193115234375,0
1728158400,142.19247436523438,142.86184692382812,141.16966247558594,142.7117462158203,1393280
1728172800,142.69252014160156,143.5757598876953,142.11483764648438,142.80555725097656,0
1728187200,142.7919921875,143.3618621826172,142.2047119140625,143.04396057128906,0
1728201600,143.0373992919922,144.21673583984375,142.73924255371094,144.13168334960938,21677696
1728216000,144.1303253173828,146.4796905517578,144.05178833007812,146.087646484375,113117312
1728230400,146.06439208984375,146.3835906982422,145.0164031982422,145.4105987548828,88506816
1728244800,145.40904235839844,146.58367919921875,144.45445251464844,146.44354248046875,58184448
1728259200,146.426025390625,150.62261962890625,146.2440948486328,149.8595733642578,394642944
1728273600,149.86215209960938,150.35968017578125,148.0207061767578,148.18443298339844,213892480
1728288000,148.1602783203125,149.1366729736328,145.9542236328125,146.9713134765625,169465216
1728302400,146.99818420410156,152.06182861328125,146.51097106933594,148.5726776123047,382022528
1728316800,148.5908203125,149.27920532226562,145.73098754882812,146.9575958251953,198680576
1728331200,146.9556121826172,147.0570526123047,143.73081970214844,143.99179077148438,153450752
1728345600,143.9982147216797,145.44879150390625,143.82342529296875,144.62448120117188,0
1728360000,144.6340789794922,144.89718627929688,142.38150024414062,143.0946502685547,23437568
1728374400,143.0953826904297,144.4755401611328,142.8900909423828,144.4479522705078,0
1728388800,144.43797302246094,145.1769561767578,141.4634246826172,142.89822387695312,28355840
1728403200,142.89491271972656,143.92941284179688,142.08009338378906,143.92941284179688,0
1728417600,143.83724975585938,144.44906616210938,142.7510528564453,143.3953399658203,0
1728432000,143.39627075195312,145.1158447265625,143.270751953125,143.89707946777344,14249728
1728446400,143.84326171875,144.16983032226562,142.8956298828125,143.07960510253906,0
1728460800,143.07681274414062,143.3645477294922,142.44789123535156,143.09951782226562,12316032
1728475200,143.0821075439453,143.1480712890625,140.40988159179688,142.75628662109375,113972992
1728489600,142.68873596191406,142.68873596191406,140.098388671875,140.91497802734375,52472576
1728504000,140.88348388671875,140.88348388671875,138.82693481445312,139.31375122070312,105717888
1728518400,139.21713256835938,140.08468627929688,137.86289978027344,139.7648162841797,21334656
1728532800,139.7474822998047,140.5570831298828,139.42320251464844,139.7106170654297,0
1728547200,139.655029296875,140.22006225585938,137.63783264160156,140.22006225585938,107224192
1728561600,140.2626953125,140.27902221679688,136.6559600830078,138.33811950683594,71814912
1728576000,138.49398803710938,138.81900024414062,135.60238647460938,137.91746520996094,105368960
1728590400,137.97413635253906,138.88674926757812,137.19912719726562,138.88674926757812,10570112
1728604800,138.8938446044922,141.3551025390625,138.75823974609375,140.84686279296875,34337536
1728619200,140.7808380126953,141.88082885742188,140.67999267578125,141.10476684570312,78818432
1728633600,141.09597778320312,142.5167999267578,141.07496643066406,141.9898681640625,10173824
1728648000,141.98509216308594,145.3088836669922,141.92391967773438,144.51138305664062,74328448
1728662400,144.52549743652344,146.4026641845703,144.01243591308594,145.3880157470703,37647744
1728676800,145.43008422851562,146.2943878173828,145.22915649414062,145.3811492919922,27121024
1728691200,145.5086669921875,146.4169921875,144.76724243164062,145.0516815185547,204032
1728705600,145.05165100097656,145.87704467773438,145.05165100097656,145.48887634277344,4362368
1728720000,145.49212646484375,147.1117706298828,145.49212646484375,146.388427734375,11878272
1728734400,146.3603973388672,147.13690185546875,145.75845336914062,145.83184814453125,0
1728748800,145.8836212158203,147.1255645751953,145.8836212158203,146.87881469726562,0
1728763200,146.8625946044922,147.08685302734375,146.4274139404297,146.5002899169922,64640
1728777600,146.41119384765625,146.96612548828125,145.17909240722656,145.17909240722656,7951232
1728792000,145.1937255859375,146.8919219970703,145.1937255859375,146.27542114257812,10356096
1728806400,146.3111114501953,148.18612670898438,146.3111114501953,146.62586975097656,63228544
1728820800,146.61891174316406,147.90814208984375,144.66087341308594,145.2816619873047,50702848
1728835200,145.28732299804688,146.3652801513672,144.8255615234375,145.97894287109375,21037696
1728849600,145.98287963867188,148.63467407226562,145.73081970214844,147.5724334716797,126223616
1728864000,147.55039978027344,152.1453094482422,147.01768493652344,152.1453094482422,276961152
1728878400,152.16217041015625,153.0298309326172,150.9443817138672,152.85140991210938,364148224
1728892800,152.8741455078125,153.43960571289062,152.0753936767578,153.0135955810547,149417472
1728907200,153.00257873535156,157.6383514404297,152.6350555419922,157.11761474609375,493267200
1728921600,157.01341247558594,157.01341247558594,154.8343048095703,155.6575469970703,274681344
1728936000,155.6704864501953,157.75314331054688,155.4770050048828,157.44512939453125,85323264
1728950400,157.4617919921875,157.95852661132812,155.43211364746094,155.43211364746094,68164608
1728964800,155.44203186035156,156.10098266601562,153.75946044921875,155.10150146484375,4704256
1728979200,155.10198974609375,155.35765075683594,152.17588806152344,152.17588806152344,78165760
1728993600,152.2417449951172,158.7029266357422,151.0033721923828,153.32244873046875,619476224
1729008000,153.35032653808594,156.13844299316406,153.31173706054688,155.14645385742188,118010880
1729022400,155.15948486328125,155.15948486328125,152.69082641601562,154.7206268310547,109424384
1729036800,154.736328125,155.9034881591797,153.17202758789062,154.28515625,67740416
1729051200,154.21786499023438,154.81898498535156,153.09375,153.58331298828125,19608832
1729065600,153.58689880371094,158.0610809326172,153.53152465820312,156.4488067626953,160194816
1729080000,156.08956909179688,156.56573486328125,154.20156860351562,155.6212921142578,0
1729094400,155.6187744140625,155.72303771972656,154.22958374023438,154.5330352783203,0
1729108800,154.43751525878906,155.05813598632812,153.74147033691406,154.23817443847656,0
1729123200,154.3010711669922,155.54168701171875,153.8196563720703,154.6307373046875,0
1729137600,154.62777709960938,154.6857452392578,151.84661865234375,152.4877471923828,70251776
1729152000,152.51446533203125,153.30970764160156,151.2147216796875,151.32266235351562,0
1729166400,151.30111694335938,153.06932067871094,150.97454833984375,152.7787322998047,12529280
1729180800,152.80258178710938,152.80258178710938,147.95921325683594,149.51107788085938,195665664
1729195200,149.48402404785156,150.82408142089844,149.41238403320312,150.3227081298828,1107712
1729209600,150.3416748046875,153.11598205566406,149.70663452148438,151.8927459716797,62615808
1729224000,151.87049865722656,154.10545349121094,151.87049865722656,153.87741088867188,381440
1729238400,153.88128662109375,154.0438995361328,152.94549560546875,152.94549560546875,0
1729252800,152.9486083984375,155.03680419921875,152.2563934326172,154.9646453857422,5073792
1729267200,154.76564025878906,156.52565002441406,153.9314727783203,154.71658325195312,0
1729281600,154.7530059814453,155.0540313720703,153.9951934814453,154.97593688964844,945664
1729296000,154.97915649414062,155.80006408691406,154.23704528808594,154.63485717773438,9895808
1729310400,154.61317443847656,155.0404510498047,154.2212371826172,154.42031860351562,12083200
1729324800,154.44210815429688,155.0003662109375,154.37338256835938,154.37338256835938,0
1729339200,153.92425537109375,157.37200927734375,153.92425537109375,156.4493865966797,3748480
1729353600,156.45542907714844,156.7609405517578,155.43502807617188,156.36317443847656,0
1729368000,156.3572540283203,159.69007873535156,156.24705505371094,159.64122009277344,197745792
1729382400,159.64895629882812,160.27406311035156,158.24240112304688,158.98036193847656,182620288
1729396800,158.9703826904297,160.40487670898438,158.650634765625,158.74765014648438,133116544
1729411200,158.76303100585938,159.33779907226562,158.54087829589844,159.1078643798828,22251904
1729425600,159.12197875976562,161.0742950439453,157.7938232421875,159.92471313476562,234297088
1729440000,159.94024658203125,161.00355529785156,159.46788024902344,160.4199676513672,64691840
1729454400,160.39996337890625,167.5801544189453,160.2442169189453,166.941650390625,550974208
1729468800,167.39793395996094,169.81480407714844,167.31890869140625,169.26177978515625,406710784
1729483200,169.3076171875,171.37916564941406,168.70343017578125,168.9118194580078,274009856
1729497600,168.70518493652344,169.3677215576172,165.83924865722656,166.12095642089844,447701760
1729512000,166.132568359375,166.86080932617188,161.88427734375,164.81141662597656,377165056
1729526400,164.86680603027344,167.83912658691406,163.19427490234375,167.6649627685547,344795904
1729540800,167.6331329345703,167.95782470703125,166.2212371826172,166.25555419921875,0
1729555200,166.21241760253906,167.60557556152344,163.3733673095703,166.29673767089844,0
1729569600,166.31304931640625,168.74285888671875,166.30776977539062,166.99058532714844,0
1729584000,166.9954071044922,168.51116943359375,163.84657287597656,167.8782958984375,125049600
1729598400,167.85003662109375,170.7547149658203,165.1706085205078,168.02798461914062,326676224
1729612800,168.0161895751953,168.73048400878906,166.07943725585938,168.46408081054688,0
1729627200,168.42019653320312,169.00294494628906,166.97268676757812,167.26063537597656,2475776
1729641600,167.29869079589844,167.56671142578125,164.7089385986328,165.38031005859375,54298368
1729656000,165.37777709960938,166.2128448486328,164.40513610839844,165.20437622070312,33192960
1729670400,165.25889587402344,166.6962127685547,164.23245239257812,166.02928161621094,0
1729684800,166.0692138671875,169.12997436523438,165.2218475341797,167.8442840576172,19207168
1729699200,167.8850555419922,172.87738037109375,164.87313842773438,172.25172424316406,769374208
1729713600,172.28761291503906,173.79420471191406,170.11767578125,171.11087036132812,285480192
1729728000,171.07656860351562,174.65069580078125,170.53855895996094,174.18975830078125,261339392
1729742400,174.18589782714844,174.88327026367188,172.7593994140625,173.2618865966797,53882624
1729756800,173.27122497558594,174.01817321777344,171.03062438964844,173.72113037109375,108119808
1729771200,173.72927856445312,176.7284698486328,173.7013702392578,175.38087463378906,138093824
1729785600,175.33226013183594,177.3489990234375,174.79803466796875,177.30526733398438,0
1729800000,177.2641143798828,178.98582458496094,176.5529327392578,177.1569366455078,13693184
1729814400,177.15060424804688,177.18955993652344,174.42393493652344,174.54324340820312,0
1729828800,174.538330078125,174.72613525390625,171.5538330078125,171.56649780273438,72318208
1729843200,171.69076538085938,173.848876953125,170.94482421875,173.46165466308594,106235648
1729857600,173.4674530029297,176.9920196533203,171.60403442382812,172.25543212890625,107145728
1729872000,172.3778076171875,172.8231964111328,165.555419921875,168.07241821289062,735275264
1729886400,168.0303497314453,168.34686279296875,160.08876037597656,164.75047302246094,759845888
1729900800,164.65237426757812,165.5317840576172,162.443359375,165.5039825439453,305587712
1729915200,165.47427368164062,168.82806396484375,165.34678649902344,167.38755798339844,48772608
1729929600,167.35403442382812,170.03939819335938,167.27517700195312,168.44081115722656,0
1729944000,168.44964599609375,169.1486053466797,167.39256286621094,168.38169860839844,0
1729958400,168.43087768554688,171.8861541748047,168.43087768554688,171.33383178710938,0
1729972800,171.34408569335938,172.79608154296875,170.5618133544922,170.70596313476562,0
1729987200,170.65560913085938,172.88809204101562,170.20193481445312,171.91795349121094,0
1730001600,171.95538330078125,173.169677734375,171.60260009765625,173.09410095214844,0
1730016000,173.09288024902344,175.1436767578125,173.0770263671875,173.8844757080078,86368384
1730030400,173.87557983398438,176.6972198486328,173.87557983398438,175.67486572265625,179933824
1730044800,175.71730041503906,177.2333221435547,174.78143310546875,177.00222778320312,209940736
1730059200,176.98910522460938,177.8749237060547,176.50482177734375,176.55368041992188,54822656
1730073600,176.48793029785156,176.76995849609375,174.78500366210938,175.32498168945312,96213760
1730088000,175.32513427734375,176.27374267578125,173.11871337890625,175.60122680664062,254765824
1730102400,175.57859802246094,178.09954833984375,175.5594024658203,176.65499877929688,104902656
1730116800,176.67857360839844,177.60874938964844,173.5919647216797,173.5919647216797,301101824
1730131200,173.26441955566406,177.7273712158203,172.877197265625,175.9857635498047,191093504
1730145600,176.095458984375,179.4002685546875,175.849609375,178.08795166015625,318366464
1730160000,178.1082763671875,181.8560791015625,177.3282012939453,181.36904907226562,480040448
1730174400,181.43612670898438,182.37164306640625,179.59263610839844,179.87229919433594,30563584
1730188800,179.87315368652344,181.51702880859375,179.87315368652344,180.6351776123047,36538112
1730203200,180.66534423828125,180.7223358154297,178.492919921875,180.59693908691406,0
1730217600,180.50485229492188,182.99427795410156,178.46888732910156,178.50180053710938,275990272
1730232000,178.4318389892578,180.03814697265625,176.89955139160156,179.36074829101562,150971648
1730246400,179.3424530029297,180.5790557861328,177.34117126464844,180.08953857421875,12195072
1730260800,180.10092163085938,181.1456298828125,178.2832489013672,178.4947509765625,0
1730275200,178.62644958496094,179.20018005371094,175.50750732421875,175.74880981445312,62851840
1730289600,175.76119995117188,176.9902801513672,173.43458557128906,174.05738830566406,31979776
1730304000,174.08262634277344,175.63775634765625,173.55702209472656,174.4853973388672,0
1730318400,174.45021057128906,176.7830352783203,173.47698974609375,174.92507934570312,15044096
1730332800,174.91639709472656,176.2587890625,174.25006103515625,174.2511749267578,19447808
1730347200,174.24929809570312,175.86380004882812,173.33966064453125,174.5039520263672,49078016
1730361600,174.50338745117188,176.1962890625,173.5546417236328,175.03443908691406,18362880
1730376000,175.02056884765625,175.1377716064453,169.8064422607422,170.80686950683594,137785088
1730390400,170.7475128173828,170.7475128173828,168.61451721191406,168.61451721191406,85183744
1730404800,168.55421447753906,169.8860321044922,167.5795135498047,168.4302215576172,60141056
1730419200,168.44056701660156,169.01966857910156,165.7906494140625,166.9077606201172,215919872
1730433600,166.91041564941406,167.38983154296875,165.0407257080078,165.93731689453125,30586880
1730448000,165.9272003173828,168.43408203125,165.5462188720703,167.7084197998047,52719872
1730462400,167.69586181640625,173.80752563476562,164.45388793945312,165.2456817626953,305250048
1730476800,165.0144805908203,167.61329650878906,164.0518798828125,166.4444580078125,186926336
1730491200,166.49571228027344,166.96803283691406,164.15428161621094,166.27597045898438,8495616
1730505600,166.24818420410156,168.445556640625,166.1659393310547,166.8878173828125,0
1730520000,166.93153381347656,167.56198120117188,165.80238342285156,167.55828857421875,4973056
1730534400,167.56895446777344,167.6947021484375,166.08834838867188,166.08834838867188,0
1730548800,166.10162353515625,166.222900390625,162.42306518554688,163.72457885742188,0
1730563200,163.73101806640625,165.2423858642578,163.22816467285156,165.0795440673828,0
1730577600,165.085205078125,166.8483428955078,165.085205078125,166.01205444335938,27757568
1730592000,166.08416748046875,166.3621063232422,161.31480407714844,162.2609405517578,300781184
1730606400,162.20364379882812,163.87693786621094,162.00741577148438,163.55491638183594,80074112
1730620800,163.53594970703125,164.66798400878906,162.74559020996094,163.6334228515625,88481536
1730635200,163.65475463867188,164.41162109375,158.1464080810547,159.81088256835938,205395072
1730649600,159.8901824951172,161.65277099609375,158.4506072998047,160.8680419921875,201575424
1730664000,161.09896850585938,163.62559509277344,160.77171325683594,162.54742431640625,164067072
1730678400,162.56448364257812,164.63865661621094,160.67959594726562,162.92233276367188,85826560
1730692800,162.83041381835938,163.5616912841797,161.42298889160156,161.42831420898438,48725504
1730707200,161.39891052246094,164.46194458007812,160.1744384765625,164.2311248779297,225186816
1730721600,164.204345703125,164.70399475097656,161.75595092773438,163.09542846679688,46499840
1730736000,163.07640075683594,163.09202575683594,159.13421630859375,159.7149658203125,49105408
1730750400,159.6976318359375,159.6976318359375,155.19366455078125,157.72821044921875,245833984
1730764800,157.811767578125,159.37252807617188,156.98980712890625,159.37252807617188,26302464
1730779200,159.4251251220703,162.06192016601562,159.4251251220703,162.04640197753906,73772032
1730793600,161.9898681640625,162.85606384277344,161.1422882080078,162.365966796875,2968576
1730808000,162.3652801513672,167.62210083007812,161.94850158691406,165.81146240234375,384738048
1730822400,165.82144165039062,169.12452697753906,164.52369689941406,164.52369689941406,203993088
1730836800,164.63157653808594,167.48143005371094,164.2638702392578,166.7545623779297,122084608
1730851200,166.72686767578125,184.2676239013672,166.6989288330078,184.2676239013672,2261944064
1730865600,184.36367797851562,187.80804443359375,182.95333862304688,183.82296752929688,2297843712
1730880000,183.8267364501953,186.53631591796875,180.34938049316406,186.53631591796875,1056757248
1730894400,186.55984497070312,188.15858459472656,184.83180236816406,185.79061889648438,454534144
1730908800,185.74996948242188,188.2361602783203,185.00254821777344,188.2361602783203,114764800
1730923200,188.30064392089844,189.8869171142578,186.84547424316406,186.9547882080078,419224576
1730937600,186.90252685546875,191.78231811523438,186.1515350341797,188.8811492919922,0
1730952000,188.91880798339844,189.9263153076172,186.24586486816406,188.13902282714844,0
1730966400,188.0884552001953,189.14584350585938,186.3280029296875,186.3280029296875,0
1730980800,186.1884002685547,192.03005981445312,186.1884002685547,192.03005981445312,0
1730995200,192.1876983642578,197.7666778564453,191.60264587402344,196.62908935546875,629007872
1731009600,197.03640747070312,197.89535522460938,194.61741638183594,196.3345947265625,10070528
1731024000,196.34213256835938,200.56178283691406,196.0282440185547,198.2696990966797,333186048
1731038400,198.28306579589844,200.6478271484375,197.66481018066406,200.6478271484375,172047360
1731052800,200.67015075683594,204.80113220214844,198.46453857421875,203.4520721435547,674378240
1731067200,203.3516387939453,204.96975708007812,198.7587127685547,200.8429718017578,532581376
1731081600,201.01210021972656,201.64166259765625,196.70849609375,200.1896209716797,0
1731096000,200.16885375976562,200.2041473388672,197.52793884277344,199.93960571289062,13990400
1731110400,199.65846252441406,200.0560302734375,197.57286071777344,198.78367614746094,0
1731124800,198.8359832763672,202.29266357421875,198.8359832763672,200.3202362060547,76645888
1731139200,200.35484313964844,203.34654235839844,200.28988647460938,202.35816955566406,0
1731153600,202.3606719970703,202.44735717773438,197.68511962890625,198.45864868164062,0
1731168000,198.4494171142578,199.47802734375,195.48709106445312,198.07777404785156,0
1731182400,198.04933166503906,201.93218994140625,197.6395263671875,200.19691467285156,124827136
1731196800,200.13446044921875,204.76715087890625,199.0002899169922,201.71559143066406,535164928
1731211200,201.68637084960938,208.68043518066406,201.32664489746094,205.35899353027344,940366592
1731225600,205.2914581298828,207.09312438964844,204.3746795654297,207.0337677001953,274257408
1731240000,207.00628662109375,212.9716796875,203.9586639404297,212.3784637451172,1137709568
1731254400,212.43675231933594,215.04776000976562,207.36233520507812,207.808837890625,1077237760
1731268800,208.00975036621094,213.27911376953125,200.6615447998047,210.6142578125,1252081152
1731283200,210.4451904296875,212.08056640625,208.7108154296875,210.2356719970703,266361344
1731297600,210.25148010253906,210.25148010253906,204.56396484375,208.4899139404297,148516352
1731312000,208.40347290039062,217.17523193359375,207.1614990234375,217.17523193359375,1140973056
1731326400,217.20187377929688,220.44754028320312,214.9768524169922,218.98236083984375,514053120
1731340800,218.9677276611328,221.52728271484375,216.94493103027344,218.13905334472656,219431936
1731355200,218.12939453125,223.2198028564453,217.37374877929688,222.6416778564453,425180160
1731369600,222.60452270507812,222.60452270507812,216.1564178466797,220.5926055908203,514845696
1731384000,220.6106414794922,221.4586181640625,216.78311157226562,221.11404418945312,147919872
1731398400,221.27940368652344,224.99130249023438,209.7386016845703,211.95614624023438,1339095040
1731412800,211.80618286132812,213.48606872558594,205.480224609375,210.68765258789062,522942464
1731427200,210.71994018554688,215.49742126464844,207.1944580078125,213.75868225097656,34440192
1731441600,213.76951599121094,215.18153381347656,210.65054321289062,212.2080078125,0
1731456000,212.19261169433594,213.0652618408203,204.66273498535156,204.69070434570312,0
1731470400,204.61720275878906,207.2447509765625,201.49745178222656,205.46722412109375,393792512
1731484800,205.4886932373047,209.21778869628906,204.4412078857422,207.59835815429688,0
1731499200,207.70639038085938,217.0045166015625,206.79945373535156,216.3098602294922,872067072
1731513600,216.3618927001953,220.28150939941406,211.0044708251953,211.14852905273438,1094736896
1731528000,211.09169006347656,215.4772186279297,206.65904235839844,215.18446350097656,372369408
1731542400,215.18136596679688,218.948486328125,212.82025146484375,218.948486328125,96795648
1731556800,219.04043579101562,220.54052734375,215.80946350097656,218.64169311523438,0
1731571200,218.64816284179688,222.5880126953125,213.9123077392578,216.34478759765625,394883072
1731585600,216.28062438964844,217.6033477783203,210.14852905273438,211.19554138183594,40381440
1731600000,211.08180236816406,216.8565216064453,210.47958374023438,215.8116912841797,0
1731614400,215.82452392578125,215.82452392578125,207.67039489746094,209.2190704345703,102827520
1731628800,209.29876708984375,212.82037353515625,208.42352294921875,209.54379272460938,50362880
1731643200,209.45849609375,210.47738647460938,204.85015869140625,209.5420379638672,0
1731657600,209.5194549560547,213.7630157470703,208.46890258789062,213.50076293945312,0
1731672000,213.51531982421875,215.00851440429688,207.26121520996094,207.89694213867188,0
1731686400,208.0060272216797,213.34884643554688,208.0060272216797,212.1306915283203,29003776
1731700800,212.47467041015625,220.08639526367188,212.47467041015625,218.56936645507812,148131840
1731715200,218.55056762695312,221.25924682617188,216.2246856689453,221.25924682617188,41810944
1731729600,221.2544708251953,221.5192413330078,218.71836853027344,219.5034942626953,4321280
1731744000,219.41897583007812,219.67347717285156,216.90943908691406,218.61306762695312,32846848
1731758400,218.64511108398438,221.09056091308594,214.44827270507812,214.91368103027344,224350208
1731772800,214.9741973876953,216.83087158203125,213.82273864746094,216.34002685546875,0
1731787200,216.34524536132812,217.298828125,214.4754180908203,215.8488311767578,0
1731801600,215.77532958984375,220.672607421875,212.7832489013672,220.672607421875,421805568
1731816000,220.74879455566406,239.09007263183594,220.74879455566406,237.2319793701172,2730085888
1731830400,237.22592163085938,240.9942169189453,235.70147705078125,235.70147705078125,1139008512
1731844800,235.2930145263672,235.60415649414062,230.46424865722656,233.9571990966797,355275776
1731859200,234.0341796875,235.43690490722656,231.7626953125,235.3650360107422,245090304
1731873600,235.38327026367188,238.02073669433594,232.38157653808594,237.57553100585938,598950912
1731888000,237.5972442626953,243.6229705810547,234.44590759277344,243.6229705810547,300879872
1731902400,243.65414428710938,244.8750762939453,240.220458984375,242.16514587402344,0
1731916800,242.1849822998047,248.18618774414062,240.08377075195312,242.0851287841797,209115648
1731931200,242.51251220703125,244.6199951171875,238.72625732421875,243.65194702148438,397817856
1731945600,243.7086181640625,243.7086181640625,234.89784240722656,237.13241577148438,662887424
1731960000,237.06141662597656,240.68350219726562,236.3936309814453,239.80088806152344,143559680
1731974400,239.8240509033203,243.32237243652344,238.2971954345703,241.078369140625,0
1731988800,241.0138702392578,243.91860961914062,239.2913360595703,243.39956665039062,0
1732003200,243.42100524902344,246.74929809570312,242.32785034179688,246.27940368652344,44659712
1732017600,246.26834106445312,247.07212829589844,238.93991088867188,240.6066436767578,15572992
1732032000,240.59950256347656,244.4214630126953,240.55908203125,243.79904174804688,66142720
1732046400,243.83570861816406,244.3272247314453,234.2058563232422,238.0925750732422,362305536
1732060800,237.91470336914062,237.91470336914062,231.14617919921875,233.6996307373047,260595712
1732075200,233.7882843017578,236.45350646972656,232.38853454589844,236.2545928955078,31679488
1732089600,236.218017578125,238.85122680664062,235.32400512695312,237.8855438232422,9981952
1732104000,237.87843322753906,242.09312438964844,236.38356018066406,238.28929138183594,89868800
1732118400,238.45590209960938,238.7346954345703,231.3976287841797,233.11436462402344,271818752
1732132800,233.12583923339844,238.0211181640625,232.34910583496094,235.42739868164062,16333824
1732147200,235.383544921875,238.67271423339844,230.34585571289062,236.3411865234375,87086592
1732161600,236.30068969726562,242.48622131347656,236.20272827148438,241.603515625,839688192
1732176000,241.58621215820312,243.23416137695312,240.25827026367188,240.25827026367188,136045568
1732190400,240.23785400390625,251.97543334960938,240.20057678222656,249.24697875976562,1784734208
1732204800,249.02769470214844,258.9019470214844,248.93275451660156,254.21591186523438,1279299584
1732219200,254.1328125,257.5080261230469,253.40797424316406,257.0814208984375,287837184
1732233600,256.87896728515625,263.63140869140625,253.2446746826172,262.9331970214844,677303296
1732248000,262.9425354003906,262.9425354003906,258.46209716796875,259.67138671875,6758400
1732262400,259.67633056640625,260.8498229980469,256.691650390625,259.3274841308594,16050176
1732276800,259.3270568847656,260.26318359375,253.00619506835938,256.3314208984375,0
1732291200,256.37530517578125,256.37530517578125,252.15631103515625,254.13262939453125,0
1732305600,254.1492462158203,257.4695739746094,253.82493591308594,256.5181579589844,0
1732320000,256.70538330078125,257.5948791503906,254.0345916748047,257.1190185546875,0
1732334400,257.1650695800781,263.780029296875,257.1650695800781,258.53411865234375,415568384
1732348800,258.52886962890625,259.5361633300781,256.4263000488281,256.45635986328125,0
1732363200,256.435791015625,263.3665466308594,256.3354187011719,260.4570007324219,104388608
1732377600,260.39697265625,260.39697265625,254.75363159179688,254.93226623535156,444920832
1732392000,254.89120483398438,256.0919494628906,253.26597595214844,255.1785125732422,20306944
1732406400,255.18809509277344,259.60406494140625,255.0353240966797,258.4449462890625,549888
1732420800,258.49029541015625,259.2470397949219,254.58859252929688,256.7273254394531,0
1732435200,256.75,256.93560791015625,248.75083923339844,248.90655517578125,312280064
1732449600,248.92813110351562,250.1311492919922,243.35067749023438,244.59295654296875,563454464
1732464000,244.5410919189453,250.19094848632812,244.27455139160156,248.83128356933594,24509952
1732478400,248.75802612304688,254.74839782714844,248.68885803222656,252.8877716064453,116780544
1732492800,252.8877716064453,252.99807739257812,246.5378875732422,252.4901580810547,8510464
1732507200,252.5062713623047,254.1254119873047,252.10671997070312,253.7222137451172,113606656
1732521600,253.64732360839844,256.34857177734375,251.8350372314453,252.41751098632812,100926464
1732536000,252.39720153808594,252.43399047851562,237.44935607910156,246.33644104003906,749726720
1732550400,246.10023498535156,246.10023498535156,238.0423583984375,239.8531951904297,468802560
1732564800,239.8433074951172,240.61231994628906,231.61334228515625,234.4456787109375,560575488
1732579200,234.19027709960938,239.2313690185547,233.8980712890625,237.94857788085938,144869888
1732593600,237.84495544433594,239.6025848388672,235.40896606445312,235.8956298828125,55465472
1732608000,235.79119873046875,236.48655700683594,223.17706298828125,227.27557373046875,1136591360
1732622400,227.29568481445312,232.239501953125,226.08209228515625,228.30657958984375,306195456
1732636800,228.25196838378906,232.22508239746094,224.02456665039062,228.2438201904297,145826304
1732651200,228.36561584472656,231.8804931640625,227.98367309570312,230.9722137451172,79703040
1732665600,230.88734436035156,233.48143005371094,228.6521759033203,231.76394653320312,81334784
1732680000,231.4645233154297,234.80169677734375,228.14300537109375,234.57119750976562,240423936
1732694400,234.54925537109375,236.80850219726562,232.35606384277344,235.0809326171875,0
1732708800,235.02658081054688,240.86947631835938,232.82412719726562,240.86947631835938,0
1732723200,240.81674194335938,240.97445678710938,238.17613220214844,239.23658752441406,15785472
1732737600,239.32708740234375,242.85336303710938,239.32708740234375,242.3004608154297,145909760
1732752000,242.27574157714844,245.18954467773438,238.6639862060547,240.30825805664062,222187520
1732766400,240.33522033691406,241.14486694335938,237.19654846191406,237.7132110595703,20962816
1732780800,237.84353637695312,238.87545776367188,234.8407440185547,237.05108642578125,543744
1732795200,237.0412139892578,237.41693115234375,233.2782440185547,233.45530700683594,0
1732809600,233.4269561767578,236.96275329589844,233.30282592773438,235.35610961914062,0
1732824000,235.44737243652344,238.2819061279297,235.1071319580078,237.76397705078125,8474880
1732838400,237.7576904296875,242.7393798828125,236.8212432861328,241.65969848632812,34522880
1732852800,241.7618408203125,242.1298065185547,237.8783416748047,237.8783416748047,55495424
1732867200,237.83346557617188,245.42417907714844,237.83346557617188,245.3881072998047,78822144
1732881600,245.3702392578125,246.77394104003906,242.72225952148438,244.51541137695312,219992064
1732896000,244.3177947998047,244.6378936767578,240.3504638671875,241.3790283203125,217469696
1732910400,241.39508056640625,245.33615112304688,241.29986572265625,243.54884338378906,80763904
1732924800,243.41766357421875,243.41766357421875,239.48736572265625,243.0795440673828,119293440
1732939200,243.0567626953125,245.05709838867188,242.1109619140625,244.1884307861328,84181504
1732953600,244.2082977294922,245.18984985351562,240.4442596435547,241.4476318359375,96327936
1732968000,241.49264526367188,242.9309539794922,239.08248901367188,240.15560913085938,0
1732982400,240.07916259765625,240.33970642089844,239.10275268554688,240.1685028076172,0
1732996800,240.15029907226562,241.0903778076172,237.74383544921875,237.74383544921875,64881664
1733011200,237.73509216308594,239.76890563964844,234.5394744873047,235.72927856445312,226699008
1733025600,235.7113494873047,236.87301635742188,235.36709594726562,235.75360107421875,5431296
1733040000,235.72616577148438,238.58480834960938,235.64012145996094,236.97996520996094,34828544
1733054400,237.1238250732422,239.32440185546875,236.72265625,238.5486602783203,0
1733068800,238.6025390625,239.41513061523438,235.3000946044922,236.3486785888672,156087040
1733083200,236.3528289794922,238.93612670898438,234.8134307861328,237.08856201171875,232689408
1733097600,237.09986877441406,237.83827209472656,228.78919982910156,228.78919982910156,416438272
1733112000,228.86215209960938,230.15432739257812,226.78976440429688,228.80905151367188,880834816
1733126400,228.78286743164062,228.78286743164062,223.26666259765625,225.19235229492188,695883776
1733140800,225.02638244628906,229.42086791992188,221.98507690429688,229.42086791992188,870244864
1733155200,229.5145721435547,229.90780639648438,220.65762329101562,223.7064971923828,642678272
1733169600,223.8316650390625,225.73092651367188,221.49720764160156,225.73092651367188,150647296
1733184000,225.76910400390625,229.1563262939453,223.61534118652344,228.13787841796875,85675520
1733198400,228.14761352539062,230.57363891601562,225.58248901367188,227.15606689453125,147126272
1733212800,227.0725860595703,228.2659149169922,223.37449645996094,225.55020141601562,0
1733227200,225.55397033691406,225.6165008544922,216.5264129638672,223.0016632080078,1081281024
1733241600,223.10745239257812,228.32064819335938,221.07752990722656,228.26512145996094,41058816
1733256000,228.25958251953125,239.26632690429688,228.19017028808594,234.2003173828125,1307185664
1733270400,234.1586151123047,240.29598999023438,234.1586151123047,237.90390014648438,424529408
1733284800,237.8995361328125,240.6196746826172,236.53660583496094,236.65365600585938,94160896
1733299200,236.67547607421875,237.57705688476562,235.40794372558594,236.06240844726562,15742464
1733313600,236.05404663085938,236.1138458251953,230.30776977539062,233.41786193847656,63982080
1733328000,233.5015411376953,233.94662475585938,225.25982666015625,233.02066040039062,167426560
1733342400,233.04222106933594,236.07632446289062,226.45877075195312,229.01226806640625,85506048
1733356800,229.1403045654297,237.37045288085938,223.55630493164062,233.1606903076172,706431488
1733371200,233.13119506835938,237.85757446289062,231.84693908691406,234.2847442626953,399214080
1733385600,234.2894287109375,241.5185546875,233.9663543701172,241.5185546875,393128448
1733400000,241.5541229248047,244.67587280273438,237.40982055664062,239.52047729492188,597610496
1733414400,239.5159454345703,242.70831298828125,232.76304626464844,232.97109985351562,75596288
1733428800,232.98590087890625,240.65374755859375,229.2353515625,236.54147338867188,807855616
1733443200,236.35997009277344,246.41836547851562,235.1614227294922,241.8902130126953,707005440
1733457600,242.00726318359375,242.78518676757812,238.3634033203125,239.22071838378906,0
1733472000,239.25213623046875,240.3422088623047,234.0067901611328,234.21401977539062,0
1733486400,234.263916015625,239.91351318359375,231.52500915527344,237.58343505859375,48781312
1733500800,238.27967834472656,240.34039306640625,238.0240478515625,240.1602325439453,86769152
1733515200,240.1408233642578,241.01763916015625,236.0861358642578,237.0510711669922,0
1733529600,237.18505859375,237.5045928955078,234.674072265625,235.4888458251953,0
1733544000,235.4299774169922,236.73312377929688,235.15216064453125,236.50051879882812,0
1733558400,236.58018493652344,239.3108673095703,235.48114013671875,238.6702880859375,0
1733572800,238.4923858642578,242.967041015625,237.7884063720703,240.9645538330078,23536128
1733587200,240.9261474609375,242.37171936035156,239.43618774414062,242.1128387451172,0
1733601600,241.9151611328125,243.0997772216797,238.54795837402344,238.54795837402344,67756544
1733616000,238.35028076171875,241.417724609375,238.09962463378906,240.99034118652344,25793024
1733630400,240.94723510742188,241.02610778808594,237.02310180664062,237.9205780029297,84849408
1733644800,237.9051055908203,237.9051055908203,233.731689453125,236.2775115966797,71020544
1733659200,236.28155517578125,237.5742950439453,235.0067138671875,237.50669860839844,52155392
1733673600,237.5118865966797,237.57533264160156,234.36691284179688,236.1832275390625,0
1733688000,236.27650451660156,237.53660583496094,234.86752319335938,237.4574432373047,645632
1733702400,237.28335571289062,237.28335571289062,230.6139678955078,231.7985076904297,256690688
1733716800,231.86410522460938,232.74990844726562,228.90240478515625,231.93634033203125,277326848
1733731200,231.7454833984375,231.7454833984375,225.75779724121094,226.47653198242188,240719872
1733745600,226.4582061767578,231.50848388671875,223.3354949951172,223.958251953125,781382144
1733760000,223.91110229492188,225.75784301757812,222.1182861328125,222.1182861328125,437359104
1733774400,222.0665740966797,223.32879638671875,209.74290466308594,217.32894897460938,3490743296
1733788800,217.321533203125,220.6219482421875,208.13282775878906,214.98574829101562,980796416
1733803200,215.37869262695312,218.6165771484375,213.09835815429688,217.30406188964844,346304512
1733817600,217.31436157226562,218.4037628173828,215.60008239746094,216.5653076171875,23931904
1733832000,216.50479125976562,218.1622772216797,207.8809814453125,207.8809814453125,591422464
1733846400,207.7367401123047,212.4671173095703,203.87379455566406,212.4671173095703,1378267136
1733860800,212.42800903320312,216.24586486816406,211.75482177734375,213.83522033691406,0
1733875200,213.8067626953125,219.17002868652344,212.0869140625,219.17002868652344,164441600
1733889600,219.2285614013672,220.3291473388672,217.29261779785156,218.9296417236328,0
1733904000,218.87533569335938,225.28587341308594,218.71653747558594,225.1382293701172,224598528
1733918400,225.0470733642578,230.18154907226562,224.65431213378906,228.70596313476562,0
1733932800,228.68951416015625,230.4328155517578,227.94796752929688,229.84487915039062,0
1733947200,229.86573791503906,230.46664428710938,227.1456298828125,227.44427490234375,0
1733961600,227.44725036621094,231.8914794921875,225.96974182128906,230.1776885986328,25157632
1733976000,230.30906677246094,232.79229736328125,229.43093872070312,230.06051635742188,139682816
1733990400,230.07920837402344,233.33624267578125,228.64517211914062,229.11300659179688,0
1734004800,229.23533630371094,232.73760986328125,229.23533630371094,231.19007873535156,0
1734019200,231.26690673828125,234.2558135986328,226.96458435058594,227.17872619628906,227537408
1734033600,227.2359619140625,229.235595703125,226.0500946044922,227.02671813964844,129789952
1734048000,227.0118408203125,228.26454162597656,224.58323669433594,227.6061553955078,70042112
1734062400,227.5288543701172,227.5288543701172,223.59915161132812,225.00656127929688,41284096
1734076800,224.96279907226562,226.85972595214844,224.3197021484375,226.05087280273438,0
1734091200,225.9663848876953,226.50990295410156,221.02395629882812,221.02395629882812,90860544
1734105600,221.18319702148438,223.5811309814453,220.9219512939453,223.4171905517578,99138048
1734120000,223.40347290039062,224.83729553222656,223.25314331054688,224.83729553222656,11144704
1734134400,224.7465057373047,226.76840209960938,224.00440979003906,226.1494903564453,0
1734148800,226.15870666503906,227.2398681640625,225.2661590576172,226.24472045898438,0
1734163200,226.19720458984375,226.6344757080078,224.56610107421875,224.56610107421875,0
1734177600,224.38250732421875,224.5224151611328,220.76455688476562,222.57574462890625,0
1734192000,222.5709686279297,222.5709686279297,217.03648376464844,218.1002960205078,28676096
1734206400,218.10337829589844,220.67042541503906,215.34619140625,219.84075927734375,120903936
1734220800,219.83131408691406,221.4725341796875,219.14080810546875,219.80035400390625,0
1734235200,219.69430541992188,221.5894317626953,215.91073608398438,217.1997833251953,104064768
1734249600,217.19720458984375,219.9604949951172,216.9679412841797,218.3459014892578,81312256
1734264000,218.36827087402344,221.22874450683594,217.9337615966797,220.76422119140625,55369984
1734278400,220.77420043945312,222.2447052001953,220.62655639648438,221.372314453125,0
1734292800,221.32737731933594,224.9547882080078,216.49046325683594,223.6561279296875,359568128
1734307200,223.93238830566406,226.919189453125,220.6759033203125,221.01821899414062,573909248
1734321600,221.1145782470703,223.59898376464844,220.8271484375,222.66517639160156,55889664
1734336000,222.7307891845703,223.0368194580078,213.87026977539062,213.90725708007812,530502912
1734350400,214.06039428710938,217.7388916015625,213.49420166015625,216.917724609375,535446784
1734364800,216.93380737304688,221.58734130859375,216.93380737304688,218.5765380859375,618886656
1734379200,218.58033752441406,218.8894805908203,216.10621643066406,216.33377075195312,110987264
1734393600,216.3208770751953,216.3473663330078,212.0579376220703,215.25767517089844,21477888
1734408000,215.27703857421875,216.28248596191406,213.299560546875,215.5220947265625,102591488
1734422400,215.5560302734375,223.3575897216797,215.5560302734375,221.63223266601562,240557568
1734436800,221.66293334960938,227.25999450683594,217.35708618164062,220.886474609375,479172096
1734451200,220.61801147460938,228.64996337890625,220.25917053222656,227.3807830810547,545306112
1734465600,227.3738250732422,227.8217315673828,221.8951873779297,222.82318115234375,282772992
1734480000,222.8674774169922,225.72677612304688,217.24502563476562,217.8109130859375,165084672
1734494400,217.74143981933594,217.83262634277344,213.97671508789062,216.01571655273438,447322624
1734508800,216.00411987304688,218.6876983642578,215.49337768554688,217.6029052734375,19546624
1734523200,217.63685607910156,218.32711791992188,214.8241424560547,217.53009033203125,0
1734537600,217.5922393798828,217.70291137695312,212.96827697753906,212.97254943847656,171059712
1734552000,212.74380493164062,212.74380493164062,205.0570831298828,206.3828125,1386413056
1734566400,206.4278106689453,208.91311645507812,200.3612823486328,208.84866333007812,734929408
1734580800,208.85028076171875,211.98939514160156,207.5242462158203,211.91537475585938,0
1734595200,211.7222442626953,211.7222442626953,208.2642822265625,210.39501953125,9602048
1734609600,210.3699188232422,210.6311492919922,202.7806396484375,204.70028686523438,131097600
1734624000,204.70028686523438,206.40127563476562,188.13961791992188,189.68905639648438,1495474176
1734638400,189.6876220703125,197.46246337890625,188.9651641845703,194.2822723388672,11651584
1734652800,194.22152709960938,199.3023681640625,191.99423217773438,196.26620483398438,22056448
1734667200,196.26783752441406,197.12857055664062,188.23587036132812,191.0067596435547,336579072
1734681600,191.05221557617188,191.1053924560547,176.5054931640625,177.21585083007812,2589573120
1734696000,177.15354919433594,190.58737182617188,175.91050720214844,190.065185546875,1440558080
1734710400,190.04734802246094,193.0145263671875,189.3079833984375,191.648681640625,146142208
1734724800,191.63917541503906,194.29702758789062,188.4105987548828,194.2073974609375,97865728
1734739200,194.25624084472656,196.4644012451172,193.3571014404297,193.8919677734375,0
1734753600,193.99545288085938,201.61790466308594,193.99545288085938,199.059814453125,23856128
1734768000,198.89817810058594,198.90625,192.60238647460938,193.06961059570312,0
1734782400,193.06312561035156,193.06312561035156,183.84686279296875,186.61367797851562,0
1734796800,186.5889129638672,186.7657470703125,178.78306579589844,180.68617248535156,183536128
1734811200,180.82443237304688,183.15089416503906,179.43109130859375,181.28683471679688,105229312
1734825600,181.43592834472656,183.6324462890625,180.4996795654297,182.2654571533203,114372608
1734840000,182.30551147460938,184.49005126953125,178.56631469726562,184.20228576660156,108622848
1734854400,184.17562866210938,186.75039672851562,183.87359619140625,186.74810791015625,0
1734868800,186.71705627441406,187.52427673339844,179.32284545898438,181.82583618164062,4624384
1734883200,181.811767578125,183.57887268066406,178.177734375,178.177734375,0
1734897600,178.2342987060547,182.02452087402344,177.16259765625,180.17428588867188,5164288
1734912000,180.19447326660156,186.79457092285156,176.87440490722656,186.77386474609375,373856768
1734926400,186.71151733398438,187.1083526611328,180.03945922851562,181.7747802734375,84753408
1734940800,181.8261260986328,186.09703063964844,181.8261260986328,183.4542999267578,100874240
1734955200,183.45872497558594,185.0544891357422,181.38790893554688,181.3937225341797,72399360
1734969600,181.30050659179688,188.97723388671875,180.78724670410156,187.31565856933594,261825536
1734984000,187.2382354736328,193.042724609375,186.8510284423828,189.7691192626953,287309824
1734998400,189.80502319335938,189.9698028564453,186.20919799804688,189.596435546875,0
1735012800,189.6234893798828,191.52386474609375,189.25550842285156,191.212646484375,0
1735027200,191.22320556640625,193.48678588867188,190.54490661621094,192.67494201660156,51151360
1735041600,192.68865966796875,198.69326782226562,191.22140502929688,198.0221405029297,93504512
1735056000,197.96575927734375,197.96575927734375,195.35731506347656,195.39610290527344,32304384
1735070400,195.36392211914062,197.68504333496094,193.52621459960938,196.99136352539062,0
1735084800,196.99246215820312,201.63018798828125,196.51910400390625,199.7095947265625,200692736
1735099200,199.73135375976562,200.20516967773438,197.79876708984375,198.02191162109375,19567104
1735113600,198.02357482910156,200.0824432373047,195.7178955078125,195.7178955078125,65221376
1735128000,195.6983642578125,199.15248107910156,195.3638916015625,198.01910400390625,46843904
1735142400,198.02047729492188,199.13511657714844,196.28968811035156,198.9895477294922,0
1735156800,199.0119171142578,199.68893432617188,195.6450653076172,197.53338623046875,0
1735171200,197.46484375,199.36740112304688,195.9874267578125,196.68556213378906,24530688
1735185600,196.66421508789062,196.66421508789062,193.38963317871094,193.57870483398438,84544768
1735200000,193.5479278564453,193.5479278564453,188.22296142578125,189.6036834716797,208418304
1735214400,189.61297607421875,189.81964111328125,187.8197784423828,188.6207733154297,84336640
1735228800,188.62013244628906,190.67572021484375,187.55027770996094,189.03143310546875,121326848
1735243200,189.0117950439453,189.7713623046875,186.95355224609375,188.216552734375,73768704
1735257600,188.22254943847656,189.98724365234375,187.48435974121094,189.16989135742188,0
1735272000,189.16024780273438,190.69662475585938,186.4268341064453,186.6581268310547,57378304
1735286400,186.6263885498047,193.74954223632812,186.6263885498047,190.78797912597656,197527552
1735300800,191.0933074951172,191.0933074951172,183.50811767578125,183.83724975585938,96658176
1735315200,183.84005737304688,186.842529296875,182.9566192626953,186.70794677734375,63216384
1735329600,186.67498779296875,186.67498779296875,183.04693603515625,183.83338928222656,21200128
1735344000,183.95010375976562,185.65838623046875,183.8755645751953,184.84559631347656,0
1735358400,184.77027893066406,185.81640625,184.2795867919922,184.8260498046875,0
1735372800,184.8089141845703,186.95693969726562,184.8089141845703,186.95693969726562,0
1735387200,186.9522247314453,190.73284912109375,186.42562866210938,189.69485473632812,2507008
1735401600,189.7307891845703,194.77090454101562,189.5884552001953,193.3911590576172,81962112
1735416000,193.39254760742188,195.36790466308594,192.45672607421875,195.02244567871094,66667776
1735430400,195.0211944580078,195.0984344482422,192.2180633544922,194.43756103515625,70255872
1735444800,194.44725036621094,196.7828826904297,193.9571075439453,195.81573486328125,67899904
1735459200,195.68675231933594,196.74240112304688,194.79092407226562,195.8003387451172,50225920
1735473600,195.81298828125,197.1394500732422,192.91644287109375,195.2718963623047,36116224
1735488000,195.1387939453125,195.1387939453125,192.092041015625,192.5092315673828,0
1735502400,192.36976623535156,192.36976623535156,188.38336181640625,189.74420166015625,60115584
1735516800,189.7392120361328,193.749755859375,189.08514404296875,190.79714965820312,100785408
1735531200,190.92848205566406,193.03662109375,189.49916076660156,191.907470703125,68058112
1735545600,191.91448974609375,193.5412139892578,191.478515625,193.1642303466797,90828032
1735560000,193.15403747558594,194.3759765625,185.9597625732422,187.2050018310547,280001536
1735574400,187.07342529296875,195.87863159179688,185.99972534179688,195.680908203125,451406080
1735588800,195.88552856445312,196.07424926757812,189.08612060546875,191.0460662841797,134647808
1735603200,191.03050231933594,191.46710205078125,188.3066864013672,189.5959930419922,1288704
1735617600,189.58383178710938,190.2371368408203,188.05079650878906,189.7761688232422,62500352
1735632000,189.77609252929688,194.54054260253906,189.77609252929688,193.4998779296875,228556288
1735646400,193.53009033203125,198.22215270996094,192.8352508544922,198.22215270996094,78888960
1735660800,198.17221069335938,198.67385864257812,193.25350952148438,193.2958221435547,38423296
1735675200,193.31195068359375,194.3518524169922,188.92633056640625,189.2669219970703,66018048
1735689600,189.23350524902344,192.1168975830078,189.13034057617188,190.0164794921875,60624896
1735704000,190.02455139160156,190.0879364013672,189.07147216796875,189.7714080810547,0
1735718400,189.75987243652344,191.32313537597656,187.9116668701172,190.90054321289062,10998272
1735732800,190.9585723876953,191.47988891601562,189.2639617919922,191.46096801757812,0
1735747200,191.40045166015625,193.28933715820312,189.0564727783203,192.72161865234375,50840320
1735761600,192.7306365966797,194.80941772460938,192.7306365966797,193.87213134765625,36363008
1735776000,193.85159301757812,199.08583068847656,193.3079071044922,198.35989379882812,528287488
1735790400,198.30313110351562,206.345458984375,198.30313110351562,205.80282592773438,697086208
1735804800,205.78346252441406,208.5673065185547,205.71629333496094,208.39784240722656,235909888
1735819200,208.3905487060547,209.05819702148438,205.8125,206.46771240234375,400451584
1735833600,206.50360107421875,208.5504608154297,204.91163635253906,206.44387817382812,173618432
1735848000,206.45782470703125,208.113525390625,205.37193298339844,207.76760864257812,19419136
1735862400,207.80833435058594,208.01388549804688,205.6766357421875,207.8795623779297,0
1735876800,207.88031005859375,209.62088012695312,207.04869079589844,207.8218536376953,0
1735891200,207.83795166015625,214.7622528076172,207.61277770996094,214.66140747070312,241407744
1735905600,214.61448669433594,218.0020294189453,212.2076873779297,217.4638214111328,206622208
1735920000,217.4403839111328,219.53964233398438,216.5569305419922,216.99642944335938,195602176
1735934400,217.00833129882812,217.748046875,215.957763671875,217.748046875,42217472
1735948800,217.76156616210938,217.86412048339844,216.1329803466797,216.78651428222656,120290304
1735963200,216.78973388671875,217.76284790039062,215.76727294921875,216.5561981201172,16954112
1735977600,216.6155242919922,216.6155242919922,214.53639221191406,216.45559692382812,0
1735992000,216.45510864257812,217.30410766601562,213.8455047607422,214.49034118652344,0
1736006400,214.49696350097656,215.81199645996094,213.98220825195312,215.57473754882812,0
1736020800,215.5603790283203,217.08642578125,215.54176330566406,216.6227569580078,191744
1736035200,216.6757049560547,218.6946563720703,215.42779541015625,217.8001251220703,23229184
1736049600,217.79856872558594,218.8747100830078,216.18682861328125,216.45057678222656,32561152
1736064000,216.44993591308594,216.4613494873047,213.1529541015625,213.86480712890625,51557888
1736078400,213.86456298828125,214.5110321044922,211.86956787109375,213.52273559570312,41387008
1736092800,213.5167999267578,214.1796112060547,211.76824951171875,212.69888305664062,51575296
1736107200,212.8590087890625,214.39381408691406,212.6939697265625,213.39483642578125,4118016
1736121600,213.39511108398438,216.70037841796875,211.70057678222656,215.73141479492188,127970816
1736136000,215.72586059570312,216.62322998046875,214.13720703125,215.22763061523438,84912640
1736150400,215.22120666503906,216.11962890625,213.50376892089844,216.07443237304688,18567424
1736164800,216.18136596679688,221.81594848632812,215.81581115722656,221.16543579101562,523204352
1736179200,221.3118896484375,222.907958984375,217.8191375732422,220.35064697265625,349809664
1736193600,220.16659545898438,220.43356323242188,217.89976501464844,218.41412353515625,86178560
1736208000,218.3705596923828,219.12454223632812,216.4956817626953,217.518798828125,1992192
1736222400,217.431884765625,217.431884765625,215.78564453125,215.99403381347656,0
1736236800,216.01512145996094,216.6908721923828,213.13868713378906,214.1373748779297,169714944
1736251200,214.0879669189453,214.2653350830078,206.45875549316406,207.94984436035156,719575296
1736265600,207.90570068359375,208.94602966308594,204.13223266601562,204.46575927734375,242120448
1736280000,204.505615234375,204.58042907714844,202.20623779296875,202.22787475585938,267541504
1736294400,202.20260620117188,203.0412139892578,197.50714111328125,198.3507843017578,546463744
1736308800,198.3819122314453,199.39144897460938,193.55287170410156,195.7126007080078,628917760
1736323200,195.70492553710938,197.75572204589844,194.7388153076172,195.6784210205078,145377792
1736337600,195.61337280273438,199.25430297851562,195.15528869628906,197.54110717773438,145318400
1736352000,197.51922607421875,197.7471923828125,188.9649200439453,194.5380859375,370470400
1736366400,194.33584594726562,198.1161346435547,194.05433654785156,197.55905151367188,0
1736380800,197.5762939453125,198.9010009765625,194.3219451904297,194.32879638671875,0
1736395200,194.39720153808594,195.3500518798828,190.1735382080078,190.1735382080078,0
1736409600,190.15521240234375,192.47894287109375,189.41110229492188,191.19117736816406,123266048
1736424000,191.0834197998047,192.7816925048828,185.43507385253906,192.3751678466797,182936576
1736438400,192.1628875732422,192.70303344726562,186.07350158691406,186.62673950195312,0
1736452800,186.39877319335938,187.38821411132812,182.3480224609375,185.0131378173828,283138816
1736467200,185.02757263183594,189.28128051757812,185.02757263183594,189.18031311035156,43767040
1736481600,189.17942810058594,192.72320556640625,188.6833038330078,191.88619995117188,85348864
1736496000,191.80136108398438,192.71517944335938,191.474853515625,191.9385986328125,45030144
1736510400,191.98826599121094,192.02194213867188,183.8921356201172,187.5490264892578,227276032
1736524800,187.52734375,191.529541015625,184.18478393554688,190.15872192382812,205433856
1736539200,190.15621948242188,190.30397033691406,187.00709533691406,187.57118225097656,107008
1736553600,187.57546997070312,188.39773559570312,185.79725646972656,186.20632934570312,0
1736568000,186.2255401611328,187.01181030273438,185.33425903320312,186.00228881835938,0
1736582400,186.04080200195312,186.6484375,184.3998260498047,186.48191833496094,108741120
1736596800,186.525390625,188.09051513671875,186.03115844726562,186.93150329589844,0
1736611200,186.95822143554688,187.77056884765625,185.93946838378906,187.66917419433594,0
1736625600,187.6632537841797,191.62884521484375,187.55413818359375,187.99533081054688,52301952
1736640000,188.00807189941406,188.38214111328125,186.66311645507812,187.204833984375,0
1736654400,187.20387268066406,187.20639038085938,185.6844940185547,186.47708129882812,0
1736668800,186.47535705566406,186.8253173828125,185.28562927246094,186.64112854003906,0
1736683200,186.62823486328125,190.691162109375,186.2952117919922,190.5323028564453,38251392
1736697600,190.48526000976562,190.48526000976562,188.74119567871094,188.81642150878906,15113600
1736712000,188.81973266601562,189.7871551513672,186.6763916015625,188.55091857910156,17215616
1736726400,188.5192108154297,191.7459716796875,184.38845825195312,184.9427032470703,324690560
1736740800,184.84164428710938,186.6239776611328,181.600341796875,182.2517547607422,289309824
1736755200,182.2925262451172,182.2925262451172,175.36830139160156,175.36830139160156,751734016
1736769600,175.3853759765625,180.00271606445312,171.39752197265625,178.818603515625,1424180480
1736784000,178.8119659423828,179.3345184326172,174.87933349609375,177.5391845703125,466327552
1736798400,177.49710083007812,183.67510986328125,176.82846069335938,182.83299255371094,427249152
1736812800,182.77178955078125,184.47389221191406,181.99942016601562,184.23672485351562,0
1736827200,184.3081512451172,186.6377716064453,184.3081512451172,185.59823608398438,4581376
1736841600,185.64720153808594,189.88526916503906,185.64720153808594,187.00424194335938,0
1736856000,187.02383422851562,189.87109375,185.60182189941406,187.3766326904297,0
1736870400,187.32656860351562,187.5441436767578,185.96762084960938,186.9439239501953,0
1736884800,186.95826721191406,188.643798828125,186.13369750976562,187.49818420410156,0
1736899200,187.55767822265625,189.50369262695312,187.14364624023438,189.50369262695312,25666304
1736913600,189.52923583984375,190.5597381591797,188.46376037597656,189.8747100830078,29843968
1736928000,189.8889617919922,190.53012084960938,186.0077362060547,186.6803741455078,5702400
1736942400,186.74217224121094,197.86703491210938,186.05516052246094,196.79298400878906,721868288
1736956800,196.72979736328125,202.18911743164062,196.69119262695312,202.09921264648438,345711616
1736971200,202.02772521972656,205.9293670654297,202.02772521972656,205.9293670654297,565010688
1736985600,205.90902709960938,205.95993041992188,201.64332580566406,201.8687286376953,182167552
1737000000,201.96286010742188,203.25868225097656,201.48854064941406,202.88070678710938,25461504
1737014400,202.8988037109375,211.10482788085938,198.6724395751953,211.10482788085938,721526016
1737028800,213.26206970214844,216.40411376953125,206.16232299804688,208.80609130859375,976890368
1737043200,208.87893676757812,215.0409393310547,208.87893676757812,213.5524139404297,389415936
1737057600,213.88087463378906,214.21182250976562,208.63925170898438,211.22840881347656,91019776
1737072000,211.2242889404297,214.75421142578125,209.98306274414062,211.0697479248047,135114752
1737086400,211.07498168945312,213.61087036132812,211.03892517089844,213.17544555664062,173623296
1737100800,213.33592224121094,219.20005798339844,213.33592224121094,218.9857177734375,317152256
1737115200,218.78111267089844,221.56434631347656,217.2440185546875,218.3814239501953,0
1737129600,218.37545776367188,221.7167510986328,216.2044219970703,217.42526245117188,17143296
1737144000,217.22874450683594,220.9246368408203,217.02259826660156,219.62069702148438,201729024
1737158400,219.6058807373047,227.93629455566406,217.57723999023438,220.683349609375,1144647680
1737172800,220.64178466796875,237.63929748535156,220.64178466796875,232.7574462890625,4395734016
1737187200,232.66368103027344,243.84239196777344,231.3932647705078,238.59393310546875,2848437248
1737201600,238.7961883544922,259.50885009765625,238.7961883544922,259.3030090332031,2418770944
1737216000,258.4497985839844,267.7425842285156,243.22816467285156,255.81666564941406,5722465280
1737230400,255.55349731445312,263.4485778808594,247.7625732421875,261.8724365234375,1679380480
1737244800,261.6324768066406,263.9419250488281,252.5222625732422,257.4424743652344,1124655104
1737259200,257.2500305175781,276.77764892578125,254.93353271484375,273.60302734375,1778757632
1737273600,273.1458740234375,294.2619323730469,268.39129638671875,287.8088684082031,4755050496
1737288000,287.447998046875,288.3065490722656,265.1836242675781,270.61419677734375,2526945280
1737302400,270.5194091796875,274.5265808105469,264.35009765625,268.4076232910156,0
1737316800,268.7086486816406,277.2428283691406,240.42578125,250.62496948242188,5858588672
1737331200,251.2880401611328,251.8236083984375,231.70327758789062,241.40330505371094,3713867776
1737345600,241.51304626464844,263.0798645019531,239.3253936767578,262.5291748046875,1397465088
1737360000,261.5527038574219,272.10308837890625,257.36260986328125,259.55340576171875,0
1737374400,259.5959167480469,260.8348693847656,251.0438995361328,254.7254180908203,0
1737388800,254.73764038085938,255.61334228515625,236.67979431152344,246.7133026123047,1842507776
1737403200,246.65431213378906,249.88865661621094,242.1107177734375,242.2365264892578,0
1737417600,242.2984161376953,242.92892456054688,232.4620819091797,237.91360473632812,0
1737432000,237.8471221923828,238.39993286132812,231.67591857910156,235.57208251953125,0
1737446400,235.89710998535156,241.21299743652344,235.76260375976562,238.95802307128906,0
1737460800,239.02407836914062,244.23777770996094,236.47596740722656,240.92420959472656,0
1737475200,240.9263153076172,259.80230712890625,240.57701110839844,253.42723083496094,0
1737489600,253.44500732421875,255.368896484375,247.4210205078125,250.41378784179688,0
1737504000,250.4189910888672,256.4941711425781,249.12794494628906,254.0741729736328,0
1737518400,254.07252502441406,259.4206848144531,252.8795928955078,258.5314636230469,0
1737532800,258.44000244140625,258.5419921875,252.75596618652344,257.9217529296875,0
1737547200,257.8575134277344,263.92181396484375,255.37454223632812,257.8851318359375,513517568
1737561600,257.83160400390625,265.5734558105469,253.92434692382812,264.6847229003906,224312320
1737576000,265.08648681640625,271.5243225097656,256.167724609375,256.9964904785156,915487232
1737590400,257.17303466796875,258.113525390625,246.64454650878906,248.75440979003906,336352256
1737604800,248.77432250976562,250.18234252929688,245.41307067871094,249.2154998779297,10984448
1737619200,249.18519592285156,249.3551483154297,242.7563934326172,244.28053283691406,216854528
1737633600,244.25689697265625,253.94302368164062,242.56663513183594,249.35433959960938,665816064
1737648000,249.36129760742188,255.29815673828125,246.0358123779297,246.59422302246094,368264192
1737662400,247.0028533935547,257.3500061035156,245.24302673339844,253.4456024169922,403605504
1737676800,253.5701904296875,256.2585144042969,247.69818115234375,252.20590209960938,79047680
1737691200,252.30982971191406,263.9355773925781,251.17745971679688,259.9437255859375,687325184
1737705600,259.8520812988281,266.9603271484375,259.8520812988281,266.63287353515625,387168256
1737720000,266.6234436035156,269.611572265625,261.70428466796875,261.99615478515625,0
1737734400,262.03717041015625,265.1732177734375,261.20355224609375,261.9271545410156,0
1737748800,261.9519348144531,262.05560302734375,253.23971557617188,253.36122131347656,0
1737763200,253.37103271484375,253.45318603515625,248.35006713867188,252.6898193359375,74260992
1737777600,252.57376098632812,252.57376098632812,246.80955505371094,247.16748046875,0
1737792000,247.1756591796875,250.44036865234375,246.6832733154297,250.33126831054688,0
1737806400,250.27252197265625,254.4923858642578,248.56204223632812,253.7081298828125,0
1737820800,253.6892852783203,260.57696533203125,253.45956420898438,258.2134704589844,232163328
1737835200,258.2134704589844,259.5818176269531,255.98660278320312,256.0738830566406,8273408
1737849600,256.1341857910156,259.38262939453125,253.88177490234375,258.02581787109375,45724672
1737864000,258.2370300292969,259.6168212890625,257.5690002441406,258.7886047363281,8542720
1737878400,258.8190002441406,258.8190002441406,253.16009521484375,255.57058715820312,1721344
1737892800,255.5601806640625,257.0538330078125,253.58909606933594,254.75845336914062,28539648
1737907200,254.63070678710938,257.29742431640625,254.08889770507812,256.26904296875,0
1737921600,256.27496337890625,256.3875732421875,240.88345336914062,240.88345336914062,742276352
1737936000,240.91966247558594,242.1302490234375,233.2848358154297,235.48841857910156,1287219456
1737950400,235.5060577392578,235.60418701171875,223.13821411132812,227.97543334960938,1677170176
1737964800,227.90072631835938,227.90072631835938,221.98623657226562,226.28977966308594,909989376
1737979200,226.19236755371094,237.14036560058594,224.21485900878906,234.0614013671875,1714853376
1737993600,233.76564025878906,235.35537719726562,224.51132202148438,225.7656707763672,1219638272
1738008000,225.8668212890625,237.20257568359375,225.8668212890625,235.08966064453125,313875456
1738022400,235.0457763671875,237.62490844726562,233.35751342773438,237.10964965820312,0
1738036800,236.91632080078125,243.79446411132812,236.91632080078125,238.79673767089844,0
1738051200,238.81634521484375,239.4195098876953,236.01202392578125,238.35369873046875,0
1738065600,238.33685302734375,239.5159149169922,234.4354248046875,237.13290405273438,0
1738080000,237.44442749023438,237.44442749023438,230.6627197265625,232.0285186767578,0
1738094400,232.10337829589844,232.38601684570312,225.2866973876953,227.20278930664062,131635712
1738108800,227.14834594726562,231.53858947753906,227.01492309570312,231.2606964111328,0
1738123200,231.21080017089844,234.5580596923828,230.06610107421875,234.5580596923828,0
1738137600,234.43019104003906,235.3924560546875,230.69375610351562,231.7898406982422,0
1738152000,231.6871795654297,231.826416015625,226.1699676513672,228.22544860839844,121202688
1738166400,228.24996948242188,234.5205535888672,223.2271270751953,231.90155029296875,891069184
1738180800,231.4539337158203,237.4115447998047,227.96096801757812,227.96096801757812,548715008
1738195200,228.06439208984375,240.27975463867188,227.21578979492188,240.11927795410156,563447808
1738209600,240.46954345703125,241.83157348632812,237.3511505126953,238.53176879882812,360403968
1738224000,238.65855407714844,241.70140075683594,238.3816680908203,241.650146484375,107346432
1738238400,241.7025909423828,244.2484130859375,239.31236267089844,241.3793182373047,234757120
1738252800,241.36537170410156,243.18060302734375,239.1441650390625,241.14244079589844,36093440
1738267200,241.11659240722656,241.81201171875,238.7972412109375,239.0231475830078,0
1738281600,238.9076385498047,238.91000366210938,235.39637756347656,235.7955322265625,0
1738296000,235.82772827148438,238.28958129882812,235.10902404785156,235.79156494140625,0
1738310400,235.74195861816406,238.7706756591797,234.43067932128906,238.7706756591797,36955904
1738324800,238.7138671875,241.66305541992188,236.51852416992188,240.41531372070312,70800640
1738339200,240.33279418945312,240.33279418945312,230.28689575195312,230.5634002685547,304482816
1738353600,230.53524780273438,231.70367431640625,228.48043823242188,231.64060974121094,133363456
1738368000,231.6439666748047,233.8175048828125,230.86489868164062,231.58578491210938,82975232
1738382400,231.52867126464844,232.96141052246094,230.15834045410156,230.56678771972656,16634112
1738396800,230.556884765625,230.7864990234375,226.44125366210938,227.32749938964844,25158144
1738411200,227.60215759277344,229.23928833007812,225.1444854736328,226.36692810058594,0
1738425600,226.36782836914062,227.50961303710938,221.5682830810547,221.74143981933594,0
1738440000,221.73440551757812,221.73440551757812,213.44073486328125,213.78094482421875,489191168
1738454400,213.3251953125,218.3817138671875,207.6712188720703,207.6712188720703,587776768
1738468800,207.67945861816406,213.87168884277344,207.36187744140625,211.72341918945312,646020608
1738483200,211.77862548828125,215.40219116210938,208.36476135253906,209.294677734375,275979264
1738497600,209.16360473632812,213.8667449951172,208.69146728515625,212.2464141845703,281864192
1738512000,212.02500915527344,212.02500915527344,195.89601135253906,203.37440490722656,2079682048
1738526400,203.19334411621094,205.8677520751953,195.44923400878906,203.1215057373047,1070728192
1738540800,203.2397003173828,203.2397003173828,181.84359741210938,198.28485107421875,4600764928
1738555200,198.26889038085938,199.47952270507812,190.3765869140625,199.28492736816406,933106688
1738569600,199.2452850341797,201.7774200439453,193.87596130371094,198.8839874267578,634289152
1738584000,198.94503784179688,209.4175262451172,190.4493865966797,207.59605407714844,2141457408
1738598400,207.53506469726562,214.7972412109375,205.14401245117188,214.7972412109375,247142400
1738612800,214.8326873779297,218.31024169921875,210.7449188232422,216.1505126953125,0
1738627200,216.2607879638672,219.6226348876953,214.41998291015625,215.60797119140625,0
1738641600,215.66282653808594,215.81044006347656,202.93138122558594,204.3916473388672,81860608
1738656000,204.21795654296875,210.58935546875,203.0506591796875,208.12660217285156,0
1738670400,208.086181640625,216.59454345703125,208.06338500976562,216.49485778808594,0
1738684800,216.2881622314453,218.22975158691406,211.84483337402344,211.84483337402344,0
1738699200,209.0663604736328,209.66360473632812,203.0841064453125,207.0771026611328,278369792
1738713600,207.03648376464844,209.12994384765625,205.58277893066406,207.24368286132812,0
1738728000,207.27325439453125,207.52734375,203.91860961914062,205.38848876953125,0
1738742400,205.34454345703125,206.81118774414062,203.2976531982422,206.5312042236328,0
1738756800,206.44732666015625,207.36900329589844,201.93605041503906,201.93605041503906,0
1738771200,201.91946411132812,201.91946411132812,196.796875,199.6312713623047,94821376
1738785600,199.5387420654297,200.36578369140625,195.48484802246094,195.98638916015625,0
1738800000,195.99407958984375,200.9937744140625,195.99407958984375,200.72607421875,4417792
1738814400,200.7610321044922,203.86489868164062,200.53695678710938,202.23641967773438,94976256
1738828800,202.20840454101562,202.9185333251953,199.1621856689453,200.60865783691406,0
1738843200,200.38999938964844,200.59889221191406,190.95518493652344,191.12176513671875,169099008
1738857600,191.20265197753906,192.7886505126953,189.37338256835938,190.131103515625,46325504
1738872000,190.0365447998047,194.140869140625,188.36241149902344,189.75770568847656,174122496
1738886400,189.75856018066406,195.7036895751953,189.75856018066406,193.27291870117188,220780288
1738900800,193.3795623779297,195.20315551757812,189.7235107421875,192.65438842773438,54692864
1738915200,192.61709594726562,198.40232849121094,192.42691040039062,198.24557495117188,202449664
1738929600,198.3232421875,203.1373291015625,196.78395080566406,197.7570037841797,499459072
1738944000,197.9488067626953,198.86138916015625,195.058349609375,195.66616821289062,44397056
1738958400,195.63851928710938,195.63851928710938,188.5047607421875,192.20254516601562,80814592
1738972800,191.9859161376953,194.1773681640625,191.86988830566406,193.13101196289062,0
1738987200,193.10765075683594,193.17276000976562,190.12876892089844,193.0554962158203,4714496
1739001600,193.05101013183594,194.78762817382812,191.82826232910156,194.300537109375,0
1739016000,194.3859405517578,196.01734924316406,193.0296630859375,193.17303466796875,0
1739030400,193.19932556152344,198.27053833007812,193.19932556152344,196.88059997558594,0
1739044800,196.90077209472656,200.82696533203125,196.90077209472656,199.5897979736328,854784
1739059200,199.58169555664062,205.94004821777344,198.95594787597656,205.92169189453125,228372992
1739073600,206.95562744140625,207.2634735107422,204.0836944580078,204.13111877441406,182782976
1739088000,204.2559051513672,204.58946228027344,201.59341430664062,201.98655700683594,103848704
1739102400,201.9207305908203,202.67137145996094,196.96621704101562,200.61474609375,206456832
1739116800,200.75596618652344,202.22607421875,198.44371032714844,199.0947723388672,0
1739131200,199.17831420898438,200.7303924560547,194.28765869140625,200.4982452392578,412474368
1739145600,200.5462188720703,204.4878692626953,196.4728240966797,202.30970764160156,410447872
1739160000,202.26231384277344,204.1773681640625,200.4463653564453,203.21685791015625,116598016
1739174400,203.182373046875,205.65921020507812,202.80686950683594,204.7173614501953,157499648
1739188800,204.69737243652344,208.7676544189453,201.9734649658203,203.13339233398438,298752256
1739203200,203.17367553710938,204.04074096679688,201.3315887451172,201.5585174560547,126501376
1739217600,201.49716186523438,202.52183532714844,199.5885772705078,200.35891723632812,66018816
1739232000,200.3929443359375,204.5787811279297,200.22076416015625,201.2250213623047,0
1739246400,201.2098846435547,205.89337158203125,201.18289184570312,204.56858825683594,191547904
1739260800,204.5155487060547,205.72789001464844,201.54640197753906,203.19540405273438,106888192
1739275200,203.21160888671875,203.2921600341797,198.31927490234375,199.7679901123047,8666112
1739289600,199.6757354736328,199.95521545410156,195.32229614257812,195.7843017578125,96935424
1739304000,195.6653594970703,199.33309936523438,195.6653594970703,197.98385620117188,93424128
1739318400,197.98373413085938,198.3873748779297,194.2586669921875,194.49618530273438,54391808
1739332800,194.30799865722656,196.0407257080078,193.49075317382812,195.32901000976562,0
1739347200,195.2907257080078,197.67295837402344,195.2907257080078,197.1100616455078,0
1739361600,197.16641235351562,198.4078826904297,189.77943420410156,192.49215698242188,823888128
1739376000,192.26327514648438,196.41232299804688,189.72984313964844,193.6405792236328,386772224
1739390400,193.67518615722656,198.3404083251953,193.25677490234375,196.51187133789062,169115904
1739404800,196.77203369140625,198.08761596679688,195.27276611328125,198.0818634033203,76857088
1739419200,198.10076904296875,198.21127319335938,193.04705810546875,193.33470153808594,1529856
1739433600,193.32052612304688,193.44461059570312,191.48133850097656,191.62155151367188,53364224
1739448000,191.72250366210938,192.93576049804688,189.42771911621094,192.0241241455078,7908864
1739462400,192.01358032226562,194.32652282714844,190.32566833496094,192.8735809326172,0
1739476800,192.81956481933594,195.3145751953125,192.7530059814453,194.45455932617188,1681408
1739491200,194.3760528564453,197.27146911621094,194.3760528564453,197.2277069091797,0
1739505600,197.08460998535156,197.30064392089844,195.05360412597656,196.89820861816406,0
1739520000,196.84878540039062,201.30035400390625,196.56686401367188,199.6195068359375,348846848
1739534400,199.62779235839844,201.15386962890625,196.69403076171875,200.9562225341797,163237632
1739548800,200.99093627929688,205.12501525878906,199.1962432861328,201.4788818359375,457291776
1739563200,201.45521545410156,202.2190399169922,198.6039581298828,199.88677978515625,374605824
1739577600,199.83645629882812,200.0254364013672,196.98342895507812,198.6218719482422,112579072
1739592000,198.4860076904297,198.75424194335938,195.44891357421875,196.11476135253906,15894784
1739606400,196.09498596191406,196.6125030517578,194.05838012695312,194.8891143798828,0
1739620800,194.8848876953125,196.00840759277344,193.69879150390625,194.50892639160156,0
1739635200,194.59640502929688,195.02593994140625,193.5485382080078,194.19940185546875,0
1739649600,194.2000274658203,195.0350341796875,192.92616271972656,194.4811553955078,0
1739664000,194.4741973876953,195.2799835205078,193.23052978515625,194.51541137695312,1862528
1739678400,194.5815887451172,196.0703125,192.71241760253906,192.72715759277344,25261568
1739692800,192.91163635253906,193.84848022460938,192.51510620117188,193.67410278320312,10883584
1739707200,193.6748809814453,193.68251037597656,189.81509399414062,190.46807861328125,240336128
1739721600,190.44815063476562,191.19973754882812,187.9740447998047,189.27883911132812,248030464
1739736000,189.28868103027344,189.69190979003906,187.04339599609375,188.48521423339844,174703872
1739750400,188.3755645751953,189.44918823242188,186.0658721923828,186.62319946289062,79089152
1739764800,186.39727783203125,186.43515014648438,181.16433715820312,181.74658203125,657932544
1739779200,181.6372833251953,185.2600860595703,181.11912536621094,184.40206909179688,413636864
1739793600,184.33424377441406,186.79159545898438,180.16925048828125,180.16925048828125,312511232
1739808000,180.2714385986328,180.96533203125,175.27378845214844,177.42535400390625,659073024
1739822400,177.3292999267578,181.02743530273438,177.25059509277344,177.7167205810547,164737536
1739836800,177.66079711914062,178.93267822265625,175.8290252685547,177.8784942626953,173297664
1739851200,177.88638305664062,177.92523193359375,164.2928466796875,166.1225128173828,872958464
1739865600,165.98756408691406,170.0246124267578,163.80747985839844,168.50877380371094,609918976
1739880000,168.5775146484375,171.10939025878906,164.91586303710938,166.13616943359375,297282048
1739894400,166.11387634277344,166.6125030517578,161.32679748535156,165.42897033691406,242698752
1739908800,165.26834106445312,169.3385467529297,164.1364288330078,169.08543395996094,345010688
1739923200,169.12022399902344,170.50686645507812,167.23599243164062,167.42819213867188,90636288
1739937600,167.42454528808594,169.58071899414062,164.1070098876953,169.23867797851562,4307968
1739952000,169.21435546875,174.054443359375,168.67835998535156,173.993408203125,56179712
1739966400,174.01052856445312,174.01052856445312,168.47508239746094,169.4208526611328,0
1739980800,169.70913696289062,172.76171875,168.38905334472656,168.39111328125,0
1739995200,168.50320434570312,169.5431671142578,166.71368408203125,169.00534057617188,73878016
1740009600,168.9237518310547,172.59681701660156,167.88729858398438,172.58200073242188,73847296
1740024000,172.5048065185547,174.3196563720703,170.99810791015625,172.0647430419922,19496448
1740038400,172.0102081298828,174.9868621826172,171.1542205810547,174.07431030273438,0
1740052800,174.0492401123047,176.3331298828125,171.62489318847656,171.66143798828125,116458240
1740067200,171.6095733642578,175.31040954589844,171.55702209472656,174.77911376953125,55555584
1740081600,175.11671447753906,176.37916564941406,173.3938446044922,176.0113983154297,18776576
1740096000,176.03797912597656,176.28424072265625,173.20147705078125,173.2881622314453,26319616
1740110400,173.30039978027344,176.5147247314453,173.30039978027344,175.73484802246094,97271296
1740124800,175.779541015625,179.80906677246094,175.779541015625,177.26060485839844,356251904
1740139200,177.22640991210938,180.24514770507812,171.93231201171875,173.0990753173828,415261952
1740153600,173.17037963867188,175.27906799316406,168.51609802246094,168.51609802246094,590004224
1740168000,168.50338745117188,169.6847686767578,167.35621643066406,168.8887176513672,112193024
1740182400,168.8920135498047,172.6349639892578,168.39808654785156,170.42955017089844,77265408
1740196800,170.43231201171875,172.64466857910156,170.28024291992188,171.79005432128906,0
1740211200,171.78041076660156,173.98431396484375,171.5113067626953,173.67530822753906,0
1740225600,173.6731719970703,174.46231079101562,172.87461853027344,174.20962524414062,0
1740240000,174.18634033203125,174.43707275390625,172.59420776367188,172.623779296875,0
1740254400,172.645751953125,173.48165893554688,172.0350799560547,172.16346740722656,0
1740268800,172.1427764892578,172.2433319091797,170.36346435546875,170.58932495117188,0
1740283200,170.6160125732422,173.0355224609375,170.13900756835938,172.90884399414062,0
1740297600,172.91143798828125,172.91632080078125,169.6652069091797,169.6652069091797,4199296
1740312000,169.6101837158203,169.8271942138672,166.900146484375,166.9220428466797,63080960
1740326400,166.88677978515625,168.6369171142578,166.85446166992188,167.7330322265625,352768
1740340800,167.68960571289062,168.47750854492188,166.6368408203125,168.0616455078125,78030464
1740355200,168.03282165527344,169.4735565185547,161.14068603515625,161.47479248046875,534123136
1740369600,161.48727416992188,161.58726501464844,157.8564910888672,161.39073181152344,758446080
1740384000,161.31475830078125,161.31475830078125,155.76031494140625,159.4219207763672,660522752
1740398400,159.37168884277344,160.0204620361328,151.33731079101562,152.51028442382812,973081344
1740412800,152.55677795410156,155.03919982910156,148.83131408691406,149.98902893066406,758393344
1740427200,149.96743774414062,152.43746948242188,140.61509704589844,141.7165069580078,1753792512
1740441600,141.82742309570312,143.9644317626953,138.7313995361328,140.278076171875,1204808704
1740456000,138.98361206054688,141.41094970703125,134.52207946777344,136.701416015625,1518239232
1740470400,136.64996337890625,141.1259307861328,132.52622985839844,141.1259307861328,780503040
1740484800,140.94322204589844,141.394775390625,135.2651824951172,139.53213500976562,158780416
1740499200,139.4730682373047,144.90826416015625,138.38307189941406,144.87246704101562,331446272
1740513600,144.9764862060547,146.7364959716797,143.42391967773438,144.09996032714844,5439488
1740528000,144.13278198242188,144.83436584472656,141.8252716064453,143.4188995361328,0
1740542400,143.3555908203125,144.35511779785156,139.76805114746094,140.05279541015625,0
1740556800,140.01710510253906,141.9154052734375,138.20883178710938,138.20883178710938,0
1740571200,138.19442749023438,140.07113647460938,134.89793395996094,138.89273071289062,149466624
1740585600,138.94024658203125,139.10919189453125,130.7115020751953,131.86093139648438,556879104
1740600000,131.83303833007812,137.2047576904297,131.3743896484375,134.83160400390625,340353024
1740614400,134.8675079345703,138.7979736328125,134.8675079345703,138.6937713623047,172924928
1740628800,138.6573486328125,142.12982177734375,137.0433349609375,141.29470825195312,231590912
1740643200,141.2582244873047,142.13758850097656,139.2867431640625,140.24716186523438,80564736
1740657600,140.2550811767578,140.7955780029297,136.555419921875,139.7465362548828,0
1740672000,139.70748901367188,139.70748901367188,135.80276489257812,136.20547485351562,0
1740686400,136.08132934570312,137.80177307128906,134.88143920898438,137.6207733154297,188672
1740700800,137.60577392578125,137.64248657226562,127.53146362304688,127.56807708740234,876768512
1740715200,127.59007263183594,129.05783081054688,125.76815032958984,128.17669677734375,576392192
1740729600,128.17149353027344,134.36846923828125,128.04067993164062,133.3313446044922,443403264
1740744000,133.41635131835938,146.9722442626953,133.10720825195312,145.2215118408203,1605688832
1740758400,145.4248046875,147.08676147460938,144.03147888183594,146.2564697265625,434725888
1740772800,146.27444458007812,148.16531372070312,144.7162628173828,147.9615020751953,58537472
1740787200,148.01087951660156,150.707763671875,145.79415893554688,145.87294006347656,12894208
1740801600,145.65927124023438,146.81077575683594,142.39523315429688,142.64019775390625,0
1740816000,142.6183624267578,144.06594848632812,139.72079467773438,140.31813049316406,0
1740830400,140.29330444335938,141.36248779296875,138.6896209716797,140.32858276367188,0
1740844800,140.33526611328125,141.21917724609375,139.06727600097656,140.53414916992188,0
1740859200,140.51060485839844,143.67672729492188,139.9952850341797,143.67672729492188,523776
1740873600,143.62974548339844,145.70025634765625,143.06094360351562,144.05908203125,0
1740888000,143.9076385498047,144.83477783203125,142.60716247558594,143.69448852539062,0
1740902400,143.70693969726562,144.43124389648438,142.63125610351562,143.49124145507812,0
1740916800,143.4817657470703,161.14651489257812,140.3054962158203,157.3260955810547,2013403904
1740931200,157.19638061523438,177.88272094726562,157.19638061523438,171.9831085205078,5687646720
1740945600,172.0380096435547,178.47714233398438,172.0380096435547,178.47714233398438,1467740160
1740960000,177.04612731933594,177.31398010253906,168.4248504638672,169.95455932617188,838714368
1740974400,169.87884521484375,170.28598022460938,160.44122314453125,162.59022521972656,793039872
1740988800,162.51976013183594,163.03367614746094,157.89076232910156,160.92860412597656,603666432
1741003200,160.90911865234375,166.67617797851562,155.7212677001953,158.278076171875,859300864
1741017600,157.91192626953125,159.1808624267578,141.18870544433594,141.42408752441406,403426304
1741032000,141.2920684814453,144.4822235107422,139.83255004882812,142.03318786621094,271518720
1741046400,141.81785583496094,144.61355590820312,134.02696228027344,136.93350219726562,392730624
1741060800,136.4940643310547,138.4053497314453,135.85562133789062,136.02389526367188,122377216
1741075200,136.00180053710938,137.9417266845703,135.23841857910156,137.0185089111328,0
1741089600,137.01881408691406,141.49411010742188,133.28948974609375,138.1712646484375,294098944
1741104000,138.27772521972656,143.6616668701172,131.7320098876953,143.22036743164062,493877248
1741118400,143.17271423339844,146.33714294433594,141.94113159179688,144.91880798339844,82116096
1741132800,144.58177185058594,145.16671752929688,142.21632385253906,143.07180786132812,0
1741147200,142.20431518554688,143.7624053955078,141.10806274414062,142.82179260253906,30123008
1741161600,142.888671875,149.39561462402344,142.85281372070312,147.4770965576172,278872064
1741176000,147.38548278808594,149.0595245361328,140.59686279296875,141.8522186279297,79578112
1741190400,141.67071533203125,145.6922149658203,140.730712890625,145.0086212158203,0
1741204800,144.91903686523438,146.58998107910156,144.30160522460938,146.27066040039062,0
1741219200,146.26766967773438,149.40237426757812,144.747802734375,148.520263671875,68744192
1741233600,148.5711669921875,150.42922973632812,147.88482666015625,148.6838836669922,106282496
1741248000,148.73606872558594,152.73106384277344,148.5749053955078,151.78549194335938,80432128
1741262400,151.79769897460938,151.79769897460938,145.62515258789062,148.89999389648438,261632
1741276800,148.91094970703125,149.01669311523438,142.82171630859375,144.08187866210938,11480576
1741291200,143.65374755859375,145.6380157470703,143.355224609375,143.355224609375,64523520
1741305600,143.35272216796875,144.62510681152344,135.9298095703125,140.96987915039062,681279232
1741320000,140.92774963378906,144.4779052734375,140.83518981933594,144.1516571044922,0
1741334400,144.32359313964844,145.85557556152344,142.91876220703125,143.48611450195312,109494784
1741348800,143.62921142578125,147.82611083984375,142.10629272460938,145.0857696533203,216796160
1741363200,145.0371856689453,150.02325439453125,141.67726135253906,146.26666259765625,655138304
1741377600,146.2245330810547,147.18356323242188,137.90084838867188,139.20913696289062,531386368
1741392000,139.23231506347656,140.904052734375,138.2146759033203,139.78802490234375,0
1741406400,139.65130615234375,140.821044921875,138.50575256347656,138.58673095703125,17596416
1741420800,138.71800231933594,139.00469970703125,136.93019104003906,137.30563354492188,415744
1741435200,137.3355712890625,138.5476531982422,136.5070037841797,137.22024536132812,0
1741449600,137.1462860107422,138.63406372070312,135.5103302001953,138.47825622558594,0
1741464000,138.4768829345703,138.4768829345703,136.4584197998047,136.9428253173828,0
1741478400,136.94290161132812,138.43145751953125,136.71377563476562,138.04884338378906,0
1741492800,138.07763671875,139.72329711914062,137.7924346923828,139.4932403564453,19878400
1741507200,139.59359741210938,139.62625122070312,135.7909698486328,136.25094604492188,97497856
1741521600,136.24925231933594,136.31045532226562,130.1015167236328,130.11338806152344,331099904
1741536000,130.12908935546875,131.16075134277344,126.29737091064453,129.3521728515625,602187520
1741550400,129.3460693359375,130.21484375,125.94752502441406,126.43543243408203,430779904
1741564800,126.5592269897461,128.84454345703125,124.40416717529297,126.91786193847656,543772928
1741579200,126.87743377685547,128.9305419921875,126.67229461669922,127.90071105957031,225980416
1741593600,128.12489318847656,131.0808868408203,126.15198516845703,130.07176208496094,338684160
1741608000,129.96035766601562,130.54730224609375,120.64332580566406,122.28056335449219,560207360
1741622400,122.06523132324219,122.06523132324219,116.08148193359375,119.56707000732422,531822592
1741636800,119.60709381103516,119.92119598388672,117.81640625,118.29167175292969,61712384
1741651200,118.31495666503906,121.42206573486328,113.2219009399414,120.10420989990234,610848256
1741665600,120.11077880859375,123.70419311523438,119.94384002685547,122.98745727539062,179904000
1741680000,123.04150390625,125.65837860107422,123.02981567382812,124.91809844970703,17676288
1741694400,124.79632568359375,125.09165954589844,118.8689956665039,124.9612045288086,209979392
1741708800,124.92860412597656,127.9955062866211,123.0285873413086,127.9955062866211,8873984
1741723200,128.09095764160156,128.09095764160156,125.2137451171875,125.26190185546875,0
1741737600,125.2657470703125,126.71472930908203,122.75730895996094,122.75730895996094,0
1741752000,122.47144317626953,123.32669067382812,121.36756134033203,123.21331787109375,79363328
1741766400,123.1767807006836,126.52766418457031,123.1767807006836,126.52766418457031,98033664
1741780800,126.52368927001953,130.40618896484375,123.53746795654297,124.3043441772461,366033920
1741795200,124.3437728881836,125.9456558227539,123.60201263427734,125.24066925048828,0
1741809600,125.12139892578125,126.83186340332031,124.20545959472656,126.58496856689453,29831936
1741824000,126.563720703125,127.04319763183594,124.95283508300781,124.95283508300781,0
1741838400,124.99319458007812,125.2491226196289,123.30207061767578,124.31489562988281,18375936
1741852800,124.27555847167969,127.77172088623047,123.89034271240234,126.53840637207031,12600320
1741867200,126.69624328613281,127.77155303955078,123.92530822753906,124.29605865478516,0
1741881600,124.27272033691406,124.27272033691406,121.2120590209961,121.55426025390625,0
1741896000,121.47990417480469,124.11473083496094,120.91569519042969,123.2882308959961,382720
1741910400,123.28268432617188,125.2126693725586,123.15046691894531,124.45365142822266,1463552
1741924800,124.46334075927734,125.26839447021484,124.46334075927734,124.85122680664062,0
1741939200,124.8031005859375,126.4350357055664,124.76683044433594,126.16851043701172,0
1741953600,126.1359634399414,133.3553009033203,125.67203521728516,132.23513793945312,623314432
1741968000,132.1933135986328,134.52749633789062,131.2694549560547,134.31320190429688,79218688
1741982400,134.27391052246094,135.61424255371094,132.48275756835938,133.30870056152344,159939328
1741996800,133.42596435546875,135.21507263183594,133.15846252441406,135.1481475830078,26981376
1742011200,135.12451171875,135.2878875732422,132.854248046875,132.93179321289062,63846912
1742025600,132.9463653564453,133.51785278320312,132.5601348876953,133.43006896972656,2483712
1742040000,133.382568359375,135.7075653076172,133.29466247558594,134.9438934326172,22327808
1742054400,135.02894592285156,136.3881378173828,133.7908477783203,134.45098876953125,0
1742068800,134.4580078125,136.2834930419922,134.4580078125,135.9167938232422,0
1742083200,135.94680786132812,136.45408630371094,134.3549346923828,135.5424041748047,5838976
1742097600,135.5414581298828,136.0067901611328,134.10369873046875,134.67605590820312,19485696
1742112000,134.65740966796875,134.88902282714844,129.8993682861328,129.8993682861328,222395264
1742126400,129.89804077148438,130.5008087158203,127.89501953125,128.90509033203125,164876928
1742140800,128.86581420898438,130.81446838378906,126.51207733154297,126.77775573730469,275013376
1742155200,126.81291961669922,127.5854263305664,125.40837097167969,125.9990005493164,122036224
1742169600,126.03964233398438,129.07420349121094,126.03964233398438,129.07420349121094,131170560
1742184000,129.05218505859375,129.3589324951172,126.84117126464844,129.16964721679688,57369088
1742198400,129.2538299560547,129.4978790283203,128.59170532226562,129.26043701171875,55770368
1742212800,129.4179229736328,129.4179229736328,125.8673324584961,127.65255737304688,185342976
1742227200,127.48770904541016,130.49942016601562,126.98176574707031,129.93321228027344,140555776
1742241600,129.90185546875,129.90185546875,127.90825653076172,128.16134643554688,7302912
1742256000,128.16038513183594,128.16038513183594,123.76660919189453,124.26823425292969,194313216
1742270400,124.21986389160156,125.11429595947266,123.67725372314453,125.11429595947266,205862400
1742284800,125.18842315673828,125.91402435302734,123.33746337890625,123.49772644042969,88903424
1742299200,123.5467529296875,123.70423889160156,121.99766540527344,122.37488555908203,25219072
1742313600,122.410888671875,124.32194519042969,122.410888671875,124.22608947753906,0
1742328000,124.16754913330078,125.45672607421875,123.56474304199219,125.31228637695312,15128064
1742342400,125.31700134277344,126.48322296142578,124.31019592285156,126.48322296142578,0
1742356800,126.5125732421875,126.5125732421875,125.54376220703125,125.79134368896484,52674048
1742371200,125.7658462524414,129.1690216064453,125.7658462524414,128.6225128173828,122806400
1742385600,128.61447143554688,132.38803100585938,127.1087417602539,132.2289581298828,498861312
1742400000,132.2915802001953,134.05152893066406,129.17633056640625,132.86192321777344,567901184
1742414400,132.89529418945312,135.92552185058594,132.89529418945312,135.57415771484375,282494720
1742428800,135.45529174804688,135.75978088378906,133.00555419921875,134.05508422851562,147644416
1742443200,134.05450439453125,134.86370849609375,132.92007446289062,134.3849639892578,29953536
1742457600,134.32958984375,134.4908447265625,130.5048370361328,130.77745056152344,95918592
1742472000,130.7322540283203,132.12843322753906,128.79185485839844,128.82508850097656,14307328
1742486400,128.8349609375,129.1425018310547,126.85357666015625,127.93801879882812,24101120
1742500800,127.92980194091797,128.29281616210938,127.25833892822266,127.49885559082031,0
1742515200,127.49939727783203,128.92335510253906,127.474365234375,127.94306182861328,11341056
1742529600,127.9427261352539,128.64674377441406,127.48404693603516,128.09339904785156,7313408
1742544000,128.079833984375,128.88197326660156,125.85284423828125,126.38509368896484,34522112
1742558400,126.39523315429688,127.54112243652344,125.6073226928711,126.00959014892578,37033984
1742572800,125.99961853027344,129.30349731445312,124.98175811767578,128.17979431152344,263789696
1742587200,128.16494750976562,129.95623779296875,127.61837768554688,128.4066925048828,84972544
1742601600,128.42344665527344,129.12924194335938,127.93595123291016,128.80165100097656,4878080
1742616000,128.80360412597656,129.5883026123047,128.7046356201172,128.82867431640625,13917440
1742630400,128.8499298095703,131.5453338623047,128.81407165527344,130.35804748535156,13251072
1742644800,130.3359832763672,130.42027282714844,128.6902618408203,129.25363159179688,0
1742659200,129.13418579101562,130.17454528808594,128.97775268554688,129.91651916503906,0
1742673600,129.92083740234375,129.94692993164062,128.22705078125,128.48448181152344,0
1742688000,128.49302673339844,130.5707244873047,128.34243774414062,130.5707244873047,3909376
1742702400,130.61029052734375,131.24449157714844,129.82376098632812,131.1586151123047,9919232
1742716800,131.1509246826172,133.93719482421875,131.0206756591797,132.9720458984375,98238848
1742731200,133.20181274414062,133.62123107910156,132.3836669921875,132.4293212890625,139604480
1742745600,132.4486846923828,132.65586853027344,130.46591186523438,130.55931091308594,91623808
1742760000,130.5479278564453,132.5993194580078,130.2852020263672,132.5993194580078,79127936
1742774400,132.6302032470703,138.23670959472656,132.2237091064453,138.1352996826172,660676736
1742788800,138.17742919921875,139.16505432128906,137.96475219726562,138.87818908691406,444264960
1742803200,138.83920288085938,143.9256591796875,138.83920288085938,143.52699279785156,436680192
1742817600,143.50210571289062,144.8772735595703,142.474609375,143.30393981933594,573801984
1742832000,143.26693725585938,143.39222717285156,141.47509765625,142.756103515625,210903040
1742846400,142.77508544921875,143.2739715576172,139.84066772460938,140.87136840820312,169990400
1742860800,140.9224853515625,142.2259521484375,138.3738555908203,138.5882110595703,0
1742875200,138.5848388671875,140.17364501953125,138.42266845703125,139.48573303222656,0
1742889600,139.48170471191406,143.12380981445312,139.48170471191406,142.34420776367188,45188864
1742904000,142.2483673095703,147.05360412597656,141.64547729492188,145.16769409179688,278739456
1742918400,145.0307159423828,146.1680450439453,143.84230041503906,145.34255981445312,100466688
1742932800,145.237548828125,145.97674560546875,142.73062133789062,143.81707763671875,60061440
1742947200,143.7370147705078,144.46551513671875,141.65225219726562,141.766357421875,0
1742961600,141.80474853515625,144.7396697998047,141.80474853515625,144.5635223388672,74482176
1742976000,144.55718994140625,145.36097717285156,144.00546264648438,144.91656494140625,24518656
1742990400,144.83969116210938,145.0106201171875,139.147705078125,139.22784423828125,40017920
1743004800,139.26361083984375,140.00636291503906,136.472900390625,137.735595703125,104201216
1743019200,137.65599060058594,138.4229736328125,136.15362548828125,137.29095458984375,13550080
1743033600,137.2894287109375,140.14529418945312,137.0126190185547,139.50975036621094,93551360
1743048000,139.5965118408203,139.84225463867188,138.11444091796875,138.95567321777344,12754432
1743062400,138.96641540527344,139.13536071777344,137.24267578125,137.39462280273438,84518144
1743076800,137.4188232421875,139.66184997558594,135.9389190673828,138.17254638671875,49437440
1743091200,137.8766326904297,139.638916015625,137.53689575195312,139.24832153320312,0
1743105600,139.15841674804688,139.76922607421875,138.15255737304688,138.3472442626953,0
1743120000,138.35264587402344,138.94483947753906,136.35238647460938,136.89207458496094,127734016
1743134400,136.85679626464844,137.08456420898438,131.54246520996094,131.54246520996094,528624640
1743148800,131.57009887695312,132.4373321533203,130.47360229492188,131.73245239257812,142299904
1743163200,131.87188720703125,131.95394897460938,129.42166137695312,129.9524383544922,75972864
1743177600,129.92115783691406,130.0533905029297,129.1754913330078,129.33502197265625,24619520
1743192000,129.3103790283203,130.082275390625,127.9892807006836,129.42431640625,126400768
1743206400,129.43243408203125,130.37841796875,126.98710632324219,128.82730102539062,0
1743220800,128.83706665039062,128.92750549316406,125.65652465820312,126.3077392578125,0
1743235200,126.37586212158203,126.98894500732422,124.66522216796875,125.19135284423828,16696832
1743249600,125.19493865966797,126.62110137939453,125.16537475585938,126.17705535888672,0
1743264000,126.26467895507812,126.51979064941406,124.01642608642578,124.91899871826172,103164416
1743278400,124.98414611816406,125.23570251464844,123.08838653564453,124.58648681640625,43411200
1743292800,124.52046966552734,126.50542449951172,123.5875473022461,125.80522918701172,23882752
1743307200,125.80775451660156,126.4622802734375,125.25340270996094,125.44061279296875,0
1743321600,125.45046997070312,126.34196472167969,124.7974853515625,125.07264709472656,0
1743336000,125.07466125488281,125.4211196899414,123.51324462890625,125.02874755859375,57084416
1743350400,124.93180847167969,126.58343505859375,123.47050476074219,125.87889099121094,17123328
1743364800,125.82588195800781,126.13591003417969,123.43700408935547,124.64402770996094,58048512
1743379200,124.77401733398438,127.33047485351562,123.08495330810547,124.4410171508789,195193600
1743393600,124.4500961303711,126.89057159423828,124.4500961303711,125.57394409179688,206099840
1743408000,125.62701416015625,126.51797485351562,123.14462280273438,124.38383483886719,249129088
1743422400,124.2655029296875,127.61997985839844,123.7088851928711,127.08537292480469,610397952
1743436800,127.024658203125,127.27536010742188,124.14707946777344,125.53398132324219,238184960
1743451200,125.2886734008789,126.15695190429688,124.66097259521484,124.69412994384766,68679680
1743465600,124.65767669677734,126.49757385253906,123.95759582519531,125.90216064453125,0
1743480000,125.92656707763672,126.64659881591797,125.69396209716797,126.6146011352539,0
1743494400,126.69337463378906,129.76980590820312,126.69337463378906,127.49698638916016,201874432
1743508800,127.61479187011719,129.99708557128906,124.96684265136719,129.36868286132812,259133952
1743523200,129.3466796875,129.3797607421875,125.80821990966797,126.78369903564453,46123264
1743537600,126.76687622070312,127.41045379638672,125.4881362915039,126.67960357666016,43066624
1743552000,126.68292999267578,126.83585357666016,124.23161315917969,124.38681030273438,36098560
1743566400,124.3144760131836,124.9294204711914,123.67173767089844,124.51961517333984,88182272
1743580800,124.54788208007812,126.38948059082031,124.39076232910156,125.77562713623047,0
1743595200,125.77062225341797,130.67535400390625,125.26997375488281,130.15701293945312,443513344
1743609600,130.20687866210938,131.48812866210938,129.29713439941406,131.17100524902344,326227712
1743624000,131.19931030273438,135.48837280273438,117.74919891357422,117.74919891357422,1959478784
1743638400,117.73617553710938,120.75575256347656,116.98587036132812,120.12521362304688,730437120
1743652800,120.05502319335938,120.66324615478516,118.14517974853516,118.79399108886719,270291456
1743667200,118.72348022460938,118.99324035644531,115.62664794921875,115.62664794921875,384472064
1743681600,115.66735076904297,115.69508361816406,112.53694152832031,114.1549301147461,453687808
1743696000,114.183837890625,115.80845642089844,113.50293731689453,115.39698028564453,175276544
1743710400,115.3216781616211,117.26964569091797,115.23381042480469,117.06481170654297,0
1743724800,117.08709716796875,117.24034881591797,114.99980163574219,115.418701171875,0
1743739200,115.41679382324219,118.15151977539062,114.81593322753906,118.10623168945312,27424768
1743753600,118.11509704589844,119.8149185180664,113.61180114746094,114.51451873779297,119516160
1743768000,114.51692962646484,120.74885559082031,114.07740783691406,119.0361099243164,472035072
1743782400,118.82794952392578,123.33242797851562,118.42132568359375,122.45098114013672,719629312
1743796800,122.5284652709961,123.88574981689453,122.08695983886719,122.78643035888672,62012416
1743811200,122.78629302978516,122.78629302978516,120.69367218017578,120.75975799560547,0
1743825600,120.73238372802734,121.20711517333984,120.2374038696289,120.97074127197266,0
1743840000,120.97383880615234,121.8403091430664,120.03954315185547,120.23075866699219,0
1743854400,120.23564910888672,120.2445068359375,117.19569396972656,117.4730453491211,0
1743868800,117.47404479980469,119.23307800292969,117.47404479980469,118.46409606933594,0
1743883200,118.60736846923828,120.27129364013672,118.60736846923828,120.25850677490234,828288
1743897600,120.26409912109375,120.90925598144531,119.47503662109375,119.89275360107422,8596864
1743912000,119.91039276123047,120.4780502319336,118.8850326538086,119.16532135009766,20295040
1743926400,119.17706298828125,119.99844360351562,118.30379486083984,118.6707992553711,14570368
1743940800,118.5540542602539,118.65120697021484,114.56317901611328,115.07748413085938,166537344
1743955200,115.04273223876953,115.09602355957031,106.70272827148438,108.1668472290039,1213197056
1743969600,107.98529815673828,108.33000183105469,104.01112365722656,105.7120132446289,866277376
1743984000,105.80245208740234,107.45791625976562,102.45437622070312,102.87223052978516,714795776
1743998400,103.08963775634766,103.43683624267578,96.85416412353516,97.59320068359375,1400922624
1744012800,97.42042541503906,102.24971008300781,97.104248046875,100.09004974365234,1035948032
1744027200,100.31275177001953,111.44497680664062,99.9366226196289,106.68085479736328,2552634368
1744041600,106.7049789428711,107.73710632324219,103.77241516113281,106.14678955078125,247294976
1744056000,106.0507583618164,109.17853546142578,105.88880920410156,106.90526580810547,0
1744070400,106.91387939453125,112.23851776123047,106.85083770751953,110.96440887451172,194314240
1744084800,111.36769104003906,111.93418884277344,108.22810363769531,108.77564239501953,0
1744099200,108.72663879394531,111.43590545654297,107.32284545898438,111.43158721923828,48840704
1744113600,111.64012908935547,111.72048950195312,106.96633911132812,107.13905334472656,0
1744128000,107.07014465332031,107.07627868652344,103.14756774902344,104.03450012207031,120761856
1744142400,104.00808715820312,106.18514251708984,103.9014663696289,105.50481414794922,130341888
1744156800,105.44733428955078,106.2847671508789,101.52043151855469,103.29653930664062,231813632
1744171200,103.35456848144531,107.64818572998047,103.35456848144531,107.43318176269531,320282112
1744185600,107.43199920654297,107.89563751220703,102.92955780029297,103.4070053100586,122313216
1744200000,103.39876556396484,107.11924743652344,102.5785140991211,106.49555969238281,0
1744214400,106.48509216308594,120.47077178955078,106.43916320800781,118.82853698730469,1611902464
1744228800,118.83267211914062,120.12230682373047,118.3922119140625,119.06228637695312,108392960
1744243200,119.06131744384766,119.06131744384766,114.7860107421875,115.28266143798828,36435456
1744257600,115.32887268066406,116.78520965576172,114.48309326171875,114.7589340209961,37987840
1744272000,114.759521484375,115.05171203613281,113.49726867675781,113.9168701171875,0
1744286400,113.91681671142578,115.16841125488281,109.67407989501953,109.76717376708984,309231616
1744300800,109.7757339477539,111.60946655273438,108.69842529296875,111.60946655273438,155974656
1744315200,111.44254302978516,113.24185180664062,111.34712982177734,112.80731964111328,0
1744329600,112.79608917236328,115.54236602783203,112.2213134765625,115.3281478881836,21257728
1744344000,115.3274154663086,117.56890106201172,114.98619842529297,116.6598892211914,0
1744358400,116.62813568115234,119.16242980957031,116.28466796875,117.77701568603516,321348864
1744372800,117.79071807861328,120.70997619628906,117.61864471435547,119.9867172241211,230491136
1744387200,119.96659088134766,121.67353057861328,118.77027130126953,120.68567657470703,11785728
1744401600,120.69554901123047,122.3924560546875,120.10353088378906,121.53269958496094,60171776
1744416000,121.37549591064453,121.78353881835938,119.71099090576172,120.20693969726562,15731456
1744430400,120.20598602294922,124.23516082763672,119.85990905761719,124.2265853881836,306731776
1744444800,124.2422103881836,125.27468872070312,124.09162902832031,124.63800048828125,0
1744459200,124.62884521484375,131.29248046875,124.51941680908203,130.46958923339844,124468224
1744473600,130.47544860839844,131.33856201171875,128.4754180908203,130.87535095214844,107914240
1744488000,130.83200073242188,133.7466278076172,130.81973266601562,132.26258850097656,265130240
1744502400,132.54527282714844,133.50418090820312,131.09323120117188,131.77169799804688,225876224
1744516800,131.7753448486328,131.86346435546875,128.3282470703125,128.57240295410156,10745344
1744531200,128.56866455078125,131.42359924316406,128.29147338867188,129.54087829589844,123441664
1744545600,129.62513732910156,130.2171630859375,126.9880599975586,128.74404907226562,0
1744560000,128.74453735351562,132.1355438232422,127.50586700439453,128.24940490722656,111753984
1744574400,128.2261199951172,129.42176818847656,125.54654693603516,128.5781707763672,125011712
1744588800,128.5757293701172,135.16220092773438,128.28317260742188,131.46791076660156,430746624
1744603200,131.5387725830078,134.1148223876953,131.5387725830078,132.15762329101562,31815680
1744617600,132.1576385498047,133.87831115722656,131.61407470703125,133.3078155517578,106142208
1744632000,133.3135986328125,134.5267333984375,128.49314880371094,128.9578094482422,513188864
1744646400,128.92892456054688,131.8488311767578,128.3563995361328,130.8917236328125,117635072
1744660800,130.9220733642578,131.073974609375,128.8529510498047,129.31101989746094,0
1744675200,129.29823303222656,130.6033172607422,128.04652404785156,130.5459442138672,0
1744689600,130.5303955078125,132.10751342773438,129.82681274414062,131.46749877929688,0
1744704000,131.46739196777344,133.65692138671875,131.46739196777344,132.03073120117188,3872256
1744718400,132.0515899658203,134.1931915283203,129.42938232421875,129.42938232421875,25432320
1744732800,129.49327087402344,130.49488830566406,127.50279235839844,127.98306274414062,27927296
1744747200,127.97999572753906,128.5337677001953,126.15367126464844,126.26598358154297,98276352
1744761600,126.07984924316406,127.16919708251953,125.15582275390625,126.3786392211914,39403264
1744776000,126.38750457763672,126.59310150146484,124.77328491210938,124.80131530761719,33140224
1744790400,124.8409423828125,126.44081115722656,123.75035095214844,126.18164825439453,124438784
1744804800,126.17833709716797,129.34719848632812,124.75806427001953,128.5653533935547,106771456
1744819200,128.4771270751953,133.3726043701172,125.43423461914062,133.3726043701172,891709440
1744833600,133.15538024902344,133.501220703125,130.90206909179688,131.45022583007812,265394432
1744848000,131.46197509765625,132.55801391601562,129.75025939941406,129.91098022460938,26271744
1744862400,129.8834991455078,135.18934631347656,129.7828826904297,134.17666625976562,274931712
1744876800,134.19239807128906,134.796142578125,132.55625915527344,133.0668182373047,22786560
1744891200,133.06527709960938,134.33981323242188,130.81065368652344,133.57936096191406,25922048
1744905600,133.5450439453125,135.80821228027344,132.17074584960938,133.3214111328125,68840960
1744920000,133.28781127929688,135.05970764160156,133.28382873535156,134.70419311523438,409600
1744934400,134.73681640625,135.868896484375,133.89413452148438,134.6013641357422,53940480
1744948800,134.59445190429688,134.80935668945312,133.4422149658203,134.80935668945312,0
1744963200,134.8656768798828,135.2873077392578,133.6704559326172,134.13385009765625,4622336
1744977600,134.14907836914062,135.05731201171875,132.6553955078125,132.9481964111328,4670976
1744992000,132.93856811523438,134.3131561279297,132.87823486328125,134.08978271484375,0
1745006400,134.10443115234375,134.29171752929688,133.29432678222656,134.07350158691406,0
1745020800,134.06976318359375,138.8740692138672,133.7164306640625,138.86221313476562,359826688
1745035200,138.8586883544922,139.21014404296875,137.8508758544922,138.7822723388672,66023168
1745049600,138.77476501464844,139.80970764160156,138.52098083496094,138.69818115234375,101004032
1745064000,138.70684814453125,140.086669921875,138.62815856933594,138.9929656982422,22310656
1745078400,138.9615936279297,138.97071838378906,137.8274383544922,138.6957244873047,178729728
1745092800,138.69847106933594,139.75025939941406,138.4817657470703,139.75025939941406,20468224
1745107200,139.77137756347656,141.82571411132812,139.57901000976562,140.94741821289062,179474944
1745121600,140.9386444091797,141.48081970214844,138.96749877929688,139.57106018066406,82077440
1745136000,139.57525634765625,139.7051239013672,135.97247314453125,136.25096130371094,445563648
1745150400,136.26608276367188,137.6016082763672,135.7804412841797,135.9440460205078,154601472
1745164800,135.9645538330078,137.0397186279297,135.9321746826172,137.0397186279297,3028480
1745179200,137.07196044921875,138.26998901367188,136.55931091308594,137.77459716796875,150185216
1745193600,137.77676391601562,142.65121459960938,137.7587432861328,139.47024536132812,470450432
1745208000,139.4664306640625,141.69168090820312,139.3841552734375,140.27879333496094,149508096
1745222400,140.25723266601562,140.95687866210938,138.626708984375,139.109375,0
1745236800,139.0862579345703,139.79542541503906,137.1100311279297,138.1777801513672,469970944
1745251200,138.2137908935547,138.6285400390625,134.13015747070312,136.7228546142578,807829760
1745265600,136.8550262451172,137.26416015625,135.5022430419922,136.70184326171875,66970880
1745280000,136.6837921142578,139.5679168701172,135.45680236816406,139.29002380371094,1659136
1745294400,139.3192138671875,140.39308166503906,138.53123474121094,140.0945587158203,66774784
1745308800,140.11354064941406,140.61387634277344,139.0896453857422,140.4533233642578,29352448
1745323200,140.4508514404297,145.25100708007812,140.20016479492188,144.67984008789062,372943872
1745337600,144.81008911132812,146.37115478515625,143.94036865234375,144.3494873046875,8765952
1745352000,144.35018920898438,149.94912719726562,143.62417602539062,148.7654571533203,732361728
1745366400,148.74378967285156,149.3605194091797,147.48851013183594,149.30953979492188,77660672
1745380800,149.32766723632812,151.8737030029297,148.7406005859375,151.3772430419922,374399488
1745395200,151.39468383789062,153.23208618164062,151.1692657470703,151.90599060058594,419039232
1745409600,151.92807006835938,153.8248748779297,149.1611785888672,151.4075469970703,101954048
1745424000,151.4349365234375,152.26976013183594,149.13636779785156,150.07838439941406,40740352
1745438400,150.2036590576172,151.78126525878906,150.001953125,151.15394592285156,28046336
1745452800,151.16412353515625,151.33653259277344,147.8452606201172,147.8452606201172,53544960
1745467200,147.86280822753906,148.9888153076172,147.09803771972656,147.09803771972656,0
1745481600,147.2235870361328,147.55845642089844,145.66134643554688,147.55845642089844,63868672
1745496000,147.59886169433594,151.32907104492188,147.1610107421875,149.64576721191406,38197248
1745510400,149.5623779296875,152.20399475097656,149.2138214111328,151.6232147216797,151540992
1745524800,151.63645935058594,152.749267578125,150.38111877441406,152.24154663085938,76594688
1745539200,152.34820556640625,153.9881134033203,150.73919677734375,151.7275848388672,108293632
1745553600,151.74435424804688,154.88137817382812,150.9508819580078,154.88137817382812,125723392
1745568000,154.88616943359375,154.91415405273438,153.0754852294922,154.47305297851562,140863232
1745582400,154.495361328125,155.9680938720703,152.79583740234375,153.0312957763672,459660032
1745596800,153.0283966064453,153.17733764648438,150.75393676757812,151.42381286621094,5222912
1745611200,151.45616149902344,152.5119171142578,150.13401794433594,150.90614318847656,127952384
1745625600,150.91380310058594,152.99786376953125,150.91380310058594,151.35589599609375,0
1745640000,151.34971618652344,152.24220275878906,150.2738800048828,151.6555938720703,15149568
1745654400,151.64224243164062,151.95022583007812,148.18711853027344,148.59390258789062,0
1745668800,148.57882690429688,149.47503662109375,148.04029846191406,149.45533752441406,0
1745683200,149.45135498046875,149.45135498046875,148.5360107421875,149.13409423828125,0
1745697600,149.1625518798828,149.66741943359375,148.57569885253906,149.28970336914062,0
1745712000,149.28128051757812,150.16465759277344,146.4960479736328,147.45748901367188,147852032
1745726400,147.49160766601562,147.82635498046875,145.7666015625,147.54522705078125,25424640
1745740800,147.53591918945312,148.65371704101562,147.4767303466797,148.21009826660156,0
1745755200,148.1929931640625,149.69747924804688,147.44427490234375,149.18270874023438,17442944
1745769600,149.15557861328125,150.1332550048828,148.43544006347656,150.0122528076172,36009216
1745784000,150.038330078125,150.06443786621094,148.1337890625,148.24583435058594,27903104
1745798400,148.23446655273438,149.0144805908203,144.9167938232422,148.64527893066406,161889024
1745812800,148.60755920410156,151.4276580810547,148.60755920410156,151.10256958007812,181944320
1745827200,151.1009063720703,153.10902404785156,150.59251403808594,151.62542724609375,731874560
1745841600,151.65989685058594,151.65989685058594,145.86782836914062,146.10862731933594,439412480
1745856000,146.1597442626953,148.79873657226562,145.83460998535156,148.46646118164062,277149440
1745870400,148.4649658203125,148.4649658203125,146.84730529785156,147.8099365234375,46139392
1745884800,147.81924438476562,148.9782257080078,147.22608947753906,147.52410888671875,0
1745899200,147.52430725097656,148.93626403808594,145.75753784179688,148.92987060546875,0
1745913600,148.9456329345703,149.5082244873047,148.02976989746094,149.05653381347656,15046656
1745928000,149.05853271484375,149.16592407226562,147.1363983154297,148.0724639892578,0
1745942400,148.0748748779297,150.03787231445312,147.98187255859375,149.3144989013672,66859520
1745956800,149.2748260498047,149.4815673828125,145.1818389892578,146.427490234375,230438400
1745971200,146.4016876220703,148.1513671875,145.31944274902344,148.14584350585938,96367616
1745985600,148.16549682617188,148.1934051513672,146.2666015625,146.45277404785156,0
1746000000,146.4694366455078,147.97967529296875,146.26821899414062,147.9663543701172,0
1746014400,147.9582977294922,147.9582977294922,141.0130157470703,142.3715057373047,555877632
1746028800,142.36907958984375,145.91323852539062,141.61044311523438,145.84686279296875,33402112
1746043200,145.8225860595703,147.9990692138672,145.623291015625,147.645751953125,91954432
1746057600,147.6273956298828,149.5128173828125,147.6273956298828,148.70669555664062,49984512
1746072000,148.70639038085938,150.08396911621094,148.1132354736328,150.0015869140625,69956608
1746086400,149.99063110351562,152.28053283691406,149.82138061523438,151.8623046875,350696960
1746100800,151.85191345214844,153.78565979003906,150.92835998535156,151.85377502441406,92376832
1746115200,151.84707641601562,152.79640197753906,150.30604553222656,150.36846923828125,180985600
1746129600,150.38255310058594,150.90426635742188,150.04086303710938,150.84036254882812,0
1746144000,150.8550567626953,151.51072692871094,150.19947814941406,150.77337646484375,36154880
1746158400,150.78018188476562,150.96978759765625,148.60337829589844,148.6812286376953,136472832
1746172800,148.57272338867188,150.74090576171875,148.57272338867188,150.73704528808594,0
1746187200,150.73757934570312,151.7220001220703,149.695068359375,149.9383544921875,55078400
1746201600,150.02813720703125,151.34414672851562,148.10069274902344,148.16989135742188,50752256
1746216000,147.97007751464844,148.61962890625,147.45782470703125,148.0498504638672,20072960
1746230400,148.05091857910156,148.95668029785156,147.7136688232422,148.3919219970703,0
1746244800,148.36448669433594,148.5128173828125,147.53799438476562,148.1388702392578,0
1746259200,148.15420532226562,148.35501098632812,146.8902587890625,147.16488647460938,4388096
1746273600,147.170166015625,148.93328857421875,147.170166015625,148.58876037597656,0
1746288000,148.56781005859375,148.56781005859375,146.13719177246094,147.4905242919922,5558272
1746302400,147.48297119140625,147.87710571289062,146.79595947265625,146.79595947265625,0
1746316800,146.7808837890625,147.5572967529297,145.8341064453125,145.88572692871094,0
1746331200,145.82168579101562,146.50149536132812,145.31614685058594,145.45326232910156,45741952
1746345600,145.6471405029297,145.95591735839844,144.83712768554688,145.42941284179688,63198336
1746360000,145.44325256347656,147.11123657226562,145.2041473388672,146.9168243408203,8148736
1746374400,146.92469787597656,147.68191528320312,146.2028045654297,146.20523071289062,6190848
1746388800,146.21942138671875,147.10336303710938,143.83380126953125,143.98521423339844,153641344
1746403200,143.93325805664062,145.341552734375,142.89988708496094,145.0835723876953,157399424
1746417600,145.03298950195312,147.1077117919922,144.99546813964844,146.80532836914062,56423552
1746432000,146.814697265625,146.94500732421875,143.7118682861328,144.28985595703125,44151168
1746446400,144.27267456054688,145.28944396972656,143.44012451171875,143.58770751953125,221498240
1746460800,143.7533721923828,147.03013610839844,143.75299072265625,146.54351806640625,183458304
1746475200,146.5187530517578,147.61419677734375,145.1201629638672,146.69577026367188,83272448
1746489600,146.68417358398438,146.71734619140625,143.92550659179688,144.69522094726562,40858368
1746504000,144.67515563964844,145.7579803466797,144.41702270507812,145.2166748046875,27966720
1746518400,145.21266174316406,145.2254638671875,142.27850341796875,142.42333984375,173536512
1746532800,142.43357849121094,143.84527587890625,141.67991638183594,143.21243286132812,103797504
1746547200,143.1867218017578,145.1720428466797,142.505615234375,144.81210327148438,91729408
1746561600,144.87855529785156,147.0643310546875,143.6756591796875,146.7668914794922,246525952
1746576000,146.78736877441406,149.33059692382812,145.67323303222656,146.2622528076172,283646720
1746590400,146.26002502441406,147.13502502441406,145.4809112548828,147.13502502441406,78007040
1746604800,147.23519897460938,148.08895874023438,147.02630615234375,147.50881958007812,7256320
1746619200,147.53268432617188,147.61834716796875,145.59664916992188,145.85186767578125,257905920
1746633600,145.82574462890625,147.04718017578125,144.91387939453125,145.9369659423828,773909760
1746648000,145.9450225830078,148.23431396484375,145.7220001220703,147.21726989746094,397726720
1746662400,147.22035217285156,150.88050842285156,147.22035217285156,150.79058837890625,307892736
1746676800,150.9811248779297,151.8793182373047,150.1700897216797,151.6490936279297,403148288
1746691200,151.6444091796875,155.07080078125,151.6444091796875,154.5598602294922,430047744
1746705600,154.58172607421875,161.78414916992188,154.33670043945312,160.1685333251953,1019579904
1746720000,160.13111877441406,160.65719604492188,158.82920837402344,160.14089965820312,122631168
1746734400,160.20936584472656,163.9715118408203,160.00982666015625,163.9715118408203,345454080
1746748800,164.06626892089844,164.25111389160156,161.48924255371094,161.48924255371094,0
1746763200,161.46710205078125,166.2422332763672,161.24923706054688,165.0918731689453,418149888
1746777600,165.1187286376953,175.8444061279297,164.87158203125,172.92172241210938,1930611200
1746792000,172.65919494628906,173.0002899169922,167.981201171875,170.85643005371094,481665024
1746806400,170.71072387695312,172.48565673828125,168.83627319335938,171.69393920898438,35062272
1746820800,171.73361206054688,173.43490600585938,171.4030303955078,172.82769775390625,0
1746835200,172.82666015625,174.66600036621094,170.992919921875,171.62777709960938,2684416
1746849600,171.60227966308594,172.42047119140625,170.19784545898438,172.42047119140625,50036224
1746864000,172.36924743652344,173.1860809326172,168.95257568359375,169.1343994140625,0
1746878400,169.12083435058594,171.77572631835938,169.12083435058594,171.119140625,0
1746892800,171.11322021484375,173.3536834716797,171.056640625,172.1072540283203,0
1746907200,172.12445068359375,178.34698486328125,171.7466278076172,177.62289428710938,449825280
1746921600,177.83837890625,179.61376953125,173.97947692871094,175.9133758544922,789686528
1746936000,175.89097595214844,177.39292907714844,172.6023406982422,172.9756622314453,62703616
1746950400,172.80296325683594,174.89141845703125,172.73109436035156,174.54934692382812,0
1746964800,174.58750915527344,174.93045043945312,170.26564025878906,170.26646423339844,192056320
1746979200,170.22727966308594,173.26190185546875,169.75714111328125,172.70518493652344,47147520
1746993600,172.71665954589844,173.34751892089844,171.5635528564453,173.03668212890625,0
1747008000,173.03562927246094,176.16229248046875,172.3099365234375,174.69583129882812,65530624
1747022400,174.82305908203125,179.24549865722656,174.05897521972656,175.8680877685547,948927744
1747036800,175.84130859375,176.73292541503906,174.0390625,174.041015625,459895296
1747051200,174.041259765625,180.91561889648438,174.041259765625,174.66766357421875,1319193600
1747065600,174.34393310546875,176.57293701171875,169.15762329101562,170.97137451171875,621853696
1747080000,171.1298828125,174.6895751953125,170.77613830566406,174.24620056152344,167878656
1747094400,174.2506561279297,174.2506561279297,167.5458221435547,167.5458221435547,0
1747108800,167.4199676513672,172.09886169433594,166.85574340820312,171.50668334960938,30557696
1747123200,171.5342254638672,175.0436248779297,171.22886657714844,173.89132690429688,0
1747137600,173.89743041992188,175.6676483154297,172.73037719726562,175.6676483154297,93135872
1747152000,175.6870574951172,184.23487854003906,175.6870574951172,182.16506958007812,382592512
1747166400,182.17904663085938,184.67396545410156,180.98866271972656,184.0063018798828,425886720
1747180800,183.9971923828125,184.54080200195312,179.3020782470703,180.08631896972656,131238400
1747195200,180.09658813476562,183.77609252929688,179.9864959716797,182.1728973388672,115640320
1747209600,182.0241241455078,182.05621337890625,177.8949432373047,181.0612335205078,339143168
1747224000,181.06185913085938,181.73895263671875,176.02658081054688,177.1686553955078,197361664
1747238400,177.16616821289062,177.5340118408203,173.77914428710938,177.42156982421875,0
1747252800,177.37742614746094,177.46023559570312,175.53005981445312,176.7086639404297,0
1747267200,176.71270751953125,178.10504150390625,174.3260040283203,174.34640502929688,0
1747281600,174.30636596679688,175.1687774658203,170.2013397216797,170.61558532714844,56427264
1747296000,170.5982208251953,172.96163940429688,169.10983276367188,170.91134643554688,0
1747310400,170.94314575195312,172.3524169921875,167.44114685058594,172.1626739501953,178915840
1747324800,172.32232666015625,174.27867126464844,168.10240173339844,169.72007751464844,124341248
1747339200,169.7046661376953,170.52474975585938,167.32859802246094,169.0146942138672,286895360
1747353600,169.02212524414062,173.2831573486328,169.00172424316406,172.68988037109375,190122496
1747368000,172.68898010253906,173.36744689941406,171.41964721679688,172.32708740234375,1733632
1747382400,172.32044982910156,173.90940856933594,169.72850036621094,172.81101989746094,35244288
1747396800,172.83753967285156,173.9542236328125,171.20555114746094,171.8583526611328,0
1747411200,171.89581298828125,172.4235076904297,170.02989196777344,171.4107666015625,0
1747425600,171.4402618408203,171.4402618408203,166.86790466308594,167.33395385742188,82422784
1747440000,167.34796142578125,168.26425170898438,164.22781372070312,168.26425170898438,118466304
1747454400,168.24122619628906,169.76828002929688,167.57220458984375,168.3868408203125,25028352
1747468800,168.40164184570312,169.2334442138672,166.93966674804688,167.75918579101562,3670784
1747483200,167.7550506591797,168.12503051757812,165.99085998535156,167.5401611328125,0
1747497600,167.5172882080078,167.5172882080078,164.71913146972656,165.36512756347656,9387520
1747512000,165.31878662109375,167.73001098632812,164.6249237060547,165.93197631835938,16412672
1747526400,165.9673614501953,167.74705505371094,165.9673614501953,166.96585083007812,0
1747540800,166.9633026123047,170.57115173339844,166.93690490722656,170.54908752441406,4133376
1747555200,170.5826416015625,171.81935119628906,170.5826416015625,170.8802032470703,67079680
1747569600,170.8798065185547,176.45462036132812,170.3627471923828,175.966552734375,359432960
1747584000,176.010498046875,176.3863067626953,167.04876708984375,167.15182495117188,623620352
1747598400,166.33297729492188,174.07440185546875,165.52999877929688,173.89871215820312,574822912
1747612800,173.78504943847656,173.78504943847656,165.2184295654297,165.59109497070312,540860928
1747627200,165.52993774414062,166.69700622558594,159.74765014648438,161.96896362304688,708295168
1747641600,161.96600341796875,162.55355834960938,160.83909606933594,162.45970153808594,187207680
1747656000,162.4341583251953,164.5786590576172,160.37298583984375,164.2319793701172,192756736
1747670400,164.23992919921875,167.14816284179688,162.9110565185547,166.41575622558594,0
1747684800,166.4935302734375,167.53663635253906,165.31654357910156,166.85855102539062,0
1747699200,166.85366821289062,172.82200622558594,166.85366821289062,169.0108642578125,234523648
1747713600,169.04083251953125,170.5808868408203,167.32371520996094,167.58273315429688,0
1747728000,167.57147216796875,168.02011108398438,165.38235473632812,166.3461151123047,87744768
1747742400,166.39654541015625,167.14544677734375,164.7952423095703,166.8693389892578,3424000
1747756800,166.82261657714844,168.87078857421875,164.83250427246094,168.6355743408203,38884864
1747771200,168.50608825683594,169.17730712890625,166.5629425048828,168.48411560058594,120208128
1747785600,168.49234008789062,170.72869873046875,167.126220703125,170.03677368164062,15024896
1747800000,170.02923583984375,171.65127563476562,168.55099487304688,168.85116577148438,247774464
1747814400,168.85317993164062,169.57327270507812,167.54373168945312,169.4005889892578,27038464
1747828800,169.36746215820312,173.4901580810547,168.64366149902344,172.31240844726562,415499776
1747843200,172.2897186279297,174.693603515625,166.42501831054688,171.13504028320312,986195968
1747857600,171.05799865722656,175.5224151611328,169.53805541992188,173.6822052001953,392328192
1747872000,173.66632080078125,177.1256103515625,172.7552490234375,177.0323486328125,395664384
1747886400,176.96469116210938,178.5005340576172,175.5077667236328,178.5005340576172,90977792
1747900800,178.49951171875,180.53489685058594,177.37350463867188,178.50912475585938,631607296
1747915200,178.45965576171875,179.7869873046875,177.3373260498047,179.1245880126953,192337408
1747929600,179.06602478027344,180.08572387695312,177.78102111816406,177.78854370117188,0
1747944000,177.83969116210938,179.875732421875,177.3918914794922,179.69146728515625,0
1747958400,179.69805908203125,185.0201416015625,179.51963806152344,184.99534606933594,311833600
1747972800,184.9629364013672,185.0948944091797,180.2308807373047,182.66851806640625,87932416
1747987200,182.585693359375,187.27830505371094,177.98971557617188,177.98971557617188,440013312
1748001600,177.5018310546875,183.53256225585938,175.2635955810547,181.04644775390625,1386740736
1748016000,180.98318481445312,182.06829833984375,178.6854248046875,179.21597290039062,279976448
1748030400,179.1931915283203,179.1931915283203,173.5810089111328,173.8404083251953,314261504
1748044800,173.79090881347656,175.92739868164062,172.93133544921875,175.0226593017578,0
1748059200,175.03038024902344,176.2626953125,173.7442169189453,173.94940185546875,0
1748073600,173.9486541748047,178.13662719726562,173.4426727294922,177.1339111328125,0
1748088000,177.0255126953125,177.0255126953125,175.43565368652344,176.26658630371094,0
1748102400,176.27813720703125,177.64242553710938,175.68896484375,177.11248779296875,0
1748116800,177.10447692871094,177.80923461914062,175.65121459960938,176.03448486328125,0
1748131200,175.97181701660156,176.71177673339844,171.0724639892578,173.82437133789062,154372096
1748145600,173.80885314941406,174.3115234375,172.12008666992188,172.337890625,0
1748160000,172.2917938232422,172.2917938232422,170.6332244873047,171.89279174804688,146866176
1748174400,171.9284210205078,172.60574340820312,169.3836669921875,170.21055603027344,171448320
1748188800,170.23077392578125,172.7236785888672,169.38299560546875,172.7040252685547,56839680
1748203200,172.5922393798828,175.7256622314453,171.4300537109375,175.7256622314453,201023744
1748217600,175.7113494873047,177.55819702148438,175.63491821289062,177.1668701171875,5014784
1748232000,177.1476287841797,178.962158203125,176.82403564453125,178.06101989746094,111483648
1748246400,178.08587646484375,178.2362823486328,176.61013793945312,177.9050750732422,6712832
1748260800,177.95382690429688,178.46080017089844,176.218017578125,177.61585998535156,7098112
1748275200,177.61178588867188,177.8963623046875,173.74484252929688,174.18966674804688,133746176
1748289600,174.1813507080078,175.67958068847656,173.87313842773438,174.90769958496094,18715392
1748304000,174.96282958984375,175.705078125,171.69058227539062,173.61940002441406,101513472
1748318400,173.6063232421875,175.7513885498047,172.68557739257812,175.33648681640625,59550720
1748332800,175.34971618652344,177.00442504882812,175.20944213867188,176.69496154785156,126010368
1748347200,176.70993041992188,179.12554931640625,175.8268280029297,178.409912109375,568478720
1748361600,178.46238708496094,179.21588134765625,177.71873474121094,178.05992126464844,110425600
1748376000,177.92568969726562,178.58082580566406,175.7416534423828,176.8146514892578,110223616
1748390400,176.80804443359375,177.37301635742188,174.45590209960938,175.23190307617188,118297344
1748404800,175.23402404785156,175.24847412109375,173.92567443847656,174.07508850097656,0
1748419200,174.07212829589844,174.48736572265625,173.11648559570312,174.48736572265625,67194368
1748433600,174.4788055419922,175.0853729248047,169.12628173828125,169.92916870117188,223109888
1748448000,169.91802978515625,171.95492553710938,169.46102905273438,169.6797637939453,32083712
1748462400,169.59524536132812,172.4978790283203,169.39071655273438,172.1905975341797,83188224
1748476800,172.1935272216797,175.1842803955078,171.52415466308594,173.63192749023438,232724992
1748491200,173.63839721679688,173.8629608154297,170.99058532714844,172.33578491210938,147439616
1748505600,172.2874298095703,173.44381713867188,171.89471435546875,172.8645477294922,22403584
1748520000,172.84677124023438,172.84735107421875,169.29017639160156,169.98687744140625,0
1748534400,169.98403930664062,170.032958984375,166.26480102539062,166.98951721191406,188153600
1748548800,166.94485473632812,168.4431610107422,166.39260864257812,166.5934295654297,51708928
1748563200,166.59683227539062,167.34397888183594,162.07835388183594,165.07040405273438,422393088
1748577600,165.07504272460938,165.7587432861328,162.94761657714844,162.94761657714844,179540992
1748592000,162.91966247558594,164.0663604736328,161.7891082763672,163.92898559570312,264042752
1748606400,163.9010009765625,163.9010009765625,160.43997192382812,161.42440795898438,78601984
1748620800,161.39483642578125,161.661376953125,157.11190795898438,161.28822326660156,333458944
1748635200,161.11093139648438,161.11093139648438,156.06491088867188,156.23594665527344,187426048
1748649600,156.2489013671875,157.0791778564453,152.44351196289062,154.16551208496094,79692544
1748664000,154.16551208496094,155.71694946289062,153.4214324951172,155.1152801513672,26777088
1748678400,155.09999084472656,155.22439575195312,152.84710693359375,153.10211181640625,0
1748692800,153.0944061279297,156.7073974609375,152.85072326660156,155.72755432128906,0
1748707200,155.70419311523438,157.83462524414062,155.4607391357422,157.58375549316406,0
1748721600,157.58126831054688,157.92530822753906,156.57421875,156.6378936767578,18345984
1748736000,156.5615997314453,156.60440063476562,153.7758331298828,154.75775146484375,0
1748750400,154.76095581054688,155.8823699951172,154.3751678466797,154.44549560546875,0
1748764800,154.44708251953125,154.5158233642578,150.85458374023438,152.15818786621094,183076352
1748779200,152.1591796875,154.562744140625,150.95114135742188,154.16934204101562,3250432
1748793600,154.17776489257812,156.64837646484375,153.71310424804688,155.91256713867188,241776384
1748808000,155.9263458251953,157.8229522705078,155.45480346679688,157.7837371826172,80486912
1748822400,157.7803192138672,158.88626098632812,155.65890502929688,155.68260192871094,57236480
1748836800,155.6695098876953,156.6288299560547,154.83340454101562,155.54751586914062,96865024
1748851200,155.55711364746094,156.38961791992188,153.31016540527344,153.5223846435547,60160256
1748865600,153.51055908203125,154.35276794433594,152.10462951660156,153.08775329589844,328900608
1748880000,153.0967254638672,154.99093627929688,152.00218200683594,152.70553588867188,35364352
1748894400,152.7392578125,157.1476593017578,152.7392578125,156.9980926513672,140428032
1748908800,156.98854064941406,162.23080444335938,156.6666717529297,159.42941284179688,446051328
1748923200,159.43548583984375,160.1917266845703,158.37203979492188,160.03260803222656,23546368
1748937600,159.99417114257812,161.5298614501953,158.52735900878906,160.6149139404297,24416768
1748952000,160.63571166992188,163.22154235839844,159.77044677734375,162.20596313476562,120939264
1748966400,162.2137908935547,162.27528381347656,160.26014709472656,160.55364990234375,56321536
1748980800,160.5560302734375,160.58233642578125,154.71078491210938,155.34317016601562,196446976
1748995200,155.3399200439453,157.45578002929688,154.57113647460938,156.6856231689453,0
1749009600,156.66876220703125,156.9470672607422,156.00985717773438,156.49754333496094,0
1749024000,156.49893188476562,157.85304260253906,155.9998321533203,156.1497039794922,1246976
1749038400,156.13751220703125,157.7518768310547,154.82923889160156,157.42042541503906,0
1749052800,157.3797607421875,157.5134735107422,155.47071838378906,155.72926330566406,0
1749067200,155.6556396484375,155.6556396484375,153.18157958984375,153.35964965820312,0
1749081600,153.3625030517578,154.54127502441406,153.283203125,153.93287658691406,26131968
1749096000,153.93756103515625,154.10391235351562,152.18934631347656,152.53228759765625,306700288
1749110400,152.5255126953125,153.0287628173828,151.4868621826172,152.39837646484375,42694400
1749124800,152.411376953125,154.34959411621094,149.23072814941406,151.34654235839844,415971072
1749139200,151.2939910888672,151.2939910888672,145.75103759765625,146.2887420654297,740373504
1749153600,146.2678680419922,146.2878875732422,141.9385223388672,144.54295349121094,667693568
1749168000,144.54010009765625,146.844482421875,144.44847106933594,146.844482421875,119349248
1749182400,146.8550567626953,147.9129180908203,146.8550567626953,147.37767028808594,39622656
1749196800,147.3799591064453,149.57325744628906,147.3799591064453,149.37342834472656,80482304
1749211200,149.35269165039062,151.97390747070312,149.3338165283203,150.8888702392578,138403328
1749225600,150.93115234375,151.51788330078125,148.83770751953125,149.25210571289062,0
1749240000,149.2620086669922,149.87554931640625,147.90805053710938,147.90805053710938,0
1749254400,147.90985107421875,149.752197265625,147.2224578857422,149.62225341796875,4800768
1749268800,149.62152099609375,152.8022918701172,149.20042419433594,152.4529571533203,41176320
1749283200,152.45323181152344,152.6433563232422,151.45582580566406,151.50958251953125,0
1749297600,151.51986694335938,152.38584899902344,150.88265991210938,151.0409393310547,0
1749312000,151.05531311035156,151.45191955566406,150.3802947998047,150.6539764404297,0
1749326400,150.65585327148438,151.49557495117188,150.0103759765625,150.13389587402344,5284096
1749340800,150.1512451171875,150.3358612060547,149.32540893554688,149.9525146484375,237440
1749355200,149.94992065429688,150.43936157226562,149.42770385742188,149.42770385742188,0
1749369600,149.43966674804688,149.6971893310547,148.2801971435547,149.6912078857422,54320000
1749384000,149.70040893554688,150.98934936523438,149.27838134765625,150.70872497558594,3466752
1749398400,150.7137451171875,154.47714233398438,150.7137451171875,154.47714233398438,186531968
1749412800,154.48095703125,155.04188537597656,152.3686065673828,152.4300994873047,153553024
1749427200,152.43927001953125,152.99697875976562,151.03684997558594,151.61827087402344,136923904
1749441600,151.62179565429688,151.87521362304688,149.8399200439453,150.7984161376953,178508672
1749456000,150.8354034423828,156.469970703125,150.63717651367188,155.74253845214844,564161792
1749470400,155.70326232910156,155.71144104003906,153.48721313476562,155.4062042236328,342249472
1749484800,155.35641479492188,156.69558715820312,155.234619140625,155.78533935546875,114707200
1749499200,155.7903289794922,161.46966552734375,155.7903289794922,161.09471130371094,426993920
1749513600,161.10504150390625,161.6691131591797,158.86058044433594,159.37411499023438,108079104
1749528000,159.26724243164062,159.4633331298828,157.553466796875,158.55836486816406,120080128
1749542400,158.5436553955078,161.11256408691406,157.34373474121094,160.51651000976562,116519424
1749556800,160.62271118164062,161.77671813964844,156.85308837890625,158.18104553222656,326200576
1749571200,158.16624450683594,165.24790954589844,157.22019958496094,163.11007690429688,770591232
1749585600,163.2244415283203,165.4684295654297,163.05752563476562,165.02816772460938,156870144
1749600000,165.02490234375,167.23068237304688,163.65365600585938,166.71083068847656,458515968
1749614400,166.70127868652344,166.81625366210938,164.54052734375,166.71099853515625,222679040
1749628800,166.69081115722656,166.97007751464844,164.09356689453125,164.49900817871094,203964416
1749643200,164.49371337890625,167.98516845703125,163.90777587890625,167.1068115234375,351908352
1749657600,167.13302612304688,167.25924682617188,162.7086181640625,162.7086181640625,208202752
1749672000,162.63482666015625,163.80250549316406,159.44424438476562,161.0558624267578,61087744
1749686400,161.05584716796875,161.18528747558594,159.419189453125,159.96246337890625,0
1749700800,159.95187377929688,160.4574737548828,158.61756896972656,158.8695831298828,13632000
1749715200,158.87255859375,159.85301208496094,157.7137908935547,157.7941131591797,27425792
1749729600,157.7919464111328,160.53265380859375,156.68637084960938,156.8652801513672,0
1749744000,156.8942108154297,160.43394470214844,154.82583618164062,154.82583618164062,32315904
1749758400,154.83885192871094,155.22337341308594,152.2530059814453,152.81475830078125,187742208
1749772800,152.72433471679688,152.72433471679688,141.46420288085938,145.15167236328125,1779376384
1749787200,145.1175994873047,145.41329956054688,142.81710815429688,145.15260314941406,365461504
1749801600,145.1351318359375,146.5004119873047,143.89015197753906,145.43504333496094,335514624
1749816000,145.42587280273438,147.6656036376953,144.22900390625,147.1806640625,259560448
1749830400,147.15159606933594,148.4799346923828,144.5599365234375,145.06475830078125,197368320
1749844800,145.11817932128906,148.8114013671875,145.0783233642578,148.63223266601562,0
1749859200,148.6387176513672,148.6387176513672,146.6023712158203,146.83714294433594,0
1749873600,146.83680725097656,147.12863159179688,145.82862854003906,146.3062286376953,0
1749888000,146.30064392089844,146.30064392089844,145.12387084960938,145.8748016357422,0
1749902400,145.87754821777344,145.94566345214844,144.12957763671875,144.51580810546875,0
1749916800,144.5211639404297,144.97784423828125,143.30709838867188,143.65716552734375,0
1749931200,143.65345764160156,145.00576782226562,142.2716064453125,144.76339721679688,0
1749945600,144.77273559570312,146.04351806640625,144.74127197265625,145.79168701171875,1451520
1749960000,145.798583984375,147.91856384277344,145.798583984375,146.0507049560547,180380800
1749974400,146.03778076171875,146.57130432128906,144.3729705810547,146.4344024658203,145474560
1749988800,146.43649291992188,152.62863159179688,146.30740356445312,151.11305236816406,640639232
1750003200,151.06689453125,153.18092346191406,150.4046630859375,152.17941284179688,208586752
1750017600,152.15672302246094,152.8170166015625,148.5477752685547,152.81439208984375,342636288
1750032000,152.93873596191406,156.70603942871094,151.2831573486328,155.66539001464844,805504768
1750046400,155.6543426513672,157.59165954589844,155.6543426513672,157.1422576904297,155195392
1750060800,157.15774536132812,157.395263671875,155.03598022460938,156.66651916503906,155486208
1750075200,156.5240936279297,157.57022094726562,154.9177703857422,156.62905883789062,70872576
1750089600,156.6726837158203,158.5836181640625,156.54554748535156,157.51100158691406,1356800
1750104000,157.59231567382812,157.79818725585938,150.8648681640625,150.8648681640625,335255296
1750118400,150.87701416015625,153.74856567382812,148.4330596923828,153.2853546142578,392495104
1750132800,153.29635620117188,154.14190673828125,152.63414001464844,152.89993286132812,3531776
1750147200,152.89048767089844,152.89048767089844,150.30328369140625,150.47315979003906,64418304
1750161600,150.46710205078125,151.2516632080078,147.195556640625,147.5041046142578,134518784
1750176000,147.52627563476562,150.26536560058594,145.99974060058594,148.98635864257812,432245248
1750190400,148.95697021484375,149.0411834716797,146.5057830810547,147.77224731445312,100988416
1750204800,147.70513916015625,149.021728515625,146.67147827148438,148.40562438964844,0
1750219200,148.41433715820312,149.1471710205078,147.10232543945312,147.91644287109375,0
1750233600,147.98141479492188,148.4383544921875,145.59393310546875,146.4530487060547,5533952
1750248000,146.4630126953125,146.69033813476562,144.00711059570312,145.9011688232422,226162944
1750262400,145.89674377441406,145.89674377441406,143.97596740722656,145.20350646972656,104818944
1750276800,144.86346435546875,147.77578735351562,144.26756286621094,146.3552703857422,33379328
1750291200,146.35992431640625,147.78086853027344,145.1183624267578,146.47134399414062,21867776
1750305600,146.4689483642578,147.0103302001953,145.1466522216797,145.16635131835938,120865280
1750320000,145.16920471191406,146.46583557128906,144.98519897460938,145.1642303466797,7048192
1750334400,145.1500244140625,145.3887481689453,143.11734008789062,143.27561950683594,0
1750348800,143.2569580078125,145.75550842285156,143.22976684570312,145.64227294921875,5822208
1750363200,145.6086883544922,147.30641174316406,145.15679931640625,147.07290649414062,26983680
1750377600,147.07577514648438,147.3686065673828,145.54701232910156,145.54843139648438,0
1750392000,145.5090789794922,147.53257751464844,144.44332885742188,147.52755737304688,29722112
1750406400,147.5141143798828,148.69337463378906,147.23751831054688,148.26657104492188,152988416
1750420800,148.25888061523438,148.3357391357422,142.8624267578125,142.8624267578125,253450496
1750435200,142.86862182617188,142.88577270507812,136.55101013183594,139.81756591796875,1155116800
1750449600,139.8294219970703,141.61326599121094,138.95370483398438,140.1680450439453,119733504
1750464000,140.14266967773438,141.28123474121094,139.76327514648438,140.8660125732422,63095040
1750478400,140.85572814941406,140.9112091064453,140.0557403564453,140.63034057617188,2017536
1750492800,140.6365966796875,142.49974060058594,140.46812438964844,142.39654541015625,71309568
1750507200,142.33551025390625,142.4440155029297,139.33639526367188,140.26844787597656,0
1750521600,140.26161193847656,140.9444580078125,137.46485900878906,137.46485900878906,412672
1750536000,137.4496612548828,138.7966766357422,132.6232452392578,135.19635009765625,782477312
1750550400,135.17835998535156,137.47650146484375,133.62074279785156,134.72386169433594,540838144
1750564800,134.78712463378906,136.43414306640625,134.78712463378906,134.9275360107422,136336384
1750579200,134.90025329589844,135.16500854492188,132.30712890625,133.16375732421875,54736128
1750593600,133.18771362304688,133.78684997558594,127.19678497314453,128.52310180664062,1109219328
1750608000,128.57421875,131.04043579101562,128.53028869628906,129.13145446777344,156724736
1750622400,129.1244659423828,132.45799255371094,126.82667541503906,131.61585998535156,340388352
1750636800,131.65719604492188,133.31259155273438,131.65719604492188,132.65365600585938,0
1750651200,132.65548706054688,134.82757568359375,132.5430450439453,134.44752502441406,207015424
1750665600,134.4402618408203,134.7422637939453,133.41598510742188,134.19305419921875,13048320
1750680000,134.17588806152344,136.90428161621094,133.3850860595703,133.62371826171875,49282560
1750694400,133.5564727783203,139.86521911621094,131.2054443359375,139.86521911621094,1048340224
1750708800,139.8321075439453,146.5656280517578,139.67027282714844,144.8467254638672,552473088
1750723200,144.768310546875,144.768310546875,142.57005310058594,143.40066528320312,69102592
1750737600,143.3839569091797,146.5302734375,143.0623321533203,144.23583984375,118146560
1750752000,144.2544708251953,145.44442749023438,143.28469848632812,144.58677673339844,255532544
1750766400,144.5753936767578,145.5940704345703,143.7094268798828,144.25953674316406,0
1750780800,144.4087371826172,146.488037109375,143.0568389892578,143.38412475585938,0
1750795200,143.4734649658203,145.95350646972656,143.4311065673828,145.95350646972656,0
1750809600,145.9635467529297,146.73681640625,145.207275390625,145.7091827392578,431360
1750824000,145.71189880371094,147.4146728515625,145.1199493408203,147.04660034179688,0
1750838400,147.0482177734375,147.1097412109375,145.22384643554688,146.36141967773438,4828928
1750852800,146.30503845214844,147.75518798828125,143.49981689453125,143.69070434570312,101764608
1750867200,143.71189880371094,144.4815673828125,143.0700225830078,144.4523468017578,0
1750881600,144.6582489013672,145.33175659179688,142.55972290039062,143.5052947998047,25729536
1750896000,143.50909423828125,147.7071075439453,143.50909423828125,145.8652801513672,175877376
1750910400,145.87843322753906,146.00135803222656,144.25265502929688,145.38597106933594,66801408
1750924800,145.38528442382812,145.74850463867188,143.35618591308594,143.81881713867188,10170112
1750939200,143.81373596191406,143.88478088378906,141.62075805664062,142.93038940429688,31733760
1750953600,142.96571350097656,143.14427185058594,141.20489501953125,142.51901245117188,72103936
1750968000,142.49867248535156,143.84365844726562,138.81797790527344,139.05978393554688,309191936
1750982400,139.0618133544922,141.56407165527344,137.79420471191406,141.49588012695312,160794368
1750996800,141.4897003173828,142.1461639404297,140.34376525878906,140.36524963378906,16480256
1751011200,140.3689727783203,142.56724548339844,140.3689727783203,142.15570068359375,81789440
1751025600,142.1547393798828,143.5920867919922,141.3511199951172,143.5920867919922,25939712
1751040000,143.5628662109375,144.3595733642578,140.51292419433594,141.93923950195312,206979584
1751054400,141.90194702148438,143.16783142089844,141.84120178222656,142.19203186035156,0
1751068800,142.1905517578125,143.5454864501953,141.3662567138672,143.49310302734375,0
1751083200,143.50173950195312,146.64393615722656,143.2385711669922,146.64393615722656,62575104
1751097600,146.6478271484375,147.48699951171875,145.8134307861328,147.24009704589844,128367872
1751112000,147.22210693359375,147.869140625,146.01730346679688,147.869140625,0
1751126400,147.77749633789062,152.35394287109375,147.77749633789062,150.78155517578125,160449280
1751140800,150.7843017578125,151.35414123535156,150.192138671875,150.82598876953125,150528
1751155200,150.83905029296875,151.03199768066406,149.53369140625,149.60528564453125,39171584
1751169600,149.60105895996094,150.16049194335938,149.5377197265625,150.14964294433594,13139968
1751184000,150.1523895263672,151.8567352294922,150.12213134765625,151.66018676757812,12563456
1751198400,151.67369079589844,152.4440460205078,150.92396545410156,150.9267578125,92989440
1751212800,150.91604614257812,152.1461181640625,149.94737243652344,151.1834716796875,0
1751227200,151.2432403564453,154.3874969482422,150.80921936035156,153.35308837890625,502489472
1751241600,153.34686279296875,153.7521209716797,151.54859924316406,151.89007568359375,212701952
1751256000,151.8846893310547,151.98361206054688,150.06874084472656,150.69625854492188,220390144
1751270400,150.69064331054688,150.8894805908203,149.6218719482422,150.5211639404297,49522944
1751284800,150.51739501953125,159.4008026123047,149.8890838623047,158.02528381347656,1353391616
1751299200,157.8176727294922,158.2198486328125,155.5637664794922,157.69503784179688,679432704
1751313600,157.6674346923828,157.6778106689453,154.73373413085938,154.7350311279297,153814528
1751328000,154.77130126953125,155.3414306640625,153.32518005371094,153.91513061523438,98589696
1751342400,153.92111206054688,153.92111206054688,149.5911407470703,150.27597045898438,251363328
1751356800,150.1654510498047,150.1654510498047,148.39674377441406,148.87423706054688,146072064
1751371200,148.87667846679688,149.06517028808594,146.7372589111328,147.2874755859375,249749504
1751385600,147.2863311767578,148.35333251953125,145.58792114257812,145.75389099121094,39072000
1751400000,145.72305297851562,146.99537658691406,145.22157287597656,146.92874145507812,16211712
1751414400,146.8761444091797,149.11407470703125,146.24510192871094,148.92623901367188,20609536
1751428800,148.92161560058594,149.71444702148438,148.45655822753906,149.18751525878906,69867776
1751443200,149.18165588378906,149.91183471679688,148.5713653564453,148.62486267089844,26486784
1751457600,148.62745666503906,151.45330810546875,147.38674926757812,151.38340759277344,201278976
1751472000,151.41041564941406,153.41587829589844,150.904296875,152.9137420654297,641998592
1751486400,152.98538208007812,154.3931427001953,152.15921020507812,152.2285614013672,273257472
1751500800,152.2528076171875,153.915283203125,151.98228454589844,153.57635498046875,97708544
1751515200,153.56382751464844,155.83511352539062,153.40115356445312,155.66259765625,167047168
1751529600,155.6610870361328,156.1854705810547,154.42881774902344,154.5811767578125,109466880
1751544000,154.59625244140625,154.7881622314453,150.16452026367188,150.16452026367188,493621760
1751558400,150.19284057617188,152.0340118408203,150.17869567871094,151.8129425048828,0
1751572800,151.81411743164062,153.2118377685547,151.81411743164062,152.39427185058594,0
1751587200,152.39088439941406,153.08285522460938,151.15103149414062,151.8024139404297,65287424
1751601600,151.7970428466797,153.53077697753906,150.57293701171875,150.60733032226562,173082112
1751616000,150.5936279296875,150.96612548828125,149.4438934326172,150.2162628173828,177766912
1751630400,150.2257537841797,151.2144317626953,146.5635986328125,146.69349670410156,0
1751644800,146.6931610107422,146.764892578125,145.46133422851562,146.70156860351562,244510208
1751659200,146.7093963623047,148.34744262695312,146.4990234375,147.76290893554688,64617216
1751673600,147.74960327148438,148.4193572998047,147.5143280029297,147.8484344482422,0
1751688000,147.85055541992188,148.35874938964844,146.86846923828125,147.8333282470703,0
1751702400,147.85833740234375,148.51385498046875,146.95428466796875,148.34556579589844,0
1751716800,148.33546447753906,148.5851593017578,147.18959045410156,147.18959045410156,0
1751731200,147.19163513183594,147.21717834472656,146.07684326171875,146.94076538085938,0
1751745600,146.93695068359375,148.03604125976562,146.60903930664062,147.64146423339844,0
1751760000,147.63726806640625,147.65264892578125,146.99591064453125,147.39883422851562,14284800
1751774400,147.39991760253906,148.46728515625,147.18067932128906,148.01930236816406,36559104
1751788800,148.00814819335938,148.00814819335938,146.909912109375,147.9859161376953,19317248
1751803200,147.9951934814453,151.83863830566406,147.97898864746094,151.36778259277344,715993600
1751817600,151.3761444091797,153.05250549316406,150.8274688720703,151.05332946777344,290322688
1751832000,151.07217407226562,153.38479614257812,151.07217407226562,151.8733367919922,414364416
1751846400,151.92359924316406,152.71548461914062,150.48541259765625,151.94857788085938,211678720
1751860800,151.94606018066406,152.23074340820312,151.07823181152344,152.2173614501953,55361792
1751875200,152.24139404296875,153.26409912109375,151.78623962402344,152.97914123535156,335307520
1751889600,152.91476440429688,153.06771850585938,151.198974609375,151.198974609375,30226176
1751904000,151.0937042236328,151.40658569335938,148.79071044921875,149.05931091308594,263654912
1751918400,149.03741455078125,149.03741455078125,147.80027770996094,148.87196350097656,203817984
1751932800,148.87489318847656,149.9784393310547,147.9736328125,148.70907592773438,85873152
1751947200,148.7114715576172,149.6516876220703,148.37147521972656,149.63511657714844,21778688
1751961600,149.64797973632812,151.486328125,149.64797973632812,151.3138885498047,243510528
1751976000,151.31178283691406,152.57261657714844,149.9217071533203,149.9217071533203,133767936
1751990400,149.8878173828125,152.7923126220703,149.61448669433594,151.412353515625,82915840
1752004800,151.47047424316406,151.86485290527344,150.11819458007812,151.81039428710938,62406912
1752019200,151.78579711914062,152.12071228027344,151.20907592773438,151.36224365234375,24828672
1752033600,151.36326599121094,153.6706085205078,150.7156524658203,153.0270233154297,289667840
1752048000,153.02305603027344,154.0711669921875,152.42120361328125,153.76123046875,122363648
1752062400,153.75880432128906,155.0638427734375,153.21490478515625,153.9461669921875,236259584
1752076800,153.91287231445312,157.47137451171875,153.34310913085938,157.27081298828125,354802944
1752091200,157.24014282226562,157.87022399902344,155.61912536621094,157.28150939941406,302300672
1752105600,157.23838806152344,159.0651397705078,156.05584716796875,157.38339233398438,229962240
1752120000,157.39694213867188,158.52749633789062,156.81106567382812,157.98391723632812,156097536
1752134400,157.98416137695312,159.13340759277344,157.37794494628906,157.71359252929688,58578432
1752148800,157.71385192871094,158.35195922851562,156.1151123046875,156.39260864257812,7023104
1752163200,156.40467834472656,161.0629425048828,156.39930725097656,159.347412109375,645605888
1752177600,159.43260192871094,165.07176208496094,159.43260192871094,164.06253051757812,946028032
1752192000,164.23583984375,165.24534606933594,162.3324432373047,165.2391357421875,304639488
1752206400,165.25682067871094,166.5423126220703,163.34080505371094,163.53977966308594,730105856
1752220800,163.4260711669922,165.1188507080078,163.4260711669922,163.9522705078125,359739392
1752235200,163.9463653564453,167.92196655273438,162.32650756835938,162.32650756835938,1001038848
1752249600,162.3396759033203,164.68206787109375,161.87124633789062,164.2197723388672,302039552
1752264000,164.23016357421875,164.4811553955078,160.07879638671875,162.8833770751953,35026944
1752278400,162.88111877441406,163.84173583984375,161.98350524902344,163.18856811523438,14848000
1752292800,163.20004272460938,163.64889526367188,162.16844177246094,163.1840362548828,0
1752307200,163.1807861328125,163.32403564453125,161.65756225585938,161.67453002929688,0
1752321600,161.65444946289062,161.70852661132812,158.02890014648438,158.29408264160156,122827264
1752336000,158.18118286132812,160.64930725097656,158.1770782470703,160.57904052734375,0
1752350400,160.59263610839844,160.70843505859375,159.15321350097656,160.68484497070312,0
1752364800,160.67823791503906,161.6287841796875,160.33206176757812,161.29904174804688,0
1752379200,161.29110717773438,162.50379943847656,161.19277954101562,162.50379943847656,39505664
1752393600,162.52081298828125,162.66876220703125,161.70982360839844,161.94985961914062,0
1752408000,161.9527587890625,163.93206787109375,161.9527587890625,162.16134643554688,94751744
1752422400,162.15814208984375,163.38526916503906,160.9237060546875,162.97299194335938,197377536
1752436800,162.9320831298828,163.03329467773438,159.91793823242188,161.1940155029297,373867776
1752451200,161.2113494873047,167.62030029296875,160.79124450683594,167.07545471191406,836946688
1752465600,167.0833740234375,168.0988311767578,165.58253479003906,167.4975128173828,1026278400
1752480000,167.44595336914062,167.83299255371094,166.17530822753906,166.7679443359375,559695360
1752494400,166.53343200683594,168.31483459472656,163.18116760253906,163.776123046875,696790016
1752508800,163.76727294921875,165.22491455078125,162.70718383789062,163.84117126464844,230437888
1752523200,163.87461853027344,164.02345275878906,161.8754119873047,162.27561950683594,124861440
1752537600,162.27195739746094,162.83470153808594,158.41075134277344,159.06996154785156,105894912
1752552000,158.99891662597656,160.6453857421875,158.54177856445312,159.7938690185547,843776
1752566400,159.56277465820312,159.9847869873047,158.5827178955078,159.738525390625,0
1752580800,159.86614990234375,161.9794464111328,157.61117553710938,160.5858154296875,319913984
1752595200,160.5068817138672,163.43197631835938,160.15670776367188,160.3178253173828,593421312
1752609600,160.29727172851562,164.09678649902344,160.01344299316406,163.950439453125,234449920
1752624000,163.95980834960938,165.07769775390625,161.6982421875,162.5673065185547,51658240
1752638400,162.56085205078125,164.53826904296875,161.9376220703125,164.31422424316406,104389632
1752652800,164.2974395751953,167.34225463867188,163.9537353515625,166.54568481445312,577526784
1752667200,166.55828857421875,168.1558380126953,166.01890563964844,168.1558380126953,356710912
1752681600,168.1448974609375,174.64500427246094,168.1448974609375,173.93643188476562,1135385600
1752696000,174.01206970214844,175.83526611328125,172.9082794189453,173.70848083496094,580748288
1752710400,173.68545532226562,174.76104736328125,169.0942840576172,169.5398406982422,501433344
1752724800,169.56423950195312,173.96319580078125,169.41323852539062,173.96319580078125,421839872
1752739200,174.0296173095703,177.96859741210938,172.84727478027344,176.36508178710938,261085184
1752753600,176.27999877929688,177.4405517578125,173.1379852294922,174.25750732421875,296455168
1752768000,174.23863220214844,175.32028198242188,171.70230102539062,173.33493041992188,0
1752782400,173.2086181640625,177.0897216796875,172.00958251953125,175.80880737304688,235178496
1752796800,175.82687377929688,180.9724578857422,175.64527893066406,180.78469848632812,431566848
1752811200,180.78585815429688,184.36842346191406,180.12384033203125,181.6195831298828,789944320
1752825600,181.40606689453125,181.8191680908203,177.62916564941406,178.49546813964844,216723456
1752840000,178.48785400390625,181.7998046875,175.76829528808594,176.94595336914062,430744576
1752854400,177.14889526367188,179.1048126220703,176.3931884765625,176.77915954589844,159066112
1752868800,176.87294006347656,177.4648895263672,173.9470977783203,177.3819122314453,295265280
1752883200,177.3714141845703,177.70355224609375,174.3441619873047,177.5124969482422,40971264
1752897600,177.5391387939453,177.77944946289062,176.3646697998047,177.1614532470703,0
1752912000,177.16046142578125,177.7880096435547,175.71937561035156,176.74978637695312,0
1752926400,176.75521850585938,177.76785278320312,175.10406494140625,177.43350219726562,42933248
1752940800,177.4329376220703,177.7855987548828,176.33456420898438,176.916015625,0
1752955200,176.9543914794922,178.2847442626953,175.30892944335938,177.07049560546875,175228160
1752969600,177.0284423828125,179.67929077148438,176.5334930419922,178.1487274169922,768184320
1752984000,178.1006317138672,178.5912628173828,177.117919921875,178.1061248779297,172366336
1752998400,178.05751037597656,181.3794708251953,178.05751037597656,180.45559692382812,466326528
1753012800,180.4422149658203,183.08847045898438,180.15396118164062,181.94732666015625,346863104
1753027200,181.95567321777344,183.29188537597656,180.46669006347656,181.9807586669922,717363200
1753041600,182.00782775878906,182.20033264160156,178.50196838378906,181.54525756835938,595957760
1753056000,181.49365234375,186.72500610351562,178.5818634033203,186.5248565673828,786510848
1753070400,186.57217407226562,190.761962890625,185.23931884765625,190.00775146484375,1085341696
1753084800,190.01580810546875,192.704833984375,189.9542999267578,191.598876953125,834230784
1753099200,191.56980895996094,198.77943420410156,190.6197509765625,197.17210388183594,1768551424
1753113600,197.16900634765625,197.16900634765625,193.3460235595703,193.90243530273438,896550912
1753128000,194.05599975585938,197.47052001953125,193.98265075683594,195.98789978027344,340789248
1753142400,195.9965362548828,204.2084503173828,194.68301391601562,199.84381103515625,1982242816
1753156800,199.89370727539062,201.00933837890625,194.9134979248047,198.3970184326172,874085376
1753171200,198.45054626464844,199.81326293945312,194.58535766601562,199.81326293945312,228194304
1753185600,199.82618713378906,204.87710571289062,198.10513305664062,201.80715942382812,821252096
1753200000,201.8994598388672,204.02671813964844,199.08876037597656,199.08876037597656,45046784
1753214400,199.152587890625,205.8007049560547,198.93240356445312,205.71124267578125,618500096
1753228800,205.68458557128906,205.70953369140625,201.33837890625,201.4088897705078,0
1753243200,201.41957092285156,202.21646118164062,199.3480682373047,199.51405334472656,0
1753257600,199.50460815429688,199.993896484375,196.4528350830078,197.57070922851562,81849344
1753272000,197.55958557128906,197.5836639404297,188.50233459472656,192.12533569335938,577857536
1753286400,192.3264617919922,192.59197998046875,186.47433471679688,189.49185180664062,155101184
1753300800,189.1868133544922,190.02200317382812,184.36123657226562,189.539306640625,872207360
1753315200,189.50830078125,191.87857055664062,188.7300262451172,190.10321044921875,151854080
1753329600,190.11573791503906,190.1158905029297,180.28463745117188,184.02401733398438,1349870592
1753344000,184.02499389648438,186.86892700195312,183.4573211669922,186.84530639648438,202993664
1753358400,186.7920379638672,191.19305419921875,184.06414794921875,188.3064422607422,442945536
1753372800,188.3539581298828,189.84341430664062,185.32022094726562,188.32162475585938,0
1753387200,188.26898193359375,188.9658203125,182.54345703125,182.60394287109375,238647296
1753401600,182.68734741210938,183.24017333984375,176.55078125,177.91262817382812,844747776
1753416000,177.92373657226562,179.62271118164062,176.46377563476562,176.83551025390625,140360704
1753430400,176.91329956054688,182.004638671875,176.91329956054688,181.3160858154297,413731840
1753444800,181.30120849609375,181.61880493164062,176.80860900878906,178.35708618164062,336679936
1753459200,178.34039306640625,182.7387237548828,177.70993041992188,182.341796875,87297024
1753473600,182.32540893554688,186.78631591796875,182.27679443359375,186.77980041503906,86696960
1753488000,186.7666015625,186.84295654296875,184.64405822753906,186.20425415039062,0
1753502400,186.193115234375,187.08050537109375,185.81106567382812,186.52354431152344,0
1753516800,186.51492309570312,189.64695739746094,186.51492309570312,187.7679901123047,0
1753531200,187.75430297851562,188.34005737304688,186.2984161376953,187.38754272460938,0
1753545600,187.42503356933594,187.6116943359375,185.34129333496094,186.57801818847656,0
1753560000,186.54127502441406,186.54127502441406,184.53826904296875,184.91197204589844,11961088
1753574400,184.91249084472656,187.5218963623047,184.7427978515625,187.2819366455078,27851776
1753588800,187.28244018554688,188.2061309814453,186.9117889404297,187.33523559570312,169864448
1753603200,187.3509521484375,188.44436645507812,186.38572692871094,186.96563720703125,0
1753617600,187.00460815429688,187.21400451660156,185.20846557617188,186.35484313964844,130374912
1753632000,186.36598205566406,189.60406494140625,186.18270874023438,187.07846069335938,678225664
1753646400,187.0700225830078,190.44314575195312,186.6320037841797,188.73208618164062,419434240
1753660800,188.73855590820312,193.6781005859375,187.9029998779297,193.34910583496094,889759744
1753675200,193.35836791992188,194.6468505859375,191.9757843017578,192.37832641601562,632424448
1753689600,192.3772430419922,193.23056030273438,190.90802001953125,191.90896606445312,412220928
1753704000,191.92092895507812,193.27633666992188,187.10940551757812,187.48094177246094,825665536
1753718400,187.46218872070312,187.7750244140625,183.94091796875,185.3005828857422,301126656
1753732800,185.3157958984375,185.32052612304688,182.37948608398438,182.55848693847656,174063104
1753747200,182.99436950683594,184.65887451171875,181.13320922851562,184.3738555908203,17677824
1753761600,184.3292694091797,186.4695281982422,183.43243408203125,185.98870849609375,0
1753776000,185.9675750732422,186.25282287597656,182.41943359375,182.89122009277344,131058688
1753790400,182.91015625,184.75564575195312,179.7863006591797,181.07443237304688,0
1753804800,181.05630493164062,182.22860717773438,178.56463623046875,181.41322326660156,132803072
1753819200,181.0744171142578,181.76446533203125,179.3791961669922,181.33531188964844,13518336
1753833600,181.346435546875,182.23280334472656,179.0215301513672,181.94894409179688,47724032
1753848000,181.92112731933594,182.35366821289062,179.5359649658203,180.4590301513672,51965440
1753862400,180.5460205078125,181.28607177734375,176.82437133789062,176.9863739013672,282024448
1753876800,176.99725341796875,180.26937866210938,176.87875366210938,178.9744873046875,209567232
1753891200,178.99014282226562,179.81268310546875,172.46853637695312,176.27781677246094,1035463168
1753905600,176.21563720703125,177.93017578125,174.98504638671875,177.70912170410156,37322240
1753920000,177.7008056640625,180.3997344970703,177.7008056640625,180.39137268066406,77989888
1753934400,180.3541717529297,181.56861877441406,179.90965270996094,181.20529174804688,83410432
1753948800,181.20925903320312,182.46827697753906,180.48057556152344,180.52992248535156,26228736
1753963200,180.53060913085938,180.66221618652344,175.7062530517578,177.27804565429688,108088832
1753977600,177.2954864501953,179.51150512695312,175.00404357910156,175.00404357910156,176052736
1753992000,175.13291931152344,175.4915008544922,171.87933349609375,172.4171142578125,398438400
1754006400,172.379638671875,172.379638671875,168.46604919433594,171.09397888183594,1169104384
1754020800,171.10179138183594,171.10179138183594,168.2749481201172,169.22332763671875,304305152
1754035200,169.26026916503906,169.26026916503906,166.94320678710938,169.0028533935547,618613760
1754049600,169.02194213867188,169.8541717529297,165.2332000732422,168.60064697265625,415992832
1754064000,168.5963592529297,169.5601043701172,165.4508819580078,166.635498046875,173400064
1754078400,166.54571533203125,166.54571533203125,159.9145965576172,162.87709045410156,392603648
1754092800,162.8706817626953,164.8120880126953,162.7344512939453,164.31736755371094,0
1754107200,164.31492614746094,165.09652709960938,162.20602416992188,164.32589721679688,33349632
1754121600,164.33424377441406,164.87684631347656,162.5381317138672,164.51577758789062,107260928
1754136000,164.50250244140625,164.7434539794922,161.44898986816406,161.4577178955078,0
1754150400,161.46141052246094,162.04808044433594,156.0843505859375,157.54275512695312,306264576
1754164800,157.542724609375,159.67861938476562,157.25660705566406,158.48341369628906,0
1754179200,158.4207000732422,160.95648193359375,156.8770294189453,160.93841552734375,221715968
1754193600,160.93470764160156,161.4318084716797,160.08282470703125,161.25738525390625,52435456
1754208000,161.2695770263672,162.80296325683594,160.81423950195312,161.73011779785156,10221568
1754222400,161.72647094726562,162.2778778076172,160.61109924316406,162.0308074951172,117205504
1754236800,162.03216552734375,162.58387756347656,161.2603302001953,161.61106872558594,0
1754251200,161.6368408203125,162.67572021484375,160.84632873535156,161.9629669189453,50382848
1754265600,161.9622802734375,164.66041564941406,161.60443115234375,163.08692932128906,138192128
1754280000,163.0762176513672,163.3864288330078,161.4508056640625,163.22059631347656,164345856
1754294400,163.2176055908203,163.9156036376953,161.80374145507812,162.2855987548828,168056320
1754308800,162.29736328125,166.7053680419922,162.26779174804688,165.57528686523438,583753728
1754323200,165.56723022460938,169.66818237304688,165.20941162109375,165.64605712890625,447185920
1754337600,165.66195678710938,169.69869995117188,165.541015625,169.4277801513672,183730176
1754352000,169.43995666503906,169.85659790039062,167.79959106445312,168.06809997558594,163854848
1754366400,168.05055236816406,169.15101623535156,166.01300048828125,166.2882080078125,113688576
1754380800,166.26708984375,171.51416015625,166.01707458496094,170.9477081298828,213599232
1754395200,170.9237823486328,170.9237823486328,163.40487670898438,163.4273223876953,382558208
1754409600,163.46685791015625,164.80892944335938,162.5953369140625,162.86439514160156,0
1754424000,162.79359436035156,164.46102905273438,161.64089965820312,164.09857177734375,0
1754438400,164.0958251953125,164.0958251953125,161.40118408203125,162.03256225585938,8608256
1754452800,161.91207885742188,164.57704162597656,161.48141479492188,164.18655395507812,91232768
1754467200,164.19454956054688,164.45223999023438,162.91294860839844,164.0900115966797,0
1754481600,164.26451110839844,169.04005432128906,163.09803771972656,169.04005432128906,44147968
1754496000,169.01748657226562,169.85369873046875,167.4379119873047,168.27548217773438,94125568
1754510400,168.40892028808594,168.7455291748047,167.6167449951172,168.17543029785156,0
1754524800,168.17054748535156,168.8613739013672,166.9384765625,167.00006103515625,59407104
1754539200,166.9867401123047,170.23976135253906,166.89454650878906,169.99227905273438,227237120
1754553600,169.99261474609375,173.37966918945312,169.1746368408203,172.8511505126953,611386368
1754568000,172.91590881347656,173.03758239746094,169.93777465820312,170.54898071289062,224981504
1754582400,170.54347229003906,171.82073974609375,167.79876708984375,171.50099182128906,156676608
1754596800,171.52378845214844,175.48545837402344,171.52378845214844,175.48545837402344,620349440
1754611200,175.4855194091797,175.75633239746094,173.716552734375,174.6036834716797,932468224
1754625600,174.63697814941406,177.62002563476562,174.0666961669922,177.39697265625,366806528
1754640000,177.3595733642578,177.86785888671875,175.11398315429688,177.67869567871094,332274688
1754654400,177.66880798339844,178.785888671875,174.43780517578125,175.32351684570312,421229568
1754668800,175.30357360839844,179.34889221191406,175.30357360839844,178.076904296875,439839232
1754683200,178.1363525390625,178.49771118164062,176.75045776367188,176.76312255859375,0
1754697600,176.77264404296875,178.66754150390625,176.77264404296875,177.24508666992188,0
1754712000,177.24867248535156,181.9720916748047,177.0709686279297,180.52761840820312,633946112
1754726400,180.63546752929688,183.1385040283203,180.5594024658203,180.92477416992188,247365632
1754740800,180.9122314453125,182.2640380859375,179.5865020751953,180.1847381591797,9134080
1754755200,180.2091522216797,182.48025512695312,179.60977172851562,182.05484008789062,0
1754769600,182.1262664794922,183.09091186523438,179.9206085205078,180.18386840820312,442735104
1754784000,180.1779022216797,185.8173828125,180.10101318359375,185.03916931152344,1002475008
1754798400,185.04251098632812,185.91139221191406,178.57164001464844,179.044921875,373023744
1754812800,178.82423400878906,180.9102020263672,178.01513671875,180.03724670410156,214976000
1754827200,180.0228271484375,182.18759155273438,178.8024444580078,181.4561309814453,186726400
1754841600,181.47671508789062,183.10089111328125,181.33741760253906,182.937255859375,116971008
1754856000,182.93109130859375,183.71450805664062,181.54739379882812,182.9030303955078,218880512
1754870400,182.71737670898438,185.5216522216797,181.5174102783203,185.01930236816406,104274432
1754884800,185.01930236816406,186.6054229736328,183.13516235351562,183.13516235351562,0
1754899200,182.99037170410156,184.36474609375,178.79791259765625,179.12823486328125,189879808
1754913600,179.01779174804688,180.09518432617188,177.3941650390625,179.9482879638672,529902592
1754928000,179.96572875976562,181.57518005371094,175.9181365966797,176.3568572998047,745051648
1754942400,176.40553283691406,176.6044464111328,173.69248962402344,174.9778289794922,95811584
1754956800,174.8919677734375,176.63900756835938,174.8919677734375,175.61138916015625,0
1754971200,175.51976013183594,176.53750610351562,174.09449768066406,175.86839294433594,0
1754985600,175.87652587890625,176.41403198242188,173.9078369140625,175.2154998779297,60593152
1755000000,175.20779418945312,181.84451293945312,174.84127807617188,181.84451293945312,449179136
1755014400,181.6279754638672,190.34585571289062,181.143310546875,190.34585571289062,1600651776
1755028800,190.64865112304688,193.42733764648438,189.84934997558594,191.85682678222656,950695936
1755043200,191.8204345703125,198.98048400878906,191.49545288085938,197.89442443847656,1692985344
1755057600,197.72276306152344,199.7028045654297,195.27049255371094,198.22198486328125,1382874112
1755072000,198.24295043945312,202.00938415527344,197.75770568847656,201.0663604736328,1185396736
1755086400,201.05426025390625,204.4700164794922,195.2874755859375,197.3472442626953,896620544
1755100800,197.49044799804688,201.8295440673828,197.27346801757812,201.8295440673828,83919872
1755115200,201.8680877685547,202.87069702148438,199.9710693359375,201.6267852783203,0
1755129600,201.65475463867188,208.73403930664062,200.92808532714844,208.03030395507812,457111552
1755144000,207.99925231933594,209.65208435058594,204.40650939941406,205.7404327392578,475495424
1755158400,205.6851806640625,205.6851806640625,202.0520782470703,203.42930603027344,284351488
1755172800,203.48184204101562,205.13865661621094,191.13812255859375,195.46047973632812,2386779136
1755187200,195.0072784423828,195.21737670898438,191.46580505371094,193.3390655517578,285750272
1755201600,193.32498168945312,193.32498168945312,187.7869415283203,192.5877685546875,195742720
1755216000,192.5945281982422,195.60256958007812,192.54782104492188,195.3286590576172,0
1755230400,195.30813598632812,198.13124084472656,194.75523376464844,196.95303344726562,74454016
1755244800,196.9897003173828,197.42880249023438,193.9745330810547,194.6451416015625,0
1755259200,194.49842834472656,195.0387420654297,184.91488647460938,185.75994873046875,194841600
1755273600,185.75881958007812,186.69415283203125,183.80662536621094,184.0810546875,109755904
1755288000,184.08807373046875,187.98692321777344,183.9545440673828,185.7395477294922,86479360
1755302400,185.78677368164062,188.36192321777344,185.6741943359375,187.32794189453125,0
1755316800,187.3305206298828,189.52760314941406,186.4277801513672,189.41326904296875,34490368
1755331200,189.28794860839844,189.3033447265625,186.0607452392578,186.0607452392578,21150208
1755345600,185.86773681640625,189.42247009277344,185.48284912109375,188.7839813232422,0
1755360000,188.84825134277344,189.31781005859375,187.38514709472656,189.0260467529297,0
1755374400,189.02040100097656,189.93724060058594,188.3798828125,189.76585388183594,40192
1755388800,189.7631072998047,191.95272827148438,187.7711181640625,191.78565979003906,87636736
1755403200,191.7847137451172,193.51759338378906,191.7604522705078,192.10948181152344,162087168
1755417600,192.10694885253906,193.61477661132812,191.8754119873047,193.6047821044922,100128768
1755432000,193.74693298339844,195.33502197265625,192.16600036621094,195.33502197265625,2268672
1755446400,195.34080505371094,195.41915893554688,191.41241455078125,191.41241455078125,566854912
1755460800,191.39224243164062,193.40560913085938,191.16448974609375,191.16448974609375,312711424
1755475200,191.08462524414062,191.33920288085938,182.16600036621094,183.02452087402344,872629248
1755489600,183.00270080566406,183.43836975097656,180.6381378173828,180.6381378173828,544363520
1755504000,180.63978576660156,181.79827880859375,180.41917419433594,181.30088806152344,193824768
1755518400,181.46685791015625,183.2870330810547,181.07168579101562,183.03179931640625,364343808
1755532800,183.16204833984375,185.53346252441406,182.1275634765625,183.46463012695312,256082432
1755547200,183.432373046875,185.02236938476562,182.61907958984375,183.06968688964844,23226880
1755561600,183.06446838378906,185.71165466308594,178.5232696533203,178.66481018066406,68291072
1755576000,178.6329803466797,180.43435668945312,177.84796142578125,180.0262908935547,73441792
1755590400,180.03297424316406,182.80307006835938,179.5206756591797,182.80307006835938,44679680
1755604800,182.79983520507812,182.83363342285156,177.96810913085938,178.13047790527344,519938560
1755619200,178.08407592773438,178.63987731933594,176.0002899169922,176.9243621826172,275377664
1755633600,176.9345245361328,179.3838348388672,176.05563354492188,176.11387634277344,162231296
1755648000,176.12466430664062,181.31744384765625,176.12466430664062,180.56814575195312,151620096
1755662400,180.55682373046875,181.50946044921875,180.0198211669922,180.6031494140625,0
1755676800,180.60568237304688,182.12625122070312,178.68988037109375,179.90359497070312,120065536
1755691200,179.94911193847656,184.71009826660156,177.99356079101562,182.93685913085938,592915968
1755705600,182.9277801513672,187.54794311523438,182.84140014648438,187.54794311523438,155463680
1755720000,187.56813049316406,187.5863037109375,185.9175567626953,187.5863037109375,156289536
1755734400,187.761962890625,189.38148498535156,185.79713439941406,188.5659942626953,291884544
1755748800,188.56455993652344,188.56455993652344,186.25897216796875,186.94287109375,199187456
1755763200,186.9592742919922,186.9656524658203,183.60662841796875,183.87510681152344,67921920
1755777600,183.96778869628906,186.07325744628906,181.73585510253906,181.73585510253906,0
1755792000,181.7245635986328,182.82275390625,180.0260467529297,180.0260467529297,0
1755806400,180.0574188232422,181.75088500976562,179.7244415283203,180.27969360351562,0
1755820800,180.28372192382812,183.33200073242188,180.18197631835938,181.75877380371094,0
1755835200,181.74813842773438,184.18846130371094,181.7333221435547,184.1646270751953,30410240
1755849600,184.14981079101562,184.87814331054688,179.93313598632812,179.93313598632812,93193216
1755864000,179.91148376464844,195.20986938476562,177.51022338867188,194.50547790527344,3175102464
1755878400,194.376220703125,199.09739685058594,194.0188751220703,199.07861328125,1393413632
1755892800,198.99420166015625,201.80880737304688,198.54893493652344,200.6461639404297,1056199680
1755907200,200.65118408203125,200.65118408203125,195.37738037109375,198.3802490234375,486709248
1755921600,198.34512329101562,207.76422119140625,198.18357849121094,205.0920867919922,2430524416
1755936000,205.12417602539062,205.40724182128906,201.85043334960938,201.85043334960938,782436352
1755950400,201.85545349121094,203.57394409179688,200.71890258789062,202.69329833984375,0
1755964800,202.6773223876953,204.3218536376953,202.3285369873047,204.062744140625,0
1755979200,204.0620880126953,204.7092742919922,202.90159606933594,203.93714904785156,128247296
1755993600,204.0989227294922,211.18841552734375,204.0989227294922,209.12271118164062,907260416
1756008000,209.08792114257812,210.193359375,206.88548278808594,206.93727111816406,23775232
1756022400,206.9089813232422,208.63153076171875,203.58786010742188,204.4744873046875,406704640
1756036800,204.46676635742188,208.9312286376953,203.69619750976562,205.70018005371094,353004544
1756051200,205.684326171875,211.73086547851562,203.91766357421875,203.91766357421875,1971987968
1756065600,204.18775939941406,206.92727661132812,201.79202270507812,205.85543823242188,2010032128
1756080000,205.8406982421875,213.00613403320312,203.06932067871094,209.74356079101562,551269376
1756094400,209.6312255859375,209.6312255859375,199.1644287109375,199.56893920898438,901143552
1756108800,199.60101318359375,200.5043487548828,195.44143676757812,197.333984375,1034265600
1756123200,197.4015655517578,199.1148223876953,196.435302734375,196.4374542236328,578354176
1756137600,196.4823760986328,198.03619384765625,191.63311767578125,191.64111328125,0
1756152000,191.61598205566406,191.7717742919922,186.07008361816406,187.26841735839844,219320320
1756166400,187.1635284423828,189.17898559570312,186.19625854492188,187.1919403076172,0
1756180800,187.15280151367188,189.5943145751953,187.01129150390625,189.01718139648438,24451072
1756195200,189.01986694335938,189.9674072265625,186.89849853515625,187.8355712890625,0
1756209600,187.8379669189453,192.09555053710938,187.2843475341797,190.76039123535156,491329536
1756224000,190.80538940429688,197.21717834472656,190.80538940429688,197.15487670898438,202534912
1756238400,197.1610107421875,197.83038330078125,195.63510131835938,195.906005859375,0
1756252800,195.90771484375,202.30819702148438,194.0729217529297,202.07164001464844,428666880
1756267200,202.09173583984375,205.3379364013672,201.16595458984375,202.13177490234375,1244083200
1756281600,202.21022033691406,205.1891326904297,201.8961944580078,205.1624755859375,321983488
1756296000,205.13294982910156,208.8265380859375,203.39425659179688,208.1808624267578,718192640
1756310400,208.25689697265625,211.78285217285156,206.6806640625,206.96339416503906,1113401344
1756324800,206.83929443359375,208.4537811279297,202.9257049560547,202.9257049560547,1960375296
1756339200,202.94313049316406,208.1601104736328,202.03761291503906,208.1601104736328,373188608
1756353600,208.1508026123047,212.482421875,207.75030517578125,212.32154846191406,270249984
1756368000,212.39892578125,216.07379150390625,211.7377471923828,212.91661071777344,1019521024
1756382400,212.9939727783203,215.95791625976562,210.4245147705078,210.81631469726562,587645952
1756396800,210.83091735839844,213.44580078125,208.44143676757812,210.2562255859375,85916672
1756411200,210.28236389160156,215.31942749023438,210.01466369628906,214.40133666992188,38762496
1756425600,214.41416931152344,217.3031463623047,212.43826293945312,217.07521057128906,796297216
1756440000,217.017578125,217.83670043945312,208.52774047851562,208.85061645507812,840931328
1756454400,208.97337341308594,209.6246337890625,205.77854919433594,207.48568725585938,223832064
1756468800,207.53028869628906,212.4619903564453,205.92184448242188,205.92184448242188,954135552
1756483200,205.6861114501953,205.6861114501953,201.54981994628906,203.26177978515625,373591040
1756497600,203.2649383544922,205.27830505371094,200.5220184326172,205.2144775390625,199184384
1756512000,205.0755157470703,206.3290252685547,201.4047088623047,206.03765869140625,4593664
1756526400,206.0157928466797,206.7807159423828,204.7523651123047,205.1500244140625,0
1756540800,205.10598754882812,205.37103271484375,201.96939086914062,202.7186737060547,0
1756555200,202.723388671875,202.723388671875,197.96896362304688,200.89114379882812,0
1756569600,200.88836669921875,201.5068359375,200.04310607910156,201.1116485595703,0
1756584000,201.1173095703125,202.94024658203125,200.08522033691406,202.85719299316406,0
1756598400,202.84754943847656,206.45285034179688,202.79750061035156,205.3379669189453,108871680
1756612800,205.3697967529297,205.53140258789062,202.9560089111328,203.5455322265625,14885888
1756627200,203.54824829101562,205.68258666992188,202.64712524414062,203.49261474609375,74048512
1756641600,203.64254760742188,204.5722198486328,201.7678985595703,204.46572875976562,0
1756656000,204.46397399902344,205.689453125,203.95193481445312,204.64620971679688,110757376
1756670400,204.6558074951172,205.66600036621094,200.6566925048828,200.8618621826172,319206400
1756684800,200.8681182861328,202.0435028076172,197.38211059570312,198.6477508544922,654910976
1756699200,198.6175537109375,202.2063446044922,196.9559783935547,202.2063446044922,441091584
1756713600,202.3125457763672,204.14024353027344,198.81396484375,199.39544677734375,452608512
1756728000,199.39254760742188,201.06964111328125,198.05609130859375,198.19094848632812,197529600
1756742400,198.2400665283203,200.03875732421875,197.6767120361328,200.03875732421875,111857152
1756756800,200.05233764648438,200.0973663330078,194.43966674804688,197.10960388183594,707706880
1756771200,197.12986755371094,202.81886291503906,197.09365844726562,202.0023956298828,73673728
1756785600,201.88572692871094,204.3177490234375,201.54005432128906,202.18716430664062,89976320
1756800000,202.20370483398438,204.2630157470703,202.0802001953125,202.0802001953125,0
1756814400,202.1030731201172,204.68846130371094,197.94863891601562,200.14064025878906,1473909760
1756828800,200.20504760742188,206.75506591796875,199.9779510498047,205.3616485595703,879534080
1756843200,205.40374755859375,209.4827880859375,205.132080078125,209.4827880859375,269292544
1756857600,209.49449157714844,211.6425018310547,207.7060546875,210.20037841796875,574377984
1756872000,210.1880340576172,210.30892944335938,208.2321014404297,209.14779663085938,9568256
1756886400,209.16879272460938,211.18536376953125,208.3795166015625,210.63067626953125,116795392
1756900800,210.6119384765625,212.67364501953125,209.044921875,211.53038024902344,0
1756915200,211.4958038330078,211.6901397705078,208.97930908203125,210.2409210205078,0
1756929600,210.29208374023438,210.75680541992188,208.69717407226562,210.74630737304688,0
1756944000,210.7567138671875,211.79501342773438,207.81137084960938,208.13735961914062,0
1756958400,208.14195251464844,208.54559326171875,205.9063720703125,206.8602294921875,95607808
1756972800,206.83547973632812,208.78099060058594,206.77696228027344,207.46263122558594,0
1756987200,207.45220947265625,208.3591766357422,203.6905059814453,204.0382537841797,87331840
1757001600,204.02560424804688,205.09303283691406,202.19581604003906,202.19581604003906,70699520
1757016000,202.31930541992188,204.67039489746094,202.29098510742188,202.54673767089844,191764480
1757030400,202.533203125,203.9755859375,201.184326171875,203.52879333496094,39745024
1757044800,203.5330352783203,208.11056518554688,203.212646484375,207.99046325683594,415341056
1757059200,207.9949951171875,207.9949951171875,204.7101287841797,206.69056701660156,456364032
1757073600,206.69403076171875,209.8470001220703,201.9073486328125,203.69796752929688,1703865856
1757088000,203.72520446777344,205.48501586914062,202.243896484375,204.9982452392578,239377920
1757102400,205.0911407470703,205.55340576171875,203.0060577392578,203.49851989746094,125378560
1757116800,203.49688720703125,204.53042602539062,203.36883544921875,203.98272705078125,0
1757131200,203.98828125,203.9952392578125,202.24246215820312,203.02853393554688,0
1757145600,203.0372314453125,203.47596740722656,202.1075897216797,202.35227966308594,0
1757160000,202.36053466796875,202.73060607910156,201.34823608398438,201.3549041748047,0
1757174400,201.34596252441406,202.13665771484375,199.643310546875,199.673583984375,0
1757188800,199.6717987060547,201.10340881347656,199.6717987060547,200.2473602294922,310016
1757203200,200.25994873046875,203.08346557617188,200.23699951171875,202.80172729492188,109558016
1757217600,202.8045654296875,203.22767639160156,202.3778076171875,202.86819458007812,15545088
1757232000,202.9031524658203,203.9008331298828,202.9031524658203,203.75721740722656,79958272
1757246400,203.7688446044922,205.30592346191406,203.22634887695312,205.07485961914062,224597760
1757260800,205.10446166992188,205.29737854003906,201.60110473632812,202.9607696533203,102079232
1757275200,202.96788024902344,207.85183715820312,202.73074340820312,206.46453857421875,915908352
1757289600,206.44482421875,208.84288024902344,205.72166442871094,207.70864868164062,634737920
1757304000,207.72084045410156,208.54942321777344,206.78277587890625,207.9483642578125,651067392
1757318400,207.93930053710938,215.33387756347656,207.54017639160156,214.3362274169922,2237124096
1757332800,214.3065948486328,216.3777313232422,213.2108612060547,215.0532684326172,1657390592
1757347200,215.0410614013672,216.8997802734375,214.08583068847656,215.68470764160156,914384896
1757361600,215.75062561035156,215.959716796875,213.6990203857422,214.18653869628906,243159040
1757376000,214.1643524169922,214.64910888671875,211.1754608154297,214.14022827148438,166102016
1757390400,214.17782592773438,219.51617431640625,214.0887451171875,219.00595092773438,882295808
1757404800,219.05343627929688,219.2288818359375,217.280029296875,217.58384704589844,0
1757419200,217.37062072753906,218.1875762939453,212.0589141845703,213.09414672851562,415086592
1757433600,213.0991668701172,216.76292419433594,213.0991668701172,216.5503387451172,104117248
1757448000,216.5001678466797,217.63528442382812,215.2578582763672,217.25039672851562,160307200
1757462400,217.21742248535156,219.4348602294922,215.2808837890625,219.1436767578125,179917824
1757476800,219.14627075195312,222.63983154296875,217.9611358642578,222.57875061035156,345749504
1757491200,222.36636352539062,222.36636352539062,219.17111206054688,220.0098419189453,242478592
1757505600,220.05638122558594,225.5113067626953,220.03103637695312,223.21876525878906,1064223744
1757520000,223.2178497314453,223.7882537841797,220.92832946777344,221.82264709472656,163437568
1757534400,221.59808349609375,224.4782257080078,221.2308349609375,223.98568725585938,176076800
1757548800,224.00221252441406,225.5225372314453,223.17630004882812,224.32974243164062,54069248
1757563200,224.3342742919922,224.3342742919922,222.0291290283203,223.2975311279297,293871616
1757577600,223.31033325195312,225.7161407470703,222.45823669433594,225.06971740722656,123421696
1757592000,225.05340576171875,228.4008026123047,224.5942840576172,226.9656982421875,579006976
1757606400,226.9559783935547,228.083984375,225.68165588378906,226.48182678222656,174814208
1757620800,226.5140838623047,228.8253631591797,225.6670379638672,228.7745819091797,374584320
1757635200,228.7701873779297,235.56590270996094,228.27711486816406,235.43264770507812,1514706944
1757649600,235.44515991210938,239.32200622558594,234.65003967285156,237.3115692138672,1748130816
1757664000,237.3043212890625,239.38722229003906,237.05291748046875,239.19395446777344,248316928
1757678400,239.1831817626953,241.37440490722656,237.85728454589844,239.53660583496094,334806016
1757692800,239.51068115234375,241.5298309326172,238.37939453125,241.31436157226562,461952000
1757707200,241.2864990234375,243.7541046142578,238.716796875,242.3009796142578,625385472
1757721600,242.28729248046875,244.1125946044922,240.99732971191406,243.75241088867188,0
1757736000,243.73892211914062,243.73892211914062,241.45394897460938,242.6970977783203,0
1757750400,242.66334533691406,243.5409698486328,241.68524169921875,242.096435546875,0
1757764800,242.10838317871094,242.92184448242188,238.99884033203125,239.2436065673828,0
1757779200,239.41200256347656,239.48011779785156,236.51333618164062,239.12648010253906,48173056
1757793600,239.11964416503906,243.0709991455078,239.07041931152344,242.59559631347656,0
1757808000,242.47886657714844,249.1129150390625,242.47886657714844,247.37388610839844,690067456
1757822400,247.3297576904297,248.1192626953125,245.0900115966797,246.5664520263672,295765504
1757836800,246.51602172851562,248.01531982421875,245.88099670410156,245.93211364746094,750592
1757851200,245.9557647705078,246.62255859375,241.850341796875,243.6991424560547,312805376
1757865600,243.769775390625,248.16770935058594,242.43206787109375,242.52947998046875,436447744
1757880000,242.54351806640625,244.19117736816406,240.21392822265625,240.548095703125,503920640
1757894400,240.4740447998047,243.24317932128906,239.724853515625,243.02099609375,0
1757908800,242.9637451171875,243.97515869140625,237.2515411376953,238.0664825439453,515477504
1757923200,238.0419158935547,238.06060791015625,232.15072631835938,236.33828735351562,1723427840
1757937600,236.3533477783203,237.82669067382812,232.44937133789062,233.1075897216797,486775808
1757952000,233.107177734375,234.28884887695312,230.509033203125,232.68299865722656,73335808
1757966400,232.8236846923828,235.31898498535156,232.8236846923828,234.35922241210938,699392
1757980800,234.39065551757812,235.77699279785156,233.17098999023438,235.28237915039062,79142912
1757995200,235.28211975097656,236.91954040527344,233.79454040527344,235.6903533935547,111947776
1758009600,235.68914794921875,236.8213348388672,235.02279663085938,235.4269561767578,0
1758024000,235.44955444335938,237.4281005859375,231.89012145996094,237.4281005859375,0
1758038400,237.4205322265625,240.63604736328125,237.1802520751953,238.1739044189453,603208704
1758052800,238.06809997558594,238.88241577148438,236.97752380371094,236.97752380371094,95410688
1758067200,237.00221252441406,237.5814208984375,234.6693878173828,234.6693878173828,161184256
1758081600,234.3450164794922,238.0601043701172,233.70196533203125,237.7401123046875,307468288
1758096000,237.75482177734375,237.77716064453125,234.08663940429688,234.2400360107422,230154240
1758110400,234.23553466796875,235.98721313476562,233.91407775878906,234.15565490722656,16217088
1758124800,234.1409454345703,238.75665283203125,232.7789306640625,238.69996643066406,2029109248
1758139200,238.708251953125,246.449951171875,236.89932250976562,244.85130310058594,1505999872
1758153600,244.9107208251953,247.4669189453125,244.43687438964844,246.86021423339844,492678144
1758168000,246.8859100341797,246.8859100341797,242.90699768066406,244.7154541015625,133287936
1758182400,244.71533203125,247.0305633544922,244.6601104736328,245.8809051513672,142082048
1758196800,246.0038604736328,248.81016540527344,245.35520935058594,248.49020385742188,714943488
1758211200,248.41429138183594,253.1710968017578,247.67066955566406,248.94256591796875,796709888
1758225600,248.74769592285156,249.011962890625,246.17367553710938,247.63824462890625,0
1758240000,247.62388610839844,248.50660705566406,244.95510864257812,244.96153259277344,0
1758254400,244.9772186279297,245.7440643310547,243.26368713378906,244.24566650390625,269516800
1758268800,244.19244384765625,244.80458068847656,240.39697265625,241.0549774169922,157511680
1758283200,241.06491088867188,242.61276245117188,236.72305297851562,237.88229370117188,577430016
1758297600,237.64039611816406,238.81642150878906,235.97117614746094,236.7355194091797,0
1758312000,236.6534423828125,238.91249084472656,236.311279296875,238.5497589111328,4851712
1758326400,238.5613250732422,239.77914428710938,237.88465881347656,238.14483642578125,0
1758340800,238.24087524414062,239.8265838623047,238.08387756347656,239.8265838623047,0
1758355200,239.82745361328125,239.82745361328125,237.20045471191406,238.44371032714844,0
1758369600,238.43429565429688,240.94224548339844,237.40283203125,240.01593017578125,0
1758384000,240.22938537597656,240.9815216064453,238.36724853515625,238.70054626464844,0
1758398400,238.70843505859375,240.41696166992188,238.70843505859375,239.5933074951172,10240
1758412800,239.5913543701172,241.6246795654297,239.2539520263672,241.58934020996094,45745920
1758427200,241.79611206054688,241.79624938964844,239.88926696777344,240.0251922607422,62238976
1758441600,240.06210327148438,240.08145141601562,237.5145721435547,238.91897583007812,95999232
1758456000,238.90379333496094,240.2310791015625,238.03219604492188,238.03219604492188,24044800
1758470400,238.0928955078125,238.4049530029297,236.5018310546875,238.0143585205078,70218752
1758484800,238.02587890625,238.11692810058594,235.71669006347656,236.57421875,250495744
1758499200,236.31549072265625,236.8366241455078,231.15780639648438,232.88804626464844,1568889600
1758513600,232.82626342773438,233.03514099121094,218.98260498046875,222.32484436035156,2959820800
1758528000,222.2769317626953,222.72259521484375,220.13290405273438,221.6630401611328,1204352512
1758542400,221.6700439453125,224.0937957763672,220.3511962890625,220.6915283203125,1298118656
1758556800,220.72242736816406,221.49745178222656,217.08627319335938,217.08627319335938,1194651648
1758571200,217.16856384277344,221.01034545898438,216.98536682128906,220.50390625,450009088
1758585600,220.5009307861328,221.3321533203125,212.84263610839844,217.18760681152344,476468224
1758600000,217.2173309326172,219.57827758789062,214.62274169921875,219.2205810546875,185884672
1758614400,219.20118713378906,220.7427978515625,218.19619750976562,219.63673400878906,0
1758628800,219.60108947753906,220.49542236328125,217.4272003173828,219.123046875,0
1758643200,219.1504364013672,220.92401123046875,214.72825622558594,214.78529357910156,130917376
1758657600,214.76522827148438,216.46937561035156,213.7009735107422,213.71072387695312,56505344
1758672000,213.6744384765625,216.37728881835938,208.59097290039062,208.72621154785156,312194560
1758686400,208.7371826171875,211.340087890625,206.04547119140625,210.55743408203125,1104512512
1758700800,210.572021484375,212.4325714111328,210.1646728515625,212.1786346435547,207509504
1758715200,212.187255859375,216.00772094726562,211.7664794921875,213.8256072998047,278131712
1758729600,213.76760864257812,215.40536499023438,212.81588745117188,213.6806182861328,0
1758744000,213.60658264160156,213.60658264160156,211.3992156982422,211.75344848632812,80510464
1758758400,211.7501220703125,212.38983154296875,206.74069213867188,206.90403747558594,388221952
1758772800,207.00537109375,207.34559631347656,203.6247100830078,204.2734832763672,0
1758787200,204.28758239746094,205.74171447753906,201.12733459472656,201.27394104003906,558763008
1758801600,201.33387756347656,203.33872985839844,198.04544067382812,200.8758087158203,1348217856
1758816000,201.1790771484375,201.92074584960938,194.73251342773438,197.79638671875,2006098944
1758830400,197.96725463867188,198.3606719970703,192.1411895751953,192.39796447753906,870013952
1758844800,192.4966583251953,197.33811950683594,192.4966583251953,196.62408447265625,116705280
1758859200,196.62486267089844,197.32876586914062,194.5654754638672,195.6988983154297,191696896
1758873600,196.48800659179688,197.0166015625,191.14447021484375,193.73020935058594,109289472
1758888000,193.52471923828125,197.2493438720703,192.6037139892578,196.21853637695312,415280128
1758902400,196.10923767089844,202.6465301513672,196.10923767089844,200.71737670898438,193814528
1758916800,200.68153381347656,205.4032745361328,199.77174377441406,205.34518432617188,20328448
1758931200,205.3468780517578,205.39468383789062,203.88327026367188,204.26022338867188,0
1758945600,204.2470703125,204.2470703125,201.92665100097656,202.11013793945312,0
1758960000,202.10238647460938,202.17535400390625,200.27867126464844,201.7192840576172,0
1758974400,201.74623107910156,203.73390197753906,201.2835693359375,203.6905059814453,0
1758988800,203.63897705078125,203.63897705078125,201.1566162109375,202.3748321533203,0
1759003200,202.3583526611328,204.9211883544922,202.1653289794922,203.56993103027344,0
1759017600,203.5854949951172,203.9017333984375,201.17555236816406,201.5009307861328,0
1759032000,201.4879608154297,202.3106689453125,200.75042724609375,202.2493438720703,1574400
1759046400,202.24160766601562,202.5802001953125,199.4595489501953,199.89529418945312,48195328
1759060800,199.89501953125,203.33274841308594,198.3204345703125,203.33274841308594,198363648
1759075200,203.34938049316406,206.3929901123047,203.34938049316406,206.18536376953125,232191488
1759089600,206.19400024414062,210.8884735107422,206.19400024414062,210.73973083496094,660204032
1759104000,210.86026000976562,210.86026000976562,209.05906677246094,210.34201049804688,284179968
1759118400,210.3319854736328,210.46902465820312,207.61448669433594,208.9957275390625,441435136
1759132800,208.9907989501953,209.4352569580078,206.32516479492188,207.08270263671875,176974848
1759147200,207.07969665527344,213.40682983398438,205.186279296875,210.15953063964844,1354526720
1759161600,210.15765380859375,212.8983154296875,208.1813507080078,212.8983154296875,330741760
1759176000,212.85670471191406,214.676025390625,212.82461547851562,213.08128356933594,208146432
1759190400,213.0347442626953,213.49798583984375,210.20069885253906,210.7476806640625,211706368
1759204800,210.78887939453125,211.58236694335938,208.82017517089844,209.02285766601562,35037696
1759219200,209.03176879882812,209.03631591796875,205.8947296142578,207.03892517089844,288163328
1759233600,207.04498291015625,209.3354949951172,205.13919067382812,205.9918212890625,0
1759248000,206.01956176757812,208.90658569335938,204.57302856445312,208.70135498046875,137400320
1759262400,208.77688598632812,210.76832580566406,207.7957305908203,208.7422332763672,287915008
1759276800,208.9126434326172,210.7886199951172,206.6401824951172,206.82708740234375,130541056
1759291200,206.8379669189453,210.2090301513672,206.8379669189453,210.20738220214844,191291904
1759305600,210.20486450195312,217.90850830078125,210.14910888671875,217.78578186035156,1157054976
1759320000,217.83197021484375,220.59158325195312,217.35997009277344,219.74359130859375,531026944
1759334400,219.92105102539062,220.82119750976562,217.67953491210938,220.1174774169922,74959360
1759348800,220.1503448486328,221.50021362304688,218.68516540527344,221.50021362304688,57806848
1759363200,221.6840057373047,224.9077911376953,219.92794799804688,223.91160583496094,471284224
1759377600,223.89459228515625,225.847412109375,222.85488891601562,222.85488891601562,445159424
1759392000,223.01315307617188,226.24864196777344,223.01315307617188,225.75555419921875,12790272
1759406400,225.7711181640625,227.4423065185547,223.1085968017578,227.11758422851562,312110080
1759420800,227.11398315429688,233.60842895507812,227.09596252441406,232.7219696044922,1052716544
1759435200,232.72726440429688,234.8505401611328,231.1085662841797,234.8505401611328,489467904
1759449600,234.8362579345703,234.8362579345703,231.03781127929688,232.63174438476562,0
1759464000,232.63772583007812,233.1748046875,228.96356201171875,229.48963928222656,42677248
1759478400,229.5270233154297,231.79168701171875,228.30661010742188,231.00767517089844,269398016
1759492800,230.99441528320312,234.77061462402344,227.9402313232422,234.68743896484375,151574528
1759507200,235.06573486328125,236.71035766601562,229.51075744628906,233.50155639648438,999077888
1759521600,233.46144104003906,233.7533416748047,231.83779907226562,233.0009765625,0
1759536000,232.98040771484375,233.90084838867188,228.40016174316406,229.29493713378906,44370944
1759550400,229.32363891601562,230.45851135253906,228.94468688964844,229.03770446777344,0
1759564800,229.1971435546875,229.94676208496094,228.4729461669922,229.23941040039062,0
1759579200,229.24301147460938,229.6950225830078,224.88128662109375,224.88128662109375,0
1759593600,224.8848876953125,226.98350524902344,224.49537658691406,226.78271484375,0
1759608000,226.8084259033203,228.19737243652344,226.8084259033203,228.00869750976562,0
1759622400,228.00723266601562,231.98709106445312,226.90872192382812,231.144775390625,445276160
1759636800,231.15789794921875,236.65330505371094,231.12254333496094,236.6483612060547,1238443008
1759651200,236.63011169433594,236.72918701171875,230.9775848388672,232.74200439453125,892439040
1759665600,232.6822509765625,232.6822509765625,229.6363067626953,230.26104736328125,242434560
1759680000,230.20301818847656,231.22618103027344,226.96343994140625,226.96343994140625,307769856
1759694400,227.0143280029297,229.00631713867188,226.95677185058594,228.60110473632812,262191616
1759708800,228.60647583007812,233.07888793945312,227.998046875,232.257568359375,440740864
1759723200,232.25279235839844,234.41676330566406,230.32020568847656,231.2236328125,0
1759737600,231.23086547851562,234.0492706298828,231.23086547851562,233.1210479736328,0
1759752000,233.121826171875,236.2165069580078,233.121826171875,235.9825439453125,780086784
1759766400,235.76992797851562,237.32254028320312,234.365478515625,235.30982971191406,451941376
1759780800,235.4242401123047,236.0052947998047,232.5147705078125,232.5147705078125,399868416
1759795200,232.41006469726562,233.7914581298828,231.36585998535156,233.7818603515625,0
1759809600,233.8256072998047,235.07630920410156,229.99774169921875,231.03952026367188,294879744
1759824000,231.04786682128906,231.51100158691406,228.78036499023438,230.6068572998047,330471936
1759838400,230.63412475585938,231.54627990722656,222.40829467773438,223.521728515625,1364332544
1759852800,223.6648712158203,225.1512451171875,221.4325714111328,222.11065673828125,446088192
1759867200,222.02005004882812,224.20802307128906,220.4560546875,220.4855499267578,10768384
1759881600,220.0908203125,222.74551391601562,218.39559936523438,218.39559936523438,318772224
1759896000,218.3878631591797,220.73822021484375,218.31222534179688,220.73822021484375,82631680
1759910400,220.81153869628906,222.5597686767578,220.81153869628906,221.06875610351562,0
1759924800,221.2787628173828,223.6825408935547,219.76126098632812,221.42422485351562,0
1759939200,221.2972412109375,229.17445373535156,221.1060333251953,229.17445373535156,448223744
1759953600,229.20623779296875,229.5471649169922,227.67910766601562,229.0968780517578,48265728
1759968000,229.10426330566406,229.3097686767578,224.24534606933594,226.2552032470703,333621760
1759982400,226.16627502441406,228.57728576660156,224.43885803222656,224.85520935058594,207971328
1759996800,224.5537567138672,224.7216033935547,219.86764526367188,223.503173828125,551754240
1760011200,223.26123046875,226.12098693847656,219.20822143554688,219.23580932617188,421051904
1760025600,219.26272583007812,219.59457397460938,217.32508850097656,218.31822204589844,209556992
1760040000,218.4822998046875,221.65895080566406,217.9360809326172,220.99305725097656,477696
1760054400,220.99685668945312,222.71539306640625,219.93280029296875,221.65432739257812,0
1760068800,221.90316772460938,222.77333068847656,218.35971069335938,218.60841369628906,29261312
1760083200,218.5840301513672,221.49462890625,218.1395263671875,221.41522216796875,0
1760097600,221.2313232421875,224.1811981201172,210.29360961914062,210.4872589111328,1489121280
1760112000,210.62371826171875,212.72830200195312,204.63824462890625,206.13294982910156,1097650688
1760126400,206.00732421875,207.58839416503906,174.83200073242188,188.6278533935547,7702738944
1760140800,188.69309997558594,190.7732391357422,183.16290283203125,184.46969604492188,2468494336
1760155200,185.04232788085938,186.6571044921875,181.03018188476562,183.3944854736328,1306327040
1760169600,183.26206970214844,188.11407470703125,182.58299255371094,184.10569763183594,1205145600
1760184000,183.76849365234375,184.57089233398438,181.9215087890625,184.06842041015625,297332736
1760198400,184.0821990966797,184.4377899169922,177.41891479492188,177.41891479492188,0
1760212800,177.48297119140625,178.65188598632812,173.83447265625,178.0561981201172,0
1760227200,177.53488159179688,178.07798767089844,173.54965209960938,177.19337463378906,0
1760241600,177.2057647705078,182.92271423339844,177.16229248046875,182.65835571289062,0
1760256000,182.65982055664062,182.7883758544922,180.71559143066406,180.96585083007812,0
1760270400,181.01258850097656,191.4532470703125,178.91000366210938,191.41363525390625,1521486848
1760284800,191.60818481445312,196.12152099609375,191.60818481445312,196.12152099609375,1183466496
1760299200,196.1123809814453,198.7578582763672,194.35691833496094,197.51219177246094,239331328
1760313600,197.445556640625,199.62046813964844,194.75473022460938,194.93234252929688,147324928
1760328000,194.97039794921875,199.4300079345703,193.5352783203125,196.9625701904297,100979712
1760342400,196.93202209472656,198.65399169921875,192.0458221435547,193.09107971191406,399863808
1760356800,192.9921875,197.31947326660156,191.95864868164062,197.03231811523438,398593024
1760371200,196.92611694335938,208.6614227294922,196.8237762451172,206.9899139404297,949291008
1760385600,207.13575744628906,209.2491912841797,207.13575744628906,208.36355590820312,691200
1760400000,208.4324188232422,211.06594848632812,205.53680419921875,206.2490997314453,291649536
1760414400,206.20301818847656,206.20301818847656,194.06619262695312,194.06619262695312,1328719872
1760428800,194.28958129882812,197.38279724121094,191.7279510498047,195.40982055664062,607850496
1760443200,195.4120635986328,201.90939331054688,192.50975036621094,201.90939331054688,544561152
1760457600,202.18148803710938,204.73104858398438,198.45188903808594,199.07577514648438,487867392
1760472000,199.00372314453125,203.24693298339844,198.72702026367188,202.43600463867188,16177152
1760486400,202.4652557373047,205.66213989257812,201.51193237304688,201.97177124023438,0
1760500800,201.9537353515625,205.01165771484375,201.3060302734375,204.3197784423828,0
1760515200,204.67318725585938,208.2335968017578,202.67483520507812,202.99302673339844,51041280
1760529600,202.7943115234375,204.5541534423828,196.74801635742188,197.2824249267578,33403904
1760544000,197.28494262695312,198.600830078125,194.77320861816406,194.77320861816406,0
1760558400,194.8219451904297,196.26548767089844,192.70376586914062,194.02186584472656,402128896
1760572800,193.99285888671875,195.83982849121094,193.45013427734375,194.50704956054688,0
1760587200,194.3614044189453,195.35121154785156,192.1941375732422,193.05027770996094,44747776
1760601600,193.0656280517578,196.99130249023438,188.72706604003906,196.87762451171875,694427648
1760616000,196.8692169189453,197.85240173339844,187.2281951904297,187.2281951904297,25671680
1760630400,187.4796142578125,191.6742706298828,184.97268676757812,185.5912322998047,868878336
1760644800,185.55087280273438,185.80751037597656,182.29872131347656,184.6862030029297,121595904
1760659200,184.7743682861328,187.2805633544922,184.6150360107422,187.16796875,44217344
1760673600,187.13772583007812,187.38650512695312,177.81651306152344,178.33282470703125,926453760
1760688000,178.3179473876953,181.9757080078125,174.9503173828125,181.0235137939453,1277929472
1760702400,181.422607421875,182.15679931640625,176.7851104736328,181.7825927734375,385740800
1760716800,182.07273864746094,185.10284423828125,181.7164306640625,182.0012664794922,0
1760731200,182.02023315429688,185.87498474121094,181.65711975097656,182.03616333007812,0
1760745600,182.02415466308594,185.31353759765625,182.02415466308594,184.8861846923828,0
1760760000,184.88134765625,188.22987365722656,183.37240600585938,186.63868713378906,0
1760774400,186.34632873535156,187.06349182128906,184.86187744140625,185.8395233154297,0
1760788800,186.18063354492188,187.28846740722656,184.2816925048828,185.36001586914062,0
1760803200,185.16749572753906,186.28363037109375,183.60031127929688,186.2752227783203,0
1760817600,186.30516052246094,187.80911254882812,186.13697814941406,187.66029357910156,547584
1760832000,187.64895629882812,187.73077392578125,185.133544921875,186.96054077148438,10770688
1760846400,187.1170196533203,187.57252502441406,185.404541015625,185.95858764648438,0
1760860800,185.9551239013672,189.92869567871094,183.4802703857422,188.99264526367188,619456256
1760875200,188.97100830078125,191.638427734375,188.42665100097656,190.78070068359375,390031104
1760889600,190.79908752441406,192.1546630859375,188.63711547851562,188.83480834960938,305260544
1760904000,188.85874938964844,190.08682250976562,187.18988037109375,187.79830932617188,230579712
1760918400,187.87501525878906,191.36900329589844,184.36488342285156,191.36900329589844,686068224
1760932800,191.40106201171875,194.34115600585938,190.8875732421875,193.08338928222656,757196800
1760947200,193.04637145996094,193.84750366210938,191.27943420410156,192.16029357910156,0
1760961600,192.2096710205078,192.84609985351562,191.08465576171875,191.2879638671875,235008
1760976000,191.27755737304688,191.27755737304688,185.85064697265625,189.0498504638672,1053698560
1760990400,188.82363891601562,191.00852966308594,188.6290740966797,189.75067138671875,73143296
1761004800,189.72755432128906,190.14151000976562,185.86581420898438,185.9500732421875,114300928
1761019200,185.9123992919922,185.9123992919922,183.37510681152344,185.03564453125,100714496
1761033600,185.05186462402344,186.51341247558594,183.98150634765625,186.3822479248047,3166720
1761048000,186.37623596191406,196.9407501220703,184.67843627929688,196.1439971923828,1235231744
1761062400,196.16455078125,197.35324096679688,192.8955841064453,194.31993103027344,606601728
1761076800,194.11399841308594,194.11399841308594,185.48599243164062,185.66732788085938,758504960
1761091200,185.61073303222656,187.312255859375,184.60914611816406,185.36434936523438,144976896
1761105600,185.33901977539062,186.30819702148438,183.6258087158203,184.94894409179688,105857024
1761120000,184.95263671875,185.82374572753906,183.29495239257812,185.0652618408203,358200832
1761134400,185.0652618408203,186.75527954101562,182.252197265625,184.00518798828125,133851648
1761148800,184.03469848632812,184.7102813720703,179.63246154785156,179.63246154785156,169392128
1761163200,180.40216064453125,180.67628479003906,177.67417907714844,180.14813232421875,100298240
1761177600,180.1519775390625,183.33444213867188,179.846435546875,182.9455108642578,0
1761192000,182.93222045898438,187.85267639160156,182.85389709472656,187.43679809570312,265675776
1761206400,187.44593811035156,189.29783630371094,187.44593811035156,187.9646759033203,235520512
1761220800,187.970703125,192.3248291015625,187.03964233398438,191.4405975341797,423656448
1761235200,191.44496154785156,193.1396942138672,190.59259033203125,191.5980987548828,130061312
1761249600,191.5693817138672,191.5693817138672,188.9180908203125,191.3885955810547,0
1761264000,191.4243927001953,193.37152099609375,191.095458984375,191.3629150390625,112742400
1761278400,191.36102294921875,194.11151123046875,191.1453399658203,192.13719177246094,266599424
1761292800,192.13868713378906,193.3390350341797,191.25137329101562,192.0520477294922,0
1761307200,192.0672607421875,194.99542236328125,189.25892639160156,189.48446655273438,383279616
1761321600,189.48370361328125,193.51907348632812,189.10888671875,193.15032958984375,103891968
1761336000,193.14578247070312,194.0257110595703,193.08712768554688,193.56082153320312,613376
1761350400,193.57347106933594,194.19300842285156,192.6447296142578,193.53111267089844,0
1761364800,193.52655029296875,194.67962646484375,193.52655029296875,194.00274658203125,0
1761379200,194.00462341308594,195.06790161132812,191.78762817382812,192.76849365234375,99328512
1761393600,192.76390075683594,194.0591583251953,191.99447631835938,192.018310546875,0
1761408000,191.98399353027344,194.5730743408203,191.60667419433594,194.5052490234375,61520384
1761422400,194.50509643554688,194.72698974609375,193.96522521972656,194.03758239746094,47261440
1761436800,194.02151489257812,194.2817840576172,192.1607666015625,192.9148406982422,33397760
1761451200,192.9180145263672,194.2382354736328,192.81617736816406,193.92567443847656,0
1761465600,193.9210662841797,197.5923614501953,193.8285675048828,197.5923614501953,356393472
1761480000,197.6068115234375,199.6124725341797,197.188232421875,199.6124725341797,626425344
1761494400,199.50653076171875,199.57107543945312,198.41226196289062,198.76483154296875,160686848
1761508800,198.78163146972656,200.59561157226562,197.1329345703125,200.02748107910156,849802496
1761523200,200.0195770263672,204.84298706054688,199.8750457763672,204.26751708984375,722286080
1761537600,204.3396759033203,205.0194549560547,202.51246643066406,202.54344177246094,724955648
1761552000,202.52366638183594,202.52366638183594,198.89517211914062,200.15968322753906,486315008
1761566400,200.1404266357422,200.3250732421875,198.74496459960938,200.0188446044922,87188480
1761580800,200.0253143310547,203.15277099609375,200.0253143310547,200.0895538330078,627768832
1761595200,200.0335235595703,200.08441162109375,197.60195922851562,198.74099731445312,117678080
1761609600,198.73703002929688,201.78744506835938,198.64332580566406,201.17257690429688,54136320
1761624000,201.1722869873047,202.7155303955078,198.83412170410156,202.34425354003906,64382976
1761638400,202.33871459960938,203.8075408935547,199.43882751464844,199.52203369140625,30415360
1761652800,199.68321228027344,202.8880157470703,198.30931091308594,198.8429412841797,940945408
1761667200,198.81454467773438,200.9872283935547,194.839111328125,194.91555786132812,273334784
1761681600,195.08602905273438,195.24855041503906,191.41168212890625,194.43362426757812,959566336
1761696000,194.40692138671875,195.02813720703125,193.18768310546875,193.94610595703125,19694592
1761710400,193.95541381835938,195.96812438964844,193.9039306640625,195.7022705078125,0
1761724800,195.6998291015625,198.9244842529297,194.05938720703125,198.90769958496094,242687488
1761739200,198.87905883789062,201.6530303955078,196.75643920898438,196.75643920898438,123037184
1761753600,196.76356506347656,198.39581298828125,190.82147216796875,193.4339141845703,1658776064
1761768000,193.4339141845703,196.79507446289062,192.62890625,194.40017700195312,66049536
1761782400,194.07302856445312,198.02377319335938,192.37185668945312,196.79815673828125,150489600
1761796800,196.79774475097656,197.00709533691406,190.8608856201172,195.84849548339844,1150627840
1761811200,195.8197021484375,195.8227996826172,191.40316772460938,192.1478271484375,97159168
1761825600,191.9736785888672,191.9736785888672,184.81825256347656,184.81825256347656,648678400
1761840000,184.85867309570312,185.7986602783203,179.42340087890625,180.517822265625,152760320
1761854400,179.79563903808594,184.6289520263672,179.23507690429688,184.6289520263672,321286656
1761868800,184.63792419433594,186.60104370117188,184.02078247070312,184.9591522216797,125607936
1761883200,184.9969024658203,186.8932342529297,184.9969024658203,185.27236938476562,0
1761897600,185.29049682617188,188.1312713623047,184.84884643554688,188.1312713623047,18558464
1761912000,188.630615234375,189.84725952148438,186.4697723388672,188.15579223632812,81806848
1761926400,188.15037536621094,188.74072265625,184.75633239746094,188.552734375,0
1761940800,188.5658721923828,188.57440185546875,186.70228576660156,187.20925903320312,1278464
1761955200,187.1440887451172,187.25804138183594,185.6916961669922,187.06198120117188,0
1761969600,187.06488037109375,187.22984313964844,185.14273071289062,185.70574951171875,0
1761984000,185.70205688476562,186.5061798095703,185.3158416748047,185.9634246826172,0
1761998400,185.98599243164062,186.50894165039062,184.06446838378906,186.1791534423828,0
1762012800,186.21548461914062,186.96621704101562,185.1391143798828,186.2797393798828,0
1762027200,186.31768798828125,186.95416259765625,185.21066284179688,186.37965393066406,5555968
1762041600,186.31924438476562,186.31924438476562,184.81472778320312,185.20062255859375,31456768
1762056000,185.1934814453125,188.13987731933594,185.11282348632812,187.94602966308594,154003712
1762070400,187.95098876953125,187.95098876953125,184.71881103515625,186.11233520507812,188872960
1762084800,186.11734008789062,186.24508666992188,184.05345153808594,184.14935302734375,68933120
1762099200,183.8560028076172,184.4478302001953,182.8406219482422,183.82737731933594,135085568
1762113600,183.83399963378906,187.8260498046875,183.71322631835938,187.8260498046875,179934720
1762128000,187.73289489746094,188.72645568847656,177.4115447998047,177.57630920410156,1092952576
1762142400,177.58648681640625,178.58233642578125,174.7600555419922,176.63587951660156,889629184
1762156800,176.4181365966797,176.6249542236328,174.55711364746094,175.37847900390625,703605760
1762171200,175.35105895996094,176.3892364501953,166.31939697265625,166.80599975585938,2011981824
1762185600,166.72418212890625,170.33370971679688,166.383056640625,167.15240478515625,1330056192
1762200000,167.04335021972656,167.04335021972656,163.5902862548828,166.0955352783203,870638592
1762214400,166.0918731689453,168.20030212402344,164.39706420898438,167.77589416503906,70462464
1762228800,167.7165985107422,167.907958984375,156.18936157226562,156.9912872314453,1010290688
1762243200,156.9950714111328,161.73561096191406,156.74313354492188,161.50869750976562,208517120
1762257600,161.66432189941406,164.59542846679688,159.8952178955078,161.77305603027344,404817920
1762272000,161.6262664794922,161.8734130859375,154.09339904785156,154.56272888183594,892123136
1762286400,154.52671813964844,155.55433654785156,147.76878356933594,155.55433654785156,1802565632
1762300800,155.13729858398438,157.1006317138672,147.93264770507812,157.1006317138672,1024306176
1762315200,156.9993896484375,157.97833251953125,156.05921936035156,156.6900177001953,0
1762329600,155.80418395996094,157.5001220703125,154.41322326660156,157.44512939453125,0
1762344000,157.42051696777344,160.2863006591797,157.01695251464844,160.2863006591797,12305408
1762358400,160.32559204101562,163.60487365722656,158.816650390625,162.49551391601562,0
1762372800,162.55218505859375,163.63937377929688,161.36343383789062,162.5847930908203,0
1762387200,162.54029846191406,162.779296875,159.87852478027344,162.44419860839844,0
1762401600,162.4062957763672,162.53744506835938,158.54286193847656,158.96804809570312,0
1762416000,158.94358825683594,159.62255859375,157.99790954589844,158.7373046875,49761280
1762430400,158.75796508789062,161.10792541503906,155.73265075683594,155.81173706054688,155724800
1762444800,155.84823608398438,158.12193298339844,154.5455322265625,156.7021942138672,116645376
1762459200,156.63235473632812,157.4367218017578,153.8031768798828,155.06640625,53780480
1762473600,155.0841064453125,158.41839599609375,154.6381072998047,156.9064178466797,91897344
1762488000,156.89923095703125,158.04965209960938,155.5560302734375,157.63134765625,63693312
1762502400,157.63851928710938,158.0133819580078,152.0643310546875,153.81028747558594,209185792
1762516800,153.83407592773438,155.90223693847656,150.54580688476562,155.8574981689453,230697472
1762531200,155.74356079101562,164.00216674804688,154.5641326904297,163.93121337890625,569764352
1762545600,163.9767608642578,164.08094787597656,161.71005249023438,161.71005249023438,179438080
1762560000,161.69906616210938,164.69178771972656,160.86328125,162.68678283691406,46535168
1762574400,162.62054443359375,163.3155975341797,159.98374938964844,160.9524688720703,68680704
1762588800,160.95245361328125,162.18882751464844,159.2852783203125,159.2852783203125,15979008
1762603200,159.2963409423828,159.4974822998047,156.16238403320312,156.45516967773438,0
1762617600,156.48585510253906,158.04885864257812,156.1109161376953,157.25820922851562,0
1762632000,157.267578125,158.32833862304688,157.267578125,158.10272216796875,0
1762646400,158.0910186767578,158.0910186767578,155.4191131591797,155.87030029296875,0
1762660800,155.8578338623047,159.39942932128906,155.8578338623047,159.26315307617188,78497024
1762675200,159.2579345703125,159.74456787109375,157.44866943359375,158.9902801513672,1350400
1762689600,158.9989776611328,163.77679443359375,158.73411560058594,162.42250061035156,589536768
1762704000,162.44276428222656,165.89321899414062,161.32606506347656,165.89321899414062,268117504
1762718400,165.87548828125,166.15591430664062,164.0394744873047,164.45115661621094,383848704
1762732800,164.46629333496094,168.44235229492188,163.86514282226562,168.10157775878906,606747648
1762747200,168.08673095703125,168.666259765625,166.75999450683594,167.4436798095703,131414016
1762761600,167.43994140625,169.43441772460938,166.3414306640625,168.23252868652344,309104640
1762776000,168.24977111816406,170.01324462890625,165.6437225341797,166.0183868408203,141242880
1762790400,166.0368194580078,168.22088623046875,165.56671142578125,167.43551635742188,225353216
1762804800,167.37525939941406,168.18548583984375,165.0509033203125,167.36734008789062,71467008
1762819200,167.3503875732422,171.59637451171875,166.2848358154297,169.9307098388672,265239040
1762833600,169.9300994873047,169.94515991210938,164.0703582763672,164.0731964111328,455795712
1762848000,164.06130981445312,164.58180236816406,163.09152221679688,163.371826171875,55333376
1762862400,163.45797729492188,164.21583557128906,160.47547912597656,160.892578125,153412096
1762876800,160.9126434326172,161.0498046875,157.85618591308594,157.85618591308594,38733824
1762891200,157.8651885986328,157.8651885986328,154.2665557861328,154.56333923339844,237356032
1762905600,154.60755920410156,155.3976287841797,153.90524291992188,154.71604919433594,47536128
1762920000,154.69554138183594,156.44491577148438,154.30572509765625,154.9805450439453,0
1762934400,154.9856414794922,160.9990997314453,154.9856414794922,159.92755126953125,356781568
1762948800,159.9104461669922,160.9169921875,155.5807647705078,155.5807647705078,95710208
1762963200,155.63258361816406,155.81832885742188,151.470947265625,153.19259643554688,539401216
1762977600,153.14852905273438,154.29592895507812,152.88490295410156,153.2600555419922,0
1762992000,153.272705078125,155.4145965576172,151.8103485107422,154.94805908203125,269608448
1763006400,154.88052368164062,156.9674835205078,153.57911682128906,155.2912139892578,263854592
1763020800,155.3498992919922,156.37889099121094,154.14852905273438,156.2639617919922,0
1763035200,156.25140380859375,156.6844940185547,152.82516479492188,152.8517303466797,154578944
1763049600,152.9601593017578,152.9727783203125,142.80191040039062,142.80191040039062,827745280
1763064000,142.86154174804688,145.89932250976562,141.39913940429688,145.1084747314453,939458560
1763078400,145.12477111816406,145.4578857421875,143.10157775878906,144.2223358154297,158815744
1763092800,144.2487335205078,144.2487335205078,139.9149627685547,142.84149169921875,839913472
1763107200,142.8490753173828,142.8490753173828,140.04795837402344,140.4198455810547,358738944
1763121600,140.44020080566406,143.43385314941406,136.0458526611328,142.325439453125,1373046784
1763136000,142.32376098632812,143.759521484375,140.8252716064453,142.85133361816406,49181696
1763150400,142.8856201171875,143.00314331054688,137.65777587890625,138.67660522460938,0
1763164800,138.74261474609375,143.08438110351562,138.7390899658203,142.51649475097656,22788608
1763179200,142.49978637695312,143.3465118408203,141.87535095214844,142.64703369140625,0
1763193600,142.63575744628906,142.64503479003906,139.98373413085938,140.043212890625,0
1763208000,140.04661560058594,141.96961975097656,140.0116424560547,141.85479736328125,0
1763222400,141.8241729736328,143.501953125,141.024169921875,141.89747619628906,25509376
1763236800,141.8304901123047,141.8304901123047,138.73248291015625,139.5326690673828,1147648
1763251200,139.532470703125,141.17825317382812,137.7860107421875,141.15283203125,44415232
1763265600,141.15853881835938,142.0169677734375,140.85183715820312,142.0169677734375,896000
1763280000,142.01693725585938,143.14569091796875,139.7148895263672,139.81007385253906,161508352
1763294400,139.814208984375,140.60020446777344,137.67132568359375,137.67132568359375,134995968
1763308800,137.6337432861328,138.18838500976562,134.9778289794922,136.77725219726562,800578304
1763323200,136.76060485839844,137.82186889648438,135.50595092773438,137.26535034179688,410046976
1763337600,137.23948669433594,140.1760711669922,136.40611267089844,140.03982543945312,256026112
1763352000,140.04058837890625,140.53363037109375,139.75982666015625,140.24526977539062,76171264
1763712000,125.26191711425781,125.95661163330078,123.88953399658203,123.97334289550781,5163365376
1763726400,123.96102142333984,129.14772033691406,122.30005645751953,125.19889831542969,1195990016
1763740800,125.33814239501953,130.1630096435547,124.24142456054688,127.8974609375,0
1763755200,127.92822265625,129.12977600097656,125.4225845336914,128.49856567382812,37190656
1763769600,128.59629821777344,129.64193725585938,127.00798034667969,127.1025619506836,4495360
1763784000,127.0951919555664,128.0543212890625,125.4980697631836,127.66270446777344,0
1763798400,127.63011932373047,127.63011932373047,125.60298156738281,126.87178039550781,0
1763812800,126.7345962524414,127.26461029052734,125.41136932373047,126.7507095336914,0
1763827200,126.8365707397461,128.2169189453125,126.8019790649414,127.29273986816406,0
1763841600,127.29273986816406,128.4910430908203,126.1977767944336,127.55113220214844,0
1763856000,127.56484985351562,130.5634002685547,127.56484985351562,129.85830688476562,108866048
1763870400,129.85646057128906,131.41683959960938,128.3289337158203,128.80453491210938,69717248
1763884800,128.81565856933594,130.41635131835938,128.81565856933594,129.68798828125,23945984
1763899200,129.69046020507812,132.74644470214844,129.69046020507812,132.74644470214844,271519232
1763913600,132.74514770507812,133.11605834960938,131.0348358154297,132.56410217285156,62367232
1763928000,132.5688934326172,133.32260131835938,130.6890869140625,130.70603942871094,141628160
1763942400,130.6746368408203,134.1638641357422,129.54727172851562,133.3675994873047,270650368
1763956800,133.3883056640625,133.71177673339844,130.52053833007812,130.5258331298828,203068928
1763971200,130.5231170654297,130.5231170654297,128.56341552734375,129.6190643310547,186794752
1763985600,129.6067657470703,132.31732177734375,129.0738067626953,131.80148315429688,261696512
1764000000,131.80764770507812,137.61004638671875,131.80764770507812,137.01109313964844,908156928
1764014400,137.25535583496094,139.43057250976562,137.25535583496094,138.35594177246094,563447296
1764028800,138.36956787109375,138.7401123046875,137.3717041015625,137.66262817382812,0
1764043200,137.68484497070312,138.8362579345703,136.48373413085938,136.48373413085938,0
1764057600,136.47044372558594,136.712646484375,134.95162963867188,136.35018920898438,46796800
1764072000,136.34878540039062,136.72183227539062,133.5397186279297,134.7056427001953,116165632
1764086400,134.6857452392578,137.79696655273438,134.4173126220703,136.56373596191406,1217024
1764100800,136.5860137939453,140.2567596435547,136.21336364746094,138.88987731933594,136892416
1764115200,138.8987579345703,140.36753845214844,138.10406494140625,138.10406494140625,43540480
1764129600,138.1145782470703,139.7388153076172,137.9268035888672,139.7388153076172,190972928
1764144000,139.74127197265625,139.78428649902344,136.380859375,136.7752685546875,41440768
1764158400,136.80206298828125,137.42547607421875,135.6639404296875,136.5143280029297,99214336
1764172800,136.54473876953125,144.47103881835938,136.54473876953125,144.08309936523438,855213056
1764187200,143.98423767089844,144.1375274658203,142.6470947265625,143.0125274658203,105188864
1764201600,143.01318359375,143.97134399414062,142.1951904296875,142.69285583496094,91739136
1764216000,142.66452026367188,144.1614227294922,142.45950317382812,143.7909698486328,26313216
1764230400,143.79031372070312,143.79031372070312,141.66107177734375,142.08499145507812,0
1764244800,142.073974609375,142.37423706054688,140.9476318359375,142.188720703125,9134592
1764259200,142.145263671875,142.98037719726562,141.4927978515625,142.71241760253906,0
1764273600,142.6923370361328,142.82090759277344,140.7134552001953,140.8464813232422,194048
1764288000,140.8505401611328,141.2570037841797,138.76181030273438,139.69189453125,42969856
1764302400,139.68687438964844,140.44613647460938,139.1504364013672,139.1504364013672,39863040
1764316800,139.14312744140625,142.2750701904297,139.0540771484375,140.9837188720703,305587456
1764331200,140.99354553222656,143.3011932373047,140.59107971191406,141.61404418945312,731812096
1764345600,141.62730407714844,141.62730407714844,136.2895965576172,137.58570861816406,536843776
1764360000,137.59738159179688,138.0188751220703,136.95787048339844,137.15505981445312,66473984
1764432000,136.0680694580078,136.22879028320312,136.0680694580078,136.1724090576172,0
1764561600,126.63349914550781,127.35733032226562,126.63349914550781,127.35733032226562,2351036416
1764576000,127.36602783203125,127.78385925292969,126.94927215576172,127.1531982421875,163194880
1764590400,127.14537811279297,127.56046295166016,123.39630126953125,125.2380142211914,657294336
1764604800,125.13117218017578,125.1561050415039,123.46373748779297,123.93669891357422,384066560
1764619200,123.91519927978516,127.30519104003906,123.91519927978516,126.7086181640625,385775616
1764633600,126.70230102539062,127.9966812133789,126.18937683105469,127.50875854492188,0
1764648000,127.46446228027344,127.74566650390625,126.552734375,127.22514343261719,0
1764662400,127.22713470458984,128.41212463378906,126.14380645751953,128.3404083251953,110176256
1764676800,128.3363800048828,138.7613983154297,128.2941131591797,138.02906799316406,870716416
1764691200,138.02391052246094,140.6642608642578,137.80181884765625,140.2295379638672,580282880
1764705600,140.2250518798828,140.3103485107422,138.50564575195312,138.673095703125,189194240
1764720000,138.67352294921875,140.46385192871094,137.9598846435547,140.39199829101562,142367744
1764734400,140.3907928466797,143.90194702148438,140.36488342285156,142.0740203857422,700180480
1764748800,142.04307556152344,142.4959259033203,141.12875366210938,141.70904541015625,33198592
1764763200,141.7067413330078,142.96334838867188,139.44212341308594,141.10076904296875,151061504
1764777600,141.05706787109375,141.99801635742188,140.2332305908203,141.4392547607422,0
1764792000,141.302490234375,145.3610382080078,141.07537841796875,144.94117736816406,563658752
1764806400,144.8266143798828,146.01907348632812,143.95362854003906,144.75918579101562,61982720
1764820800,144.67283630371094,144.6779327392578,142.95433044433594,143.50991821289062,21248512
1764835200,143.70230102539062,144.05076599121094,142.86703491210938,143.1011199951172,9645056
1764849600,143.10333251953125,143.3193359375,141.83816528320312,143.26583862304688,112838144
1764864000,142.9430389404297,143.45770263671875,138.82418823242188,139.78558349609375,217098752
1764878400,139.78024291992188,140.34974670410156,138.7717742919922,139.01397705078125,19221504
1764892800,139.0261993408203,140.07708740234375,138.7316131591797,138.8085479736328,12055552
1764907200,138.69483947753906,140.27281188964844,137.97560119628906,139.78721618652344,70825728
1764921600,139.698486328125,139.698486328125,136.48489379882812,137.0803680419922,248398080
1764936000,136.98947143554688,137.03184509277344,134.7396240234375,134.9262237548828,162014208
1764950400,135.0634765625,135.0772247314453,131.1859130859375,132.53387451171875,426253312
1764964800,132.63734436035156,133.32437133789062,132.20626831054688,133.32437133789062,5476864
1764979200,133.2823486328125,134.0260467529297,133.0200958251953,133.77957153320312,0
1764993600,133.7560577392578,133.7560577392578,132.84597778320312,132.84832763671875,0
1765008000,132.80824279785156,133.2955322265625,132.0475311279297,133.2788848876953,0
1765022400,133.28213500976562,133.83230590820312,132.599365234375,133.05111694335938,0
1765036800,132.97677612304688,133.4234161376953,132.06834411621094,132.13296508789062,0
1765051200,132.18016052246094,132.61439514160156,131.5507354736328,132.34986877441406,44529280
1765065600,132.364990234375,133.5474090576172,132.1377716064453,133.5457000732422,0
1765080000,133.52914428710938,133.52914428710938,132.14012145996094,132.14012145996094,21739648
1765094400,132.1492462158203,132.55833435058594,131.82032775878906,132.4017791748047,23781248
1765108800,132.410888671875,133.021240234375,128.3152618408203,131.62962341308594,659099648
1765123200,131.7073211669922,136.13916015625,130.78164672851562,135.75039672851562,722415872
1765137600,135.75387573242188,136.18348693847656,130.84169006347656,131.6963348388672,440746752
1765152000,132.15391540527344,134.57847595214844,131.67465209960938,134.2146759033203,316028416
1765166400,134.3946990966797,135.91375732421875,134.2489776611328,135.91184997558594,307541248
1765180800,135.86224365234375,139.04795837402344,135.8309326171875,138.5024871826172,543371264
1765195200,138.45968627929688,138.8253631591797,135.5911865234375,136.0421905517578,266647040
1765209600,135.17800903320312,136.29736328125,133.66830444335938,134.52593994140625,119172096
1765224000,133.8878936767578,134.66856384277344,132.6145477294922,133.26841735839844,155321344
1765238400,133.26205444335938,133.65158081054688,132.78164672851562,133.65158081054688,28006400
1765252800,134.24649047851562,134.24649047851562,132.14471435546875,133.1179656982422,120372736
1765267200,133.16146850585938,133.28720092773438,132.3543243408203,132.83934020996094,0
1765281600,132.94580078125,138.14657592773438,132.07620239257812,138.14657592773438,280171264
1765296000,138.16160583496094,144.56961059570312,138.16160583496094,142.35667419433594,1467586816
1765310400,142.2587432861328,142.2587432861328,137.2263946533203,137.86767578125,300269056
1765324800,137.9119873046875,138.41477966308594,137.40663146972656,138.26133728027344,204024832
1765339200,138.26089477539062,139.94482421875,138.1753692626953,139.1035919189453,111352320
1765353600,139.11294555664062,139.386474609375,136.5557861328125,137.19326782226562,392133120
1765368000,137.21246337890625,138.05419921875,136.1128387451172,136.1948699951172,18862592
1765382400,136.21546936035156,139.2833709716797,135.9812469482422,138.67758178710938,566444544
1765396800,138.64813232421875,142.3419952392578,135.8642578125,136.46376037597656,543233536
1765411200,136.44839477539062,136.44839477539062,129.52479553222656,129.5928192138672,590504960
1765425600,129.58633422851562,131.35609436035156,129.38941955566406,131.01832580566406,167827456
1765440000,131.01844787597656,131.32008361816406,130.40863037109375,131.023193359375,32151040
1765454400,131.01513671875,132.47811889648438,130.34034729003906,131.3177032470703,180910592
1765468800,131.3072052001953,135.16204833984375,130.37759399414062,134.1959991455078,86308352
1765483200,134.22450256347656,137.6464385986328,134.01022338867188,136.36993408203125,182541824
1765497600,136.3794403076172,137.68467712402344,135.79075622558594,137.20396423339844,0
1765512000,137.2047882080078,139.97659301757812,136.78184509277344,139.19818115234375,254254080
1765526400,139.18222045898438,139.18222045898438,137.4066619873047,138.68292236328125,185453056
1765540800,138.70018005371094,139.65744018554688,133.77359008789062,133.77359008789062,361636352
1765555200,133.847900390625,133.847900390625,130.7241973876953,131.05445861816406,480661504
1765569600,131.1796875,132.99493408203125,131.1796875,132.32403564453125,372736
1765584000,132.3367919921875,132.98377990722656,132.3367919921875,132.90390014648438,0
1765598400,132.90301513671875,132.9806365966797,132.49197387695312,132.94065856933594,0
1765612800,132.93992614746094,134.24356079101562,132.93992614746094,133.47210693359375,0
1765627200,133.46897888183594,133.65211486816406,132.80039978027344,133.33663940429688,0
1765641600,133.33663940429688,133.63597106933594,132.21351623535156,132.80813598632812,0
1765656000,132.80186462402344,133.24761962890625,131.98678588867188,133.24761962890625,0
1765670400,133.22669982910156,133.5909881591797,132.8252410888672,133.00152587890625,0
1765684800,132.99432373046875,133.2719268798828,132.20458984375,133.26681518554688,35657344
1765699200,133.27149963378906,133.46730041503906,130.62367248535156,131.5371856689453,262714368
1765713600,131.5346221923828,131.7571258544922,130.5521240234375,130.753662109375,70346880
1765728000,130.68939208984375,131.3846435546875,129.88893127441406,130.33750915527344,71959296
1765742400,130.36196899414062,130.57579040527344,128.97341918945312,129.49465942382812,255994624
1765756800,129.9703369140625,132.78489685058594,129.59234619140625,131.2337188720703,375990784
1765771200,131.36849975585938,132.5382080078125,131.0217742919922,132.3643341064453,139919360
1765785600,132.35568237304688,132.9141082763672,132.18772888183594,132.2703399658203,12215552
1765800000,132.2702178955078,134.26608276367188,127.16926574707031,127.37796783447266,1243426304
1765814400,126.78583526611328,126.93720245361328,124.2244644165039,125.12975311279297,902168064
1765828800,125.11901092529297,127.6660385131836,124.02470397949219,127.65876770019531,291719680
1765843200,127.66539764404297,127.9937515258789,125.66667938232422,126.13229370117188,69929984
1765857600,126.2563705444336,127.37301635742188,125.61863708496094,125.72894287109375,61739520
1765872000,125.74871063232422,128.5933380126953,125.72562408447266,128.51185607910156,233571840
1765886400,128.6475830078125,129.9374237060547,126.99761199951172,129.9374237060547,100300288
1765900800,129.4744110107422,129.4744110107422,126.8797378540039,127.77835845947266,0
1765915200,127.70957946777344,128.8147430419922,127.70957946777344,128.58294677734375,0
1765929600,129.2058563232422,129.48451232910156,128.4212646484375,128.45504760742188,13824
1765944000,128.32655334472656,128.32655334472656,127.2717514038086,128.24317932128906,8768000
1765958400,128.26145935058594,128.26145935058594,126.22383880615234,127.61497497558594,28063744
1765972800,127.61060333251953,133.42788696289062,127.03817749023438,127.03817749023438,777455616
1765987200,127.01912689208984,127.39696502685547,121.5654067993164,122.3160171508789,1073732096
1766001600,122.32154083251953,123.55028533935547,122.11890411376953,123.12610626220703,182298112
1766016000,123.13427734375,123.91985321044922,123.07804870605469,123.68025207519531,27404800
1766030400,123.65010070800781,123.88004302978516,122.35282135009766,122.73458099365234,21827584
1766044800,122.73062896728516,124.00450134277344,122.49976348876953,123.8345947265625,13927424
1766059200,123.85761260986328,128.7626953125,123.70571899414062,127.5239028930664,369271296
1766073600,127.52312469482422,127.52312469482422,117.75729370117188,117.75729370117188,528838656
1766088000,117.7076644897461,119.981201171875,117.45925903320312,119.57015228271484,436497920
1766102400,119.56863403320312,122.25874328613281,117.79812622070312,121.43183898925781,348612608
1766116800,121.4337387084961,125.03465270996094,121.3955078125,124.32008361816406,571966464
1766131200,124.33406066894531,125.472900390625,124.02713775634766,125.29190063476562,167150592
1766145600,125.28828430175781,127.30641174316406,124.86454010009766,124.9249038696289,86493696
1766160000,124.92111206054688,126.49190521240234,123.81741333007812,126.11549377441406,0
1766174400,126.12591552734375,127.39794921875,126.12591552734375,126.19404602050781,0
1766188800,126.19593811035156,126.37330627441406,125.39138793945312,126.12892150878906,0
1766203200,126.14442443847656,126.55156707763672,125.90032196044922,126.16230773925781,0
1766217600,126.15707397460938,126.75332641601562,125.85953521728516,126.34978485107422,0
1766232000,126.34191131591797,126.57058715820312,125.51614379882812,126.57058715820312,0
1766246400,126.5553207397461,126.5553207397461,125.74946594238281,126.05233001708984,0
1766260800,126.04651641845703,126.43461608886719,125.65614318847656,125.81024169921875,1300992
1766275200,125.80050659179688,126.03234100341797,124.71263122558594,125.20983123779297,77170944
1766289600,125.19709777832031,125.41693115234375,125.1143798828125,125.23682403564453,0
1766304000,125.23530578613281,126.4498291015625,124.90143585205078,125.44721984863281,158455552
1766318400,125.45657348632812,125.97313690185547,123.60391998291016,124.99420928955078,259293696
1766332800,124.98845672607422,126.20040130615234,124.45825958251953,125.6943588256836,208468480
1766347200,125.66985321044922,126.0563735961914,124.7928466796875,125.99151611328125,60919808
1766361600,125.99595642089844,127.78624725341797,124.8226089477539,125.95208740234375,398106624
1766376000,125.952392578125,126.58943939208984,125.78857421875,126.20013427734375,171093760
1766390400,126.21915435791016,127.210693359375,125.62037658691406,127.11016082763672,85094656
1766404800,127.09256744384766,128.3716278076172,126.50135803222656,127.98152160644531,347436800
1766419200,127.98055267333984,128.22740173339844,124.84505462646484,124.85037994384766,212158208
1766433600,124.8394775390625,125.88414001464844,124.4066162109375,125.80123138427734,276866048
1766448000,125.7934799194336,126.72502899169922,125.12230682373047,125.65513610839844,4560896
1766462400,125.65188598632812,125.84148406982422,123.79415893554688,124.1274185180664,147341824
1766476800,124.11849975585938,125.03536224365234,123.99999237060547,124.87908935546875,0
1766491200,124.87030792236328,124.87030792236328,122.33478546142578,123.2532730102539,91021056
1766505600,123.25908660888672,124.79264831542969,123.03514099121094,123.87738037109375,163608320
1766520000,123.89447021484375,125.26042938232422,123.46470642089844,123.85684204101562,15017472
1766534400,123.87286376953125,124.09596252441406,121.85623931884766,122.62783813476562,47940096
1766548800,122.6275405883789,122.83833312988281,120.78751373291016,121.49140167236328,67519744
1766563200,121.46002960205078,122.09590911865234,121.22514343261719,122.02835845947266,25660160
1766577600,122.0263671875,122.6370849609375,120.98827362060547,122.55331420898438,0
1766592000,122.6019287109375,123.02198028564453,121.88014221191406,122.70060729980469,0
1766606400,122.71102905273438,123.231689453125,122.4583511352539,122.4583511352539,180224
1766620800,122.45496368408203,122.98210906982422,122.0937728881836,122.61141967773438,0
1766635200,122.61334228515625,122.7439956665039,122.04934692382812,122.20947265625,0
1766649600,122.21068572998047,122.42476654052734,121.37836456298828,121.6299057006836,16139904
1766664000,121.57996368408203,123.8082275390625,121.57585906982422,123.60562896728516,41096320
1766678400,123.57817077636719,124.17308807373047,122.82839965820312,123.37995910644531,121106176
1766692800,123.3796615600586,123.39131927490234,119.91112518310547,119.94737243652344,342470784
1766707200,119.95291900634766,124.12220001220703,119.5927734375,122.53955078125,831963392
1766721600,122.53549194335938,123.81497192382812,121.76795196533203,122.62345123291016,228968704
1766736000,122.62773132324219,123.79615020751953,122.26897430419922,123.74063873291016,201969408
1766750400,123.73674774169922,124.8955078125,120.7578125,121.23470306396484,636167936
1766764800,121.31238555908203,122.20392608642578,121.23271942138672,122.0244140625,69854720
1766779200,122.0871353149414,122.47273254394531,121.88501739501953,122.19612121582031,64808448
1766793600,122.1939697265625,123.51172637939453,121.86198425292969,123.44631958007812,4474624
1766808000,123.45915985107422,123.54096984863281,122.81130981445312,123.1322021484375,0
1766822400,123.1251449584961,123.22444152832031,122.7042007446289,122.95979309082031,0
1766836800,122.99327087402344,123.50154876708984,122.80740356445312,123.32331085205078,0
1766851200,123.31527709960938,123.31951141357422,122.77062225341797,123.1211929321289,0
1766865600,123.1392822265625,124.72034454345703,123.1392822265625,124.6484146118164,190077568
1766880000,124.64192962646484,124.68208312988281,123.86237335205078,124.06031799316406,25269760
1766894400,124.05988311767578,124.20616912841797,123.67892456054688,124.10518646240234,19275136
1766908800,124.10728454589844,124.67273712158203,123.9643325805664,124.52099609375,63117440
1766923200,124.52037048339844,124.83395385742188,124.33072662353516,124.41047668457031,89221760
1766937600,124.40716552734375,124.62667083740234,123.08218383789062,123.26325225830078,301553664
1766952000,123.25324249267578,125.2173843383789,123.09212493896484,125.19874572753906,91446784
1766966400,125.19520568847656,129.24176025390625,125.00161743164062,128.5811767578125,1262627200
1766980800,128.5710906982422,128.87147521972656,127.3041000366211,127.78082275390625,470031104
1766995200,127.7615737915039,128.08084106445312,125.02629089355469,125.05227661132812,500282112
1767009600,125.04878997802734,125.06047821044922,122.47666931152344,123.46395111083984,797739520
1767024000,123.43926239013672,123.74000549316406,122.6561508178711,122.882568359375,129901568
1767038400,122.88626861572266,123.40853118896484,122.80506134033203,123.1244888305664,58034176
1767052800,123.1246109008789,123.74026489257812,122.53900146484375,123.70601654052734,0
1767067200,123.69891357421875,124.09331512451172,123.13639068603516,123.88997650146484,0
1767081600,123.89116668701172,124.91825103759766,123.87371063232422,124.04801177978516,38282752
1767096000,124.06468963623047,124.97870635986328,123.71652221679688,124.94322967529297,75504384
1767110400,124.9548110961914,126.17762756347656,123.87677764892578,124.51762390136719,282545408
1767124800,124.53107452392578,124.9454574584961,123.5049057006836,124.93132019042969,118841344
1767139200,124.76837921142578,125.834228515625,124.51839447021484,125.56465148925781,168052224
1767153600,125.5726089477539,125.84950256347656,125.30320739746094,125.81124877929688,30536960
1767168000,125.8117446899414,126.55706787109375,125.3534927368164,126.55230712890625,40346624
1767182400,126.56791687011719,127.1004638671875,124.95885467529297,125.53895568847656,84994560
1767196800,125.51231384277344,125.51231384277344,124.3424072265625,124.38594818115234,0
1767211200,124.35926818847656,124.8613510131836,123.47400665283203,124.4847412109375,691814400
1767225600,124.48128509521484,125.45573425292969,124.47052001953125,124.91144561767578,0
1767240000,124.91139221191406,125.07719421386719,124.11407470703125,124.11640930175781,0
1767254400,124.1007080078125,125.03263854980469,124.06901550292969,124.88191223144531,52556544
1767268800,124.88855743408203,124.96105194091797,124.3221664428711,124.78801727294922,0
1767283200,124.78707122802734,125.5593032836914,124.22429656982422,125.51242065429688,110156288
1767297600,125.50787353515625,126.97852325439453,125.21168518066406,126.76112365722656,153267712
1767312000,126.75862121582031,127.64134979248047,125.79972839355469,127.44361877441406,147204352
1767326400,127.4456787109375,127.4456787109375,126.64049530029297,126.94064331054688,80840960
1767340800,126.93448638916016,129.42181396484375,126.93448638916016,128.0525665283203,424552960
1767355200,128.0531768798828,129.333740234375,127.05125427246094,128.81678771972656,542003968
1767369600,128.87948608398438,131.90185546875,128.8018035888672,131.57957458496094,690126848
1767384000,131.58116149902344,132.96885681152344,130.9467010498047,132.13339233398438,269547520
1767398400,132.18087768554688,132.9520721435547,132.13182067871094,132.8921661376953,48311808
1767412800,132.82815551757812,132.83047485351562,129.94395446777344,130.0771942138672,191548416
1767427200,130.03860473632812,131.33770751953125,129.9741973876953,130.63250732421875,20591616
1767441600,130.6459503173828,131.93402099609375,130.49574279785156,131.54322814941406,0
1767456000,131.54246520996094,131.98641967773438,131.44647216796875,131.70635986328125,0
1767470400,131.7049560546875,133.60301208496094,131.37893676757812,133.2982177734375,0
1767484800,133.31349182128906,134.56707763671875,133.30166625976562,134.49063110351562,186288128
1767499200,134.50482177734375,134.6778106689453,133.7362060546875,133.8616943359375,85714688
1767513600,133.8230438232422,134.68443298339844,133.3566436767578,134.31565856933594,64115456
1767528000,134.29685974121094,135.2080535888672,133.84356689453125,134.66030883789062,160081920
1767542400,134.7493133544922,135.31771850585938,133.23037719726562,133.45535278320312,246252800
1767556800,133.45346069335938,134.64512634277344,133.4267578125,133.9026336669922,57641728
1767571200,133.9296112060547,137.30841064453125,133.9296112060547,136.6288299560547,383942912
1767585600,136.6287078857422,136.63833618164062,134.93972778320312,135.3529815673828,115097088
1767600000,135.35531616210938,135.85333251953125,134.81491088867188,135.62777709960938,120234240
1767614400,135.6253662109375,136.1690673828125,133.3505096435547,136.01925659179688,644433920
1767628800,136.06878662109375,138.7048797607422,134.4860076904297,138.19329833984375,598142976
1767643200,138.2126922607422,139.58779907226562,137.90725708007812,137.9898223876953,391155200
1767657600,137.9702606201172,138.42919921875,137.01583862304688,138.3169708251953,0
1767672000,138.33563232421875,139.6572723388672,137.4414520263672,137.6240997314453,275410432
1767686400,137.60205078125,139.4296112060547,137.49838256835938,139.38462829589844,165141504
1767700800,139.42852783203125,142.99432373046875,138.77471923828125,141.21376037597656,564519936
1767715200,141.3190460205078,141.658447265625,136.37803649902344,137.45420837402344,390276608
1767729600,137.46871948242188,141.53211975097656,137.46871948242188,141.0961151123047,241882624
1767744000,141.0884246826172,141.0884246826172,138.69825744628906,139.44268798828125,71216640
1767758400,139.45037841796875,139.52301025390625,138.3118133544922,139.18678283691406,0
1767772800,139.1864776611328,139.4899444580078,136.6547393798828,137.8961639404297,201710080
1767787200,137.903076171875,138.28240966796875,135.38565063476562,135.75418090820312,0
1767801600,135.69754028320312,136.3699951171875,134.6956787109375,135.64212036132812,41658368
1767816000,135.62936401367188,136.718994140625,135.12770080566406,136.31301879882812,9028864
1767830400,136.30783081054688,138.02084350585938,136.0196075439453,136.62864685058594,122927616
1767844800,136.6237335205078,138.02293395996094,134.4369354248047,135.7090301513672,346738176
1767859200,135.6966552734375,135.95069885253906,134.06231689453125,134.6375274658203,44136448
1767873600,134.63719177246094,135.87088012695312,132.83255004882812,135.87088012695312,173659392
1767888000,135.8812713623047,138.7484130859375,135.8812713623047,137.50245666503906,256530688
1767902400,137.52268981933594,139.82667541503906,136.6230010986328,138.29727172851562,398073856
1767916800,138.2911834716797,140.8895263671875,137.7764434814453,140.70916748046875,250502144
1767931200,140.71763610839844,140.78079223632812,139.3992462158203,139.5141143798828,33853440
1767945600,139.50180053710938,139.50180053710938,137.25926208496094,138.14236450195312,277903872
1767960000,138.1418914794922,140.3473663330078,136.38636779785156,138.3495635986328,408336896
1767974400,138.39459228515625,139.88047790527344,135.43765258789062,135.78961181640625,175136768
1767988800,135.7736053466797,136.1595916748047,135.0894317626953,135.75704956054688,66005504
1768003200,135.76637268066406,136.36566162109375,135.62136840820312,136.06036376953125,0
1768017600,136.0465850830078,136.1022491455078,135.64930725097656,135.92327880859375,0
1768032000,135.92283630371094,136.81350708007812,135.8740234375,136.33737182617188,7708160
1768046400,136.33969116210938,136.7543487548828,135.9181671142578,136.26304626464844,0
1768060800,136.26107788085938,136.48976135253906,135.84490966796875,135.95518493652344,0
1768075200,135.98800659179688,136.06883239746094,135.29737854003906,135.72767639160156,0
1768089600,135.72677612304688,136.2765350341797,135.6424102783203,136.11082458496094,0
1768104000,136.1056671142578,136.166015625,135.82049560546875,136.00074768066406,10269568
1768118400,136.0016326904297,136.66415405273438,135.990478515625,136.39781188964844,53569536
1768132800,136.39205932617188,139.18795776367188,136.38800048828125,138.03912353515625,380974720
1768147200,138.04510498046875,141.0433807373047,138.04510498046875,139.31417846679688,734220672
1768161600,139.31246948242188,139.49087524414062,137.6100616455078,139.49087524414062,497231360
1768176000,139.48037719726562,143.8806915283203,138.85972595214844,142.53993225097656,1284212224
1768190400,142.54454040527344,143.04258728027344,141.29872131347656,141.29872131347656,584449536
1768204800,141.28317260742188,141.7093048095703,139.02980041503906,139.88491821289062,562946560
1768219200,139.89071655273438,142.42601013183594,139.02755737304688,142.40902709960938,276404736
1768233600,142.39105224609375,143.88153076171875,140.69869995117188,141.08604431152344,339913728
1768248000,141.07701110839844,141.40753173828125,138.42665100097656,139.13543701171875,184639488
1768262400,139.12864685058594,139.30844116210938,137.81849670410156,138.51736450195312,0
1768276800,138.5112762451172,140.5088653564453,138.34593200683594,139.94903564453125,367781888
1768291200,139.91268920898438,142.50254821777344,139.91268920898438,141.7733154296875,256028672
1768305600,141.76898193359375,143.3115692138672,141.29989624023438,143.16297912597656,424972800
1768320000,143.41859436035156,144.19309997558594,142.59539794921875,144.19309997558594,30992896
1768334400,144.21299743652344,147.3013153076172,143.10154724121094,145.36163330078125,1034664448
1768348800,145.36993408203125,146.16273498535156,144.4726104736328,146.032470703125,240680960
1768363200,146.1090850830078,146.1470947265625,143.94114685058594,144.73773193359375,280138752
1768377600,144.74562072753906,145.59835815429688,143.5248565673828,143.5248565673828,20188160
1768392000,143.5811767578125,147.12307739257812,143.5811767578125,146.88124084472656,344852992
1768406400,146.9019317626953,148.19947814941406,145.589599609375,146.67880249023438,364431360
1768420800,146.69476318359375,147.62576293945312,146.01687622070312,146.75563049316406,26724352
1768435200,146.7583770751953,146.7583770751953,143.2936553955078,143.31301879882812,33227776
1768449600,143.32894897460938,145.05284118652344,143.32894897460938,144.84219360351562,0
1768464000,144.8670196533203,145.86834716796875,144.18560791015625,144.81817626953125,58379776
1768478400,144.8177490234375,145.51536560058594,142.07423400878906,142.6068572998047,0
1768492800,142.72317504882812,143.97059631347656,141.03707885742188,141.4662322998047,0
1768507200,141.45330810546875,142.5001678466797,141.19284057617188,142.3328857421875,0
1768521600,142.33343505859375,142.69903564453125,141.73617553710938,141.91603088378906,0
1768536000,141.9147491455078,143.28836059570312,141.4625701904297,142.8208770751953,91187200
1768550400,142.82879638671875,143.3074951171875,142.71282958984375,143.0583038330078,18004224
1768564800,143.05958557128906,143.71018981933594,140.46063232421875,140.77264404296875,4256256
1768579200,140.76791381835938,144.35882568359375,140.7178192138672,144.1251983642578,0
1768593600,144.12794494628906,145.37611389160156,143.59678649902344,144.8601531982422,138974464
1768608000,144.85617065429688,144.8609619140625,144.22467041015625,144.3282012939453,50057472
1768622400,144.32711791992188,144.39535522460938,143.66517639160156,143.6996612548828,0
1768636800,143.68511962890625,144.53378295898438,143.63087463378906,143.90464782714844,6567168
1768651200,143.90859985351562,144.16270446777344,143.6397705078125,144.07594299316406,0
1768665600,144.16317749023438,144.42286682128906,143.766845703125,144.21693420410156,0
1768680000,144.21449279785156,144.46897888183594,143.586181640625,143.72593688964844,0
1768694400,143.7330780029297,143.8214569091797,142.15342712402344,142.74249267578125,212892672
1768708800,142.7610626220703,142.91566467285156,142.15245056152344,142.1542510986328,116087808
1768723200,142.14984130859375,142.55039978027344,141.96859741210938,142.3715362548828,31982080
1768737600,142.37417602539062,142.54107666015625,141.64088439941406,141.94735717773438,55302144
1768752000,141.9488525390625,143.0285186767578,141.85409545898438,142.1887969970703,233481984
1768766400,142.1961669921875,142.8983154296875,137.96302795410156,137.99720764160156,584659968
1768780800,137.97625732421875,137.97625732421875,133.40016174316406,133.89353942871094,1764362496
1768795200,133.8928680419922,133.95761108398438,132.81777954101562,133.4528045654297,297828864
1768809600,133.44113159179688,134.15518188476562,133.30613708496094,134.03240966796875,288033792
1768824000,134.03997802734375,134.0545196533203,133.30921936035156,133.47499084472656,92511232
1768838400,133.4777069091797,134.556884765625,133.46090698242188,134.3761749267578,62262784
1768852800,134.37442016601562,135.00534057617188,132.9954071044922,133.33859252929688,60285952
1768867200,133.35018920898438,134.38270568847656,133.1114044189453,134.20164489746094,27041792
1768881600,134.19644165039062,134.19644165039062,130.8252410888672,130.8252410888672,299340800
1768896000,130.8325653076172,130.8325653076172,128.51963806152344,128.74237060546875,614795520
1768910400,128.7348175048828,129.2650909423828,127.42499542236328,127.49658966064453,670409472
1768924800,127.57351684570312,128.27012634277344,126.32907104492188,127.06966400146484,612916736
1768939200,127.07476043701172,127.84009552001953,125.68138122558594,125.70572662353516,339802112
1768953600,125.70457458496094,127.61109161376953,125.70457458496094,127.44947052001953,127843328
1768968000,127.44947052001953,128.538818359375,127.38400268554688,127.47136688232422,0
1768982400,127.46780395507812,127.95597839355469,126.92132568359375,126.98673248291016,0
1768996800,126.99183654785156,130.79766845703125,126.42095184326172,130.39224243164062,302000640
1769011200,130.38694763183594,131.35572814941406,125.62632751464844,131.35572814941406,587653632
1769025600,131.37939453125,131.7999267578125,129.2105255126953,129.3789520263672,213941248
1769040000,129.37896728515625,130.4061737060547,129.37896728515625,129.72015380859375,0
1769054400,129.7211456298828,130.3195343017578,129.69741821289062,129.7213592529297,0
1769068800,129.71873474121094,130.16128540039062,129.4285125732422,130.13829040527344,0
1769083200,130.11209106445312,130.49163818359375,126.85424041748047,127.26636505126953,33081344
1769097600,127.3051528930664,129.1790008544922,126.9590072631836,129.1195526123047,0
1769112000,129.1494598388672,129.49388122558594,128.0531768798828,128.28851318359375,0
1769126400,128.2960662841797,128.77430725097656,128.05653381347656,128.5864715576172,23547392
1769140800,128.5888214111328,129.06942749023438,127.40826416015625,127.80055236816406,196143616
1769155200,127.809326171875,127.809326171875,126.8751220703125,127.45684051513672,67901952
1769169600,127.43659210205078,127.49153137207031,125.39065551757812,127.46721649169922,30362368
1769184000,127.56778717041016,129.72817993164062,127.53050231933594,127.9435806274414,911664896
1769198400,127.93081665039062,128.0010223388672,126.75959014892578,127.363037109375,67956992
1769212800,127.34194946289062,127.89299774169922,127.21044921875,127.70693969726562,0
1769227200,127.70990753173828,127.89928436279297,126.97334289550781,127.0572509765625,7391488
1769241600,127.051025390625,127.15869903564453,126.82356262207031,127.00808715820312,0
1769256000,126.98701477050781,127.14938354492188,126.68679809570312,126.68679809570312,0
1769270400,126.67990112304688,127.26494598388672,126.56598663330078,127.19976043701172,0
1769284800,127.15252685546875,127.46542358398438,126.94750213623047,127.05250549316406,0
1769299200,127.04954528808594,127.22259521484375,126.31095123291016,126.44446563720703,19344512
1769313600,126.44515228271484,126.77838897705078,126.26132202148438,126.26536560058594,15412096
1769328000,126.26498413085938,126.9463119506836,126.00650024414062,126.49736785888672,123896320
1769342400,126.53374481201172,126.876708984375,125.48944091796875,125.48944091796875,120752000
1769356800,125.49688720703125,125.49688720703125,117.689208984375,117.7602767944336,1967665792
1769371200,117.76701354980469,119.16454315185547,117.59088134765625,118.77265167236328,1585462784
1769385600,118.77224731445312,122.47151184082031,118.69572448730469,121.146728515625,524898304
1769400000,121.16661071777344,123.1801986694336,121.16661071777344,122.79786682128906,295802368
1769414400,122.78878021240234,123.11775970458984,121.74151611328125,122.38931274414062,177895936
1769428800,122.38542175292969,124.7544174194336,122.29115295410156,123.44084930419922,610419200
1769443200,123.4317626953125,125.04759979248047,123.15027618408203,124.2231674194336,0
1769457600,124.21585845947266,124.59716033935547,123.40271759033203,124.13898468017578,0
1769472000,124.10942840576172,124.9342041015625,123.67980194091797,124.32087707519531,0
1769486400,124.32266235351562,124.75871276855469,123.92290496826172,124.274169921875,0
1769500800,124.29591369628906,124.5649642944336,123.4784927368164,123.95350646972656,0
1769515200,123.95681762695312,124.59857177734375,123.04535675048828,124.59857177734375,0
1769529600,124.62570190429688,126.49801635742188,123.5791244506836,125.6063461303711,276774400
1769544000,125.60511016845703,127.62338256835938,125.60511016845703,127.0533218383789,267857152
1769558400,127.05496978759766,127.22702026367188,126.5669174194336,126.83191680908203,14273792
1769572800,126.77819061279297,127.28083038330078,126.36688995361328,126.86666870117188,27151616
1769587200,126.86957550048828,127.96034240722656,126.01852416992188,127.94751739501953,174159616
1769601600,127.95451354980469,127.95451354980469,125.71424102783203,125.97457122802734,269845760
1769616000,125.93183135986328,126.70561218261719,125.3991470336914,126.06913757324219,76524288
1769630400,125.9428939819336,126.1639175415039,124.89859771728516,125.11925506591797,0
1769644800,125.10618591308594,125.10618591308594,122.58840942382812,122.92842102050781,284130304
1769659200,122.91960906982422,123.76603698730469,122.5099105834961,123.72930908203125,40090112
1769673600,123.68930053710938,123.68930053710938,122.57378387451172,122.68670654296875,176909312
1769688000,122.66094207763672,122.93001556396484,116.5293197631836,117.55960845947266,828849408
1769702400,117.56704711914062,119.69988250732422,115.41664123535156,116.76905059814453,1186077696
1769716800,116.75194549560547,117.65676879882812,116.46343231201172,117.60324096679688,241961472
1769731200,117.61257934570312,117.86113739013672,112.96723175048828,114.41986083984375,969769984
1769745600,114.38848114013672,115.77556610107422,113.23590850830078,115.7070541381836,549341696
1769760000,115.71082305908203,116.736083984375,114.7650146484375,116.67523956298828,276833792
1769774400,116.68468475341797,117.25016784667969,114.82698059082031,116.48652648925781,230001664
1769788800,116.53893280029297,118.84068298339844,114.42594909667969,118.53619384765625,15870976
1769803200,118.47638702392578,118.47638702392578,116.49788665771484,117.36463165283203,117861376
1769817600,117.37153625488281,118.36946105957031,117.3235092163086,118.16394805908203,0
1769832000,118.16596221923828,118.61029052734375,117.14976501464844,117.15821075439453,0
1769846400,117.14556121826172,117.25323486328125,114.5482177734375,115.95281982421875,368196608
1769860800,115.93648529052734,115.94047546386719,108.61062622070312,108.69142150878906,831121920
1769875200,108.72587585449219,109.26394653320312,100.83002471923828,101.98375701904297,2667932160
1769889600,101.95833587646484,105.9600830078125,100.55450439453125,105.44039916992188,599062528
1769904000,105.44728088378906,106.08123016357422,104.32337188720703,104.793701171875,79254528
1769918400,104.80532836914062,105.79415893554688,104.1452407836914,105.2357406616211,52406272
1769932800,105.24309539794922,105.86026000976562,103.79446411132812,104.98712158203125,91095040
1769947200,104.97827911376953,106.18352508544922,100.57286071777344,101.58582305908203,0
1769961600,101.57473754882812,103.79253387451172,101.30216979980469,101.65267181396484,0
1769976000,101.69490814208984,102.3428955078125,98.63439178466797,100.8449478149414,338872832
1769990400,100.79875183105469,102.65625762939453,96.43683624267578,99.90536499023438,985528320
1770004800,99.87364959716797,101.8117446899414,97.64751434326172,101.5003890991211,1251824640
1770019200,101.4587631225586,103.2030029296875,101.39786529541016,102.83707427978516,294854144
1770033600,102.78540802001953,105.67721557617188,102.73777770996094,104.5804214477539,121789952
1770048000,104.58430480957031,105.54186248779297,103.62065124511719,103.84540557861328,4739584
1770062400,103.74453735351562,105.05162048339844,103.3675765991211,104.47044372558594,0
1770076800,104.46784210205078,104.4738540649414,102.3109130859375,104.15451049804688,0
1770091200,104.1129150390625,104.91204071044922,103.02073669433594,104.58172607421875,0
1770105600,104.57494354248047,104.75901794433594,102.60047149658203,103.0757827758789,0
1770120000,103.0644302368164,103.41015625,100.57247161865234,102.2910385131836,12314368
1770134400,102.29566192626953,102.35586547851562,96.81609344482422,99.01276397705078,1048958720
1770148800,98.9867935180664,101.4776382446289,97.52891540527344,97.56403350830078,774219776
1770163200,97.70941925048828,99.45185852050781,97.25259399414062,99.02029418945312,171472896
1770177600,99.01512145996094,99.11334991455078,96.85086822509766,97.77886199951172,186930688
1770192000,97.7895278930664,97.7895278930664,95.21429443359375,96.08080291748047,416685568
1770206400,96.03336334228516,96.44751739501953,92.10783386230469,92.5915756225586,493745152
1770220800,92.59814453125,94.27317810058594,90.3109130859375,94.27317810058594,301750272
1770235200,94.24693298339844,94.24693298339844,89.66462707519531,92.03550720214844,244717056
1770249600,91.95540618896484,92.36827850341797,90.38186645507812,90.9151382446289,299945472
1770264000,90.94176483154297,91.62232208251953,89.7512435913086,90.57029724121094,612062208
1770278400,90.56513214111328,92.89727020263672,88.91584777832031,89.57211303710938,201850368
1770292800,89.61004638671875,90.9082260131836,83.9836196899414,84.4616470336914,701184000
1770307200,84.44915771484375,85.75213623046875,81.36226654052734,81.51378631591797,312364032
1770321600,81.52992248535156,81.7489242553711,77.78353118896484,78.18553161621094,1469458432
1770336000,78.1999282836914,79.75023651123047,69.14134979248047,76.42039489746094,2715443200
1770350400,76.48238372802734,81.364013671875,76.30892181396484,79.45512390136719,244131840
1770364800,79.46598815917969,81.59222412109375,78.89643096923828,81.22555541992188,266508288
1770379200,81.21625518798828,84.8121337890625,80.9803695678711,84.4337387084961,520600576
1770393600,84.4427490234375,88.44293212890625,84.27110290527344,87.06073760986328,37606400
1770408000,87.06437683105469,89.50640106201172,86.81382751464844,87.4673080444336,0
1770422400,87.44882202148438,88.20111083984375,86.04226684570312,87.97015380859375,0
1770436800,87.99635314941406,88.85595703125,84.39466094970703,85.35140228271484,128247296
1770451200,85.33883666992188,85.5837173461914,84.6601333618164,84.98371124267578,0
1770465600,84.94906616210938,86.70089721679688,84.896728515625,86.40523529052734,82854400
1770480000,86.41300201416016,89.01863861083984,86.41300201416016,88.2081298828125,401220608
1770494400,88.22427368164062,89.00365447998047,87.15416717529297,87.63983154296875,0
1770508800,87.64240264892578,87.98686218261719,86.75652313232422,86.76297760009766,0
1770523200,86.77690124511719,87.42713165283203,86.77424621582031,87.20604705810547,0
1770537600,87.21881103515625,88.67303466796875,86.60774993896484,88.10780334472656,90494976
1770552000,88.1190185546875,88.59774017333984,87.56698608398438,87.731201171875,47790848
1770566400,87.71853637695312,88.3826904296875,85.91985321044922,88.3481674194336,0
1770580800,88.359619140625,88.52035522460938,86.38195037841797,87.04224395751953,194582528
1770595200,87.04935455322266,87.68635559082031,86.20982360839844,87.61548614501953,269376256
1770609600,87.63328552246094,87.63328552246094,85.37821960449219,85.49364471435547,189082112
1770624000,85.48442077636719,85.48494720458984,82.9388427734375,83.33159637451172,105147904
1770638400,83.34136199951172,85.63084411621094,83.34136199951172,85.29271697998047,234033920
1770652800,85.29287719726562,88.46206665039062,84.8982162475586,87.96941375732422,422658048
1770667200,87.94236755371094,88.06143188476562,86.65807342529297,86.70360565185547,131772672
1770681600,86.70494079589844,87.33906555175781,85.46466064453125,85.80436706542969,41402624
1770696000,85.80461120605469,86.54325103759766,84.35405731201172,84.57413482666016,66474752
1770710400,84.57123565673828,84.88845825195312,83.7726058959961,83.7726058959961,0
1770724800,83.7773666381836,85.01881408691406,83.39259338378906,84.1886215209961,98295552
1770739200,84.16633605957031,85.01280212402344,82.61872863769531,83.048828125,0
1770753600,83.0638656616211,83.07467651367188,82.0032730102539,82.91615295410156,0
1770768000,82.91266632080078,84.2247085571289,82.70050048828125,83.35987854003906,508186624
1770782400,83.33212280273438,83.35213470458984,80.46331024169922,81.05854797363281,106228480
1770796800,80.9962158203125,81.33221435546875,80.47427368164062,81.21861267089844,32340224
1770811200,81.21849822998047,82.75874328613281,78.95830535888672,79.88761138916016,448341504
1770825600,79.86991882324219,80.71775817871094,78.41454315185547,79.73114776611328,234896128
1770840000,79.72117614746094,80.86641693115234,79.02044677734375,79.25389862060547,250079744
1770854400,79.24695587158203,80.62986755371094,79.24695587158203,80.53302764892578,43114496
1770868800,80.5290756225586,80.84852600097656,79.61662292480469,80.69527435302734,23454720
1770883200,80.71214294433594,82.10043334960938,80.36040496826172,81.84295654296875,97925632
1770897600,81.85599517822266,81.91490936279297,80.27263641357422,80.27263641357422,0
1770912000,80.23766326904297,80.23766326904297,77.17864990234375,77.5809555053711,178247168
1770926400,77.58352661132812,78.34674072265625,76.683837890625,78.34674072265625,68594432
1770940800,78.31272888183594,79.27128601074219,77.62879180908203,78.9493637084961,43880704
1770955200,78.95071411132812,79.11578369140625,77.87477111816406,78.9508056640625,47112960
1770969600,78.95879364013672,80.4854736328125,78.89674377441406,80.21955108642578,77609728
1770984000,80.22051239013672,84.01522064208984,79.78955841064453,83.04917907714844,353787392
1770998400,83.06378936767578,85.45558166503906,83.06378936767578,84.74942016601562,29680896
1771012800,84.74100494384766,85.0195083618164,84.19325256347656,84.32231140136719,0
1771027200,84.31739044189453,85.13691711425781,84.2364273071289,85.06378936767578,12701440
1771041600,85.059326171875,85.13648223876953,84.41866302490234,85.13648223876953,0
1771056000,85.12747192382812,87.1611099243164,85.12747192382812,87.15824127197266,208443136
1771070400,87.17028045654297,87.51937866210938,86.12171936035156,87.40599060058594,91864576
1771084800,87.41212463378906,88.29927062988281,87.18325805664062,88.15083312988281,0
1771099200,88.15418243408203,88.7800521850586,87.4964370727539,88.16121673583984,106975488
1771113600,88.13645935058594,88.5718002319336,87.56079864501953,88.55545043945312,225982720
1771128000,88.6248550415039,90.72816467285156,88.4598388671875,90.62012481689453,591766016
1771142400,90.68585968017578,91.04299926757812,89.09759521484375,89.09759521484375,198891008
1771156800,89.10637664794922,89.41609191894531,86.86763000488281,87.25462341308594,222950912
1771171200,87.25746154785156,87.71639251708984,85.30091857910156,85.41303253173828,324830464
1771185600,85.3983383178711,86.568603515625,85.02644348144531,86.00759887695312,62338560
1771200000,86.02801513671875,86.44296264648438,84.89805603027344,85.0870132446289,42866176
1771214400,85.09049987792969,85.72991180419922,84.59121704101562,85.06352996826172,0
1771228800,85.07050323486328,86.09082794189453,84.75446319580078,85.59474182128906,66454528
1771243200,85.58631134033203,86.645263671875,82.77410888671875,83.16577911376953,307139328
1771257600,83.17353057861328,84.92291259765625,83.17353057861328,84.7354736328125,118810624
1771272000,84.72280883789062,86.52680969238281,84.55013275146484,86.43446350097656,1339904
1771286400,86.4238510131836,87.54716491699219,85.95951843261719,86.38990020751953,0
1771300800,86.38892364501953,86.66604614257812,85.54670715332031,86.4315414428711,22851840
1771315200,86.44086456298828,86.60054779052734,84.86225891113281,85.04531860351562,19085312
1771329600,85.04132843017578,85.37489318847656,83.13792419433594,83.62625885009766,107357696
1771344000,83.6598892211914,85.49632263183594,83.26062774658203,84.88825225830078,154576384
1771358400,84.88796997070312,85.32331085205078,84.75940704345703,85.19692993164062,16133888
1771372800,85.15145111083984,85.42011260986328,84.02806091308594,85.36823272705078,70821632
1771387200,85.35316467285156,85.35316467285156,84.69959259033203,85.32735443115234,0
1771401600,85.2992935180664,85.82061004638672,83.16077423095703,83.18732452392578,189426176
1771416000,83.16609954833984,83.8599853515625,82.11027526855469,83.04088592529297,118454016
1771430400,83.06777954101562,83.06777954101562,80.61042022705078,80.78631591796875,75035392
1771444800,80.83427429199219,81.56705474853516,80.83427429199219,81.56705474853516,78344960
1771459200,81.57028198242188,81.87405395507812,81.3531265258789,81.72030639648438,3230208
1771473600,81.72808837890625,82.57398223876953,81.47061920166016,82.30113983154297,196992256
1771488000,82.30985260009766,82.34015655517578,81.00213623046875,81.19525909423828,2800128
1771502400,81.20377349853516,81.21790313720703,79.77796173095703,80.5200424194336,117404928
1771516800,80.55033111572266,82.00749969482422,80.23489379882812,81.8916244506836,64089856
1771531200,81.89501953125,82.39338684082031,81.74656677246094,82.39338684082031,52339200
1771545600,82.3935546875,83.40123748779297,82.3508071899414,83.01234436035156,174460928
1771560000,83.01028442382812,83.78929138183594,82.49844360351562,83.4726791381836,19277056
1771574400,83.48171997070312,84.63255310058594,83.363037109375,83.6317138671875,252996096
1771588800,83.60597229003906,84.39632415771484,81.85164642333984,84.3858871459961,313750784
1771603200,84.35017395019531,85.24744415283203,82.95134735107422,84.76309967041016,338754816
1771617600,84.75917053222656,85.1062240600586,84.1711654663086,84.63516998291016,28537344
1771632000,84.62995147705078,84.9662857055664,84.26946258544922,84.29427337646484,0
1771646400,84.31061553955078,84.71376037597656,84.02863311767578,84.15868377685547,0
1771660800,84.16226196289062,85.53640747070312,84.16226196289062,85.33213806152344,0
1771675200,85.33918762207031,86.63689422607422,85.07225799560547,86.59430694580078,0
1771689600,86.60342407226562,86.6404800415039,85.93850708007812,86.2205581665039,0
1771704000,86.22260284423828,86.22260284423828,85.21121978759766,85.21121978759766,13687680
1771718400,85.20491790771484,85.44709777832031,84.79878234863281,85.01688385009766,62036352
1771732800,85.02592468261719,85.48150634765625,84.83846282958984,85.30848693847656,13903616
1771747200,85.29871368408203,85.40377807617188,84.92332458496094,85.24787139892578,487424
1771761600,85.247314453125,85.25231170654297,83.13396453857422,83.55682373046875,165242624
1771776000,83.54766082763672,83.54766082763672,82.86251831054688,83.27169799804688,28477056
1771790400,83.26819610595703,83.57964324951172,82.55807495117188,82.78715515136719,82694400
1771804800,82.76533508300781,82.76533508300781,77.44702911376953,77.87456512451172,934191104
1771819200,77.8324966430664,79.53433990478516,77.28636932373047,79.4326171875,502144768
1771833600,79.42364501953125,80.48701477050781,78.64598846435547,80.00564575195312,355177984
1771848000,80.02889251708984,81.02818298339844,79.4493637084961,79.47425842285156,313242368
1771862400,79.45367431640625,79.71452331542969,77.63800048828125,78.28768920898438,652932864
1771876800,78.28585815429688,78.8759536743164,77.69528198242188,77.7544174194336,202481664
1771891200,77.87260437011719,78.4375228881836,76.69451904296875,76.81842803955078,0
1771905600,76.86636352539062,77.19190979003906,76.19497680664062,76.80520629882812,15958016
1771920000,76.80669403076172,77.12551879882812,76.22032165527344,76.69193267822266,0
1771934400,76.71717071533203,77.37761688232422,76.1131591796875,77.22105407714844,62823680
1771948800,77.26417541503906,78.40338134765625,77.26417541503906,78.28687286376953,0
1771963200,78.29615020751953,79.57544708251953,78.27076721191406,79.0365219116211,38618624
1771977600,79.01473236083984,82.6013412475586,78.8382797241211,81.73930358886719,242992640
1771992000,81.73762512207031,82.34998321533203,81.08441162109375,82.12483978271484,1590272
1772006400,82.12296295166016,83.08328247070312,81.98954010009766,83.07719421386719,61755648
1772020800,83.17265319824219,86.23065185546875,83.00028228759766,85.9836196899414,469614592
1772035200,86.0275650024414,89.60726165771484,86.0275650024414,89.48866271972656,654025728
1772049600,89.50079345703125,91.04756927490234,87.26724243164062,87.9095687866211,780452352
1772064000,87.95225524902344,89.1173324584961,87.76444244384766,88.009033203125,198481408
1772078400,87.93980407714844,88.88702392578125,87.3564224243164,87.3564224243164,269319680
1772092800,87.3465805053711,88.48346710205078,86.77425384521484,86.80790710449219,69458944
1772107200,86.82611846923828,87.92451477050781,85.69971466064453,86.436767578125,0
1772121600,86.44824981689453,86.58959197998047,84.51307678222656,86.3656005859375,0
1772136000,86.46528625488281,86.73958587646484,85.80583190917969,85.9108657836914,0
1772150400,85.91375732421875,87.59439086914062,85.35237121582031,87.59439086914062,0
1772164800,87.62303161621094,88.01799774169922,86.97184753417969,87.3412094116211,63011328
1772179200,87.33792114257812,87.75704193115234,83.52427673339844,83.6218032836914,158696704
1772193600,83.56834411621094,83.69074249267578,82.29463195800781,82.76950073242188,251576064
1772208000,82.68383026123047,82.69222259521484,81.29473876953125,81.56867980957031,0
1772222400,81.56074523925781,82.0439682006836,81.01362609863281,81.9506607055664,170765568
1772236800,81.88528442382812,82.17401123046875,81.64583587646484,81.73392486572266,0
1772251200,81.74028015136719,81.85282135009766,77.51821899414062,78.78411865234375,747738368
1772265600,78.67761993408203,79.4468002319336,77.97046661376953,78.88301849365234,211659264
1772280000,78.88953399658203,81.19001770019531,78.80418395996094,80.86735534667969,112279552
1772294400,80.87320709228516,82.62711334228516,80.69645690917969,82.24823760986328,174350592
1772308800,82.17561340332031,85.17032623291016,82.1578369140625,84.36634826660156,346890240
1772323200,84.45831298828125,88.59603881835938,84.39781188964844,87.85250854492188,887192576
1772337600,88.08421325683594,88.13530731201172,86.36763763427734,86.60887145996094,220893696
1772352000,86.62467956542969,86.6934585571289,84.94669342041016,85.17659759521484,0
1772366400,85.17950439453125,86.5975112915039,84.73236846923828,86.00460815429688,0
1772380800,85.97795867919922,85.97795867919922,83.17228698730469,83.27659606933594,226841600
1772395200,83.23280334472656,83.80924224853516,81.84986114501953,83.57645416259766,113378816
1772409600,83.6023941040039,85.97177124023438,83.6023941040039,84.85614013671875,21362688
1772424000,84.82606506347656,84.82606506347656,82.50595092773438,82.99862670898438,44471040
1772438400,82.94480895996094,84.05402374267578,82.5692367553711,83.9268569946289,80400896
1772452800,83.91435241699219,88.72881317138672,82.938720703125,88.38394927978516,850398208
1772467200,88.70677185058594,89.81792449951172,86.62891387939453,87.60899353027344,571962880
1772481600,87.63909149169922,88.10819244384766,86.48412322998047,86.63624572753906,64084480
1772496000,86.62887573242188,87.2144546508789,85.41413116455078,86.32559204101562,51429376
1772510400,86.32073974609375,86.64836883544922,85.48345947265625,85.58531951904297,37893120
1772524800,85.57879638671875,85.63529968261719,83.82899475097656,84.21510314941406,180048896
1772539200,84.23768615722656,85.04280090332031,82.9308853149414,84.86502838134766,145157632
1772553600,84.92105865478516,87.02991485595703,84.37480926513672,85.11709594726562,0
1772568000,85.11402130126953,87.32038879394531,84.3537826538086,87.01956939697266,90422784
1772582400,86.96318817138672,87.75615692138672,85.45639038085938,85.62052154541016,229466112
1772596800,85.74254608154297,87.34648895263672,84.9482192993164,87.34648895263672,241165312
1772611200,87.45520782470703,91.09915924072266,87.11288452148438,89.76739501953125,864608256
1772625600,89.77662658691406,92.56202697753906,88.79412078857422,92.56202697753906,640856064
1772640000,92.65906524658203,93.80597686767578,91.00127410888672,93.44731140136719,246747136
1772654400,93.33038330078125,93.69501495361328,90.51370239257812,90.83324432373047,131479040
1772668800,90.88592529296875,91.27676391601562,89.79443359375,90.03596496582031,0
1772683200,90.03176879882812,91.22427368164062,89.813232421875,90.02215576171875,0
1772697600,90.07220458984375,92.7724380493164,89.9012451171875,91.84070587158203,0
1772712000,91.84166717529297,92.1104507446289,88.99449920654297,89.44441986083984,0
1772726400,89.51276397705078,89.52764129638672,88.01412200927734,88.80765533447266,0
1772740800,88.80199432373047,89.76434326171875,88.69347381591797,88.69347381591797,0
1772755200,88.72061920166016,89.2164306640625,88.30602264404297,88.3619384765625,37797120
1772769600,88.39439392089844,88.75940704345703,87.58668518066406,88.71720123291016,0
1772784000,88.71031951904297,88.71031951904297,87.16679382324219,87.18705749511719,0
1772798400,87.19083404541016,87.22248077392578,84.32711029052734,84.63839721679688,227743232
1772812800,84.65360260009766,85.68814849853516,83.75109100341797,85.23944854736328,29920768
1772827200,85.23329162597656,85.34280395507812,84.49654388427734,84.68055725097656,3328
1772841600,84.68260955810547,85.00177764892578,84.40870666503906,84.45637512207031,0
1772856000,84.51036071777344,84.51036071777344,83.96986389160156,84.34309387207031,0
1772870400,84.33566284179688,84.79862976074219,84.20655059814453,84.73487091064453,0
1772884800,84.73310089111328,84.73310089111328,83.56502532958984,83.77081298828125,0
1772899200,83.76458740234375,84.03146362304688,82.50164031982422,82.51957702636719,92162560
1772913600,82.52191162109375,83.28231811523438,82.52191162109375,83.18003845214844,0
1772928000,83.1823959350586,83.44050598144531,82.3767318725586,82.42000579833984,71546496
1772942400,82.42523193359375,82.9838638305664,81.97167205810547,82.89842987060547,56496128
1772956800,82.91415405273438,84.0469970703125,82.678955078125,82.87101745605469,148372736
1772971200,82.86276245117188,82.89974212646484,81.57927703857422,82.0745620727539,210277632
1772985600,82.0704116821289,82.5630874633789,81.46343994140625,82.39229583740234,43542528
1773000000,82.39696502685547,82.7695541381836,80.76155853271484,81.62455749511719,394106112
1773014400,81.6680679321289,84.2298812866211,81.6680679321289,83.11585235595703,366049792
1773028800,83.19768524169922,84.38101959228516,82.64563751220703,83.17967224121094,250875904
1773043200,83.16756439208984,84.46399688720703,83.08665466308594,83.70928192138672,168876032
1773057600,83.62373352050781,85.61170196533203,83.62373352050781,85.20477294921875,419887360
1773072000,85.09449768066406,86.89900970458984,84.52854919433594,86.02464294433594,459083776
1773086400,86.00402069091797,86.30577850341797,84.93119812011719,84.93749237060547,116531712
1773100800,84.95582580566406,86.7191162109375,84.92957305908203,85.63777160644531,59798016
1773115200,85.60633850097656,86.81877136230469,85.50179290771484,86.56426239013672,59236864
1773129600,86.60128784179688,87.47431945800781,86.60128784179688,86.82100677490234,143748608
1773144000,86.83000946044922,88.30245971679688,85.2375717163086,88.04874420166016,307531008
1773158400,88.31812286376953,88.60847473144531,85.75153350830078,85.96820068359375,191249408
1773172800,85.99327087402344,86.35519409179688,85.1221694946289,85.83462524414062,22715904
1773187200,85.84285736083984,86.19277954101562,85.5838394165039,85.632568359375,6680064
1773201600,85.63737487792969,86.80445861816406,85.26380920410156,85.5105209350586,18298880
1773216000,85.49663543701172,85.53660583496094,84.51091766357422,84.51091766357422,49007616
1773230400,84.53125,87.1313705444336,84.45631408691406,85.47724914550781,247082752
1773244800,85.45686340332031,87.83171081542969,85.4280014038086,87.20365142822266,124394240
1773259200,87.21755981445312,87.67887115478516,86.56668090820312,86.56668090820312,0
1773273600,86.5711898803711,86.71058654785156,84.8184814453125,84.94618225097656,104196096
1773288000,84.95417785644531,85.8230209350586,84.94774627685547,85.80520629882812,47430656
1773302400,85.8310317993164,87.0197982788086,85.51671600341797,86.80098724365234,72686336
1773316800,86.8397445678711,87.57565307617188,85.44337463378906,86.65198516845703,104716800
1773331200,86.67427825927734,86.92695617675781,85.76795959472656,86.85025787353516,41605376
1773345600,86.83956909179688,87.08135223388672,86.04501342773438,86.88143920898438,48858368
1773360000,86.86799621582031,90.73966217041016,86.8153076171875,89.73387145996094,841879808
1773374400,89.7307357788086,89.7307357788086,88.33287811279297,88.58074951171875,147483648
1773388800,88.57254028320312,90.36970520019531,88.51077270507812,90.36959075927734,191502336
1773403200,90.34436798095703,92.82257843017578,89.42887878417969,89.45263671875,517398528
1773417600,89.47959899902344,89.96253967285156,88.4747314453125,88.93795776367188,184907776
1773432000,88.94302368164062,89.11517333984375,87.82341766357422,88.15412902832031,161723392
1773446400,88.15464782714844,88.53923034667969,87.92028045654297,88.40563201904297,0
1773460800,88.40777587890625,88.66940307617188,87.13239288330078,87.35677337646484,0
1773475200,87.3467788696289,87.47537231445312,86.63253021240234,86.96432495117188,0
1773489600,86.96450805664062,87.33961486816406,86.71712493896484,86.76942443847656,0
1773504000,86.76951599121094,87.11640930175781,86.68529510498047,86.99061584472656,0
1773518400,87.01919555664062,88.12794494628906,86.92736053466797,88.0704345703125,40787328
1773532800,88.06941986083984,88.4715576171875,87.64601135253906,87.78279113769531,77006592
1773547200,87.80384826660156,88.57913970947266,87.80384826660156,88.1927261352539,21163264
1773561600,88.19302368164062,88.79774475097656,88.19302368164062,88.5793228149414,6553216
1773576000,88.5750732421875,88.5750732421875,87.50952911376953,88.01363372802734,100296320
1773590400,88.01262664794922,88.70011901855469,87.58184814453125,88.18700408935547,150098304
1773604800,88.18547058105469,92.97010803222656,88.07721710205078,92.25813293457031,1033669120
1773619200,92.26961517333984,93.65230560302734,91.26117706298828,93.24317932128906,669091328
1773633600,93.22573852539062,94.14132690429688,93.01201629638672,93.61648559570312,754634240
1773648000,93.60457611083984,93.95637512207031,92.76531982421875,93.74974822998047,368031232
1773662400,93.75094604492188,94.83379364013672,92.50983428955078,93.21768951416016,1141792768
1773676800,93.21456146240234,95.2813949584961,93.21456146240234,95.2777328491211,602775040
1773691200,95.27876281738281,97.4159164428711,95.11310577392578,96.22423553466797,215548928
1773705600,96.21691131591797,96.7446517944336,93.89311981201172,93.97815704345703,113148928
1773720000,94.00447082519531,94.57434844970703,93.44241333007812,94.42401123046875,21922816
1773734400,94.42784118652344,94.8421630859375,93.3589859008789,93.70489501953125,38335488
1773748800,93.70802307128906,95.04108428955078,93.35405731201172,93.79424285888672,0
1773763200,93.8097915649414,95.53748321533203,93.80518341064453,94.74223327636719,0
1773777600,94.70230865478516,95.51903533935547,94.55204772949219,94.70464324951172,0
1773792000,94.71418762207031,95.53937530517578,94.18480682373047,95.13005828857422,0
1773806400,95.12008666992188,95.12008666992188,93.90150451660156,93.96214294433594,0
1773820800,93.96321868896484,94.36280822753906,91.96424102783203,92.003662109375,270895360
1773835200,92.0173568725586,92.0173568725586,88.85836029052734,89.40083312988281,498867712
1773849600,89.27545166015625,90.73767852783203,88.85076141357422,89.68406677246094,263887616
1773864000,89.69422912597656,90.51969909667969,89.18343353271484,90.06442260742188,91141120
1773878400,90.06804656982422,91.22755432128906,89.96955108642578,90.91756439208984,76320000
1773892800,90.88391876220703,90.88391876220703,88.88104248046875,89.50346374511719,167022848
1773907200,89.46956634521484,90.36738586425781,89.16358184814453,89.57003021240234,115550208
1773921600,89.58430480957031,89.58430480957031,87.40548706054688,87.71243286132812,46065408
1773936000,87.71063995361328,89.14924621582031,87.20044708251953,88.84589385986328,119990016
1773950400,88.81122589111328,89.28101348876953,88.53783416748047,88.91725158691406,34390016
1773964800,88.91506958007812,89.69551849365234,88.90618896484375,89.62792205810547,92092160
1773979200,89.58769989013672,89.71370697021484,88.6923828125,89.44465637207031,35370752
1773993600,89.42979431152344,90.18277740478516,88.73836517333984,89.08634185791016,92073216
1774008000,89.17374420166016,89.62969207763672,88.64988708496094,88.81268310546875,34724352
1774022400,88.87840270996094,89.16996765136719,88.25379180908203,89.00518798828125,0
1774036800,89.00398254394531,90.15406799316406,88.68592071533203,89.8543701171875,60771328
1774051200,89.8556137084961,90.53125,89.83462524414062,90.43258666992188,0
1774065600,90.4347915649414,90.75867462158203,90.0044174194336,90.0638427734375,0
1774080000,90.06535339355469,90.30522155761719,89.88265228271484,89.92644500732422,0
1774094400,89.92528533935547,90.3277359008789,89.53634643554688,89.81053161621094,0
1774108800,89.81019592285156,89.88529968261719,89.50215911865234,89.79750061035156,0
1774123200,89.79903411865234,90.23236846923828,87.44657897949219,87.46663665771484,132572032
1774137600,87.4720458984375,88.91168975830078,86.77814483642578,88.62950134277344,533066752
1774152000,88.64326477050781,89.0250244140625,87.85855865478516,87.8646011352539,79363328
1774166400,87.85950469970703,87.85950469970703,86.98551940917969,86.98551940917969,168177408
1774180800,86.99003601074219,87.5290298461914,86.92987823486328,87.51996612548828,74340352
1774195200,87.53292083740234,87.59530639648438,86.63560485839844,86.85543060302734,87884288
1774209600,86.90377807617188,87.0912857055664,85.32108306884766,86.12869262695312,316678912
1774224000,86.1500473022461,86.99590301513672,85.66351318359375,86.4285888671875,0
1774238400,86.42400360107422,87.19115447998047,85.2636947631836,86.05339813232422,255126016
1774252800,86.04351806640625,91.06236267089844,85.30865478515625,88.90669250488281,1119795200
1774267200,88.83739471435547,92.1445541381836,88.59757232666016,89.93484497070312,1008731648
1774281600,89.98921203613281,91.71381378173828,89.47760772705078,91.34490966796875,644061184
1774296000,91.34989166259766,91.93877410888672,91.05065155029297,91.42520904541016,77990912
1774310400,91.4283447265625,91.50347137451172,90.03499603271484,90.2500228881836,8853504
1774324800,90.25503540039062,91.50603485107422,90.03704071044922,91.50603485107422,8599040
1774339200,91.50348663330078,92.14295196533203,91.29327392578125,91.69263458251953,161036800
1774353600,91.70182037353516,91.7514419555664,88.83082580566406,89.79022216796875,146154240
1774368000,89.78230285644531,89.86883544921875,88.49728393554688,88.52228546142578,6046208
1774382400,88.50679016113281,91.0173110961914,88.49492645263672,90.82242584228516,195267072
1774396800,90.81829833984375,91.85536193847656,90.80868530273438,91.83675384521484,49560576
1774411200,91.69912719726562,92.79948425292969,91.61798095703125,91.86046600341797,258526720
1774425600,91.8374252319336,93.22126770019531,91.8374252319336,92.89210510253906,83048960
1774440000,92.90159606933594,93.24810028076172,91.06484985351562,91.7998275756836,59955712
1774454400,91.79991912841797,92.51084899902344,91.4996337890625,91.4996337890625,46027008
1774468800,91.56767272949219,91.78834533691406,91.07445526123047,91.70822143554688,32189184
1774483200,91.70330810546875,91.8946533203125,90.66526794433594,91.04902648925781,14867968
1774497600,91.04393768310547,91.04393768310547,88.86155700683594,89.10855102539062,144574208
1774512000,89.1009521484375,89.1009521484375,87.51953887939453,87.62077331542969,120193792
1774526400,87.61138916015625,88.12142181396484,86.99527740478516,87.56566619873047,78277632
1774540800,87.50955963134766,87.6169662475586,85.5445785522461,85.6622085571289,239228672
1774555200,85.61141204833984,87.00526428222656,85.51502990722656,86.4457015991211,357089280
1774569600,86.45037841796875,86.91161346435547,86.225341796875,86.3780746459961,5381120
1774584000,86.37665557861328,86.5881576538086,85.77845001220703,85.85490417480469,34395904
1774598400,85.86063385009766,85.91818237304688,82.927001953125,83.3839340209961,367334656
1774612800,83.38009643554688,83.79271697998047,82.64836883544922,83.40201568603516,61361664
1774627200,83.38771057128906,83.38771057128906,82.04536437988281,82.74882507324219,39513344
1774641600,82.75310516357422,83.0184555053711,82.36629486083984,83.0184555053711,0
1774656000,83.03311920166016,83.03311920166016,82.4007339477539,82.56583404541016,0
1774670400,82.56533813476562,83.51612091064453,82.39322662353516,83.51612091064453,0
1774684800,83.5196304321289,83.59396362304688,82.72734832763672,82.9280014038086,0
1774699200,82.92862701416016,84.04823303222656,82.6647720336914,83.70209503173828,0
1774713600,83.75186920166016,83.84467315673828,83.09722137451172,83.20414733886719,0
1774728000,83.20602416992188,83.4312744140625,81.88245391845703,82.01568603515625,30530560
1774742400,82.01871490478516,83.06498718261719,81.94107818603516,82.95626068115234,40802560
1774756800,82.95843505859375,82.95843505859375,82.23683166503906,82.48474884033203,0
1774771200,82.42383575439453,82.67183685302734,82.03640747070312,82.5512924194336,10442752
1774785600,82.54438781738281,82.54438781738281,81.54451751708984,81.73823547363281,0
1774800000,81.7398452758789,82.0119857788086,81.20941925048828,81.56116485595703,43561216
1774814400,81.56008911132812,82.11771392822266,79.64751434326172,81.42201232910156,517266816
1774828800,81.42665100097656,83.672607421875,81.20548248291016,83.23512268066406,457718016
1774843200,83.21672058105469,83.96897888183594,83.21672058105469,83.92030334472656,325436928
1774857600,83.9372787475586,84.6596450805664,83.69098663330078,84.16824340820312,368310016
1774872000,84.16947937011719,84.71199798583984,83.70780181884766,84.47032165527344,310625792
1774886400,84.46315002441406,84.46315002441406,82.10537719726562,82.35213470458984,326319872
1774900800,82.35082244873047,83.49925231933594,82.16947937011719,82.44381713867188,129586688
1774915200,82.45137023925781,84.20421600341797,82.22057342529297,83.48226165771484,96498176
1774929600,83.49079895019531,83.75028228759766,82.75897979736328,83.02458190917969,51939328
1774944000,83.02739715576172,83.15666198730469,80.3004150390625,80.68693542480469,543783424
1774958400,80.69454956054688,82.2593002319336,80.4330062866211,80.96736907958984,247005952
1774972800,80.86725616455078,83.1473159790039,80.86725616455078,82.60064697265625,346888192
1774987200,82.65928649902344,83.20674133300781,82.40689849853516,83.10919952392578,66561536
1775001600,83.10765838623047,83.34526824951172,82.53463745117188,83.33086395263672,26133504
1775016000,83.328857421875,84.59304809570312,83.25772857666016,83.84512329101562,162152960
1775030400,83.84636688232422,83.88314819335938,83.12681579589844,83.3431167602539,14563328
1775044800,83.33659362792969,83.63334655761719,82.5530776977539,83.61788177490234,26072576
1775059200,83.60118865966797,86.35435485839844,83.17376708984375,83.73426818847656,351340800
1775073600,83.7738037109375,83.79500579833984,80.94215393066406,81.19540405273438,631838208
1775088000,81.18940734863281,81.7002944946289,78.5194091796875,78.96286010742188,814782464
1775102400,79.00303649902344,79.59170532226562,78.67007446289062,79.59170532226562,62745088
1775116800,79.5887680053711,79.5887680053711,78.33734893798828,78.33734893798828,60265984
1775131200,78.34236907958984,79.3681869506836,76.83522033691406,78.95008087158203,390206464
1775145600,78.965576171875,79.60958862304688,78.51941680908203,79.10269165039062,0
1775160000,79.05975341796875,79.28799438476562,78.77275848388672,78.9513168334961,0
1775174400,78.95040130615234,79.68071746826172,78.9258041381836,79.07119750976562,0
1775188800,79.06565856933594,79.97794342041016,79.0466537475586,79.90882110595703,0
1775203200,79.9090347290039,80.30763244628906,79.68826293945312,80.08004760742188,0
1775217600,80.08531188964844,80.49589538574219,79.24358367919922,80.44251251220703,0
1775232000,80.44941711425781,80.55880737304688,79.94987487792969,80.21511840820312,0
1775246400,80.21348571777344,80.50896453857422,80.07566833496094,80.3687515258789,256000
1775260800,80.37296295166016,80.37296295166016,80.07366180419922,80.1894760131836,0
1775275200,80.1903076171875,80.4727554321289,80.14566040039062,80.26805877685547,0
1775289600,80.26593017578125,80.35099792480469,79.94120025634766,80.18265533447266,0
1775304000,80.18598175048828,81.23502349853516,79.75580596923828,80.95256042480469,118324608
1775318400,80.96826934814453,81.27477264404297,80.71504211425781,80.86434936523438,8926208
1775332800,80.86083984375,81.00643920898438,80.69224548339844,80.81089782714844,45280000
1775347200,80.8093032836914,80.82125854492188,80.4090576171875,80.54090118408203,0
1775361600,80.5410385131836,80.5410385131836,79.4993667602539,79.60965728759766,134208896
1775376000,79.60242462158203,80.07937622070312,79.57256317138672,79.87346649169922,551424
1775390400,79.87427520751953,79.97884368896484,78.60298156738281,79.74018859863281,110529536
1775404800,79.69634246826172,80.15235137939453,79.43370056152344,79.71713256835938,12593664
1775419200,79.73409271240234,81.9607162475586,79.21974182128906,81.8546371459961,391260544
1775433600,81.99552917480469,82.81195068359375,81.7298355102539,82.00804901123047,542174976
1775448000,82.0160903930664,82.21497344970703,81.16596221923828,81.81351470947266,114354176
1775462400,81.80782318115234,82.83706665039062,81.77729034423828,82.37556457519531,394246912
1775476800,82.38621520996094,82.56697845458984,81.87761688232422,82.26277160644531,144730624
1775491200,82.26860809326172,82.33162689208984,81.2904052734375,81.70130920410156,101159168
1775505600,81.81588745117188,82.11090850830078,79.73516845703125,80.14375305175781,6443776
1775520000,80.12904357910156,80.12904357910156,79.51770782470703,79.77416229248047,0
1775534400,79.773193359375,80.04114532470703,79.34844207763672,79.86553192138672,40210432
1775548800,79.84907531738281,80.4724349975586,79.07305908203125,79.20059204101562,172059648
1775563200,79.19782257080078,79.26972198486328,78.4357681274414,78.82470703125,206408192
1775577600,78.82841491699219,81.59934997558594,78.698974609375,81.59934997558594,563063552
1775592000,81.60655975341797,86.76972961425781,81.60655975341797,85.64922332763672,1425144832
1775606400,85.62785339355469,85.73664093017578,84.38504028320312,84.5103988647461,356340224
1775620800,84.5111083984375,84.92850494384766,83.9764404296875,84.35757446289062,263937536
1775635200,84.45663452148438,84.87553405761719,84.25770568847656,84.46440124511719,36935168
1775649600,84.46730041503906,84.75038146972656,82.63777923583984,83.37023162841797,420261888
1775664000,83.34663391113281,83.98920440673828,82.84568786621094,83.03041076660156,11861504
1775678400,83.07270812988281,83.52146911621094,82.35811614990234,82.58191680908203,0
1775692800,82.56200408935547,82.6184310913086,81.86710357666016,82.07616424560547,37185536
1775707200,82.07472229003906,82.46256256103516,81.83377075195312,82.33785247802734,0
1775721600,82.33428955078125,82.62488555908203,82.1531982421875,82.19576263427734,0
1775736000,82.19295501708984,83.8322525024414,81.56681060791016,83.78858184814453,102502912
1775750400,83.82608032226562,84.64026641845703,83.07947540283203,84.01789093017578,414396672
1775764800,84.0477066040039,85.59851837158203,83.25216674804688,83.29124450683594,336706304
1775779200,83.30602264404297,83.57638549804688,82.82035827636719,82.94335174560547,27742720
1775793600,82.939453125,83.53750610351562,82.92919158935547,82.94611358642578,53753856
1775808000,82.9437484741211,83.69402313232422,82.76795196533203,83.55352783203125,1933880832
1775822400,83.55615997314453,85.328857421875,83.44992065429688,84.33048248291016,3832513024
1775836800,84.33100128173828,85.4429702758789,84.23593139648438,85.40299224853516,1553961984
1775851200,85.44503021240234,85.48059844970703,84.73544311523438,84.82858276367188,900775936
1775865600,84.83027648925781,84.89208984375,84.41976165771484,84.41976165771484,461783040
1775880000,84.42807006835938,84.57159423828125,84.012939453125,84.26702117919922,1044064256
1775894400,84.26962280273438,84.70986938476562,84.01509094238281,84.26498413085938,0
1775908800,84.27147674560547,84.75697326660156,84.02611541748047,84.6800765991211,0
1775923200,84.71074676513672,86.16703033447266,84.68603515625,85.95111846923828,795189248
1775937600,85.96544647216797,86.02876281738281,84.70753479003906,84.94941711425781,651018240
1775952000,84.95109558105469,84.99324035644531,82.14744567871094,82.47825622558594,2711651328
1775966400,82.4666976928711,82.47001647949219,82.20198822021484,82.37349700927734,493383680
1775980800,82.33165740966797,82.36279296875,82.06560516357422,82.2552719116211,86449152
1775995200,82.25907897949219,82.48192596435547,81.4367446899414,81.6365966796875,681264128
1776009600,81.63345336914062,82.26949310302734,81.60623168945312,82.00491333007812,0
1776024000,82.00530242919922,82.7951889038086,81.4126968383789,81.53523254394531,106638336
1776038400,81.53652954101562,82.36749267578125,81.52031707763672,81.93085479736328,12428800
1776052800,81.92910766601562,82.53022003173828,81.64195251464844,82.15455627441406,42926592
1776067200,82.15387725830078,82.20809173583984,81.77845764160156,81.88842010498047,242779904
1776081600,81.88017272949219,83.766845703125,81.8661880493164,82.62997436523438,343575040
1776096000,82.69093322753906,84.21944427490234,82.56195831298828,84.21944427490234,479511808
1776110400,84.19503021240234,86.67378234863281,83.90336608886719,86.67378234863281,715181056
1776124800,86.63960266113281,86.66732788085938,85.83174133300781,86.06159973144531,448130048
1776139200,86.0643539428711,86.11634826660156,85.53816986083984,85.89624786376953,191352320
1776153600,85.88756561279297,86.44577026367188,85.6999282836914,85.9002456665039,213649920
1776168000,85.82992553710938,87.43460083007812,85.52716064453125,86.10417175292969,407140352
1776182400,86.01366424560547,86.10923767089844,83.84920501708984,83.86100769042969,140008448
1776196800,83.96794128417969,84.11786651611328,83.3499984741211,83.76000213623047,0
1776211200,83.7699966430664,84.0999984741211,83.18000030517578,83.5,0
1776225600,83.45999908447266,83.83000183105469,82.69000244140625,82.95999908447266,41774592
1776240000,82.97000122070312,83.69000244140625,82.7699966430664,83.62000274658203,983040
1776254400,83.61000061035156,84.51000213623047,83.27999877929688,84.02999877929688,0
1776268800,84.01000213623047,85.83999633789062,83.91999816894531,85.55000305175781,1003520
1776283200,85.55000305175781,85.58999633789062,84.23999786376953,84.91999816894531,14926848
1776297600,84.93000030517578,85.58999633789062,84.5,85.30999755859375,53230592
1776312000,85.27999877929688,85.6500015258789,85.0199966430664,85.22000122070312,20121600
1776326400,85.19999694824219,85.52999877929688,84.6500015258789,85.0999984741211,72625152
1776340800,85.08999633789062,87.06999969482422,83.8499984741211,86.66000366210938,519509504
1776355200,86.66000366210938,90.1500015258789,85.66999816894531,90.11000061035156,965233664
1776369600,90.12999725341797,90.44999694824219,88.7699966430664,89.08999633789062,323712512
1776384000,89.11000061035156,89.20999908447266,87.5199966430664,87.73999786376953,71826944
1776398400,87.75,88.48999786376953,87.38999938964844,88.1500015258789,79647744
1776412800,88.16000366210938,89.5199966430664,87.44000244140625,88.23999786376953,371873792
1776427200,88.26000213623047,90.75,87.95999908447266,90.0,1043729408
1776441600,89.95999908447266,90.5199966430664,88.91999816894531,89.31999969482422,27138560
1776456000,89.29000091552734,89.48999786376953,88.55999755859375,88.80000305175781,0
1776470400,88.80000305175781,89.19999694824219,88.27999877929688,88.3499984741211,0
1776484800,88.37999725341797,88.66999816894531,88.22000122070312,88.48999786376953,3774464
1776499200,88.48999786376953,88.52999877929688,86.33000183105469,86.58000183105469,40001536
1776513600,86.58000183105469,87.0199966430664,86.45999908447266,86.79000091552734,0
1776528000,86.77999877929688,86.98999786376953,85.8499984741211,86.16000366210938,0
1776542400,86.16999816894531,86.47000122070312,85.97000122070312,86.16999816894531,0
1776556800,86.19000244140625,86.41999816894531,85.33000183105469,85.63999938964844,36225792
1776571200,85.63999938964844,85.98999786376953,84.4800033569336,84.91000366210938,171415040
1776585600,84.87999725341797,85.70999908447266,84.4800033569336,85.6500015258789,0
1776600000,85.6500015258789,87.13999938964844,85.58999633789062,86.4000015258789,323414528
1776614400,86.4000015258789,86.54000091552734,84.91999816894531,85.36000061035156,132656896
1776628800,85.33999633789062,85.38999938964844,83.01000213623047,83.4800033569336,509498368
1776643200,83.51000213623047,84.6500015258789,83.4000015258789,84.62000274658203,147422720
1776657600,84.62000274658203,85.7699966430664,83.80000305175781,84.76000213623047,40086016
1776672000,84.7699966430664,85.43000030517578,84.58999633789062,85.11000061035156,1338368
1776686400,85.0999984741211,85.88999938964844,84.47000122070312,85.87999725341797,159512576
1776700800,85.88999938964844,86.22000122070312,85.29000091552734,85.81999969482422,95571456
1776715200,85.81999969482422,86.2300033569336,85.23999786376953,85.30999755859375,21464064
1776729600,85.33000183105469,85.86000061035156,85.04000091552734,85.19999694824219,58941696
1776744000,85.22000122070312,86.0,85.05000305175781,85.73999786376953,46129408
1776758400,85.75,86.3499984741211,85.56999969482422,85.87999725341797,297728
1776772800,85.87000274658203,86.87999725341797,85.22000122070312,86.06999969482422,68981760
1776787200,86.11000061035156,86.30999755859375,84.33999633789062,84.58000183105469,134103552
1776801600,84.55999755859375,86.0999984741211,84.45999908447266,86.05000305175781,142808576
1776816000,86.0999984741211,87.91000366210938,86.04000091552734,87.29000091552734,387372544
1776830400,87.33000183105469,88.31999969482422,86.98999786376953,88.06999969482422,357001216
1776844800,88.0999984741211,88.87000274658203,87.63999938964844,88.36000061035156,169881600
1776859200,88.37000274658203,89.3499984741211,88.12000274658203,88.19999694824219,303281664
1776873600,88.2699966430664,88.5,87.12999725341797,87.4000015258789,77626880
1776888000,87.41999816894531,87.75,86.8499984741211,86.88999938964844,0
1776902400,86.91000366210938,87.13999938964844,85.52999877929688,85.80999755859375,76006912
1776916800,85.72000122070312,86.2300033569336,85.52999877929688,85.94000244140625,20651008
1776931200,85.94000244140625,85.97000122070312,85.25,85.8499984741211,56103424
1776945600,85.87000274658203,86.63999938964844,85.56999969482422,86.36000061035156,0
1776960000,86.37000274658203,86.43000030517578,84.51000213623047,85.31999969482422,348205568
1776974400,85.33000183105469,86.2699966430664,85.30000305175781,86.16000366210938,126299136
1776988800,86.19000244140625,86.4000015258789,85.44999694824219,85.73999786376953,0
1777003200,85.7300033569336,85.80000305175781,85.19000244140625,85.5199966430664,0
1777017600,85.5199966430664,86.30999755859375,85.0,86.2300033569336,83904000
1777032000,86.22000122070312,86.81999969482422,85.58000183105469,86.55999755859375,114821632
1777046400,86.55000305175781,86.62000274658203,85.9800033569336,86.36000061035156,0
1777060800,86.31999969482422,86.9800033569336,86.1500015258789,86.22000122070312,5038336
1777075200,86.22000122070312,86.52999877929688,86.05999755859375,86.47000122070312,0
1777089600,86.48999786376953,86.68000030517578,86.16000366210938,86.37999725341797,0
1777104000,86.33999633789062,86.83000183105469,86.29000091552734,86.4000015258789,0
1777118400,86.38999938964844,86.69999694824219,86.20999908447266,86.25,0
1777132800,86.22000122070312,86.33999633789062,85.56999969482422,85.70999908447266,57733632
1777147200,85.70999908447266,86.19999694824219,85.63999938964844,86.19999694824219,90624
1777161600,86.19999694824219,86.45999908447266,85.86000061035156,86.0,62544384
1777176000,86.0,86.72000122070312,85.95999908447266,86.6500015258789,162375680
1777190400,86.69000244140625,86.77999877929688,86.45999908447266,86.51000213623047,0
1777204800,86.51000213623047,86.61000061035156,85.91999816894531,86.58999633789062,168722688
1777219200,86.58999633789062,87.18000030517578,86.30000305175781,86.91000366210938,39550208
1777233600,86.91999816894531,87.27999877929688,86.26000213623047,86.94999694824219,284308480
1777248000,86.95999908447266,88.08000183105469,86.56999969482422,87.73999786376953,591166976
1777262400,87.75,87.83999633789062,85.2699966430664,85.2699966430664,447859968
1777276800,85.27999877929688,85.62000274658203,85.06999969482422,85.26000213623047,373273344
1777291200,85.26000213623047,85.81999969482422,83.66999816894531,84.16000366210938,410934784
1777305600,84.12000274658203,84.68000030517578,83.83999633789062,84.16999816894531,170603008
1777320000,84.16999816894531,84.88999938964844,84.08999633789062,84.80000305175781,17020928
1777334400,84.81999969482422,84.91999816894531,83.94000244140625,84.16999816894531,0
1777348800,84.16999816894531,84.43000030517578,83.6500015258789,84.01000213623047,133127680
1777363200,84.01000213623047,84.18000030517578,83.29000091552734,83.4000015258789,3937024
1777377600,83.38999938964844,83.9800033569336,82.95999908447266,83.44999694824219,20728064
1777392000,83.44999694824219,84.01000213623047,83.30000305175781,83.87999725341797,0
1777406400,83.9000015258789,84.13999938964844,83.56999969482422,84.05000305175781,36770048
1777420800,84.04000091552734,84.70999908447266,83.80000305175781,84.58000183105469,110763264
1777435200,84.56999969482422,85.05000305175781,84.44999694824219,84.69999694824219,8804864
1777449600,84.7300033569336,85.54000091552734,84.37000274658203,84.91000366210938,346734848
1777464000,84.9000015258789,84.9000015258789,83.0,83.23999786376953,209734912
1777478400,83.23999786376953,83.63999938964844,81.38999938964844,82.1500015258789,622300928
1777492800,82.16999816894531,83.1500015258789,82.16999816894531,83.0199966430664,137384448
1777507200,83.04000091552734,83.95999908447266,82.66000366210938,83.0199966430664,123058688
1777521600,83.01000213623047,83.33000183105469,82.13999938964844,83.30999755859375,59616256
1777536000,83.29000091552734,83.51000213623047,82.7699966430664,82.9800033569336,98320896
1777550400,82.9800033569336,83.80999755859375,82.66000366210938,83.30999755859375,0
1777564800,83.30999755859375,83.41000366210938,82.83999633789062,83.05000305175781,0
1777579200,82.98999786376953,83.16000366210938,82.73999786376953,83.05000305175781,0
1777593600,83.05000305175781,84.3499984741211,83.05000305175781,83.87000274658203,77530624
1777608000,83.87999725341797,84.22000122070312,83.66000366210938,83.94000244140625,3757312
1777622400,83.94000244140625,84.27999877929688,83.69999694824219,84.0,0
1777636800,83.9800033569336,84.83000183105469,83.87999725341797,84.44999694824219,191605760
1777651200,84.48999786376953,84.62000274658203,83.77999877929688,83.87999725341797,90310912
1777665600,83.88999938964844,83.91000366210938,83.33000183105469,83.76000213623047,130946048
1777680000,83.73999786376953,84.16999816894531,83.44000244140625,83.80000305175781,0
1777694400,83.80999755859375,83.83999633789062,83.52999877929688,83.70999908447266,0
1777708800,83.70999908447266,84.13999938964844,83.5199966430664,83.68000030517578,3819776
1777723200,83.69000244140625,84.08000183105469,83.66999816894531,84.02999877929688,0
1777737600,84.02999877929688,84.29000091552734,83.93000030517578,84.22000122070312,0
1777752000,84.20999908447266,84.95999908447266,84.06999969482422,84.26000213623047,82672896
1777766400,84.26000213623047,84.30999755859375,83.56999969482422,83.66000366210938,62523648
1777780800,83.6500015258789,84.01000213623047,83.56999969482422,83.87000274658203,121792256
1777795200,83.87000274658203,84.16999816894531,83.7300033569336,83.94000244140625,14529024
1777809600,83.94000244140625,84.41999816894531,83.94000244140625,84.13999938964844,47211008
1777824000,84.16999816894531,84.47000122070312,83.9800033569336,84.36000061035156,21384960
1777838400,84.33999633789062,84.91999816894531,83.86000061035156,83.88999938964844,396779520
1777852800,83.88999938964844,85.58000183105469,83.33999633789062,85.41000366210938,765641472
1777867200,85.4000015258789,85.86000061035156,84.51000213623047,84.87000274658203,486168064
1777881600,84.83999633789062,85.18000030517578,83.26000213623047,83.94000244140625,573537280
1777896000,83.94999694824219,85.31999969482422,83.62000274658203,84.4800033569336,636972032
1777910400,84.45999908447266,85.16000366210938,83.98999786376953,84.43000030517578,401923584
1777924800,84.41000366210938,84.54000091552734,84.01000213623047,84.08000183105469,0
1777939200,84.08999633789062,84.95999908447266,84.02999877929688,84.79000091552734,0
1777953600,84.7699966430664,85.12000274658203,84.55000305175781,84.8499984741211,41835520
1777968000,84.8499984741211,85.0,84.41999816894531,84.9000015258789,9399808
1778025600,86.25,87.44000244140625,86.11000061035156,87.31999969482422,282083328
1778040000,87.31999969482422,87.87999725341797,86.66000366210938,87.69000244140625,0
1778054400,87.68000030517578,90.0,87.6500015258789,89.87999725341797,0
1778068800,89.88999938964844,89.97000122070312,87.4800033569336,88.97000122070312,16278784
1778083200,88.97000122070312,89.5,88.48999786376953,89.27999877929688,0
1778097600,89.26000213623047,89.61000061035156,88.68000030517578,89.1500015258789,96633600
1778112000,89.1500015258789,89.26000213623047,87.66000366210938,87.76000213623047,1664927488
1778126400,87.76000213623047,90.41999816894531,87.69000244140625,90.16999816894531,151171072
1778140800,90.19000244140625,90.26000213623047,88.73999786376953,89.55999755859375,0
1778155200,89.55000305175781,90.05999755859375,87.8499984741211,88.30000305175781,18533888
1778169600,88.27999877929688,89.05000305175781,87.98999786376953,88.41000366210938,15698944
1778184000,88.44999694824219,88.77999877929688,87.66000366210938,88.4000015258789,62432768
1778198400,88.48999786376953,88.63999938964844,87.78956604003906,88.24642944335938,0
1778212800,88.2262191772461,88.3525619506836,87.74479675292969,88.1348876953125,20779008
1778227200,88.14778900146484,88.69174194335938,88.09168243408203,88.63427734375,0
1778241600,88.63392639160156,89.58000183105469,88.01000213623047,89.56999969482422,0
1778256000,89.58000183105469,92.77999877929688,89.33999633789062,92.5999984741211,623508736
1778270400,92.5999984741211,92.69999694824219,91.73999786376953,92.0199966430664,66796544
1778284800,92.0199966430664,93.83000183105469,91.86000061035156,93.63999938964844,312111616
1778299200,93.63999938964844,94.16000366210938,92.83999633789062,93.73999786376953,228694016
1778313600,93.70999908447266,93.93000030517578,93.06999969482422,93.62999725341797,9657344
1778328000,93.58999633789062,93.73999786376953,92.41000366210938,93.0,0
1778342400,92.9800033569336,93.63999938964844,92.69000244140625,93.5,0
1778356800,93.51000213623047,93.54000091552734,93.04000091552734,93.11000061035156,0
1778371200,93.12000274658203,93.48999786376953,92.5999984741211,93.41999816894531,27977728
1778385600,93.41000366210938,93.66000366210938,93.22000122070312,93.44999694824219,0
1778400000,93.44000244140625,94.73999786376953,92.94000244140625,93.56999969482422,220919040
1778414400,93.55000305175781,94.69999694824219,93.11000061035156,94.52999877929688,302271232
1778428800,94.52999877929688,96.88999938964844,94.16000366210938,96.47000122070312,554919424
1778443200,96.47000122070312,96.83000183105469,93.54000091552734,96.44000244140625,757078016
1778457600,96.44999694824219,96.66000366210938,94.48999786376953,94.7699966430664,422506496
1778472000,94.75,96.13999938964844,94.44000244140625,95.33000183105469,239655936
1778486400,95.33000183105469,95.55999755859375,94.55999755859375,95.23999786376953,58726400
1778500800,95.2699966430664,96.77999877929688,94.30999755859375,96.77999877929688,477051904
1778515200,96.80000305175781,98.3499984741211,96.48999786376953,98.25,250891776
1778529600,98.19999694824219,98.37000274658203,97.0999984741211,97.33999633789062,0
1778544000,97.3499984741211,97.66000366210938,95.55999755859375,96.12000274658203,18339328
1778558400,96.0999984741211,96.9800033569336,95.81999969482422,96.0199966430664,0
1778572800,96.0,96.11000061035156,94.5999984741211,94.9800033569336,162190848
1778587200,94.94000244140625,95.51000213623047,93.5999984741211,93.81999969482422,92423680
1778601600,93.79000091552734,94.97000122070312,93.58999633789062,94.88999938964844,0
1778616000,94.9000015258789,95.0,94.25,94.2699966430664,412672
1778630400,94.25,95.54000091552734,94.04000091552734,95.54000091552734,0
1778644800,95.55000305175781,95.93000030517578,94.86000061035156,95.12000274658203,86983168
1778659200,95.12999725341797,95.8499984741211,94.22000122070312,94.29000091552734,22412032
1778673600,94.29000091552734,94.5999984741211,90.2300033569336,90.37999725341797,406039296
1778688000,90.41000366210938,91.4000015258789,90.41000366210938,90.9000015258789,177858304
1778702400,90.93000030517578,91.30999755859375,90.62000274658203,91.13999938964844,120115712
1778716800,91.1500015258789,91.37999725341797,89.80999755859375,89.9000015258789,96868864
1778731200,89.93000030517578,91.58000183105469,89.8499984741211,90.8499984741211,161926656
1778745600,90.86000061035156,91.26000213623047,90.54000091552734,90.61000061035156,0
1778760000,90.55999755859375,93.22000122070312,90.5,93.12999725341797,0
1778774400,93.19999694824219,93.63999938964844,92.30999755859375,92.88999938964844,115170560
1778788800,92.9000015258789,92.97000122070312,92.11000061035156,92.12999725341797,6920192
1778803200,92.13999938964844,92.63999938964844,91.47000122070312,92.04000091552734,147627776
1778817600,92.02999877929688,92.02999877929688,90.25,91.58000183105469,134129152
1778832000,91.56999969482422,91.61000061035156,90.91000366210938,91.25,108978176
1778846400,91.25,91.26000213623047,88.51000213623047,89.0,185475584
1778860800,89.01000213623047,90.04000091552734,88.76000213623047,89.37999725341797,0
1778875200,89.37999725341797,89.45999908447266,88.94999694824219,89.18000030517578,6909440
1778889600,89.19000244140625,89.37000274658203,88.9000015258789,89.01000213623047,0
1778904000,89.0,89.0199966430664,86.69999694824219,87.41999816894531,117971456
1778918400,87.41999816894531,87.58000183105469,85.48999786376953,86.05999755859375,237676544
1778932800,86.04000091552734,86.62000274658203,85.9800033569336,86.44999694824219,0
1778947200,86.44000244140625,86.93000030517578,86.33999633789062,86.66000366210938,0
1778961600,86.69000244140625,86.86000061035156,86.41999816894531,86.51000213623047,0
1778976000,86.5199966430664,86.69000244140625,85.55999755859375,86.4800033569336,118061824
1778990400,86.44999694824219,87.25,86.44000244140625,86.94999694824219,0
1779004800,86.95999908447266,87.20999908447266,86.55999755859375,86.86000061035156,0
1779019200,86.87000274658203,86.97000122070312,85.94000244140625,86.41999816894531,1522944
1779033600,86.44999694824219,86.88999938964844,85.9800033569336,86.75,38449920
1779048000,86.77999877929688,86.93000030517578,83.43000030517578,85.19000244140625,429599488
1779062400,85.18000030517578,85.41000366210938,84.37999725341797,84.80999755859375,232025600
1779076800,84.83999633789062,85.33000183105469,84.29000091552734,84.70999908447266,227066880
1779091200,84.75,85.25,84.04000091552734,84.93000030517578,74221568
1779105600,84.94000244140625,85.75,83.58000183105469,84.13999938964844,436307968
1779120000,84.13999938964844,85.16000366210938,83.44000244140625,84.93000030517578,257587456
1779134400,84.97000122070312,85.72000122070312,84.7300033569336,85.30999755859375,120035328
1779148800,85.33000183105469,85.87000274658203,84.56999969482422,85.01000213623047,0
1779163200,85.0199966430664,85.55000305175781,84.41000366210938,85.44000244140625,0
1779177600,85.44000244140625,85.51000213623047,84.16999816894531,84.31999969482422,47511296
1779192000,84.31999969482422,85.0199966430664,83.63999938964844,84.30000305175781,0
1779206400,84.30000305175781,84.9000015258789,84.06999969482422,84.27999877929688,355328
1779220800,84.2699966430664,84.58000183105469,83.94999694824219,84.22000122070312,0
1779235200,84.22000122070312,84.41999816894531,83.77999877929688,84.01000213623047,0
1779249600,84.0199966430664,85.02999877929688,83.80000305175781,84.66999816894531,16586240
1779264000,84.68000030517578,85.12000274658203,84.51000213623047,84.62999725341797,0
1779278400,84.5999984741211,86.16999816894531,84.13999938964844,85.83999633789062,226454272
1779292800,85.87999725341797,86.98999786376953,85.44999694824219,86.08000183105469,556152576
1779307200,86.08000183105469,86.2300033569336,85.4800033569336,86.08999633789062,112504320
1779321600,86.08999633789062,86.94999694824219,86.0199966430664,86.76000213623047,88939008
1779336000,86.76000213623047,87.08999633789062,86.11000061035156,86.55999755859375,117471744
1779350400,86.55999755859375,87.12000274658203,85.4800033569336,85.5,196420352
1779364800,85.54000091552734,86.79000091552734,85.2300033569336,86.37000274658203,78909440
1779379200,86.37999725341797,87.87999725341797,85.95999908447266,87.73999786376953,273780736
1779393600,87.75,87.83000183105469,86.93000030517578,87.25,14367488
1779408000,87.26000213623047,87.27999877929688,86.54000091552734,86.94999694824219,6803712
1779422400,86.97000122070312,87.26000213623047,86.41999816894531,86.88999938964844,44493568
1779436800,86.88999938964844,87.41999816894531,86.62999725341797,87.25,5348608
1779451200,87.23999786376953,87.7699966430664,86.19999694824219,86.66999816894531,9833984
1779465600,86.66999816894531,87.0999984741211,83.97000122070312,84.45999908447266,185143552
1779480000,84.47000122070312,85.19000244140625,83.91000366210938,84.29000091552734,92358912
1779494400,84.33999633789062,84.6500015258789,83.9800033569336,84.58000183105469,140763648
1779508800,84.58999633789062,84.61000061035156,81.51000213623047,82.13999938964844,320061440
1779523200,82.12000274658203,82.37999725341797,81.61000061035156,82.20999908447266,238986496
1779537600,82.20999908447266,84.43000030517578,82.06999969482422,84.0,81582848
1779552000,84.01000213623047,85.02999877929688,83.83000183105469,84.86000061035156,25399296
1779566400,84.87000274658203,87.41999816894531,84.69999694824219,85.63999938964844,427470848
1779580800,85.66000366210938,86.12000274658203,85.51000213623047,85.73999786376953,0
1779595200,85.73999786376953,86.58000183105469,85.47000122070312,85.97000122070312,31243776
1779609600,85.9800033569336,86.81999969482422,85.91000366210938,86.55000305175781,104434432
1779624000,86.56999969482422,86.58000183105469,84.41999816894531,85.20999908447266,90821888
1779638400,85.19999694824219,85.7300033569336,85.08999633789062,85.26000213623047,14576384
1779652800,85.2699966430664,85.38999938964844,83.5999984741211,85.16999816894531,87148032
1779667200,85.19000244140625,85.63999938964844,84.69000244140625,84.83999633789062,99921152
1779681600,84.83999633789062,86.05999755859375,84.83000183105469,85.87000274658203,89099264
1779696000,85.83999633789062,86.12000274658203,85.63999938964844,85.69000244140625,60176896
1779710400,85.69000244140625,86.41000366210938,85.58000183105469,86.16999816894531,57194752
1779724800,86.19999694824219,86.36000061035156,85.44999694824219,85.58000183105469,45041408
1779739200,85.52999877929688,85.80000305175781,84.63999938964844,84.97000122070312,0
1779753600,85.0199966430664,85.0199966430664,83.76000213623047,84.12999725341797,53268736
1779768000,84.16000366210938,84.87000274658203,83.91999816894531,84.25,32856320
1779782400,84.26000213623047,85.69000244140625,84.23999786376953,85.12999725341797,194917888
1779796800,85.12999725341797,86.02999877929688,83.93000030517578,84.38999938964844,401220864
1779811200,84.37999725341797,84.45999908447266,83.04000091552734,83.58999633789062,327373568
1779825600,83.66999816894531,83.8499984741211,83.41000366210938,83.58999633789062,7476480
1779840000,83.61000061035156,84.05999755859375,83.37000274658203,83.51000213623047,0
1779854400,83.5,84.08000183105469,82.79000091552734,84.06999969482422,39861248
1779868800,84.05999755859375,84.27999877929688,83.5,83.80000305175781,11360000
1779883200,83.80000305175781,84.62999725341797,82.83000183105469,84.27999877929688,11753984
1779897600,84.29000091552734,84.5999984741211,83.0199966430664,83.76000213623047,0
1779912000,83.7699966430664,83.97000122070312,82.0,82.30000305175781,220232192
1779926400,82.31999969482422,82.62999725341797,80.4000015258789,80.58000183105469,340785920
1779940800,80.58999633789062,81.1500015258789,79.95999908447266,81.11000061035156,301277952
1779955200,81.1500015258789,81.19000244140625,80.4800033569336,80.73999786376953,30154496
1779969600,80.73999786376953,81.5199966430664,79.91000366210938,81.01000213623047,76924672
1779984000,80.98999786376953,82.87999725341797,80.80000305175781,82.08000183105469,63985664
1779998400,82.08999633789062,82.55000305175781,81.69999694824219,81.98999786376953,17151744
1780012800,82.0199966430664,82.37000274658203,81.37000274658203,81.5,0
1780027200,81.5,82.36000061035156,81.2699966430664,82.12999725341797,0
1780041600,82.0999984741211,82.5199966430664,81.41999816894531,81.66000366210938,23961600
1780056000,81.63999938964844,83.08000183105469,80.25,82.45999908447266,266123776
1780070400,82.48999786376953,83.0999984741211,81.47000122070312,81.95999908447266,114967040
1780084800,81.95999908447266,82.27999877929688,81.51000213623047,81.93000030517578,36091136
1780099200,81.93000030517578,82.9800033569336,81.8499984741211,82.55999755859375,23106816
1780113600,82.56999969482422,82.69999694824219,81.7699966430664,82.2699966430664,47210752
1780128000,82.2699966430664,82.43000030517578,82.08999633789062,82.22000122070312,0
1780142400,82.22000122070312,82.79000091552734,82.13999938964844,82.56999969482422,0
1780156800,82.56999969482422,83.0199966430664,82.5,82.87000274658203,0
1780171200,82.86000061035156,83.02999877929688,82.36000061035156,82.58999633789062,0
1780185600,82.62000274658203,83.2699966430664,82.51000213623047,83.11000061035156,8958976
1780200000,83.11000061035156,83.18000030517578,82.4000015258789,82.54000091552734,1046272
1780214400,82.55000305175781,82.93000030517578,82.36000061035156,82.6500015258789,25493888
1780228800,82.62999725341797,83.0,81.73999786376953,81.77999877929688,58025344
1780243200,81.7699966430664,81.91999816894531,81.2300033569336,81.47000122070312,36123392
1780257600,81.5,82.77999877929688,81.5,82.31999969482422,57643776
1780272000,82.30999755859375,82.97000122070312,81.55000305175781,82.5,145695232
1780286400,82.48999786376953,82.6500015258789,80.55000305175781,80.62999725341797,136224768
1780300800,80.63999938964844,81.18000030517578,80.37000274658203,80.72000122070312,193957120
1780315200,80.80000305175781,80.97000122070312,79.06999969482422,79.47000122070312,580396032
1780329600,79.4800033569336,81.19000244140625,79.0,81.0999984741211,300875264
1780344000,81.0999984741211,81.5199966430664,80.2300033569336,81.13999938964844,198960896
1780358400,81.16999816894531,81.16999816894531,79.36000061035156,80.79000091552734,73716224
1780372800,80.80999755859375,80.91000366210938,79.04000091552734,79.55999755859375,75373056
1780387200,79.55999755859375,79.69000244140625,78.66999816894531,78.83999633789062,51025408
1780401600,78.81999969482422,79.11000061035156,75.66000366210938,76.25,321539584
1780416000,76.19999694824219,77.48999786376953,74.55000305175781,75.4000015258789,328634368
1780430400,75.36000061035156,75.94999694824219,72.66999816894531,74.12000274658203,389966336
1780444800,74.13999938964844,75.01000213623047,72.20999908447266,72.61000061035156,255297024
1780459200,72.58999633789062,75.31999969482422,72.58999633789062,75.16000366210938,258770944
1780473600,75.13999938964844,75.61000061035156,74.62000274658203,75.0199966430664,43364352
1780488000,75.0199966430664,75.2699966430664,73.12999725341797,73.16999816894531,13189632
1780502400,73.23999786376953,73.9800033569336,71.66000366210938,71.91999816894531,42068992
1780516800,71.8499984741211,73.02999877929688,70.87999725341797,71.5199966430664,255170560
1780531200,71.52999877929688,71.9800033569336,66.77999877929688,71.38999938964844,970395648
1780545600,71.4000015258789,71.69999694824219,69.08000183105469,69.08999633789062,0
1780560000,69.12999725341797,69.36000061035156,67.3499984741211,68.62000274658203,461370880
1780574400,68.62000274658203,70.55000305175781,68.27999877929688,69.55999755859375,398292480
1780588800,69.54000091552734,69.7699966430664,68.44000244140625,69.02999877929688,29021696
1780603200,69.01000213623047,69.04000091552734,67.51000213623047,68.80999755859375,39605248
1780617600,68.7300033569336,69.0,66.9000015258789,67.0,0
1780632000,67.05000305175781,68.0,63.84000015258789,66.11000061035156,823769088
1780646400,66.08000183105469,66.7300033569336,65.04000091552734,66.0199966430664,0
1780660800,66.02999877929688,66.7300033569336,63.7599983215332,64.25,395516416
1780675200,64.19000244140625,66.0,61.45000076293945,63.40999984741211,898219520
1780689600,63.40999984741211,65.36000061035156,62.650001525878906,63.61000061035156,335129088
1780704000,63.61000061035156,64.83000183105469,62.61000061035156,62.810001373291016,58714112
1780718400,62.790000915527344,63.29999923706055,60.13999938964844,62.720001220703125,73963008
1780732800,62.75,63.54999923706055,61.18000030517578,62.40999984741211,43832320
1780747200,62.43000030517578,63.04999923706055,61.29999923706055,62.02000045776367,0
1780761600,61.9900016784668,62.36000061035156,61.38999938964844,61.61000061035156,0
1780776000,61.619998931884766,62.31999969482422,61.34000015258789,62.16999816894531,0
1780790400,62.16999816894531,64.0199966430664,61.93000030517578,63.810001373291016,77177600
1780804800,63.79999923706055,64.9800033569336,63.27000045776367,64.87999725341797,0
1780819200,64.87999725341797,66.06999969482422,64.41999816894531,65.01000213623047,82196480
1780833600,65.01000213623047,65.30000305175781,63.709999084472656,64.94999694824219,20439296
1780848000,64.9800033569336,65.58000183105469,63.63999938964844,63.91999816894531,45444352
1780862400,63.91999816894531,67.73999786376953,63.720001220703125,66.45999908447266,294044416
1780876800,66.44999694824219,67.08000183105469,65.37999725341797,66.33000183105469,73429504
1780891200,66.33000183105469,66.37999725341797,64.94000244140625,66.05999755859375,35838976
1780905600,66.02999877929688,66.98999786376953,65.41000366210938,66.63999938964844,93750784
1780920000,66.63999938964844,67.7699966430664,65.97000122070312,67.12999725341797,297338368
1780934400,67.1500015258789,67.79000091552734,66.5199966430664,67.41000366210938,131883264
1780948800,67.45999908447266,68.1500015258789,66.62999725341797,66.79000091552734,49960704
1780963200,66.79000091552734,66.83999633789062,65.27999877929688,66.0,15829504
1780977600,65.9800033569336,67.43000030517578,65.80000305175781,66.86000061035156,173029120
1780992000,66.87000274658203,66.9000015258789,65.87000274658203,66.08999633789062,18411008
1781006400,66.05999755859375,66.47000122070312,64.22000122070312,64.29000091552734,24798208
1781020800,64.25,65.5999984741211,63.5,65.37000274658203,150697728
1781035200,65.36000061035156,65.63999938964844,64.69000244140625,64.93000030517578,0
1781049600,64.94999694824219,65.26000213623047,64.19999694824219,64.47000122070312,15537920
1781064000,64.48999786376953,64.69999694824219,63.790000915527344,64.44999694824219,0
1781078400,64.44999694824219,64.47000122070312,62.95000076293945,63.45000076293945,107602944
1781092800,63.470001220703125,65.68000030517578,63.27000045776367,65.38999938964844,248993280
1781107200,65.38999938964844,65.41000366210938,63.34000015258789,63.4900016784668,15159040
1781121600,63.47999954223633,63.59000015258789,62.290000915527344,63.119998931884766,139293184
1781136000,63.150001525878906,65.37999725341797,63.13999938964844,65.16999816894531,174758656
1781150400,65.19000244140625,65.36000061035156,64.70999908447266,64.95999908447266,43913728
1781164800,64.97000122070312,66.04000091552734,64.94999694824219,65.79000091552734,0
1781179200,65.81999969482422,65.86000061035156,64.83999633789062,65.4800033569336,0
1781193600,65.51000213623047,67.30000305175781,64.97000122070312,66.87000274658203,0
1781208000,66.87999725341797,67.08000183105469,66.30000305175781,66.8499984741211,0
1781222400,66.8499984741211,67.19999694824219,66.37999725341797,66.94000244140625,0
1781236800,66.95999908447266,67.1500015258789,65.86000061035156,66.2300033569336,12583168
1781251200,66.25,67.4000015258789,66.2300033569336,66.8499984741211,73440768
1781265600,66.81999969482422,68.75,66.31999969482422,67.19999694824219,348918016
1781280000,67.22000122070312,68.1500015258789,66.66000366210938,66.76000213623047,57476608
1781294400,66.7699966430664,66.87999725341797,66.43000030517578,66.77999877929688,25039872
1781308800,66.76000213623047,67.47000122070312,66.68000030517578,66.83999633789062,0
1781323200,66.83999633789062,67.41000366210938,66.55999755859375,67.33000183105469,11640832
1781337600,67.31999969482422,67.93000030517578,67.22000122070312,67.87000274658203,0
1781352000,67.87999725341797,68.66999816894531,67.73999786376953,68.56999969482422,0
1781366400,68.58000183105469,68.58000183105469,67.80000305175781,68.19999694824219,0
1781380800,68.19000244140625,69.51000213623047,68.02999877929688,68.9000015258789,136401920
1781395200,68.9000015258789,69.05999755859375,68.62000274658203,68.94999694824219,1457664
1781409600,68.91999816894531,68.98999786376953,68.0,68.18000030517578,103888256
1781424000,68.20999908447266,68.47000122070312,67.87999725341797,68.05999755859375,750848
1781438400,68.08000183105469,68.12999725341797,66.91999816894531,67.38999938964844,24378112
1781452800,67.4000015258789,67.70999908447266,67.16999816894531,67.5199966430664,0
1781467200,67.55000305175781,71.23999786376953,67.41000366210938,71.23999786376953,309591808
1781481600,71.25,71.68000030517578,70.66000366210938,71.20999908447266,188828544
1781496000,71.19000244140625,71.45999908447266,70.77999877929688,71.2300033569336,0
1781510400,71.23999786376953,72.73999786376953,70.79000091552734,72.56999969482422,0
1781524800,72.58999633789062,75.19999694824219,72.30000305175781,75.19999694824219,0
1781539200,75.19999694824219,76.04000091552734,74.58999633789062,75.18000030517578,0
1781553600,75.19000244140625,75.41000366210938,73.58000183105469,73.93000030517578,0
1781568000,73.93000030517578,74.3499984741211,72.7699966430664,73.69000244140625,0
1781582400,73.69999694824219,74.48999786376953,73.1500015258789,74.43000030517578,0
1781596800,74.4000015258789,75.58000183105469,74.30999755859375,74.58999633789062,0
1781611200,74.62999725341797,75.44999694824219,72.31999969482422,73.2300033569336,0
1781625600,73.25,74.2699966430664,72.94999694824219,73.7699966430664,0
1781640000,73.73999786376953,74.16999816894531,73.3499984741211,73.45999908447266,0
1781654400,73.51000213623047,74.37999725341797,73.0999984741211,73.62999725341797,0
1781668800,73.6500015258789,74.01000213623047,72.93000030517578,73.19999694824219,0
1781683200,73.22000122070312,73.22000122070312,71.6500015258789,71.97000122070312,0
1781697600,71.98999786376953,73.80999755859375,71.55000305175781,73.7699966430664,0
1781712000,73.76000213623047,74.58999633789062,71.37000274658203,71.61000061035156,0
1781726400,71.61000061035156,72.18000030517578,70.80000305175781,71.9800033569336,789211648
1781740800,72.0,72.5999984741211,71.5,71.58000183105469,2587392
1781755200,71.58000183105469,71.76000213623047,70.58000183105469,71.69999694824219,40709632
1781769600,71.72000122070312,72.08999633789062,70.66000366210938,70.87000274658203,23176960
1781784000,70.9000015258789,71.70999908447266,68.29000091552734,68.3499984741211,227679488
1781798400,68.33999633789062,69.44000244140625,68.16000366210938,69.30000305175781,88255744
1781812800,69.30000305175781,69.86000061035156,69.18000030517578,69.62999725341797,0
1781827200,69.62000274658203,70.0,68.58000183105469,68.9800033569336,62017792
1781841600,68.97000122070312,69.19999694824219,67.91000366210938,68.30999755859375,80219904
1781856000,68.2699966430664,68.68000030517578,67.98999786376953,68.19000244140625,28191744
1781870400,68.19999694824219,69.47000122070312,67.87000274658203,69.26000213623047,57317888
1781884800,69.26000213623047,69.5,68.56999969482422,68.88999938964844,0
1781899200,68.91000366210938,69.77999877929688,68.66999816894531,69.68000030517578,15802240
1781913600,69.62000274658203,70.04000091552734,69.43000030517578,69.93000030517578,14710144
1781928000,69.94000244140625,72.30000305175781,69.83000183105469,71.5199966430664,91509632
1781942400,71.5199966430664,72.0,71.1500015258789,71.70999908447266,0
1781956800,71.73999786376953,72.52999877929688,70.41999816894531,71.94999694824219,202279552
1781971200,71.9800033569336,71.9800033569336,71.0199966430664,71.77999877929688,48960640
1781985600,71.79000091552734,74.19999694824219,71.63999938964844,73.13999938964844,192890112
1782000000,73.16000366210938,73.77999877929688,72.80000305175781,73.55999755859375,59916800
1782014400,73.54000091552734,73.75,72.93000030517578,73.12000274658203,38103040
1782028800,73.12000274658203,74.30000305175781,72.6500015258789,73.08999633789062,120523136
1782043200,73.12000274658203,74.19000244140625,72.8499984741211,74.05999755859375,67122176
1782057600,74.04000091552734,74.55000305175781,73.7300033569336,74.33999633789062,55983360
1782072000,74.33000183105469,74.44999694824219,72.23999786376953,72.37999725341797,138394240
1782086400,72.41999816894531,74.87999725341797,72.38999938964844,73.44000244140625,204456960
1782100800,73.41999816894531,74.36000061035156,73.2699966430664,74.0199966430664,54274688
1782115200,74.04000091552734,74.33999633789062,73.5,74.0999984741211,100973312
1782129600,74.12000274658203,74.91999816894531,72.91000366210938,73.05999755859375,277150720
1782144000,73.08999633789062,73.4800033569336,72.37999725341797,72.61000061035156,66494976
1782158400,72.63999938964844,72.87999725341797,71.52999877929688,71.87999725341797,38568192
1782172800,71.81999969482422,71.97000122070312,71.2699966430664,71.91000366210938,0
1782187200,71.9000015258789,71.94000244140625,69.5999984741211,69.9000015258789,188385536
1782201600,69.93000030517578,70.02999877929688,68.11000061035156,69.22000122070312,242647296
1782216000,69.18000030517578,69.5999984741211,68.31999969482422,68.83000183105469,0
1782230400,68.81999969482422,69.30999755859375,68.55999755859375,68.7699966430664,0
1782244800,68.79000091552734,69.75,68.76000213623047,69.5999984741211,0
1782259200,69.5999984741211,70.30000305175781,69.01000213623047,69.4800033569336,158804096
1782273600,69.5199966430664,70.12999725341797,68.93000030517578,69.29000091552734,8155392
1782288000,69.27999877929688,70.26000213623047,68.69000244140625,69.72000122070312,95868672
1782302400,69.7300033569336,69.81999969482422,67.1500015258789,67.22000122070312,215167744
1782316800,67.18000030517578,67.9000015258789,64.62999725341797,66.05000305175781,845105152
1782331200,66.0199966430664,68.37000274658203,65.87999725341797,68.01000213623047,324753920
1782345600,68.0199966430664,68.22000122070312,67.30999755859375,67.58999633789062,0
1782360000,67.5999984741211,69.5199966430664,67.37999725341797,69.33999633789062,215908608
1782374400,69.33999633789062,69.33999633789062,67.91000366210938,68.08000183105469,24074240
1782388800,68.08000183105469,68.75,63.959999084472656,66.20999908447266,624290304
1782403200,66.22000122070312,67.25,65.56999969482422,66.12000274658203,0
1782417600,66.18000030517578,68.69000244140625,65.9800033569336,67.61000061035156,113900544
1782432000,67.63999938964844,68.4000015258789,65.8499984741211,68.0999984741211,369239040
1782446400,68.08999633789062,70.86000061035156,67.87000274658203,70.66000366210938,466642688
1782460800,70.69999694824219,70.7699966430664,68.27999877929688,68.48999786376953,196724736
1782475200,68.51000213623047,72.13999938964844,68.11000061035156,71.95999908447266,44914432
1782489600,72.06999969482422,73.79000091552734,71.94999694824219,73.11000061035156,243245824
1782504000,72.95999908447266,73.44000244140625,71.43000030517578,71.79000091552734,180570624
1782518400,71.80000305175781,72.36000061035156,71.26000213623047,72.1500015258789,0
1782532800,72.1500015258789,72.4800033569336,71.4000015258789,72.19999694824219,4751104
1782547200,72.19999694824219,72.19999694824219,71.41999816894531,71.69999694824219,0
1782561600,71.66999816894531,73.06999969482422,71.54000091552734,72.70999908447266,0
1782576000,72.72000122070312,72.87999725341797,70.86000061035156,70.98999786376953,0
1782590400,70.98999786376953,71.52999877929688,70.19000244140625,70.38999938964844,9566080
1782604800,70.38999938964844,70.91000366210938,70.33999633789062,70.77999877929688,0
1782619200,70.76000213623047,70.9800033569336,70.05999755859375,70.97000122070312,1755392
1782633600,70.9800033569336,72.06999969482422,70.95999908447266,71.81999969482422,130764288
1782648000,71.80999755859375,72.16999816894531,71.25,71.97000122070312,1190144
1782662400,71.91999816894531,72.0,70.18000030517578,70.61000061035156,39951360
1782676800,70.61000061035156,71.62999725341797,69.73999786376953,71.27999877929688,171738624
1782691200,71.2699966430664,73.18000030517578,70.26000213623047,72.55999755859375,380006144
1782705600,72.55000305175781,72.9800033569336,70.91999816894531,72.61000061035156,167166976
1782720000,72.62000274658203,73.55000305175781,72.13999938964844,72.38999938964844,155443968
1782734400,72.41999816894531,74.4000015258789,72.05000305175781,73.77999877929688,1048484608
1782748800,73.77999877929688,76.1500015258789,72.77999877929688,75.86000061035156,575000064
1782763200,75.87999725341797,75.87999725341797,74.80000305175781,75.05000305175781,37085184
1782777600,75.0199966430664,75.12000274658203,73.93000030517578,74.06999969482422,0
1782792000,74.05000305175781,74.13999938964844,73.58000183105469,74.04000091552734,12940032
1782806400,74.02999877929688,74.0999984741211,73.19000244140625,73.27999877929688,278305024
1782820800,73.2699966430664,73.91000366210938,71.81999969482422,73.0,0
1782835200,73.0199966430664,73.83000183105469,72.5999984741211,73.62000274658203,0
1782849600,73.56999969482422,73.80999755859375,73.12000274658203,73.54000091552734,6832128
1782864000,73.55999755859375,75.54000091552734,72.16999816894531,75.37000274658203,305295616
1782878400,75.37000274658203,75.72000122070312,73.87000274658203,74.77999877929688,198583808
1782892800,74.72000122070312,75.45999908447266,74.37000274658203,74.73999786376953,135700736
1782907200,74.79000091552734,77.66000366210938,74.18000030517578,77.36000061035156,213694976
1782921600,77.37999725341797,78.05999755859375,76.73999786376953,76.91000366210938,105894144
1782936000,76.91000366210938,78.77999877929688,76.52999877929688,77.3499984741211,291075840
1782950400,77.33000183105469,78.86000061035156,76.81999969482422,78.63999938964844,0
1782964800,78.62999725341797,78.62999725341797,77.5199966430664,77.87999725341797,0
1782979200,77.93000030517578,82.6500015258789,77.8499984741211,82.33000183105469,848037888
1782993600,82.27999877929688,82.33999633789062,80.01000213623047,80.7699966430664,275535872
1783008000,80.77999877929688,81.22000122070312,80.0999984741211,80.76000213623047,44172800
1783022400,80.76000213623047,81.08999633789062,80.31999969482422,80.62999725341797,0
1783036800,80.63999938964844,81.5999984741211,80.25,80.63999938964844,602368
1783051200,80.62999725341797,81.41000366210938,80.38999938964844,81.1500015258789,5252096
1783065600,81.1500015258789,81.76000213623047,80.58999633789062,81.47000122070312,0
1783080000,81.4800033569336,81.95999908447266,80.8499984741211,81.13999938964844,0
1783094400,81.13999938964844,83.0999984741211,81.0,82.41000366210938,96411520
1783108800,82.38999938964844,82.91000366210938,82.08999633789062,82.29000091552734,87263616
1783123200,82.26000213623047,82.75,81.7300033569336,82.61000061035156,55189760
1783137600,82.66000366210938,83.9000015258789,82.20999908447266,82.63999938964844,274650368
1783152000,82.63999938964844,82.69999694824219,81.38999938964844,81.75,60657664
1783166400,81.73999786376953,82.33000183105469,81.30000305175781,82.16999816894531,15149312
1783180800,82.16000366210938,82.7300033569336,81.63999938964844,81.81999969482422,46760704
1783195200,81.79000091552734,82.1500015258789,81.38999938964844,81.72000122070312,1375744
1783209600,81.7300033569336,81.75,80.12999725341797,80.48999786376953,111932160
1783224000,80.47000122070312,80.79000091552734,80.18000030517578,80.62999725341797,0
1783238400,80.63999938964844,80.77999877929688,79.63999938964844,80.48999786376953,3733248
1783252800,80.48999786376953,81.62000274658203,80.30000305175781,81.27999877929688,48673280
1783267200,81.29000091552734,81.44000244140625,80.75,80.97000122070312,0
1783281600,80.94000244140625,82.3499984741211,80.7300033569336,81.5199966430664,219782656
1783296000,81.5199966430664,82.22000122070312,80.4000015258789,80.7300033569336,60646528
1783310400,80.70999908447266,80.91000366210938,80.08000183105469,80.75,80292864
1783324800,80.7699966430664,81.0,79.9800033569336,80.31999969482422,12716032
1783339200,80.31999969482422,81.47000122070312,79.16000366210938,81.41000366210938,516295040
1783353600,81.43000030517578,82.31999969482422,81.22000122070312,82.02999877929688,385897472
1783368000,82.0199966430664,83.5999984741211,81.6500015258789,81.88999938964844,189796608
1783382400,81.9000015258789,82.43000030517578,80.91000366210938,81.0,0
1783396800,80.98999786376953,81.69000244140625,80.4000015258789,81.43000030517578,60940544
1783411200,81.44999694824219,81.51000213623047,80.70999908447266,81.25,102244864
1783425600,81.27999877929688,82.27999877929688,80.44999694824219,82.04000091552734,14832128
1783440000,82.08000183105469,82.70999908447266,80.72000122070312,81.27999877929688,26305536
1783454400,81.31999969482422,81.43000030517578,80.29000091552734,80.5199966430664,3388928
1783468800,80.55000305175781,80.72000122070312,78.16999816894531,78.6500015258789,184943872
1783483200,78.66000366210938,78.87000274658203,77.72000122070312,78.22000122070312,100108544
1783497600,78.20999908447266,78.3499984741211,76.83000183105469,77.4800033569336,143177728
1783512000,77.4800033569336,77.56999969482422,76.19000244140625,76.69000244140625,41304576
1783526400,76.69000244140625,77.58999633789062,76.69000244140625,77.37000274658203,0
1783540800,77.33999633789062,77.83000183105469,76.87999725341797,77.7699966430664,0
1783555200,77.77999877929688,78.66999816894531,76.6500015258789,77.31999969482422,0
1783569600,77.36000061035156,78.76000213623047,77.16000366210938,78.1500015258789,12035072
1783584000,78.1500015258789,78.33999633789062,77.25,77.54000091552734,0
1783598400,77.51000213623047,78.41999816894531,77.33000183105469,77.55000305175781,85863552
1783612800,77.56999969482422,78.36000061035156,77.18000030517578,78.0999984741211,8958208
1783627200,78.12000274658203,78.25,77.72000122070312,77.98999786376953,0
1783641600,77.98999786376953,79.37000274658203,77.76000213623047,79.0,29219200
1783656000,79.02999877929688,79.30000305175781,78.69999694824219,78.81999969482422,4937728
1783670400,78.81999969482422,79.58000183105469,78.76000213623047,79.30999755859375,56379264
1783684800,79.31999969482422,79.4800033569336,77.16000366210938,78.06999969482422,347216128
1783699200,78.08999633789062,78.18000030517578,77.27999877929688,77.81999969482422,34998528
1783713600,77.83000183105469,78.16000366210938,77.63999938964844,78.06999969482422,93875456
1783728000,78.05999755859375,78.08000183105469,77.41999816894531,77.73999786376953,0
1783742400,77.72000122070312,78.05000305175781,77.52999877929688,77.91999816894531,0
1783756800,77.91999816894531,78.30000305175781,77.69999694824219,78.0199966430664,0
1783771200,78.02999877929688,78.73999786376953,77.87000274658203,78.31999969482422,0
1783785600,78.31999969482422,78.3499984741211,77.62000274658203,78.08000183105469,134704896
1783800000,78.08000183105469,78.2699966430664,76.72000122070312,76.73999786376953,72246400
1783814400,76.6500015258789,77.0199966430664,75.5999984741211,77.0,141504512
1783828800,76.98999786376953,77.01000213623047,75.80999755859375,76.44999694824219,40555520
1783843200,76.43000030517578,77.20999908447266,76.33999633789062,76.88999938964844,32574208
1783857600,76.86000061035156,77.62000274658203,76.7300033569336,77.41000366210938,58275200
1783872000,77.43000030517578,77.7300033569336,77.18000030517578,77.62000274658203,101504
1783886400,77.62999725341797,77.68000030517578,76.41999816894531,76.87999725341797,35072640
1783900800,76.88999938964844,78.11000061035156,76.06999969482422,76.47000122070312,0
1783987200,74.93000030517578,75.45999908447266,74.47000122070312,75.08000183105469,43733760
1784001600,75.06999969482422,75.4000015258789,74.80000305175781,74.87999725341797,26017024
1784016000,74.83999633789062,75.5,74.80000305175781,75.30999755859375,38017280
1784030400,75.31999969482422,77.7699966430664,75.11000061035156,77.30999755859375,3909120
1784044800,77.33999633789062,77.5999984741211,76.79000091552734,77.11000061035156,6741888
1784059200,77.1500015258789,77.87999725341797,76.9000015258789,77.80999755859375,570047488
1784073600,77.83999633789062,77.87999725341797,76.98999786376953,77.7300033569336,58497792
1784088000,77.7300033569336,78.5999984741211,77.3499984741211,77.3499984741211,193593344
1784102400,77.37999725341797,77.83999633789062,77.18000030517578,77.44000244140625,22847232
1784116800,77.44999694824219,78.94999694824219,77.19000244140625,77.98999786376953,0
1784131200,78.0199966430664,78.04000091552734,76.91000366210938,77.12000274658203,64246784
1784145600,77.12000274658203,77.66000366210938,77.06999969482422,77.23999786376953,6984704
1784160000,77.22000122070312,77.44000244140625,76.6500015258789,76.88999938964844,0
1784174400,76.88999938964844,77.48999786376953,76.1500015258789,76.36000061035156,30978816
1784188800,76.33999633789062,76.41999816894531,75.58000183105469,76.20999908447266,129603072
1784203200,76.19999694824219,76.79000091552734,75.6500015258789,76.55999755859375,0
1784217600,76.55999755859375,76.55999755859375,75.3499984741211,75.75,0
1784232000,75.7300033569336,75.98999786376953,74.9800033569336,75.26000213623047,37330688
1784246400,75.26000213623047,75.69000244140625,74.68000030517578,75.16000366210938,27666944
1784260800,75.16000366210938,75.2699966430664,74.22000122070312,74.55000305175781,4210560
1784275200,74.55999755859375,74.94000244140625,74.12999725341797,74.77999877929688,4465792
1784289600,74.80000305175781,74.80999755859375,73.30999755859375,74.70999908447266,163151360
1784304000,74.69999694824219,75.55000305175781,74.55999755859375,75.16000366210938,31400192
1784318400,75.12000274658203,75.19000244140625,74.79000091552734,74.9800033569336,5141120
1784332800,74.9800033569336,75.38999938964844,74.93000030517578,75.33000183105469,0
1784347200,75.33000183105469,75.33999633789062,74.80999755859375,74.91000366210938,0
1784361600,74.9000015258789,74.9800033569336,74.61000061035156,74.91000366210938,0
1784376000,74.9000015258789,75.13999938964844,74.45999908447266,74.9000015258789,0
1784390400,74.9000015258789,75.52999877929688,74.77999877929688,75.38999938964844,17088000
1784404800,75.4000015258789,75.58000183105469,75.27999877929688,75.45999908447266,4152832
1784419200,75.45999908447266,76.5,75.4000015258789,75.9000015258789,131952128
1784433600,75.83999633789062,76.2699966430664,75.69000244140625,76.04000091552734,79533760
1784448000,76.08999633789062,76.41999816894531,75.8499984741211,76.0199966430664,75937920
1784462400,76.01000213623047,76.61000061035156,75.70999908447266,76.16999816894531,64475776
1784476800,76.16000366210938,76.2300033569336,75.36000061035156,75.81999969482422,11017600
1784491200,75.83999633789062,76.48999786376953,75.62000274658203,76.33000183105469,84736640
1784505600,76.31999969482422,77.31999969482422,76.08999633789062,76.66999816894531,168893568
1784520000,76.69000244140625,76.87000274658203,75.4800033569336,76.1500015258789,93480704
1784534400,76.13999938964844,77.1500015258789,75.83000183105469,77.06999969482422,125118976
1784548800,77.08000183105469,77.83000183105469,75.7300033569336,77.72000122070312,278524544
1784563200,77.76000213623047,78.29000091552734,77.25,77.56999969482422,265239168
1784577600,77.58999633789062,78.0,77.37000274658203,77.79000091552734,40464640
1784592000,77.75,78.4800033569336,77.58999633789062,78.13999938964844,16724864
1784606400,78.13999938964844,78.80000305175781,77.97000122070312,78.51000213623047,21088384
1784620800,78.51000213623047,78.6500015258789,78.0199966430664,78.31999969482422,26406400
1784635200,78.33000183105469,78.58999633789062,77.75,78.0999984741211,747648
1784649600,78.0999984741211,78.22000122070312,77.48999786376953,77.83999633789062,0
1784664000,77.87000274658203,78.1500015258789,77.76000213623047,78.08000183105469,25984
1784678400,78.0999984741211,78.54000091552734,77.76000213623047,77.83000183105469,20720768
1784692800,77.77999877929688,78.18000030517578,76.95999908447266,77.05999755859375,38663936
1784707200,77.04000091552734,77.76000213623047,77.0,77.51000213623047,1435008
1784721600,77.5199966430664,78.80999755859375,76.98999786376953,78.41999816894531,60388096
1784736000,78.44000244140625,78.77999877929688,77.26000213623047,77.61000061035156,85702400
1784750400,77.58999633789062,78.08000183105469,77.47000122070312,77.94999694824219,46764416
1784764800,77.9800033569336,78.5,77.37999725341797,77.58000183105469,35189248
1784779200,77.55000305175781,77.7699966430664,77.01000213623047,77.12000274658203,9477120
1784793600,77.12000274658203,77.83000183105469,77.06999969482422,77.62000274658203,0
1784808000,77.62000274658203,77.69999694824219,75.80999755859375,76.31999969482422,106943104
1784822400,76.30000305175781,76.30000305175781,75.37999725341797,75.70999908447266,0
1784836800,75.66999816894531,76.19999694824219,75.66000366210938,75.81999969482422,18424576
1784851200,75.83000183105469,76.05999755859375,75.26000213623047,75.7699966430664,24610560
1784865600,75.77999877929688,76.37999725341797,75.54000091552734,76.02999877929688,2062080
1784880000,76.01000213623047,76.0199966430664,74.94000244140625,75.13999938964844,87833856
1784894400,75.12999725341797,75.2300033569336,73.55000305175781,73.95999908447266,38754432
1784908800,73.97000122070312,74.1500015258789,73.63999938964844,73.87000274658203,39911936
1784923200,73.88999938964844,73.97000122070312,73.38999938964844,73.9000015258789,46326912
1784937600,73.9000015258789,74.25,73.87000274658203,74.05999755859375,0
1784952000,74.06999969482422,74.30000305175781,73.70999908447266,73.7300033569336,19337728
1784966400,73.7300033569336,73.9800033569336,73.51000213623047,73.86000061035156,0
1784980800,73.87000274658203,74.23999786376953,73.70999908447266,74.11000061035156,0
1784995200,74.0999984741211,74.66999816894531,74.02999877929688,74.51000213623047,0
1785009600,74.5,74.52999877929688,74.22000122070312,74.45999908447266,0
1785024000,74.47000122070312,74.98999786376953,74.4000015258789,74.95999908447266,12562432
1785038400,74.95999908447266,75.16999816894531,74.68000030517578,74.80999755859375,0
1785052800,74.80999755859375,75.20999908447266,74.77999877929688,74.88999938964844,17806144
1785067200,74.91000366210938,75.44000244140625,74.70999908447266,75.41999816894531,21536512
1785081600,75.44000244140625,75.9000015258789,75.18000030517578,75.27999877929688,40817280
1785096000,75.29000091552734,77.0,75.25,76.69000244140625,198948992
1785110400,76.70999908447266,76.72000122070312,75.93000030517578,76.33999633789062,101545280
1785124800,76.36000061035156,76.91000366210938,76.19000244140625,76.4000015258789,101639168
1785139200,76.41000366210938,76.62999725341797,76.05999755859375,76.44999694824219,55027840
1785153600,76.4800033569336,77.41000366210938,74.9800033569336,75.19999694824219,410697088
1785168000,75.20999908447266,76.16000366210938,75.05999755859375,75.93000030517578,95498496
1785182400,75.97000122070312,76.04000091552734,73.69999694824219,74.12999725341797,68012032
1785196800,74.16999816894531,74.2300033569336,72.80000305175781,73.20999908447266,139300224
1785211200,73.19000244140625,73.44999694824219,72.91999816894531,73.20999908447266,2564480
1785225600,73.19000244140625,73.44000244140625,72.81999969482422,73.12000274658203,83400960
1785240000,73.11000061035156,74.5,72.30999755859375,74.2699966430664,57254016
1785254400,74.25,74.48999786376953,73.45999908447266,74.2300033569336,37129856
1785268800,74.23999786376953,74.29000091552734,73.0999984741211,73.7300033569336,15076608
1785283200,73.7300033569336,74.08000183105469,72.93000030517578,72.97000122070312,34220288
1785297600,73.0,74.19999694824219,72.63999938964844,74.16000366210938,58044160
1785312000,74.18000030517578,74.25,73.61000061035156,73.87000274658203,12178176
1785326400,73.87000274658203,73.87000274658203,72.87999725341797,73.04000091552734,0
1785340800,73.0199966430664,74.44000244140625,72.62000274658203,72.66999816894531,259226880
1785355200,72.5999984741211,73.70999908447266,72.23999786376953,73.5999984741211,145778816
1785369600,73.58999633789062,74.0999984741211,73.05999755859375,73.61000061035156,25419136
1785384000,73.62999725341797,73.75,73.30000305175781,73.31999969482422,7893888
1785398400,73.33000183105469,74.22000122070312,73.19000244140625,74.12999725341797,39811072
1785412800,74.12999725341797,74.80999755859375,74.0,74.56999969482422,67116928
1785427200,74.56999969482422,74.88999938964844,74.36000061035156,74.7300033569336,0
1785441600,74.69000244140625,74.91000366210938,74.3499984741211,74.44000244140625,6183168
1785456000,74.44000244140625,75.19999694824219,73.81999969482422,74.06999969482422,78293888
1785470400,74.05999755859375,74.44999694824219,73.45999908447266,73.5999984741211,94257152
1785484800,73.55000305175781,73.72000122070312,73.23999786376953,73.48999786376953,52159232
1785499200,73.5,73.72000122070312,72.7300033569336,73.0,109201664
1785513600,73.0,73.38999938964844,72.83999633789062,73.0,0
1785528000,73.01000213623047,73.11000061035156,72.5,72.79000091552734,2646912
1785542400,72.80999755859375,73.08999633789062,72.80000305175781,72.95999908447266,2555904
1785556800,72.95999908447266,73.13999938964844,72.80000305175781,72.9000015258789,0
1785571200,72.88999938964844,73.01000213623047,72.5999984741211,72.83000183105469,0
1785585600,72.8499984741211,72.97000122070312,72.66000366210938,72.7300033569336,0
1785600000,72.75,72.87000274658203,70.55999755859375,71.19999694824219,266224000
1785614400,71.16999816894531,72.0199966430664,71.16000366210938,71.87999725341797,13036032
1785628800,71.87000274658203,73.2699966430664,71.87000274658203,73.12999725341797,39750528
1785643200,73.16000366210938,73.58999633789062,73.1500015258789,73.4000015258789,59269120
1785657600,73.41999816894531,73.44000244140625,72.88999938964844,72.94000244140625,51215232
1785672000,72.97000122070312,73.16999816894531,72.63999938964844,72.97000122070312,36418560
1785686400,72.9800033569336,73.73999786376953,72.8499984741211,73.6500015258789,2451072
1785700800,73.6500015258789,74.2300033569336,73.38999938964844,73.54000091552734,36621056
1785715200,73.54000091552734,73.5999984741211,72.6500015258789,72.80999755859375,12967808
1785729600,72.80000305175781,72.98999786376953,72.36000061035156,72.43000030517578,49429376
1785744000,72.43000030517578,72.70999908447266,71.91999816894531,72.36000061035156,58193664
1785758400,72.36000061035156,73.7300033569336,72.23999786376953,73.54000091552734,274281664
1785772800,73.58000183105469,74.20999908447266,73.13999938964844,73.94999694824219,147833344
1785787200,73.93000030517578,74.08999633789062,73.30999755859375,73.48999786376953,24431360
1785801600,73.4800033569336,74.02999877929688,72.9800033569336,73.62999725341797,54384128
1785816000,73.62000274658203,74.02999877929688,73.12999725341797,73.5999984741211,27030656
1785830400,73.62000274658203,73.9000015258789,73.0199966430664,73.87000274658203,45649664
1785844800,73.86000061035156,74.12000274658203,73.2699966430664,73.91999816894531,17332480
1785859200,73.93000030517578,74.33999633789062,73.54000091552734,74.13999938964844,12282752
1785873600,74.13999938964844,74.37000274658203,73.68000030517578,73.69999694824219,72071936
1785888000,73.69999694824219,74.43000030517578,73.33999633789062,73.7300033569336,83518464
1785902400,73.7300033569336,74.22000122070312,73.55999755859375,73.9000015258789,80930176
1785916800,73.94999694824219,74.12999725341797,73.66999816894531,73.69999694824219,710272
1785931200,73.72000122070312,74.30999755859375,73.19999694824219,73.88999938964844,164049408
1785945600,73.87999725341797,74.72000122070312,73.87000274658203,74.41000366210938,50820224
1785960000,74.41000366210938,74.51000213623047,73.79000091552734,73.97000122070312,7170560
1785974400,73.9800033569336,74.20999908447266,73.30999755859375,73.41999816894531,0
1785988800,73.43000030517578,74.27999877929688,73.31999969482422,73.80000305175781,3964544
1786003200,73.80000305175781,73.98999786376953,73.08999633789062,73.37999725341797,99424384
1786017600,73.37000274658203,73.55999755859375,72.79000091552734,73.2300033569336,0
1786032000,73.26000213623047,73.4800033569336,72.4800033569336,72.73999786376953,12510592
1786046400,72.73999786376953,72.93000030517578,72.27999877929688,72.62999725341797,20589184
1786060800,72.62000274658203,72.86000061035156,72.44000244140625,72.55999755859375,14717952
1786075200,72.55000305175781,73.0,72.37999725341797,72.87000274658203,3492352
1786089600,72.87000274658203,73.70999908447266,72.86000061035156,73.58000183105469,17883904
1786104000,73.56999969482422,74.30000305175781,73.54000091552734,73.83000183105469,193367680
1786118400,73.87000274658203,74.08000183105469,73.13999938964844,73.97000122070312,96752512
1786132800,73.98999786376953,74.05999755859375,73.55000305175781,73.62999725341797,28452992
1786147200,73.61000061035156,74.93000030517578,73.54000091552734,74.79000091552734,54333440
1786161600,74.80000305175781,75.06999969482422,74.44999694824219,74.7699966430664,114662912
1786176000,74.7699966430664,75.6500015258789,74.6500015258789,75.55000305175781,58641280
1786190400,75.55000305175781,76.66000366210938,75.30999755859375,76.31999969482422,91819136
1786204800,76.33999633789062,76.44000244140625,75.91999816894531,76.08999633789062,12322432
1786219200,76.08000183105469,76.30999755859375,75.72000122070312,75.95999908447266,21085440
1786233600,75.94000244140625,76.02999877929688,75.69000244140625,75.93000030517578,7213952
1786248000,75.93000030517578,76.43000030517578,75.81999969482422,76.29000091552734,36743168
1786262400,76.29000091552734,76.58000183105469,76.05999755859375,76.44000244140625,20439040
1786276800,76.44000244140625,77.38999938964844,76.25,77.36000061035156,8393088
1786291200,77.41999816894531,77.48999786376953,77.02999877929688,77.16999816894531,40654848
1786305600,77.16999816894531,77.72000122070312,76.16000366210938,76.2300033569336,72576384
1786320000,76.19000244140625,77.08000183105469,76.16000366210938,76.58000183105469,101845120
1786334400,76.55999755859375,77.04000091552734,76.37999725341797,76.93000030517578,27780224
1786348800,76.93000030517578,77.08000183105469,76.4800033569336,76.97000122070312,66917888
1786363200,76.9800033569336,77.05999755859375,75.76000213623047,75.91000366210938,118156672
1786377600,75.88999938964844,76.19999694824219,75.52999877929688,76.11000061035156,98983552
1786392000,76.12000274658203,76.41999816894531,75.9000015258789,75.91999816894531,25023488
1786406400,75.91999816894531,76.16999816894531,75.6500015258789,76.0,0
1786420800,76.0,76.1500015258789,75.36000061035156,75.62000274658203,55857280
1786435200,75.62999725341797,76.29000091552734,75.55999755859375,76.13999938964844,55493632
1786449600,76.16999816894531,76.16999816894531,74.58000183105469,74.87000274658203,4213888
1786464000,74.7699966430664,75.63999938964844,74.7300033569336,75.58999633789062,5106432
1786478400,75.62000274658203,76.5999984741211,75.58000183105469,76.2300033569336,114494720
1786492800,76.22000122070312,76.54000091552734,76.13999938964844,76.3499984741211,15545472
1786507200,76.36000061035156,76.5,75.87999725341797,76.19000244140625,2745984
1786521600,76.18000030517578,76.81999969482422,76.05999755859375,76.7699966430664,27848064
1786536000,76.77999877929688,77.20999908447266,75.30999755859375,75.68000030517578,161599616
1786550400,75.66000366210938,76.0199966430664,75.48999786376953,75.69000244140625,2853376
1786564800,75.68000030517578,75.93000030517578,75.29000091552734,75.55999755859375,0
1786579200,75.52999877929688,76.23999786376953,75.41000366210938,76.16999816894531,58685312
1786593600,76.18000030517578,76.54000091552734,75.94999694824219,76.37000274658203,36202624
1786608000,76.37000274658203,76.41000366210938,75.48999786376953,75.58999633789062,0
1786622400,75.58999633789062,76.51000213623047,75.55999755859375,75.58000183105469,0
1786636800,75.56999969482422,76.19999694824219,75.04000091552734,76.13999938964844,131205504
1786651200,76.13999938964844,76.37999725341797,76.05000305175781,76.20999908447266,31873920
1786665600,76.20999908447266,76.26000213623047,75.66000366210938,75.69000244140625,20882048
1786680000,75.66999816894531,75.95999908447266,75.41999816894531,75.51000213623047,12167168
1786694400,75.51000213623047,75.79000091552734,75.2699966430664,75.44000244140625,17131008
1786708800,75.44999694824219,75.69000244140625,74.97000122070312,75.56999969482422,13665536
1786723200,75.55999755859375,75.62999725341797,74.5999984741211,74.91999816894531,90007424
1786737600,74.93000030517578,75.33999633789062,74.9000015258789,75.33000183105469,9613568
1786752000,75.31999969482422,75.63999938964844,75.2300033569336,75.3499984741211,13904768
1786766400,75.37000274658203,75.54000091552734,75.13999938964844,75.16999816894531,19935488
1786780800,75.16999816894531,75.2699966430664,74.95999908447266,75.18000030517578,0
1786795200,75.18000030517578,75.51000213623047,75.12999725341797,75.44000244140625,0
1786809600,75.44999694824219,75.5999984741211,75.33000183105469,75.4800033569336,0
1786824000,75.4800033569336,75.66000366210938,75.23999786376953,75.27999877929688,0
1786838400,75.25,75.58000183105469,75.19000244140625,75.51000213623047,0
1786852800,75.51000213623047,75.55000305175781,75.20999908447266,75.38999938964844,1300736
1786867200,75.37000274658203,75.41999816894531,75.08999633789062,75.20999908447266,11469632
1786881600,75.20999908447266,75.55999755859375,75.12000274658203,75.48999786376953,9324416
1786896000,75.5,75.62000274658203,74.97000122070312,75.16000366210938,85886208
1786910400,75.16000366210938,75.23999786376953,74.12000274658203,74.54000091552734,114897344
1786924800,74.51000213623047,75.51000213623047,74.37000274658203,75.43000030517578,143087488
1786939200,75.44999694824219,75.91999816894531,75.27999877929688,75.70999908447266,109507328
1786953600,75.7300033569336,75.8499984741211,75.11000061035156,75.62000274658203,181834368
1786968000,75.62000274658203,76.1500015258789,75.19999694824219,76.02999877929688,209491200
1786982400,76.05000305175781,76.0999984741211,75.63999938964844,75.73999786376953,39191936
1786996800,75.73999786376953,76.05000305175781,75.58000183105469,75.94999694824219,27210240
1787011200,75.94999694824219,76.02999877929688,75.1500015258789,75.43000030517578,42574592
1787025600,75.43000030517578,76.13999938964844,75.33999633789062,76.0199966430664,93114240
1787040000,76.04000091552734,76.37000274658203,75.7300033569336,76.23999786376953,14761344
1787054400,76.2699966430664,77.26000213623047,75.97000122070312,77.13999938964844,121634432
1787068800,77.16999816894531,77.33999633789062,76.79000091552734,77.12999725341797,24247168
1787083200,77.13999938964844,77.18000030517578,76.69999694824219,77.0,50182400
1787097600,77.0199966430664,77.05000305175781,76.6500015258789,76.93000030517578,29985664
1787112000,76.93000030517578,77.08000183105469,76.58000183105469,76.88999938964844,12643712
1787126400,76.87999725341797,77.55000305175781,76.8499984741211,77.4800033569336,49527552
1787140800,77.4800033569336,82.76000213623047,77.36000061035156,81.81999969482422,1331721984
1787155200,81.86000061035156,82.4800033569336,80.9800033569336,82.31999969482422,607293440
1787169600,82.36000061035156,87.18000030517578,82.26000213623047,85.33999633789062,1155056128
1787184000,85.33999633789062,85.7300033569336,83.94999694824219,84.41999816894531,435793920
1787198400,84.43000030517578,86.12999725341797,84.37000274658203,86.12000274658203,298291712
1787212800,86.12999725341797,88.02999877929688,86.0,87.19000244140625,771627008
1787227200,87.1500015258789,87.41000366210938,86.11000061035156,87.31999969482422,87797248
1787241600,87.31999969482422,87.9000015258789,86.6500015258789,87.23999786376953,152725504
1787256000,87.30000305175781,87.95999908447266,87.16999816894531,87.63999938964844,5385216
1787270400,87.63999938964844,90.12999725341797,87.55999755859375,89.06999969482422,608370688
1787284800,89.08000183105469,91.25,88.83999633789062,90.37999725341797,388649472
1787299200,90.4000015258789,93.37000274658203,89.97000122070312,90.26000213623047,905228288
1787313600,90.33999633789062,92.12000274658203,89.86000061035156,91.31999969482422,218485248
1787328000,91.37000274658203,92.01000213623047,90.73999786376953,90.94000244140625,17181184
1787342400,90.93000030517578,94.97000122070312,90.61000061035156,93.72000122070312,779429888
1787356800,93.73999786376953,97.5199966430664,92.87999725341797,96.77999877929688,329165824
1787371200,96.79000091552734,102.6500015258789,88.0,94.44000244140625,3084583936
1787385600,94.41000366210938,94.98999786376953,91.37000274658203,93.2699966430664,166865920
1787400000,93.27999877929688,94.30000305175781,92.81999969482422,93.06999969482422,0
1787414400,93.05999755859375,94.80000305175781,93.05999755859375,94.48999786376953,18630656
1787428800,94.48999786376953,94.79000091552734,92.61000061035156,93.79000091552734,0
1787443200,93.87000274658203,97.16999816894531,93.43000030517578,93.69999694824219,260146176
1787457600,93.70999908447266,94.08000183105469,91.63999938964844,92.43000030517578,0
1787472000,92.44000244140625,94.77999877929688,92.30000305175781,94.5999984741211,0
1787486400,94.56999969482422,95.86000061035156,93.44999694824219,95.33000183105469,245262848
1787500800,95.37000274658203,95.68000030517578,94.80999755859375,95.05000305175781,0
1787515200,95.05999755859375,96.25,94.80000305175781,95.4000015258789,112588288
1787529600,95.41999816894531,95.54000091552734,93.5199966430664,93.66000366210938,0
1787544000,93.66999816894531,95.41999816894531,93.48999786376953,94.0999984741211,87915008
1787558400,94.12000274658203,96.26000213623047,93.2300033569336,95.81999969482422,227533312
1787572800,95.79000091552734,97.56999969482422,94.33000183105469,96.43000030517578,618696960
1787587200,96.47000122070312,97.58999633789062,94.81999969482422,96.5199966430664,746463232
1787601600,96.58000183105469,98.9800033569336,95.73999786376953,98.9800033569336,347581440
1787616000,98.91999816894531,102.76000213623047,98.55999755859375,101.55000305175781,1521768960
1787630400,101.55000305175781,102.86000061035156,99.62000274658203,100.2300033569336,317833216
1787644800,100.29000091552734,101.08999633789062,98.48999786376953,98.58999633789062,197690368
1787659200,98.5999984741211,98.80000305175781,96.22000122070312,98.37999725341797,0
1787673600,98.29000091552734,98.83000183105469,97.47000122070312,97.97000122070312,0
1787688000,97.98999786376953,98.05000305175781,95.63999938964844,96.58999633789062,124711936
1787702400,96.62000274658203,97.54000091552734,96.18000030517578,97.04000091552734,0
1787716800,97.0199966430664,97.30999755859375,96.25,96.93000030517578,0
1787731200,96.93000030517578,97.87000274658203,95.79000091552734,97.0199966430664,0
1787745600,97.04000091552734,97.5199966430664,95.13999938964844,95.94000244140625,22859776
1787760000,95.95999908447266,97.23999786376953,95.4800033569336,96.80000305175781,30465024
1787774400,96.7699966430664,102.38999938964844,96.30999755859375,102.08000183105469,579038976
1787788800,102.08999633789062,102.08999633789062,100.54000091552734,101.05000305175781,345153024
1787803200,101.0999984741211,102.22000122070312,100.66999816894531,101.77999877929688,328071424
1787817600,101.80000305175781,105.68000030517578,101.72000122070312,103.94000244140625,1252137984
1787832000,103.91999816894531,107.91999816894531,103.91999816894531,107.19999694824219,904840192
1787846400,107.30000305175781,109.87000274658203,106.70999908447266,109.44000244140625,987231744
1787860800,109.27999877929688,110.47000122070312,108.26000213623047,109.18000030517578,161902592
1787875200,109.19999694824219,110.05999755859375,105.88999938964844,106.87000274658203,190665216
1787889600,106.86000061035156,107.83999633789062,106.30000305175781,106.36000061035156,0
1787904000,106.38999938964844,106.91000366210938,104.55000305175781,105.8499984741211,0
1787918400,105.83999633789062,107.9000015258789,103.66000366210938,105.2699966430664,330565120
1787932800,105.41999816894531,105.69999694824219,102.30999755859375,103.36000061035156,278476800
1787947200,103.3499984741211,104.38999938964844,102.88999938964844,104.1500015258789,0
1787961600,104.12999725341797,104.55999755859375,103.66999816894531,103.87000274658203,0
1787976000,103.87000274658203,104.20999908447266,103.33000183105469,103.75,0
1787990400,103.7300033569336,103.7300033569336,103.02999877929688,103.51000213623047,0
1788004800,103.51000213623047,105.51000213623047,103.37999725341797,105.01000213623047,0
1788019200,105.0199966430664,105.83000183105469,104.41000366210938,105.37000274658203,0
1788033600,105.37999725341797,105.79000091552734,104.88999938964844,105.61000061035156,0
1788048000,105.62999725341797,105.70999908447266,104.9800033569336,105.06999969482422,0
1788062400,105.05000305175781,105.44999694824219,104.68000030517578,104.81999969482422,0
1788076800,104.83999633789062,105.30999755859375,104.47000122070312,105.12000274658203,21489024
1788091200,105.11000061035156,107.43000030517578,105.06999969482422,106.2699966430664,244198656
1788105600,106.29000091552734,107.12999725341797,105.45999908447266,105.81999969482422,154330112
1788120000,105.8499984741211,106.02999877929688,100.36000061035156,101.76000213623047,606682112
1788134400,101.52999877929688,102.58000183105469,101.11000061035156,101.94000244140625,302406144
1788148800,101.95999908447266,103.1500015258789,100.91000366210938,102.9800033569336,385874944
1788163200,102.93000030517578,104.13999938964844,102.47000122070312,103.37999725341797,228772352
1788177600,103.37000274658203,103.87999725341797,102.1500015258789,102.87000274658203,39169024
1788192000,102.83999633789062,104.94999694824219,102.41999816894531,103.58000183105469,65513984
1788206400,103.63999938964844,104.27999877929688,102.86000061035156,103.05000305175781,0
1788220800,103.02999877929688,104.16999816894531,102.7699966430664,103.62000274658203,0
1788235200,103.5999984741211,104.3499984741211,102.81999969482422,103.12999725341797,18688000
1788249600,103.13999938964844,103.19999694824219,101.81999969482422,102.26000213623047,71832576
1788264000,102.2699966430664,102.54000091552734,101.01000213623047,102.0,49150464
1788278400,102.02999877929688,102.02999877929688,98.3499984741211,100.02999877929688,282034176
1788292800,100.05999755859375,100.30000305175781,98.9000015258789,99.91999816894531,116126976
1788307200,99.9800033569336,100.6500015258789,98.45999908447266,100.25,176575744
1788321600,100.23999786376953,100.37999725341797,99.62999725341797,99.80000305175781,9543168
1788336000,99.83999633789062,99.9800033569336,97.3499984741211,98.08999633789062,38784768
1788350400,98.0199966430664,99.73999786376953,97.58999633789062,99.25,7351040
1788364800,99.23999786376953,99.76000213623047,98.16999816894531,99.38999938964844,17004288
1788379200,99.43000030517578,100.48999786376953,99.18000030517578,100.4000015258789,9702912
1788393600,100.37999725341797,101.22000122070312,99.22000122070312,100.4800033569336,124382208
1788408000,100.51000213623047,101.31999969482422,99.66000366210938,100.36000061035156,181443072
1788422400,100.37000274658203,101.08000183105469,99.87999725341797,100.76000213623047,14181632
1788436800,100.73999786376953,105.62000274658203,100.58000183105469,105.16000366210938,699358208
1788451200,105.12000274658203,105.9000015258789,103.8499984741211,105.29000091552734,251748096
1788465600,105.30000305175781,105.45999908447266,103.73999786376953,103.94000244140625,241837056
1788480000,103.91999816894531,104.31999969482422,103.26000213623047,103.70999908447266,85444352
1788494400,103.69999694824219,104.3499984741211,103.3499984741211,103.5999984741211,0
1788508800,103.61000061035156,104.75,103.23999786376953,104.08000183105469,187128320
1788523200,104.06999969482422,104.43000030517578,100.30999755859375,101.44999694824219,523234816
1788537600,101.43000030517578,102.05999755859375,101.08999633789062,101.69999694824219,0
1788552000,101.68000030517578,102.0,101.5199966430664,101.94000244140625,0
1788566400,101.93000030517578,102.19999694824219,101.70999908447266,101.88999938964844,0
1788580800,101.9000015258789,102.62000274658203,101.5999984741211,102.25,0
1788595200,102.19000244140625,102.83000183105469,102.12000274658203,102.33999633789062,0
1788609600,102.33999633789062,103.43000030517578,102.30000305175781,102.95999908447266,0
1788624000,102.95999908447266,104.30999755859375,102.80999755859375,103.41999816894531,186023424
1788638400,103.43000030517578,103.9800033569336,103.05000305175781,103.18000030517578,96161408
1788652800,103.19000244140625,107.05000305175781,103.16000366210938,105.94999694824219,401501440
1788667200,106.11000061035156,106.83999633789062,104.75,105.29000091552734,369448704
1788681600,105.2699966430664,107.23999786376953,105.01000213623047,106.45999908447266,450384128
1788696000,106.44999694824219,107.31999969482422,105.05000305175781,105.73999786376953,323944960
1788710400,105.76000213623047,106.56999969482422,105.4000015258789,105.48999786376953,3006208
1788724800,105.5,106.75,105.0199966430664,106.55999755859375,156140288
1788739200,106.52999877929688,107.04000091552734,104.93000030517578,104.94999694824219,172768512
1788753600,104.98999786376953,105.80999755859375,103.70999908447266,104.47000122070312,88123648
1788768000,104.45999908447266,105.16999816894531,104.43000030517578,104.91999816894531,37883648
1788782400,104.93000030517578,105.88999938964844,103.0199966430664,103.22000122070312,21182464
1788796800,103.2300033569336,104.41000366210938,103.22000122070312,104.3499984741211,5776128
1788811200,104.33999633789062,104.4000015258789,103.18000030517578,103.79000091552734,47619584
1788825600,103.7300033569336,104.5,102.72000122070312,103.33999633789062,4003584
1788840000,103.30000305175781,103.48999786376953,102.41999816894531,102.91999816894531,58347776
1788854400,102.91000366210938,104.02999877929688,102.47000122070312,102.83999633789062,11021312
1788868800,102.81999969482422,104.36000061035156,101.72000122070312,104.27999877929688,31539456
1788883200,104.22000122070312,104.79000091552734,102.87999725341797,103.2300033569336,148298240
1788897600,103.25,103.7699966430664,102.80000305175781,103.37000274658203,31969536
1788912000,103.37000274658203,104.01000213623047,102.9800033569336,103.30999755859375,0
1788926400,103.30000305175781,105.08000183105469,103.30000305175781,104.55999755859375,57881088
1788940800,104.5999984741211,105.04000091552734,103.29000091552734,104.22000122070312,17310720
1788955200,104.23999786376953,104.80000305175781,102.08000183105469,103.05000305175781,184225024
1788969600,103.04000091552734,103.79000091552734,102.16999816894531,102.30000305175781,0
1788984000,102.33000183105469,102.66000366210938,100.4800033569336,101.54000091552734,290547200
1788998400,101.5,102.02999877929688,100.55000305175781,101.80999755859375,124986624
1789012800,101.80000305175781,102.18000030517578,100.80000305175781,101.29000091552734,0
1789027200,101.29000091552734,101.5,100.77999877929688,100.9800033569336,41268736
1789041600,101.06999969482422,101.41000366210938,98.66999816894531,99.69999694824219,411789312
1789056000,99.62999725341797,100.41999816894531,98.79000091552734,99.62000274658203,45155840
1789070400,99.66999816894531,100.12000274658203,98.58999633789062,98.61000061035156,241920
1789084800,98.62000274658203,99.48999786376953,98.55999755859375,99.27999877929688,19765760
1789099200,99.29000091552734,100.06999969482422,99.19999694824219,99.72000122070312,26462464
1789113600,99.69999694824219,100.25,98.55999755859375,99.47000122070312,114092032
1789128000,99.43000030517578,105.76000213623047,98.11000061035156,101.58000183105469,1048216576
1789142400,101.55999755859375,102.45999908447266,100.43000030517578,102.0199966430664,330076416
1789156800,101.9800033569336,102.98999786376953,101.56999969482422,102.44999694824219,312566784
1789171200,102.4000015258789,102.55999755859375,101.44999694824219,101.62999725341797,3375104
1789185600,101.62000274658203,101.9000015258789,101.41000366210938,101.6500015258789,0
1789200000,101.63999938964844,102.23999786376953,101.55999755859375,102.11000061035156,12368640
1789214400,102.11000061035156,102.38999938964844,101.72000122070312,102.04000091552734,0
1789228800,102.04000091552734,102.12999725341797,101.19000244140625,101.26000213623047,0
1789243200,101.26000213623047,101.8499984741211,101.2300033569336,101.73999786376953,0
1789257600,101.75,102.33000183105469,101.5199966430664,101.5999984741211,23003904
1789272000,101.56999969482422,101.9000015258789,100.63999938964844,100.69000244140625,42769536
1789286400,100.63999938964844,100.83999633789062,99.38999938964844,99.79000091552734,115389184
1789300800,99.76000213623047,100.80999755859375,99.43000030517578,100.20999908447266,21908992
1789315200,100.22000122070312,101.30000305175781,100.22000122070312,100.91999816894531,48180224
1789329600,100.97000122070312,101.58000183105469,99.16000366210938,99.25,218116864
1789344000,99.33999633789062,101.29000091552734,98.95999908447266,100.94000244140625,131169536
1789358400,100.94999694824219,101.94000244140625,100.83000183105469,101.55999755859375,151002752
1789372800,101.55999755859375,102.30999755859375,101.16999816894531,101.30999755859375,86828416
1789387200,101.33999633789062,102.23999786376953,100.62999725341797,101.94999694824219,344358272
1789401600,101.94000244140625,103.83000183105469,101.83000183105469,103.26000213623047,412298240
1789416000,103.27999877929688,104.81999969482422,102.41999816894531,102.55999755859375,338449920
1789430400,102.5199966430664,102.8499984741211,101.23999786376953,101.48999786376953,23156992
1789444800,101.52999877929688,101.68000030517578,100.30999755859375,100.41000366210938,108358912
1789459200,100.41000366210938,101.05999755859375,100.0999984741211,100.81999969482422,36615168
1789473600,100.7699966430664,101.33999633789062,97.97000122070312,99.31999969482422,244857856
1789488000,99.30000305175781,100.63999938964844,95.7699966430664,97.80999755859375,647707648
1789502400,97.79000091552734,98.01000213623047,96.2300033569336,96.83000183105469,86242048
1789516800,96.81999969482422,97.52999877929688,96.33000183105469,97.19000244140625,55367936
1789531200,97.19000244140625,97.6500015258789,96.80000305175781,96.9000015258789,23632640
1789545600,96.86000061035156,98.22000122070312,96.33000183105469,97.93000030517578,43944448
1789560000,97.91999816894531,98.01000213623047,96.56999969482422,97.05000305175781,0
1789574400,97.05000305175781,98.7699966430664,96.01000213623047,97.98999786376953,0
1789588800,98.05999755859375,98.81999969482422,97.30999755859375,98.56999969482422,2930944
1789603200,98.55000305175781,99.94999694824219,98.37999725341797,99.87999725341797,34214400
1789617600,99.87999725341797,100.2699966430664,99.05000305175781,99.94000244140625,46821376
1789632000,99.94000244140625,100.7699966430664,99.45999908447266,100.05000305175781,200780544
1789646400,100.04000091552734,101.69999694824219,99.58000183105469,101.19999694824219,319266816
1789660800,101.19999694824219,101.94999694824219,100.63999938964844,100.9000015258789,140015616
1789675200,100.87000274658203,101.66999816894531,100.70999908447266,101.55999755859375,37956096
1789689600,101.5199966430664,104.97000122070312,100.80000305175781,104.43000030517578,393790976
1789704000,104.5199966430664,106.02999877929688,104.33999633789062,105.72000122070312,643900672
1789718400,105.69999694824219,106.56999969482422,105.27999877929688,105.63999938964844,316825600
1789732800,105.66999816894531,111.5199966430664,105.31999969482422,111.16000366210938,1127732224
1789747200,111.12000274658203,114.31999969482422,110.98999786376953,114.26000213623047,784541696
1789761600,114.19999694824219,114.19999694824219,112.7699966430664,113.30000305175781,278565376
