time,open,high,low,close,volume
1623945600,40.5,40.5,38.219,39.278,137199.615
1623960000,39.188,39.64,38.555,39.25,64918.33899999999
1623974400,39.321,39.407,38.291,39.237,67398.412
1623988800,39.237,39.45,38.597,39.042,37348.923
1624003200,39.072,39.184,37.85,38.28,46008.893
1624017600,38.281,38.342,35.5,35.617,138390.752
1624032000,35.542,36.852,35.0,35.35,105990.076
1624046400,35.403,36.906,35.365,36.842,76224.656
1624060800,36.875,37.361,35.05,35.745,72940.41500000001
1624075200,35.705,36.433,35.356,36.39,24855.249
1624089600,36.368,36.456,35.825,36.337,15188.016
1624104000,36.292,36.989,35.88,36.347,62244.391
1624118400,36.398,36.43,34.977,35.609,50811.29
1624132800,35.617,36.01,35.14,35.2,36963.254
1624147200,35.2,35.381,34.349,34.95,39418.481
1624161600,34.942,35.645,34.907,35.378,19598.011
1624176000,35.355,35.355,32.25,32.566,38399.213
1624190400,32.5,34.527,31.324,33.797,83580.563
1624204800,33.788,35.387,33.505,34.977,60668.36
1624219200,35.114,35.954,34.771,35.271,45524.395
1624233600,35.286,35.532,32.572,32.775,85440.372
1624248000,32.785,33.362,30.366,31.116,105064.82800000001
1624262400,31.115,31.798,28.414,30.547,120132.082
1624276800,30.5,31.387,29.05,29.656,139845.291
1624291200,29.706,30.056,27.502,28.639,170546.652
1624305600,28.642,28.916,26.0,26.625,215345.155
1624320000,26.631,28.773,25.0,27.978,241399.437
1624334400,28.037,28.103,26.072,26.464,64542.438
1624348800,26.496,26.497,22.0,22.035,136645.377
1624363200,22.021,26.498,20.181,25.701,607089.6810000001
1624377600,25.711,28.386,25.553,26.501,257800.526
1624392000,26.435,27.871,25.78,26.982,131260.25400000002
1624406400,26.979,31.261,25.682,29.987,328226.699
1624420800,29.987,30.944,29.516,30.623,94820.519
1624435200,30.674,31.912,30.092,31.063,85671.499
1624449600,31.03,32.957,29.0,29.094,247023.531
1624464000,29.114,30.851,28.293,28.5,203706.129
1624478400,28.5,31.061,28.296,30.838,186158.612
1624492800,30.851,31.25,28.477,29.05,302212.26900000003
1624507200,29.014,29.91,28.53,29.423,93792.021
1624521600,29.485,30.797,29.342,30.797,69661.495
1624536000,30.813,31.667,30.016,30.73,121986.455
1624550400,30.864,33.0,30.3,32.069,211681.74899999998
1624564800,32.121,32.53,31.165,31.187,83696.919
1624579200,31.201,32.826,31.096,32.728,131459.15899999999
1624593600,32.699,32.98,30.85,31.266,63565.455
1624608000,31.295,31.802,29.421,29.567,76408.195
1624622400,29.623,30.789,28.633,29.032,154796.302
1624636800,29.078,29.763,27.93,29.451,146653.122
1624651200,29.312,29.67,28.307,28.646,73880.696
1624665600,28.6,30.121,28.35,29.39,90842.764
1624680000,29.358,30.0,27.187,27.269,49996.072
1624694400,27.307,29.02,26.72,28.806,76586.632
1624708800,28.771,28.933,27.095,28.398,92680.56999999999
1624723200,28.411,28.596,27.479,28.314,81861.33
1624737600,28.312,29.766,27.68,29.739,77791.726
1624752000,29.739,30.951,29.205,30.7,98728.77100000001
1624766400,30.736,30.861,29.632,30.626,38499.335
1624780800,30.612,30.851,29.81,30.506,37549.377
1624795200,30.587,31.179,30.021,30.212,85226.785
1624809600,30.212,30.516,29.604,29.97,60238.630999999994
1624824000,29.95,31.98,29.657,31.92,111248.269
1624838400,31.935,32.0,31.01,31.452,57595.116
1624852800,31.441,32.779,31.11,32.601,72926.109
1624867200,32.605,32.963,31.454,31.618,39309.316
1624881600,31.593,34.139,31.322,34.094,95405.815
1624896000,34.079,34.084,32.871,33.589,106611.738
1624910400,33.553,34.323,32.538,33.013,87909.793
1624924800,33.033,33.919,32.655,33.141,68501.964
1624939200,33.12,34.032,33.0,33.462,29091.025
1624953600,33.5,34.494,33.31,34.326,74064.024
1624968000,34.336,35.829,34.238,35.314,177082.228
1624982400,35.307,35.7,34.58,34.78,115318.054
1624996800,34.78,34.999,33.69,33.963,88948.074
1625011200,33.951,34.23,32.169,32.25,141920.271
1625025600,32.264,33.543,31.833,33.519,59741.271
1625040000,33.509,33.779,32.119,33.042,47977.81
1625054400,32.99,33.294,31.602,31.914,74441.846
1625068800,31.949,34.598,31.683,34.342,254439.944
1625083200,34.314,36.0,33.97,35.565,176199.43
1625097600,35.545,35.601,33.55,33.768,96468.379
1625112000,33.764,35.043,32.382,32.423,114072.853
1625126400,32.395,34.355,32.182,34.306,80829.552
1625140800,34.307,34.339,32.9,33.517,114266.59
1625155200,33.491,34.231,33.13,33.716,85232.801
1625169600,33.738,34.278,33.269,33.29,51047.882
1625184000,33.28,34.0,32.004,32.204,81229.89600000001
1625198400,32.171,32.72,31.414,32.501,57961.4
1625212800,32.501,32.756,31.408,31.85,57491.069
1625227200,31.821,33.003,31.764,33.003,110693.1
1625241600,32.981,33.297,32.593,33.297,96980.303
1625256000,33.3,34.1,32.673,33.991,54221.72
1625270400,33.991,34.273,33.26,33.536,50386.353
1625284800,33.512,34.987,33.357,34.785,44358.157
1625299200,34.796,35.392,34.54,35.157,31061.665
1625313600,35.157,35.305,34.504,34.861,51598.856
1625328000,34.834,35.207,34.672,34.851,30860.249
1625342400,34.852,34.891,33.848,34.558,53537.061
1625356800,34.536,34.536,33.582,33.858,26347.512
1625371200,33.81,35.41,33.8,35.341,23666.882
1625385600,35.353,35.504,34.896,35.18,36787.426999999996
1625400000,35.191,35.217,34.373,34.895,64330.024000000005
1625414400,34.94,35.328,34.877,35.025,44634.524
1625428800,35.041,35.358,34.091,34.332,47821.668999999994
1625443200,34.304,34.396,33.494,33.672,29596.569
1625457600,33.668,34.203,33.284,34.017,17131.289
1625472000,34.017,34.479,32.89,33.225,31817.907
1625486400,33.15,33.647,32.682,32.804,79187.381
1625500800,32.824,33.439,32.45,33.273,59524.39000000001
1625515200,33.255,33.63,32.833,32.92,33608.397
1625529600,32.922,33.483,32.909,33.338,29856.345
1625544000,33.388,34.405,33.385,34.277,56725.799
1625558400,34.245,35.048,33.366,33.76,45866.908
1625572800,33.67,34.6,33.457,33.834,106982.177
1625587200,33.835,33.908,33.215,33.718,52846.989
1625601600,33.727,34.396,33.264,34.217,55744.881
1625616000,34.213,34.879,33.83,34.835,75694.485
1625630400,34.828,35.386,34.441,35.016,87885.28700000001
1625644800,35.041,37.242,34.638,37.001,115435.31700000001
1625659200,36.994,37.624,36.134,36.301,292967.25
1625673600,36.303,38.1,36.285,37.557,196437.95400000003
1625688000,37.545,37.861,36.351,36.718,134415.72
1625702400,36.678,36.962,35.48,36.616,174533.706
1625716800,36.619,36.806,33.907,34.127,107395.96100000001
1625731200,34.149,35.11,33.833,34.993,48828.436
1625745600,34.953,35.297,33.789,34.365,143961.185
1625760000,34.301,34.417,33.5,33.977,98719.46100000001
1625774400,33.983,34.056,32.586,33.161,82656.75
1625788800,33.163,33.789,32.0,33.416,90518.097
1625803200,33.43,33.639,32.669,32.977,41866.564
1625817600,32.957,33.15,32.384,32.448,16464.241
1625832000,32.444,34.43,32.25,33.899,104349.14600000001
1625846400,33.922,34.132,32.82,32.972,46014.019
1625860800,32.984,33.782,32.855,33.335,43753.23
1625875200,33.3,34.223,33.084,33.241,46619.676
1625889600,33.16,33.625,32.783,33.385,18332.798
1625904000,33.343,33.661,32.47,32.764,22952.091
1625918400,32.682,33.318,32.19,32.378,80313.115
1625932800,32.388,32.842,31.55,31.817,96888.659
1625947200,31.785,32.004,31.069,31.722,52703.256
1625961600,31.716,32.172,31.581,31.716,36218.637
1625976000,31.704,32.05,31.368,31.663,27291.088000000003
1625990400,31.653,32.33,31.512,32.229,23398.87
1626004800,32.229,32.551,31.84,32.39,48801.297
1626019200,32.366,32.406,31.95,32.017,27552.462
1626033600,32.001,32.55,31.87,32.2,65822.664
1626048000,32.191,32.686,31.949,32.558,34931.073000000004
1626062400,32.515,32.627,32.13,32.23,22126.068
1626076800,32.237,32.324,31.281,31.35,25170.776
1626091200,31.34,31.663,31.082,31.119,61275.047000000006
1626105600,31.113,31.187,30.0,30.361,134938.41
1626120000,30.311,30.987,30.101,30.749,52445.663
1626134400,30.792,31.083,30.515,30.838,43014.751000000004
1626148800,30.841,31.09,30.041,30.527,36326.909999999996
1626163200,30.58,30.725,30.072,30.12,14589.452
1626177600,30.11,30.297,29.119,30.264,86904.824
1626192000,30.264,30.326,28.921,29.041,90200.92000000001
1626206400,28.961,29.529,28.831,29.15,67703.951
1626220800,29.173,29.283,27.75,28.124,95970.108
1626235200,28.139,28.359,27.442,28.122,50477.911
1626249600,28.159,29.394,27.562,29.051,50023.263
1626264000,29.092,31.189,28.79,30.564,72602.81
1626278400,30.583,31.468,30.4,30.526,66143.14600000001
1626292800,30.504,31.366,30.495,31.349,49342.392
1626307200,31.33,31.5,30.568,30.658,71524.933
1626321600,30.66,30.844,29.67,30.354,45218.409
1626336000,30.315,30.824,29.059,29.138,69748.174
1626350400,29.138,29.557,28.716,28.772,145278.864
1626364800,28.78,28.903,28.0,28.644,107005.334
1626379200,28.666,29.032,28.111,28.594,49445.059
1626393600,28.575,29.48,28.159,29.185,47246.951
1626408000,29.185,29.436,28.175,28.267,36631.254
1626422400,28.263,28.292,27.054,27.152,57378.344000000005
1626436800,27.176,28.43,27.176,28.315,67860.728
1626451200,28.334,28.343,27.048,27.144,48914.362
1626465600,27.144,27.3,26.204,26.296,78881.378
1626480000,26.291,26.84,26.02,26.232,118482.67499999999
1626494400,26.195,26.859,26.109,26.633,54213.087
1626508800,26.61,27.145,26.0,26.429,40504.161
1626523200,26.466,26.678,26.24,26.539,33823.019
1626537600,26.522,27.293,26.362,27.139,52368.56
1626552000,27.157,27.822,26.617,26.764,72110.25
1626566400,26.743,27.753,26.681,27.502,73580.28
1626580800,27.506,27.536,26.76,26.887,17308.875
1626595200,26.852,27.513,26.852,27.395,14338.163
1626609600,27.388,27.496,26.265,26.606,43344.271
1626624000,26.59,26.923,26.508,26.743,15194.683
1626638400,26.763,27.224,26.379,26.696,23931.318
1626652800,26.711,26.711,25.686,25.999,84665.84599999999
1626667200,26.024,26.227,25.698,25.738,35324.231
1626681600,25.739,25.881,24.8,24.83,70586.241
1626696000,24.82,24.952,24.0,24.17,286846.051
1626710400,24.165,24.544,24.023,24.393,127087.401
1626724800,24.402,24.866,24.279,24.524,99721.057
1626739200,24.539,24.993,22.735,22.888,215250.156
1626753600,22.873,23.205,22.707,23.11,120830.136
1626768000,23.11,23.248,22.139,22.894,69435.706
1626782400,22.922,23.943,22.6,23.813,134768.191
1626796800,23.807,23.968,23.354,23.834,64092.147
1626811200,23.826,24.138,23.246,23.472,80566.11
1626825600,23.489,24.098,22.818,24.082,109744.808
1626840000,24.097,25.977,24.074,25.718,139406.12
1626854400,25.748,26.492,25.354,26.22,74398.641
1626868800,26.257,27.114,25.761,26.982,107377.253
1626883200,26.979,27.476,25.412,25.619,158999.624
1626897600,25.578,26.712,25.296,26.691,58506.6
1626912000,26.702,27.152,25.935,26.323,81331.653
1626926400,26.3,27.284,26.222,27.059,60375.046
1626940800,27.001,27.585,26.515,26.735,61233.742
1626955200,26.69,27.934,26.35,27.82,128797.193
1626969600,27.841,28.193,27.641,27.891,102980.77
1626984000,27.893,28.014,27.318,27.713,99275.633
1626998400,27.706,28.704,27.317,28.307,106950.179
1627012800,28.301,28.617,27.506,27.936,68324.19200000001
1627027200,27.937,27.937,27.139,27.565,57918.329
1627041600,27.521,27.879,26.75,26.919,69162.294
1627056000,26.918,26.918,26.404,26.63,83870.795
1627070400,26.647,28.552,26.574,28.539,87456.686
1627084800,28.554,28.978,28.276,28.738,80634.723
1627099200,28.777,29.5,28.533,28.748,66710.365
1627113600,28.756,29.162,28.272,28.705,57794.109
1627128000,28.626,28.98,28.27,28.434,52187.383
1627142400,28.431,29.508,28.32,28.377,97880.231
1627156800,28.398,28.76,28.036,28.65,52495.034
1627171200,28.652,28.896,27.776,27.899,117277.47
1627185600,27.925,28.79,27.652,28.644,62902.028
1627200000,28.646,28.781,27.94,28.017,36315.971000000005
1627214400,28.004,28.004,26.556,27.38,108946.524
1627228800,27.341,27.768,27.03,27.572,64634.875
1627243200,27.572,28.26,27.384,28.253,60102.84
1627257600,28.26,31.103,28.055,30.118,312577.731
1627272000,30.094,30.929,29.5,29.748,155056.907
1627286400,29.786,30.225,29.303,30.073,58579.804
1627300800,30.093,30.55,29.575,30.067,250012.53999999998
1627315200,30.043,30.95,29.595,29.679,236363.25
1627329600,29.663,29.777,27.883,28.196,196598.186
1627344000,28.2,28.592,27.14,27.632,116299.011
1627358400,27.624,27.99,27.429,27.863,43778.419
1627372800,27.85,28.806,27.739,28.687,53346.763
1627387200,28.684,29.013,27.49,27.72,198948.362
1627401600,27.723,27.863,26.909,27.26,157864.06900000002
1627416000,27.268,28.209,27.268,28.158,133793.085
1627430400,28.152,28.616,27.566,28.002,146739.06900000002
1627444800,27.96,28.234,27.38,28.074,78192.48300000001
1627459200,28.061,28.782,27.75,28.641,62723.325
1627473600,28.662,28.777,27.846,28.275,97468.666
1627488000,28.313,28.53,27.441,28.02,129296.983
1627502400,28.0,28.086,27.5,27.899,85638.444
1627516800,27.894,27.894,27.33,27.699,64891.978
1627531200,27.657,28.479,27.586,28.163,40372.7
1627545600,28.183,28.688,27.952,28.157,48142.328
1627560000,28.165,29.762,27.93,29.599,121880.083
1627574400,29.606,31.652,29.605,31.393,170312.239
1627588800,31.375,31.935,30.9,31.295,159202.17200000002
1627603200,31.309,33.082,30.74,32.778,185876.861
1627617600,32.785,32.912,31.765,32.079,104310.188
1627632000,32.085,32.125,29.998,30.965,153868.66
1627646400,30.96,31.193,30.22,31.032,141994.988
1627660800,31.032,31.876,30.471,31.818,162109.561
1627675200,31.8,32.585,31.673,32.41,247498.51799999998
1627689600,32.389,33.797,32.006,32.656,170394.816
1627704000,32.678,32.71,31.705,32.211,78450.523
1627718400,32.222,34.79,32.21,34.65,110737.801
1627732800,34.649,34.973,33.702,34.276,159014.6
1627747200,34.29,34.801,33.623,34.435,128211.446
1627761600,34.418,37.0,34.329,36.759,259809.158
1627776000,36.8,36.866,35.306,36.129,174898.407
1627790400,36.122,36.231,35.204,35.35,75991.688
1627804800,35.329,36.014,34.786,35.105,51998.744
1627819200,35.105,35.991,35.056,35.492,76077.495
1627833600,35.504,35.736,34.307,35.561,134536.368
1627848000,35.573,36.264,33.276,34.198,146107.969
1627862400,34.162,35.089,33.331,34.844,192140.384
1627876800,34.845,35.93,34.364,35.454,113452.262
1627891200,35.447,35.644,34.536,34.594,64877.988
1627905600,34.594,34.721,33.594,33.867,134910.812
1627920000,33.86,34.077,33.567,33.675,139099.64899999998
1627934400,33.666,33.759,33.03,33.187,86710.625
1627948800,33.227,33.715,32.747,33.21,122583.35
1627963200,33.227,33.583,32.36,33.536,113228.81700000001
1627977600,33.54,34.621,33.04,34.356,95762.019
1627992000,34.396,35.878,33.696,34.927,268160.248
1628006400,34.942,35.635,34.419,34.658,122526.663
1628020800,34.618,34.79,33.84,34.116,73642.396
1628035200,34.116,34.424,33.521,33.731,76697.204
1628049600,33.715,34.414,33.503,33.707,68651.88500000001
1628064000,33.707,34.4,33.268,34.35,62649.597
1628078400,34.356,35.646,34.325,35.387,208622.647
1628092800,35.416,36.449,35.36,36.24,222171.41199999998
1628107200,36.238,36.662,35.719,35.794,94322.09
1628121600,35.779,37.453,35.483,37.24,148350.733
1628136000,37.241,37.45,36.322,36.631,71983.1
1628150400,36.632,37.191,35.932,36.84,85365.20199999999
1628164800,36.821,38.28,35.988,36.734,351563.86699999997
1628179200,36.705,37.414,36.087,36.995,109330.499
1628193600,37.019,37.799,36.88,37.398,64370.708
1628208000,37.427,37.538,35.803,35.92,90411.794
1628222400,35.929,37.054,35.672,36.993,67527.586
1628236800,37.001,37.259,36.8,36.971,28101.017
1628251200,36.971,39.683,36.726,39.683,146180.46899999998
1628265600,39.683,40.453,39.354,39.895,263554.08400000003
1628280000,39.891,40.019,38.983,39.513,113801.555
1628294400,39.52,40.159,38.772,40.072,78711.925
1628308800,40.103,40.11,38.868,39.495,63229.496
1628323200,39.467,40.496,39.249,40.046,66644.776
1628337600,40.058,40.36,38.408,38.528,136926.389
1628352000,38.549,38.966,37.571,38.621,106319.281
1628366400,38.609,39.598,38.551,39.516,149014.778
1628380800,39.506,39.594,38.0,38.769,79974.186
1628395200,38.773,39.434,38.28,38.782,48083.656
1628409600,38.834,39.3,38.262,38.262,42202.347
1628424000,38.26,38.868,37.38,37.759,65487.062
1628438400,37.771,37.93,36.92,37.443,76686.118
1628452800,37.43,38.471,37.118,37.689,70807.913
1628467200,37.69,37.933,36.382,37.327,71935.31
1628481600,37.323,37.816,36.978,37.806,20537.93
1628496000,37.784,39.369,37.755,39.281,64615.163
1628510400,39.291,39.977,38.74,39.894,93594.613
1628524800,39.898,40.023,39.058,39.312,107826.181
1628539200,39.323,39.5,37.978,38.676,122066.324
1628553600,38.679,40.74,38.222,39.844,150758.228
1628568000,39.855,40.327,39.236,40.032,87503.465
1628582400,40.052,40.881,39.612,40.796,55515.012
1628596800,40.835,41.768,39.844,40.16,145055.044
1628611200,40.168,40.713,39.151,40.666,99865.291
1628625600,40.662,41.383,40.203,40.691,99160.245
1628640000,40.691,41.95,40.634,41.809,202871.206
1628654400,41.801,43.017,41.414,42.531,86790.523
1628668800,42.588,42.971,41.958,42.572,47554.570999999996
1628683200,42.542,43.496,42.223,42.565,133567.14299999998
1628697600,42.626,43.457,42.409,43.449,94912.544
1628712000,43.421,43.749,41.415,41.65,139874.485
1628726400,41.653,43.49,41.497,43.019,130211.942
1628740800,42.994,43.09,40.257,41.465,117728.295
1628755200,41.462,41.934,40.71,40.714,59176.282
1628769600,40.713,41.259,39.333,39.842,158008.002
1628784000,39.88,41.176,39.286,41.019,125596.562
1628798400,41.011,41.38,39.61,41.102,181167.027
1628812800,41.126,42.731,40.702,42.609,107299.087
1628827200,42.609,43.885,42.262,43.435,89995.93400000001
1628841600,43.479,44.654,43.479,43.587,155889.212
1628856000,43.608,44.349,42.86,43.713,204050.41999999998
1628870400,43.654,44.014,43.254,43.561,108946.536
1628884800,43.543,44.963,43.427,44.9,233201.808
1628899200,44.885,44.901,43.7,44.127,71401.156
1628913600,44.116,44.684,43.707,44.512,40028.914000000004
1628928000,44.547,44.906,42.8,43.804,76560.57699999999
1628942400,43.797,44.168,43.082,44.109,59642.275
1628956800,44.116,44.224,43.58,43.904,55093.687
1628971200,43.887,44.319,43.061,44.178,54143.5
1628985600,44.201,45.819,43.921,44.623,89316.776
1629000000,44.609,45.588,43.43,43.69,75635.776
1629014400,43.661,47.157,43.427,46.784,98994.7
1629028800,46.781,48.88,46.04,48.726,200459.769
1629043200,48.703,54.778,47.919,53.022,1108579.704
1629057600,53.018,54.233,52.16,53.556,430815.637
1629072000,53.565,59.277,52.3,58.674,537658.8759999999
1629086400,58.622,64.892,57.66,61.987,862208.944
1629100800,61.987,62.613,60.628,61.931,187790.488
1629115200,61.886,68.988,61.0,67.184,1051983.189
1629129600,67.184,69.8,62.5,62.954,773494.056
1629144000,62.916,66.617,61.415,62.055,570358.633
1629158400,62.087,74.639,61.33,71.96,1329240.665
1629172800,71.968,75.0,69.05,74.073,550789.57
1629187200,74.048,74.373,69.461,70.256,330168.461
1629201600,70.239,71.531,66.956,69.84,529606.544
1629216000,69.879,69.916,64.062,65.118,642918.463
1629230400,65.207,67.933,58.677,64.169,1272058.198
1629244800,64.209,67.25,59.772,65.834,889031.0349999999
1629259200,65.834,70.336,63.899,67.504,555585.656
1629273600,67.552,78.19,67.518,75.019,975177.677
1629288000,74.935,80.55,73.513,77.423,1254185.694
1629302400,77.386,78.862,72.4,73.448,689567.927
1629316800,73.372,76.317,70.1,72.736,921414.642
1629331200,72.703,75.496,69.093,69.658,690471.488
1629345600,69.642,73.554,69.31,71.271,461690.59
1629360000,71.294,73.061,69.516,69.604,180843.619
1629374400,69.648,74.486,68.339,73.471,530654.11
1629388800,73.53,74.005,70.628,72.325,431478.51
1629403200,72.392,74.815,70.945,72.831,485564.512
1629417600,72.803,74.152,71.908,72.408,407720.162
1629432000,72.387,72.596,71.035,71.245,168119.077
1629446400,71.245,72.875,70.926,71.525,115375.101
1629460800,71.536,74.184,71.393,73.383,417402.595
1629475200,73.416,78.289,72.764,78.275,619396.736
1629489600,78.267,80.0,77.323,78.746,509429.282
1629504000,78.72,82.044,76.361,79.746,526560.096
1629518400,79.749,80.367,78.4,78.87,260884.956
1629532800,78.906,79.189,73.899,75.949,159473.702
1629547200,75.94,77.18,74.9,75.492,178720.151
1629561600,75.495,76.575,72.672,73.311,225501.735
1629576000,73.293,75.883,72.997,73.937,210059.75400000002
1629590400,73.896,75.625,73.501,74.378,137733.425
1629604800,74.37,75.8,74.318,75.558,105073.496
1629619200,75.606,77.64,75.298,77.154,115099.109
1629633600,77.181,77.407,73.5,74.611,147444.544
1629648000,74.616,75.129,71.65,73.193,207796.265
1629662400,73.173,73.995,71.321,72.809,206630.192
1629676800,72.811,75.95,72.089,75.449,306158.085
1629691200,75.473,75.661,73.164,73.409,187716.938
1629705600,73.385,74.089,71.814,72.8,123345.89199999999
1629720000,72.801,73.578,71.548,72.122,182751.032
1629734400,72.114,73.822,71.932,72.877,170644.834
1629748800,72.886,76.783,71.819,75.655,383169.23699999996
1629763200,75.655,79.0,73.462,78.251,494798.80000000005
1629777600,78.27,79.467,76.721,77.326,251094.381
1629792000,77.313,79.0,76.088,77.835,152470.61800000002
1629806400,77.835,77.91,71.554,71.899,574163.103
1629820800,71.979,72.66,68.595,71.671,495027.674
1629835200,71.623,72.719,69.69,70.591,245625.084
1629849600,70.503,72.4,70.35,70.726,232656.706
1629864000,70.652,72.82,70.317,71.118,166924.894
1629878400,71.232,71.233,66.151,67.71,332666.677
1629892800,67.708,71.566,66.421,71.251,502765.881
1629907200,71.312,71.464,69.616,70.244,227028.067
1629921600,70.213,71.986,70.213,71.986,202043.80599999998
1629936000,72.0,74.077,70.1,70.856,451575.512
1629950400,70.775,71.503,66.254,67.658,289177.29000000004
1629964800,67.678,68.499,66.603,67.254,189759.25699999998
1629979200,67.256,78.372,66.488,74.677,1013366.3150000001
1629993600,74.737,77.5,73.154,74.802,640115.601
1630008000,74.822,77.25,74.266,74.823,524698.625
1630022400,74.905,83.683,72.577,81.322,1243643.8059999999
1630036800,81.348,83.2,78.995,81.98,368978.902
1630051200,81.959,84.0,81.598,82.381,197644.287
1630065600,82.322,83.25,80.5,82.579,308307.411
1630080000,82.579,86.879,81.816,85.738,477638.098
1630094400,85.738,88.881,84.603,88.053,342057.844
1630108800,88.087,88.883,86.2,86.354,237938.409
1630123200,86.405,87.374,85.634,86.975,84530.587
1630137600,86.94,92.874,86.888,92.434,322872.463
1630152000,92.436,95.0,91.543,94.719,521843.884
1630166400,94.735,96.5,93.215,93.914,535621.686
1630180800,93.898,98.0,93.662,96.246,390047.691
1630195200,96.254,97.836,92.138,94.008,415366.979
1630209600,93.999,96.1,93.038,94.182,215477.9
1630224000,94.178,94.625,91.445,91.868,136745.932
1630238400,91.868,94.422,90.403,92.255,237401.063
1630252800,92.239,94.499,91.12,93.972,226469.349
1630267200,93.973,95.238,92.775,94.287,151070.483
1630281600,94.305,102.0,93.722,97.701,755291.571
1630296000,97.64,100.479,95.743,100.126,377923.252
1630310400,100.153,102.143,98.645,101.082,244354.349
1630324800,101.057,107.018,98.169,105.713,839822.23
1630339200,105.713,116.6,104.473,109.685,1619977.053
1630353600,109.683,115.204,107.337,110.347,954066.4739999999
1630368000,110.347,115.325,108.692,115.201,857732.064
1630382400,115.207,120.467,114.5,119.684,640536.85
1630396800,119.736,124.999,117.267,124.803,501313.328
1630411200,124.822,130.066,114.273,116.5,1657281.196
1630425600,116.5,117.506,106.128,114.786,1856887.011
1630440000,114.784,114.797,103.099,108.29,1043768.026
1630454400,108.29,112.572,105.96,111.234,609338.39
1630468800,111.234,114.974,107.35,110.17,491691.17299999995
1630483200,110.17,117.0,109.155,116.169,378607.551
1630497600,116.18,119.68,113.213,117.283,713322.298
1630512000,117.313,118.889,113.961,115.02,639662.618
1630526400,115.048,115.22,110.001,110.671,609927.767
1630540800,110.674,114.55,109.203,113.623,498442.39599999995
1630555200,113.623,117.287,112.858,114.449,239791.486
1630569600,114.486,117.99,114.207,115.003,209835.519
1630584000,115.003,123.667,114.545,121.938,538259.164
1630598400,121.959,129.0,119.604,127.28,1111435.564
1630612800,127.28,132.162,125.3,128.346,713663.647
1630627200,128.339,137.237,128.174,135.458,1112549.341
1630641600,135.437,146.377,133.401,144.669,857445.277
1630656000,144.668,145.206,136.105,139.376,728230.567
1630670400,139.41,143.5,137.9,140.185,627346.102
1630684800,140.184,143.5,138.426,142.987,502017.394
1630699200,142.986,149.062,141.616,146.524,751428.552
1630713600,146.487,150.721,145.001,148.456,678064.811
1630728000,148.456,149.859,145.0,146.033,314870.417
1630742400,146.03,147.775,140.578,141.756,268210.063
1630756800,141.704,144.49,139.411,142.479,459457.86
1630771200,142.45,143.067,135.681,139.04,552777.165
1630785600,139.026,142.25,138.386,138.998,308165.041
1630800000,139.01,145.258,137.918,140.833,349686.735
1630814400,140.797,142.162,138.882,139.147,169695.022
1630828800,139.147,141.996,139.104,140.55,117407.91500000001
1630843200,140.509,140.586,135.011,136.451,415415.983
1630857600,136.438,138.9,135.281,138.0,295594.428
1630872000,137.999,144.837,136.9,142.138,500608.566
1630886400,142.137,143.595,139.425,140.995,290478.338
1630900800,140.97,147.0,140.101,146.081,223604.307
1630915200,146.127,146.742,141.316,142.564,182397.01
1630929600,142.602,151.81,137.512,151.56,629177.744
1630944000,151.559,164.82,151.537,162.499,1125158.031
1630958400,162.499,166.206,159.862,164.316,661567.012
1630972800,164.377,175.5,162.218,173.512,939243.361
1630987200,173.511,195.7,172.993,187.946,1721135.739
1631001600,187.962,189.948,174.682,182.73,1011050.425
1631016000,182.729,185.836,134.242,170.482,2205294.495
1631030400,170.56,200.0,161.75,173.777,2110398.259
1631044800,173.777,179.99,160.5,173.4,1212814.762
1631059200,173.4,180.0,167.175,173.247,806040.942
1631073600,173.255,174.985,152.25,152.3,818155.367
1631088000,152.525,166.638,146.69,160.745,762719.641
1631102400,160.73,168.0,152.163,166.59,1153416.337
1631116800,166.486,195.011,164.145,194.69,1361471.896
1631131200,194.794,198.0,182.753,191.03,1854934.341
1631145600,190.927,216.47,188.914,211.235,2123594.7369999997
1631160000,211.206,214.596,201.57,207.663,701921.587
1631174400,207.623,213.821,205.149,206.728,522621.112
1631188800,206.746,208.672,193.67,201.287,1210698.175
1631203200,201.272,202.818,180.901,185.135,1164471.16
1631217600,185.074,199.568,183.7,187.908,813429.052
1631232000,187.907,197.489,182.641,194.285,631996.424
1631246400,194.23,195.0,181.2,182.577,397716.875
1631260800,182.576,185.756,175.171,184.327,549805.768
1631275200,184.397,184.549,167.808,179.539,1019725.283
1631289600,179.596,183.408,171.379,181.81,661059.164
1631304000,181.81,184.078,170.5,179.51,753232.51
1631318400,179.557,193.775,177.09,181.549,854791.792
1631332800,181.55,183.574,175.3,178.697,383091.21499999997
1631347200,178.731,187.356,175.917,181.252,275499.714
1631361600,181.348,191.537,180.326,188.446,417774.628
1631376000,188.525,190.029,181.521,181.96,293787.13800000004
1631390400,181.934,184.23,175.727,179.122,413695.382
1631404800,179.122,180.701,173.065,179.0,394619.586
1631419200,179.063,180.1,174.757,177.967,143096.09399999998
1631433600,177.967,181.675,177.462,179.05,103322.956
1631448000,179.05,180.428,176.292,179.012,233466.67700000003
1631462400,179.001,179.763,174.142,177.695,288996.548
1631476800,177.76,179.99,170.175,174.272,457468.38899999997
1631491200,174.288,174.601,154.168,154.783,1235619.528
1631505600,154.98,163.308,151.151,152.786,565888.583
1631520000,152.933,161.128,150.331,160.212,375724.735
1631534400,160.202,167.8,151.0,157.082,770473.865
1631548800,157.02,166.099,154.182,164.206,556203.9750000001
1631563200,164.268,175.153,164.265,169.797,585897.415
1631577600,169.57,171.95,163.651,167.471,421724.685
1631592000,167.452,168.876,163.312,166.0,231029.308
1631606400,165.993,171.466,163.676,165.141,214252.343
1631620800,165.104,165.881,155.0,159.202,728506.378
1631635200,159.249,159.999,150.33,153.808,1000108.3970000001
1631649600,153.808,159.751,142.0,158.64,1646791.229
1631664000,158.64,163.878,155.9,157.212,850718.417
1631678400,157.244,166.386,153.75,162.021,450288.842
1631692800,161.933,164.154,156.019,157.565,218968.24
1631707200,157.565,162.444,154.66,161.847,422720.456
1631721600,161.847,164.55,159.827,161.604,343309.287
1631736000,161.586,161.761,155.266,158.433,318810.176
1631750400,158.478,159.396,152.0,154.977,324725.716
1631764800,154.98,162.95,154.61,160.421,246658.891
1631779200,160.421,161.581,157.326,158.357,187257.235
1631793600,158.373,159.329,153.063,154.731,388889.342
1631808000,154.715,159.594,150.65,152.222,420204.562
1631822400,152.25,152.788,147.254,152.043,489209.312
1631836800,152.018,153.341,146.0,148.426,494411.571
1631851200,148.427,150.04,143.0,143.311,352288.136
1631865600,143.31,145.408,134.1,138.819,869294.455
1631880000,138.854,146.192,137.03,144.732,679369.385
1631894400,144.73,145.984,138.635,144.75,790880.181
1631908800,144.7,149.0,140.5,147.592,568385.977
1631923200,147.619,149.114,144.348,145.029,486507.044
1631937600,145.013,158.858,144.2,157.734,653485.993
1631952000,157.7,164.826,157.19,161.091,756370.764
1631966400,161.028,164.689,160.254,163.888,662721.344
1631980800,163.853,165.503,161.25,162.723,650135.287
1631995200,162.723,171.726,157.67,169.336,740998.902
1632009600,169.391,171.06,162.063,164.328,621334.436
1632024000,164.306,165.218,159.9,161.677,307372.164
1632038400,161.704,163.593,155.015,156.147,370799.376
1632052800,156.123,162.259,155.532,159.456,379902.487
1632067200,159.449,160.325,153.089,154.35,336895.113
1632081600,154.35,156.774,150.66,152.842,349051.797
1632096000,152.81,153.432,142.214,145.198,705716.553
1632110400,145.114,146.518,137.0,139.237,504821.43
1632124800,139.192,143.847,135.0,137.404,547541.949
1632139200,137.466,147.461,130.275,144.07,1136364.718
1632153600,144.064,146.125,133.031,138.739,971841.824
1632168000,138.681,142.427,131.358,132.567,710240.033
1632182400,132.622,141.78,125.0,136.382,1075712.352
1632196800,136.409,143.54,133.573,143.355,441183.7
1632211200,143.233,144.653,140.309,142.817,313120.78
1632225600,142.819,143.423,135.531,138.594,505329.788
1632240000,138.534,138.634,127.122,127.122,749463.887
1632254400,127.18,128.861,116.0,124.3,1562409.759
1632268800,124.219,132.313,122.105,129.027,866206.577
1632283200,128.994,134.168,126.703,132.973,477693.529
1632297600,132.965,133.85,127.7,128.746,336668.456
1632312000,128.705,142.707,128.107,141.775,1026958.561
1632326400,141.842,152.408,140.343,146.54,1319435.087
1632340800,146.541,150.134,143.773,148.197,569520.881
1632355200,148.19,151.74,144.705,148.778,458906.998
1632369600,148.773,152.034,145.813,151.527,251922.53
1632384000,151.581,152.477,143.021,144.482,295176.796
1632398400,144.461,150.99,143.613,146.152,377925.984
1632412800,146.128,152.113,144.741,149.779,463270.865
1632427200,149.752,151.049,146.316,150.034,356373.966
1632441600,150.0,151.421,144.53,144.933,332209.499
1632456000,144.911,146.342,141.0,144.669,373145.827
1632470400,144.629,146.44,128.0,134.989,718333.754
1632484800,134.983,141.33,131.003,137.694,733363.944
1632499200,137.736,139.8,136.442,138.388,365863.566
1632513600,138.35,144.368,138.088,139.308,426064.507
1632528000,139.272,142.363,136.772,138.642,266836.662
1632542400,138.659,144.09,138.659,140.153,191799.07
1632556800,140.154,142.293,135.5,140.131,178560.172
1632571200,140.154,140.833,136.455,138.736,203134.354
1632585600,138.714,139.3,135.8,137.425,178252.857
1632600000,137.4,137.584,133.554,136.117,146240.074
1632614400,136.109,136.379,128.4,131.077,362741.536
1632628800,131.111,132.076,125.0,127.171,264797.28099999996
1632643200,127.095,137.45,125.914,135.201,261311.514
1632657600,135.241,140.338,134.722,140.148,214965.419
1632672000,140.148,140.888,135.272,136.229,171482.003
1632686400,136.288,139.478,133.352,135.698,214830.106
1632700800,135.632,143.249,133.75,139.348,288659.041
1632715200,139.281,142.599,137.695,138.215,134512.149
1632729600,138.258,149.0,137.947,147.391,352353.028
1632744000,147.367,148.368,143.3,145.345,336479.314
1632758400,145.384,145.542,140.519,143.389,326297.014
1632772800,143.328,143.34,135.55,136.35,288277.226
1632787200,136.378,138.727,135.141,138.224,210300.475
1632801600,138.217,139.484,132.412,133.644,163315.273
1632816000,133.658,136.389,132.9,135.755,158556.251
1632830400,135.885,136.387,130.225,130.398,364140.078
1632844800,130.422,132.182,128.167,131.019,285258.655
1632859200,131.062,134.623,130.158,132.182,170941.91700000002
1632873600,132.214,139.3,132.092,138.799,341466.572
1632888000,138.805,140.098,137.889,139.759,168942.153
1632902400,139.791,140.067,136.888,139.574,265494.75399999996
1632916800,139.587,140.156,134.786,135.599,329421.419
1632931200,135.586,136.311,131.61,132.044,280917.81
1632945600,132.046,135.439,131.101,135.304,241536.366
1632960000,135.241,140.124,134.848,139.865,377102.113
1632974400,140.089,141.32,136.801,136.898,236804.368
1632988800,136.909,139.023,134.069,137.344,162623.456
1633003200,137.354,139.58,136.88,138.276,204605.575
1633017600,138.324,142.951,136.167,139.25,297012.632
1633032000,139.195,141.689,138.019,141.358,187419.337
1633046400,141.358,144.98,138.242,139.582,263716.315
1633060800,139.568,143.827,139.107,142.786,120256.985
1633075200,142.76,156.247,142.481,153.44,310334.15499999997
1633089600,153.425,159.394,149.469,157.604,602936.058
1633104000,157.605,165.0,155.473,162.825,543941.215
1633118400,162.917,163.331,156.861,161.649,375348.939
1633132800,161.682,161.753,156.24,156.747,265625.56
1633147200,156.79,160.357,156.42,158.55,188383.881
1633161600,158.559,159.515,156.671,159.174,87117.615
1633176000,159.148,170.835,158.763,170.597,379151.74199999997
1633190400,170.597,175.108,170.261,174.989,482593.033
1633204800,175.022,175.064,166.054,168.979,295622.157
1633219200,169.057,171.762,165.537,170.699,251638.51
1633233600,170.695,173.993,168.93,171.753,158554.982
1633248000,171.688,173.447,168.84,170.979,96186.66200000001
1633262400,170.949,177.935,170.55,172.508,285643.767
1633276800,172.57,177.2,172.181,175.741,210187.083
1633291200,175.8,176.138,167.801,173.129,324651.192
1633305600,173.15,173.151,166.055,167.2,235888.343
1633320000,167.142,170.179,164.003,169.658,163386.69499999998
1633334400,169.658,169.827,164.923,165.921,141746.54200000002
1633348800,165.952,172.7,162.102,166.546,341739.181
1633363200,166.509,172.413,165.843,169.268,282922.45999999996
1633377600,169.279,169.705,165.423,167.212,276644.412
1633392000,167.231,170.25,164.215,166.914,226611.66100000002
1633406400,166.914,167.95,165.249,166.203,103428.617
1633420800,166.193,170.0,165.427,168.462,175941.691
1633435200,168.45,169.79,162.0,162.354,367884.19
1633449600,162.421,163.799,160.0,161.816,343778.21900000004
1633464000,161.867,167.146,161.776,164.623,282627.201
1633478400,164.679,165.527,157.973,158.016,257825.861
1633492800,157.981,159.842,154.12,155.983,367880.859
1633507200,155.987,156.39,150.29,152.978,276596.903
1633521600,152.938,162.9,152.116,160.898,543710.791
1633536000,160.827,161.7,157.731,159.838,234500.54499999998
1633550400,159.876,160.186,152.604,153.922,458071.29000000004
1633564800,153.949,155.079,150.35,152.105,390038.50800000003
1633579200,152.104,159.396,151.9,158.543,230571.65399999998
1633593600,158.559,160.209,154.267,157.894,208584.03999999998
1633608000,157.841,161.5,153.736,155.994,355705.172
1633622400,156.022,157.238,153.6,156.216,261266.374
1633636800,156.216,159.0,153.14,154.338,263643.694
1633651200,154.355,157.152,152.645,154.461,161942.17200000002
1633665600,154.419,159.0,152.368,158.757,139870.396
1633680000,158.775,166.661,157.888,162.332,241336.152
1633694400,162.297,169.0,160.158,166.795,614215.499
1633708800,166.787,168.137,162.439,163.544,281593.452
1633723200,163.544,163.544,157.19,158.833,240995.376
1633737600,158.858,160.551,156.166,160.048,164785.14299999998
1633752000,160.079,161.581,158.846,159.221,121828.504
1633766400,159.249,160.504,157.493,158.342,80822.68
1633780800,158.36,160.249,157.123,157.987,200045.811
1633795200,157.992,158.42,156.123,156.382,249540.825
1633809600,156.429,157.836,154.23,156.827,222101.567
1633824000,156.783,156.913,152.551,155.448,221357.39200000002
1633838400,155.518,157.0,154.627,154.971,58536.869
1633852800,155.043,158.554,154.012,154.693,48734.587
1633867200,154.687,154.945,153.0,154.552,85589.862
1633881600,154.582,154.769,152.051,153.555,139985.328
1633896000,153.534,154.73,145.67,147.624,314551.385
1633910400,147.637,151.63,145.51,151.468,255047.54499999998
1633924800,151.527,152.969,150.384,152.413,99604.574
1633939200,152.348,154.0,147.216,148.624,131534.532
1633953600,148.658,150.06,146.812,147.844,210779.735
1633968000,147.845,148.12,141.374,141.676,406569.164
1633982400,141.613,145.492,140.175,144.853,276942.554
1633996800,144.854,145.901,140.806,143.169,232385.512
1634011200,143.184,145.597,141.288,143.47,127932.81599999999
1634025600,143.396,145.265,140.27,142.562,154037.411
1634040000,142.535,145.262,137.66,143.613,426901.53
1634054400,143.538,153.626,142.935,150.199,859837.991
1634068800,150.171,153.238,148.006,152.452,472752.441
1634083200,152.441,155.549,148.414,149.281,326919.065
1634097600,149.324,150.417,144.584,145.444,176368.345
1634112000,145.37,147.644,145.279,146.869,106351.123
1634126400,146.91,147.456,144.344,146.302,137662.178
1634140800,146.359,147.866,144.591,144.987,211172.103
1634155200,145.025,149.121,144.75,148.039,214471.26
1634169600,148.068,150.978,147.318,149.72,224451.661
1634184000,149.784,152.141,148.524,150.442,134106.709
1634198400,150.414,154.132,149.883,153.94,146081.80599999998
1634212800,153.939,155.65,152.284,152.848,293740.26900000003
1634227200,152.832,153.512,148.61,150.121,218811.47600000002
1634241600,150.086,151.504,148.963,150.016,130572.068
1634256000,150.026,151.465,146.75,150.879,217089.037
1634270400,150.879,163.33,150.879,161.515,441072.477
1634284800,161.658,165.268,157.0,157.933,304714.053
1634299200,157.909,163.221,157.088,159.365,245144.19300000003
1634313600,159.362,163.015,158.75,160.375,263257.15
1634328000,160.38,164.297,159.074,163.214,273918.875
1634342400,163.193,163.5,158.2,158.741,177179.982
1634356800,158.691,159.697,157.577,158.367,72914.356
1634371200,158.365,164.766,158.032,162.319,105639.724
1634385600,162.252,162.907,158.8,159.638,125374.396
1634400000,159.636,160.121,158.1,158.238,90785.662
1634414400,158.252,158.833,156.578,157.562,91901.31
1634428800,157.615,163.0,156.777,162.902,113813.468
1634443200,162.942,165.0,160.651,162.104,169775.229
1634457600,162.112,167.5,162.099,163.598,130063.658
1634472000,163.592,165.484,160.036,160.731,141329.557
1634486400,160.743,161.756,158.196,158.8,121842.59
1634500800,158.795,160.128,153.2,160.097,257534.063
1634515200,160.132,162.952,159.16,159.918,154449.325
1634529600,159.924,161.465,158.641,158.841,62461.854
1634544000,158.821,159.896,156.0,156.995,118393.35800000001
1634558400,156.902,159.748,155.6,156.771,157841.63199999998
1634572800,156.714,157.913,155.0,156.733,183249.79
1634587200,156.733,158.233,155.566,157.15,94258.919
1634601600,157.125,158.938,156.07,158.486,105533.779
1634616000,158.526,159.4,156.712,157.677,54273.993
1634630400,157.677,157.912,156.1,157.038,46598.471
1634644800,157.076,157.99,154.863,155.539,127865.367
1634659200,155.562,156.573,154.467,154.581,208498.698
1634673600,154.551,157.295,153.183,155.85,158693.828
1634688000,155.852,157.528,155.662,155.87,83900.555
1634702400,155.839,157.198,155.144,156.601,61135.332
1634716800,156.597,160.2,155.95,160.12,77506.549
1634731200,160.108,170.0,159.525,168.885,417047.335
1634745600,168.886,174.961,166.897,173.061,559213.012
1634760000,173.084,176.89,170.0,176.787,345139.68799999997
1634774400,176.759,190.0,176.759,184.239,981926.464
1634788800,184.194,188.973,179.999,187.051,277813.532
1634803200,187.033,194.415,181.6,187.045,396420.033
1634817600,187.098,191.166,178.0,182.656,628637.019
1634832000,182.675,188.543,180.489,184.704,426526.211
1634846400,184.813,191.14,182.75,190.473,447932.036
1634860800,190.501,205.281,188.025,201.801,944796.3420000001
1634875200,201.736,208.233,200.327,203.341,309036.862
1634889600,203.261,206.047,201.201,204.295,183100.331
1634904000,204.294,215.0,201.887,206.449,803902.602
1634918400,206.414,211.0,195.3,197.624,743594.4110000001
1634932800,197.624,199.865,191.726,196.247,404103.988
1634947200,196.246,204.0,192.017,202.859,290281.979
1634961600,202.889,205.719,198.558,201.386,150193.892
1634976000,201.308,203.124,196.89,202.294,149641.791
1634990400,202.35,202.675,196.759,199.236,193077.34399999998
1635004800,199.236,201.689,192.78,193.649,375604.206
1635019200,193.648,198.231,193.6,197.707,184392.084
1635033600,197.71,200.183,195.736,196.54,140482.84
1635048000,196.562,196.587,192.275,194.115,209452.57
1635062400,194.135,196.36,188.67,188.745,139849.047
1635076800,188.731,192.591,185.417,186.587,289678.405
1635091200,186.556,191.784,185.313,191.644,238963.497
1635105600,191.583,205.0,190.505,202.304,523310.381
1635120000,202.303,203.952,198.127,201.717,285704.84500000003
1635134400,201.752,210.741,200.859,207.763,263298.759
1635148800,207.77,212.69,205.564,208.002,209440.905
1635163200,208.004,218.97,204.824,218.702,478823.11199999996
1635177600,218.702,218.813,209.97,210.329,424072.794
1635192000,210.368,214.269,207.677,209.6,321135.596
1635206400,209.585,214.163,207.545,208.7,224367.634
1635220800,208.699,209.401,205.58,209.393,142253.301
1635235200,209.377,211.696,207.28,207.292,130767.048
1635249600,207.3,208.446,202.373,206.654,414540.62
1635264000,206.654,209.688,204.131,206.986,230266.668
1635278400,206.999,207.585,196.446,199.857,544191.944
1635292800,199.911,204.851,198.1,202.831,301950.393
1635307200,202.906,205.599,194.064,194.127,252288.271
1635321600,194.213,196.143,179.761,190.045,726799.8
1635336000,190.068,194.337,187.194,189.084,392091.745
1635350400,189.13,192.313,184.731,189.448,366866.752
1635364800,189.453,191.197,181.525,184.682,369702.226
1635379200,184.682,190.476,181.75,186.913,337379.394
1635393600,187.008,191.422,184.845,186.842,319234.629
1635408000,186.841,199.32,186.817,195.59,283606.703
1635422400,195.568,201.561,194.782,197.313,343323.328
1635436800,197.286,198.935,191.5,198.36,339755.925
1635451200,198.362,201.0,193.934,195.377,231436.771
1635465600,195.481,205.307,194.627,201.718,316224.566
1635480000,201.713,202.264,196.557,198.061,146231.595
1635494400,198.052,199.725,195.59,196.407,98871.766
1635508800,196.349,203.495,195.647,201.948,272889.45499999996
1635523200,201.939,204.98,199.694,200.591,283844.703
1635537600,200.647,203.884,199.196,200.439,145131.14899999998
1635552000,200.428,200.687,196.511,197.097,150159.446
1635566400,197.098,199.07,196.018,198.123,78056.261
1635580800,198.196,198.714,195.17,197.143,70919.245
1635595200,197.178,197.411,190.348,193.181,196900.561
1635609600,193.194,194.845,191.145,194.69,147212.251
1635624000,194.744,196.004,187.51,195.913,247287.701
1635638400,195.924,197.064,191.232,192.069,208911.48500000002
1635652800,192.062,192.717,189.288,190.622,99532.349
1635667200,190.693,190.771,186.01,186.518,113083.761
1635681600,186.474,202.0,185.584,195.224,317235.44
1635696000,195.218,198.809,193.211,196.148,190701.564
1635710400,196.146,205.264,195.118,202.673,332095.34599999996
1635724800,202.673,210.203,199.212,201.076,474415.267
1635739200,201.108,210.0,197.85,209.937,296562.88899999997
1635753600,209.94,211.687,204.242,204.87,175405.238
1635768000,204.952,206.587,201.175,204.243,217414.683
1635782400,204.196,204.672,198.919,204.234,272714.278
1635796800,204.195,206.373,200.943,204.035,192532.661
1635811200,204.061,204.997,201.024,204.117,136941.486
1635825600,204.175,206.0,202.98,203.702,115499.513
1635840000,203.702,208.193,202.637,204.548,138411.558
1635854400,204.555,209.13,203.896,209.097,186421.363
1635868800,209.092,217.896,206.769,217.347,561772.231
1635883200,217.441,222.428,212.3,221.168,449211.467
1635897600,221.031,232.0,216.003,229.938,644152.507
1635912000,229.938,232.822,224.189,232.599,258095.713
1635926400,232.6,235.236,227.122,231.857,254606.83299999998
1635940800,231.881,232.327,223.151,225.639,382972.94200000004
1635955200,225.597,238.252,221.075,234.957,520276.544
1635969600,234.974,246.884,234.664,243.553,623611.719
1635984000,243.525,247.98,238.135,238.283,352346.721
1635998400,238.267,244.3,235.776,238.383,182889.59
1636012800,238.382,244.251,237.09,239.204,186997.214
1636027200,239.209,245.59,236.115,238.709,409656.885
1636041600,238.758,242.943,234.421,240.753,405689.123
1636056000,240.701,250.566,239.239,247.244,367651.014
1636070400,247.202,248.622,240.869,243.288,255107.799
1636084800,243.179,244.556,240.667,242.979,117779.893
1636099200,243.023,244.02,236.5,236.707,147192.204
1636113600,236.673,238.977,230.537,233.537,313408.676
1636128000,233.593,239.0,232.648,236.114,185796.674
1636142400,236.094,238.151,231.523,236.364,181704.535
1636156800,236.306,242.294,235.016,240.076,151321.77300000002
1636171200,240.076,248.172,239.892,246.155,210795.32
1636185600,246.11,252.946,240.205,242.433,177978.745
1636200000,242.466,254.613,237.87,253.51,279504.76
1636214400,253.485,255.0,248.36,254.444,281056.00399999996
1636228800,254.446,260.0,252.455,258.763,297943.13899999997
1636243200,258.764,258.926,251.496,254.578,221955.19
1636257600,254.503,258.829,252.884,253.064,147281.014
1636272000,253.064,254.004,250.116,252.872,102626.34
1636286400,252.872,254.71,250.901,252.425,159412.553
1636300800,252.467,253.683,246.622,247.188,220430.438
1636315200,247.165,250.918,245.8,249.808,180850.106
1636329600,249.807,250.149,240.583,248.218,606697.802
1636344000,248.236,249.457,244.093,245.959,121016.23000000001
1636358400,245.984,247.878,242.686,244.078,78425.817
1636372800,243.982,248.727,242.979,248.433,195167.006
1636387200,248.486,253.391,245.922,246.523,266832.338
1636401600,246.523,249.595,242.9,248.422,182882.796
1636416000,248.354,253.259,246.3,246.76,236276.611
1636430400,246.83,248.38,245.189,246.75,227212.977
1636444800,246.766,249.123,245.0,246.029,125222.423
1636459200,246.069,246.441,237.536,240.68,346914.279
1636473600,240.6,243.5,237.85,240.229,221780.942
1636488000,240.197,242.698,238.766,239.045,142350.825
1636502400,239.045,241.279,235.884,236.671,206984.029
1636516800,236.66,243.37,235.405,240.97,137707.74300000002
1636531200,240.863,243.935,240.416,240.54,81375.314
1636545600,240.585,248.163,236.452,245.082,286175.527
1636560000,245.011,246.156,236.0,236.475,263913.637
1636574400,236.5,238.849,217.0,233.277,737249.613
1636588800,233.2,239.253,229.508,239.049,199936.973
1636603200,239.093,246.49,237.854,244.197,180875.421
1636617600,244.331,246.153,239.975,239.975,126511.05900000001
1636632000,239.975,243.252,237.319,239.594,331685.08499999996
1636646400,239.615,240.982,235.394,237.867,179122.226
1636660800,237.868,238.89,233.401,233.498,169648.897
1636675200,233.477,239.0,230.111,232.31,232803.812
1636689600,232.325,234.865,227.1,228.126,161620.012
1636704000,228.184,231.709,224.932,226.126,150626.92200000002
1636718400,226.096,229.434,221.439,222.411,272087.722
1636732800,222.364,232.689,221.0,228.908,278503.088
1636747200,228.959,233.471,228.0,228.53,146302.626
1636761600,228.486,232.822,225.423,225.495,147332.822
1636776000,225.464,227.402,224.919,226.952,83036.564
1636790400,226.997,228.93,225.089,226.981,59983.738
1636804800,226.938,237.5,226.428,233.91,217056.36699999997
1636819200,233.886,239.442,233.837,237.315,261324.244
1636833600,237.315,242.098,237.103,241.776,204063.005
1636848000,241.718,242.07,236.566,237.475,147715.356
1636862400,237.451,238.918,234.932,235.45,132297.108
1636876800,235.491,237.5,233.732,236.603,94630.775
1636891200,236.552,239.049,234.135,234.434,144206.821
1636905600,234.415,236.024,230.481,235.526,192651.819
1636920000,235.524,239.043,235.402,238.702,171660.772
1636934400,238.735,244.7,237.738,243.956,248108.55
1636948800,243.981,244.73,240.815,241.499,149623.767
1636963200,241.505,244.0,240.02,243.029,67847.056
1636977600,243.013,246.382,238.502,239.81,200526.174
1636992000,239.809,242.358,237.725,240.247,189443.353
1637006400,240.313,240.517,234.316,238.218,251383.028
1637020800,238.217,238.219,224.294,226.806,407463.505
1637035200,226.863,230.83,224.55,226.779,209295.69199999998
1637049600,226.743,229.71,214.469,224.999,324649.855
1637064000,224.999,227.891,220.443,225.466,273141.267
1637078400,225.37,227.056,222.339,225.933,239439.342
1637092800,225.926,225.945,217.006,219.155,290308.445
1637107200,219.191,221.4,211.845,212.585,386901.08400000003
1637121600,212.632,216.558,210.873,214.777,230124.79200000002
1637136000,214.767,220.495,209.943,220.297,211834.888
1637150400,220.296,222.525,210.025,213.743,293378.538
1637164800,213.793,217.74,211.501,214.551,249425.59100000001
1637179200,214.613,219.071,212.769,219.044,164260.328
1637193600,219.04,222.886,216.751,216.844,276368.319
1637208000,216.837,218.194,211.477,212.612,164909.229
1637222400,212.699,213.321,207.466,207.857,182685.964
1637236800,207.905,209.612,193.0,197.083,678354.583
1637251200,197.087,202.352,186.77,200.424,852798.9670000001
1637265600,200.443,203.052,192.635,195.252,386944.787
1637280000,195.265,202.87,189.266,192.217,447673.85199999996
1637294400,192.185,200.112,191.708,196.583,186184.76
1637308800,196.555,206.627,196.439,203.068,187736.849
1637323200,203.069,216.358,202.149,214.581,369184.80700000003
1637337600,214.577,220.0,213.789,217.689,353356.163
1637352000,217.64,218.843,212.92,215.385,191378.18600000002
1637366400,215.441,221.374,213.513,215.164,232430.662
1637380800,215.176,216.217,213.0,213.072,101042.418
1637395200,213.072,217.3,212.56,215.691,63318.539000000004
1637409600,215.707,216.295,207.246,207.301,181429.378
1637424000,207.318,217.932,206.0,215.568,205022.84499999997
1637438400,215.64,219.0,215.582,217.865,129730.646
1637452800,217.865,218.422,211.135,211.849,126965.14
1637467200,211.807,215.32,211.161,213.817,106185.522
1637481600,213.916,214.356,210.868,211.676,84164.696
1637496000,211.643,215.516,210.622,215.274,148702.684
1637510400,215.274,233.564,214.9,229.04,439937.014
1637524800,228.964,235.584,226.682,230.785,357317.778
1637539200,230.752,232.269,220.08,220.652,335921.36
1637553600,220.63,222.545,215.623,216.385,251700.24
1637568000,216.385,224.625,216.113,219.115,159100.106
1637582400,219.12,225.545,214.575,222.662,218170.21600000001
1637596800,222.701,225.5,212.199,212.99,354363.288
1637611200,212.992,219.095,211.757,215.788,196959.758
1637625600,215.768,221.913,214.422,221.071,178823.008
1637640000,221.046,221.233,212.244,212.995,121124.737
1637654400,212.994,216.664,211.0,212.232,156538.052
1637668800,212.301,219.768,211.138,216.005,173734.054
1637683200,216.044,224.788,215.947,224.546,187717.637
1637697600,224.587,226.193,221.41,221.97,178813.473
1637712000,221.971,222.073,214.101,217.187,160771.594
1637726400,217.151,220.38,215.368,216.979,90156.44
1637740800,216.976,219.825,214.093,214.604,108279.38
1637755200,214.596,215.328,207.197,212.5,362966.838
1637769600,212.422,214.0,200.14,202.097,307031.664
1637784000,202.122,207.992,200.837,205.685,212725.72
1637798400,205.752,211.68,204.857,210.956,217742.268
1637812800,210.956,211.3,204.922,205.823,167102.326
1637827200,205.878,209.918,202.054,208.564,188314.0
1637841600,208.579,214.849,208.124,214.633,254359.579
1637856000,214.697,216.5,210.121,210.671,199328.50900000002
1637870400,210.662,212.385,207.71,210.139,113599.401
1637884800,210.124,210.647,205.369,205.685,122092.103
1637899200,205.621,207.238,200.0,201.333,141234.805
1637913600,201.377,201.393,184.32,185.27,509239.186
1637928000,185.362,198.453,182.91,192.836,431671.913
1637942400,192.907,198.616,190.147,197.922,338579.42
1637956800,197.922,200.957,191.412,192.541,252989.34600000002
1637971200,192.481,196.495,191.478,195.577,147670.335
1637985600,195.592,198.614,192.77,194.438,148431.868
1638000000,194.367,198.789,194.316,196.324,157695.519
1638014400,196.346,199.511,196.287,196.538,136522.888
1638028800,196.57,199.302,196.03,196.465,146254.612
1638043200,196.449,197.85,190.627,192.952,163856.356
1638057600,192.942,193.251,185.0,187.265,292434.723
1638072000,187.207,190.229,186.138,189.946,111918.26
1638086400,189.97,191.621,187.5,190.198,76217.31
1638100800,190.198,191.521,188.114,189.177,99115.097
1638115200,189.185,189.914,181.067,188.652,232472.266
1638129600,188.652,203.009,188.652,200.907,298919.238
1638144000,200.838,204.0,199.863,201.108,229662.74300000002
1638158400,201.084,206.891,200.976,204.005,186623.43
1638172800,203.999,206.404,201.437,203.593,163624.555
1638187200,203.621,210.903,203.34,207.133,255366.265
1638201600,207.08,212.993,205.722,206.21,274680.822
1638216000,206.218,208.2,203.86,204.187,248739.402
1638230400,204.205,206.734,201.35,203.908,184689.193
1638244800,203.93,206.326,200.181,201.948,141664.845
1638259200,202.009,207.678,199.711,207.341,117786.764
1638273600,207.359,218.549,207.353,213.775,412405.043
1638288000,213.84,216.351,208.067,215.681,307024.466
1638302400,215.681,216.0,208.432,208.676,309752.403
1638316800,208.716,215.232,207.821,215.176,269977.399
1638331200,215.149,221.119,214.508,218.748,254666.236
1638345600,218.783,224.634,216.613,221.553,282853.134
1638360000,221.554,230.0,220.883,229.758,352385.33900000004
1638374400,229.758,232.492,221.713,230.307,340619.025
1638388800,230.281,231.157,220.27,229.928,415609.368
1638403200,229.928,236.387,220.113,224.482,432164.525
1638417600,224.494,227.574,221.657,223.047,147251.488
1638432000,223.095,229.89,222.701,227.006,85667.154
1638446400,226.889,232.295,222.0,229.642,249542.217
1638460800,229.617,235.9,225.0,234.196,282315.3
1638475200,234.181,243.564,231.823,233.845,522318.25399999996
1638489600,233.808,236.541,226.569,230.239,227521.907
1638504000,230.258,235.485,228.421,232.686,145668.126
1638518400,232.691,238.592,230.01,237.873,113897.204
1638532800,237.925,239.609,222.889,224.297,357414.908
1638547200,224.314,226.2,210.777,212.704,693152.932
1638561600,212.784,219.319,204.12,211.757,433908.432
1638576000,211.701,212.7,196.094,196.134,382505.546
1638590400,196.2,210.0,176.0,193.378,1052961.6639999999
1638604800,193.232,197.027,185.85,188.623,276841.18799999997
1638619200,188.599,208.0,188.521,205.452,445401.198
1638633600,205.308,213.0,198.832,207.612,286026.526
1638648000,207.612,211.0,198.533,201.114,204610.10700000002
1638662400,201.102,204.78,191.359,196.944,342055.5
1638676800,196.944,203.825,194.464,200.802,155369.323
1638691200,200.803,201.99,195.604,196.402,99899.17
1638705600,196.43,200.775,181.5,185.571,444035.619
1638720000,185.601,191.336,185.167,190.453,363405.41000000003
1638734400,190.502,198.094,187.0,196.687,306020.624
1638748800,196.758,197.466,187.583,193.592,272857.154
1638763200,193.466,196.67,183.21,185.3,198530.776
1638777600,185.265,189.947,176.45,182.088,419967.88899999997
1638792000,182.156,188.655,179.201,188.549,392011.269
1638806400,188.53,192.333,185.784,187.701,304206.62
1638820800,187.723,197.875,187.723,193.751,475054.595
1638835200,193.721,198.3,193.421,195.658,287685.181
1638849600,195.652,201.36,194.923,199.718,271591.113
1638864000,199.656,204.338,199.33,203.48,189795.3
1638878400,203.468,203.808,196.622,198.368,445351.494
1638892800,198.428,199.13,193.76,194.463,268986.518
1638907200,194.521,195.33,188.06,190.366,274764.232
1638921600,190.417,193.551,186.295,186.757,281833.57200000004
1638936000,186.759,190.931,186.64,189.742,336903.9
1638950400,189.694,191.19,183.76,186.466,268756.222
1638964800,186.499,196.506,185.0,192.644,272547.345
1638979200,192.652,194.897,189.769,193.311,298158.08400000003
1638993600,193.324,194.824,191.174,194.792,249340.35499999998
1639008000,194.792,196.818,188.458,189.472,233311.071
1639022400,189.434,192.894,188.75,190.99,131398.42200000002
1639036800,191.032,191.032,186.836,187.775,118534.575
1639051200,187.743,189.724,182.393,185.052,255304.75199999998
1639065600,185.033,186.699,178.89,181.397,318682.38300000003
1639080000,181.398,184.41,178.775,181.45,289128.135
1639094400,181.46,184.72,180.0,180.02,168978.605
1639108800,180.03,180.47,175.21,176.16,214999.601
1639123200,176.13,178.96,175.55,178.79,91845.52100000001
1639137600,178.79,183.86,172.47,173.76,276809.038
1639152000,173.76,175.33,170.0,173.71,343567.13300000003
1639166400,173.76,175.77,167.45,167.77,239581.9
1639180800,167.63,172.0,161.51,170.27,476000.17600000004
1639195200,170.27,172.26,167.5,169.31,159702.831
1639209600,169.25,172.51,168.41,170.08,113007.744
1639224000,170.24,171.24,167.83,171.14,148026.436
1639238400,171.11,173.88,167.65,168.09,194090.33299999998
1639252800,168.03,172.5,167.76,172.16,168287.99300000002
1639267200,172.27,172.73,168.83,169.92,141384.45
1639281600,169.9,171.0,168.12,170.25,75827.16
1639296000,170.29,170.7,167.8,169.18,60681.231999999996
1639310400,169.19,172.0,168.79,170.52,109479.71
1639324800,170.53,176.95,169.9,174.57,235705.384
1639339200,174.53,175.51,172.84,172.93,169341.599
1639353600,172.93,172.98,167.18,167.46,270932.383
1639368000,167.45,168.09,163.61,164.19,188695.907
1639382400,164.22,167.89,162.87,167.84,127774.751
1639396800,167.8,168.91,155.75,158.23,413416.25899999996
1639411200,158.24,159.37,148.03,153.45,668081.9269999999
1639425600,153.44,160.0,149.08,155.19,555225.691
1639440000,155.19,158.84,152.67,153.79,307626.958
1639454400,153.79,155.49,149.65,154.82,219627.339
1639468800,154.87,158.45,153.23,158.18,150720.831
1639483200,158.18,161.81,156.77,157.7,508476.566
1639497600,157.76,159.17,152.7,154.1,277738.823
1639512000,154.11,163.36,154.02,161.38,299071.158
1639526400,161.34,163.7,158.62,160.6,229284.47600000002
1639540800,160.6,166.71,159.64,166.39,183844.03
1639555200,166.39,168.77,164.78,165.91,166582.994
1639569600,165.91,166.93,157.35,157.76,353452.847
1639584000,157.74,178.2,156.94,175.41,806970.692
1639598400,175.49,186.0,174.32,178.57,478131.46
1639612800,178.59,179.97,176.54,178.82,245072.972
1639627200,178.9,180.64,174.11,178.47,209516.03100000002
1639641600,178.43,186.27,178.19,185.96,151460.656
1639656000,186.0,189.61,182.76,187.18,329465.689
1639670400,187.18,187.67,179.55,180.04,268416.013
1639684800,180.0,185.1,175.97,176.94,252182.91499999998
1639699200,176.92,181.71,176.46,179.29,217819.489
1639713600,179.23,182.51,175.53,177.88,166738.13
1639728000,177.86,179.39,174.92,176.0,94795.395
1639742400,175.97,181.16,168.03,176.62,497079.24700000003
1639756800,176.65,181.71,174.79,177.67,264532.571
1639771200,177.64,178.61,172.83,175.55,221063.695
1639785600,175.58,176.19,171.01,174.26,196034.712
1639800000,174.25,177.03,173.16,176.13,114620.62
1639814400,176.15,181.19,176.08,180.07,116418.973
1639828800,180.11,183.67,179.23,181.6,126309.01800000001
1639843200,181.59,182.82,179.85,181.82,109465.629
1639857600,181.87,184.39,180.68,182.91,99862.639
1639872000,182.91,184.97,179.92,184.63,157040.389
1639886400,184.66,189.42,184.27,187.27,133692.308
1639900800,187.24,187.93,182.97,185.0,72048.083
1639915200,184.95,189.16,182.97,184.15,110729.126
1639929600,184.14,185.23,179.39,180.44,105921.346
1639944000,180.44,184.0,178.31,179.95,129168.14199999999
1639958400,179.99,181.32,177.2,178.37,182380.95
1639972800,178.34,180.07,175.0,175.41,116542.71
1639987200,175.41,176.26,171.4,172.55,121774.99500000001
1640001600,172.56,174.11,168.3,170.01,318449.489
1640016000,169.95,176.49,169.37,175.99,212783.722
1640030400,175.99,178.17,172.86,174.06,232548.984
1640044800,174.06,176.31,170.27,175.5,227329.24
1640059200,175.53,181.19,175.53,178.96,213987.348
1640073600,178.96,181.15,178.66,179.81,95214.932
1640088000,179.83,182.78,176.62,177.49,166512.72999999998
1640102400,177.51,179.25,176.04,177.01,184349.93
1640116800,176.99,181.58,176.92,179.75,208348.561
1640131200,179.75,181.6,177.48,179.58,286157.36699999997
1640145600,179.65,187.39,179.07,186.35,249795.224
1640160000,186.38,187.56,182.95,185.57,127085.137
1640174400,185.71,186.25,181.25,185.08,241615.19400000002
1640188800,185.13,185.7,179.5,180.23,288119.403
1640203200,180.25,181.72,177.12,178.45,227787.402
1640217600,178.45,183.05,175.66,180.98,226870.163
1640232000,180.99,181.76,177.12,177.95,91513.245
1640246400,177.95,180.65,177.17,179.12,97444.527
1640260800,179.06,181.23,177.69,180.97,175975.088
1640275200,180.96,193.76,180.25,191.37,424283.306
1640289600,191.34,192.95,188.73,190.07,187418.704
1640304000,190.11,191.96,187.11,187.76,169663.468
1640318400,187.76,189.12,186.35,188.87,126230.639
1640332800,188.91,191.48,188.24,188.88,87496.447
1640347200,188.91,195.89,184.1,195.55,228217.26299999998
1640361600,195.53,197.59,191.89,192.23,219182.90899999999
1640376000,192.25,195.12,188.55,190.65,308309.213
1640390400,190.66,195.5,190.11,191.87,257243.805
1640404800,191.85,194.99,191.59,193.21,161621.556
1640419200,193.22,193.33,189.26,190.38,53586.31
1640433600,190.39,192.99,190.29,192.39,59963.437
1640448000,192.38,193.0,189.34,191.06,95385.893
1640462400,191.05,194.41,190.0,193.06,101142.775
1640476800,193.1,196.84,190.93,191.0,181937.426
1640491200,190.95,193.86,190.31,192.97,60254.918
1640505600,192.89,198.771,192.59,196.65,91431.834
1640520000,196.54,199.73,195.36,198.34,101539.674
1640534400,198.3,200.69,197.51,198.56,128369.293
1640548800,198.5,199.73,196.14,198.0,87993.62700000001
1640563200,198.0,201.33,196.81,201.14,95041.964
1640577600,201.12,201.9,198.58,198.75,83634.689
1640592000,198.77,201.14,194.83,200.37,72555.185
1640606400,200.43,203.6,199.05,201.76,136242.30599999998
1640620800,201.76,204.9,200.45,200.66,153529.419
1640635200,200.63,201.3,195.32,195.74,143154.017
1640649600,195.77,195.77,187.01,190.33,430827.506
1640664000,190.3,193.56,185.91,190.1,183650.534
1640678400,190.09,193.02,188.66,192.18,93297.075
1640692800,192.19,192.98,185.01,185.64,225918.40500000003
1640707200,185.63,186.0,176.23,180.17,526741.143
1640721600,180.19,182.74,176.9,177.27,184731.892
1640736000,177.32,180.65,176.45,179.66,165046.736
1640750400,179.71,180.11,175.15,176.48,108181.694
1640764800,176.44,177.93,174.59,175.6,75482.593
1640779200,175.48,176.76,170.69,176.52,284584.811
1640793600,176.51,177.63,173.53,174.53,198752.709
1640808000,174.6,176.71,170.05,170.64,220585.721
1640822400,170.63,172.27,168.07,170.26,247180.46899999998
1640836800,170.29,174.99,169.8,173.68,109183.721
1640851200,173.76,175.26,171.9,174.71,90798.542
1640865600,174.69,175.79,172.9,173.76,141806.148
1640880000,173.85,175.64,173.57,174.36,137259.769
1640894400,174.35,175.04,170.88,172.52,106359.66
1640908800,172.52,173.78,170.86,171.57,125317.189
1640923200,171.52,172.81,170.1,172.6,153597.78399999999
1640937600,172.6,177.7,172.43,175.14,119200.927
1640952000,175.16,176.14,174.77,175.54,127653.937
1640966400,175.6,176.08,167.63,167.89,245519.419
1640980800,167.9,171.93,167.63,169.88,255892.243
1640995200,169.98,174.25,169.93,172.89,137728.663
1641009600,172.89,174.33,171.18,173.12,108470.04100000001
1641024000,173.1,173.38,170.86,171.56,35329.201
1641038400,171.59,174.17,171.44,173.88,44756.591
1641052800,173.88,177.46,173.59,177.38,141216.74099999998
1641067200,177.38,179.25,176.22,179.21,201300.681
1641081600,179.19,179.56,177.09,177.75,148605.433
1641096000,177.7,178.1,175.0,175.86,61731.97
1641110400,175.86,176.31,174.56,175.67,36300.22
1641124800,175.67,176.84,175.06,176.3,47459.703
1641139200,176.3,178.74,174.41,175.35,92828.884
1641153600,175.35,177.16,174.73,176.32,67828.326
1641168000,176.33,176.46,172.15,172.81,118064.277
1641182400,172.8,173.88,172.01,173.12,57574.964
1641196800,173.1,175.01,172.37,174.75,33208.497
1641211200,174.76,175.95,170.8,170.93,108776.732
1641225600,170.92,171.78,169.0,169.95,144226.244
1641240000,169.93,171.09,166.73,170.13,154329.557
1641254400,170.19,170.35,166.97,167.81,119137.881
1641268800,167.84,169.23,166.5,169.01,84957.963
1641283200,169.03,172.27,167.29,171.59,70577.032
1641297600,171.62,173.88,170.51,172.17,120383.81
1641312000,172.15,172.54,167.0,168.59,141916.01799999998
1641326400,168.59,169.45,167.46,167.72,72345.363
1641340800,167.72,169.32,167.12,169.16,83903.783
1641355200,169.15,170.46,168.09,169.9,55743.332
1641369600,169.93,171.34,168.01,168.51,53452.456999999995
1641384000,168.51,169.27,167.48,168.19,111255.555
1641398400,168.18,168.64,157.53,158.68,404001.90599999996
1641412800,158.68,159.73,145.0,154.44,720169.958
1641427200,154.47,154.82,148.0,148.07,223985.8
1641441600,148.09,150.99,147.07,150.67,230374.174
1641456000,150.71,150.93,145.76,147.51,167414.688
1641470400,147.47,151.12,146.22,149.68,309560.156
1641484800,149.68,154.57,148.81,153.95,244215.752
1641499200,153.92,154.6,150.05,150.23,160360.869
1641513600,150.26,150.73,138.01,139.64,475029.477
1641528000,139.64,141.31,134.68,138.82,473458.105
1641542400,138.91,143.0,138.2,139.2,196848.516
1641556800,139.22,142.89,133.31,135.83,333721.967
1641571200,135.82,143.67,134.4,140.44,314274.257
1641585600,140.42,141.19,135.89,136.37,192395.205
1641600000,136.38,141.52,135.77,139.38,166886.70299999998
1641614400,139.38,144.69,139.33,144.37,155375.53100000002
1641628800,144.4,148.14,144.32,146.44,159773.798
1641643200,146.46,146.83,142.35,144.29,184316.262
1641657600,144.29,146.23,133.0,135.45,461604.13100000005
1641672000,135.46,146.99,134.68,142.17,355012.452
1641686400,142.11,145.61,140.75,141.92,176521.84399999998
1641700800,141.93,143.75,140.09,140.44,59455.490999999995
1641715200,140.44,141.4,137.87,140.6,82524.958
1641729600,140.61,140.94,137.94,140.09,81289.898
1641744000,140.11,145.71,139.68,145.27,186992.457
1641758400,145.31,145.67,140.0,140.83,188165.024
1641772800,140.82,142.58,138.9,140.68,129513.329
1641787200,140.62,143.76,140.3,143.07,95297.4
1641801600,143.08,143.5,138.94,139.42,98115.256
1641816000,139.48,139.72,130.0,133.16,595048.723
1641830400,133.16,137.61,130.51,132.68,304591.277
1641844800,132.68,136.21,131.92,135.89,183807.777
1641859200,135.89,137.53,133.6,137.31,159603.40899999999
1641873600,137.3,137.95,135.05,137.35,98898.466
1641888000,137.34,138.5,134.34,135.45,103109.386
1641902400,135.45,138.08,135.11,137.14,166882.675
1641916800,137.15,143.57,136.98,142.46,383964.574
1641931200,142.45,143.18,139.74,140.27,169715.774
1641945600,140.27,141.59,139.21,140.14,97101.616
1641960000,140.14,140.89,138.29,138.99,84215.611
1641974400,138.99,144.12,138.75,141.47,202480.387
1641988800,141.4,148.65,141.27,147.74,315692.589
1642003200,147.76,153.4,147.63,152.81,420266.98
1642017600,152.79,153.4,151.36,151.56,144757.964
1642032000,151.56,152.28,148.24,148.72,134676.131
1642046400,148.75,151.64,148.7,151.45,78663.214
1642060800,151.46,152.89,150.0,150.42,62743.294
1642075200,150.4,157.94,150.33,155.01,312297.539
1642089600,155.0,155.25,146.54,147.72,284173.745
1642104000,147.68,149.99,145.56,146.24,179437.35100000002
1642118400,146.21,148.06,144.54,147.64,113121.477
1642132800,147.58,150.65,146.84,147.75,96941.74100000001
1642147200,147.75,147.84,142.0,143.5,145621.36599999998
1642161600,143.49,148.46,142.05,147.42,185968.576
1642176000,147.41,149.97,145.66,148.42,166142.637
1642190400,148.42,149.06,145.45,146.17,215646.128
1642204800,146.17,147.39,145.05,146.0,159352.40600000002
1642219200,145.98,146.32,144.7,145.53,120153.171
1642233600,145.5,146.85,144.87,146.46,87529.096
1642248000,146.45,148.82,144.0,148.1,100598.061
1642262400,148.1,148.89,147.26,148.02,106922.444
1642276800,148.02,149.6,147.48,147.78,79738.507
1642291200,147.71,148.34,146.22,147.0,94380.095
1642305600,147.0,150.1,146.48,149.76,88086.269
1642320000,149.77,150.8,147.74,148.23,54211.24
1642334400,148.24,152.0,147.13,150.06,86403.451
1642348800,150.1,151.11,147.87,148.05,101492.649
1642363200,148.03,148.72,146.16,147.98,133569.807
1642377600,148.02,148.3,143.0,143.06,247596.374
1642392000,143.05,143.92,141.77,143.38,104876.383
1642406400,143.36,143.93,142.36,142.54,78891.132
1642420800,142.53,143.89,141.02,142.24,102407.14
1642435200,142.25,142.58,138.86,140.01,172195.908
1642449600,140.01,140.39,137.14,139.85,128049.28600000001
1642464000,139.86,141.91,138.95,139.3,141126.687
1642478400,139.26,140.98,138.17,140.27,75774.99
1642492800,140.27,140.42,136.12,137.67,97391.056
1642507200,137.64,138.31,134.34,136.75,196361.232
1642521600,136.75,137.93,135.67,137.09,114587.421
1642536000,137.11,143.04,136.44,141.35,163716.762
1642550400,141.4,142.79,137.01,137.98,194479.377
1642564800,138.03,139.22,134.15,134.49,106206.025
1642579200,134.48,136.43,132.8,136.24,153532.665
1642593600,136.25,138.72,135.48,137.01,168382.307
1642608000,137.01,138.15,135.38,136.79,125604.44
1642622400,136.8,137.66,135.11,135.33,122410.513
1642636800,135.34,137.34,134.58,137.16,90981.40400000001
1642651200,137.17,137.94,136.31,137.45,57297.967000000004
1642665600,137.46,138.28,135.72,137.96,54203.14
1642680000,137.99,143.83,137.05,143.27,175704.251
1642694400,143.27,143.96,139.72,139.91,228040.138
1642708800,139.94,140.21,126.0,127.52,427239.845
1642723200,127.52,129.02,121.1,124.16,912361.8030000001
1642737600,124.22,126.86,123.79,126.63,203340.004
1642752000,126.59,126.94,121.35,122.24,176428.29
1642766400,122.26,123.11,115.36,122.05,611352.881
1642780800,122.08,131.95,120.08,120.31,853331.2220000001
1642795200,120.31,122.0,106.0,112.32,908094.6089999999
1642809600,112.34,114.27,108.33,109.71,473502.755
1642824000,109.7,110.46,98.37,100.4,619466.0869999999
1642838400,100.39,103.85,88.25,98.82,785949.167
1642852800,98.85,103.62,93.07,93.17,615853.485
1642867200,93.2,99.0,88.65,90.68,755290.603
1642881600,90.65,98.0,89.83,94.78,569538.813
1642896000,94.79,99.37,93.36,94.47,416263.672
1642910400,94.47,101.64,93.6,101.28,304653.707
1642924800,101.29,104.83,99.92,101.96,258295.831
1642939200,101.94,103.44,96.25,98.93,338317.154
1642953600,98.93,99.79,94.01,94.86,383900.11
1642968000,94.77,101.99,94.22,99.82,374993.13399999996
1642982400,99.79,99.95,91.35,92.18,519517.903
1642996800,92.19,92.89,86.03,86.69,376367.917
1643011200,86.75,89.55,81.86,84.01,568497.129
1643025600,84.01,88.12,80.83,87.59,1107233.543
1643040000,87.58,93.0,83.22,89.73,867422.86
1643054400,89.68,96.28,89.61,91.96,561121.072
1643068800,91.95,92.07,87.92,90.11,323428.216
1643083200,90.1,90.73,87.45,90.03,278477.57899999997
1643097600,89.97,94.52,89.88,91.65,266670.11199999996
1643112000,91.65,95.0,90.47,93.01,543009.3829999999
1643126400,93.01,100.24,92.72,96.21,559281.04
1643140800,96.23,96.36,92.02,94.76,375864.411
1643155200,94.77,95.52,91.45,94.79,342200.158
1643169600,94.83,97.22,93.72,94.53,217802.358
1643184000,94.53,98.36,94.47,98.12,199709.896
1643198400,98.1,102.26,96.12,98.84,540173.317
1643212800,98.84,104.85,96.45,98.3,721537.371
1643227200,98.25,98.25,89.26,92.18,767374.727
1643241600,92.17,93.73,85.76,86.79,588953.211
1643256000,86.78,89.94,86.35,88.83,239919.693
1643270400,88.86,91.41,88.26,91.26,154243.331
1643284800,91.26,94.7,90.76,92.33,414241.537
1643299200,92.34,93.46,89.16,89.94,436184.721
1643313600,89.94,90.69,85.65,89.55,469243.76800000004
1643328000,89.55,93.06,88.71,92.51,411337.853
1643342400,92.54,93.58,89.57,89.69,246679.765
1643356800,89.7,91.02,87.6,88.7,157003.07200000001
1643371200,88.7,91.58,87.21,91.23,347604.14900000003
1643385600,91.23,93.11,90.13,91.66,361996.265
1643400000,91.63,93.55,90.27,91.35,423841.357
1643414400,91.34,93.88,90.59,92.18,194400.38
1643428800,92.14,97.27,92.04,97.23,218519.494
1643443200,97.22,97.73,95.0,96.32,145251.04
1643457600,96.32,99.01,93.88,95.1,333287.158
1643472000,95.12,95.86,93.5,95.32,201581.653
1643486400,95.32,96.92,94.67,96.25,300692.762
1643500800,96.24,96.4,93.77,94.5,202505.872
1643515200,94.53,97.63,94.41,96.74,110474.759
1643529600,96.74,97.14,95.12,96.42,89439.52900000001
1643544000,96.46,96.61,93.95,95.16,109187.244
1643558400,95.19,95.97,91.84,92.08,195486.675
1643572800,92.1,94.28,91.46,93.31,162009.364
1643587200,93.29,93.68,89.24,90.81,234991.565
1643601600,90.8,90.8,88.95,90.31,130523.911
1643616000,90.3,91.82,90.0,91.41,77217.449
1643630400,91.4,96.0,90.35,95.39,282877.601
1643644800,95.39,98.71,94.98,98.43,666322.262
1643659200,98.46,101.41,97.43,99.52,457764.255
1643673600,99.57,108.74,99.04,107.06,688562.9750000001
1643688000,107.06,107.65,104.55,105.53,310600.674
1643702400,105.51,109.0,103.85,106.42,308089.256
1643716800,106.38,111.0,106.08,108.81,541945.1599999999
1643731200,108.79,113.89,107.67,108.0,728103.335
1643745600,107.97,112.35,107.91,110.1,346354.79000000004
1643760000,110.11,112.48,108.26,110.72,330600.449
1643774400,110.7,110.83,107.68,108.58,216575.096
1643788800,108.58,110.61,108.35,110.03,121846.841
1643803200,110.11,112.37,105.33,105.97,415750.344
1643817600,105.98,111.96,103.54,110.06,510354.32999999996
1643832000,110.09,110.13,96.87,101.99,1341676.869
1643846400,101.97,103.22,96.62,97.48,443241.1
1643860800,97.41,99.56,97.21,99.38,176235.644
1643875200,99.4,100.03,94.07,97.43,313882.966
1643889600,97.45,99.08,94.27,98.33,430412.122
1643904000,98.32,99.29,95.91,96.88,224314.69799999997
1643918400,96.85,102.33,95.88,101.93,409813.231
1643932800,101.93,103.91,100.36,102.45,216584.461
1643947200,102.46,106.97,101.7,104.97,299738.262
1643961600,104.94,107.08,104.56,104.81,178101.447
1643976000,104.81,109.83,101.68,107.25,546824.219
1643990400,107.21,111.75,107.02,110.76,513457.665
1644004800,110.69,112.9,109.37,112.69,318319.239
1644019200,112.68,114.3,110.29,114.1,322367.13
1644033600,114.1,118.69,113.6,115.65,313149.05700000003
1644048000,115.66,117.0,114.37,115.01,147134.606
1644062400,115.05,117.31,114.26,116.11,204968.92200000002
1644076800,116.07,116.48,110.84,113.62,319819.07999999996
1644091200,113.59,115.83,112.95,113.8,146443.888
1644105600,113.78,115.84,113.73,114.51,108670.78
1644120000,114.51,114.98,112.22,114.41,109287.626
1644134400,114.42,116.11,113.64,114.46,77737.72
1644148800,114.52,115.96,111.51,113.1,155599.777
1644163200,113.11,114.59,112.0,112.92,114148.012
1644177600,112.89,115.6,112.13,115.32,164038.28999999998
1644192000,115.37,119.74,112.81,119.32,264102.289
1644206400,119.29,120.08,117.1,117.34,241313.58899999998
1644220800,117.34,117.97,115.55,117.6,114743.607
1644235200,117.6,121.86,116.67,121.44,347430.678
1644249600,121.45,121.99,119.34,120.15,396107.164
1644264000,120.16,121.12,116.61,117.62,262751.239
1644278400,117.64,119.05,115.62,117.58,223799.62900000002
1644292800,117.59,120.4,116.95,117.86,289361.387
1644307200,117.82,117.97,112.2,114.48,173107.259
1644321600,114.38,114.4,110.39,112.14,331197.269
1644336000,112.17,112.84,110.4,110.83,258417.191
1644350400,110.88,114.91,109.68,113.58,321219.488
1644364800,113.56,115.16,110.9,111.31,172056.747
1644379200,111.31,112.03,109.35,111.57,142077.926
1644393600,111.59,113.81,110.52,113.36,103350.76299999999
1644408000,113.34,117.22,112.9,113.33,243260.316
1644422400,113.33,115.78,112.63,115.2,231364.454
1644436800,115.2,116.55,113.74,114.04,193068.457
1644451200,114.07,114.16,110.66,111.12,174189.72
1644465600,111.07,112.65,110.9,112.48,86878.271
1644480000,112.45,114.98,112.15,113.83,94554.51000000001
1644494400,113.86,114.24,105.64,112.07,482262.899
1644508800,112.04,113.15,108.17,108.98,328001.787
1644523200,109.0,109.58,105.8,106.25,190789.96600000001
1644537600,106.24,107.03,103.68,104.75,299584.02999999997
1644552000,104.69,105.9,103.27,105.77,138917.747
1644566400,105.79,106.57,104.52,105.6,69388.719
1644580800,105.6,108.59,105.03,106.93,163594.98
1644595200,106.9,107.21,99.23,99.7,695805.998
1644609600,99.68,100.08,95.17,96.5,596486.213
1644624000,96.5,98.57,95.44,96.97,180052.167
1644638400,96.98,97.71,92.78,93.79,195920.942
1644652800,93.8,96.28,93.76,96.14,78441.318
1644667200,96.15,96.26,93.59,95.09,154343.274
1644681600,95.08,99.93,94.73,97.26,170015.832
1644696000,97.21,98.43,94.0,95.95,178450.219
1644710400,95.99,97.41,95.14,95.96,117376.125
1644724800,95.99,96.72,95.24,96.35,61612.161
1644739200,96.33,97.01,95.49,96.23,62069.064
1644753600,96.21,96.98,95.46,95.66,99034.929
1644768000,95.69,95.71,91.38,92.29,268582.961
1644782400,92.29,94.17,91.97,92.92,124246.219
1644796800,92.89,93.84,90.79,93.59,193687.01
1644811200,93.58,94.92,92.76,94.82,108448.558
1644825600,94.84,94.97,91.6,93.2,160665.672
1644840000,93.19,97.95,92.38,96.59,280612.838
1644854400,96.64,97.97,93.35,94.39,279554.079
1644868800,94.34,97.22,93.67,96.43,179630.016
1644883200,96.43,102.58,96.35,101.39,273003.077
1644897600,101.39,102.5,100.24,102.08,120591.42
1644912000,102.08,103.75,101.38,102.51,183071.865
1644926400,102.51,103.37,100.81,102.86,222879.19900000002
1644940800,102.86,103.28,100.9,101.65,193414.78
1644955200,101.62,105.86,100.99,105.61,248452.749
1644969600,105.63,105.67,102.49,102.88,187976.497
1644984000,102.86,104.49,100.77,104.32,160749.909
1644998400,104.31,104.47,101.51,102.57,106534.226
1645012800,102.57,102.81,98.38,99.16,230820.634
1645027200,99.16,103.73,98.28,103.32,257863.359
1645041600,103.34,103.73,101.61,101.94,168406.351
1645056000,101.92,102.88,99.19,99.23,141798.373
1645070400,99.23,101.0,98.0,100.94,134009.222
1645084800,100.96,101.13,97.81,99.14,126537.151
1645099200,99.16,99.76,96.64,97.38,182223.381
1645113600,97.38,97.85,93.05,94.94,294621.874
1645128000,94.94,94.96,92.38,93.56,168806.017
1645142400,93.62,95.59,92.82,94.45,135731.21899999998
1645156800,94.45,95.59,93.86,95.29,73384.838
1645171200,95.29,96.45,93.68,93.99,74004.33
1645185600,93.99,94.89,90.22,90.97,279558.406
1645200000,90.94,92.08,89.29,91.09,287093.72
1645214400,91.14,91.44,89.38,89.9,158672.636
1645228800,89.88,92.27,89.82,91.28,79993.141
1645243200,91.24,92.79,91.09,92.17,51080.349
1645257600,92.17,92.39,88.7,89.54,127458.124
1645272000,89.54,91.14,88.69,91.03,112398.99
1645286400,91.02,92.2,89.7,89.93,106068.753
1645300800,89.93,91.78,89.56,91.34,67367.515
1645315200,91.34,91.47,87.62,88.46,141010.93300000002
1645329600,88.46,88.69,85.62,87.41,176281.076
1645344000,87.4,90.18,85.75,89.15,142709.946
1645358400,89.2,90.91,87.33,89.47,146861.16
1645372800,89.46,93.5,89.26,92.03,231985.976
1645387200,92.05,93.96,90.28,90.78,209151.12
1645401600,90.77,95.34,90.48,93.87,259828.26599999997
1645416000,93.84,95.9,93.82,95.48,126281.498
1645430400,95.48,96.16,88.21,89.22,159419.59
1645444800,89.2,92.26,86.94,89.65,398172.132
1645459200,89.63,90.35,86.29,87.54,306285.9
1645473600,87.53,88.31,82.69,82.97,332037.782
1645488000,83.0,84.66,81.0,81.65,343565.086
1645502400,81.68,83.87,81.42,82.17,229367.49599999998
1645516800,82.13,86.06,81.9,85.25,159995.754
1645531200,85.2,87.71,84.24,85.87,256906.585
1645545600,85.86,86.55,83.8,86.31,222549.26299999998
1645560000,86.36,87.14,84.79,86.43,169074.75900000002
1645574400,86.46,88.81,86.15,87.3,165897.772
1645588800,87.3,90.07,87.01,89.18,180742.117
1645603200,89.2,93.35,88.78,92.08,228540.568
1645617600,92.11,93.42,89.11,89.78,312752.362
1645632000,89.77,92.24,87.59,88.16,259620.84100000001
1645646400,88.13,88.34,84.41,84.64,247743.823
1645660800,84.64,85.85,76.1,77.55,693549.794
1645675200,77.55,84.29,75.36,82.2,636507.235
1645689600,82.19,84.58,79.36,81.41,347561.868
1645704000,81.42,86.26,79.48,85.0,439675.47900000005
1645718400,84.99,91.49,83.4,90.91,469945.931
1645732800,90.9,93.69,86.72,89.41,305739.25899999996
1645747200,89.41,90.85,87.66,89.7,188941.059
1645761600,89.7,89.97,86.87,88.83,190082.026
1645776000,88.8,89.5,86.97,89.26,128358.643
1645790400,89.26,92.28,87.91,91.23,420464.63800000004
1645804800,91.26,92.15,88.88,89.62,346100.724
1645819200,89.61,95.04,89.07,92.84,348518.892
1645833600,92.81,95.2,92.2,92.85,212071.941
1645848000,92.82,93.68,90.52,92.06,91640.56099999999
1645862400,92.1,93.0,90.11,90.69,127547.077
1645876800,90.65,92.15,90.15,91.32,79084.587
1645891200,91.32,91.74,89.28,90.82,245937.627
1645905600,90.82,92.72,89.59,90.32,145638.319
1645920000,90.32,90.75,86.29,87.05,176389.656
1645934400,87.06,89.31,86.63,88.92,87641.798
1645948800,88.91,90.97,88.14,90.85,83335.369
1645963200,90.91,92.24,88.42,91.26,166438.351
1645977600,91.24,91.32,84.5,84.92,250259.749
1645992000,84.91,86.67,84.1,85.7,267948.681
1646006400,85.68,88.09,84.19,86.71,200111.691
1646020800,86.74,88.95,84.76,88.16,127089.346
1646035200,88.16,91.16,88.13,90.78,142150.89299999998
1646049600,90.77,96.78,88.92,95.7,569871.075
1646064000,95.69,97.25,94.32,96.26,449063.25800000003
1646078400,96.26,102.65,95.93,99.74,457744.371
1646092800,99.76,101.13,95.87,97.28,645302.407
1646107200,97.28,98.0,95.11,96.97,207203.32
1646121600,96.99,98.54,94.29,97.85,159563.08899999998
1646136000,97.87,102.1,96.69,97.95,514937.223
1646150400,97.9,99.14,96.11,97.74,193854.024
1646164800,97.76,99.45,96.87,98.7,176484.679
1646179200,98.7,105.31,96.81,104.29,572436.344
1646193600,104.29,105.4,101.26,102.42,258856.38999999998
1646208000,102.46,106.45,101.2,104.62,194208.96899999998
1646222400,104.61,105.29,100.2,101.62,367109.796
1646236800,101.62,103.39,99.86,100.99,275289.708
1646251200,100.97,102.05,99.91,100.73,213571.119
1646265600,100.75,101.73,97.75,98.42,276107.572
1646280000,98.38,100.8,97.87,99.88,102701.86
1646294400,99.82,101.21,98.78,99.75,85879.22099999999
1646308800,99.71,101.0,95.03,95.99,206072.021
1646323200,96.0,96.27,93.99,94.92,289552.73
1646337600,94.92,96.4,94.03,95.61,179483.012
1646352000,95.6,95.97,90.44,91.55,317310.871
1646366400,91.5,92.44,90.85,91.97,88813.031
1646380800,92.0,93.93,90.53,93.18,98799.129
1646395200,93.2,93.87,90.63,91.34,247573.892
1646409600,91.33,92.9,88.34,88.64,203675.908
1646424000,88.68,89.42,86.95,88.32,211334.105
1646438400,88.34,88.42,86.0,87.75,149918.41
1646452800,87.75,89.25,86.85,88.86,94785.894
1646467200,88.88,89.15,87.83,88.77,47044.945999999996
1646481600,88.76,89.82,87.82,89.15,84515.523
1646496000,89.16,91.24,89.14,90.2,158557.664
1646510400,90.2,90.52,89.05,89.62,82927.475
1646524800,89.61,89.95,87.16,87.69,96979.67
1646539200,87.67,88.95,86.62,88.38,65235.445999999996
1646553600,88.38,88.43,85.77,86.99,74765.63500000001
1646568000,87.02,88.25,86.48,87.28,67603.068
1646582400,87.29,88.29,84.88,85.4,123634.283
1646596800,85.41,86.64,84.09,84.57,138665.789
1646611200,84.59,84.75,81.43,82.26,244549.432
1646625600,82.26,83.54,81.1,81.84,101483.504
1646640000,81.88,83.34,81.29,83.19,74825.84599999999
1646654400,83.15,86.73,83.15,85.06,214454.46399999998
1646668800,85.04,86.06,80.01,80.37,254446.402
1646683200,80.38,82.96,80.0,81.66,212326.01499999998
1646697600,81.65,84.63,81.31,83.52,172388.395
1646712000,83.52,84.26,82.5,82.98,124903.986
1646726400,83.03,84.95,82.69,83.93,79140.523
1646740800,83.94,84.57,81.79,82.75,185087.016
1646755200,82.77,85.35,81.35,82.92,260950.79600000003
1646769600,82.92,83.22,81.38,82.35,105774.66399999999
1646784000,82.34,88.57,81.92,88.17,311250.505
1646798400,88.19,89.65,86.96,89.3,191200.66
1646812800,89.3,89.93,87.92,88.2,113091.196
1646827200,88.2,89.32,86.55,88.96,238610.798
1646841600,88.95,89.44,86.08,87.02,261596.154
1646856000,87.0,88.85,86.09,88.1,168137.354
1646870400,88.07,88.65,85.27,85.34,231605.05
1646884800,85.35,85.58,82.0,82.69,203553.419
1646899200,82.69,83.23,81.92,82.11,89623.839
1646913600,82.12,83.99,80.77,81.94,281701.592
1646928000,81.93,82.81,81.67,82.51,117993.377
1646942400,82.53,84.05,82.08,82.92,133164.00400000002
1646956800,82.92,83.23,80.8,81.97,152698.987
1646971200,82.02,82.64,80.22,82.31,154423.299
1646985600,82.3,83.92,81.24,83.32,85270.575
1647000000,83.31,84.37,81.36,81.79,187707.533
1647014400,81.83,81.84,80.38,80.58,203187.44
1647028800,80.6,81.62,80.09,80.7,117090.89600000001
1647043200,80.71,82.78,80.57,81.84,88853.56899999999
1647057600,81.84,82.52,81.34,81.75,72219.343
1647072000,81.73,81.76,80.63,81.13,47834.894
1647086400,81.12,82.34,80.94,81.69,51761.28
1647100800,81.69,82.41,81.54,81.68,63019.502
1647115200,81.69,82.21,81.27,81.44,47953.32
1647129600,81.44,82.61,81.04,82.58,59383.11
1647144000,82.61,83.33,81.7,81.8,64112.66499999999
1647158400,81.79,81.83,80.84,81.1,42384.849
1647172800,81.08,81.7,80.05,81.24,94586.875
1647187200,81.2,81.48,80.33,80.52,65168.644
1647201600,80.47,80.49,77.74,78.75,232442.19100000002
1647216000,78.75,79.96,78.02,79.52,129630.287
1647230400,79.51,81.68,79.49,80.95,91677.527
1647244800,80.93,82.28,80.82,80.94,75235.98199999999
1647259200,80.89,81.48,80.08,80.98,144836.911
1647273600,80.97,81.06,78.5,79.97,182943.854
1647288000,79.98,81.44,79.13,81.24,150775.001
1647302400,81.22,81.6,79.33,79.69,115976.77799999999
1647316800,79.65,80.42,78.78,79.36,52985.676
1647331200,79.36,80.43,79.0,80.14,49994.138000000006
1647345600,80.14,81.28,79.62,81.11,107923.454
1647360000,81.07,86.02,80.73,84.59,306625.293
1647374400,84.59,85.21,82.77,82.85,219937.845
1647388800,82.85,86.4,82.16,82.38,291336.577
1647403200,82.38,82.96,81.53,82.85,112961.06599999999
1647417600,82.84,84.62,82.73,84.32,121077.931
1647432000,84.28,84.98,82.75,83.95,170216.579
1647446400,83.96,86.08,82.18,85.88,267494.713
1647460800,85.88,88.02,85.61,87.82,163392.405
1647475200,87.84,89.25,86.95,88.02,166228.788
1647489600,88.02,89.02,86.78,87.23,90668.81300000001
1647504000,87.24,87.85,86.62,87.71,71011.075
1647518400,87.71,90.79,87.57,89.43,246897.946
1647532800,89.46,90.88,88.67,90.88,349387.123
1647547200,90.89,91.09,87.67,87.88,181875.999
1647561600,87.89,88.18,85.67,85.98,219115.19
1647576000,85.95,87.19,85.59,85.8,112940.878
1647590400,85.81,86.63,84.5,84.99,111860.89499999999
1647604800,84.97,88.4,84.65,88.4,198777.375
1647619200,88.4,92.45,88.27,91.18,381748.208
1647633600,91.23,91.79,88.92,89.87,151940.31
1647648000,89.88,92.4,89.35,90.29,210047.349
1647662400,90.3,90.9,89.28,89.41,106599.141
1647676800,89.41,91.05,89.31,90.8,44750.79
1647691200,90.78,94.3,90.45,94.09,239553.683
1647705600,94.09,94.63,92.37,92.73,208274.775
1647720000,92.71,93.5,91.23,92.39,134621.47999999998
1647734400,92.38,92.61,90.4,90.8,133027.799
1647748800,90.89,91.62,90.39,91.05,60846.020000000004
1647763200,91.05,91.69,89.65,89.95,55232.002
1647777600,89.98,90.71,88.98,89.21,117898.643
1647792000,89.19,89.97,87.87,89.51,170166.474
1647806400,89.51,90.36,88.29,88.64,130236.46800000001
1647820800,88.64,89.22,86.79,87.76,146184.56300000002
1647835200,87.73,89.77,87.6,89.66,67197.613
1647849600,89.66,91.18,89.41,89.89,92084.572
1647864000,89.89,91.32,88.69,89.64,214366.33000000002
1647878400,89.61,89.71,87.46,88.76,294129.153
1647892800,88.76,89.25,88.26,88.62,83908.895
1647907200,88.6,91.78,88.0,91.03,211355.312
1647921600,91.04,92.46,89.53,90.3,159431.568
1647936000,90.32,92.26,90.07,92.05,96454.22099999999
1647950400,92.05,94.0,91.04,92.6,255516.62800000003
1647964800,92.63,93.65,91.41,91.42,137347.459
1647979200,91.4,92.47,90.28,90.48,132402.106
1647993600,90.47,91.38,89.17,90.16,160035.738
1648008000,90.11,91.81,89.71,91.14,100490.632
1648022400,91.16,91.82,90.62,91.34,92456.887
1648036800,91.38,96.34,90.93,95.69,382593.407
1648051200,95.7,96.15,92.58,92.83,352692.565
1648065600,92.83,95.24,92.66,94.87,172398.003
1648080000,94.9,95.98,93.43,94.66,325210.975
1648094400,94.68,97.62,94.61,97.12,210258.608
1648108800,97.13,101.87,96.67,100.09,409294.141
1648123200,100.08,102.21,98.24,101.69,536133.7339999999
1648137600,101.66,103.77,100.64,102.91,426169.605
1648152000,102.94,103.59,101.54,102.38,155879.192
1648166400,102.38,104.79,100.89,103.53,276065.604
1648180800,103.51,104.89,102.74,102.95,140163.831
1648195200,102.92,104.49,101.58,104.27,123469.735
1648209600,104.28,104.55,99.67,100.29,308897.883
1648224000,100.27,100.9,96.75,98.53,534965.543
1648238400,98.55,99.29,97.84,98.63,132621.328
1648252800,98.62,99.29,97.65,98.94,119369.538
1648267200,98.94,101.55,98.62,101.3,124365.091
1648281600,101.3,101.54,100.02,100.49,70903.976
1648296000,100.45,101.97,99.77,101.26,111544.833
1648310400,101.26,103.38,101.16,102.78,182664.918
1648324800,102.77,103.43,101.27,101.79,107559.247
1648339200,101.81,103.08,101.38,101.86,91056.008
1648353600,101.85,102.52,101.14,102.24,37837.599
1648368000,102.29,102.47,100.23,100.44,59200.753
1648382400,100.44,101.62,98.82,101.5,115171.208
1648396800,101.5,103.44,100.96,103.27,159625.979
1648411200,103.28,107.5,101.84,107.09,375428.63399999996
1648425600,107.09,107.68,105.14,106.89,249730.16
1648440000,106.89,111.94,105.94,108.88,270879.71
1648454400,108.93,111.74,107.66,110.06,159717.353
1648468800,110.09,113.87,109.28,109.89,391868.657
1648483200,109.85,113.07,108.9,111.43,323202.554
1648497600,111.4,113.11,105.51,105.84,346483.622
1648512000,105.83,110.6,105.52,109.27,271675.207
1648526400,109.24,111.8,108.61,109.98,224680.93600000002
1648540800,109.94,113.72,109.9,113.4,149986.05
1648555200,113.43,115.7,111.27,111.63,369926.663
1648569600,111.68,114.17,108.92,113.89,407247.341
1648584000,113.9,113.97,109.05,111.64,224170.117
1648598400,111.66,111.67,107.07,110.81,266914.629
1648612800,110.81,112.93,109.52,112.34,168627.401
1648627200,112.36,112.95,110.73,112.23,96029.099
1648641600,112.23,125.27,111.52,122.65,899987.58
1648656000,122.61,125.11,119.72,121.14,557568.401
1648670400,121.15,121.48,119.11,120.79,201104.555
1648684800,120.8,124.0,119.96,121.29,289378.302
1648699200,121.29,123.62,120.4,123.34,99760.406
1648713600,123.31,128.04,122.47,127.29,232719.38199999998
1648728000,127.32,129.6,121.39,125.32,635964.343
1648742400,125.31,127.58,121.77,122.97,529278.286
1648756800,123.0,125.66,122.25,122.86,199554.63
1648771200,122.83,124.95,117.5,122.02,451959.765
1648785600,122.01,126.49,120.0,126.48,224141.37399999998
1648800000,126.46,127.13,124.05,124.43,131903.85700000002
1648814400,124.41,133.77,122.14,132.71,645023.507
1648828800,132.72,137.69,132.15,137.51,484374.795
1648843200,137.46,138.46,133.46,134.55,299292.047
1648857600,134.55,137.32,133.07,134.79,271239.226
1648872000,134.79,136.39,134.15,135.82,121277.39
1648886400,135.81,138.43,135.04,137.72,134245.59
1648900800,137.73,143.57,136.29,138.02,457082.828
1648915200,137.98,140.57,134.46,135.94,319520.211
1648929600,135.9,137.57,131.31,132.61,253766.27000000002
1648944000,132.55,136.25,130.62,135.39,255047.541
1648958400,135.54,139.0,135.52,137.58,121139.12299999999
1648972800,137.65,141.05,136.36,139.12,138204.849
1648987200,139.11,140.06,135.57,136.1,193097.98500000002
1649001600,136.1,136.98,134.15,135.34,175502.92599999998
1649016000,135.37,139.53,135.12,136.94,207913.155
1649030400,136.93,137.46,134.14,135.35,146786.486
1649044800,135.32,138.28,134.9,137.02,93659.869
1649059200,137.03,137.88,132.97,134.74,151488.04499999998
1649073600,134.81,135.53,128.28,129.36,332642.994
1649088000,129.38,131.91,125.84,130.08,405487.12
1649102400,130.09,133.15,129.01,132.16,355379.171
1649116800,132.19,133.98,129.78,133.44,146091.75400000002
1649131200,133.44,134.24,131.48,133.38,70488.499
1649145600,133.35,134.88,131.49,134.53,93728.881
1649160000,134.53,136.68,129.19,131.44,411377.172
1649174400,131.46,133.66,129.26,131.17,276106.08999999997
1649188800,131.19,131.49,126.01,126.9,209358.56
1649203200,126.9,126.98,120.13,123.74,316058.605
1649217600,123.74,127.44,123.07,125.57,106745.258
1649232000,125.51,125.82,119.17,121.65,248226.036
1649246400,121.65,123.23,114.75,117.62,648853.152
1649260800,117.62,120.02,114.6,118.84,465457.581
1649275200,118.84,119.63,112.14,112.94,295465.134
1649289600,112.9,114.93,110.93,113.75,374009.776
1649304000,113.81,116.45,113.07,116.02,119746.89300000001
1649318400,116.03,117.71,113.78,117.49,113010.75
1649332800,117.5,118.6,111.67,113.26,359973.36199999996
1649347200,113.24,118.59,112.75,117.74,255084.24099999998
1649361600,117.68,119.96,116.75,118.52,161820.09
1649376000,118.44,122.48,117.98,122.1,257094.407
1649390400,122.14,122.41,116.62,119.14,146699.842
1649404800,119.13,120.32,114.94,115.31,139752.112
1649419200,115.34,118.55,112.86,116.54,255317.101
1649433600,116.53,116.9,112.75,113.61,278741.037
1649448000,113.61,114.03,108.11,109.97,244641.778
1649462400,109.98,111.9,108.3,109.44,212499.193
1649476800,109.45,111.2,109.02,110.71,70539.12
1649491200,110.66,111.19,109.0,110.52,44022.593
1649505600,110.52,111.84,109.4,109.63,107467.151
1649520000,109.66,111.58,109.3,109.81,89332.98300000001
1649534400,109.8,113.71,109.55,112.99,108365.95300000001
1649548800,113.02,114.1,111.17,113.48,99294.728
1649563200,113.48,113.71,111.44,111.66,66582.239
1649577600,111.65,112.26,109.81,111.13,56565.130000000005
1649592000,111.14,112.65,110.53,112.48,68287.591
1649606400,112.49,116.07,111.92,114.6,165888.52899999998
1649620800,114.61,115.42,110.5,111.07,190371.07499999998
1649635200,111.05,111.99,108.35,110.04,233339.207
1649649600,110.06,111.38,109.6,111.16,74574.352
1649664000,111.12,111.86,103.3,103.92,327614.325
1649678400,103.95,104.79,101.25,101.38,435190.074
1649692800,101.37,103.92,100.44,101.4,290732.954
1649707200,101.4,102.66,98.13,99.7,330230.566
1649721600,99.64,101.11,98.39,99.69,207841.31
1649736000,99.72,103.27,99.31,103.09,155431.05
1649750400,103.08,105.75,102.25,105.57,144204.174
1649764800,105.6,109.44,104.86,106.03,534445.748
1649779200,106.03,107.14,100.3,100.99,334046.922
1649793600,100.99,103.71,100.75,103.31,180082.15399999998
1649808000,103.29,105.1,101.92,103.66,141554.224
1649822400,103.67,104.85,103.0,103.97,87578.691
1649836800,103.98,104.34,101.06,101.08,79300.796
1649851200,101.11,106.08,100.03,105.18,298137.624
1649865600,105.18,105.98,103.7,103.99,211966.19400000002
1649880000,103.96,105.45,103.69,104.95,146234.832
1649894400,104.98,107.48,104.51,105.65,167453.788
1649908800,105.63,107.71,105.62,106.41,78786.573
1649923200,106.39,107.28,103.23,103.67,95107.132
1649937600,103.64,105.81,101.12,101.36,235776.102
1649952000,101.35,101.96,98.56,99.59,363963.703
1649966400,99.56,101.3,99.1,100.76,107757.51899999999
1649980800,100.78,102.16,99.54,102.08,90776.938
1649995200,102.04,102.49,100.56,101.79,80284.178
1650009600,101.81,102.1,100.86,101.76,47446.020000000004
1650024000,101.74,102.9,99.86,102.35,123745.47200000001
1650038400,102.35,102.83,100.01,100.38,137946.139
1650052800,100.38,101.45,100.31,101.39,75645.406
1650067200,101.39,102.05,100.91,101.08,71467.83
1650081600,101.05,101.9,100.99,101.47,28315.467
1650096000,101.49,102.78,101.12,101.93,55140.03
1650110400,101.92,103.49,100.8,101.0,93651.407
1650124800,101.0,102.73,100.8,102.0,72529.883
1650139200,102.0,102.99,101.73,102.08,94080.23999999999
1650153600,102.08,102.39,101.03,101.49,48143.631
1650168000,101.47,102.25,101.34,101.9,24609.811999999998
1650182400,101.91,102.54,101.81,102.48,19920.59
1650196800,102.48,105.28,102.34,105.1,108576.40299999999
1650211200,105.11,105.47,102.73,104.11,135538.94
1650225600,104.11,104.33,99.66,100.18,172143.816
1650240000,100.15,101.77,99.89,101.19,101277.313
1650254400,101.2,101.33,95.03,96.43,231595.96
1650268800,96.45,97.3,94.69,96.84,88480.635
1650283200,96.83,99.21,96.81,98.64,167761.841
1650297600,98.68,102.55,97.05,101.22,257224.756
1650312000,101.22,102.68,101.01,102.39,126923.21399999999
1650326400,102.36,103.76,101.26,101.44,146727.678
1650340800,101.44,102.57,101.08,101.8,70733.29699999999
1650355200,101.82,103.56,101.46,102.38,75381.699
1650369600,102.33,108.6,102.28,106.52,353125.348
1650384000,106.52,107.19,105.33,107.0,168078.011
1650398400,106.97,108.88,105.77,108.55,204000.947
1650412800,108.53,109.5,107.0,108.29,155796.09900000002
1650427200,108.25,108.6,106.68,107.03,77200.308
1650441600,107.03,110.95,106.61,110.48,145879.673
1650456000,110.48,110.8,104.69,105.79,335609.60699999996
1650470400,105.74,106.7,104.27,106.07,184585.643
1650484800,106.06,107.61,105.05,105.59,124295.616
1650499200,105.6,107.15,105.4,107.0,161967.206
1650513600,107.01,107.63,105.3,106.79,109319.20199999999
1650528000,106.85,109.02,105.78,108.38,156139.868
1650542400,108.35,110.0,107.61,107.77,329252.648
1650556800,107.73,107.75,104.25,104.29,288651.48699999996
1650571200,104.28,104.34,99.93,101.78,387545.021
1650585600,101.78,103.1,101.44,102.54,165168.631
1650600000,102.52,103.55,101.35,102.63,127701.906
1650614400,102.63,102.98,100.08,102.25,91673.95999999999
1650628800,102.22,102.81,99.32,99.66,217097.575
1650643200,99.65,101.99,99.18,100.91,161795.106
1650657600,100.92,101.75,100.02,100.55,78564.151
1650672000,100.54,101.05,99.31,99.87,73369.336
1650686400,99.89,101.3,98.38,101.22,88476.65100000001
1650700800,101.23,102.06,100.71,101.59,44316.581999999995
1650715200,101.62,102.59,100.83,102.15,60083.544
1650729600,102.18,102.94,101.46,102.07,70207.559
1650744000,102.08,102.48,100.29,100.66,63808.787
1650758400,100.66,101.61,100.25,101.29,53832.421
1650772800,101.3,101.99,101.0,101.81,41831.915
1650787200,101.83,102.26,100.83,101.11,31239.733999999997
1650801600,101.11,101.55,99.87,100.06,88928.53
1650816000,100.1,101.28,98.62,100.5,108921.04000000001
1650830400,100.54,100.72,99.03,99.25,62028.687000000005
1650844800,99.26,99.46,96.22,98.08,205881.256
1650859200,98.12,98.3,94.42,95.15,113825.47200000001
1650873600,95.13,96.99,94.5,96.74,98998.864
1650888000,96.79,98.28,95.88,96.97,145510.14800000002
1650902400,96.95,100.8,96.83,100.67,192745.71000000002
1650916800,100.66,101.64,99.79,100.99,112518.32299999999
1650931200,100.99,102.0,100.24,101.01,81640.245
1650945600,101.02,101.52,100.11,100.89,60742.155
1650960000,100.87,101.57,99.75,100.51,74749.324
1650974400,100.52,101.1,96.36,96.53,197044.019
1650988800,96.53,97.8,95.66,96.59,174889.482
1651003200,96.61,97.5,94.66,95.74,160964.571
1651017600,95.74,97.21,94.9,96.79,103295.696
1651032000,96.77,99.53,96.58,99.52,84256.891
1651046400,99.51,100.14,98.03,99.2,118801.534
1651060800,99.21,100.76,96.85,98.17,219775.125
1651075200,98.15,98.99,96.8,97.41,139879.34100000001
1651089600,97.42,98.89,97.21,98.35,81638.406
1651104000,98.35,99.9,97.98,99.18,93636.237
1651118400,99.17,100.02,98.57,99.52,49851.566999999995
1651132800,99.48,100.55,99.0,99.89,74643.032
1651147200,99.89,100.1,96.32,97.54,171755.054
1651161600,97.45,100.2,96.85,98.77,192750.049
1651176000,98.77,99.15,97.27,98.22,124419.849
1651190400,98.2,98.67,96.97,97.24,81653.30900000001
1651204800,97.23,98.02,96.76,97.81,55126.335
1651219200,97.82,97.98,95.09,95.62,116960.815
1651233600,95.61,97.0,95.2,96.16,134916.696
1651248000,96.13,96.4,92.28,92.9,299077.319
1651262400,92.9,94.46,92.54,93.91,150540.513
1651276800,93.91,94.96,93.65,94.09,75500.49799999999
1651291200,94.1,94.95,93.66,94.03,45121.43
1651305600,94.02,94.54,93.6,93.85,39573.311
1651320000,93.86,94.21,91.5,92.25,115082.895
1651334400,92.23,92.58,90.32,91.59,143063.804
1651348800,91.58,91.58,82.08,84.69,387253.948
1651363200,84.69,88.47,84.19,88.09,274792.536
1651377600,88.08,89.93,87.1,88.9,122262.712
1651392000,88.91,89.92,87.75,88.26,85056.222
1651406400,88.24,90.37,87.01,90.06,142521.803
1651420800,90.06,93.11,87.05,87.98,217226.47
1651435200,87.96,90.46,87.72,89.65,128858.482
1651449600,89.65,90.88,88.66,89.35,114305.911
1651464000,89.38,90.77,89.03,89.79,61344.849
1651478400,89.81,90.06,86.25,86.76,140425.119
1651492800,86.73,88.93,86.2,87.72,262547.2
1651507200,87.72,87.94,85.06,87.27,240519.878
1651521600,87.28,88.46,86.27,87.45,109166.745
1651536000,87.47,88.62,86.67,88.62,98026.822
1651550400,88.62,88.79,87.8,88.34,53402.600000000006
1651564800,88.3,88.74,87.2,88.46,46712.26
1651579200,88.45,88.57,86.68,87.22,140196.593
1651593600,87.21,87.45,84.81,85.45,183658.946
1651608000,85.45,86.58,84.47,85.85,115296.989
1651622400,85.85,86.77,85.46,86.14,66294.831
1651636800,86.16,87.5,85.48,87.33,54183.948000000004
1651651200,87.34,88.73,87.05,88.47,82633.785
1651665600,88.45,88.74,86.25,87.14,188632.25
1651680000,87.14,92.31,86.5,91.57,416952.403
1651694400,91.61,93.08,91.27,92.76,146428.565
1651708800,92.76,95.18,92.69,94.26,196003.402
1651723200,94.27,94.52,92.75,93.17,86678.535
1651737600,93.15,93.38,92.03,92.27,79030.698
1651752000,92.27,92.97,84.25,84.93,392927.248
1651766400,84.92,86.27,81.24,83.79,536829.5090000001
1651780800,83.75,85.38,83.06,84.52,173936.7
1651795200,84.52,84.82,82.45,82.75,150963.135
1651809600,82.73,83.43,81.0,82.38,346706.114
1651824000,82.36,83.59,80.37,81.22,229865.4
1651838400,81.22,83.19,80.0,81.76,490903.058
1651852800,81.75,82.46,80.96,81.94,291590.739
1651867200,81.95,82.4,81.3,81.66,94697.887
1651881600,81.66,81.95,80.34,80.48,83412.969
1651896000,80.48,80.95,79.08,80.42,134366.744
1651910400,80.42,82.0,80.17,81.77,76620.526
1651924800,81.75,82.3,80.85,82.09,128902.842
1651939200,82.06,82.2,81.17,81.38,91705.02900000001
1651953600,81.38,81.41,77.12,78.83,266289.756
1651968000,78.85,79.39,75.9,76.91,322622.81799999997
1651982400,76.92,78.58,76.91,77.84,128466.879
1651996800,77.84,79.33,77.74,79.08,58565.719
1652011200,79.05,79.3,76.72,77.12,158409.53
1652025600,77.14,78.08,73.68,76.35,334188.08900000004
1652040000,76.32,76.49,74.65,75.34,164060.206
1652054400,75.33,77.19,73.71,75.21,229372.025
1652068800,75.25,76.03,73.31,73.91,157431.474
1652083200,73.88,75.24,70.71,72.27,309809.269
1652097600,72.27,73.09,69.21,69.82,627037.8570000001
1652112000,69.82,70.32,62.87,65.18,1296213.165
1652126400,65.16,68.47,61.69,62.13,668294.37
1652140800,62.11,66.71,60.06,64.43,917552.433
1652155200,64.48,72.98,64.07,68.92,651867.62
1652169600,68.92,72.14,68.43,71.63,386395.42
1652184000,71.6,74.09,67.23,69.45,750379.583
1652198400,69.46,71.1,67.16,67.45,579645.839
1652212800,67.48,67.65,63.19,66.86,669817.659
1652227200,66.88,68.28,65.0,66.21,372903.196
1652241600,66.19,68.42,60.69,62.59,510985.396
1652256000,62.62,66.43,60.99,61.39,483742.821
1652270400,61.4,63.9,48.0,55.46,1588061.402
1652284800,55.42,56.81,46.87,47.76,1433755.585
1652299200,47.75,50.93,43.1,50.82,1762190.3360000001
1652313600,50.81,55.77,44.92,45.06,1174753.108
1652328000,45.01,46.52,36.34,43.97,1283380.739
1652342400,44.03,47.24,40.63,43.68,640905.954
1652356800,43.67,49.3,42.36,44.5,959018.164
1652371200,44.48,48.03,43.25,44.6,757609.209
1652385600,44.62,45.73,41.33,44.65,790694.7220000001
1652400000,44.65,52.22,43.82,51.21,627354.945
1652414400,51.13,54.0,48.78,48.95,720460.606
1652428800,48.97,53.28,48.95,53.21,468274.304
1652443200,53.27,57.0,51.92,52.99,965486.309
1652457600,53.01,54.16,49.61,51.48,998459.899
1652472000,51.48,51.92,48.12,48.89,340675.886
1652486400,48.89,53.8,48.57,51.66,362957.871
1652500800,51.64,53.27,50.42,50.63,175865.67700000003
1652515200,50.64,51.45,47.32,47.92,245867.118
1652529600,47.94,49.06,46.05,46.37,395269.592
1652544000,46.39,50.67,45.82,49.33,429236.644
1652558400,49.31,52.88,49.26,52.37,282982.997
1652572800,52.39,52.64,49.56,50.14,306884.25
1652587200,50.13,52.48,49.8,51.37,172991.516
1652601600,51.35,53.62,50.76,53.43,144271.029
1652616000,53.42,54.69,52.16,52.82,278844.904
1652630400,52.82,55.59,52.62,55.24,384448.968
1652644800,55.22,59.24,54.94,58.82,484093.091
1652659200,58.78,58.78,55.22,56.04,398658.297
1652673600,56.03,56.36,53.12,53.72,314781.852
1652688000,53.75,55.17,52.48,53.76,225633.69799999997
1652702400,53.78,55.49,51.76,53.29,436344.756
1652716800,53.26,55.5,52.2,53.93,436461.49799999996
1652731200,53.92,55.76,53.03,53.69,321382.30700000003
1652745600,53.74,56.11,53.59,55.69,249109.848
1652760000,55.69,57.62,55.02,55.71,187732.929
1652774400,55.71,57.05,55.34,55.62,154658.149
1652788800,55.58,58.19,54.29,55.14,412459.854
1652803200,55.12,56.0,53.0,55.14,436406.6
1652817600,55.13,57.57,54.97,57.02,312031.532
1652832000,56.98,57.82,54.81,55.03,257565.874
1652846400,55.01,56.2,54.74,55.35,200265.259
1652860800,55.39,55.5,53.77,54.18,185734.96600000001
1652875200,54.16,54.28,49.61,50.35,772404.17
1652889600,50.33,52.03,49.78,51.66,535979.719
1652904000,51.69,51.71,49.36,49.87,273886.036
1652918400,49.86,50.92,48.2,50.56,415282.746
1652932800,50.56,52.19,50.13,51.03,219221.57299999997
1652947200,51.0,51.48,48.19,51.14,522741.229
1652961600,51.2,54.0,50.25,53.18,666356.017
1652976000,53.18,53.54,51.52,51.54,382730.085
1652990400,51.55,52.63,50.65,52.13,256201.73
1653004800,52.14,53.5,51.36,51.43,294023.179
1653019200,51.44,52.31,50.55,52.07,242082.33299999998
1653033600,52.04,53.59,51.76,53.14,259903.18300000002
1653048000,53.13,53.19,49.26,49.37,597951.614
1653062400,49.38,50.28,47.75,50.16,619457.115
1653076800,50.13,50.75,49.25,49.37,305008.587
1653091200,49.37,50.14,48.35,50.05,191753.681
1653105600,50.06,50.31,49.36,49.93,146173.146
1653120000,49.92,50.13,48.89,49.39,148610.025
1653134400,49.38,50.8,48.91,50.66,241445.131
1653148800,50.65,51.17,49.88,50.15,180680.489
1653163200,50.14,50.58,49.39,50.25,120293.44099999999
1653177600,50.24,50.67,49.86,50.09,126365.31599999999
1653192000,50.09,50.47,49.62,50.2,98808.22899999999
1653206400,50.19,51.97,50.13,51.43,201693.321
1653220800,51.42,52.87,51.28,51.76,293229.868
1653235200,51.75,52.19,51.08,51.35,119288.931
1653249600,51.35,53.11,51.26,52.44,221509.668
1653264000,52.42,53.13,51.75,52.16,154938.89
1653278400,52.15,54.31,51.85,53.5,213831.97
1653292800,53.51,54.65,52.89,53.96,173728.869
1653307200,53.97,54.63,52.18,53.81,438593.487
1653321600,53.81,54.37,49.96,50.04,562944.807
1653336000,50.03,51.1,48.57,49.11,477854.606
1653350400,49.11,49.94,48.84,49.83,226005.236
1653364800,49.86,50.3,49.34,49.78,162640.893
1653379200,49.76,49.92,48.6,49.48,313056.18799999997
1653393600,49.46,50.53,47.01,50.02,817290.1510000001
1653408000,50.0,50.8,48.46,49.0,734420.398
1653422400,49.01,50.08,48.65,49.64,338709.00399999996
1653436800,49.62,50.5,48.95,50.28,236774.248
1653451200,50.3,50.3,48.53,48.79,200899.329
1653465600,48.8,49.33,47.51,47.64,227413.082
1653480000,47.62,48.84,47.52,48.21,333663.816
1653494400,48.21,49.1,47.74,48.24,354977.268
1653508800,48.25,48.86,47.8,47.94,186501.495
1653523200,47.91,48.6,47.81,48.15,202871.17299999998
1653537600,48.13,48.28,45.55,46.34,353741.425
1653552000,46.33,46.44,43.09,43.69,613336.327
1653566400,43.68,45.89,41.65,45.08,1100807.02
1653580800,45.08,46.68,43.88,44.03,496942.44
1653595200,44.02,44.8,43.26,43.42,324752.925
1653609600,43.4,43.91,41.11,42.58,968141.3999999999
1653624000,42.6,42.85,39.93,40.98,886316.2
1653638400,40.96,42.26,40.47,41.58,528174.622
1653652800,41.57,43.58,41.2,42.12,718901.552
1653667200,42.12,42.34,40.38,41.83,581698.483
1653681600,41.81,42.58,40.52,41.09,325844.514
1653696000,41.13,42.43,40.19,41.29,401046.498
1653710400,41.29,42.14,41.04,41.67,273028.31299999997
1653724800,41.66,41.95,41.08,41.57,186342.642
1653739200,41.55,43.46,41.43,42.94,368891.788
1653753600,42.93,44.7,42.46,44.4,364632.65
1653768000,44.37,45.04,43.65,44.2,246956.559
1653782400,44.18,44.38,42.12,42.33,446090.016
1653796800,42.33,42.61,41.76,42.41,275471.379
1653811200,42.41,44.15,42.29,44.02,557558.828
1653825600,44.04,45.62,44.04,44.65,456749.621
1653840000,44.65,45.27,44.0,44.21,283666.489
1653854400,44.2,45.12,44.1,44.91,289777.532
1653868800,44.94,46.66,44.22,45.91,562057.4739999999
1653883200,45.91,47.34,45.5,47.02,439124.255
1653897600,47.02,47.2,45.83,46.03,330680.489
1653912000,46.02,46.63,44.88,45.79,517218.76599999995
1653926400,45.8,46.33,45.34,45.63,354200.811
1653940800,45.63,48.37,45.41,47.2,614902.285
1653955200,47.18,48.18,46.17,47.67,489092.12100000004
1653969600,47.65,47.82,45.86,46.32,421345.44299999997
1653984000,46.32,46.91,45.93,46.56,363419.989
1653998400,46.56,46.75,44.53,46.32,851165.5580000001
1654012800,46.32,46.79,45.12,45.49,482721.63
1654027200,45.51,46.19,45.37,45.75,232072.562
1654041600,45.75,46.16,44.62,44.76,268322.114
1654056000,44.74,45.18,44.29,44.53,295349.857
1654070400,44.55,45.25,44.17,44.55,210463.079
1654084800,44.56,45.64,42.79,42.92,700402.387
1654099200,42.94,43.07,40.72,41.23,924163.227
1654113600,41.22,41.31,39.56,40.1,580552.597
1654128000,40.1,40.24,38.67,38.81,672794.578
1654142400,38.81,40.09,38.1,39.67,471036.659
1654156800,39.66,41.18,39.46,41.02,357811.95
1654171200,41.01,41.21,39.61,40.66,724175.567
1654185600,40.68,41.03,39.87,40.43,410037.855
1654200000,40.42,41.61,40.34,40.82,395656.7
1654214400,40.83,41.51,40.4,41.12,354184.63
1654228800,41.13,41.17,40.23,40.29,212479.217
1654243200,40.3,40.44,37.92,38.23,610681.185
1654257600,38.24,38.67,37.59,38.02,622993.667
1654272000,38.03,38.56,37.75,38.11,548507.03
1654286400,38.12,38.94,37.88,38.23,337355.12299999996
1654300800,38.24,38.35,35.66,36.28,699075.632
1654315200,36.28,37.45,36.19,37.3,248315.6
1654329600,37.29,37.86,36.83,36.97,186054.756
1654344000,36.97,38.24,36.52,37.77,462281.711
1654358400,37.77,38.17,37.32,37.48,282029.501
1654372800,37.49,39.48,37.41,38.99,313972.216
1654387200,38.98,39.46,37.81,38.28,217273.285
1654401600,38.26,39.3,37.9,38.77,221561.66999999998
1654416000,38.79,39.92,38.72,39.41,285314.687
1654430400,39.42,39.81,38.72,39.77,223848.298
1654444800,39.78,40.21,39.17,39.61,276034.804
1654459200,39.61,40.05,38.29,38.49,515642.17799999996
1654473600,38.48,41.93,38.29,41.74,875566.7490000001
1654488000,41.76,43.95,41.47,43.0,586106.107
1654502400,42.98,44.84,42.91,43.89,515495.46900000004
1654516800,43.89,44.1,42.25,42.8,784901.838
1654531200,42.8,42.84,41.48,42.19,639063.614
1654545600,42.18,43.2,41.07,42.35,391468.984
1654560000,42.35,42.5,38.68,39.53,1070974.591
1654574400,39.54,39.65,38.8,39.29,270940.747
1654588800,39.27,39.64,37.4,38.05,468226.038
1654603200,38.04,39.66,37.63,39.16,631224.338
1654617600,39.14,41.14,38.6,40.41,553851.638
1654632000,40.41,41.34,38.36,39.28,624261.899
1654646400,39.29,40.92,38.28,38.62,605702.4909999999
1654660800,38.61,39.53,38.26,39.23,387439.725
1654675200,39.23,39.72,38.95,39.28,227497.235
1654689600,39.28,40.13,38.71,39.67,496771.079
1654704000,39.67,39.86,38.39,38.76,376552.946
1654718400,38.75,39.38,38.65,38.79,202184.186
1654732800,38.81,39.21,38.41,39.11,237211.264
1654747200,39.12,39.51,38.81,39.51,212354.236
1654761600,39.52,41.92,39.28,41.18,545820.436
1654776000,41.18,42.04,39.8,40.3,502191.66000000003
1654790400,40.29,41.39,39.49,39.61,343815.812
1654804800,39.62,40.13,39.35,39.93,230613.28399999999
1654819200,39.92,40.88,39.0,40.23,352447.20999999996
1654833600,40.26,40.8,40.03,40.3,124686.894
1654848000,40.3,40.67,38.86,39.29,290185.267
1654862400,39.29,39.69,37.41,37.92,770160.732
1654876800,37.93,38.03,36.96,37.21,572815.625
1654891200,37.22,38.05,36.71,37.14,248542.089
1654905600,37.14,37.71,36.95,37.51,138032.721
1654920000,37.49,37.9,37.08,37.68,166081.925
1654934400,37.68,37.75,35.1,35.44,433993.106
1654948800,35.43,35.75,33.14,33.73,820983.712
1654963200,33.73,34.77,33.31,34.07,432999.392
1654977600,34.09,34.66,33.58,33.91,265541.394
1654992000,33.9,34.29,31.4,32.28,647774.144
1655006400,32.28,33.15,31.04,33.11,503767.623
1655020800,33.1,33.8,32.25,32.7,291060.94800000003
1655035200,32.71,34.62,31.34,33.97,626788.685
1655049600,33.95,34.25,32.26,32.56,407367.826
1655064000,32.55,32.8,30.52,30.56,554051.616
1655078400,30.55,31.07,27.62,28.85,1488222.867
1655092800,28.85,29.67,27.19,27.52,893540.294
1655107200,27.54,28.4,26.0,26.77,1624046.0929999999
1655121600,26.76,28.22,26.06,27.9,1441401.775
1655136000,27.88,29.4,27.4,28.25,1098090.046
1655150400,28.25,29.82,26.95,28.58,923353.6969999999
1655164800,28.56,29.14,25.84,28.89,1331633.151
1655179200,28.9,32.23,27.99,31.0,1316156.567
1655193600,31.02,31.11,28.6,29.04,505562.96499999997
1655208000,29.06,31.36,28.34,30.99,1014155.4509999999
1655222400,30.97,31.16,28.99,29.41,814264.799
1655236800,29.42,30.02,28.0,29.54,561336.682
1655251200,29.55,30.28,28.58,28.76,481939.819
1655265600,28.76,28.78,27.33,27.61,675487.306
1655280000,27.6,29.16,26.74,28.84,800660.7880000001
1655294400,28.88,29.96,28.56,29.48,710364.03
1655308800,29.46,32.99,28.07,31.43,1639409.043
1655323200,31.44,34.79,31.02,34.72,982904.201
1655337600,34.72,36.0,33.67,33.75,765752.674
1655352000,33.75,34.21,32.42,32.56,431117.388
1655366400,32.57,32.96,30.68,31.24,639622.443
1655380800,31.24,32.53,30.01,31.28,892519.61
1655395200,31.28,32.67,30.41,30.83,970859.0830000001
1655409600,30.82,31.55,29.5,30.1,483836.476
1655424000,30.07,31.32,29.23,29.96,663593.194
1655438400,29.94,31.97,29.9,31.57,348626.23
1655452800,31.55,32.1,30.92,31.55,260313.961
1655467200,31.53,32.03,30.76,31.2,505732.047
1655481600,31.17,32.09,30.92,31.09,498095.784
1655496000,31.08,31.71,30.53,30.69,243152.605
1655510400,30.69,31.28,29.74,30.03,287235.024
1655524800,30.05,30.38,28.08,28.44,351402.333
1655539200,28.43,30.65,27.79,29.96,472144.739
1655553600,29.95,30.39,29.47,29.74,281994.953
1655568000,29.74,30.6,28.01,28.04,537884.727
1655582400,28.03,32.04,27.1,32.01,1193799.079
1655596800,32.03,32.38,29.69,30.14,508421.501
1655611200,30.14,30.6,28.78,29.15,296633.034
1655625600,29.15,32.98,28.67,32.36,402110.263
1655640000,32.38,33.6,31.47,33.45,413921.76800000004
1655654400,33.42,34.22,31.95,33.18,441756.091
1655668800,33.17,35.32,33.0,34.15,543762.297
1655683200,34.16,34.51,31.69,32.23,525652.112
1655697600,32.23,32.79,31.67,32.29,277931.969
1655712000,32.29,36.86,32.12,36.27,647816.448
1655726400,36.28,36.67,34.48,35.25,597562.707
1655740800,35.24,35.27,33.86,34.39,458505.604
1655755200,34.39,35.72,33.72,35.22,494024.24
1655769600,35.22,35.85,34.18,35.15,406319.99
1655784000,35.18,37.64,34.73,36.81,516152.936
1655798400,36.8,38.51,36.67,37.11,452145.23199999996
1655812800,37.11,39.2,36.91,37.92,586576.884
1655827200,37.92,38.62,36.48,36.56,475345.44299999997
1655841600,36.54,36.81,35.55,36.36,373788.881
1655856000,36.39,36.68,34.49,34.65,458021.597
1655870400,34.65,35.23,33.69,33.82,444915.91699999996
1655884800,33.82,36.1,33.59,35.44,389419.411
1655899200,35.45,36.86,34.5,34.73,684021.713
1655913600,34.71,35.34,33.91,34.35,437366.498
1655928000,34.35,35.05,33.83,34.1,317768.218
1655942400,34.11,35.84,33.89,35.1,373113.41
1655956800,35.08,36.63,34.98,35.94,264318.39
1655971200,35.92,37.41,35.69,36.89,441654.11899999995
1655985600,36.86,37.79,36.06,37.18,579383.954
1656000000,37.2,38.43,36.23,37.57,672195.426
1656014400,37.55,38.6,37.21,38.13,450181.065
1656028800,38.13,39.58,37.64,38.9,464229.458
1656043200,38.9,39.27,37.71,38.29,252458.659
1656057600,38.31,40.47,38.06,40.26,346877.977
1656072000,40.26,41.29,39.7,40.03,544429.828
1656086400,40.05,41.14,39.39,41.11,333140.114
1656100800,41.13,42.9,40.85,41.88,619350.067
1656115200,41.85,42.44,40.65,41.38,338177.542
1656129600,41.36,42.33,40.94,42.14,208088.825
1656144000,42.13,42.6,41.72,41.82,141534.474
1656158400,41.81,42.03,39.72,39.83,350699.407
1656172800,39.82,40.98,39.71,40.35,193205.87900000002
1656187200,40.33,42.56,40.06,42.2,318044.201
1656201600,42.22,42.46,40.72,41.39,283356.688
1656216000,41.4,41.81,40.75,41.29,152258.72
1656230400,41.26,42.18,40.5,42.06,202318.424
1656244800,42.07,42.44,39.95,40.61,386544.358
1656259200,40.59,40.91,39.53,40.68,230338.044
1656273600,40.67,41.39,39.15,39.39,572802.921
1656288000,39.39,40.29,38.83,40.13,318981.601
1656302400,40.15,40.83,39.61,40.59,225320.385
1656316800,40.6,41.25,40.22,40.3,225583.685
1656331200,40.3,40.45,38.22,38.72,585304.535
1656345600,38.71,39.17,37.85,38.29,401689.977
1656360000,38.3,39.11,38.24,38.5,214370.098
1656374400,38.46,38.93,36.94,37.7,412174.17100000003
1656388800,37.72,38.69,37.53,38.6,171446.608
1656403200,38.6,39.69,38.42,39.19,284422.25899999996
1656417600,39.17,39.86,36.98,37.04,394228.24
1656432000,37.02,37.19,35.55,35.88,810336.649
1656446400,35.88,36.64,35.04,35.3,401232.803
1656460800,35.29,36.07,35.0,35.42,357929.377
1656475200,35.41,35.68,34.4,35.29,498906.99799999996
1656489600,35.29,35.71,34.25,34.88,363725.56
1656504000,34.89,35.11,33.57,34.62,591791.329
1656518400,34.61,34.64,33.04,34.44,664917.785
1656532800,34.44,35.1,33.47,33.95,537869.793
1656547200,34.03,34.16,32.5,32.97,431008.73799999995
1656561600,32.95,33.16,31.51,31.86,519313.35400000005
1656576000,31.85,32.08,31.18,31.62,581376.584
1656590400,31.61,32.28,30.79,32.05,600600.709
1656604800,32.07,32.82,31.49,31.98,457846.223
1656619200,31.98,33.89,31.44,33.74,645942.1159999999
1656633600,33.75,35.38,33.4,33.6,860645.248
1656648000,33.6,33.69,32.29,33.09,550605.17
1656662400,33.09,33.54,31.78,32.29,392002.895
1656676800,32.29,33.14,31.99,32.29,685893.32
1656691200,32.27,33.46,32.2,33.21,385858.439
1656705600,33.22,34.03,32.52,32.82,325900.783
1656720000,32.81,33.4,32.03,32.11,384743.755
1656734400,32.13,32.85,32.08,32.4,132877.225
1656748800,32.4,32.75,31.82,32.73,186089.867
1656763200,32.75,33.39,32.56,32.84,201690.399
1656777600,32.83,33.45,32.65,33.08,141663.39
1656792000,33.1,34.1,32.85,33.33,165202.652
1656806400,33.33,33.58,32.65,33.04,137319.562
1656820800,33.05,33.65,32.29,32.83,191678.11800000002
1656835200,32.83,33.09,32.43,32.86,83256.546
1656849600,32.86,32.97,32.11,32.29,143155.162
1656864000,32.28,33.52,32.25,33.42,126902.047
1656878400,33.42,33.64,33.1,33.36,161795.434
1656892800,33.35,33.83,32.6,32.61,203073.67700000003
1656907200,32.59,33.07,32.4,32.75,93332.19
1656921600,32.75,34.36,32.71,34.36,205487.79200000002
1656936000,34.36,34.93,33.71,34.27,355677.846
1656950400,34.27,35.12,34.1,34.84,263744.08999999997
1656964800,34.83,36.92,34.69,36.69,485193.46499999997
1656979200,36.68,36.94,35.13,35.82,461670.028
1656993600,35.82,36.28,35.54,35.88,246744.636
1657008000,35.87,35.89,33.71,33.93,352340.848
1657022400,33.93,34.04,33.1,33.83,541541.7660000001
1657036800,33.82,36.06,33.6,35.69,624850.627
1657051200,35.69,36.42,35.01,35.37,544338.229
1657065600,35.37,36.01,34.74,35.54,404215.887
1657080000,35.54,36.41,35.24,35.9,312797.783
1657094400,35.91,36.64,35.56,35.58,191786.595
1657108800,35.58,36.48,35.29,35.7,366054.418
1657123200,35.7,36.73,35.62,36.23,521620.168
1657137600,36.23,37.61,35.9,37.01,381139.16500000004
1657152000,37.02,37.4,36.69,37.06,290955.549
1657166400,37.06,37.1,36.35,36.8,171989.76
1657180800,36.8,37.41,36.62,37.25,152529.461
1657195200,37.24,38.6,36.75,38.3,417514.533
1657209600,38.3,39.29,38.1,39.07,566350.623
1657224000,39.07,39.12,38.1,38.43,331389.828
1657238400,38.45,39.7,37.93,38.64,378511.097
1657252800,38.65,38.79,37.17,37.48,282716.864
1657267200,37.5,37.62,36.58,37.2,236363.836
1657281600,37.19,38.79,36.42,38.56,609339.758
1657296000,38.58,39.32,37.92,38.93,378297.01300000004
1657310400,38.92,39.16,37.99,38.1,218532.127
1657324800,38.12,38.81,37.77,38.29,237364.12
1657339200,38.28,38.84,38.21,38.61,152737.54700000002
1657353600,38.61,38.83,38.03,38.17,121380.27
1657368000,38.18,38.34,37.73,38.03,157894.86000000002
1657382400,38.04,38.91,37.94,38.37,191048.994
1657396800,38.37,38.53,37.95,38.08,142761.022
1657411200,38.05,38.17,37.07,37.36,198453.196
1657425600,37.36,37.52,37.13,37.28,104848.962
1657440000,37.28,37.37,36.63,36.9,102344.247
1657454400,36.9,37.12,36.15,36.65,177210.635
1657468800,36.66,37.28,36.38,37.28,125875.02900000001
1657483200,37.27,37.41,36.49,36.69,154090.516
1657497600,36.69,36.73,35.31,35.77,440742.538
1657512000,35.76,35.79,34.75,35.13,274214.935
1657526400,35.13,35.63,34.99,35.11,184666.492
1657540800,35.1,35.76,34.58,35.15,345004.055
1657555200,35.15,35.65,35.03,35.34,202252.057
1657569600,35.32,35.43,33.22,33.41,413584.69299999997
1657584000,33.4,33.97,33.24,33.59,276448.126
1657598400,33.6,34.1,33.24,33.46,188770.895
1657612800,33.47,34.14,33.11,33.9,186139.817
1657627200,33.89,34.58,33.7,34.18,347517.219
1657641600,34.2,34.46,32.68,32.9,365962.73199999996
1657656000,32.9,33.28,32.57,32.66,176034.603
1657670400,32.66,33.22,32.35,33.04,178128.364
1657684800,33.03,33.73,32.93,33.68,152828.921
1657699200,33.66,34.11,33.59,33.94,182004.467
1657713600,33.94,34.45,31.75,33.21,1035617.5750000001
1657728000,33.18,34.06,32.95,33.62,401572.25
1657742400,33.61,35.07,33.46,34.94,384479.16599999997
1657756800,34.93,35.3,34.49,34.55,346122.499
1657771200,34.55,34.71,34.15,34.32,273578.28
1657785600,34.31,34.48,33.55,33.79,302918.968
1657800000,33.78,35.21,33.57,35.14,616100.556
1657814400,35.15,37.07,34.82,36.34,959368.259
1657828800,36.34,37.28,36.32,37.12,309450.962
1657843200,37.11,37.86,36.54,37.35,334649.145
1657857600,37.35,37.55,36.49,37.46,304741.05700000003
1657872000,37.46,38.48,37.44,37.71,351353.18
1657886400,37.71,38.62,37.36,37.68,444271.14300000004
1657900800,37.68,38.87,36.99,38.81,532713.798
1657915200,38.82,39.09,37.23,37.37,340113.554
1657929600,37.36,37.52,36.69,37.21,257122.838
1657944000,37.21,37.25,36.35,36.41,192721.392
1657958400,36.42,36.9,36.39,36.74,91019.131
1657972800,36.74,37.95,36.61,37.92,301978.469
1657987200,37.94,40.55,37.89,39.39,810047.016
1658001600,39.39,39.91,38.81,39.6,298849.767
1658016000,39.57,40.49,39.27,39.88,315165.159
1658030400,39.88,41.08,39.85,40.33,389296.729
1658044800,40.33,40.56,39.29,39.76,251681.494
1658059200,39.77,39.89,39.03,39.27,302414.451
1658073600,39.25,39.8,38.28,39.01,449220.658
1658088000,39.01,39.57,38.5,38.63,276139.73600000003
1658102400,38.59,40.89,38.54,40.57,487895.91599999997
1658116800,40.56,42.48,40.26,42.14,459598.454
1658131200,42.13,42.68,41.29,41.62,350554.728
1658145600,41.63,42.57,41.19,42.31,532547.964
1658160000,42.29,42.46,39.69,40.04,639930.99
1658174400,40.04,44.08,39.78,43.55,475941.71499999997
1658188800,43.56,46.09,42.78,42.99,980347.26
1658203200,43.01,44.13,42.55,43.48,432425.371
1658217600,43.49,45.9,43.23,45.54,456230.031
1658232000,45.54,47.4,45.26,46.58,868245.771
1658246400,46.58,47.28,45.37,45.4,572960.867
1658260800,45.42,46.12,44.59,44.88,425564.887
1658275200,44.86,45.8,44.1,45.46,486457.544
1658289600,45.46,46.05,44.38,44.42,437213.45
1658304000,44.4,45.63,43.74,45.35,517570.625
1658318400,45.33,46.34,44.87,45.38,662251.507
1658332800,45.36,45.51,43.14,43.19,849857.4839999999
1658347200,43.18,43.58,41.05,42.05,874822.631
1658361600,42.03,42.46,39.9,40.03,809460.115
1658376000,40.01,41.49,39.65,41.04,539835.612
1658390400,41.05,41.89,40.63,41.79,370563.812
1658404800,41.75,42.46,40.83,41.88,815426.555
1658419200,41.88,43.9,41.86,43.82,657900.629
1658433600,43.81,44.06,42.47,43.1,539313.149
1658448000,43.09,43.53,42.27,42.67,386829.474
1658462400,42.66,43.47,42.06,43.06,268914.114
1658476800,43.08,44.34,42.82,44.17,373880.6
1658491200,44.15,44.21,41.53,41.7,636427.29
1658505600,41.7,41.92,40.03,40.21,625985.94
1658520000,40.2,41.11,40.15,40.55,222738.054
1658534400,40.55,41.52,40.11,41.12,193155.63199999998
1658548800,41.1,41.94,41.04,41.32,138551.874
1658563200,41.35,41.53,39.53,39.6,227713.066
1658577600,39.6,40.48,39.38,40.2,387829.644
1658592000,40.18,40.39,38.58,39.37,586581.7679999999
1658606400,39.36,40.24,39.2,39.98,209364.36800000002
1658620800,39.98,40.45,39.47,39.62,181470.291
1658635200,39.61,41.17,39.51,40.73,209923.652
1658649600,40.73,41.4,40.25,40.89,182424.509
1658664000,40.92,41.37,40.11,41.26,234986.16499999998
1658678400,41.25,41.32,40.6,40.85,117166.496
1658692800,40.81,42.12,40.68,40.94,382503.968
1658707200,40.93,41.11,37.72,38.09,796490.585
1658721600,38.07,38.75,37.79,38.57,234157.193
1658736000,38.57,39.27,38.35,38.9,212091.86
1658750400,38.9,39.38,38.29,38.51,415624.431
1658764800,38.5,39.02,37.34,37.97,355131.112
1658779200,37.96,38.97,36.56,36.64,482623.01
1658793600,36.66,36.83,35.54,36.21,603248.5889999999
1658808000,36.22,36.51,35.47,35.66,319761.83
1658822400,35.66,36.25,35.32,35.82,259651.527
1658836800,35.81,36.29,34.93,35.0,476627.13300000003
1658851200,34.99,35.6,34.68,35.02,304784.235
1658865600,35.03,36.36,34.79,36.29,295174.643
1658880000,36.29,36.4,35.69,35.79,173993.24599999998
1658894400,35.79,37.2,35.77,36.83,238673.737
1658908800,36.84,37.09,36.31,36.4,192485.27
1658923200,36.41,37.47,36.21,37.19,336780.522
1658937600,37.19,40.33,36.44,39.38,1080637.32
1658952000,39.38,40.57,39.28,40.24,543552.896
1658966400,40.23,40.48,39.06,39.72,418270.264
1658980800,39.72,40.01,39.25,39.33,211366.364
1658995200,39.33,40.86,39.27,40.54,297487.94800000003
1659009600,40.52,42.12,39.21,41.94,1012574.659
1659024000,41.92,42.99,41.75,42.14,630835.58
1659038400,42.13,44.19,42.12,42.93,582080.53
1659052800,42.94,43.6,42.4,43.54,316545.698
1659067200,43.53,44.46,42.73,43.07,310924.671
1659081600,43.08,43.34,41.38,41.95,280206.975
1659096000,41.93,43.65,41.13,42.67,567555.7660000001
1659110400,42.67,42.71,41.22,41.82,461355.752
1659124800,41.8,43.13,41.54,41.94,300892.176
1659139200,41.92,42.52,41.45,41.89,365679.495
1659153600,41.91,42.5,41.48,42.37,218310.374
1659168000,42.37,43.07,41.86,42.42,256122.95
1659182400,42.42,46.33,42.22,46.31,816808.586
1659196800,46.32,46.72,44.81,45.12,451478.44700000004
1659211200,45.1,45.52,43.42,43.84,361349.007
1659225600,43.86,44.2,42.99,43.26,235243.874
1659240000,43.26,44.53,43.24,43.87,219704.978
1659254400,43.86,44.81,43.28,44.45,191388.509
1659268800,44.43,44.64,43.64,44.14,125489.977
1659283200,44.15,45.25,42.77,43.8,353182.836
1659297600,43.79,43.94,42.25,42.38,298045.038
1659312000,42.37,43.29,42.11,43.03,208869.47600000002
1659326400,43.02,43.14,42.27,42.97,137903.142
1659340800,42.97,43.14,41.65,42.26,183718.351
1659355200,42.23,42.99,41.36,42.49,375485.461
1659369600,42.49,42.55,40.58,41.11,421600.121
1659384000,41.12,41.91,40.79,41.67,200262.305
1659398400,41.67,42.13,39.97,40.26,284626.24199999997
1659412800,40.25,40.67,39.94,40.56,137442.32400000002
1659427200,40.53,40.82,39.82,40.56,151196.026
1659441600,40.56,41.69,39.92,41.5,389183.26
1659456000,41.5,42.46,40.94,41.17,356965.22
1659470400,41.17,41.52,39.5,39.81,289191.248
1659484800,39.81,40.13,37.48,38.56,1557340.69
1659499200,38.54,39.4,38.18,38.34,603303.448
1659513600,38.35,39.97,38.35,39.67,428401.508
1659528000,39.65,41.11,39.58,40.16,668056.549
1659542400,40.15,40.75,39.81,40.11,265692.615
1659556800,40.1,40.29,38.2,38.55,523499.468
1659571200,38.54,39.67,38.43,39.34,352377.243
1659585600,39.39,39.73,38.57,39.22,246735.938
1659600000,39.22,39.34,38.52,38.61,258575.721
1659614400,38.61,39.84,38.33,38.89,414702.762
1659628800,38.88,39.02,37.91,38.39,268802.955
1659643200,38.39,39.03,38.18,38.82,144964.38
1659657600,38.83,40.19,38.7,40.14,191189.077
1659672000,40.13,40.58,39.69,40.08,178748.178
1659686400,40.06,41.08,39.85,41.01,204000.275
1659700800,41.03,41.37,39.62,40.0,435408.72
1659715200,40.0,40.16,39.44,39.95,273928.566
1659729600,39.94,40.78,39.76,40.54,355901.696
1659744000,40.57,40.72,40.17,40.52,124535.796
1659758400,40.53,40.68,40.25,40.43,80612.54500000001
1659772800,40.42,40.89,40.29,40.31,97253.775
1659787200,40.31,40.57,40.18,40.45,86455.881
1659801600,40.46,40.92,39.82,40.81,176569.997
1659816000,40.81,40.91,39.94,40.07,148606.402
1659830400,40.07,40.28,39.22,39.79,148270.867
1659844800,39.79,40.21,39.73,39.99,79736.453
1659859200,39.99,40.18,39.69,40.15,82132.734
1659873600,40.17,40.63,40.09,40.34,121183.07
1659888000,40.34,40.79,40.25,40.57,149563.78399999999
1659902400,40.57,41.58,40.46,40.62,223260.785
1659916800,40.62,42.08,40.56,41.94,267914.288
1659931200,41.94,42.8,41.86,42.71,215178.138
1659945600,42.7,43.44,42.42,43.42,217950.828
1659960000,43.42,43.71,42.4,42.52,364729.747
1659974400,42.51,42.58,42.04,42.51,185054.159
1659988800,42.51,43.17,41.8,42.2,172005.188
1660003200,42.18,42.47,41.54,42.45,152904.533
1660017600,42.43,42.76,42.23,42.58,137333.272
1660032000,42.58,42.6,40.68,40.85,303318.824
1660046400,40.87,41.46,39.75,40.15,396333.873
1660060800,40.15,40.49,39.92,40.08,175329.307
1660075200,40.1,40.76,40.05,40.35,156899.044
1660089600,40.34,40.35,39.16,39.28,353799.25
1660104000,39.28,39.82,39.14,39.69,148777.647
1660118400,39.69,40.2,39.67,40.06,174964.18300000002
1660132800,40.05,42.49,39.86,42.09,725471.3470000001
1660147200,42.08,42.45,41.22,41.33,315549.047
1660161600,41.32,42.86,41.32,42.5,229658.39599999998
1660176000,42.48,44.07,42.32,43.84,353922.686
1660190400,43.83,45.1,43.83,44.55,373822.271
1660204800,44.53,44.63,43.74,44.1,199198.96
1660219200,44.08,45.4,43.36,43.49,507337.176
1660233600,43.49,44.04,42.86,43.39,251597.625
1660248000,43.41,43.53,42.37,42.8,189692.312
1660262400,42.8,43.69,42.22,43.42,213143.477
1660276800,43.41,43.67,42.83,43.17,126357.469
1660291200,43.15,43.82,42.15,42.33,204919.80800000002
1660305600,42.33,43.32,42.3,43.23,211222.325
1660320000,43.23,44.88,42.96,44.69,425564.866
1660334400,44.67,45.53,44.33,45.5,358229.183
1660348800,45.53,47.8,45.3,47.44,819235.402
1660363200,47.44,48.39,46.94,47.17,380919.127
1660377600,47.18,47.78,46.4,46.74,268537.029
1660392000,46.76,47.17,46.06,46.26,284731.596
1660406400,46.25,46.81,46.09,46.33,207320.584
1660420800,46.3,47.4,46.21,46.63,140574.49800000002
1660435200,46.64,47.69,46.11,46.74,296434.107
1660449600,46.77,48.09,46.56,47.76,238181.771
1660464000,47.75,47.8,46.61,46.73,182048.808
1660478400,46.71,46.75,45.81,46.04,204332.82400000002
1660492800,46.04,46.11,44.49,45.14,374257.724
1660507200,45.14,45.84,44.78,44.89,208131.43099999998
1660521600,44.87,47.25,44.38,46.47,488977.554
1660536000,46.47,46.68,43.54,43.83,373459.551
1660550400,43.82,44.45,43.25,43.82,220355.768
1660564800,43.8,44.59,43.3,44.53,444058.78500000003
1660579200,44.53,44.78,43.64,43.82,260432.943
1660593600,43.81,44.15,42.67,43.72,316633.972
1660608000,43.73,44.21,42.55,43.68,321843.049
1660622400,43.68,43.8,42.78,43.33,171446.981
1660636800,43.32,44.32,43.15,43.98,170563.921
1660651200,43.99,44.25,42.61,43.42,368229.94299999997
1660665600,43.44,43.6,42.55,43.13,300115.154
1660680000,43.13,43.51,42.84,43.09,140423.235
1660694400,43.08,44.11,42.95,44.02,285866.491
1660708800,44.02,44.74,43.01,43.15,294401.923
1660723200,43.13,43.45,42.62,42.78,230647.26799999998
1660737600,42.78,42.81,40.73,41.1,821913.305
1660752000,41.11,41.9,40.65,40.74,504771.877
1660766400,40.74,41.14,40.18,40.55,462543.69200000004
1660780800,40.54,41.06,40.09,40.82,303112.46400000004
1660795200,40.82,41.07,40.55,40.92,193615.983
1660809600,40.92,41.43,40.69,41.35,168774.482
1660824000,41.32,41.68,40.7,41.18,325666.308
1660838400,41.18,41.28,40.35,40.78,340589.159
1660852800,40.77,41.26,39.34,39.51,445329.522
1660867200,39.5,39.6,37.74,38.32,886169.356
1660881600,38.32,38.44,35.25,36.67,673433.4709999999
1660896000,36.67,36.69,35.5,36.37,617810.987
1660910400,36.38,37.35,36.07,36.98,558798.804
1660924800,36.97,37.81,36.73,37.16,643615.365
1660939200,37.15,37.29,35.62,35.82,724890.79
1660953600,35.8,36.87,35.77,36.61,551072.23
1660968000,36.6,37.27,36.46,37.05,468902.519
1660982400,37.05,37.14,36.4,36.59,349963.623
1660996800,36.57,36.97,36.19,36.52,421782.44999999995
1661011200,36.52,36.61,34.36,34.44,730786.209
1661025600,34.45,35.38,34.21,35.29,563030.319
1661040000,35.29,35.68,35.02,35.13,270415.31799999997
1661054400,35.13,35.48,34.5,35.46,522862.207
1661068800,35.45,36.29,35.4,36.2,385879.402
1661083200,36.19,36.31,35.61,36.02,280238.355
1661097600,36.02,36.57,35.85,36.36,338169.966
1661112000,36.35,37.05,35.93,36.48,459518.494
1661126400,36.48,36.55,36.04,36.1,311972.192
1661140800,36.09,36.33,34.82,34.88,431459.032
1661155200,34.9,34.93,33.76,34.65,528878.4940000001
1661169600,34.65,34.87,33.9,34.82,564631.96
1661184000,34.81,35.1,33.99,34.59,362702.37100000004
1661198400,34.59,35.59,34.48,35.43,279831.775
1661212800,35.43,35.57,35.1,35.21,194771.241
1661227200,35.21,35.42,34.24,34.96,221923.244
1661241600,34.96,35.74,34.83,35.66,220116.78100000002
1661256000,35.68,36.1,35.18,35.71,360348.973
1661270400,35.71,35.79,35.18,35.41,233652.279
1661284800,35.42,35.9,35.29,35.67,243249.37900000002
1661299200,35.67,35.72,34.3,34.6,319503.312
1661313600,34.6,35.35,34.48,34.9,304049.923
1661328000,34.9,35.46,34.87,35.39,164073.38199999998
1661342400,35.39,36.1,35.17,36.06,308875.077
1661356800,36.07,36.42,35.67,35.83,249369.022
1661371200,35.84,36.08,34.86,34.88,274209.466
1661385600,34.89,35.68,34.86,35.21,268397.413
1661400000,35.21,36.29,35.2,36.28,233865.709
1661414400,36.28,36.37,35.95,36.31,149910.25199999998
1661428800,36.31,36.49,35.38,35.74,365484.891
1661443200,35.73,35.87,35.41,35.8,167927.281
1661457600,35.79,35.99,35.05,35.25,166559.58299999998
1661472000,35.25,35.26,34.49,35.1,206741.189
1661486400,35.11,35.23,34.41,34.69,189046.127
1661500800,34.68,34.79,33.88,34.25,220966.95
1661515200,34.24,35.81,33.0,33.29,871953.741
1661529600,33.31,33.4,32.56,32.95,362573.695
1661544000,32.94,33.19,31.38,31.74,442175.429
1661558400,31.75,32.05,31.52,31.9,282158.952
1661572800,31.89,32.27,31.15,32.25,270307.284
1661587200,32.23,32.25,31.8,32.01,213193.659
1661601600,32.0,32.07,31.08,31.38,243782.981
1661616000,31.37,31.48,30.88,31.36,192052.729
1661630400,31.36,31.68,31.06,31.54,149503.674
1661644800,31.53,31.82,31.17,31.41,142920.364
1661659200,31.42,31.88,31.28,31.82,94015.795
1661673600,31.81,32.04,31.52,31.78,131951.643
1661688000,31.78,31.93,31.22,31.85,172231.513
1661702400,31.85,32.22,31.66,31.7,177764.309
1661716800,31.7,31.9,30.19,30.45,355442.641
1661731200,30.42,30.97,30.01,30.7,434625.83
1661745600,30.7,30.81,30.12,30.58,193599.537
1661760000,30.59,30.77,30.33,30.7,245908.978
1661774400,30.69,32.31,30.65,31.78,475508.623
1661788800,31.79,31.95,31.42,31.54,345181.261
1661803200,31.53,32.67,31.48,32.41,233193.287
1661817600,32.42,32.52,31.87,32.32,272656.668
1661832000,32.32,33.06,32.29,32.74,217548.275
1661846400,32.74,33.16,32.6,32.75,205591.241
1661860800,32.76,32.88,30.93,31.21,584060.52
1661875200,31.21,32.03,30.63,31.56,412418.446
1661889600,31.56,32.13,31.32,31.48,242359.90899999999
1661904000,31.48,32.66,31.45,32.46,281160.194
1661918400,32.47,32.89,32.19,32.32,185298.75400000002
1661932800,32.3,32.81,31.94,32.58,201018.78399999999
1661947200,32.57,32.97,31.57,31.92,317126.468
1661961600,31.93,32.37,31.43,32.13,234914.521
1661976000,32.15,32.5,31.18,31.5,197070.49599999998
1661990400,31.5,31.76,30.97,31.22,191590.408
1662004800,31.22,31.55,30.83,31.07,118952.425
1662019200,31.06,31.58,30.85,31.47,147852.921
1662033600,31.47,31.5,30.33,30.76,262839.78500000003
1662048000,30.76,31.11,30.48,31.07,175229.122
1662062400,31.07,31.79,31.0,31.62,152635.932
1662076800,31.62,31.82,31.11,31.57,137381.513
1662091200,31.57,31.96,31.43,31.63,103855.755
1662105600,31.62,31.7,31.25,31.57,99439.61600000001
1662120000,31.57,32.4,31.45,32.28,387013.088
1662134400,32.28,32.35,30.77,31.08,261019.522
1662148800,31.06,31.29,30.89,31.24,141906.833
1662163200,31.24,31.28,30.87,30.94,105305.14
1662177600,30.95,31.29,30.81,31.04,79354.569
1662192000,31.03,31.22,30.88,31.05,81086.465
1662206400,31.04,31.29,31.01,31.13,79311.713
1662220800,31.12,31.21,30.83,30.99,131039.845
1662235200,30.98,31.22,30.92,31.12,77155.79000000001
1662249600,31.12,31.71,31.08,31.43,108144.947
1662264000,31.43,31.55,31.09,31.11,67121.195
1662278400,31.1,31.87,31.03,31.86,77658.007
1662292800,31.87,32.02,31.45,31.82,93203.897
1662307200,31.81,31.95,31.64,31.74,117747.484
1662321600,31.76,32.2,31.74,32.17,115587.836
1662336000,32.16,32.52,32.06,32.11,134895.733
1662350400,32.12,32.19,31.47,31.68,116944.783
1662364800,31.68,31.74,31.14,31.28,108349.41100000001
1662379200,31.27,31.93,31.17,31.86,141071.869
1662393600,31.86,32.01,31.69,31.72,106596.39600000001
1662408000,31.71,32.43,31.71,32.18,142014.158
1662422400,32.18,33.56,32.15,32.72,345056.207
1662436800,32.73,33.24,32.52,32.98,116272.388
1662451200,32.98,33.33,32.74,33.24,109697.445
1662465600,33.23,33.88,32.39,33.79,300506.111
1662480000,33.78,33.85,30.74,31.02,526392.064
1662494400,31.03,31.35,30.44,30.87,284765.945
1662508800,30.88,31.21,30.31,30.87,196372.072
1662523200,30.87,31.19,30.7,31.1,97780.056
1662537600,31.09,31.34,30.96,31.15,119489.726
1662552000,31.16,31.59,30.84,31.49,188871.24300000002
1662566400,31.5,32.37,31.41,31.97,200443.554
1662580800,31.96,32.96,31.95,32.7,255474.02
1662595200,32.69,32.84,32.23,32.44,121783.99
1662609600,32.44,32.78,32.0,32.38,109957.524
1662624000,32.37,33.31,32.34,32.92,115209.492
1662638400,32.92,33.98,32.17,33.39,389918.591
1662652800,33.41,33.52,32.88,33.48,224991.536
1662667200,33.48,33.83,33.34,33.62,146624.579
1662681600,33.62,34.89,33.59,34.79,373586.822
1662696000,34.79,35.64,34.72,35.41,398147.276
1662710400,35.42,35.99,35.13,35.38,215117.05800000002
1662724800,35.37,35.93,34.8,34.96,277153.744
1662739200,34.97,35.18,34.43,34.81,294936.75100000005
1662753600,34.81,35.21,34.28,34.69,175230.725
1662768000,34.69,35.03,34.31,34.73,182285.75900000002
1662782400,34.72,35.19,34.28,34.36,219440.75300000003
1662796800,34.38,34.86,34.35,34.77,95572.62299999999
1662811200,34.77,34.95,34.32,34.52,100231.777
1662825600,34.52,35.03,34.31,34.93,155327.179
1662840000,34.94,35.43,34.63,35.07,161033.828
1662854400,35.07,35.33,34.72,34.78,150196.156
1662868800,34.78,34.95,34.07,34.65,110992.481
1662883200,34.65,34.83,34.46,34.79,72123.109
1662897600,34.78,35.27,34.54,35.26,137989.03
1662912000,35.26,36.03,35.17,35.3,269642.86600000004
1662926400,35.3,35.57,34.33,35.01,205848.457
1662940800,35.0,36.3,34.42,34.91,328402.038
1662955200,34.92,35.52,34.58,35.5,155650.55099999998
1662969600,35.49,38.16,35.32,37.7,502256.433
1662984000,37.7,38.37,36.86,37.15,512795.622
1662998400,37.15,37.89,36.82,37.65,308424.364
1663012800,37.64,37.83,37.19,37.46,168826.984
1663027200,37.43,38.91,36.71,38.8,343266.749
1663041600,38.79,38.99,38.15,38.54,208369.734
1663056000,38.54,38.93,38.15,38.46,162455.793
1663070400,38.47,38.88,34.44,34.74,1021699.8080000001
1663084800,34.72,35.32,33.17,34.1,446693.28599999996
1663099200,34.09,34.36,32.93,33.01,328993.672
1663113600,33.01,33.82,32.7,33.6,343065.479
1663128000,33.59,33.91,32.8,33.18,116841.243
1663142400,33.18,33.69,32.97,33.23,113669.446
1663156800,33.23,33.72,32.95,33.53,235164.362
1663171200,33.54,33.63,32.73,33.51,189793.682
1663185600,33.49,34.35,33.27,34.12,162140.149
1663200000,34.11,34.15,32.84,33.08,149486.082
1663214400,33.06,34.92,32.78,34.72,231936.481
1663228800,34.7,34.81,33.69,33.93,112025.388
1663243200,33.92,34.06,32.42,32.98,334914.03500000003
1663257600,32.98,33.67,32.8,33.41,140573.537
1663272000,33.42,33.81,32.76,33.07,167835.315
1663286400,33.08,33.26,32.5,32.84,196886.91999999998
1663300800,32.85,33.1,32.79,32.83,57536.248
1663315200,32.83,33.13,32.34,33.08,90960.89
1663329600,33.1,33.11,31.8,32.26,296621.583
1663344000,32.26,32.28,31.5,32.1,303720.053
1663358400,32.09,32.39,32.03,32.23,162468.145
1663372800,32.23,32.98,32.21,32.66,114143.555
1663387200,32.67,33.07,32.54,32.85,63163.059
1663401600,32.85,32.99,32.62,32.62,40279.808
1663416000,32.62,33.32,32.52,33.3,82625.78899999999
1663430400,33.29,33.62,33.11,33.26,127763.048
1663444800,33.29,33.89,33.18,33.69,87291.42499999999
1663459200,33.71,33.87,33.23,33.41,138757.37900000002
1663473600,33.4,33.87,33.38,33.82,58652.926999999996
1663488000,33.82,33.99,32.98,33.34,109238.206
1663502400,33.34,33.48,32.74,32.9,104351.084
1663516800,32.91,32.99,32.06,32.42,174979.103
1663531200,32.42,32.43,30.87,31.1,267735.62600000005
1663545600,31.1,31.77,30.5,30.91,336652.832
1663560000,30.92,31.64,30.83,31.12,172807.683
1663574400,31.12,31.47,30.62,31.26,136873.641
1663588800,31.27,32.55,31.18,31.93,242816.122
1663603200,31.92,33.01,31.69,32.83,251998.285
1663617600,32.82,33.09,32.57,32.65,164770.727
1663632000,32.64,32.89,31.94,32.44,178705.773
1663646400,32.44,32.74,32.1,32.34,127284.99299999999
1663660800,32.33,32.54,31.9,32.19,117514.487
1663675200,32.19,32.56,31.57,32.51,207083.548
1663689600,32.51,32.53,31.45,31.84,249951.677
1663704000,31.85,32.0,31.3,31.42,174181.958
1663718400,31.43,32.0,31.32,31.86,113929.615
1663732800,31.85,32.05,31.43,31.76,101606.409
1663747200,31.76,32.1,31.42,32.06,99110.374
1663761600,32.05,32.34,31.25,31.51,188621.723
1663776000,31.5,33.48,30.77,31.55,774179.1510000001
1663790400,31.54,31.68,30.04,30.68,368739.673
1663804800,30.67,31.15,30.58,31.04,207108.99
1663819200,31.05,31.77,31.05,31.75,110653.98300000001
1663833600,31.74,32.46,31.71,32.36,163474.702
1663848000,32.37,32.49,31.6,31.92,234788.238
1663862400,31.91,32.86,31.55,32.46,237648.82799999998
1663876800,32.47,32.75,32.07,32.42,149325.33500000002
1663891200,32.41,33.21,32.15,33.01,149200.668
1663905600,33.01,33.29,32.53,32.58,164242.535
1663920000,32.57,32.68,31.54,31.75,173436.745
1663934400,31.74,32.28,31.2,31.61,316342.158
1663948800,31.58,31.94,31.25,31.93,284825.548
1663963200,31.94,33.96,31.93,33.66,541150.547
1663977600,33.67,34.48,33.41,33.99,251054.075
1663992000,33.98,34.03,33.49,33.73,182777.185
1664006400,33.73,34.76,33.55,34.47,232902.504
1664020800,34.46,34.58,33.56,33.71,228495.66700000002
1664035200,33.72,34.17,33.27,34.07,211930.984
1664049600,34.06,34.09,33.13,33.38,244807.504
1664064000,33.39,33.69,33.36,33.69,102019.818
1664078400,33.69,34.04,33.61,33.97,170328.61
1664092800,33.97,34.0,33.47,33.64,113683.761
1664107200,33.64,33.79,32.81,33.23,174574.837
1664121600,33.22,33.37,32.59,32.72,206946.003
1664136000,32.71,32.71,31.87,32.33,273418.31200000003
1664150400,32.32,32.72,32.04,32.52,202814.915
1664164800,32.51,32.61,31.86,32.47,185392.8
1664179200,32.47,33.32,32.13,32.55,224311.46399999998
1664193600,32.56,33.43,32.27,33.11,285227.14
1664208000,33.11,33.97,32.68,33.76,451953.86699999997
1664222400,33.76,33.94,33.32,33.89,209639.852
1664236800,33.89,34.96,33.72,34.73,385850.145
1664251200,34.72,35.04,34.46,34.51,240454.143
1664265600,34.53,34.97,34.32,34.66,155397.634
1664280000,34.66,35.44,34.3,34.38,395225.921
1664294400,34.37,34.57,32.06,32.62,714556.835
1664308800,32.6,32.94,32.35,32.68,191331.576
1664323200,32.69,32.94,31.62,32.34,379148.75299999997
1664337600,32.34,32.59,31.86,32.32,158683.186
1664352000,32.33,32.86,31.83,32.49,260224.686
1664366400,32.49,33.17,32.38,33.14,275640.235
1664380800,33.14,33.75,32.78,33.58,387900.123
1664395200,33.59,33.81,33.11,33.24,143391.827
1664409600,33.25,33.93,32.98,33.77,196593.065
1664424000,33.77,33.98,33.13,33.36,114630.692
1664438400,33.36,33.93,33.22,33.76,135825.113
1664452800,33.76,34.22,32.64,34.13,426918.49299999996
1664467200,34.11,34.43,33.36,33.82,505192.131
1664481600,33.82,34.13,33.63,33.93,175101.438
1664496000,33.94,34.33,33.73,34.1,260692.62
1664510400,34.1,34.35,33.88,34.22,135090.226
1664524800,34.23,34.65,33.9,33.95,234008.46399999998
1664539200,33.94,35.22,33.34,34.67,606157.0109999999
1664553600,34.67,34.85,33.64,33.72,458119.904
1664568000,33.72,33.87,32.62,33.26,317956.895
1664582400,33.25,33.25,32.69,33.06,167392.807
1664596800,33.05,33.05,32.76,33.01,129895.26699999999
1664611200,33.02,33.17,32.81,33.03,104301.218
1664625600,33.03,33.1,32.81,33.02,82563.609
1664640000,33.01,33.01,32.36,32.65,158333.142
1664654400,32.65,32.69,32.4,32.44,87716.365
1664668800,32.44,32.96,32.41,32.84,144436.538
1664683200,32.84,33.03,32.75,32.83,79442.69200000001
1664697600,32.82,32.9,32.12,32.53,141840.72
1664712000,32.54,32.61,32.21,32.42,167120.684
1664726400,32.41,32.85,32.36,32.74,132813.151
1664740800,32.73,32.78,31.9,32.05,272118.202
1664755200,32.05,32.52,31.74,32.33,191359.851
1664769600,32.34,32.46,31.96,32.27,168623.209
1664784000,32.26,32.52,32.13,32.52,93463.429
1664798400,32.52,33.14,32.42,32.84,272863.022
1664812800,32.85,33.23,32.69,32.95,274342.415
1664827200,32.95,33.27,32.72,32.9,231262.421
1664841600,32.9,33.17,32.84,33.11,122194.79699999999
1664856000,33.12,33.81,32.99,33.74,196017.38199999998
1664870400,33.73,33.88,33.42,33.7,131182.627
1664884800,33.68,34.43,33.56,34.19,365883.24600000004
1664899200,34.19,34.27,33.79,34.12,200475.712
1664913600,34.11,34.41,33.93,34.1,149527.826
1664928000,34.11,34.39,33.9,34.09,184318.383
1664942400,34.1,34.33,33.93,34.13,119956.95199999999
1664956800,34.14,34.15,33.44,33.53,172719.345
1664971200,33.53,33.71,33.2,33.69,273077.213
1664985600,33.69,34.3,33.63,33.87,322563.533
1665000000,33.88,34.15,33.67,34.05,230067.702
1665014400,34.04,34.5,34.03,34.32,276875.2
1665028800,34.33,34.48,33.89,34.06,190973.079
1665043200,34.05,34.17,33.85,34.15,182879.712
1665057600,34.14,34.31,33.58,33.84,366187.356
1665072000,33.84,34.05,33.59,33.65,247832.38799999998
1665086400,33.65,33.81,33.24,33.37,173703.854
1665100800,33.36,33.78,33.33,33.64,125943.09599999999
1665115200,33.65,33.76,33.14,33.34,149690.04499999998
1665129600,33.35,33.47,33.17,33.37,126811.244
1665144000,33.37,33.38,32.43,32.91,378358.27999999997
1665158400,32.91,33.06,32.63,32.96,191241.991
1665172800,32.96,33.16,32.84,32.96,135801.09399999998
1665187200,32.96,33.07,32.78,32.84,139970.53100000002
1665201600,32.84,33.01,32.72,33.0,61833.262
1665216000,33.0,33.0,32.84,32.96,66791.186
1665230400,32.97,32.98,32.68,32.83,104108.83499999999
1665244800,32.82,32.96,32.67,32.71,104935.45
1665259200,32.71,32.81,32.36,32.57,134619.154
1665273600,32.58,32.64,32.45,32.52,65931.061
1665288000,32.51,32.76,32.47,32.73,49111.435
1665302400,32.73,32.94,32.61,32.84,81344.98
1665316800,32.85,33.14,32.81,33.12,84611.269
1665331200,33.11,33.14,32.86,32.97,82421.737
1665345600,32.96,32.99,32.61,32.93,109007.742
1665360000,32.92,33.46,32.84,33.05,100717.324
1665374400,33.05,33.11,32.78,32.9,71021.475
1665388800,32.9,32.92,32.36,32.69,117163.54999999999
1665403200,32.69,32.91,32.41,32.59,222405.528
1665417600,32.59,32.65,32.26,32.46,226402.017
1665432000,32.45,32.58,31.88,31.95,156282.3
1665446400,31.95,31.95,31.07,31.37,280717.043
1665460800,31.36,31.61,31.28,31.54,125533.51999999999
1665475200,31.54,31.64,31.26,31.55,73385.536
1665489600,31.56,31.73,31.08,31.58,210826.58299999998
1665504000,31.56,31.87,31.13,31.14,169752.452
1665518400,31.14,31.39,30.42,30.8,274120.035
1665532800,30.79,31.12,30.67,30.94,125533.107
1665547200,30.94,31.42,30.93,31.25,100696.489
1665561600,31.25,31.54,31.15,31.25,62685.054000000004
1665576000,31.24,31.35,30.92,31.28,136823.997
1665590400,31.29,31.3,30.85,31.12,94293.789
1665604800,31.13,31.29,31.08,31.16,61152.901
1665619200,31.15,31.21,30.51,30.77,108998.781
1665633600,30.76,30.76,29.34,29.74,287491.45499999996
1665648000,29.72,29.96,28.25,28.79,522535.084
1665662400,28.79,29.95,27.75,29.66,910239.031
1665676800,29.67,30.94,29.6,30.58,311456.91
1665691200,30.58,30.9,30.49,30.49,130578.893
1665705600,30.49,31.88,30.38,31.64,227563.273
1665720000,31.64,31.98,31.21,31.33,107408.091
1665734400,31.34,31.52,31.15,31.22,157618.444
1665748800,31.23,31.8,30.81,30.82,312703.889
1665763200,30.81,30.9,29.96,30.21,267499.525
1665777600,30.21,30.3,29.62,29.99,213917.334
1665792000,29.99,30.21,29.88,30.11,119511.40699999999
1665806400,30.1,30.19,29.86,30.07,84092.16
1665820800,30.07,30.07,29.56,29.99,112293.11799999999
1665835200,29.99,30.09,29.72,29.92,131237.323
1665849600,29.92,30.09,29.76,29.85,76680.10399999999
1665864000,29.86,29.86,29.43,29.6,107580.263
1665878400,29.59,29.94,29.56,29.8,64815.702000000005
1665892800,29.79,29.93,29.68,29.77,31522.162
1665907200,29.78,30.05,29.78,29.95,34122.827
1665921600,29.95,30.05,29.83,29.97,53973.604
1665936000,29.98,30.41,29.83,30.39,86852.375
1665950400,30.4,30.53,29.87,30.15,120644.228
1665964800,30.16,30.26,29.83,30.01,77466.744
1665979200,30.0,30.39,29.95,30.32,56404.019
1665993600,30.32,30.78,30.18,30.51,93034.14300000001
1666008000,30.52,31.21,30.42,30.97,295060.258
1666022400,30.97,31.02,30.57,30.8,149592.901
1666036800,30.8,31.29,30.78,31.22,118801.139
1666051200,31.22,31.49,30.91,31.12,108383.014
1666065600,31.11,31.26,30.92,31.13,99664.014
1666080000,31.14,31.15,30.41,30.85,120158.819
1666094400,30.84,31.02,30.13,30.31,199954.65
1666108800,30.31,30.5,29.73,30.08,410870.395
1666123200,30.08,30.47,30.03,30.15,128609.569
1666137600,30.14,30.27,29.89,30.05,129214.259
1666152000,30.04,30.07,29.76,30.04,140036.036
1666166400,30.04,30.18,29.77,29.93,95078.81599999999
1666180800,29.92,30.01,29.56,29.98,148278.561
1666195200,29.99,30.01,29.52,29.76,165552.62699999998
1666209600,29.75,29.85,28.61,28.85,197717.49599999998
1666224000,28.86,29.0,28.4,28.91,282833.028
1666238400,28.91,29.36,28.88,29.25,107757.804
1666252800,29.25,29.47,29.16,29.33,65220.398
1666267200,29.34,29.47,28.97,29.15,272878.762
1666281600,29.14,29.15,28.05,28.24,306956.235
1666296000,28.23,28.4,27.97,28.01,176309.21600000001
1666310400,28.01,28.25,27.51,28.14,195010.489
1666324800,28.14,28.22,27.83,27.9,87319.889
1666339200,27.9,27.94,27.22,27.48,188312.396
1666353600,27.48,27.72,26.84,27.58,399717.685
1666368000,27.58,28.28,27.57,28.2,299809.167
1666382400,28.21,28.3,27.87,28.11,172287.418
1666396800,28.11,28.18,27.67,27.86,114116.624
1666411200,27.86,27.9,27.49,27.77,69723.675
1666425600,27.78,28.02,27.73,27.99,49526.553
1666440000,27.98,28.24,27.84,28.01,87398.441
1666454400,28.0,28.08,27.64,27.84,78058.92199999999
1666468800,27.84,28.2,27.76,28.02,77108.095
1666483200,28.02,28.58,27.92,28.37,99222.88999999998
1666497600,28.38,28.56,28.22,28.43,61477.158
1666512000,28.43,28.52,27.94,27.96,92025.12400000001
1666526400,27.97,28.16,27.74,27.94,82299.126
1666540800,27.94,29.04,27.91,28.83,174805.057
1666555200,28.84,29.43,28.74,29.29,222129.07299999997
1666569600,29.29,29.49,28.56,28.61,131775.178
1666584000,28.61,28.78,28.37,28.54,96787.522
1666598400,28.54,29.2,28.48,29.13,87436.103
1666612800,29.13,29.18,28.18,28.44,256008.349
1666627200,28.45,28.6,28.16,28.41,146563.55200000003
1666641600,28.41,28.58,28.22,28.31,105863.48999999999
1666656000,28.31,28.53,28.09,28.47,133643.959
1666670400,28.46,28.6,28.34,28.44,90356.112
1666684800,28.45,28.46,28.05,28.22,98303.696
1666699200,28.22,29.8,28.1,29.7,357411.56700000004
1666713600,29.71,32.38,29.7,31.52,1218507.459
1666728000,31.51,31.6,30.72,30.87,331403.819
1666742400,30.87,31.37,30.81,31.12,255528.039
1666756800,31.13,31.53,30.98,31.34,166253.919
1666771200,31.34,31.94,31.11,31.26,258385.503
1666785600,31.26,32.25,30.64,31.41,468015.048
1666800000,31.43,31.67,30.95,31.28,260672.808
1666814400,31.28,31.65,31.0,31.29,195650.79200000002
1666828800,31.28,31.64,31.06,31.45,245962.65899999999
1666843200,31.45,32.36,31.4,31.65,322635.824
1666857600,31.65,31.87,31.2,31.38,197106.204
1666872000,31.37,32.09,31.18,31.31,412291.412
1666886400,31.31,31.62,31.1,31.42,154054.883
1666900800,31.43,31.51,30.46,30.58,359628.29000000004
1666915200,30.58,30.87,30.38,30.68,155141.772
1666929600,30.68,30.73,30.12,30.23,123281.314
1666944000,30.22,30.65,30.22,30.42,113875.359
1666958400,30.42,31.33,30.12,31.1,301432.686
1666972800,31.1,32.28,31.05,32.02,464762.84400000004
1666987200,32.02,32.56,31.99,32.07,296505.894
1667001600,32.07,33.0,31.86,32.91,249316.096
1667016000,32.9,33.31,32.54,33.29,249417.184
1667030400,33.3,33.85,32.9,32.99,318642.635
1667044800,32.99,33.41,32.75,33.16,292606.725
1667059200,33.18,33.75,32.77,32.94,340984.47
1667073600,32.95,33.14,32.6,32.87,140563.786
1667088000,32.88,33.27,32.73,33.02,123674.624
1667102400,33.02,33.54,32.76,33.41,149649.324
1667116800,33.42,33.54,32.4,32.68,211691.129
1667131200,32.68,32.72,32.13,32.22,156460.21
1667145600,32.21,32.5,32.01,32.35,101140.266
1667160000,32.35,33.15,31.94,32.94,234839.98700000002
1667174400,32.94,33.4,32.42,32.83,242901.835
1667188800,32.82,33.5,32.82,33.42,201745.378
1667203200,33.44,34.39,33.15,34.03,386446.708
1667217600,34.03,34.16,32.61,33.01,503211.835
1667232000,33.01,33.24,32.54,32.56,214606.951
1667246400,32.56,32.76,32.2,32.56,185414.121
1667260800,32.56,33.0,32.5,32.62,142112.422
1667275200,32.61,33.23,32.56,33.01,176839.438
1667289600,33.02,33.39,32.82,32.9,144945.766
1667304000,32.91,33.14,32.26,32.46,215919.84900000002
1667318400,32.46,32.59,32.16,32.21,188727.702
1667332800,32.21,32.43,32.15,32.2,130331.997
1667347200,32.2,32.37,31.92,32.25,164264.902
1667361600,32.25,32.41,31.51,31.72,116254.362
1667376000,31.71,31.95,31.09,31.3,127040.161
1667390400,31.3,31.56,31.12,31.33,132503.536
1667404800,31.32,32.95,30.8,30.91,683772.467
1667419200,30.91,31.03,30.23,30.83,393987.04
1667433600,30.82,31.8,30.62,31.64,244044.136
1667448000,31.64,32.25,31.63,31.64,156812.433
1667462400,31.64,32.05,31.13,31.26,139598.939
1667476800,31.26,31.57,30.86,31.19,224367.594
1667491200,31.19,31.45,31.15,31.3,110737.188
1667505600,31.3,31.44,30.61,30.86,118295.80900000001
1667520000,30.85,31.95,30.66,31.95,179440.013
1667534400,31.95,32.57,31.68,32.39,198485.182
1667548800,32.39,32.77,32.15,32.31,168641.126
1667563200,32.31,33.99,31.86,33.1,654559.915
1667577600,33.1,33.53,32.69,33.51,474306.03099999996
1667592000,33.51,34.21,33.37,33.74,325901.119
1667606400,33.73,35.04,33.67,34.69,417389.975
1667620800,34.71,35.58,34.51,35.23,206623.109
1667635200,35.23,35.55,34.81,35.43,165038.05
1667649600,35.42,38.1,34.38,37.22,810718.06
1667664000,37.23,38.79,35.76,37.09,847154.273
1667678400,37.11,37.34,36.46,36.9,289379.79500000004
1667692800,36.9,37.06,35.61,36.01,279601.159
1667707200,35.98,36.22,35.51,36.16,140881.61
1667721600,36.16,36.41,35.57,35.75,122324.957
1667736000,35.75,36.0,35.04,35.06,219921.072
1667750400,35.05,35.39,33.71,34.2,488322.309
1667764800,34.2,34.2,32.32,32.61,501920.126
1667779200,32.6,33.14,32.13,32.45,504957.466
1667793600,32.45,32.56,30.7,30.77,447752.44
1667808000,30.78,31.92,30.68,31.62,333225.0
1667822400,31.61,32.91,30.87,32.85,741969.05
1667836800,32.83,32.9,31.88,32.39,502426.233
1667851200,32.4,32.48,28.17,29.64,1207079.575
1667865600,29.63,29.7,26.1,26.52,1348319.1300000001
1667880000,26.54,28.61,24.81,27.93,4238195.82
1667894400,27.94,29.08,27.77,28.01,702343.2609999999
1667908800,28.0,28.51,26.62,27.72,968076.9469999999
1667923200,27.72,31.78,22.51,24.28,3570512.308
1667937600,24.26,24.99,23.23,24.33,1377053.652
1667952000,24.33,24.65,21.51,22.08,1252068.422
1667966400,22.09,22.15,18.78,19.14,2650478.008
1667980800,19.16,21.97,16.07,20.25,2335851.324
1667995200,20.21,21.13,15.63,15.93,2365881.335
1668009600,15.89,17.5,12.51,14.24,3771614.727
1668024000,14.22,14.9,12.09,13.97,3450213.204
1668038400,13.95,15.85,13.12,15.18,2293438.2290000003
1668052800,15.16,15.96,14.53,15.29,1249048.5
1668067200,15.27,15.27,12.68,14.09,1698787.135
1668081600,14.1,18.51,13.9,17.68,2388068.613
1668096000,17.66,19.16,16.33,17.21,1535796.004
1668110400,17.21,18.41,16.6,17.6,1216081.296
1668124800,17.6,18.05,15.64,16.3,956673.33
1668139200,16.32,17.7,16.11,17.17,611821.546
1668153600,17.17,18.27,17.01,18.1,475789.802
1668168000,18.09,18.23,15.11,16.42,1254667.5019999999
1668182400,16.43,16.62,15.76,16.14,799007.36
1668196800,16.14,16.41,15.29,16.31,1231483.406
1668211200,16.31,16.36,15.66,15.77,484850.928
1668225600,15.76,15.87,14.74,15.45,589081.1880000001
1668240000,15.46,15.66,14.98,15.29,378039.295
1668254400,15.29,15.51,14.76,14.78,465463.901
1668268800,14.79,15.24,14.74,15.13,444554.38300000003
1668283200,15.12,15.14,14.44,14.57,399085.942
1668297600,14.57,14.71,14.02,14.53,703649.07
1668312000,14.52,14.64,13.51,13.92,532356.588
1668326400,13.92,13.97,13.32,13.77,398681.983
1668340800,13.75,14.4,13.59,14.04,478467.894
1668355200,14.03,14.2,13.62,13.94,529342.698
1668369600,13.95,14.0,13.0,13.18,641719.922
1668384000,13.17,13.32,12.22,13.01,912997.9130000001
1668398400,13.02,14.87,12.43,14.53,898758.102
1668412800,14.52,14.97,14.18,14.22,526694.994
1668427200,14.21,14.99,13.53,13.74,883557.541
1668441600,13.75,14.21,13.4,13.71,564028.826
1668456000,13.72,14.21,13.57,13.98,723255.657
1668470400,13.98,14.43,13.79,14.19,724000.786
1668484800,14.2,14.65,13.91,14.46,274169.356
1668499200,14.46,14.89,14.43,14.53,311777.507
1668513600,14.54,15.1,14.05,14.34,853074.628
1668528000,14.34,14.62,13.98,14.31,563447.743
1668542400,14.31,14.42,14.11,14.29,542742.968
1668556800,14.28,14.57,14.06,14.5,505364.449
1668571200,14.5,14.56,14.25,14.33,142153.157
1668585600,14.31,14.61,14.06,14.17,291912.086
1668600000,14.16,14.18,13.65,13.75,397692.703
1668614400,13.75,14.21,13.62,14.11,383704.371
1668628800,14.1,14.41,14.09,14.26,263034.503
1668643200,14.26,14.52,14.21,14.26,360486.755
1668657600,14.26,14.42,14.06,14.24,254865.733
1668672000,14.23,14.33,14.07,14.2,133550.999
1668686400,14.2,14.23,12.92,13.5,1143957.592
1668700800,13.5,13.77,13.29,13.43,1111418.244
1668715200,13.43,13.78,13.4,13.64,434832.24
1668729600,13.64,13.87,13.52,13.68,374229.816
1668744000,13.68,13.72,13.54,13.59,281533.804
1668758400,13.6,13.72,13.44,13.53,208776.35499999998
1668772800,13.54,13.62,13.23,13.36,307947.66000000003
1668787200,13.35,13.37,12.97,13.14,598358.708
1668801600,13.14,13.27,13.09,13.25,197183.956
1668816000,13.24,13.26,12.63,12.88,346450.87
1668830400,12.88,13.0,12.7,12.84,191441.066
1668844800,12.84,12.98,12.77,12.84,140041.008
1668859200,12.83,12.87,12.57,12.71,282852.11600000004
1668873600,12.71,12.89,12.65,12.79,207697.401
1668888000,12.8,12.96,12.74,12.82,229786.62099999998
1668902400,12.84,12.93,12.68,12.91,190077.218
1668916800,12.91,13.57,12.91,13.06,328967.97500000003
1668931200,13.06,13.08,12.53,12.55,195172.968
1668945600,12.54,13.11,12.46,13.0,431181.76399999997
1668960000,13.0,13.02,12.65,12.74,189904.444
1668974400,12.75,12.77,12.11,12.26,502323.802
1668988800,12.25,12.28,11.54,11.74,668739.699
1669003200,11.75,11.99,11.63,11.7,278076.141
1669017600,11.71,11.89,11.52,11.81,298429.207
1669032000,11.81,12.16,11.71,11.91,543031.769
1669046400,11.91,12.06,11.26,11.42,621760.213
1669060800,11.4,11.99,11.39,11.82,671733.606
1669075200,11.81,12.04,11.56,11.6,399924.385
1669089600,11.58,11.68,11.3,11.5,294172.309
1669104000,11.5,11.51,11.0,11.02,450583.51
1669118400,11.02,12.1,10.94,12.06,1048054.868
1669132800,12.05,12.15,11.65,11.83,557386.826
1669147200,11.82,12.5,11.82,12.43,567836.655
1669161600,12.43,13.43,12.38,13.05,913981.361
1669176000,13.05,13.25,12.81,13.12,435898.265
1669190400,13.12,13.46,12.93,13.33,449817.50399999996
1669204800,13.32,13.36,12.7,13.08,704359.842
1669219200,13.08,14.5,12.99,14.05,1275556.704
1669233600,14.06,14.46,13.85,14.32,1061957.145
1669248000,14.32,14.94,13.97,14.61,973618.413
1669262400,14.61,14.63,14.17,14.4,365248.808
1669276800,14.4,14.46,13.84,14.06,407899.092
1669291200,14.08,14.54,13.98,14.46,625132.22
1669305600,14.45,14.78,14.31,14.43,445975.707
1669320000,14.42,14.68,14.27,14.59,335621.342
1669334400,14.59,14.6,13.95,14.19,542234.339
1669348800,14.19,14.26,13.89,14.24,318959.815
1669363200,14.23,14.48,13.98,14.32,279193.868
1669377600,14.31,14.43,14.03,14.13,294671.117
1669392000,14.14,14.23,13.95,14.22,261068.891
1669406400,14.22,14.3,14.01,14.02,278820.254
1669420800,14.03,14.58,13.98,14.37,349745.085
1669435200,14.36,14.49,14.23,14.46,147096.558
1669449600,14.47,14.96,14.33,14.75,457767.22
1669464000,14.75,14.75,14.37,14.41,296801.876
1669478400,14.42,14.42,14.07,14.23,227183.577
1669492800,14.23,14.23,13.95,14.17,288796.125
1669507200,14.17,14.31,14.06,14.27,201251.239
1669521600,14.27,14.44,14.14,14.31,409012.086
1669536000,14.31,14.36,14.21,14.35,176320.42200000002
1669550400,14.35,14.43,14.16,14.4,243873.022
1669564800,14.41,14.43,14.2,14.29,160030.548
1669579200,14.29,14.44,14.04,14.11,352850.781
1669593600,14.11,14.17,12.78,13.09,1181538.406
1669608000,13.08,13.59,13.04,13.44,638030.2660000001
1669622400,13.44,13.6,13.28,13.46,297407.27999999997
1669636800,13.45,13.52,13.08,13.22,336681.776
1669651200,13.23,13.75,12.94,13.36,734357.707
1669665600,13.35,13.43,13.27,13.33,194183.503
1669680000,13.32,13.57,13.14,13.48,335060.884
1669694400,13.47,13.89,13.44,13.73,333642.54
1669708800,13.73,13.95,13.6,13.65,171909.651
1669723200,13.65,13.67,13.32,13.43,291355.216
1669737600,13.43,13.45,13.27,13.42,243672.951
1669752000,13.42,13.47,13.26,13.35,363165.322
1669766400,13.34,13.93,13.32,13.51,533411.004
1669780800,13.5,13.74,13.49,13.71,455203.213
1669795200,13.7,13.81,13.63,13.72,178827.126
1669809600,13.71,13.73,13.47,13.52,271534.426
1669824000,13.53,13.86,13.22,13.64,622153.8589999999
1669838400,13.64,14.33,13.61,14.17,506136.58
1669852800,14.18,14.19,13.8,13.92,243834.69
1669867200,13.93,14.0,13.81,13.81,169798.489
1669881600,13.81,13.93,13.75,13.83,115603.275
1669896000,13.83,13.95,13.45,13.64,476475.995
1669910400,13.64,13.65,13.5,13.52,213803.525
1669924800,13.52,13.58,13.4,13.52,218839.78100000002
1669939200,13.52,13.68,13.33,13.46,182080.82
1669953600,13.46,13.57,13.33,13.53,118947.26699999999
1669968000,13.52,13.68,13.5,13.61,158714.99599999998
1669982400,13.61,13.83,13.37,13.54,325868.453
1669996800,13.53,13.7,13.45,13.69,205156.606
1670011200,13.69,13.8,13.66,13.72,184357.73200000002
1670025600,13.71,13.77,13.57,13.64,113479.761
1670040000,13.64,13.7,13.51,13.56,89770.132
1670054400,13.56,13.59,13.45,13.5,87900.071
1670068800,13.49,13.6,13.48,13.58,86427.304
1670083200,13.58,13.62,13.49,13.53,125844.291
1670097600,13.52,13.54,13.22,13.3,170720.762
1670112000,13.29,13.54,13.27,13.43,116303.5
1670126400,13.43,13.51,13.42,13.46,64616.456999999995
1670140800,13.45,13.49,13.35,13.38,61404.7
1670155200,13.38,13.51,13.35,13.48,112400.986
1670169600,13.49,13.57,13.44,13.54,169746.408
1670184000,13.54,13.75,13.53,13.71,142410.209
1670198400,13.71,14.17,13.66,13.91,430295.9
1670212800,13.91,14.04,13.84,13.94,141319.606
1670227200,13.95,14.1,13.93,13.99,117859.796
1670241600,13.99,14.01,13.64,13.75,261616.042
1670256000,13.76,14.01,13.58,13.69,322847.88800000004
1670270400,13.68,14.0,13.65,13.82,187290.615
1670284800,13.82,14.31,13.81,14.18,473021.85699999996
1670299200,14.18,14.39,14.02,14.15,332637.104
1670313600,14.14,14.19,13.88,14.01,144078.758
1670328000,14.02,14.12,13.91,14.0,208169.397
1670342400,14.0,14.1,13.93,14.02,206915.164
1670356800,14.02,14.32,14.0,14.29,222700.966
1670371200,14.3,14.33,14.03,14.04,237083.47999999998
1670385600,14.05,14.08,13.58,13.63,268107.518
1670400000,13.62,13.72,13.42,13.61,385572.059
1670414400,13.61,13.74,13.59,13.69,182598.91
1670428800,13.69,13.74,13.53,13.57,163906.632
1670443200,13.56,13.62,13.46,13.5,143690.594
1670457600,13.5,13.55,13.34,13.44,185367.037
1670472000,13.45,13.55,13.27,13.51,130782.73
1670486400,13.52,13.57,13.38,13.5,91616.86499999999
1670500800,13.5,13.62,13.44,13.58,151333.167
1670515200,13.58,13.77,13.54,13.74,209333.491
1670529600,13.73,13.78,13.62,13.69,140443.899
1670544000,13.68,13.79,13.62,13.75,134223.93
1670558400,13.75,13.75,13.64,13.71,70014.902
1670572800,13.71,14.02,13.65,13.86,220350.183
1670587200,13.86,13.93,13.67,13.86,233812.133
1670601600,13.87,13.89,13.55,13.62,218617.948
1670616000,13.62,13.64,13.49,13.58,164182.592
1670630400,13.58,13.66,13.54,13.63,63266.770000000004
1670644800,13.62,13.73,13.62,13.62,74905.575
1670659200,13.62,13.65,13.56,13.59,48630.774
1670673600,13.6,13.67,13.56,13.65,62744.403
1670688000,13.65,13.71,13.61,13.66,79174.546
1670702400,13.65,13.69,13.55,13.57,96439.86499999999
1670716800,13.57,13.65,13.53,13.65,64548.718
1670731200,13.64,13.67,13.61,13.65,49282.09
1670745600,13.66,13.67,13.62,13.64,29820.118000000002
1670760000,13.64,13.75,13.61,13.66,99569.00200000001
1670774400,13.67,13.8,13.63,13.73,103366.594
1670788800,13.73,13.74,13.38,13.42,279702.421
1670803200,13.42,13.49,12.81,12.96,608060.13
1670817600,12.96,13.04,12.93,12.99,139246.095
1670832000,12.99,13.23,12.96,13.17,127423.978
1670846400,13.17,13.2,13.0,13.1,303317.013
1670860800,13.1,13.24,13.09,13.24,247970.893
1670875200,13.24,13.39,13.2,13.33,248033.788
1670889600,13.33,13.39,13.06,13.07,184697.794
1670904000,13.07,13.19,12.78,12.98,261605.36200000002
1670918400,12.97,13.36,12.93,13.35,235950.425
1670932800,13.36,14.16,13.18,13.73,885961.413
1670947200,13.73,13.84,13.58,13.79,297857.684
1670961600,13.79,13.9,13.72,13.89,168193.30599999998
1670976000,13.89,13.99,13.82,13.94,209743.887
1670990400,13.95,14.03,13.79,13.9,183045.66999999998
1671004800,13.91,14.02,13.89,13.97,164689.61700000003
1671019200,13.97,14.55,13.95,14.48,701255.95
1671033600,14.5,14.96,14.18,14.31,1429239.003
1671048000,14.31,14.49,14.06,14.12,497436.93799999997
1671062400,14.13,14.53,13.86,14.38,479234.39300000004
1671076800,14.38,14.4,14.13,14.14,273415.644
1671091200,14.15,14.2,14.02,14.11,177517.88
1671105600,14.1,14.16,13.89,14.0,402954.37600000005
1671120000,14.0,14.13,13.87,14.09,346196.76300000004
1671134400,14.1,14.21,13.93,14.05,255627.01
1671148800,14.04,14.17,13.89,14.05,273881.172
1671163200,14.05,14.1,13.91,14.08,178024.864
1671177600,14.08,14.1,13.35,13.51,630741.921
1671192000,13.5,13.5,12.98,13.01,752774.4509999999
1671206400,13.0,13.11,12.63,13.01,941288.302
1671220800,13.01,13.1,11.98,12.24,899296.4510000001
1671235200,12.25,12.38,11.93,12.26,687415.14
1671249600,12.26,12.56,12.17,12.46,636106.671
1671264000,12.46,12.51,12.27,12.32,330418.301
1671278400,12.31,12.36,12.21,12.32,350771.80700000003
1671292800,12.32,12.35,12.15,12.28,237281.25
1671307200,12.27,12.55,12.25,12.51,228711.553
1671321600,12.51,12.55,12.38,12.5,145416.076
1671336000,12.5,12.6,12.42,12.44,211216.203
1671350400,12.44,12.48,12.27,12.39,171585.361
1671364800,12.4,12.46,12.29,12.32,99769.376
1671379200,12.31,12.54,12.28,12.44,243861.71
1671393600,12.46,12.61,12.34,12.37,343922.185
1671408000,12.37,12.59,12.17,12.23,390753.769
1671422400,12.23,12.34,12.18,12.24,190515.61599999998
1671436800,12.23,12.36,12.22,12.28,201924.39
1671451200,12.28,12.34,12.15,12.17,409623.461
1671465600,12.17,12.23,11.92,12.01,789006.816
1671480000,12.01,12.14,11.67,11.94,603891.048
1671494400,11.93,12.32,11.83,12.2,539640.179
1671508800,12.2,12.45,12.18,12.35,310544.874
1671523200,12.35,12.45,12.31,12.37,199484.225
1671537600,12.38,12.48,12.18,12.34,429435.41000000003
1671552000,12.35,12.36,12.12,12.24,324501.491
1671566400,12.24,12.32,12.19,12.26,272037.636
1671580800,12.26,12.29,12.06,12.08,322559.076
1671595200,12.07,12.11,11.93,12.03,215966.463
1671609600,12.03,12.16,11.97,12.1,252932.374
1671624000,12.09,12.12,11.94,12.07,285243.05799999996
1671638400,12.07,12.08,11.93,11.97,216316.508
1671652800,11.96,12.22,11.9,12.14,349434.128
1671667200,12.14,12.19,12.07,12.14,175531.882
1671681600,12.14,12.15,11.98,12.07,144492.999
1671696000,12.07,12.17,12.04,12.12,163830.539
1671710400,12.11,12.16,11.72,11.77,450121.71499999997
1671724800,11.76,11.88,11.69,11.84,348918.775
1671739200,11.85,12.08,11.67,11.8,661065.185
1671753600,11.8,12.11,11.71,12.01,356116.745
1671768000,12.02,12.04,11.86,11.88,202920.672
1671782400,11.89,11.97,11.8,11.88,177823.45799999998
1671796800,11.88,11.96,11.76,11.84,418638.036
1671811200,11.84,11.87,11.79,11.83,176461.695
1671825600,11.84,11.87,11.73,11.78,140531.648
1671840000,11.78,11.79,11.7,11.79,165704.957
1671854400,11.79,11.79,11.1,11.37,1083450.441
1671868800,11.37,11.37,11.2,11.32,321810.23
1671883200,11.32,11.39,11.27,11.37,206326.592
1671897600,11.38,11.57,11.34,11.56,362660.623
1671912000,11.56,11.61,11.35,11.45,195868.941
1671926400,11.45,11.5,11.4,11.47,88472.488
1671940800,11.47,11.55,11.41,11.49,132024.57
1671955200,11.48,11.51,11.37,11.4,120816.452
1671969600,11.39,11.44,11.23,11.34,185945.49599999998
1671984000,11.35,11.4,11.27,11.4,163847.96
1671998400,11.39,11.45,11.32,11.39,122199.098
1672012800,11.39,11.49,11.25,11.43,217285.45400000003
1672027200,11.43,11.44,11.26,11.32,237639.059
1672041600,11.31,11.37,11.29,11.35,141280.073
1672056000,11.34,11.37,11.1,11.19,286497.998
1672070400,11.18,11.24,11.06,11.18,219951.82200000001
1672084800,11.19,11.35,11.16,11.33,197029.93099999998
1672099200,11.34,11.45,11.26,11.28,297842.61199999996
1672113600,11.27,11.29,11.18,11.22,142971.445
1672128000,11.22,11.24,11.1,11.13,183876.414
1672142400,11.13,11.16,10.72,10.76,629432.415
1672156800,10.76,11.03,10.71,11.01,514712.368
1672171200,11.02,11.16,10.96,11.09,282508.727
1672185600,11.1,11.12,10.68,10.78,496124.953
1672200000,10.77,10.79,9.66,10.14,1592529.437
1672214400,10.15,10.2,9.84,10.02,592292.856
1672228800,10.01,10.37,9.86,9.94,1614709.5869999998
1672243200,9.94,10.09,9.76,9.77,924250.7660000001
1672257600,9.77,9.9,9.41,9.76,1406609.3399999999
1672272000,9.77,9.88,9.52,9.76,757066.7
1672286400,9.76,9.78,9.55,9.61,446336.858
1672300800,9.61,9.64,9.26,9.44,846613.9890000001
1672315200,9.45,9.52,9.31,9.38,817211.365
1672329600,9.38,9.45,8.67,8.78,1499620.864
1672344000,8.77,10.89,8.0,9.64,4540904.5309999995
1672358400,9.64,10.27,9.4,9.52,4382598.877
1672372800,9.52,9.74,9.1,9.14,1809326.814
1672387200,9.13,9.25,9.03,9.13,591548.779
1672401600,9.12,10.03,9.11,9.58,1520550.132
1672416000,9.57,10.07,9.5,9.85,1357851.009
1672430400,9.84,10.06,9.7,9.92,1210799.498
1672444800,9.91,10.06,9.73,9.74,720975.687
1672459200,9.74,9.87,9.66,9.84,405981.762
1672473600,9.83,9.92,9.73,9.86,340195.028
1672488000,9.87,10.2,9.86,10.15,651034.312
1672502400,10.15,10.18,9.93,10.06,544224.231
1672516800,10.06,10.12,9.85,9.97,510574.39300000004
1672531200,9.96,10.08,9.9,9.96,500113.216
1672545600,9.95,9.98,9.68,9.79,547044.057
1672560000,9.79,9.98,9.69,9.92,355664.423
1672574400,9.93,9.96,9.8,9.87,287442.506
1672588800,9.87,10.06,9.84,9.95,372681.467
1672603200,9.96,10.06,9.94,9.99,230434.17599999998
1672617600,9.98,10.02,9.79,9.99,384841.825
1672632000,10.0,12.0,9.93,11.08,1496702.864
1672646400,11.08,11.38,10.9,11.02,1572781.686
1672660800,11.01,11.23,11.0,11.11,877114.527
1672675200,11.11,11.49,11.08,11.26,624530.407
1672689600,11.27,11.45,11.19,11.29,671770.491
1672704000,11.28,11.34,11.0,11.22,527478.442
1672718400,11.22,12.05,11.2,11.94,1155057.1130000001
1672732800,11.93,12.02,11.71,11.84,570336.577
1672747200,11.85,13.27,11.79,13.08,2010278.935
1672761600,13.09,13.91,12.71,12.93,2609921.371
1672776000,12.93,13.49,12.93,13.39,1129604.014
1672790400,13.38,14.07,13.25,13.57,2343485.4050000003
1672804800,13.57,14.25,13.28,14.16,1324789.678
1672819200,14.15,14.18,13.57,13.64,811671.329
1672833600,13.64,13.73,13.17,13.34,1034497.184
1672848000,13.34,13.63,13.07,13.19,1382880.118
1672862400,13.19,13.66,12.81,13.42,1195851.28
1672876800,13.41,13.44,13.04,13.21,695932.221
1672891200,13.21,13.48,13.13,13.23,516749.50899999996
1672905600,13.24,13.32,12.94,13.26,478338.204
1672920000,13.26,13.39,13.03,13.29,601089.468
1672934400,13.29,13.5,13.06,13.41,475217.236
1672948800,13.4,13.87,13.36,13.43,976402.436
1672963200,13.42,13.57,13.14,13.19,737284.539
1672977600,13.2,13.24,13.02,13.12,413586.324
1672992000,13.11,13.25,12.87,13.0,538920.515
1673006400,13.0,13.21,12.68,13.19,838641.591
1673020800,13.2,13.43,13.06,13.37,766679.982
1673035200,13.36,13.6,13.16,13.5,452953.191
1673049600,13.5,13.51,13.28,13.32,356789.732
1673064000,13.32,13.33,13.2,13.29,265004.238
1673078400,13.3,13.32,13.13,13.15,220324.887
1673092800,13.15,13.28,13.14,13.27,181128.135
1673107200,13.27,13.28,13.18,13.22,145927.33000000002
1673121600,13.21,13.25,13.01,13.1,212393.506
1673136000,13.09,13.42,12.85,13.38,658883.429
1673150400,13.38,13.43,13.26,13.34,238861.011
1673164800,13.34,13.77,13.29,13.51,452614.676
1673179200,13.5,13.93,13.44,13.87,588727.575
1673193600,13.88,13.9,13.47,13.56,592535.032
1673208000,13.55,14.89,13.53,14.47,1092192.745
1673222400,14.45,16.81,14.27,16.04,3493929.156
1673236800,16.04,16.54,15.93,16.35,1626847.7319999998
1673251200,16.35,16.81,16.1,16.37,1332920.8969999999
1673265600,16.37,17.56,16.1,17.13,2313563.065
1673280000,17.12,17.37,16.23,16.28,2242373.596
1673294400,16.27,16.67,16.01,16.25,1205580.701
1673308800,16.25,16.59,15.57,15.97,1101027.2179999999
1673323200,15.97,16.31,15.86,15.9,1013231.527
1673337600,15.9,16.35,15.82,16.04,754799.875
1673352000,16.03,16.5,15.82,16.25,1220805.893
1673366400,16.25,16.48,16.04,16.4,737302.327
1673380800,16.39,16.73,16.14,16.21,673657.318
1673395200,16.2,16.33,15.87,16.01,661965.226
1673409600,16.01,16.16,15.85,16.11,439599.366
1673424000,16.11,16.14,15.95,16.04,217592.89899999998
1673438400,16.03,16.03,15.31,15.43,866558.184
1673452800,15.41,16.13,15.28,16.01,746025.108
1673467200,16.01,16.61,15.75,16.36,857848.284
1673481600,16.37,17.0,16.14,16.44,1066884.08
1673496000,16.44,16.51,16.16,16.24,455444.109
1673510400,16.24,16.24,15.9,16.08,362044.636
1673524800,16.08,16.5,15.57,15.96,1241828.66
1673539200,15.96,16.81,15.91,16.55,1114296.9139999999
1673553600,16.56,16.71,16.3,16.6,662590.6370000001
1673568000,16.59,16.84,16.3,16.7,457452.159
1673582400,16.69,17.36,16.68,16.91,1230219.388
1673596800,16.9,17.11,16.55,16.67,582959.784
1673611200,16.68,16.88,16.47,16.82,563849.5970000001
1673625600,16.83,17.21,16.53,17.19,644487.321
1673640000,17.18,18.63,17.02,18.3,1903650.239
1673654400,18.3,22.83,18.21,21.92,4173909.1799999997
1673668800,21.91,24.75,21.8,23.57,2636804.179
1673683200,23.59,23.94,21.31,22.38,2478184.736
1673697600,22.38,23.62,21.81,22.33,1591860.08
1673712000,22.34,23.41,22.14,23.06,1577893.332
1673726400,23.05,24.73,22.49,24.25,1240539.187
1673740800,24.26,25.0,22.52,23.07,1810177.202
1673755200,23.07,23.18,22.12,22.63,620804.75
1673769600,22.63,23.09,21.97,22.88,647576.004
1673784000,22.89,23.88,22.7,23.7,1102847.815
1673798400,23.69,23.8,22.96,23.37,931516.4890000001
1673812800,23.36,23.4,22.65,22.88,693825.381
1673827200,22.9,24.19,22.45,23.23,1309558.918
1673841600,23.23,25.0,23.05,24.25,1209471.6979999999
1673856000,24.26,24.27,22.88,23.4,1055336.591
1673870400,23.39,23.55,22.25,23.07,926490.966
1673884800,23.06,23.78,22.85,23.55,1011558.968
1673899200,23.55,24.22,23.31,23.59,838942.2420000001
1673913600,23.58,23.82,22.79,23.19,576667.529
1673928000,23.18,23.79,23.13,23.42,401232.668
1673942400,23.42,23.92,23.36,23.74,340645.881
1673956800,23.75,23.98,23.13,23.27,928642.573
1673971200,23.27,23.56,23.04,23.44,417829.788
1673985600,23.43,23.69,22.7,22.86,492395.529
1674000000,22.86,23.32,22.62,23.04,801582.3489999999
1674014400,23.04,23.3,22.85,22.98,339859.75800000003
1674028800,22.99,22.99,22.07,22.52,491000.92299999995
1674043200,22.52,23.64,20.76,21.8,1101501.083
1674057600,21.76,22.34,20.22,21.77,1654517.462
1674072000,21.78,21.88,20.67,20.78,908417.217
1674086400,20.77,21.53,20.77,21.33,651292.6159999999
1674100800,21.33,21.8,21.26,21.3,332021.631
1674115200,21.31,21.49,20.8,20.94,318492.75800000003
1674129600,20.94,21.2,20.41,21.05,698288.613
1674144000,21.06,21.73,20.85,21.65,606265.905
1674158400,21.65,21.88,21.31,21.39,539503.145
1674172800,21.39,21.63,21.01,21.34,696051.2559999999
1674187200,21.34,21.42,20.93,21.08,395177.82
1674201600,21.08,21.24,20.96,21.14,243947.48200000002
1674216000,21.13,21.54,21.08,21.43,434149.059
1674230400,21.44,23.42,21.41,23.3,1243467.212
1674244800,23.3,25.83,23.29,25.51,2199121.868
1674259200,25.5,25.86,24.32,24.84,1094143.858
1674273600,24.83,25.71,24.72,25.54,842739.8570000001
1674288000,25.55,26.47,24.33,25.2,1839486.295
1674302400,25.19,25.65,25.07,25.25,853646.685
1674316800,25.26,26.09,25.18,25.63,847379.122
1674331200,25.63,25.69,24.51,24.56,748252.158
1674345600,24.56,25.32,24.4,24.99,640447.2309999999
1674360000,24.99,25.44,24.92,25.13,492507.744
1674374400,25.13,25.33,24.79,24.9,482698.523
1674388800,24.91,25.42,24.65,24.98,635403.923
1674403200,24.96,25.27,24.73,24.9,795279.534
1674417600,24.9,24.91,23.49,24.22,1053027.135
1674432000,24.23,24.93,24.09,24.52,541730.939
1674446400,24.53,24.79,24.34,24.47,334212.86100000003
1674460800,24.48,24.8,24.18,24.62,452623.891
1674475200,24.63,24.74,23.71,24.18,984996.0900000001
1674489600,24.18,24.75,23.96,24.17,760719.9839999999
1674504000,24.17,24.51,24.03,24.34,298059.62
1674518400,24.34,25.23,24.06,25.0,562599.879
1674532800,24.99,25.02,24.63,24.8,272505.247
1674547200,24.8,24.97,24.3,24.48,334491.402
1674561600,24.48,24.61,24.01,24.5,396256.982
1674576000,24.5,24.56,24.11,24.46,168714.597
1674590400,24.46,24.51,22.36,22.77,925363.2320000001
1674604800,22.76,22.99,22.21,22.94,556871.126
1674619200,22.93,23.44,22.87,23.27,301451.609
1674633600,23.27,23.4,22.98,23.14,172176.614
1674648000,23.14,24.58,22.7,23.35,1117637.938
1674662400,23.35,23.8,23.24,23.75,459046.653
1674676800,23.74,25.43,23.73,24.53,1199978.585
1674691200,24.53,25.23,24.43,24.79,548462.308
1674705600,24.8,24.95,24.25,24.35,299370.316
1674720000,24.35,24.59,24.09,24.33,170049.88999999998
1674734400,24.32,25.12,24.05,24.25,561872.254
1674748800,24.23,24.72,23.77,24.46,418700.214
1674763200,24.46,24.62,24.21,24.35,213827.47999999998
1674777600,24.35,24.52,23.32,23.73,446727.993
1674792000,23.73,24.05,23.66,24.04,227108.347
1674806400,24.04,24.05,23.59,23.72,170376.242
1674820800,23.71,24.2,23.32,23.85,645436.2440000001
1674835200,23.83,24.6,23.81,24.47,489480.184
1674849600,24.47,24.96,24.02,24.44,592014.459
1674864000,24.42,24.88,24.3,24.52,290601.93799999997
1674878400,24.52,25.21,24.18,24.37,303152.918
1674892800,24.35,24.47,24.2,24.31,117316.87
1674907200,24.32,24.32,23.72,24.18,291208.813
1674921600,24.17,24.23,23.94,24.12,130201.851
1674936000,24.13,24.14,23.75,24.01,210603.782
1674950400,24.01,24.68,23.72,24.14,373134.82200000004
1674964800,24.15,24.2,24.03,24.14,89764.016
1674979200,24.14,24.5,24.08,24.35,158146.21899999998
1674993600,24.35,24.78,24.21,24.68,309250.235
1675008000,24.7,26.57,24.46,26.31,1383810.416
1675022400,26.32,26.77,25.94,26.07,600670.957
1675036800,26.07,26.33,25.18,25.45,581480.764
1675051200,25.46,25.6,25.25,25.38,245957.185
1675065600,25.37,25.53,23.77,24.03,758424.83
1675080000,24.02,24.77,23.86,24.38,526029.084
1675094400,24.37,24.63,23.29,23.6,678217.53
1675108800,23.59,24.01,23.35,23.96,470312.983
1675123200,23.96,24.28,23.66,24.01,305615.28599999996
1675137600,24.02,24.13,23.65,24.11,164780.823
1675152000,24.11,24.14,23.48,23.75,148461.323
1675166400,23.74,24.36,23.64,24.1,321188.601
1675180800,24.1,24.46,23.97,24.2,434100.63800000004
1675195200,24.21,24.25,23.62,23.93,329101.76300000004
1675209600,23.92,24.04,23.66,23.88,226561.3
1675224000,23.87,24.0,23.41,23.56,214961.656
1675238400,23.56,23.63,23.16,23.54,259665.775
1675252800,23.53,23.67,22.7,22.81,565034.072
1675267200,22.81,24.65,22.49,24.31,1215254.3199999998
1675281600,24.32,25.21,24.13,25.0,782641.7779999999
1675296000,25.0,25.79,24.95,25.29,609947.36
1675310400,25.29,25.42,24.73,24.87,318296.311
1675324800,24.86,25.09,24.81,25.01,135105.26
1675339200,25.01,25.27,24.59,25.0,662730.189
1675353600,24.99,26.15,24.87,25.07,890553.254
1675368000,25.07,25.26,24.04,24.32,535303.672
1675382400,24.33,24.49,24.05,24.34,265646.235
1675396800,24.34,24.54,24.25,24.33,219803.16700000002
1675411200,24.33,24.54,24.11,24.52,155281.027
1675425600,24.52,25.31,24.06,24.9,787106.119
1675440000,24.9,25.06,24.35,24.36,390180.14900000003
1675454400,24.37,24.82,24.24,24.69,207284.397
1675468800,24.69,24.82,24.43,24.45,106452.11600000001
1675483200,24.46,24.53,24.29,24.51,52673.585
1675497600,24.51,24.61,24.41,24.58,55428.195999999996
1675512000,24.58,24.95,24.54,24.71,104138.94
1675526400,24.7,24.8,24.52,24.68,124387.77300000002
1675540800,24.66,24.76,24.18,24.34,159818.641
1675555200,24.33,24.44,24.08,24.3,143362.684
1675569600,24.3,24.48,24.26,24.37,61552.566
1675584000,24.37,24.46,24.15,24.2,63376.888
1675598400,24.2,24.24,23.33,23.65,461876.297
1675612800,23.66,23.72,23.22,23.38,291719.335
1675627200,23.37,23.68,23.03,23.48,222266.44199999998
1675641600,23.47,23.74,23.25,23.4,81699.144
1675656000,23.4,23.47,22.9,23.38,258272.854
1675670400,23.38,23.42,23.06,23.34,58317.512
1675684800,23.34,23.5,22.81,23.47,196241.857
1675699200,23.48,23.61,23.15,23.38,232247.257
1675713600,23.37,23.38,22.5,22.65,259350.686
1675728000,22.65,23.18,22.54,23.07,141131.66
1675742400,23.08,23.36,23.03,23.22,111851.59999999999
1675756800,23.22,23.45,23.1,23.34,86135.137
1675771200,23.34,23.42,22.93,23.02,143367.936
1675785600,23.02,23.97,22.6,23.27,754058.175
1675800000,23.29,23.97,23.14,23.84,317940.706
1675814400,23.83,24.2,23.8,23.9,192097.066
1675828800,23.9,23.98,23.58,23.76,89955.14
1675843200,23.76,23.79,23.53,23.74,70530.13399999999
1675857600,23.75,23.97,23.24,23.26,356032.365
1675872000,23.26,23.46,22.8,23.09,361635.311
1675886400,23.09,23.29,22.87,23.23,120726.83499999999
1675900800,23.22,23.35,21.97,22.34,414593.066
1675915200,22.34,22.9,22.21,22.78,197047.79799999998
1675929600,22.78,22.98,22.72,22.8,121228.426
1675944000,22.79,22.99,22.58,22.66,161343.553
1675958400,22.65,22.7,21.46,21.82,455602.405
1675972800,21.8,21.8,19.99,20.48,779107.163
1675987200,20.49,20.92,20.29,20.81,335801.203
1676001600,20.82,21.14,20.52,21.13,289503.526
1676016000,21.13,21.23,20.63,20.7,212595.752
1676030400,20.7,21.03,20.44,20.75,238144.961
1676044800,20.74,20.98,20.52,20.87,253555.81399999998
1676059200,20.88,20.9,19.71,20.11,397485.14800000004
1676073600,20.11,20.5,20.11,20.42,133479.319
1676088000,20.42,20.43,20.15,20.34,238282.69100000002
1676102400,20.35,20.39,20.23,20.32,33257.51
1676116800,20.32,20.63,20.29,20.53,121358.657
1676131200,20.52,20.53,20.27,20.39,120179.31700000001
1676145600,20.39,20.93,20.34,20.83,105167.63
1676160000,20.82,20.84,20.63,20.67,60408.282
1676174400,20.67,21.01,20.63,20.85,81765.974
1676188800,20.85,21.08,20.84,21.05,94466.473
1676203200,21.05,21.59,20.78,21.44,218973.978
1676217600,21.43,22.53,21.39,22.04,462437.729
1676232000,22.05,22.22,21.1,21.49,369884.382
1676246400,21.51,21.61,20.47,20.92,372904.042
1676260800,20.92,21.32,20.86,21.2,191002.211
1676275200,21.2,21.21,20.07,20.48,342386.865
1676289600,20.48,20.7,20.38,20.41,250223.963
1676304000,20.42,20.55,19.76,20.46,434164.576
1676318400,20.46,20.89,20.25,20.8,297960.20499999996
1676332800,20.8,21.11,20.68,20.84,193388.481
1676347200,20.84,21.12,20.79,21.07,100548.345
1676361600,21.09,21.63,20.78,21.38,243277.932
1676376000,21.38,22.4,20.73,21.9,1027324.252
1676390400,21.91,22.08,21.65,22.05,334479.891
1676404800,22.04,22.07,21.55,21.84,222775.168
1676419200,21.84,21.94,21.46,21.62,160164.372
1676433600,21.61,21.7,21.49,21.54,65511.176
1676448000,21.53,22.23,21.47,22.12,118261.588
1676462400,22.12,22.75,22.12,22.44,504453.129
1676476800,22.43,23.03,22.27,23.0,371536.49
1676491200,23.01,23.99,22.94,23.87,667808.003
1676505600,23.87,24.17,23.55,23.82,419268.79600000003
1676520000,23.82,23.99,23.55,23.72,234703.915
1676534400,23.73,23.91,23.49,23.57,113828.196
1676548800,23.57,23.89,23.06,23.87,545152.992
1676563200,23.87,24.15,23.37,23.6,461703.13800000004
1676577600,23.6,23.61,22.2,22.25,742957.394
1676592000,22.25,22.8,22.03,22.68,277362.57
1676606400,22.69,22.81,22.52,22.55,113964.462
1676620800,22.53,22.73,22.47,22.6,188401.078
1676635200,22.59,22.99,22.41,22.79,258514.875
1676649600,22.78,23.5,22.57,23.47,280256.73199999996
1676664000,23.48,23.56,22.73,23.16,403964.88899999997
1676678400,23.16,23.63,23.14,23.36,143344.002
1676692800,23.36,23.49,23.12,23.23,81199.683
1676707200,23.24,23.26,22.93,23.06,86202.86600000001
1676721600,23.05,23.56,23.01,23.43,118766.329
1676736000,23.44,23.94,23.4,23.5,345593.599
1676750400,23.49,23.68,23.27,23.46,109593.42199999999
1676764800,23.47,23.6,23.21,23.31,95726.284
1676779200,23.31,24.0,23.27,23.53,163246.565
1676793600,23.53,23.73,23.47,23.69,87608.289
1676808000,23.72,25.28,23.71,25.26,583457.0179999999
1676822400,25.27,25.37,23.99,24.65,668213.45
1676836800,24.65,25.65,24.03,24.85,694171.377
1676851200,24.83,26.32,24.12,26.16,862516.0210000001
1676865600,26.16,27.12,25.85,26.49,805216.567
1676880000,26.47,26.68,26.03,26.38,363578.16000000003
1676894400,26.38,26.73,26.14,26.55,532355.656
1676908800,26.53,26.57,25.55,26.36,574768.19
1676923200,26.36,26.38,25.92,26.27,260143.471
1676937600,26.26,26.62,25.78,26.13,485336.185
1676952000,26.13,26.31,25.72,26.03,183596.289
1676966400,26.02,26.26,24.9,25.06,403804.48099999997
1676980800,25.06,25.39,24.79,25.06,317024.757
1676995200,25.05,25.5,24.7,25.24,345290.667
1677009600,25.25,25.46,24.48,24.98,333326.248
1677024000,24.98,25.24,23.87,24.44,417130.06700000004
1677038400,24.45,24.48,23.45,23.81,364030.097
1677052800,23.82,23.83,23.22,23.56,536635.911
1677067200,23.56,23.8,23.25,23.66,404843.65099999995
1677081600,23.66,24.18,23.4,23.8,389376.08400000003
1677096000,23.79,24.35,23.47,24.17,193773.907
1677110400,24.17,24.71,23.96,24.45,234176.13900000002
1677124800,24.46,24.59,24.24,24.5,107615.775
1677139200,24.5,24.64,23.6,23.76,233421.18099999998
1677153600,23.76,24.39,23.61,23.89,261581.678
1677168000,23.87,24.08,23.62,24.04,228190.634
1677182400,24.04,24.22,23.67,23.92,135633.071
1677196800,23.92,24.15,23.7,23.8,122574.006
1677211200,23.79,24.11,23.76,23.97,134794.392
1677225600,23.97,24.07,23.53,23.79,107257.996
1677240000,23.79,24.01,22.92,23.04,327912.885
1677254400,23.04,23.06,22.51,23.04,433622.128
1677268800,23.04,23.36,22.45,23.07,208390.414
1677283200,23.07,23.34,22.93,22.96,116006.51800000001
1677297600,22.96,23.19,22.84,22.95,80221.963
1677312000,22.95,23.05,22.62,22.78,98842.018
1677326400,22.78,22.81,22.03,22.33,195770.008
1677340800,22.33,22.52,21.68,21.92,204228.861
1677355200,21.92,22.51,21.43,22.38,231057.682
1677369600,22.38,22.75,22.22,22.67,94164.334
1677384000,22.67,22.85,22.51,22.8,73465.552
1677398400,22.8,22.99,22.65,22.85,69377.51699999999
1677412800,22.85,22.97,22.56,22.93,82352.053
1677427200,22.94,23.4,22.68,23.36,184096.842
1677441600,23.36,23.54,22.95,23.27,237330.049
1677456000,23.26,23.3,22.98,23.04,229045.812
1677470400,23.03,23.05,22.76,22.89,141259.951
1677484800,22.88,22.97,22.63,22.77,110094.919
1677499200,22.78,23.41,22.67,23.06,403368.804
1677513600,23.07,23.14,22.32,22.54,319585.479
1677528000,22.53,22.79,22.36,22.66,204299.244
1677542400,22.67,22.75,22.42,22.61,135266.997
1677556800,22.62,22.62,22.06,22.08,131176.988
1677571200,22.08,22.3,22.04,22.2,111211.794
1677585600,22.2,22.61,22.2,22.54,207287.91700000002
1677600000,22.54,22.7,22.16,22.18,161491.33500000002
1677614400,22.19,22.24,21.75,21.89,412559.46200000006
1677628800,21.89,22.4,21.65,22.35,215995.027
1677643200,22.35,22.68,22.31,22.61,145076.342
1677657600,22.61,22.92,22.54,22.7,109886.776
1677672000,22.69,22.86,22.52,22.66,158463.756
1677686400,22.65,22.67,22.11,22.14,163863.16100000002
1677700800,22.14,22.55,22.1,22.51,130527.10399999999
1677715200,22.5,22.66,21.89,22.05,169247.35
1677729600,22.04,22.17,21.85,21.99,105213.422
1677744000,21.97,22.11,21.9,22.08,129537.11499999999
1677758400,22.08,22.1,21.67,21.85,225360.701
1677772800,21.84,22.16,21.7,22.09,169194.52899999998
1677787200,22.09,22.16,21.92,22.0,143691.416
1677801600,22.01,22.01,20.35,20.87,824311.2729999999
1677816000,20.86,21.25,20.82,21.09,168698.204
1677830400,21.1,21.23,21.07,21.14,113768.734
1677844800,21.14,21.45,21.01,21.27,238322.984
1677859200,21.27,21.46,21.16,21.44,200427.44499999998
1677873600,21.43,21.53,21.18,21.42,148420.66999999998
1677888000,21.43,21.62,21.3,21.33,126408.161
1677902400,21.33,21.37,21.02,21.17,102393.947
1677916800,21.18,21.26,21.07,21.16,61234.781
1677931200,21.16,21.2,20.94,20.96,113790.598
1677945600,20.96,21.02,20.91,21.02,9245.482
1677960000,20.8,21.01,20.32,20.99,28561.668999999998
1677974400,20.99,21.71,20.94,21.34,370587.822
1677988800,21.34,21.44,21.23,21.3,147347.22999999998
1678003200,21.3,21.38,21.16,21.19,121683.658
1678017600,21.2,21.36,21.16,21.27,176976.026
1678032000,21.27,21.32,21.02,21.09,216220.418
1678046400,21.09,21.32,20.84,20.96,291727.768
1678060800,20.96,21.09,20.68,20.93,376527.018
1678075200,20.93,20.97,20.6,20.75,176506.044
1678089600,20.76,20.79,20.63,20.69,147808.846
1678104000,20.7,21.09,20.56,21.06,265667.571
1678118400,21.07,21.18,20.75,20.75,248169.249
1678132800,20.75,20.77,20.47,20.62,274367.989
1678147200,20.63,20.96,20.44,20.8,273466.222
1678161600,20.8,20.86,20.69,20.71,102764.71900000001
1678176000,20.71,20.74,20.28,20.3,230781.288
1678190400,20.3,20.65,19.93,20.43,814070.133
1678204800,20.42,20.51,19.98,20.02,356195.842
1678219200,20.01,20.28,19.71,20.24,352293.4
1678233600,20.24,20.38,19.8,19.99,284945.938
1678248000,20.0,20.06,19.13,19.2,452983.06799999997
1678262400,19.2,19.53,19.16,19.32,288084.80799999996
1678276800,19.33,19.38,18.64,19.24,977317.121
1678291200,19.24,19.41,18.47,18.67,648136.842
1678305600,18.67,18.96,18.11,18.42,845867.731
1678320000,18.41,18.67,18.37,18.58,403018.399
1678334400,18.6,18.77,18.48,18.5,228619.821
1678348800,18.49,18.61,18.24,18.53,373100.448
1678363200,18.54,18.66,18.14,18.36,585088.56
1678377600,18.35,18.39,17.48,17.74,1308880.504
1678392000,17.74,17.75,16.7,17.35,1789646.949
1678406400,17.34,17.37,16.79,17.14,695599.446
1678420800,17.16,17.19,16.61,16.99,682392.1000000001
1678435200,16.99,17.02,16.01,16.71,990942.7420000001
1678449600,16.7,17.93,16.61,17.68,2091751.071
1678464000,17.66,17.97,17.42,17.78,1112944.856
1678478400,17.78,18.43,17.47,18.23,785143.607
1678492800,18.23,19.15,18.12,18.34,657234.855
1678507200,18.34,18.37,17.06,17.17,553464.0109999999
1678521600,17.15,17.85,17.04,17.49,356115.17799999996
1678536000,17.48,17.62,17.22,17.3,257680.617
1678550400,17.29,18.14,17.15,18.13,504150.199
1678564800,18.14,18.36,18.0,18.21,339224.634
1678579200,18.22,18.29,17.94,18.1,336232.444
1678593600,18.1,18.31,17.87,18.0,231029.572
1678608000,17.99,18.41,17.95,18.25,228171.488
1678622400,18.26,18.27,17.96,18.06,157274.144
1678636800,18.05,19.11,17.99,18.66,592403.227
1678651200,18.66,20.67,18.64,20.35,943638.063
1678665600,20.34,20.73,19.49,19.58,1308121.146
1678680000,19.58,19.92,19.58,19.82,482792.971
1678694400,19.82,19.87,18.96,19.25,617225.1259999999
1678708800,19.24,21.5,18.89,20.82,1894839.707
1678723200,20.82,21.11,20.27,20.59,1134069.937
1678737600,20.59,20.66,20.21,20.47,652281.806
1678752000,20.47,20.58,20.24,20.5,486483.332
1678766400,20.5,20.76,20.03,20.11,501255.71400000004
1678780800,20.11,20.32,19.84,20.21,380289.059
1678795200,20.21,22.21,20.13,22.0,1930662.74
1678809600,21.99,22.1,20.39,21.0,1315961.604
1678824000,21.0,21.12,20.33,20.93,447414.042
1678838400,20.93,21.31,20.66,21.15,443420.512
1678852800,21.16,21.56,21.07,21.34,258206.675
1678867200,21.33,21.35,20.28,20.67,412867.629
1678881600,20.67,21.1,19.14,19.3,1255150.431
1678896000,19.3,19.46,18.76,19.16,1199636.749
1678910400,19.15,19.57,19.07,19.33,412127.422
1678924800,19.33,19.55,18.95,19.39,383349.704
1678939200,19.39,19.7,19.12,19.58,367810.667
1678953600,19.58,19.89,19.32,19.73,365864.023
1678968000,19.72,19.77,19.08,19.64,610232.132
1678982400,19.62,19.96,19.3,19.82,317734.73699999996
1678996800,19.82,19.83,19.31,19.72,191285.464
1679011200,19.71,20.33,19.47,20.05,582524.8
1679025600,20.05,20.31,19.93,20.07,442754.447
1679040000,20.08,20.78,20.0,20.73,368517.69299999997
1679054400,20.74,20.75,19.84,20.07,681478.0179999999
1679068800,20.06,20.66,19.93,20.59,551223.263
1679083200,20.59,21.72,20.36,21.65,694617.518
1679097600,21.63,22.97,21.31,22.69,1011813.691
1679112000,22.7,22.91,22.18,22.23,467936.221
1679126400,22.23,22.57,21.84,22.55,277564.199
1679140800,22.55,22.57,21.52,21.89,472177.359
1679155200,21.88,22.44,21.27,22.0,548072.455
1679169600,22.01,22.25,21.12,21.27,390760.864
1679184000,21.27,21.91,21.25,21.88,224752.91499999998
1679198400,21.87,21.98,21.35,21.61,172607.925
1679212800,21.61,21.83,21.29,21.76,219049.211
1679227200,21.76,22.19,21.52,22.07,284805.664
1679241600,22.05,22.5,22.03,22.26,447548.752
1679256000,22.26,22.35,21.79,21.92,463664.76099999994
1679270400,21.94,23.03,21.69,21.77,811107.285
1679284800,21.77,23.23,21.43,23.16,645137.61
1679299200,23.17,23.65,22.99,23.41,870955.738
1679313600,23.41,23.99,22.98,23.23,1105576.608
1679328000,23.23,23.5,21.88,22.22,1056874.619
1679342400,22.22,22.86,22.1,22.2,624384.189
1679356800,22.2,22.81,22.08,22.52,562525.28
1679371200,22.52,22.72,21.8,22.03,428757.16099999996
1679385600,22.02,22.59,21.6,22.52,432403.86600000004
1679400000,22.52,23.39,22.43,22.97,690337.179
1679414400,22.97,23.25,22.19,22.6,765649.243
1679428800,22.61,22.75,22.31,22.6,515615.657
1679443200,22.59,22.61,22.09,22.38,471427.184
1679457600,22.38,22.63,22.29,22.39,317663.359
1679472000,22.37,22.75,22.17,22.54,490203.031
1679486400,22.54,23.13,22.4,22.68,616836.334
1679500800,22.69,23.1,21.0,21.16,1207985.664
1679515200,21.16,21.93,21.03,21.46,682234.512
1679529600,21.47,21.66,21.15,21.31,335779.944
1679544000,21.33,21.79,21.26,21.77,254174.729
1679558400,21.76,21.88,21.65,21.82,196082.46899999998
1679572800,21.82,22.73,21.43,22.46,849190.289
1679587200,22.45,22.8,21.75,22.15,717796.621
1679601600,22.14,22.3,21.93,22.2,324648.301
1679616000,22.2,22.31,22.03,22.12,217935.684
1679630400,22.11,22.18,21.91,22.02,217060.45799999998
1679644800,22.02,22.06,21.18,21.43,457873.277
1679659200,21.44,21.78,20.98,21.22,938806.926
1679673600,21.23,21.35,20.29,20.78,875542.9260000001
1679688000,20.79,20.83,20.36,20.67,299459.749
1679702400,20.66,20.95,20.65,20.75,150313.749
1679716800,20.76,20.85,20.53,20.65,69716.256
1679731200,20.65,20.73,20.43,20.69,96761.566
1679745600,20.71,20.99,20.58,20.91,160037.32
1679760000,20.91,20.96,20.12,20.17,193142.163
1679774400,20.16,20.47,20.14,20.44,105065.448
1679788800,20.43,20.78,20.31,20.69,72741.526
1679803200,20.67,20.9,20.65,20.8,44266.86
1679817600,20.78,20.97,20.72,20.89,69618.093
1679832000,20.9,21.16,20.77,20.84,187017.01799999998
1679846400,20.84,21.03,20.66,20.94,65542.663
1679860800,20.94,21.11,20.78,20.96,90533.889
1679875200,20.96,21.01,20.59,20.74,96794.36200000001
1679889600,20.72,20.76,20.39,20.47,85931.334
1679904000,20.46,20.68,20.37,20.64,105399.73800000001
1679918400,20.63,20.74,19.35,19.8,487596.95999999996
1679932800,19.79,19.99,19.61,19.71,278777.502
1679947200,19.69,19.96,19.6,19.9,107081.303
1679961600,19.92,20.0,19.62,19.73,123643.994
1679976000,19.74,20.09,19.72,19.88,79679.72
1679990400,19.89,20.19,19.62,20.09,117743.994
1680004800,20.1,20.41,19.82,20.25,412900.01800000004
1680019200,20.24,20.88,20.05,20.71,437836.641
1680033600,20.72,20.75,20.24,20.45,187968.3
1680048000,20.47,20.87,20.43,20.67,175185.349
1680062400,20.66,21.28,20.63,21.22,180924.18899999998
1680076800,21.22,21.56,21.11,21.21,220028.617
1680091200,21.21,21.38,20.95,21.24,226437.42200000002
1680105600,21.25,21.26,20.96,21.18,155376.72
1680120000,21.19,21.33,20.93,21.1,106651.464
1680134400,21.11,21.68,20.61,21.05,410719.369
1680148800,21.06,21.24,20.85,21.02,146488.266
1680163200,21.02,21.06,20.53,20.68,141856.559
1680177600,20.69,20.71,20.45,20.55,459921.854
1680192000,20.53,20.54,20.16,20.5,288992.869
1680206400,20.5,20.74,20.38,20.55,160573.435
1680220800,20.54,20.75,20.44,20.54,178479.364
1680235200,20.53,20.62,20.04,20.31,96232.839
1680249600,20.3,20.43,20.23,20.33,71418.845
1680264000,20.33,21.0,20.22,20.86,276096.049
1680278400,20.87,21.03,20.69,20.98,172869.90600000002
1680292800,20.98,21.49,20.84,21.17,158053.284
1680307200,21.17,21.34,20.92,21.05,101867.504
1680321600,21.05,21.29,20.85,21.02,70677.29800000001
1680336000,21.02,21.13,20.94,21.03,33007.705
1680350400,21.04,21.1,20.88,20.98,59718.333
1680364800,20.96,21.04,20.76,20.94,75788.071
1680379200,20.94,21.24,20.94,21.09,75447.787
1680393600,21.09,21.16,20.89,21.02,58858.699
1680408000,21.04,21.31,20.93,21.2,55630.428
1680422400,21.19,21.22,20.98,21.0,40685.158
1680436800,20.99,21.0,20.46,20.62,120399.331
1680451200,20.6,20.69,20.24,20.35,96674.6
1680465600,20.35,20.59,20.28,20.53,86937.23
1680480000,20.52,20.56,19.97,20.03,312455.939
1680494400,20.03,20.27,19.99,20.27,146206.686
1680508800,20.26,20.58,20.25,20.41,257345.34600000002
1680523200,20.41,20.61,20.08,20.32,150240.891
1680537600,20.34,20.98,20.16,20.92,474077.556
1680552000,20.93,21.01,20.06,20.47,377480.624
1680566400,20.47,20.58,20.3,20.42,86268.012
1680580800,20.43,20.65,20.33,20.53,52827.123999999996
1680595200,20.54,21.0,20.48,20.99,138480.0
1680609600,20.98,21.27,20.69,20.86,293953.344
1680624000,20.87,21.03,20.76,20.95,102395.194
1680638400,20.95,21.09,20.83,20.92,118580.669
1680652800,20.92,21.35,20.84,21.14,275197.681
1680667200,21.15,21.31,21.12,21.2,75690.20999999999
1680681600,21.19,21.27,21.09,21.19,58137.794
1680696000,21.19,21.25,20.57,20.83,330199.23
1680710400,20.83,20.98,20.65,20.93,161750.125
1680724800,20.93,21.04,20.82,20.97,75755.243
1680739200,20.96,21.0,20.54,20.83,130718.237
1680753600,20.83,20.83,20.64,20.64,52894.94
1680768000,20.65,20.77,20.47,20.69,160775.88
1680782400,20.69,20.83,20.45,20.75,136719.226
1680796800,20.75,20.86,20.62,20.72,88538.28099999999
1680811200,20.73,20.79,20.53,20.63,89288.987
1680825600,20.62,20.78,20.42,20.56,87734.01699999999
1680840000,20.56,20.57,20.24,20.31,146870.009
1680854400,20.29,20.45,20.24,20.33,73113.567
1680868800,20.31,20.66,20.29,20.54,89589.185
1680883200,20.54,20.59,20.42,20.49,68771.265
1680897600,20.49,20.54,20.37,20.45,76762.76800000001
1680912000,20.46,20.5,20.3,20.49,46130.238
1680926400,20.49,20.74,20.45,20.63,76054.41
1680940800,20.63,20.66,20.53,20.58,27447.338
1680955200,20.58,20.59,20.35,20.47,41373.186
1680969600,20.46,20.47,20.07,20.21,300028.697
1680984000,20.21,20.23,19.87,20.04,295665.261
1680998400,20.05,20.25,20.03,20.11,51737.020000000004
1681012800,20.12,20.25,19.89,20.04,50141.791
1681027200,20.04,20.21,19.98,20.21,19967.422
1681041600,20.2,20.33,20.03,20.14,45511.257
1681056000,20.13,20.4,20.07,20.29,85001.7
1681070400,20.3,20.45,20.22,20.3,61965.740000000005
1681084800,20.3,20.36,20.15,20.27,46856.693
1681099200,20.29,20.34,20.19,20.24,31124.634000000002
1681113600,20.25,20.38,20.23,20.29,31362.573999999997
1681128000,20.29,20.31,20.08,20.22,112410.253
1681142400,20.22,20.77,20.17,20.72,429018.46400000004
1681156800,20.72,20.97,20.56,20.92,228732.41999999998
1681171200,20.92,21.32,20.83,21.29,242480.595
1681185600,21.3,22.72,21.24,22.51,851862.64
1681200000,22.51,22.63,22.23,22.25,336327.794
1681214400,22.24,23.56,22.15,23.34,948770.3910000001
1681228800,23.33,23.74,23.09,23.44,888782.027
1681243200,23.44,23.5,22.87,23.01,412016.029
1681257600,23.02,23.57,22.34,22.58,500685.054
1681272000,22.58,24.05,22.52,23.71,516046.664
1681286400,23.71,23.92,23.29,23.52,186899.811
1681300800,23.52,24.49,23.3,23.63,1051011.513
1681315200,23.63,24.48,23.56,23.9,1039305.49
1681329600,23.9,24.19,23.64,23.82,185932.306
1681344000,23.82,24.13,23.67,24.01,226277.149
1681358400,24.02,24.31,23.9,24.15,148805.02899999998
1681372800,24.16,24.56,23.93,24.34,188562.57
1681387200,24.34,25.29,24.3,24.66,845816.822
1681401600,24.65,24.93,24.41,24.77,273617.276
1681416000,24.76,24.82,24.34,24.47,180398.17799999999
1681430400,24.47,25.37,24.24,25.11,713555.41
1681444800,25.12,25.53,24.88,24.92,368105.015
1681459200,24.92,25.16,24.83,25.05,173943.732
1681473600,25.05,25.13,23.82,23.85,591993.861
1681488000,23.84,24.75,23.76,24.54,460006.154
1681502400,24.55,25.0,24.45,24.74,262625.61699999997
1681516800,24.74,24.81,24.16,24.29,180432.501
1681531200,24.29,24.52,24.03,24.43,120007.413
1681545600,24.44,24.54,24.24,24.37,126547.808
1681560000,24.37,24.55,24.18,24.35,138134.91
1681574400,24.36,24.43,23.87,24.07,263908.741
1681588800,24.07,24.18,23.83,24.07,110328.451
1681603200,24.07,24.52,23.85,24.35,173513.93000000002
1681617600,24.36,24.47,24.21,24.27,80772.044
1681632000,24.27,24.37,24.02,24.07,89632.87400000001
1681646400,24.06,24.38,24.01,24.34,75844.763
1681660800,24.34,24.85,24.21,24.56,174178.95400000003
1681675200,24.55,25.5,24.34,25.37,523384.738
1681689600,25.36,26.03,24.81,25.82,887702.1429999999
1681704000,25.84,25.99,25.1,25.13,255807.219
1681718400,25.15,25.4,24.7,24.93,347606.854
1681732800,24.93,25.48,24.32,24.56,497869.702
1681747200,24.55,24.91,24.35,24.74,276894.679
1681761600,24.75,24.82,24.49,24.6,103740.71800000001
1681776000,24.59,24.7,23.99,24.45,403188.3
1681790400,24.44,25.17,24.37,25.1,159479.815
1681804800,25.1,25.45,24.87,25.35,221685.273
1681819200,25.36,25.41,24.83,24.94,336333.652
1681833600,24.93,25.02,24.44,24.69,252530.365
1681848000,24.69,24.92,24.59,24.83,167366.194
1681862400,24.83,24.99,24.55,24.63,131444.821
1681876800,24.62,24.78,24.26,24.38,248373.43300000002
1681891200,24.38,24.38,22.0,23.23,803968.0009999999
1681905600,23.22,23.58,22.94,23.37,487757.864
1681920000,23.37,23.5,22.88,23.0,549927.218
1681934400,22.99,23.17,22.14,22.68,512162.538
1681948800,22.68,23.1,22.38,22.87,196827.77000000002
1681963200,22.87,23.09,22.58,22.62,222803.807
1681977600,22.61,22.88,22.22,22.33,172755.52
1681992000,22.33,23.18,22.08,22.13,434036.68000000005
1682006400,22.12,22.45,21.55,21.77,1066506.621
1682020800,21.78,22.31,21.69,22.2,178849.424
1682035200,22.19,22.41,21.99,22.31,121337.756
1682049600,22.31,22.37,21.82,22.27,139804.736
1682064000,22.27,22.4,21.92,22.03,135148.633
1682078400,22.03,22.3,21.79,21.87,247740.283
1682092800,21.88,21.92,21.02,21.2,866038.833
1682107200,21.2,21.44,20.98,21.25,337491.494
1682121600,21.25,21.39,21.05,21.39,88371.458
1682136000,21.39,21.51,21.23,21.26,74618.33499999999
1682150400,21.29,21.4,21.21,21.38,44793.76699999999
1682164800,21.38,21.75,21.37,21.75,81977.586
1682179200,21.74,21.96,21.63,21.78,116693.636
1682193600,21.77,22.01,21.69,21.8,202030.52899999998
1682208000,21.8,21.81,21.46,21.73,85336.91200000001
1682222400,21.72,22.14,21.7,22.08,137747.552
1682236800,22.08,22.22,21.93,22.15,74642.508
1682251200,22.14,22.26,21.49,21.66,117662.64199999999
1682265600,21.66,21.7,20.95,21.19,228672.99599999998
1682280000,21.18,21.55,21.1,21.47,73564.812
1682294400,21.47,22.02,21.25,21.69,127423.132
1682308800,21.72,21.79,21.17,21.28,81025.845
1682323200,21.29,21.74,21.14,21.74,89248.73000000001
1682337600,21.74,21.99,21.29,21.33,195827.50699999998
1682352000,21.35,21.55,21.0,21.33,170362.354
1682366400,21.34,21.48,21.26,21.38,56615.235
1682380800,21.38,21.47,20.81,20.88,153087.06900000002
1682395200,20.89,21.16,20.85,20.9,68225.25200000001
1682409600,20.9,21.05,20.74,21.0,150819.381
1682424000,21.01,21.16,20.77,20.86,214343.399
1682438400,20.87,21.3,20.77,21.17,138953.764
1682452800,21.18,21.97,21.17,21.94,243797.203
1682467200,21.93,22.1,21.75,21.81,121625.811
1682481600,21.82,22.18,21.82,21.93,73047.981
1682496000,21.93,22.64,21.92,22.46,185585.063
1682510400,22.46,22.97,22.45,22.68,436833.527
1682524800,22.68,22.85,20.81,21.09,512072.454
1682539200,21.08,21.54,20.36,21.28,446736.096
1682553600,21.29,22.09,21.18,21.64,320125.114
1682568000,21.64,22.02,21.52,21.7,113951.003
1682582400,21.69,21.78,21.53,21.67,66392.583
1682596800,21.66,22.46,21.33,22.25,266858.584
1682611200,22.26,22.52,22.02,22.34,258159.32400000002
1682625600,22.33,22.59,22.13,22.32,243526.062
1682640000,22.33,22.68,22.19,22.32,171804.284
1682654400,22.31,22.65,22.3,22.63,74338.067
1682668800,22.63,22.87,22.35,22.51,94315.978
1682683200,22.49,22.76,22.18,22.4,193949.099
1682697600,22.39,23.5,22.38,23.34,905384.926
1682712000,23.34,23.52,23.14,23.36,196184.242
1682726400,23.36,23.51,23.21,23.33,88408.312
1682740800,23.33,23.42,23.16,23.29,75115.318
1682755200,23.28,23.37,23.19,23.31,44607.733
1682769600,23.33,23.9,23.23,23.36,357086.343
1682784000,23.37,23.42,22.93,23.32,172855.09699999998
1682798400,23.32,23.33,22.93,23.2,108732.546
1682812800,23.19,23.22,22.99,23.15,57179.868
1682827200,23.16,23.5,23.08,23.43,46018.282999999996
1682841600,23.43,23.75,23.43,23.5,62313.146
1682856000,23.5,24.0,23.34,23.69,135536.287
1682870400,23.7,23.89,23.04,23.19,289386.811
1682884800,23.18,23.22,22.68,22.73,359307.81799999997
1682899200,22.72,22.88,21.93,22.2,358665.462
1682913600,22.2,22.38,22.02,22.35,108397.437
1682928000,22.33,22.37,22.16,22.23,45853.945
1682942400,22.23,22.32,21.75,21.89,290444.674
1682956800,21.88,21.99,21.54,21.74,260670.71000000002
1682971200,21.73,22.09,21.6,21.96,164083.155
1682985600,21.96,22.03,21.76,21.87,66747.445
1683000000,21.87,22.01,21.75,21.91,28413.276
1683014400,21.9,22.0,21.79,21.99,42803.998
1683028800,22.01,22.32,21.76,22.21,223488.657
1683043200,22.2,22.39,22.11,22.31,167495.938
1683057600,22.31,22.36,22.14,22.26,178659.25699999998
1683072000,22.26,22.28,21.76,21.9,119878.655
1683086400,21.88,22.02,21.65,21.76,71991.92300000001
1683100800,21.75,21.85,21.35,21.41,88419.31599999999
1683115200,21.39,21.5,21.24,21.34,134694.94400000002
1683129600,21.33,21.72,21.27,21.41,257447.49700000003
1683144000,21.41,22.31,21.4,22.24,269820.466
1683158400,22.26,22.5,22.14,22.25,186481.763
1683172800,22.25,22.36,22.1,22.12,69476.425
1683187200,22.12,22.45,22.09,22.26,73160.79800000001
1683201600,22.26,22.34,21.76,21.82,150758.151
1683216000,21.83,21.93,21.62,21.74,134765.683
1683230400,21.76,21.81,21.63,21.75,62033.087
1683244800,21.75,22.13,21.68,21.9,140497.36000000002
1683259200,21.91,22.03,21.67,21.8,78826.73
1683273600,21.8,22.05,21.78,22.01,52775.119000000006
1683288000,22.03,22.5,21.6,22.33,355912.207
1683302400,22.33,22.98,22.33,22.9,570688.987
1683316800,22.91,23.08,22.79,22.85,125556.377
1683331200,22.84,23.3,22.68,22.74,380362.086
1683345600,22.74,22.83,22.58,22.66,96655.95
1683360000,22.66,22.71,22.47,22.7,89022.383
1683374400,22.7,22.73,21.6,21.83,295415.483
1683388800,21.82,22.21,21.77,22.03,94426.939
1683403200,22.02,22.06,21.88,21.96,66563.467
1683417600,21.96,22.07,21.76,21.92,111793.857
1683432000,21.92,22.1,21.91,22.08,32769.931
1683446400,22.09,22.27,21.97,22.13,46428.044
1683460800,22.13,22.59,22.13,22.49,83992.548
1683475200,22.49,22.8,22.41,22.48,177817.505
1683489600,22.48,22.6,21.66,21.68,420964.762
1683504000,21.66,21.84,20.77,21.32,510251.91599999997
1683518400,21.32,21.47,20.96,21.25,116267.944
1683532800,21.24,21.35,21.07,21.28,122399.25200000001
1683547200,21.29,21.42,21.09,21.18,222994.098
1683561600,21.17,21.22,19.99,20.41,582852.9920000001
1683576000,20.42,20.77,20.34,20.66,193729.528
1683590400,20.66,20.82,20.52,20.65,92542.45300000001
1683604800,20.65,20.73,20.43,20.72,120021.465
1683619200,20.71,20.83,20.53,20.83,75026.921
1683633600,20.83,21.02,20.52,20.55,181772.004
1683648000,20.55,20.85,20.42,20.64,273858.527
1683662400,20.62,20.73,20.42,20.68,107734.92
1683676800,20.67,20.9,20.62,20.72,103826.928
1683691200,20.71,20.84,20.55,20.56,62304.79
1683705600,20.57,20.77,20.5,20.76,55390.082
1683720000,20.76,21.33,20.66,21.09,324305.80799999996
1683734400,21.1,21.21,19.89,20.98,673811.047
1683748800,20.98,21.3,20.87,20.94,241582.36800000002
1683763200,20.94,20.95,20.54,20.57,112598.477
1683777600,20.56,20.71,20.54,20.61,47554.127
1683792000,20.61,20.66,20.33,20.51,86262.836
1683806400,20.51,20.77,19.92,20.18,404925.09500000003
1683820800,20.18,20.22,19.8,20.01,287674.212
1683835200,20.02,20.32,19.97,20.19,120733.932
1683849600,20.18,20.29,19.84,19.99,114480.643
1683864000,20.0,20.22,19.81,20.1,107027.27600000001
1683878400,20.1,20.38,20.06,20.3,174256.802
1683892800,20.3,20.75,20.27,20.31,335677.295
1683907200,20.31,20.55,19.92,20.51,249045.51
1683921600,20.49,20.96,20.43,20.93,305728.027
1683936000,20.92,21.21,20.81,21.16,146237.084
1683950400,21.17,21.27,20.99,21.24,67060.884
1683964800,21.24,21.29,21.03,21.09,37266.058000000005
1683979200,21.09,21.15,20.79,20.88,127178.973
1683993600,20.88,21.13,20.8,20.96,59282.818
1684008000,20.95,21.04,20.84,20.85,40719.694
1684022400,20.84,21.0,20.63,20.97,135745.798
1684036800,20.97,21.2,20.92,21.11,59042.454
1684051200,21.11,21.13,20.95,20.97,20754.697
1684065600,20.98,21.29,20.86,21.19,93036.273
1684080000,21.18,21.21,20.87,20.94,61474.623999999996
1684094400,20.93,21.01,20.84,20.94,47067.634999999995
1684108800,20.94,21.3,20.61,21.23,180800.197
1684123200,21.24,21.51,21.11,21.39,116052.943
1684137600,21.39,21.53,21.28,21.3,83624.969
1684152000,21.29,21.46,21.19,21.38,298980.88
1684166400,21.39,21.49,21.12,21.16,262403.768
1684180800,21.16,21.17,20.94,20.98,130133.396
1684195200,20.98,21.14,20.68,20.87,222097.655
1684209600,20.87,21.07,20.77,21.05,133264.106
1684224000,21.04,21.1,20.81,20.89,98261.08600000001
1684238400,20.88,20.9,20.65,20.78,143557.726
1684252800,20.78,20.81,20.47,20.51,264066.579
1684267200,20.5,20.73,20.44,20.68,183991.147
1684281600,20.67,21.08,20.59,20.97,152108.849
1684296000,20.97,21.01,20.56,20.57,93871.149
1684310400,20.56,20.69,20.47,20.52,95161.397
1684324800,20.52,20.73,20.43,20.59,127211.463
1684339200,20.58,21.15,20.54,21.03,292327.847
1684353600,21.03,21.21,20.94,21.06,117932.25099999999
1684368000,21.06,21.09,20.88,21.03,152345.727
1684382400,21.04,21.05,20.74,20.93,163952.671
1684396800,20.92,20.96,20.74,20.82,153466.915
1684411200,20.82,20.83,20.47,20.52,173829.918
1684425600,20.52,20.6,20.08,20.35,324547.438
1684440000,20.34,20.52,20.28,20.34,78468.738
1684454400,20.34,20.42,20.28,20.34,66779.325
1684468800,20.34,20.48,20.3,20.42,44469.412
1684483200,20.48,20.52,20.37,20.46,33259.948000000004
1684497600,20.45,20.58,20.21,20.41,169855.513
1684512000,20.41,20.51,20.32,20.37,84828.719
1684526400,20.36,20.4,20.32,20.35,44477.951
1684540800,20.35,20.36,20.16,20.28,81225.028
1684555200,20.29,20.29,20.11,20.17,55084.739
1684569600,20.17,20.26,20.17,20.21,41575.208
1684584000,20.22,20.32,20.18,20.28,61927.481
1684598400,20.28,20.36,20.2,20.29,119419.595
1684612800,20.29,20.31,20.21,20.28,66421.221
1684627200,20.27,20.39,20.22,20.25,76805.572
1684641600,20.24,20.29,20.23,20.29,45173.206
1684656000,20.29,20.34,20.09,20.15,49597.952
1684670400,20.14,20.19,19.84,19.95,108801.355
1684684800,19.95,20.03,19.84,19.99,109467.29500000001
1684699200,19.98,20.07,19.37,19.62,200221.078
1684713600,19.62,19.68,19.29,19.54,146909.37300000002
1684728000,19.54,19.79,19.52,19.7,89856.068
1684742400,19.7,19.92,19.7,19.87,123889.28700000001
1684756800,19.86,20.03,19.57,19.66,230584.579
1684771200,19.67,19.76,19.57,19.68,193150.742
1684785600,19.69,19.75,19.5,19.53,176159.424
1684800000,19.53,20.18,19.42,20.04,243779.425
1684814400,20.05,20.11,19.77,19.85,101170.761
1684828800,19.84,19.94,19.72,19.93,54949.773
1684843200,19.92,20.07,19.81,20.0,185680.018
1684857600,20.01,20.15,19.88,20.02,144284.353
1684872000,20.03,20.12,19.97,20.02,81828.111
1684886400,20.03,20.07,19.44,19.56,123260.922
1684900800,19.55,19.6,19.37,19.43,79847.998
1684915200,19.42,19.56,19.33,19.42,50505.047000000006
1684929600,19.42,19.49,18.71,19.18,461439.722
1684944000,19.17,19.3,19.04,19.19,183461.172
1684958400,19.19,19.37,19.14,19.22,116550.508
1684972800,19.21,19.41,18.77,19.38,187139.783
1684987200,19.36,19.48,19.27,19.27,69260.20300000001
1685001600,19.27,19.42,19.24,19.38,67926.798
1685016000,19.39,19.58,19.19,19.24,174116.058
1685030400,19.23,19.42,19.19,19.31,122709.446
1685044800,19.31,19.34,19.21,19.25,57596.715
1685059200,19.25,19.37,19.18,19.28,56156.068
1685073600,19.29,19.32,19.09,19.32,31848.371
1685088000,19.3,19.36,19.25,19.29,42128.013999999996
1685102400,19.29,19.56,19.21,19.44,153967.177
1685116800,19.44,19.5,19.3,19.48,78161.964
1685131200,19.48,19.51,19.35,19.36,45670.775
1685145600,19.36,19.5,19.33,19.49,29296.663
1685160000,19.49,19.65,19.46,19.54,28187.504999999997
1685174400,19.53,19.55,19.44,19.49,19989.091
1685188800,19.48,19.63,19.44,19.63,41118.612
1685203200,19.63,19.7,19.52,19.69,65391.198
1685217600,19.67,20.54,19.67,20.43,253784.11199999996
1685232000,20.43,20.79,20.29,20.51,198925.271
1685246400,20.49,20.57,20.43,20.5,38323.462
1685260800,20.49,20.67,20.41,20.53,39902.07
1685275200,20.54,20.68,20.43,20.51,52611.426999999996
1685289600,20.51,20.99,20.47,20.77,156703.00699999998
1685304000,20.78,21.19,20.73,20.82,173566.849
1685318400,20.82,21.0,20.66,20.71,213081.09
1685332800,20.72,20.79,20.55,20.74,58043.472
1685347200,20.74,20.79,20.62,20.76,39260.694
1685361600,20.75,20.79,20.42,20.49,100176.64
1685376000,20.48,20.6,20.27,20.51,129917.74600000001
1685390400,20.51,20.7,20.44,20.59,80168.932
1685404800,20.59,21.17,20.48,20.88,207918.616
1685419200,20.88,20.93,20.66,20.74,92572.275
1685433600,20.75,21.37,20.75,21.3,195302.38900000002
1685448000,21.3,21.4,20.88,20.97,377045.21400000004
1685462400,20.97,21.47,20.79,21.37,282571.756
1685476800,21.36,21.4,21.14,21.27,114512.26
1685491200,21.27,21.34,20.96,21.1,126115.874
1685505600,21.09,21.14,20.5,20.73,164511.615
1685520000,20.72,20.82,20.53,20.63,99441.51800000001
1685534400,20.62,20.71,20.37,20.49,169061.628
1685548800,20.48,20.73,20.45,20.65,143141.459
1685563200,20.65,20.84,20.64,20.83,90819.43400000001
1685577600,20.83,21.0,20.43,20.71,192973.859
1685592000,20.71,20.75,20.56,20.62,52550.734
1685606400,20.61,20.74,20.58,20.72,31857.546000000002
1685620800,20.72,20.91,20.62,20.69,101069.65400000001
1685635200,20.7,20.87,20.52,20.68,107529.958
1685649600,20.68,20.73,20.42,20.51,73270.587
1685664000,20.5,20.79,20.3,20.78,96937.84
1685678400,20.78,21.15,20.72,21.0,111686.059
1685692800,21.0,21.31,20.99,21.26,99720.01800000001
1685707200,21.25,21.32,20.96,21.2,125591.175
1685721600,21.19,21.37,21.07,21.29,88429.296
1685736000,21.3,21.38,21.18,21.27,72524.971
1685750400,21.26,21.32,21.09,21.13,45597.628
1685764800,21.13,21.19,20.99,21.18,56292.156
1685779200,21.18,21.25,21.09,21.18,48623.736
1685793600,21.18,21.27,21.09,21.26,50442.417
1685808000,21.26,21.37,21.05,21.07,104731.75
1685822400,21.07,21.21,20.96,21.21,43564.893
1685836800,21.21,21.32,21.04,21.27,45041.298
1685851200,21.26,21.81,21.23,21.6,129686.622
1685865600,21.62,21.73,21.48,21.71,43875.752
1685880000,21.7,22.16,21.69,22.06,233428.897
1685894400,22.05,22.31,21.91,22.22,183275.34900000002
1685908800,22.21,22.33,21.78,21.82,180088.641
1685923200,21.83,22.06,21.51,21.54,143546.04200000002
1685937600,21.53,21.69,21.37,21.66,132867.343
1685952000,21.66,21.7,21.51,21.62,110850.321
1685966400,21.6,21.61,19.91,19.91,690431.9550000001
1685980800,19.9,20.57,19.2,20.04,874573.065
1685995200,20.02,20.15,19.68,20.02,205925.64
1686009600,20.02,20.04,19.71,20.0,127028.692
1686024000,20.0,20.13,19.92,20.11,59712.294
1686038400,20.11,20.13,19.84,19.89,43359.466
1686052800,19.88,20.12,19.24,19.95,491355.18700000003
1686067200,19.95,20.66,19.9,20.59,470036.421
1686081600,20.59,20.71,20.22,20.39,189741.843
1686096000,20.38,20.53,20.02,20.15,154300.325
1686110400,20.15,20.25,19.98,20.02,60352.629
1686124800,20.02,20.1,19.58,19.95,233213.103
1686139200,19.95,19.96,19.27,19.32,271407.743
1686153600,19.33,19.33,18.59,18.98,567167.2509999999
1686168000,18.97,18.99,18.52,18.63,271846.951
1686182400,18.64,18.89,18.25,18.48,117626.523
1686196800,18.49,18.77,18.39,18.66,60951.123999999996
1686211200,18.64,18.84,18.55,18.8,63313.094
1686225600,18.81,19.01,18.72,18.93,103979.625
1686240000,18.93,18.94,18.56,18.87,64489.169
1686254400,18.87,19.11,18.82,18.9,66441.553
1686268800,18.89,18.93,18.6,18.78,37315.426999999996
1686283200,18.77,18.82,18.49,18.6,53224.081
1686297600,18.59,19.38,18.56,19.3,150243.184
1686312000,19.29,19.35,18.5,18.69,301795.677
1686326400,18.69,18.69,17.25,17.37,566367.9369999999
1686340800,17.37,17.74,17.11,17.4,338866.915
1686355200,17.39,17.42,16.0,16.28,482328.452
1686369600,16.28,16.47,13.21,14.46,1240345.426
1686384000,14.44,15.09,14.3,14.92,365628.572
1686398400,14.92,14.93,14.43,14.78,466202.996
1686412800,14.78,15.87,14.54,15.33,469965.391
1686427200,15.35,15.91,15.2,15.64,452263.043
1686441600,15.63,15.8,15.42,15.59,280835.168
1686456000,15.59,15.75,15.31,15.41,175410.78900000002
1686470400,15.41,15.71,15.29,15.53,59416.237
1686484800,15.56,15.69,15.13,15.23,104069.582
1686499200,15.24,16.19,15.15,16.0,172505.32799999998
1686513600,16.0,16.18,15.38,15.54,181362.566
1686528000,15.56,15.6,14.91,15.1,124371.544
1686542400,15.1,15.31,15.01,15.09,59956.115
1686556800,15.09,15.69,15.04,15.41,101815.067
1686571200,15.41,15.47,15.14,15.21,115548.723
1686585600,15.21,15.33,14.74,14.96,317968.81700000004
1686600000,14.95,15.4,14.9,15.18,175645.182
1686614400,15.19,15.52,15.02,15.35,97179.396
1686628800,15.35,15.52,15.13,15.42,57925.386
1686643200,15.42,15.68,15.36,15.64,92203.636
1686657600,15.62,15.99,14.76,14.81,424709.148
1686672000,14.8,15.15,14.77,14.96,183536.72699999998
1686686400,14.96,15.09,14.86,15.03,99626.754
1686700800,15.02,15.3,14.91,15.25,85347.85800000001
1686715200,15.25,15.27,15.01,15.06,55181.659999999996
1686729600,15.05,15.25,15.04,15.21,49070.76
1686744000,15.2,15.29,15.02,15.11,118657.074
1686758400,15.1,15.36,14.9,15.11,171360.935
1686772800,15.09,15.13,14.07,14.48,357991.591
1686787200,14.49,15.06,14.41,14.92,145591.735
1686801600,14.91,14.91,14.61,14.78,64738.891
1686816000,14.77,14.88,14.42,14.62,64029.952000000005
1686830400,14.64,14.77,14.33,14.46,133134.102
1686844800,14.45,14.8,14.15,14.76,132727.944
1686859200,14.76,15.05,14.59,14.77,134433.462
1686873600,14.77,14.86,14.61,14.78,49609.398
1686888000,14.79,14.96,14.77,14.85,53408.686
1686902400,14.85,14.94,14.51,14.55,46520.718
1686916800,14.54,15.05,14.37,14.99,136734.995
1686931200,14.99,15.47,14.86,15.27,533551.013
1686945600,15.26,15.43,15.21,15.32,308686.649
1686960000,15.31,15.43,15.16,15.43,139728.469
1686974400,15.42,16.11,15.36,15.84,180906.931
1686988800,15.84,15.94,15.7,15.76,74876.379
1687003200,15.75,15.91,15.56,15.65,109350.26
1687017600,15.65,15.79,15.61,15.64,65314.004
1687032000,15.65,15.76,15.58,15.65,49546.25
1687046400,15.65,15.66,15.42,15.59,40817.794
1687060800,15.59,15.69,15.48,15.59,43103.857
1687075200,15.59,15.75,15.5,15.71,36473.756
1687089600,15.72,15.79,15.61,15.7,40628.615000000005
1687104000,15.7,15.83,15.68,15.81,86552.962
1687118400,15.82,15.84,15.29,15.43,92156.599
1687132800,15.43,15.58,15.34,15.48,41726.477
1687147200,15.48,15.54,15.42,15.48,36817.272
1687161600,15.46,15.56,15.41,15.55,35664.846
1687176000,15.56,15.7,15.45,15.56,86890.93
1687190400,15.56,15.97,15.44,15.86,148305.375
1687204800,15.86,16.15,15.8,16.1,166702.62
1687219200,16.11,16.29,16.0,16.03,230657.109
1687233600,16.02,16.13,15.92,15.98,46136.572
1687248000,15.97,15.97,15.77,15.92,83273.52900000001
1687262400,15.92,16.08,15.72,15.94,128837.23199999999
1687276800,15.95,16.5,15.85,16.36,315834.55700000003
1687291200,16.36,16.69,16.27,16.66,286366.365
1687305600,16.66,17.21,16.57,16.74,317451.33400000003
1687320000,16.75,16.96,16.71,16.83,135780.235
1687334400,16.83,16.9,16.65,16.79,69568.505
1687348800,16.8,17.11,16.55,16.88,226058.498
1687363200,16.88,17.27,16.82,17.12,458740.282
1687377600,17.13,17.41,16.97,17.23,175079.815
1687392000,17.23,17.75,17.17,17.53,198544.836
1687406400,17.54,17.56,17.13,17.38,104852.903
1687420800,17.37,17.41,16.63,16.86,113370.24100000001
1687435200,16.86,17.16,16.67,16.9,139524.088
1687449600,16.9,17.11,16.79,16.95,151944.679
1687464000,16.94,16.96,16.57,16.63,74444.43
1687478400,16.63,16.8,16.51,16.79,221227.98200000002
1687492800,16.79,16.86,16.68,16.78,53844.426
1687507200,16.78,16.84,16.54,16.6,62838.8
1687521600,16.6,17.15,16.17,16.98,412370.002
1687536000,16.98,17.28,16.88,17.14,575466.189
1687550400,17.14,17.55,16.93,17.14,246400.465
1687564800,17.15,17.55,17.07,17.37,237462.935
1687579200,17.38,17.43,17.03,17.07,67014.45999999999
1687593600,17.08,17.33,17.08,17.23,30661.864999999998
1687608000,17.23,17.4,16.54,16.64,120654.83
1687622400,16.64,16.81,16.42,16.71,95296.218
1687636800,16.7,16.7,16.39,16.66,65399.172
1687651200,16.66,17.0,16.58,17.0,71416.014
1687665600,16.99,17.38,16.94,17.28,168716.736
1687680000,17.28,17.39,17.03,17.24,83687.737
1687694400,17.24,17.3,16.77,17.12,147726.18099999998
1687708800,17.12,17.27,16.88,16.99,165934.765
1687723200,16.99,17.12,16.8,16.97,93376.68699999999
1687737600,16.96,16.97,16.56,16.75,103391.57299999999
1687752000,16.75,17.05,16.62,16.94,96679.436
1687766400,16.93,16.98,16.73,16.92,91571.351
1687780800,16.93,17.12,16.73,16.81,143228.384
1687795200,16.81,16.82,16.13,16.31,278708.29
1687809600,16.31,16.33,15.91,16.28,209728.873
1687824000,16.28,16.52,16.14,16.5,170531.408
1687838400,16.5,16.74,16.34,16.73,118688.596
1687852800,16.74,16.77,16.5,16.7,81810.244
1687867200,16.7,16.83,16.35,16.4,179608.443
1687881600,16.4,16.82,16.35,16.72,173932.56699999998
1687896000,16.71,16.94,16.5,16.63,176892.14500000002
1687910400,16.63,16.65,16.12,16.4,270051.148
1687924800,16.4,16.4,15.9,15.98,219036.543
1687939200,15.98,16.23,15.92,16.21,117699.193
1687953600,16.22,16.53,16.09,16.32,194249.417
1687968000,16.32,16.41,15.7,15.9,331975.123
1687982400,15.91,16.1,15.73,15.98,143422.707
1687996800,15.97,16.18,15.87,16.04,74123.15299999999
1688011200,16.03,16.35,16.0,16.25,119387.693
1688025600,16.25,18.29,16.23,18.05,607834.859
1688040000,18.05,18.24,17.27,17.67,457874.614
1688054400,17.67,17.8,17.52,17.74,134620.915
1688068800,17.74,18.08,17.44,17.99,227026.417
1688083200,17.99,19.09,17.86,18.96,515735.776
1688097600,18.95,19.06,18.42,18.8,203719.604
1688112000,18.8,19.03,18.59,18.88,126831.957
1688126400,18.88,19.56,17.12,18.29,524180.146
1688140800,18.27,19.99,18.17,19.09,510228.913
1688155200,19.09,19.36,18.82,18.85,232294.09999999998
1688169600,18.84,19.01,18.16,18.29,175397.015
1688184000,18.3,18.48,17.9,18.43,135527.861
1688198400,18.45,18.5,18.19,18.33,58553.65
1688212800,18.35,18.57,18.26,18.43,58569.017
1688227200,18.43,18.49,18.26,18.34,68544.658
1688241600,18.34,18.75,18.33,18.7,64623.289
1688256000,18.69,18.91,18.54,18.77,100799.00899999999
1688270400,18.76,19.49,18.57,19.21,191045.453
1688284800,19.23,19.4,19.0,19.04,64581.091
1688299200,19.04,19.4,18.8,19.29,286634.127
1688313600,19.29,19.49,19.08,19.38,182176.419
1688328000,19.38,19.73,19.3,19.46,274591.244
1688342400,19.46,19.65,19.19,19.58,102930.709
1688356800,19.57,19.59,19.23,19.42,41674.023
1688371200,19.42,19.51,19.3,19.47,76271.604
1688385600,19.46,19.5,18.95,19.29,207453.63199999998
1688400000,19.29,19.36,19.03,19.28,149346.011
1688414400,19.28,19.33,18.85,19.27,146594.46600000001
1688428800,19.26,19.51,19.22,19.3,89333.299
1688443200,19.29,19.32,19.07,19.1,62298.473
1688457600,19.1,19.26,19.07,19.25,42317.026
1688472000,19.25,19.94,19.21,19.85,258439.93600000002
1688486400,19.84,19.86,19.31,19.5,216900.798
1688500800,19.49,19.58,19.14,19.15,102158.11300000001
1688515200,19.16,19.3,19.11,19.29,68837.016
1688529600,19.29,19.4,19.2,19.32,42898.652
1688544000,19.33,19.33,18.6,18.71,270937.62799999997
1688558400,18.71,18.92,18.45,18.59,185775.609
1688572800,18.58,18.88,18.51,18.61,101879.155
1688587200,18.61,19.04,18.55,19.0,108355.103
1688601600,18.99,19.75,18.95,19.46,364208.38300000003
1688616000,19.46,19.74,19.33,19.59,117443.606
1688630400,19.59,20.34,19.54,19.91,249388.043
1688644800,19.89,19.92,18.66,19.72,584212.44
1688659200,19.71,20.95,19.5,20.88,641302.116
1688673600,20.89,20.98,19.6,19.6,372267.966
1688688000,19.59,20.51,19.45,20.2,349864.477
1688702400,20.21,20.31,19.31,19.46,212800.57799999998
1688716800,19.44,20.34,19.26,20.18,161456.85499999998
1688731200,20.17,21.5,20.16,21.23,562278.2509999999
1688745600,21.22,21.5,21.03,21.44,276939.069
1688760000,21.43,21.75,21.16,21.51,203098.91100000002
1688774400,21.51,22.0,21.45,21.69,197040.285
1688788800,21.7,22.03,21.32,21.99,164242.24599999998
1688803200,21.98,22.49,21.8,21.94,169123.568
1688817600,21.94,21.98,21.39,21.51,186124.18699999998
1688832000,21.53,22.01,21.43,21.63,345817.24
1688846400,21.62,21.97,21.42,21.81,223867.314
1688860800,21.83,22.38,21.53,21.68,280252.598
1688875200,21.67,21.88,21.42,21.56,52856.814
1688889600,21.57,21.89,21.52,21.62,32246.803
1688904000,21.61,21.85,21.14,21.24,165467.241
1688918400,21.27,21.41,21.17,21.3,73433.974
1688932800,21.3,21.48,20.99,21.33,117148.034
1688947200,21.33,21.38,20.8,21.24,166982.043
1688961600,21.27,21.27,20.57,20.73,77574.054
1688976000,20.74,20.88,20.49,20.8,63389.049000000006
1688990400,20.81,21.3,20.65,21.16,132838.65399999998
1689004800,21.16,21.61,20.91,21.59,207561.869
1689019200,21.6,21.8,21.03,21.3,429934.462
1689033600,21.29,21.8,21.21,21.74,157484.871
1689048000,21.74,22.23,21.71,22.12,171305.849
1689062400,22.11,22.15,21.84,22.04,76071.318
1689076800,22.04,22.37,21.86,22.13,313686.30199999997
1689091200,22.14,22.19,21.9,21.98,94907.478
1689105600,21.98,22.11,21.74,22.07,102601.55900000001
1689120000,22.07,22.28,21.89,21.92,97117.306
1689134400,21.92,22.17,21.86,22.03,49501.418
1689148800,22.03,22.17,21.95,22.13,49142.409
1689163200,22.12,22.79,21.98,22.41,793000.293
1689177600,22.41,22.46,21.74,21.84,261914.58899999998
1689192000,21.84,22.13,21.76,21.93,113796.752
1689206400,21.94,22.02,21.55,21.65,126833.258
1689220800,21.65,21.95,21.43,21.77,77043.622
1689235200,21.76,22.48,21.72,22.41,117502.51499999998
1689249600,22.42,25.99,22.12,24.05,742126.77
1689264000,24.08,26.82,24.08,26.24,1689464.3360000001
1689278400,26.22,26.24,25.38,26.03,365958.849
1689292800,26.03,32.4,25.63,28.55,1515138.738
1689307200,28.56,28.88,28.24,28.73,346298.451
1689321600,28.72,29.68,27.6,28.06,322078.551
1689336000,28.06,28.37,27.38,28.19,480431.791
1689350400,28.19,28.26,25.58,26.1,1154586.529
1689364800,26.09,26.94,25.23,26.7,376390.094
1689379200,26.7,27.98,26.49,27.15,484352.836
1689393600,27.15,28.96,27.12,28.74,258197.424
1689408000,28.74,29.11,28.47,28.93,208335.75900000002
1689422400,28.93,29.03,27.43,27.57,479535.265
1689436800,27.56,28.2,27.06,27.91,348911.84500000003
1689451200,27.9,27.91,27.2,27.47,107900.593
1689465600,27.48,27.95,26.5,27.04,224717.352
1689480000,27.03,27.95,27.03,27.71,88162.769
1689494400,27.71,28.3,27.65,28.07,112374.33
1689508800,28.07,28.6,27.94,28.11,573992.516
1689523200,28.11,28.14,27.34,27.38,235419.68899999998
1689537600,27.38,27.79,27.09,27.43,166246.837
1689552000,27.42,28.44,27.24,28.02,244955.85700000002
1689566400,28.01,28.48,27.43,27.66,141004.707
1689580800,27.64,27.65,26.55,27.14,236641.604
1689595200,27.14,27.4,26.4,27.02,467073.00399999996
1689609600,27.0,27.25,25.63,26.19,467545.489
1689624000,26.19,27.02,26.16,26.81,366325.41099999996
1689638400,26.81,27.1,26.44,26.57,222200.301
1689652800,26.56,26.63,25.68,25.72,168750.937
1689667200,25.72,26.27,24.9,25.01,322965.19
1689681600,25.02,25.68,24.75,25.53,562110.867
1689696000,25.52,25.78,24.86,25.29,336452.131
1689710400,25.29,25.59,25.04,25.56,178712.65899999999
1689724800,25.56,26.58,25.36,26.41,337122.779
1689739200,26.41,26.54,26.08,26.21,97970.36
1689753600,26.2,26.51,25.71,26.48,124770.361
1689768000,26.48,26.75,25.85,26.41,362042.007
1689782400,26.41,26.93,26.19,26.78,344672.191
1689796800,26.78,26.99,26.25,26.3,247534.80099999998
1689811200,26.3,26.82,26.13,26.49,86284.033
1689825600,26.5,26.94,26.32,26.86,77112.14199999999
1689840000,26.87,27.35,26.81,27.16,227872.719
1689854400,27.16,27.25,25.56,25.68,413560.802
1689868800,25.69,25.77,25.2,25.39,379666.929
1689883200,25.38,25.66,25.03,25.37,207656.852
1689897600,25.36,25.63,25.09,25.48,126717.985
1689912000,25.48,25.51,25.13,25.18,85266.672
1689926400,25.18,25.48,25.07,25.27,59339.892
1689940800,25.28,25.6,25.24,25.31,174701.64
1689955200,25.3,26.03,25.18,25.83,309664.448
1689969600,25.83,25.91,25.46,25.52,185596.893
1689984000,25.52,25.97,25.45,25.84,89363.41799999999
1689998400,25.84,25.87,25.61,25.77,36413.699
1690012800,25.78,25.89,25.41,25.61,43690.403
1690027200,25.6,25.76,25.51,25.7,77575.061
1690041600,25.69,25.75,25.23,25.3,103561.66900000001
1690056000,25.3,25.37,24.06,24.54,257872.15
1690070400,24.53,24.8,24.16,24.71,256360.844
1690084800,24.72,24.91,24.62,24.69,148986.174
1690099200,24.7,24.86,24.62,24.67,72792.558
1690113600,24.67,24.72,24.52,24.69,63249.19
1690128000,24.69,25.26,24.69,24.89,164245.287
1690142400,24.9,25.0,24.52,24.77,89402.486
1690156800,24.76,24.84,24.23,24.34,158304.547
1690171200,24.33,24.69,24.07,24.57,55970.182
1690185600,24.58,24.64,23.25,23.63,207327.716
1690200000,23.62,23.68,22.83,23.2,488634.498
1690214400,23.19,23.45,23.05,23.3,157118.671
1690228800,23.29,23.61,23.24,23.37,114812.025
1690243200,23.37,23.53,23.15,23.37,86143.668
1690257600,23.38,23.41,22.96,23.1,74361.844
1690272000,23.09,23.4,23.02,23.17,73487.216
1690286400,23.16,23.59,22.74,23.21,313816.50800000003
1690300800,23.22,23.46,23.07,23.16,143555.26799999998
1690315200,23.16,23.36,23.12,23.28,140564.617
1690329600,23.28,23.71,23.17,23.51,198940.218
1690344000,23.51,23.63,23.38,23.48,94614.301
1690358400,23.48,23.97,23.44,23.82,121429.861
1690372800,23.82,25.0,23.8,24.93,424716.812
1690387200,24.91,25.67,24.52,25.38,430248.58900000004
1690401600,25.37,25.58,25.06,25.18,195051.51799999998
1690416000,25.18,25.53,24.67,24.93,324781.55
1690430400,24.93,25.36,24.92,25.02,71501.228
1690444800,25.01,25.49,24.92,25.39,110365.00100000002
1690459200,25.39,25.66,25.03,25.15,231295.016
1690473600,25.16,25.34,24.71,24.94,202609.366
1690488000,24.94,25.24,24.75,25.1,123639.332
1690502400,25.09,25.38,24.82,24.93,124637.932
1690516800,24.93,25.02,24.55,24.61,134111.671
1690531200,24.61,24.82,24.48,24.63,76935.105
1690545600,24.62,25.54,24.62,25.22,244166.647
1690560000,25.22,25.43,24.82,25.05,216962.718
1690574400,25.03,25.12,24.81,24.81,72342.984
1690588800,24.82,25.2,24.74,25.14,118092.905
1690603200,25.13,25.24,25.03,25.06,65480.041
1690617600,25.05,25.17,24.93,24.96,62676.113
1690632000,24.96,25.2,24.92,25.09,59085.513999999996
1690646400,25.07,25.35,25.02,25.22,92907.84599999999
1690660800,25.22,25.39,25.14,25.17,88625.97200000001
1690675200,25.16,25.21,25.01,25.03,77632.293
1690689600,25.02,25.12,24.84,24.93,62634.61
1690704000,24.93,25.05,24.83,24.97,54549.348
1690718400,24.96,25.07,24.72,24.88,75057.342
1690732800,24.9,24.99,24.05,24.24,248724.64500000002
1690747200,24.22,24.33,23.53,24.25,233487.908
1690761600,24.25,24.81,24.11,24.63,143385.12900000002
1690776000,24.64,24.69,24.38,24.5,76396.498
1690790400,24.5,24.6,24.36,24.45,74751.054
1690804800,24.45,24.69,23.87,23.93,231842.392
1690819200,23.92,24.15,23.51,23.67,181407.901
1690833600,23.67,23.93,23.55,23.73,113447.25
1690848000,23.72,23.98,22.85,23.39,269990.128
1690862400,23.39,23.63,23.26,23.48,89302.014
1690876800,23.48,23.62,23.29,23.32,97081.618
1690891200,23.33,23.46,22.8,23.24,175797.714
1690905600,23.24,23.78,23.18,23.61,174313.12
1690920000,23.61,24.06,23.45,24.05,130198.944
1690934400,24.05,24.27,23.62,23.66,287765.527
1690948800,23.66,23.8,23.57,23.62,68630.776
1690963200,23.62,23.71,23.42,23.67,61268.8
1690977600,23.68,23.71,23.09,23.25,221558.817
1690992000,23.24,23.32,22.86,23.17,201608.77000000002
1691006400,23.16,23.31,22.99,23.14,63891.214
1691020800,23.13,23.38,23.05,23.23,56710.344
1691035200,23.24,23.28,22.5,22.69,143729.61299999998
1691049600,22.69,22.84,22.5,22.73,89919.143
1691064000,22.73,23.08,22.58,22.77,138939.133
1691078400,22.78,23.06,22.68,22.87,80365.417
1691092800,22.86,23.1,22.5,22.62,142863.671
1691107200,22.63,22.77,22.5,22.74,92125.279
1691121600,22.74,22.99,22.63,22.94,77265.236
1691136000,22.95,23.05,22.8,22.89,56335.034
1691150400,22.88,23.55,22.83,23.34,290842.7
1691164800,23.34,23.45,22.74,22.9,202151.385
1691179200,22.91,23.0,22.5,22.77,119465.852
1691193600,22.77,22.79,22.46,22.69,102599.148
1691208000,22.7,22.84,22.54,22.74,29703.252
1691222400,22.73,22.91,22.68,22.76,56912.859000000004
1691236800,22.76,22.79,22.47,22.58,58289.823000000004
1691251200,22.58,22.67,22.21,22.58,85430.07800000001
1691265600,22.57,22.68,22.47,22.63,43244.176999999996
1691280000,22.63,22.88,22.56,22.82,104153.197
1691294400,22.81,23.1,22.8,23.0,64457.925
1691308800,23.0,23.44,22.97,23.18,85969.034
1691323200,23.21,23.23,22.81,22.98,42025.088
1691337600,23.0,23.26,22.89,23.18,55015.552
1691352000,23.19,23.36,23.04,23.17,54905.489
1691366400,23.16,23.63,22.99,23.27,77054.084
1691380800,23.26,23.39,22.93,23.11,72608.364
1691395200,23.1,23.12,22.97,23.06,41628.270000000004
1691409600,23.06,23.12,22.63,22.72,89363.378
1691424000,22.72,23.04,22.3,22.95,140375.366
1691438400,22.95,23.11,22.89,23.11,56659.036
1691452800,23.1,23.26,23.0,23.13,126016.92199999999
1691467200,23.13,23.36,23.08,23.2,39222.928
1691481600,23.21,23.36,23.13,23.36,32297.642
1691496000,23.36,23.9,23.17,23.72,307519.43
1691510400,23.72,24.78,23.7,24.59,379684.499
1691524800,24.59,24.66,23.99,24.21,385185.59400000004
1691539200,24.2,24.47,24.16,24.3,93922.286
1691553600,24.3,24.63,24.25,24.57,53982.677
1691568000,24.56,24.97,24.52,24.87,172768.24300000002
1691582400,24.87,25.01,24.43,24.53,291896.81
1691596800,24.54,24.59,24.21,24.27,138582.731
1691611200,24.28,24.46,24.09,24.37,91077.554
1691625600,24.37,24.53,24.19,24.22,84099.205
1691640000,24.22,24.37,24.11,24.3,51984.937000000005
1691654400,24.3,24.48,24.21,24.38,45780.495
1691668800,24.37,25.02,24.34,24.53,162197.086
1691683200,24.53,24.61,24.34,24.56,113061.13100000001
1691697600,24.57,24.73,24.51,24.6,69343.667
1691712000,24.6,24.9,24.6,24.66,88777.086
1691726400,24.66,24.8,24.43,24.46,102640.72
1691740800,24.45,24.54,24.35,24.51,50624.055
1691755200,24.5,24.84,24.37,24.52,125627.60699999999
1691769600,24.51,24.64,24.31,24.41,108001.41
1691784000,24.42,24.62,24.35,24.61,39624.671
1691798400,24.61,24.75,24.38,24.46,98124.769
1691812800,24.45,24.55,24.39,24.53,23146.307
1691827200,24.52,24.54,24.43,24.53,20390.037
1691841600,24.53,24.69,24.5,24.65,52042.884
1691856000,24.65,24.85,24.63,24.74,119923.592
1691870400,24.73,25.19,24.71,24.91,122619.064
1691884800,24.92,24.95,24.69,24.89,48103.82
1691899200,24.89,24.91,24.64,24.75,34247.619999999995
1691913600,24.74,24.86,24.66,24.68,18910.023999999998
1691928000,24.68,24.76,24.5,24.57,87277.085
1691942400,24.58,24.68,24.4,24.65,58440.246
1691956800,24.66,24.66,24.18,24.21,76409.83899999999
1691971200,24.21,24.4,24.05,24.37,77783.615
1691985600,24.37,24.5,24.35,24.39,46880.942
1692000000,24.39,24.56,24.38,24.5,29919.844
1692014400,24.5,24.89,24.3,24.81,212567.387
1692028800,24.81,25.29,24.52,24.79,217302.838
1692043200,24.8,25.23,24.74,25.18,143636.323
1692057600,25.18,25.39,24.86,24.97,130266.121
1692072000,24.96,25.04,24.7,24.85,47634.08
1692086400,24.85,25.03,24.71,24.79,57608.175
1692100800,24.79,24.97,24.65,24.69,86188.381
1692115200,24.7,24.81,23.71,24.03,422525.076
1692129600,24.02,24.13,23.72,23.87,252045.927
1692144000,23.87,24.01,23.59,23.66,135383.35700000002
1692158400,23.66,23.75,23.33,23.42,116338.294
1692172800,23.42,23.55,23.19,23.48,97729.323
1692187200,23.48,23.48,22.9,23.05,219164.45799999998
1692201600,23.05,23.62,22.87,23.31,277923.901
1692216000,23.31,23.39,22.37,22.79,287939.46
1692230400,22.79,23.41,22.44,23.29,181135.59600000002
1692244800,23.28,23.36,23.18,23.22,59365.765999999996
1692259200,23.22,23.28,22.96,23.06,51975.779
1692273600,23.06,23.4,22.55,22.85,220383.981
1692288000,22.85,23.3,22.59,23.06,175425.903
1692302400,23.07,23.1,20.5,21.68,712900.581
1692316800,21.67,22.03,21.31,21.56,205272.978
1692331200,21.55,22.2,21.4,22.08,140359.93
1692345600,22.08,22.18,21.8,22.02,81523.258
1692360000,22.02,22.05,21.55,21.58,176393.549
1692374400,21.59,21.74,20.9,21.26,227898.997
1692388800,21.27,21.49,21.21,21.33,116880.169
1692403200,21.33,21.66,21.29,21.42,67796.225
1692417600,21.41,21.84,21.36,21.82,60737.712
1692432000,21.82,21.87,21.59,21.64,35498.619
1692446400,21.64,21.98,21.62,21.98,76955.769
1692460800,21.97,22.17,21.78,21.88,104416.477
1692475200,21.88,21.91,21.71,21.89,69277.626
1692489600,21.9,21.96,21.75,21.81,35593.073
1692504000,21.8,21.82,21.57,21.74,44206.609
1692518400,21.74,22.03,21.64,21.97,33751.406
1692532800,21.97,21.98,21.67,21.79,40596.19
1692547200,21.8,21.88,21.58,21.8,73586.52799999999
1692561600,21.8,21.95,21.72,21.78,56058.682
1692576000,21.78,21.78,21.34,21.41,80659.176
1692590400,21.41,21.69,21.28,21.33,62950.664000000004
1692604800,21.34,21.35,20.96,21.22,92976.12100000001
1692619200,21.22,21.4,20.31,20.71,206467.82200000001
1692633600,20.72,21.38,20.67,21.28,172770.027
1692648000,21.28,21.41,21.18,21.2,103186.186
1692662400,21.2,21.27,21.03,21.1,55578.340000000004
1692676800,21.09,21.18,20.95,21.16,52960.941999999995
1692691200,21.17,21.2,20.92,20.93,40175.867
1692705600,20.92,21.07,20.54,20.68,110914.61
1692720000,20.67,20.72,19.99,20.05,343176.179
1692734400,20.06,20.68,19.29,20.58,262826.07
1692748800,20.57,20.75,20.46,20.59,116649.864
1692763200,20.59,20.89,20.48,20.75,103176.706
1692777600,20.75,20.91,20.6,20.61,50065.979
1692792000,20.61,20.98,20.34,20.92,122803.33899999999
1692806400,20.92,21.68,20.89,21.49,318324.754
1692820800,21.51,21.81,21.26,21.73,179710.935
1692835200,21.74,21.82,21.59,21.76,74391.662
1692849600,21.76,22.03,21.67,21.73,95399.776
1692864000,21.73,21.91,21.62,21.78,58214.405
1692878400,21.78,21.78,21.01,21.03,222951.317
1692892800,21.03,21.2,20.73,20.91,109510.501
1692907200,20.92,21.08,20.67,21.05,83040.956
1692921600,21.04,21.05,20.47,20.74,70400.542
1692936000,20.73,20.76,20.42,20.56,75379.245
1692950400,20.55,20.76,20.55,20.67,51355.397
1692964800,20.68,20.88,20.24,20.34,184598.75699999998
1692979200,20.34,20.46,20.08,20.23,152883.049
1692993600,20.23,20.43,20.17,20.42,91454.79
1693008000,20.41,20.42,20.21,20.39,34820.642
1693022400,20.4,20.43,20.2,20.31,31181.334000000003
1693036800,20.3,20.35,20.23,20.3,21984.761
1693051200,20.3,20.39,20.17,20.37,38823.616
1693065600,20.38,20.39,20.19,20.33,42225.447
1693080000,20.33,20.37,20.23,20.27,25816.337
1693094400,20.27,20.39,20.23,20.28,20741.191
1693108800,20.29,20.42,20.28,20.37,18165.959000000003
1693123200,20.37,20.73,20.37,20.57,39145.178
1693137600,20.57,20.91,20.54,20.74,77949.37700000001
1693152000,20.74,20.79,20.55,20.77,67732.843
1693166400,20.77,20.83,20.62,20.79,43867.903
1693180800,20.78,20.78,20.42,20.48,55467.967000000004
1693195200,20.47,20.5,20.2,20.38,39276.706
1693209600,20.37,20.39,20.03,20.36,126089.147
1693224000,20.36,20.78,20.33,20.52,130505.783
1693238400,20.53,20.68,20.36,20.47,85799.365
1693252800,20.47,20.63,20.36,20.55,45127.394
1693267200,20.55,20.75,20.42,20.49,52169.583
1693281600,20.48,20.51,20.21,20.26,41831.611000000004
1693296000,20.25,20.33,20.11,20.14,53411.842
1693310400,20.14,22.02,20.11,21.31,533986.954
1693324800,21.33,21.95,21.18,21.58,254886.73500000002
1693339200,21.58,21.97,21.58,21.79,405149.24
1693353600,21.79,21.99,21.5,21.64,131711.78100000002
1693368000,21.63,21.75,21.55,21.63,46406.156
1693382400,21.63,21.72,21.39,21.42,71183.255
1693396800,21.41,21.52,20.67,20.83,230042.322
1693411200,20.83,20.85,20.6,20.68,167697.937
1693425600,20.68,20.9,20.65,20.82,57308.225
1693440000,20.81,20.82,20.61,20.64,79085.999
1693454400,20.65,20.84,20.63,20.78,55912.209
1693468800,20.78,21.07,20.68,20.88,48471.819
1693483200,20.89,20.89,20.21,20.32,376768.849
1693497600,20.34,20.34,19.42,19.83,727199.641
1693512000,19.82,19.84,19.44,19.73,190344.508
1693526400,19.72,19.92,19.69,19.88,85065.496
1693540800,19.88,19.93,19.76,19.8,94930.365
1693555200,19.79,19.91,19.72,19.84,65786.199
1693569600,19.84,19.93,19.27,19.38,231708.266
1693584000,19.39,19.55,19.02,19.26,230579.095
1693598400,19.27,19.5,19.21,19.33,99677.367
1693612800,19.32,19.59,19.31,19.57,64307.742000000006
1693627200,19.57,19.65,19.44,19.57,38591.211
1693641600,19.57,19.66,19.49,19.57,37530.241
1693656000,19.57,19.69,19.37,19.56,52424.675
1693670400,19.56,19.6,19.13,19.4,90645.99100000001
1693684800,19.4,19.55,19.36,19.49,25802.272
1693699200,19.49,19.67,19.46,19.63,66640.541
1693713600,19.63,19.64,19.48,19.53,27974.185999999998
1693728000,19.53,19.53,19.32,19.42,23868.532
1693742400,19.43,19.57,19.29,19.34,72567.467
1693756800,19.33,19.57,19.23,19.48,51102.554000000004
1693771200,19.49,19.64,19.43,19.57,69878.288
1693785600,19.57,20.03,19.56,19.75,99426.797
1693800000,19.74,19.86,19.62,19.77,66016.003
1693814400,19.78,19.88,19.58,19.58,47193.791
1693828800,19.57,19.63,19.23,19.39,90714.53
1693843200,19.4,19.53,19.32,19.42,54464.274000000005
1693857600,19.42,19.52,19.16,19.52,53326.344
1693872000,19.51,19.56,19.03,19.21,92481.623
1693886400,19.21,19.46,19.21,19.39,35730.778
1693900800,19.4,19.61,19.24,19.54,65347.393
1693915200,19.54,20.6,19.47,20.39,301072.892
1693929600,20.4,20.57,20.15,20.23,174891.566
1693944000,20.23,20.34,20.06,20.26,207696.853
1693958400,20.26,20.37,20.08,20.14,114266.675
1693972800,20.13,20.16,19.68,19.72,84066.46
1693987200,19.72,19.87,19.69,19.75,78616.863
1694001600,19.74,19.83,19.14,19.38,182630.891
1694016000,19.38,19.86,19.14,19.46,153287.27200000003
1694030400,19.46,19.66,19.46,19.64,57525.189
1694044800,19.63,19.8,19.56,19.75,73756.378
1694059200,19.77,19.82,19.53,19.55,42399.6
1694073600,19.54,19.61,19.35,19.39,128982.54000000001
1694088000,19.38,19.62,19.32,19.52,53717.238
1694102400,19.52,19.75,19.52,19.67,96077.779
1694116800,19.66,20.0,19.61,19.91,145371.077
1694131200,19.92,20.28,19.84,20.01,116255.52900000001
1694145600,20.02,20.09,19.83,19.92,41392.256
1694160000,19.92,19.92,19.37,19.55,101624.104
1694174400,19.54,19.69,19.49,19.52,88914.796
1694188800,19.52,19.58,19.39,19.57,61260.861000000004
1694203200,19.56,19.64,19.47,19.61,50942.093
1694217600,19.61,19.61,19.47,19.54,39816.559
1694232000,19.54,19.59,19.45,19.45,40331.89
1694246400,19.46,19.57,19.44,19.57,27192.731
1694260800,19.57,19.58,19.47,19.53,24491.432
1694275200,19.52,19.58,19.37,19.44,42256.443
1694289600,19.44,19.54,19.42,19.44,27654.749
1694304000,19.44,19.44,19.2,19.21,53459.096
1694318400,19.2,19.21,18.01,18.53,321024.353
1694332800,18.52,18.52,18.25,18.34,71742.88
1694347200,18.33,18.45,17.8,18.22,401569.04799999995
1694361600,18.22,18.26,17.83,18.19,202346.287
1694376000,18.17,18.6,18.13,18.23,175205.812
1694390400,18.23,18.46,17.99,18.35,194740.427
1694404800,18.35,18.43,18.14,18.2,47052.886
1694419200,18.2,18.21,17.37,17.66,182969.34100000001
1694433600,17.66,18.0,17.34,17.83,467335.658
1694448000,17.82,17.98,17.42,17.51,169744.945
1694462400,17.5,17.75,17.42,17.72,201305.342
1694476800,17.72,18.5,17.56,18.18,219621.69
1694491200,18.18,18.27,17.85,17.98,176948.948
1694505600,17.98,18.8,17.93,18.3,119126.32699999999
1694520000,18.31,18.41,17.91,18.0,304756.26
1694534400,18.0,18.3,17.69,17.94,214243.394
1694548800,17.93,18.07,17.87,17.92,88354.72099999999
1694563200,17.92,18.18,17.79,17.83,91994.755
1694577600,17.82,18.57,17.69,17.89,97293.55900000001
1694592000,17.9,18.29,17.86,18.17,66810.056
1694606400,18.19,18.54,17.97,18.39,297289.532
1694620800,18.39,18.54,17.89,18.35,380780.57
1694635200,18.35,18.52,18.25,18.4,126058.274
1694649600,18.4,19.32,18.39,18.93,429612.26
1694664000,18.94,18.95,18.58,18.79,117664.45499999999
1694678400,18.79,18.91,18.54,18.85,104169.539
1694692800,18.85,19.19,18.76,18.99,162204.054
1694707200,18.99,19.12,18.87,19.05,85466.198
1694721600,19.05,19.1,18.79,18.86,78909.375
1694736000,18.86,19.19,18.73,19.16,152482.012
1694750400,19.16,19.3,19.04,19.09,102682.98800000001
1694764800,19.09,19.25,19.0,19.02,43458.486000000004
1694779200,19.01,19.07,18.73,18.88,101687.51800000001
1694793600,18.88,18.91,18.56,18.74,198897.24
1694808000,18.73,19.49,18.67,19.14,220947.39299999998
1694822400,19.15,19.46,19.06,19.21,126243.726
1694836800,19.22,19.38,19.06,19.11,45957.068
1694851200,19.11,19.25,19.03,19.15,37683.07
1694865600,19.15,19.2,18.88,18.97,100235.623
1694880000,18.97,19.14,18.93,18.97,62657.972
1694894400,18.96,19.15,18.96,19.13,36905.424
1694908800,19.13,19.14,18.75,19.03,61498.106
1694923200,19.04,19.06,18.9,18.91,23828.288
1694937600,18.9,19.11,18.88,19.02,28384.494000000002
1694952000,19.04,19.09,18.96,19.0,19811.311999999998
1694966400,18.99,19.0,18.77,18.9,45119.025
1694980800,18.9,18.9,18.65,18.81,62717.099
1694995200,18.82,19.28,18.6,19.21,133303.668
1695009600,19.23,19.31,19.0,19.12,40792.252
1695024000,19.13,19.74,19.09,19.59,155374.561
1695038400,19.6,20.16,19.55,19.95,388932.236
1695052800,19.96,20.06,19.51,19.79,298579.20900000003
1695067200,19.79,19.89,19.61,19.66,120986.87
1695081600,19.64,19.99,19.58,19.98,92419.599
1695096000,19.98,19.99,19.75,19.81,37773.298
1695110400,19.8,20.4,19.77,20.22,179649.519
1695124800,20.21,20.22,19.83,20.14,177102.75
1695139200,20.14,20.17,19.84,19.95,96924.92599999999
1695153600,19.94,20.1,19.85,20.04,66723.505
1695168000,20.03,20.24,19.85,19.92,114139.831
1695182400,19.91,19.98,19.81,19.96,53840.716
1695196800,19.95,20.17,19.88,20.06,48122.898
1695211200,20.06,20.38,19.9,20.2,232167.72100000002
1695225600,20.2,20.5,19.89,20.12,268249.406
1695240000,20.12,20.46,20.1,20.29,127130.951
1695254400,20.3,20.3,19.92,20.19,139784.407
1695268800,20.19,20.19,19.76,19.93,82829.346
1695283200,19.92,19.97,19.35,19.58,286505.02
1695297600,19.58,19.65,19.27,19.61,408552.779
1695312000,19.6,19.71,19.54,19.63,75833.701
1695326400,19.62,19.63,19.43,19.46,72291.62700000001
1695340800,19.45,19.68,19.25,19.67,184753.294
1695355200,19.66,19.73,19.54,19.64,47766.248
1695369600,19.63,19.79,19.59,19.69,37503.485
1695384000,19.68,19.7,19.45,19.46,76689.567
1695398400,19.47,19.5,19.3,19.35,71183.289
1695412800,19.36,19.49,19.16,19.42,81929.364
1695427200,19.42,19.58,19.29,19.38,37991.411
1695441600,19.38,19.54,19.32,19.52,95635.823
1695456000,19.52,19.54,19.44,19.52,25915.181
1695470400,19.52,19.54,19.3,19.32,51530.761
1695484800,19.31,19.5,19.28,19.48,38547.419
1695499200,19.47,19.49,19.39,19.48,23993.44
1695513600,19.48,19.65,19.43,19.57,53616.373
1695528000,19.57,19.64,19.49,19.63,47747.643000000004
1695542400,19.62,19.67,19.53,19.6,18872.134000000002
1695556800,19.6,19.65,19.44,19.52,51595.602
1695571200,19.53,19.65,19.44,19.47,30842.976
1695585600,19.46,19.54,19.21,19.36,34702.355
1695600000,19.36,19.61,19.09,19.47,147248.143
1695614400,19.49,19.55,19.34,19.49,42209.688
1695628800,19.49,19.57,19.4,19.53,41376.066
1695643200,19.54,19.67,19.44,19.56,208425.00999999998
1695657600,19.57,19.74,19.46,19.52,51359.513
1695672000,19.52,19.56,19.35,19.39,46250.357
1695686400,19.39,19.52,19.28,19.44,58068.844
1695700800,19.44,19.48,19.3,19.31,56804.059
1695715200,19.32,19.43,19.24,19.37,52641.349
1695729600,19.38,19.4,19.11,19.16,91662.361
1695744000,19.16,19.29,19.11,19.23,113024.095
1695758400,19.23,19.25,18.83,19.01,149979.64299999998
1695772800,19.01,19.12,18.92,19.02,68719.20599999999
1695787200,19.01,19.03,18.88,18.94,45164.055
1695801600,18.93,19.46,18.85,19.38,132060.827
1695816000,19.38,19.46,18.76,18.93,528507.41
1695830400,18.93,19.02,18.73,18.96,93498.806
1695844800,18.96,19.15,18.87,19.12,75911.538
1695859200,19.12,19.4,19.08,19.19,116242.812
1695873600,19.19,19.22,19.15,19.2,246431.43199999997
1695888000,19.2,19.27,19.1,19.15,226913.088
1695902400,19.15,19.61,19.14,19.59,142875.178
1695916800,19.58,19.75,19.44,19.71,232549.53
1695931200,19.71,20.05,19.59,19.98,205421.753
1695945600,19.98,20.33,19.86,20.2,155440.195
1695960000,20.2,20.35,20.04,20.26,76582.91
1695974400,20.27,20.31,20.03,20.08,35196.739
1695988800,20.07,20.5,20.02,20.34,162834.605
1696003200,20.35,20.35,20.08,20.24,55251.856
1696017600,20.24,20.38,20.2,20.27,79734.895
1696032000,20.28,20.45,20.22,20.23,62442.896
1696046400,20.23,20.35,20.08,20.32,37192.633
1696060800,20.32,20.39,20.27,20.28,28953.667
1696075200,20.29,21.65,20.29,21.44,492783.377
1696089600,21.43,21.8,21.25,21.41,168996.646
1696104000,21.4,21.47,21.24,21.36,57487.897999999994
1696118400,21.36,21.43,21.13,21.21,86794.487
1696132800,21.21,21.41,21.17,21.38,30144.675
1696147200,21.37,24.2,21.36,22.99,240961.04499999998
1696161600,22.98,23.45,22.83,23.09,382546.56799999997
1696176000,23.09,23.09,22.45,22.73,166108.911
1696190400,22.72,24.49,22.6,23.87,443640.696
1696204800,23.88,24.34,23.57,24.1,226460.809
1696219200,24.1,24.8,24.1,24.34,305382.981
1696233600,24.33,24.52,23.78,23.83,300878.881
1696248000,23.83,24.49,23.6,24.08,299837.551
1696262400,24.08,24.3,23.02,23.83,363772.351
1696276800,23.83,23.83,22.9,23.36,182941.37600000002
1696291200,23.39,23.78,23.3,23.66,98782.114
1696305600,23.66,24.25,23.49,23.83,97830.558
1696320000,23.82,24.42,23.78,23.92,117069.93100000001
1696334400,23.93,24.76,23.77,23.98,394005.301
1696348800,24.0,24.34,23.45,23.52,196927.785
1696363200,23.53,23.75,23.22,23.62,233368.352
1696377600,23.62,23.66,22.8,23.12,181534.177
1696392000,23.11,23.23,22.79,23.17,60524.692
1696406400,23.16,23.85,23.11,23.58,107230.691
1696420800,23.59,23.64,22.68,22.7,214151.82400000002
1696435200,22.69,23.28,22.58,22.92,160041.88400000002
1696449600,22.93,23.36,22.85,23.14,160062.57
1696464000,23.14,23.97,23.03,23.24,256539.00199999998
1696478400,23.24,23.5,22.84,23.01,69429.402
1696492800,23.0,23.35,22.9,23.22,43543.723
1696507200,23.23,23.59,22.64,22.82,160883.794
1696521600,22.82,23.07,22.55,22.82,168679.747
1696536000,22.81,22.87,22.63,22.7,58546.861
1696550400,22.7,23.34,22.67,23.2,85264.928
1696564800,23.18,23.44,22.95,23.34,80705.622
1696579200,23.33,23.56,23.09,23.19,67943.161
1696593600,23.18,23.73,22.71,23.52,238678.244
1696608000,23.52,23.76,23.35,23.44,126954.957
1696622400,23.43,23.79,23.31,23.43,147920.322
1696636800,23.42,23.75,23.35,23.7,63184.917
1696651200,23.69,24.2,23.49,23.54,134985.922
1696665600,23.54,23.85,23.4,23.5,78722.133
1696680000,23.5,23.59,23.32,23.36,72852.157
1696694400,23.35,23.47,23.1,23.14,64755.339
1696708800,23.14,23.37,23.14,23.31,67510.56
1696723200,23.3,23.64,23.18,23.54,70056.825
1696737600,23.55,23.57,23.21,23.35,36352.706
1696752000,23.35,23.54,23.18,23.24,30459.578
1696766400,23.25,23.52,23.09,23.51,49750.853
1696780800,23.5,23.57,23.27,23.34,57551.407
1696795200,23.34,23.5,23.18,23.24,29078.381
1696809600,23.23,23.32,23.1,23.26,104078.25399999999
1696824000,23.26,23.38,22.88,23.0,49907.178
1696838400,23.01,23.02,22.1,22.18,176409.745
1696852800,22.19,22.4,22.07,22.22,119888.362
1696867200,22.2,22.44,21.61,22.21,192265.177
1696881600,22.21,22.26,22.01,22.1,42499.176
1696896000,22.11,22.26,21.9,22.16,104202.436
1696910400,22.15,22.4,22.05,22.33,21508.975
1696924800,22.33,22.45,22.12,22.12,35970.575
1696939200,22.13,22.48,21.93,21.98,111805.549
1696953600,21.98,22.08,21.71,22.04,141715.012
1696968000,22.03,22.2,21.81,22.11,55532.509999999995
1696982400,22.11,22.3,21.78,21.98,110760.6
1696996800,21.99,22.37,21.96,22.02,182139.18999999997
1697011200,22.01,22.42,22.0,22.14,158508.465
1697025600,22.14,22.34,21.89,21.98,173468.227
1697040000,21.98,22.04,21.61,21.9,134461.275
1697054400,21.9,22.02,21.74,22.01,56048.619
1697068800,22.01,22.04,21.5,21.69,73320.157
1697083200,21.69,21.83,21.64,21.64,20393.878
1697097600,21.64,21.65,21.16,21.5,104490.856
1697112000,21.5,21.53,21.24,21.25,84093.394
1697126400,21.27,21.36,20.93,21.21,150727.324
1697140800,21.2,21.35,21.13,21.28,41010.797999999995
1697155200,21.28,21.46,21.11,21.13,40075.181
1697169600,21.12,21.45,21.11,21.39,61625.376000000004
1697184000,21.38,21.56,21.3,21.48,54630.72099999999
1697198400,21.48,21.61,21.35,21.42,119323.911
1697212800,21.42,21.61,21.41,21.58,78420.244
1697227200,21.57,22.22,21.56,21.84,216287.707
1697241600,21.85,22.06,21.8,22.05,77954.261
1697256000,22.04,22.13,21.94,22.06,58841.46
1697270400,22.06,22.25,21.92,21.97,42066.816
1697284800,21.98,22.1,21.85,22.09,28458.367
1697299200,22.08,22.09,21.98,22.03,22563.535
1697313600,22.04,22.05,21.92,22.0,13571.676
1697328000,22.0,22.18,21.83,21.94,36730.904
1697342400,21.93,21.97,21.87,21.93,18755.348
1697356800,21.94,22.02,21.82,21.87,45940.386
1697371200,21.87,21.94,21.67,21.75,67836.511
1697385600,21.74,21.98,21.7,21.92,122353.022
1697400000,21.91,22.11,21.84,21.94,67796.695
1697414400,21.93,22.24,21.9,22.12,53593.862
1697428800,22.12,22.86,22.12,22.83,171392.592
1697443200,22.84,23.18,22.64,23.17,161137.916
1697457600,23.18,24.78,22.92,23.16,884081.885
1697472000,23.17,24.15,23.16,23.87,262257.017
1697486400,23.87,24.21,23.66,23.97,166960.086
1697500800,23.97,24.38,23.79,24.03,241869.908
1697515200,24.01,24.23,23.77,24.11,64336.073
1697529600,24.1,24.57,24.05,24.1,162577.715
1697544000,24.1,24.19,23.46,23.92,197422.11000000002
1697558400,23.92,24.41,23.74,24.18,240222.98700000002
1697572800,24.19,24.25,23.9,23.95,155815.088
1697587200,23.94,24.11,23.82,24.04,248983.633
1697601600,24.04,24.44,23.89,23.91,196697.61000000002
1697616000,23.9,24.16,23.79,23.82,44742.8
1697630400,23.82,23.92,23.64,23.69,167682.829
1697644800,23.69,23.78,23.57,23.7,122490.931
1697659200,23.7,23.75,23.36,23.42,226986.737
1697673600,23.41,23.59,23.13,23.46,101318.155
1697688000,23.45,23.9,23.45,23.86,101472.363
1697702400,23.86,24.3,23.73,24.28,148330.74500000002
1697716800,24.29,24.9,24.06,24.78,364583.691
1697731200,24.78,25.79,24.68,25.16,817133.91
1697745600,25.18,25.25,24.74,24.94,175671.6
1697760000,24.94,25.74,24.74,25.67,269603.949
1697774400,25.69,26.62,25.6,26.27,512900.691
1697788800,26.26,27.4,26.26,26.9,384878.327
1697803200,26.9,27.11,26.57,26.89,602549.137
1697817600,26.89,27.06,26.32,26.89,415723.048
1697832000,26.88,27.37,26.73,27.05,260222.395
1697846400,27.05,27.15,26.66,26.81,102973.474
1697860800,26.83,28.2,26.68,28.08,198039.497
1697875200,28.09,29.95,27.86,29.51,369235.684
1697889600,29.53,29.7,28.61,29.06,504061.585
1697904000,29.04,29.93,28.89,29.52,326125.001
1697918400,29.52,30.33,29.24,29.32,395362.46
1697932800,29.32,29.94,29.2,29.74,181265.916
1697947200,29.75,30.03,28.21,28.83,179081.175
1697961600,28.84,29.06,28.11,28.36,148001.727
1697976000,28.35,28.91,28.32,28.44,139746.365
1697990400,28.44,29.15,28.41,28.7,158556.321
1698004800,28.7,29.34,28.68,29.06,173260.739
1698019200,29.06,30.69,28.75,30.68,497062.948
1698033600,30.68,31.38,29.91,30.12,414078.209
1698048000,30.12,30.34,29.33,29.73,249178.522
1698062400,29.72,29.88,28.82,29.0,410470.846
1698076800,28.96,30.0,28.91,29.94,516213.398
1698091200,29.93,32.69,29.76,31.91,805630.117
1698105600,31.9,32.58,31.26,31.39,602238.158
1698120000,31.37,31.78,30.65,31.25,203416.327
1698134400,31.25,31.99,31.18,31.85,207495.729
1698148800,31.85,32.59,30.45,30.89,692799.919
1698163200,30.89,31.21,29.98,30.5,504373.75100000005
1698177600,30.49,30.79,29.51,30.18,402531.903
1698192000,30.19,32.22,30.0,31.02,364951.193
1698206400,31.07,31.87,30.4,30.98,151098.994
1698220800,30.96,32.5,30.8,32.27,378623.19
1698235200,32.27,33.9,32.27,33.42,761639.29
1698249600,33.42,33.58,32.3,32.78,560221.833
1698264000,32.77,33.08,31.87,32.43,375297.789
1698278400,32.44,32.81,31.74,32.77,534317.246
1698292800,32.77,33.27,32.05,32.83,214848.70299999998
1698307200,32.82,33.0,31.6,31.84,548983.223
1698321600,31.83,32.41,30.89,31.31,322181.407
1698336000,31.31,31.69,30.71,31.56,518443.748
1698350400,31.54,33.25,31.47,32.78,454327.542
1698364800,32.79,32.86,31.83,32.38,342304.99899999995
1698379200,32.39,32.89,32.13,32.35,199115.928
1698393600,32.34,33.09,32.17,32.59,199264.64
1698408000,32.59,33.36,31.92,32.19,313421.189
1698422400,32.22,32.49,31.27,31.93,291725.273
1698436800,31.93,32.28,31.46,31.74,255495.993
1698451200,31.75,32.38,31.66,32.34,104127.0
1698465600,32.35,32.48,32.07,32.29,62276.422
1698480000,32.28,32.52,32.06,32.19,66291.13399999999
1698494400,32.21,32.23,31.66,32.03,91847.591
1698508800,32.03,32.11,31.52,31.57,101115.786
1698523200,31.59,32.0,31.4,31.64,106923.804
1698537600,31.64,31.84,31.3,31.57,99599.81
1698552000,31.58,32.36,31.51,32.29,113671.714
1698566400,32.3,32.44,32.14,32.27,110515.981
1698580800,32.27,32.71,32.19,32.65,165669.49
1698595200,32.64,33.15,32.55,33.0,473374.05
1698609600,33.0,33.0,32.5,32.84,226741.21600000001
1698624000,32.85,33.0,32.53,32.74,234825.971
1698638400,32.74,32.99,32.45,32.56,285312.365
1698652800,32.56,35.16,32.51,34.95,510692.013
1698667200,34.96,35.34,34.54,35.05,331261.622
1698681600,35.05,35.05,34.24,34.89,332355.511
1698696000,34.89,34.95,34.5,34.95,301963.647
1698710400,34.95,36.48,34.79,35.8,851524.944
1698724800,35.81,36.6,35.58,35.72,405874.959
1698739200,35.74,36.97,35.7,36.59,312851.051
1698753600,36.61,36.7,35.47,36.11,531169.557
1698768000,36.13,36.45,35.83,36.29,233370.684
1698782400,36.27,38.6,36.27,38.43,1161510.576
1698796800,38.42,38.8,37.94,38.3,509189.774
1698811200,38.3,39.32,38.0,38.45,451443.487
1698825600,38.46,39.8,38.01,39.31,435267.09199999995
1698840000,39.29,41.82,38.9,40.69,1317348.457
1698854400,40.67,46.97,39.95,42.0,1914860.749
1698868800,41.98,43.87,40.07,41.18,993117.176
1698883200,41.16,42.85,40.97,42.62,424439.858
1698897600,42.6,43.46,41.15,43.21,313874.407
1698912000,43.13,44.6,42.57,44.5,379662.068
1698926400,44.48,44.51,39.2,40.02,856480.717
1698940800,40.0,41.6,38.64,41.43,988157.996
1698955200,41.42,42.14,39.56,40.25,482176.315
1698969600,40.26,40.26,38.02,38.96,449337.138
1698984000,38.94,39.12,38.02,39.0,589228.856
1698998400,38.99,39.76,38.1,39.16,242407.62199999997
1699012800,39.15,40.21,38.8,39.83,733850.97
1699027200,39.81,40.05,38.52,39.17,343110.377
1699041600,39.17,39.92,39.05,39.48,215999.417
1699056000,39.46,41.26,39.0,41.13,404046.94899999996
1699070400,41.15,42.09,40.43,41.74,276114.341
1699084800,41.73,42.73,41.0,41.55,218027.48500000002
1699099200,41.54,42.23,41.0,41.29,282413.581
1699113600,41.29,41.9,41.06,41.42,196409.312
1699128000,41.41,42.8,41.32,42.44,356093.565
1699142400,42.43,42.89,41.72,42.53,306086.484
1699156800,42.53,42.55,41.47,41.6,226780.114
1699171200,41.6,41.83,41.13,41.68,187655.596
1699185600,41.67,41.9,40.53,40.75,480427.288
1699200000,40.74,41.61,40.67,40.77,170147.887
1699214400,40.79,41.82,40.29,41.2,290931.25899999996
1699228800,41.21,41.87,40.94,41.14,255452.53
1699243200,41.15,41.26,39.69,39.94,473021.321
1699257600,39.96,40.72,39.72,40.32,200512.142
1699272000,40.33,40.75,39.91,40.26,335131.48
1699286400,40.25,40.55,39.89,40.49,314867.425
1699300800,40.5,42.25,40.04,42.16,633035.133
1699315200,42.17,42.25,40.11,40.84,466099.018
1699329600,40.83,41.68,40.68,41.55,123170.693
1699344000,41.59,41.75,40.51,41.11,126004.22099999999
1699358400,41.1,42.16,40.74,41.2,700843.44
1699372800,41.23,44.42,41.04,43.89,1288591.8260000001
1699387200,43.89,44.75,42.78,42.95,743134.503
1699401600,42.94,43.52,42.27,43.38,247358.171
1699416000,43.39,43.78,43.0,43.49,146106.959
1699430400,43.49,43.89,43.1,43.33,71603.5
1699444800,43.36,43.61,42.32,42.75,217605.048
1699459200,42.77,43.62,42.55,43.11,267862.244
1699473600,43.11,43.51,42.3,43.13,468295.129
1699488000,43.16,44.14,42.52,44.1,586739.719
1699502400,44.11,44.63,43.84,43.92,222492.06
1699516800,43.91,47.45,43.91,47.13,552932.829
1699531200,47.14,48.93,45.6,46.56,1383137.5
1699545600,46.55,46.82,43.45,44.44,1009533.198
1699560000,44.42,45.76,43.09,45.3,502781.809
1699574400,45.31,48.0,45.08,47.42,480833.404
1699588800,47.42,48.87,46.76,47.53,497284.65599999996
1699603200,47.55,51.14,46.58,50.71,639467.486
1699617600,50.72,51.94,48.64,50.91,885122.584
1699632000,50.92,55.0,50.66,54.14,1082165.173
1699646400,54.13,57.74,53.08,56.72,980489.317
1699660800,56.7,57.73,54.33,55.87,689535.5819999999
1699675200,55.84,56.0,53.6,54.24,355430.695
1699689600,54.32,55.88,53.82,55.27,317474.076
1699704000,55.29,63.98,55.06,60.93,1360850.309
1699718400,60.93,62.6,58.02,60.42,1214253.306
1699732800,60.42,60.42,55.33,56.35,925832.274
1699747200,56.36,57.93,54.42,57.4,659853.009
1699761600,57.39,61.89,56.47,61.13,543344.655
1699776000,61.12,61.47,58.44,60.0,343141.521
1699790400,60.01,60.43,57.74,58.66,367172.62
1699804800,58.66,58.8,54.85,56.03,828085.738
1699819200,56.04,57.54,55.62,56.28,548665.767
1699833600,56.25,59.45,55.17,57.11,759014.509
1699848000,57.08,59.49,56.7,58.27,288641.063
1699862400,58.27,59.63,56.5,57.06,246203.506
1699876800,57.05,59.88,54.5,55.64,636021.308
1699891200,55.64,57.0,52.18,54.66,740483.6610000001
1699905600,54.68,54.69,51.54,51.6,714989.335
1699920000,51.59,54.87,51.26,54.07,697971.621
1699934400,54.05,55.46,53.81,55.23,225166.123
1699948800,55.19,55.8,52.0,52.68,312181.919
1699963200,52.67,58.0,52.05,56.2,819554.1900000001
1699977600,56.23,56.99,52.38,55.1,549442.095
1699992000,55.11,57.5,54.82,56.84,581615.932
1700006400,56.84,57.96,56.16,56.25,330043.173
1700020800,56.26,59.67,56.26,59.2,370310.992
1700035200,59.2,64.11,58.74,63.0,726227.981
1700049600,63.0,63.85,61.35,62.43,709914.701
1700064000,62.44,65.9,60.59,65.39,745140.22
1700078400,65.39,67.13,64.17,65.48,709124.387
1700092800,65.49,66.76,64.43,65.92,473669.212
1700107200,65.88,68.18,64.76,65.71,432315.874
1700121600,65.68,66.12,63.28,64.04,350057.86100000003
1700136000,64.03,64.73,60.5,61.57,981409.9450000001
1700150400,61.62,62.9,58.99,62.34,829202.05
1700164800,62.35,62.91,56.39,57.8,1393488.738
1700179200,57.82,60.55,57.6,58.97,689987.78
1700193600,58.96,59.98,58.01,58.15,209187.426
1700208000,58.17,59.05,56.57,58.17,383033.351
1700222400,58.16,59.63,54.11,55.06,613372.676
1700236800,55.02,58.77,54.4,57.6,523190.32899999997
1700251200,57.6,59.47,57.51,58.55,321437.881
1700265600,58.53,58.62,56.3,56.72,315543.251
1700280000,56.73,57.45,54.77,56.38,203775.98200000002
1700294400,56.37,57.66,56.08,56.98,122498.10800000001
1700308800,56.99,58.38,55.54,58.02,277829.618
1700323200,58.02,59.4,57.57,59.1,673497.789
1700337600,59.1,59.35,58.03,58.59,218997.19199999998
1700352000,58.59,58.59,56.66,58.27,223613.03699999998
1700366400,58.27,60.9,57.77,60.45,274789.737
1700380800,60.46,62.0,59.35,59.86,382842.548
1700395200,59.88,60.38,59.07,60.02,228497.89
1700409600,60.01,61.33,59.44,61.21,510608.323
1700424000,61.25,62.28,60.2,61.15,457831.571
1700438400,61.14,61.35,59.79,59.95,300855.266
1700452800,59.96,60.2,59.14,59.89,157515.469
1700467200,59.9,61.1,59.32,60.16,150121.58299999998
1700481600,60.11,60.66,58.0,59.04,276310.64800000004
1700496000,59.03,59.44,56.8,57.6,469136.03599999996
1700510400,57.6,57.82,56.04,56.61,437394.567
1700524800,56.59,57.4,55.05,56.03,344124.168
1700539200,56.03,56.47,55.33,55.37,117230.565
1700553600,55.41,57.15,55.4,56.29,143235.578
1700568000,56.29,56.65,52.81,55.13,593049.471
1700582400,55.14,56.24,52.4,54.8,517051.824
1700596800,54.81,55.75,51.28,51.65,503346.183
1700611200,51.68,54.55,51.47,54.39,397123.373
1700625600,54.4,55.3,53.89,54.71,182841.649
1700640000,54.73,55.24,54.38,54.5,134922.997
1700654400,54.51,55.73,54.04,54.92,304328.37
1700668800,54.94,57.67,54.41,57.36,478123.92
1700683200,57.35,58.96,56.96,57.58,422073.148
1700697600,57.6,58.5,57.02,57.62,278217.244
1700712000,57.65,58.5,57.5,57.83,152127.106
1700726400,57.82,58.99,57.16,57.99,216470.953
1700740800,57.98,59.59,56.44,56.59,305357.618
1700755200,56.6,57.3,56.15,56.36,208285.074
1700769600,56.36,57.04,56.31,56.52,142468.665
1700784000,56.52,57.6,56.2,57.29,192313.261
1700798400,57.29,57.45,56.64,57.36,149865.128
1700812800,57.36,58.78,57.09,58.05,234681.353
1700827200,58.05,58.5,57.21,58.17,313108.906
1700841600,58.15,58.45,56.86,57.18,299599.69299999997
1700856000,57.15,57.62,56.5,56.89,185664.486
1700870400,56.89,59.8,56.0,58.84,477235.32
1700884800,58.84,59.02,58.44,58.67,121663.678
1700899200,58.66,58.87,57.38,57.87,110816.55799999999
1700913600,57.83,58.77,57.75,58.56,130599.886
1700928000,58.56,59.7,58.41,59.07,224815.691
1700942400,59.06,59.33,58.65,58.83,154612.199
1700956800,58.83,59.08,58.02,58.35,205730.608
1700971200,58.35,58.65,58.18,58.43,150734.091
1700985600,58.43,58.62,57.77,57.83,107017.797
1701000000,57.84,58.06,56.66,57.08,206700.596
1701014400,57.07,57.3,56.17,57.23,255000.62099999998
1701028800,57.22,58.64,57.03,57.59,216066.109
1701043200,57.58,58.07,56.25,56.61,235762.101
1701057600,56.6,57.32,55.53,55.96,219458.689
1701072000,55.93,56.31,54.72,55.02,240432.23100000003
1701086400,55.01,55.21,53.91,53.97,349246.127
1701100800,53.95,55.19,53.47,54.11,301603.641
1701115200,54.11,55.2,53.69,55.07,199025.611
1701129600,55.06,55.4,54.59,54.96,155206.728
1701144000,54.95,55.33,53.95,55.08,119491.41200000001
1701158400,55.13,56.28,54.66,56.18,129974.00700000001
1701172800,56.2,56.42,55.41,56.08,239002.028
1701187200,56.08,58.43,55.98,58.13,473582.206
1701201600,58.13,58.69,57.62,58.22,352688.827
1701216000,58.22,58.89,57.68,58.55,248021.20500000002
1701230400,58.55,59.68,58.25,59.39,241724.709
1701244800,59.41,61.81,59.41,60.67,415463.681
1701259200,60.71,61.66,59.16,60.08,417573.239
1701273600,60.08,60.41,58.86,60.08,324760.94
1701288000,60.07,60.27,58.59,59.3,436318.352
1701302400,59.32,61.0,58.76,60.45,210347.603
1701316800,60.45,61.25,59.67,60.02,149406.894
1701331200,60.01,60.94,59.14,60.78,121797.195
1701345600,60.79,61.73,59.2,59.57,291350.435
1701360000,59.57,60.08,58.92,60.02,159824.939
1701374400,60.02,60.2,58.96,59.29,144928.582
1701388800,59.31,61.13,58.62,60.77,333227.786
1701403200,60.8,61.32,60.22,60.89,147683.814
1701417600,60.89,61.92,60.71,61.07,150205.493
1701432000,61.09,61.23,59.76,60.13,207566.156
1701446400,60.13,61.11,59.9,60.52,210604.19999999998
1701460800,60.53,60.73,59.61,59.77,184908.396
1701475200,59.77,61.2,59.69,61.05,156699.327
1701489600,61.03,62.65,60.81,62.04,246207.367
1701504000,62.05,62.5,61.65,62.19,100334.565
1701518400,62.2,62.59,61.51,61.89,166266.735
1701532800,61.89,63.37,61.49,63.0,392185.35400000005
1701547200,63.0,63.94,62.73,63.7,328578.36100000003
1701561600,63.69,65.56,63.54,64.11,514671.448
1701576000,64.11,64.33,63.53,63.96,206757.085
1701590400,63.97,64.16,63.07,63.56,194268.516
1701604800,63.54,63.71,62.44,63.0,284416.78500000003
1701619200,62.98,63.04,62.23,62.97,272185.494
1701633600,62.97,64.13,62.47,63.01,368289.99600000004
1701648000,63.02,64.9,62.95,64.23,446596.99199999997
1701662400,64.23,65.26,63.55,63.7,433415.0
1701676800,63.7,64.36,59.8,62.15,484315.902
1701691200,62.16,62.25,59.96,60.49,537411.013
1701705600,60.49,61.29,60.32,61.04,367763.595
1701720000,61.04,62.09,60.66,61.59,438879.496
1701734400,61.62,62.16,59.67,60.61,407933.701
1701748800,60.63,60.66,59.13,59.69,241686.813
1701763200,59.67,60.46,59.45,60.17,100060.708
1701777600,60.17,61.66,60.0,60.98,189420.698
1701792000,60.95,62.57,60.42,61.38,495839.148
1701806400,61.37,61.62,60.2,61.03,256183.28100000002
1701820800,61.04,64.47,61.04,64.36,889496.219
1701835200,64.37,64.67,62.62,63.36,396471.497
1701849600,63.34,66.63,62.0,63.05,490563.13
1701864000,63.03,63.75,62.41,62.62,282349.011
1701878400,62.62,64.49,62.5,64.43,341962.375
1701892800,64.45,64.61,61.53,61.85,306409.946
1701907200,61.86,64.01,61.62,62.94,267899.656
1701921600,62.93,63.86,62.85,63.37,102119.534
1701936000,63.36,64.32,61.87,64.22,253711.764
1701950400,64.22,66.19,63.63,65.82,478973.33400000003
1701964800,65.83,67.5,64.52,64.77,677175.103
1701979200,64.77,69.45,64.63,67.77,1095963.569
1701993600,67.79,72.35,67.79,71.45,661964.737
1702008000,71.45,72.88,70.88,71.4,503475.538
1702022400,71.39,73.75,70.5,72.97,317136.009
1702036800,72.96,74.25,71.71,72.03,444283.12
1702051200,72.04,74.06,72.01,72.3,437942.597
1702065600,72.32,75.31,72.28,74.95,474919.354
1702080000,74.94,75.5,72.8,74.17,423439.506
1702094400,74.18,77.77,73.69,76.98,381745.267
1702108800,76.98,77.55,74.7,77.17,421562.625
1702123200,77.12,77.47,75.15,75.6,443821.652
1702137600,75.6,75.86,72.76,74.08,491968.70499999996
1702152000,74.11,74.3,71.56,72.24,360952.81299999997
1702166400,72.27,74.0,72.25,73.01,245476.635
1702180800,73.01,73.65,71.65,72.47,318538.429
1702195200,72.47,72.76,70.66,71.42,261724.082
1702209600,71.43,74.67,71.36,73.72,310543.304
1702224000,73.71,74.09,72.11,73.47,276283.518
1702238400,73.46,74.91,73.3,74.87,355856.572
1702252800,74.86,74.97,66.0,70.88,761306.165
1702267200,70.89,71.21,67.87,68.49,488920.723
1702281600,68.48,69.95,67.75,69.63,291844.83999999997
1702296000,69.59,69.84,66.9,69.25,523398.348
1702310400,69.23,70.75,67.4,69.25,485725.66799999995
1702324800,69.27,70.56,67.68,70.22,352073.484
1702339200,70.2,72.48,70.2,71.17,482268.423
1702353600,71.16,71.74,69.6,71.74,205170.928
1702368000,71.74,72.18,70.49,70.63,139915.188
1702382400,70.59,72.9,68.07,68.41,532849.162
1702396800,68.41,68.73,65.71,67.56,540840.4110000001
1702411200,67.57,69.05,66.87,68.54,252083.137
1702425600,68.55,68.73,65.11,65.46,321109.987
1702440000,65.44,66.25,63.75,64.84,275172.171
1702454400,64.87,66.55,64.75,65.35,135935.092
1702468800,65.35,68.13,65.08,67.53,258806.80099999998
1702483200,67.54,70.61,66.78,70.37,412995.658
1702497600,70.35,72.64,70.1,70.62,627146.5040000001
1702512000,70.63,71.07,69.67,70.09,236353.685
1702526400,70.1,72.0,69.71,71.56,308763.627
1702540800,71.55,73.6,71.07,73.51,187335.903
1702555200,73.53,73.8,68.27,71.66,448619.912
1702569600,71.66,74.49,71.66,73.32,346233.461
1702584000,73.31,76.23,72.67,75.68,436108.976
1702598400,75.68,75.85,74.0,74.35,353897.29
1702612800,74.34,77.06,74.34,76.68,332846.421
1702627200,76.68,79.24,76.2,79.12,331973.45900000003
1702641600,79.12,79.45,75.19,76.04,423852.99
1702656000,76.02,77.53,73.59,76.93,403150.533
1702670400,76.93,77.23,72.03,72.52,495561.74100000004
1702684800,72.52,74.38,71.11,74.18,463802.851
1702699200,74.17,74.53,73.58,74.33,128259.041
1702713600,74.33,75.16,73.72,75.12,83850.012
1702728000,75.11,77.18,74.87,77.09,275140.958
1702742400,77.11,77.13,73.72,74.11,294388.928
1702756800,74.11,74.54,72.47,73.67,454196.124
1702771200,73.66,74.05,72.55,73.46,140539.23
1702785600,73.44,74.16,72.0,72.3,140566.354
1702800000,72.3,73.23,71.8,73.02,75558.66
1702814400,73.01,73.21,71.33,72.58,342917.348
1702828800,72.64,74.93,72.18,73.45,330963.926
1702843200,73.46,74.08,70.44,70.79,365880.619
1702857600,70.79,71.91,68.5,69.88,427347.828
1702872000,69.88,70.14,68.63,68.87,199108.731
1702886400,68.87,69.87,67.0,68.97,309712.081
1702900800,68.96,71.78,68.18,70.7,315965.591
1702915200,70.7,72.65,70.36,72.32,222168.079
1702929600,72.32,75.44,71.64,74.42,476527.544
1702944000,74.42,76.0,73.83,75.25,326176.381
1702958400,75.25,76.33,74.96,75.68,155241.59100000001
1702972800,75.69,76.07,74.47,74.59,122700.774
1702987200,74.61,75.09,72.77,73.62,270136.681
1703001600,73.62,74.3,71.76,74.19,328395.356
1703016000,74.2,75.35,72.25,73.01,351063.239
1703030400,72.98,75.11,72.93,74.9,207535.032
1703044800,74.87,76.14,74.3,76.04,202678.441
1703059200,76.03,78.5,75.45,77.05,275171.115
1703073600,77.06,81.21,76.34,80.71,675462.604
1703088000,80.74,84.14,79.1,81.08,826782.808
1703102400,81.09,82.47,78.99,82.26,708415.277
1703116800,82.25,84.7,81.07,83.38,509616.3
1703131200,83.38,87.05,83.01,86.8,349976.428
1703145600,86.83,88.32,85.13,87.02,284194.813
1703160000,87.05,88.71,85.63,87.5,408241.755
1703174400,87.49,95.0,87.49,92.86,1021502.6610000001
1703188800,92.87,96.0,91.22,93.89,607691.225
1703203200,93.9,99.99,93.06,97.8,854777.906
1703217600,97.81,99.3,92.21,93.73,502175.54000000004
1703232000,93.73,95.27,90.28,93.79,381589.521
1703246400,93.73,96.88,91.96,96.34,488256.429
1703260800,96.34,97.69,93.38,96.97,528724.374
1703275200,96.96,98.45,95.89,97.98,317740.49
1703289600,98.0,98.29,93.4,93.8,312093.913
1703304000,93.78,96.59,92.89,95.43,188474.995
1703318400,95.43,96.47,94.73,95.94,120404.01
1703332800,95.93,97.36,95.34,96.84,173409.366
1703347200,96.81,103.75,96.15,102.94,650519.769
1703361600,102.97,110.0,101.57,107.94,742099.143
1703376000,107.96,117.32,107.36,116.32,1017500.5989999999
1703390400,116.29,118.0,110.2,114.53,693060.495
1703404800,114.53,114.75,107.74,110.41,363436.254
1703419200,110.43,114.69,109.09,113.58,393894.253
1703433600,113.59,117.5,112.35,115.2,541369.235
1703448000,115.23,115.57,109.32,112.57,554066.657
1703462400,112.52,113.07,108.0,112.05,383505.513
1703476800,112.06,114.44,111.4,112.96,168380.519
1703491200,112.95,113.62,109.8,111.8,176804.847
1703505600,111.79,123.99,110.33,123.16,645583.297
1703520000,123.12,125.97,120.74,121.33,749751.845
1703534400,121.28,121.86,116.47,120.95,505048.89599999995
1703548800,120.94,121.42,116.49,119.39,309520.50800000003
1703563200,119.38,120.7,110.76,113.38,674480.395
1703577600,113.39,115.66,111.2,114.76,268412.683
1703592000,114.72,117.1,110.11,110.32,441964.684
1703606400,110.32,112.84,102.0,106.64,996410.323
1703620800,106.61,113.0,106.12,112.5,429197.24
1703635200,112.5,113.67,107.86,108.55,337249.973
1703649600,108.5,112.75,108.44,111.4,198493.962
1703664000,111.39,115.33,110.95,112.78,292501.54099999997
1703678400,112.76,113.25,106.21,107.8,600369.218
1703692800,107.8,110.5,104.76,109.07,552023.596
1703707200,109.05,110.91,106.49,106.95,291183.003
1703721600,106.99,109.66,103.18,104.57,533634.276
1703736000,104.57,106.48,102.3,105.9,331525.774
1703750400,105.85,106.18,103.18,104.88,210453.901
1703764800,104.87,105.11,96.55,99.76,775701.724
1703779200,99.77,101.68,98.42,101.1,370897.413
1703793600,101.12,104.0,98.86,101.81,501077.614
1703808000,101.86,105.97,99.34,104.91,390483.942
1703822400,104.92,108.62,104.12,105.14,391932.46900000004
1703836800,105.19,109.97,105.02,107.62,338548.26300000004
1703851200,107.62,109.86,104.43,106.0,427073.488
1703865600,106.0,107.96,102.61,105.8,537944.4639999999
1703880000,105.81,106.33,102.75,106.18,216220.913
1703894400,106.16,107.46,102.95,103.56,143719.34600000002
1703908800,103.6,104.95,103.16,103.47,99519.29699999999
1703923200,103.46,103.46,100.69,102.18,145543.164
1703937600,102.12,104.39,102.06,104.27,101596.07800000001
1703952000,104.22,104.95,102.59,103.23,121588.631
1703966400,103.21,104.26,101.21,101.92,138948.816
1703980800,101.91,102.95,99.29,100.66,210323.304
1703995200,100.61,104.84,100.44,103.92,179650.985
1704009600,103.92,105.1,103.34,104.21,77269.60100000001
1704024000,104.2,105.17,102.12,102.43,110558.569
1704038400,102.43,104.45,102.24,103.73,132982.725
1704052800,103.72,105.0,99.84,101.69,303834.385
1704067200,101.7,104.69,101.52,103.07,205643.631
1704081600,103.02,104.0,101.47,102.48,122071.48300000001
1704096000,102.48,104.85,101.81,104.34,124981.69099999999
1704110400,104.49,106.41,103.89,106.0,175562.837
1704124800,106.03,109.18,105.91,108.87,304797.694
1704139200,108.89,110.44,107.2,110.11,253516.712
1704153600,110.11,113.23,108.63,111.5,392754.46400000004
1704168000,111.5,114.77,110.96,114.53,263774.273
1704182400,114.56,117.0,112.76,113.96,274098.608
1704196800,113.96,114.42,107.84,109.68,374712.1
1704211200,109.68,110.49,106.8,107.69,280339.953
1704225600,107.7,108.95,106.0,106.74,239893.623
1704240000,106.77,108.75,106.55,108.17,134933.429
1704254400,108.18,109.97,107.18,107.83,143379.585
1704268800,107.86,109.44,102.49,103.46,190932.555
1704283200,103.46,103.46,85.5,101.97,1621472.8029999998
1704297600,101.99,103.25,95.3,97.44,607171.121
1704312000,97.42,100.57,97.29,98.59,236341.43300000002
1704326400,98.57,102.0,97.7,101.17,197299.52
1704340800,101.2,101.74,98.79,98.94,99924.51299999999
1704355200,98.95,99.38,96.74,98.61,154487.1
1704369600,98.57,104.42,98.24,103.77,292022.076
1704384000,103.77,106.95,101.62,105.31,402654.78099999996
1704398400,105.31,108.23,104.38,105.01,348057.82
1704412800,105.01,105.57,98.63,101.03,304308.998
1704427200,101.04,102.28,100.11,101.22,138414.864
1704441600,101.2,103.19,99.24,99.7,155184.614
1704456000,99.7,102.12,97.0,98.09,288843.713
1704470400,98.07,98.94,95.36,98.02,252256.086
1704484800,98.02,100.57,97.92,100.02,165423.711
1704499200,100.02,100.35,97.85,98.76,126655.436
1704513600,98.75,99.0,91.57,94.61,305911.236
1704528000,94.58,95.76,93.81,94.5,126297.788
1704542400,94.53,96.52,92.89,95.26,132076.942
1704556800,95.25,97.35,94.6,95.13,146635.637
1704571200,95.12,95.71,92.27,93.84,187191.863
1704585600,93.84,96.36,91.51,92.95,256647.59900000002
1704600000,92.94,95.58,92.88,95.31,166386.628
1704614400,95.33,95.65,93.0,94.59,77860.01
1704628800,94.6,96.88,93.42,94.01,166690.91499999998
1704643200,94.01,95.07,93.1,94.81,137728.207
1704657600,94.83,95.35,87.65,89.48,486798.431
1704672000,89.52,90.94,85.46,87.27,678184.568
1704686400,87.26,90.74,86.95,89.74,258819.035
1704700800,89.74,92.29,88.6,92.27,133143.255
1704715200,92.28,95.76,92.26,94.66,655006.1140000001
1704729600,94.75,99.99,93.83,99.38,492965.698
1704744000,99.34,99.54,96.06,98.0,390348.26
1704758400,98.0,99.9,95.38,99.87,371850.149
1704772800,99.91,104.0,99.57,101.92,367187.133
1704787200,101.92,102.7,99.6,101.89,125699.159
1704801600,101.92,102.41,96.0,99.85,263893.93
1704816000,99.85,101.5,98.32,99.33,221218.934
1704830400,99.34,104.16,95.55,99.42,488296.386
1704844800,99.36,100.2,97.55,99.69,169631.756
1704859200,99.69,100.42,98.08,98.16,104278.0
1704873600,98.17,98.26,96.29,97.38,107991.449
1704888000,97.34,97.69,92.03,94.77,573399.4469999999
1704902400,94.78,98.35,94.0,96.31,390552.535
1704916800,96.35,105.55,93.1,102.01,786488.2390000001
1704931200,102.02,102.14,99.17,100.31,314640.197
1704945600,100.3,101.76,98.0,99.72,253670.158
1704960000,99.7,104.62,99.58,104.48,296004.671
1704974400,104.5,107.25,99.61,100.75,656984.199
1704988800,100.79,101.5,97.5,101.33,590358.8200000001
1705003200,101.33,102.35,99.0,99.91,311218.467
1705017600,99.9,100.32,97.5,97.73,196594.149
1705032000,97.69,100.47,97.65,98.86,98944.088
1705046400,98.86,99.1,97.61,98.25,67609.37299999999
1705060800,98.22,99.33,95.03,95.25,285322.76
1705075200,95.24,96.64,92.65,95.11,364324.87100000004
1705089600,95.1,95.89,86.77,92.1,479065.424
1705104000,92.11,92.61,89.5,91.07,220299.57
1705118400,91.04,93.28,90.88,92.56,121373.05799999999
1705132800,92.56,93.2,91.49,92.2,103077.084
1705147200,92.18,93.32,91.06,92.86,117166.93
1705161600,92.89,95.71,91.58,94.9,222321.914
1705176000,94.9,97.51,94.77,95.87,383622.82399999996
1705190400,95.86,96.95,94.18,96.9,220211.84999999998
1705204800,96.88,98.78,95.92,98.24,192646.902
1705219200,98.23,98.53,96.59,96.69,43195.911
1705233600,96.7,100.0,96.25,99.49,173505.75
1705248000,99.51,105.44,95.5,95.99,864531.652
1705262400,95.96,97.62,93.61,93.77,414218.097
1705276800,93.75,96.91,93.75,95.82,228036.328
1705291200,95.85,96.78,94.94,95.55,141761.529
1705305600,95.55,95.94,94.38,95.47,71660.975
1705320000,95.47,95.77,93.01,93.45,153243.01
1705334400,93.44,96.67,93.21,95.94,163276.54499999998
1705348800,95.94,96.43,93.2,94.32,124790.388
1705363200,94.3,96.14,94.3,96.09,106745.883
1705377600,96.1,98.11,95.23,97.62,115539.887
1705392000,97.62,98.16,96.19,96.61,90139.278
1705406400,96.61,97.71,94.09,97.2,174232.338
1705420800,97.18,97.83,96.05,96.74,123488.355
1705435200,96.77,98.69,96.69,97.59,196584.87200000003
1705449600,97.59,101.0,97.31,99.95,276276.436
1705464000,99.95,100.3,96.23,97.22,154981.707
1705478400,97.25,102.7,96.6,101.92,201073.83
1705492800,101.92,102.65,99.07,99.33,379677.321
1705507200,99.36,101.12,97.22,100.72,329844.68700000003
1705521600,100.72,102.25,100.01,102.04,431440.716
1705536000,102.01,103.49,99.44,99.78,354275.501
1705550400,99.78,101.39,99.67,100.65,136539.332
1705564800,100.63,101.09,98.22,98.85,120645.852
1705579200,98.88,99.16,97.56,98.14,143267.612
1705593600,98.14,98.14,91.37,92.23,480436.498
1705608000,92.23,94.8,92.09,94.31,287656.725
1705622400,94.33,94.69,91.38,92.98,190603.772
1705636800,92.98,95.28,92.74,94.37,86339.072
1705651200,94.35,95.35,93.7,94.7,95425.471
1705665600,94.67,94.67,90.6,91.13,231968.049
1705680000,91.13,94.58,87.0,94.02,641066.9
1705694400,94.02,94.86,92.63,93.6,170420.339
1705708800,93.56,94.15,91.94,93.55,110529.32999999999
1705723200,93.55,93.65,91.7,91.82,81388.01699999999
1705737600,91.83,92.25,91.05,91.92,52736.898
1705752000,91.92,92.18,90.15,90.82,96176.52799999999
1705766400,90.79,92.53,90.69,91.94,89784.384
1705780800,91.96,93.4,91.73,92.82,95290.11300000001
1705795200,92.82,93.23,91.76,92.88,98932.18100000001
1705809600,92.89,93.02,91.79,92.3,36967.692
1705824000,92.33,93.88,92.18,93.1,44084.094
1705838400,93.09,93.63,91.96,92.46,57412.133
1705852800,92.46,92.88,91.59,92.39,63021.28
1705867200,92.41,92.55,90.74,91.02,99440.19
1705881600,91.03,91.84,88.18,89.27,195059.84399999998
1705896000,89.26,90.09,88.14,89.12,110438.306
1705910400,89.12,89.12,86.2,88.32,187483.263
1705924800,88.27,89.89,85.57,87.15,246059.878
1705939200,87.15,87.55,81.94,83.56,510854.135
1705953600,83.56,86.33,83.1,83.75,356861.711
1705968000,83.74,85.83,83.53,85.14,185374.024
1705982400,85.12,85.88,82.21,82.74,89096.789
1705996800,82.74,83.39,78.92,80.1,406735.698
1706011200,80.12,83.28,78.14,82.62,615791.554
1706025600,82.64,83.79,80.79,80.82,255290.389
1706040000,80.88,84.39,80.33,84.3,236281.39
1706054400,84.34,85.73,83.33,83.49,262573.64
1706068800,83.54,86.75,83.25,86.06,145013.271
1706083200,86.09,88.45,85.85,87.16,183471.861
1706097600,87.15,87.92,85.19,86.98,252837.887
1706112000,86.98,87.8,85.56,86.32,165003.51
1706126400,86.32,89.4,85.85,88.74,280216.44
1706140800,88.74,89.59,87.68,88.33,189359.478
1706155200,88.29,88.62,86.69,88.16,100250.413
1706169600,88.15,89.24,86.52,88.98,85477.979
1706184000,88.98,89.29,85.96,86.38,169129.04
1706198400,86.35,88.13,85.03,87.72,254671.473
1706212800,87.7,87.79,86.41,86.86,72190.00200000001
1706227200,86.87,88.23,85.8,87.91,129660.755
1706241600,87.93,88.4,86.7,86.99,74073.794
1706256000,86.99,92.34,86.96,91.88,179610.377
1706270400,91.91,92.63,90.07,92.39,248805.009
1706284800,92.41,93.69,92.17,92.82,271536.578
1706299200,92.8,93.7,91.66,92.24,172786.213
1706313600,92.27,93.8,92.06,92.68,136855.098
1706328000,92.68,92.75,90.77,91.16,92802.94
1706342400,91.18,92.27,90.68,91.96,50741.035
1706356800,91.99,92.98,91.63,92.8,77920.04400000001
1706371200,92.8,93.43,92.21,93.13,123510.525
1706385600,93.12,94.57,92.86,94.27,175186.481
1706400000,94.28,96.75,93.5,96.64,174464.015
1706414400,96.62,97.35,95.25,95.78,182263.166
1706428800,95.76,99.44,95.56,98.42,134995.354
1706443200,98.41,99.25,96.65,97.1,168481.989
1706457600,97.06,97.89,93.99,94.5,205584.647
1706472000,94.48,96.35,93.43,95.98,155953.37
1706486400,95.96,98.99,95.06,97.83,202895.972
1706500800,97.83,97.96,96.19,96.7,108137.024
1706515200,96.7,97.95,96.26,97.42,71600.266
1706529600,97.44,100.15,95.47,99.88,207484.599
1706544000,99.91,101.74,98.91,100.54,509588.116
1706558400,100.54,101.98,100.52,101.69,165566.763
1706572800,101.69,103.81,100.96,102.12,283218.691
1706587200,102.12,103.38,101.72,102.88,114263.686
1706601600,102.89,106.45,102.41,106.09,270165.24199999997
1706616000,106.09,106.43,103.52,104.76,312111.89300000004
1706630400,104.78,105.66,103.25,105.3,287762.947
1706644800,105.31,105.6,101.01,101.4,266630.378
1706659200,101.38,101.95,98.69,101.13,352496.333
1706673600,101.1,101.75,100.01,101.61,134479.074
1706688000,101.6,101.87,97.25,99.08,157741.68
1706702400,99.08,101.85,97.51,101.48,370919.397
1706716800,101.48,102.7,99.63,100.98,322889.54000000004
1706731200,100.98,101.16,95.88,96.91,378533.858
1706745600,96.88,97.63,92.44,93.46,847315.904
1706760000,93.46,95.71,93.01,94.86,190409.921
1706774400,94.85,96.65,94.54,95.38,101263.513
1706788800,95.36,97.43,94.63,95.92,289080.479
1706803200,95.92,97.95,94.79,97.83,241827.628
1706817600,97.82,98.07,96.86,97.78,160423.226
1706832000,97.81,99.99,97.36,98.87,270181.969
1706846400,98.87,101.45,98.36,101.16,149787.797
1706860800,101.16,102.29,99.87,101.91,103766.745
1706875200,101.91,102.49,98.22,101.21,391234.772
1706889600,101.2,102.08,98.3,99.44,219355.76799999998
1706904000,99.42,100.8,98.86,100.55,109149.71800000001
1706918400,100.55,101.2,99.12,99.19,153428.628
1706932800,99.16,100.03,98.64,99.06,104850.023
1706947200,99.06,99.35,98.33,98.57,64445.608
1706961600,98.59,98.91,96.58,97.95,201236.26
1706976000,97.95,98.7,97.21,98.09,143197.321
1706990400,98.1,98.42,97.5,97.93,61273.066
1707004800,97.92,98.57,96.83,98.3,57243.539000000004
1707019200,98.3,98.3,96.07,96.47,64123.892
1707033600,96.46,98.21,95.9,97.86,54079.244999999995
1707048000,97.87,98.37,97.18,97.56,94002.034
1707062400,97.57,97.62,96.12,96.29,104405.501
1707076800,96.28,96.95,95.06,95.44,117593.839
1707091200,95.42,96.15,94.14,95.98,129331.288
1707105600,95.97,97.85,95.59,97.51,119581.64
1707120000,97.53,98.13,96.84,97.78,64812.233
1707134400,97.81,98.6,95.1,95.45,202899.15399999998
1707148800,95.46,96.43,95.25,95.83,102871.67
1707163200,95.84,95.99,94.1,95.5,147289.412
1707177600,95.52,96.67,95.09,95.89,91643.89199999999
1707192000,95.9,95.98,94.81,95.63,36828.319
1707206400,95.62,96.21,93.04,94.19,267578.467
1707220800,94.13,95.78,93.1,95.67,204037.428
1707235200,95.66,97.66,95.09,97.56,206072.835
1707249600,97.56,97.9,96.73,96.86,283353.353
1707264000,96.86,97.4,95.41,95.42,114326.078
1707278400,95.43,96.15,94.95,95.49,61092.54
1707292800,95.49,95.95,94.57,95.08,39881.989
1707307200,95.09,96.58,95.0,96.22,132529.26
1707321600,96.22,98.0,96.08,97.01,264506.63800000004
1707336000,97.01,101.54,96.99,101.13,426706.208
1707350400,101.14,102.52,100.91,101.72,322773.053
1707364800,101.73,102.03,100.51,100.81,218293.87900000002
1707379200,100.84,102.32,100.78,101.24,244741.986
1707393600,101.24,105.22,101.02,104.84,723265.9619999999
1707408000,104.84,104.96,101.77,102.33,255657.349
1707422400,102.35,103.43,102.32,102.79,150836.744
1707436800,102.81,105.78,102.81,104.32,241099.299
1707451200,104.31,105.8,103.75,105.28,140028.139
1707465600,105.26,106.39,104.26,105.88,134388.283
1707480000,105.88,106.98,104.07,105.67,314728.243
1707494400,105.65,106.64,104.37,105.08,255500.601
1707508800,105.09,109.2,104.9,106.97,335231.453
1707523200,106.96,110.82,106.9,110.8,286329.457
1707537600,110.79,110.99,108.72,108.94,204333.563
1707552000,108.96,109.71,107.3,108.2,92985.185
1707566400,108.2,108.86,107.21,108.59,90003.457
1707580800,108.58,109.63,107.81,109.19,92779.151
1707595200,109.19,110.47,108.6,109.0,175519.239
1707609600,109.02,109.77,107.83,109.48,99186.381
1707624000,109.5,110.0,108.8,109.25,132374.007
1707638400,109.27,110.34,108.6,109.76,70973.692
1707652800,109.73,110.78,108.73,108.86,128575.722
1707667200,108.82,109.16,107.75,108.18,92840.851
1707681600,108.2,108.83,107.33,107.5,103257.224
1707696000,107.5,109.38,104.63,106.27,198152.685
1707710400,106.28,106.42,104.69,105.95,71190.482
1707724800,105.96,106.35,103.43,104.23,108582.459
1707739200,104.21,109.03,103.84,108.89,176069.003
1707753600,108.91,111.38,107.64,109.8,369713.554
1707768000,109.8,112.27,109.74,111.7,257932.16999999998
1707782400,111.72,115.0,111.71,113.03,374505.444
1707796800,113.04,114.63,113.02,114.05,87855.615
1707811200,114.03,115.17,112.9,114.15,107058.787
1707825600,114.15,114.21,109.0,110.33,301973.6
1707840000,110.31,112.37,108.29,111.56,215235.49599999998
1707854400,111.56,113.8,111.54,112.55,184508.27
1707868800,112.54,112.61,110.66,111.92,108055.92199999999
1707883200,111.92,113.38,111.28,113.11,83672.18400000001
1707897600,113.12,116.35,112.84,115.7,216023.41100000002
1707912000,115.69,118.71,115.06,116.97,369635.175
1707926400,116.97,117.1,115.09,116.16,159961.864
1707940800,116.16,117.45,115.95,117.14,179621.401
1707955200,117.12,118.48,116.02,117.33,208708.875
1707969600,117.34,117.37,114.71,115.12,101614.879
1707984000,115.12,117.11,114.8,116.16,91354.652
1707998400,116.17,117.5,113.02,114.12,297976.425
1708012800,114.11,115.11,113.0,114.12,158449.749
1708027200,114.09,114.54,111.6,113.62,201487.655
1708041600,113.62,114.35,112.26,113.95,116622.139
1708056000,113.94,114.09,111.5,111.56,115545.60500000001
1708070400,111.55,112.71,110.14,112.18,116648.375
1708084800,112.14,113.34,108.04,109.73,240101.755
1708099200,109.73,110.49,108.23,108.71,147634.883
1708113600,108.68,110.79,108.38,110.41,92144.497
1708128000,110.41,111.16,109.21,109.96,67868.662
1708142400,109.95,110.47,108.67,110.35,33077.24
1708156800,110.36,110.86,108.41,109.42,63492.336
1708171200,109.4,109.58,105.69,107.24,143355.616
1708185600,107.22,108.09,106.51,108.07,75993.583
1708200000,108.05,109.73,107.78,108.95,63272.311
1708214400,108.97,109.81,107.54,108.42,58090.634
1708228800,108.42,109.71,108.0,109.22,45843.487
1708243200,109.22,113.0,108.82,111.81,93661.61
1708257600,111.81,112.51,110.62,112.37,90374.886
1708272000,112.35,114.08,111.74,112.79,105103.709
1708286400,112.78,113.63,111.9,112.25,94110.102
1708300800,112.26,112.94,111.23,111.65,108714.728
1708315200,111.69,113.64,111.15,113.24,72365.425
1708329600,113.24,113.39,110.81,112.71,106690.988
1708344000,112.67,114.86,111.75,113.7,162743.10700000002
1708358400,113.7,114.17,111.51,111.96,221055.803
1708372800,111.93,113.07,111.11,111.57,103284.697
1708387200,111.57,112.14,109.01,109.5,193418.06699999998
1708401600,109.48,111.06,109.02,109.43,58475.929000000004
1708416000,109.42,110.85,108.0,110.42,61609.165
1708430400,110.41,110.74,104.0,106.63,434323.862
1708444800,106.63,107.78,104.67,107.33,356974.525
1708459200,107.32,109.7,106.69,108.32,161789.36
1708473600,108.35,108.42,106.4,106.63,116567.55099999999
1708488000,106.65,107.07,104.5,104.85,78829.43299999999
1708502400,104.83,105.6,102.28,102.75,130456.404
1708516800,102.73,104.38,101.0,103.83,251910.842
1708531200,103.83,104.49,100.15,102.03,256914.82
1708545600,102.02,105.71,101.4,105.05,381364.111
1708560000,105.05,105.09,102.04,103.55,105696.247
1708574400,103.6,105.39,103.19,105.06,76885.073
1708588800,105.08,107.11,104.81,105.8,130576.455
1708603200,105.8,106.14,103.08,105.36,122956.704
1708617600,105.36,105.43,103.0,103.49,189427.28100000002
1708632000,103.49,105.3,101.46,101.69,255587.71899999998
1708646400,101.68,102.84,100.97,101.77,86846.874
1708660800,101.78,103.07,101.34,101.97,65205.216
1708675200,101.95,103.03,101.23,102.64,50559.635
1708689600,102.64,102.89,100.2,100.28,151549.623
1708704000,100.28,101.67,98.67,101.38,192902.539
1708718400,101.38,101.75,98.86,99.91,143502.722
1708732800,99.89,100.76,98.46,100.21,127236.848
1708747200,100.22,102.21,100.16,102.21,60385.311
1708761600,102.21,102.77,101.51,102.1,50967.009
1708776000,102.12,102.56,101.67,101.96,62673.868
1708790400,101.96,104.16,101.89,104.04,115219.083
1708804800,104.05,104.79,103.7,104.01,85479.603
1708819200,104.01,104.41,102.1,103.4,96827.214
1708833600,103.42,103.65,102.69,103.04,53659.009
1708848000,103.02,103.12,102.01,102.8,24939.326999999997
1708862400,102.79,103.8,102.29,102.78,38416.651
1708876800,102.76,103.69,102.17,103.38,56468.206999999995
1708891200,103.36,104.34,102.96,103.47,103872.511
1708905600,103.47,104.72,102.28,103.45,108411.687
1708920000,103.46,104.27,102.92,103.29,58615.705
1708934400,103.28,104.15,100.6,100.95,70162.578
1708948800,100.92,105.1,100.3,105.04,155835.32
1708963200,105.01,110.35,104.57,109.76,633577.937
1708977600,109.76,110.85,108.45,110.0,229597.838
1708992000,110.0,112.37,108.36,110.26,468856.173
1709006400,110.27,111.5,109.15,110.47,132837.711
1709020800,110.47,112.16,110.45,111.55,91661.753
1709035200,111.55,111.89,105.66,106.86,377413.05700000003
1709049600,106.89,108.5,105.36,108.47,180999.098
1709064000,108.45,109.45,107.61,108.41,132375.244
1709078400,108.44,109.36,107.32,107.65,102158.432
1709092800,107.65,110.21,107.61,110.11,85367.90299999999
1709107200,110.14,115.0,109.28,111.46,393009.566
1709121600,111.45,115.0,110.53,113.07,404478.831
1709136000,113.1,117.0,107.6,111.44,705355.027
1709150400,111.41,119.0,110.23,119.0,572887.392
1709164800,119.0,124.38,117.31,123.51,663340.905
1709179200,123.61,126.0,122.17,125.54,346191.826
1709193600,125.55,132.88,125.23,129.17,490722.266
1709208000,129.16,134.75,127.0,132.44,485285.518
1709222400,132.44,133.06,126.28,130.24,450483.1389861
1709236800,130.25,131.97,122.61,125.73,404996.93438585004
1709251200,125.74,137.19,125.68,134.01,496915.79145968
1709265600,134.0,137.84,131.58,131.92,205324.88314127002
1709280000,131.95,135.54,130.78,135.45,95360.02600915
1709294400,135.46,135.46,130.27,131.22,283258.89662573
1709308800,131.22,133.44,129.37,131.11,321072.09094241
1709323200,131.11,131.95,129.47,129.53,234928.36780906
1709337600,129.55,131.8,127.35,130.23,222681.5764998
1709352000,130.19,130.82,127.95,129.3,116413.51696808
1709366400,129.3,130.67,127.49,128.89,97443.41967319
1709380800,128.84,130.57,127.5,128.06,157685.93760342002
1709395200,128.09,130.88,127.6,130.78,146363.00790737
1709409600,130.75,131.5,128.38,130.22,145121.0411229
1709424000,130.13,130.84,128.32,130.25,133621.5193931
1709438400,130.25,130.65,124.73,126.87,170874.35046839
1709452800,126.87,131.37,125.2,128.75,144089.02395255
1709467200,128.76,129.65,127.59,129.46,126681.08478757
1709481600,129.46,131.25,128.87,130.24,140559.18551279
1709496000,130.22,132.18,129.54,130.22,131698.01663754001
1709510400,130.22,133.01,128.55,129.06,205826.40008884
1709524800,129.05,129.9,128.58,129.68,105661.76307859
1709539200,129.7,134.98,129.5,132.65,220219.70675839
1709553600,132.64,133.76,129.56,131.91,269049.24367937003
1709568000,131.93,133.0,127.51,129.66,473967.05554904003
1709582400,129.66,133.58,128.43,133.49,249676.24614747
1709596800,133.48,134.0,129.4,130.29,392466.74730933004
1709611200,130.26,132.81,128.0,129.56,233224.81856915
1709625600,129.57,132.22,129.03,130.71,148142.92679775
1709640000,130.72,143.0,130.71,139.27,818786.47418979
1709654400,139.17,140.6,110.0,119.72,970729.71878677
1709668800,120.02,128.04,117.22,125.55,627577.4519592
1709683200,125.48,126.99,120.08,122.45,260149.40513787
1709697600,122.47,133.36,122.45,133.25,360624.58273015
1709712000,133.27,134.95,129.22,131.98,152066.43797169
1709726400,131.97,132.28,125.45,128.3,353906.33015424
1709740800,128.26,132.2,128.13,131.03,296153.39581521
1709755200,131.01,132.49,130.29,130.88,193448.91725534998
1709769600,130.91,141.75,130.64,138.25,679359.62200743
1709784000,138.26,140.14,135.94,138.35,256491.69162336
1709798400,138.38,144.47,138.14,140.34,293774.86864643
1709812800,140.37,150.0,139.14,146.08,684917.58051953
1709827200,146.11,149.48,145.44,148.96,485636.53584552
1709841600,148.96,149.1,143.76,144.06,446766.59529363
1709856000,144.05,146.68,143.29,144.48,190792.53694298
1709870400,144.46,145.8,142.22,144.75,108202.62387541
1709884800,144.74,149.41,144.65,149.13,170980.47672367
1709899200,149.13,153.0,143.67,145.7,441690.73802201997
1709913600,145.71,150.96,142.09,148.07,398009.92894274
1709928000,148.09,149.4,143.8,145.12,367717.19806845
1709942400,145.12,147.32,144.88,146.15,134221.7635224
1709956800,146.12,149.49,145.72,148.63,98244.20349627
1709971200,148.62,149.07,145.38,147.11,63722.221704209995
1709985600,147.15,147.63,145.36,147.31,80281.79204509
1710000000,147.32,147.56,144.0,145.69,134748.76257012
1710014400,145.69,147.03,144.0,144.58,111268.87478287
1710028800,144.58,148.61,144.07,147.01,171002.299792
1710043200,147.01,148.73,146.87,148.51,118268.55689606999
1710057600,148.54,148.72,145.26,145.7,127800.32476415002
1710072000,145.7,146.13,141.91,143.27,172045.98952628
1710086400,143.25,145.63,143.08,145.39,112733.9170641
1710100800,145.38,145.54,140.61,144.56,280981.57245362
1710115200,144.58,144.64,137.0,141.26,393864.36174034
1710129600,141.25,148.24,139.71,148.0,250472.24408147
1710144000,148.0,150.18,148.0,148.41,309423.37691184
1710158400,148.39,150.11,144.47,147.2,499008.80782493
1710172800,147.23,148.45,146.0,146.8,222469.12889267
1710187200,146.81,149.29,146.59,148.9,176202.94357554
1710201600,148.91,155.0,147.21,150.94,369375.88104879
1710216000,150.95,154.48,149.41,151.92,291843.42386116995
1710230400,151.9,153.31,148.14,150.5,190080.25975576
1710244800,150.52,152.02,147.28,150.23,412551.92097874
1710259200,150.23,150.93,141.72,149.95,529119.53814581
1710273600,149.95,151.29,146.95,151.06,317836.50226971
1710288000,151.1,151.6,148.78,149.34,133721.46229751
1710302400,149.31,153.0,148.79,150.79,138190.45057709998
1710316800,150.81,154.75,150.52,153.8,142306.52600245998
1710331200,153.83,159.5,150.0,157.43,503079.56244972
1710345600,157.42,162.09,154.88,161.73,550736.76705614
1710360000,161.7,167.0,159.63,163.95,510258.47828134
1710374400,163.95,169.33,163.05,167.56,420609.65874389
1710388800,167.5,170.0,165.27,168.38,202396.33916726
1710403200,168.42,174.61,168.29,173.17,303402.19442732004
1710417600,173.24,173.53,164.23,167.59,564439.1496248799
1710432000,167.59,170.0,159.2,162.22,448215.96834189
1710446400,162.21,178.35,161.9,176.69,480722.15578997
1710460800,176.69,186.66,169.64,175.98,762522.78219267
1710475200,175.95,181.78,171.14,175.93,392156.86768586
1710489600,175.98,177.1,164.58,169.85,457022.14919189
1710504000,169.85,184.77,167.89,181.81,641320.3749417
1710518400,181.76,188.88,178.13,183.44,554364.29678971
1710532800,183.34,185.5,175.01,183.91,473367.09975154
1710547200,184.0,189.0,180.44,187.6,289192.11029032
1710561600,187.64,193.6,185.03,192.86,372064.8896601
1710576000,192.85,197.86,190.44,192.73,302844.18469266
1710590400,192.69,195.99,187.81,195.08,310221.78273108
1710604800,195.07,195.46,178.55,179.98,602744.9407446
1710619200,180.01,185.74,176.71,181.99,551312.99639547
1710633600,181.98,189.17,181.3,186.42,358192.01234669
1710648000,186.45,188.61,178.55,181.75,203340.86201705
1710662400,181.66,193.41,179.61,191.71,259501.54988421
1710676800,191.73,195.79,188.22,195.4,305567.47737717
1710691200,195.33,198.0,191.97,195.63,368719.16964435996
1710705600,195.59,204.12,195.39,201.69,411816.41896215
1710720000,201.7,205.0,193.6,203.8,398173.39648699004
1710734400,203.75,204.9,200.0,203.07,157196.56081732
1710748800,203.13,209.9,198.2,207.86,452705.73197794
1710763200,207.86,209.19,198.2,203.77,491686.26407410996
1710777600,203.72,206.13,195.4,198.36,403368.35421693
1710792000,198.37,205.01,195.34,195.96,324143.555904
1710806400,195.9,198.7,179.89,184.29,627552.5440927199
1710820800,184.25,189.1,180.5,186.05,403587.62206415
1710835200,186.07,186.07,170.81,177.75,547028.3314105801
1710849600,177.79,186.0,174.4,182.8,529926.29416205
1710864000,182.81,186.47,179.95,181.44,335667.64600736
1710878400,181.42,181.96,165.37,169.76,620567.12127235
1710892800,169.76,176.92,169.08,169.86,354984.06666559004
1710907200,169.8,174.2,162.41,173.34,317097.75142131
1710921600,173.28,175.17,169.29,171.96,263812.92180279
1710936000,171.95,176.73,169.79,170.56,427856.82207152003
1710950400,170.52,184.6,165.55,182.63,668892.87292195
1710964800,182.7,193.33,181.75,191.91,462512.20584318
1710979200,191.81,195.79,189.4,190.3,273517.45201752
1710993600,190.26,192.35,184.79,188.62,163540.8023074
1711008000,188.59,191.59,186.26,189.0,95379.05131542
1711022400,189.11,191.45,183.48,185.27,229623.62368651002
1711036800,185.3,188.0,175.5,177.9,373594.9890505
1711051200,177.91,181.9,175.82,179.4,163210.00229879998
1711065600,179.41,181.89,173.9,179.04,236172.20018907
1711080000,179.03,180.83,177.48,179.09,90028.81122726
1711094400,179.08,180.19,171.57,172.0,163254.43165423
1711108800,172.0,173.96,167.6,171.67,375515.10752967
1711123200,171.65,173.79,168.76,172.86,161839.548376
1711137600,172.87,175.24,168.21,175.24,144459.0490357
1711152000,175.24,178.68,170.33,171.94,190975.72434851
1711166400,171.94,177.62,171.42,175.99,83930.90245096
1711180800,175.98,177.11,174.0,175.92,69701.25410451999
1711195200,175.91,179.03,174.39,175.12,168792.27202899999
1711209600,175.12,180.0,173.7,174.79,188386.48730214
1711224000,174.79,175.5,172.5,172.7,87467.64516233999
1711238400,172.68,177.45,171.72,171.75,119749.41404953
1711252800,171.8,173.83,171.32,173.58,56051.08047603
1711267200,173.57,176.0,173.16,174.85,56210.406244750004
1711281600,174.87,177.2,174.54,176.2,82041.14453856999
1711296000,176.21,176.94,172.46,176.1,106149.8088997
1711310400,176.08,186.8,175.24,183.88,352961.9341221
1711324800,183.87,185.47,180.96,184.77,233088.95328069
1711339200,184.8,189.68,183.84,185.84,128417.40176031
1711353600,185.83,192.0,185.7,187.98,219594.81250102998
1711368000,187.98,194.6,186.42,192.84,335080.94687105005
1711382400,192.87,194.6,190.44,192.29,301640.62765193
1711396800,192.29,193.18,188.32,188.99,162701.7177642
1711411200,189.04,192.15,184.56,191.69,180677.14009943
1711425600,191.69,198.03,191.36,194.09,207515.99811173
1711440000,194.15,196.38,192.09,194.81,132007.43274753
1711454400,194.81,195.3,189.47,190.4,224319.85292631
1711468800,190.43,191.57,185.55,188.31,286258.89950689
1711483200,188.3,192.63,188.17,190.48,146182.03576582
1711497600,190.48,192.59,188.69,189.99,181298.97864773
1711512000,189.99,190.51,186.06,186.78,78517.1285428
1711526400,186.79,188.6,182.41,188.57,225266.96437728
1711540800,188.53,191.2,180.88,181.02,516122.73509264
1711555200,181.06,184.1,180.0,182.52,147599.09944533
1711569600,182.57,186.95,182.43,186.24,199294.77639815
1711584000,186.23,187.87,180.72,182.06,249152.94278154
1711598400,182.04,187.5,181.86,187.29,76240.49092603
1711612800,187.28,188.38,184.62,185.27,96875.61152694
1711627200,185.27,189.54,182.52,187.38,269185.28254506
1711641600,187.38,187.38,184.41,186.28,133959.59001993
1711656000,186.3,191.0,186.17,189.68,151792.47740359
1711670400,189.66,190.75,187.62,188.4,132555.31931233
1711684800,188.38,189.17,183.23,183.6,146585.49812314002
1711699200,183.59,186.48,183.5,185.84,138930.33325212
1711713600,185.86,189.85,184.23,184.86,145749.77143504
1711728000,184.91,187.78,184.54,187.76,159184.22393342
1711742400,187.73,193.08,187.42,192.15,206556.20558692
1711756800,192.14,194.55,190.85,192.95,149759.0043813
1711771200,192.95,199.98,192.72,195.9,231238.11998163
1711785600,195.86,198.99,193.4,197.89,94775.25547127999
1711800000,197.89,198.61,194.73,196.44,106872.53886147
1711814400,196.46,198.0,193.64,195.55,123635.41002372
1711828800,195.54,196.73,193.43,194.26,116062.55483302
1711843200,194.28,197.27,193.76,194.39,104986.30272542
1711857600,194.38,197.34,193.98,196.75,94367.21027646001
1711872000,196.76,197.2,195.43,195.83,52385.85277135
1711886400,195.84,197.71,195.46,195.65,75594.1606626
1711900800,195.66,200.96,195.49,200.17,280730.80070222
1711915200,200.17,203.15,198.5,202.38,249291.10602024
1711929600,202.41,204.25,200.89,202.64,171956.80650228
1711944000,202.58,203.76,193.46,197.98,171137.52487402
1711958400,198.02,198.09,194.89,195.24,115653.43484581
1711972800,195.21,197.82,186.91,188.02,357203.04575863003
1711987200,188.08,193.6,187.37,193.43,255841.9351146
1712001600,193.46,194.19,191.88,192.35,158051.15224809002
1712016000,192.37,192.39,182.02,183.82,288325.15437003004
1712030400,183.81,186.47,181.07,183.22,205712.23995444
1712044800,183.28,183.99,177.5,179.86,200360.25215132
1712059200,179.86,182.27,175.89,177.44,348024.49581136997
1712073600,177.44,186.98,176.65,185.76,273837.50401063
1712088000,185.77,186.54,180.72,181.54,223041.90710602
1712102400,181.58,189.0,177.0,188.52,229394.66376979
1712116800,188.54,191.96,186.96,189.64,125722.82604289
1712131200,189.7,191.73,186.51,187.89,80419.68907752
1712145600,187.9,191.27,186.5,189.06,131861.91326621
1712160000,189.13,191.31,184.17,185.83,153474.45561396
1712174400,185.84,186.63,182.19,185.11,121385.01267041
1712188800,185.12,187.47,181.11,181.53,123404.5439009
1712203200,181.54,185.78,180.27,184.92,97115.86298508
1712217600,184.96,186.27,184.4,185.59,47793.3300387
1712232000,185.59,189.6,185.36,187.06,210861.04824608
1712246400,187.09,190.22,185.57,185.81,188388.23025518
1712260800,185.8,188.52,181.0,184.15,216346.89573987
1712275200,184.11,185.23,177.6,179.51,174154.20665138
1712289600,179.48,180.42,173.0,175.04,212612.37046214
1712304000,175.05,177.14,169.17,169.87,186103.09343738
1712318400,169.86,177.58,168.0,176.1,354939.53132486
1712332800,176.11,176.95,172.46,175.49,164602.05478941998
1712347200,175.49,177.0,174.18,174.46,103474.59835197
1712361600,174.46,176.67,173.45,176.02,122749.74435180999
1712376000,176.0,178.27,174.67,177.32,77123.16869292999
1712390400,177.32,178.48,175.36,175.77,63770.23970897
1712404800,175.79,177.41,173.83,177.23,76818.607697
1712419200,177.22,179.0,176.69,177.41,101453.57901848
1712433600,177.41,179.87,176.77,178.73,141514.33087929
1712448000,178.71,182.73,177.34,180.76,175648.81034554
1712462400,180.76,181.57,179.21,179.8,102728.17830944
1712476800,179.8,181.03,178.7,180.75,76642.75192393
1712491200,180.73,182.23,179.54,179.68,116027.54705020999
1712505600,179.69,182.62,177.69,178.31,109634.30941834999
1712520000,178.31,180.04,176.84,179.53,100366.0597212
1712534400,179.52,179.54,175.27,176.38,136847.72471801
1712548800,176.37,181.14,175.74,180.1,89398.82746802
1712563200,180.11,184.63,179.48,182.62,174204.05379984
1712577600,182.63,183.49,179.31,181.42,211242.35253286
1712592000,181.43,182.3,178.54,179.38,179540.30479517
1712606400,179.43,181.45,179.13,180.66,132838.02530823
1712620800,180.65,180.9,176.76,177.44,135937.43202696
1712635200,177.4,178.63,175.01,175.68,108293.84600734
1712649600,175.58,176.43,173.51,176.19,84424.66139188
1712664000,176.19,176.54,168.89,172.48,249366.09121317
1712678400,172.48,177.6,171.58,174.22,261735.8907349
1712692800,174.21,175.84,172.1,172.31,112815.73677249
1712707200,172.27,173.0,169.22,171.34,137236.86579573998
1712721600,171.35,173.6,170.83,172.7,62404.52123867
1712736000,172.68,172.69,168.33,170.16,90890.91648008
1712750400,170.17,170.68,162.27,167.9,338488.64219976
1712764800,167.88,173.17,166.86,171.3,230183.81997894
1712779200,171.31,175.52,170.16,173.34,162901.58388135
1712793600,173.33,174.0,171.1,172.76,100386.82011328
1712808000,172.78,175.96,171.59,174.47,73520.42805388
1712822400,174.52,175.37,170.13,170.48,79137.72646867999
1712836800,170.48,175.31,170.04,173.41,146460.44488971
1712851200,173.41,176.34,171.96,174.65,154499.74510664
1712865600,174.62,175.62,171.92,172.35,99643.57648665
1712880000,172.34,174.34,172.3,174.12,69587.10955939
1712894400,174.08,175.99,172.94,173.23,64377.78058561
1712908800,173.23,173.63,171.28,172.61,48402.83112913
1712923200,172.61,172.65,166.55,167.25,172445.53892116
1712937600,167.25,167.76,143.0,149.36,803419.6083839
1712952000,149.28,154.99,148.77,153.24,342669.85909121
1712966400,153.22,153.51,145.55,151.82,321804.59042589
1712980800,151.82,154.99,150.64,151.08,164536.03532088
1712995200,151.08,153.45,149.54,151.27,94473.57688299
1713009600,151.24,153.04,148.4,148.98,140067.01944462
1713024000,148.98,149.66,131.03,134.18,880584.23754242
1713038400,134.18,143.9,121.88,138.48,1507893.59442688
1713052800,138.59,141.12,130.0,134.98,532508.49538793
1713067200,135.07,144.64,133.94,144.16,320190.0381436
1713081600,144.15,145.62,138.34,138.96,178003.72153138
1713096000,138.91,143.45,135.58,138.08,272371.92529451
1713110400,138.06,143.21,133.54,141.83,352600.51401663
1713124800,141.83,152.95,139.84,151.44,454441.83329882997
1713139200,151.42,151.42,146.56,148.28,164230.21823749001
1713153600,148.27,156.27,146.22,153.9,173547.04511594
1713168000,153.89,155.14,151.0,151.12,169540.26598275
1713182400,151.1,152.47,141.56,143.42,444367.22947743
1713196800,143.45,144.78,133.7,137.89,400546.83943851
1713211200,137.99,140.26,135.5,138.56,199354.00795871002
1713225600,138.56,140.69,133.74,134.67,160153.93046221999
1713240000,134.66,138.97,130.5,137.97,180714.2139334
1713254400,137.94,138.08,130.0,136.21,162706.1065322
1713268800,136.22,136.22,127.55,127.68,440707.07091951
1713283200,127.68,135.4,126.51,132.16,418901.89221096
1713297600,132.16,138.06,131.65,136.26,196041.81921629
1713312000,136.28,138.34,134.95,137.44,142598.42350781002
1713326400,137.4,142.77,136.74,139.48,160695.76589001
1713340800,139.48,140.24,134.11,134.38,99649.03380675
1713355200,134.38,135.09,127.38,128.71,484837.17960435
1713369600,128.71,137.89,126.68,134.62,492212.09755025
1713384000,134.64,137.91,131.62,131.84,236662.40066795
1713398400,131.83,136.62,129.7,135.6,180442.20176837
1713412800,135.55,136.79,129.09,129.43,157804.49950255
1713427200,129.44,137.0,127.7,135.84,153903.10674105998
1713441600,135.76,141.63,132.0,139.11,301519.56428932
1713456000,139.11,141.68,135.69,140.42,223122.84111466998
1713470400,140.42,143.94,139.64,142.14,137130.57221459
1713484800,142.14,142.14,128.47,136.51,642393.63727105
1713499200,136.52,146.89,136.24,143.37,399350.69091172004
1713513600,143.44,146.23,142.59,144.56,199209.9290214
1713528000,144.56,147.63,141.74,146.24,281382.01587015
1713542400,146.22,147.57,143.71,145.57,179205.49928902
1713556800,145.57,145.8,139.85,142.56,300874.06102947
1713571200,142.54,143.63,139.7,142.45,112622.08918097
1713585600,142.48,145.07,141.68,143.54,66286.47322862
1713600000,143.58,143.64,140.14,141.6,58680.607284440004
1713614400,141.6,147.5,141.0,147.25,119444.11262419
1713628800,147.3,151.87,146.38,151.26,242926.8901376
1713643200,151.29,152.48,149.16,151.33,115534.23619417001
1713657600,151.28,153.59,148.16,150.71,148341.75052455
1713672000,150.71,151.83,149.97,151.17,54105.8344409
1713686400,151.15,152.73,149.64,151.52,47783.90342345
1713700800,151.53,151.8,148.61,150.14,93999.1675172
1713715200,150.15,150.38,146.8,148.0,101728.94417993
1713729600,148.0,150.91,147.52,148.82,121287.22119075
1713744000,148.81,151.49,146.7,150.4,242833.58133119
1713758400,150.4,156.71,150.02,153.67,144768.45880392002
1713772800,153.71,154.74,152.39,153.35,62220.03975041
1713787200,153.34,155.0,151.66,153.54,157999.28882703
1713801600,153.54,156.2,152.48,154.66,143168.88858698
1713816000,154.65,158.5,154.15,157.02,158784.08890383
1713830400,157.02,159.4,155.52,155.6,124848.02561856
1713844800,155.6,156.93,153.15,153.65,89573.08867472
1713859200,153.65,155.63,153.21,154.14,54075.48684012
1713873600,154.14,159.84,153.68,157.98,216470.39210305
1713888000,158.01,160.0,157.11,157.4,156874.39622494997
1713902400,157.48,157.76,154.53,154.69,168987.97952487
1713916800,154.69,158.93,154.42,156.72,184075.56812063
1713931200,156.73,159.78,156.28,157.86,116388.228003
1713945600,157.86,159.38,156.5,159.37,63979.66211066
1713960000,159.33,159.64,151.04,151.45,263856.78501041
1713974400,151.43,153.8,147.34,149.75,316308.37496918
1713988800,149.67,150.37,145.25,147.71,179934.10619303
1714003200,147.71,149.49,144.77,146.02,130930.56137951999
1714017600,146.0,148.52,144.75,146.23,82355.22027814
1714032000,146.25,147.5,143.13,144.79,141598.78236421
1714046400,144.78,148.28,142.04,147.71,299942.41621957
1714060800,147.7,149.3,146.5,146.83,144359.98580331
1714075200,146.83,148.92,144.68,144.83,176834.12951823
1714089600,144.84,145.12,141.41,143.25,128064.35000622
1714104000,143.21,144.85,142.37,143.46,52022.10694811
1714118400,143.45,144.59,142.23,143.16,46497.88987888
1714132800,143.11,146.11,141.11,142.62,172392.97885641002
1714147200,142.61,144.23,141.65,142.66,88320.54915644
1714161600,142.64,143.77,138.73,139.22,126275.44988397999
1714176000,139.19,140.17,133.0,136.26,229789.007862
1714190400,136.22,137.19,135.5,136.07,71263.47102575
1714204800,136.08,136.74,135.19,135.83,47595.02212808
1714219200,135.82,139.75,135.61,137.63,101661.08530145
1714233600,137.64,142.4,137.37,142.23,157917.89271074
1714248000,142.25,142.97,139.9,141.22,81039.99637283
1714262400,141.24,144.6,140.71,143.75,109747.03321627999
1714276800,143.74,144.35,142.8,143.47,68617.51021414
1714291200,143.46,143.88,140.85,141.17,53582.03710103
1714305600,141.15,142.89,141.08,141.95,43507.9821103
1714320000,141.94,143.91,141.76,142.0,61162.20396463
1714334400,141.98,142.28,137.02,137.98,150065.33145945
1714348800,137.98,138.9,134.65,134.9,129600.08477827
1714363200,134.93,136.75,134.04,134.98,92541.14875892
1714377600,134.93,136.76,133.63,134.67,94468.86156739
1714392000,134.57,137.53,133.93,136.47,147444.34758086
1714406400,136.47,136.65,133.37,134.91,168740.54722608
1714420800,134.91,138.68,133.95,137.73,162395.76038072
1714435200,137.73,139.74,134.9,136.47,158147.41451311
1714449600,136.48,136.69,134.64,135.05,101196.95679899
1714464000,135.03,135.49,128.24,128.72,264789.12115539
1714478400,128.71,130.31,126.57,127.68,279133.78513728
1714492800,127.67,127.67,121.0,122.85,472239.07460889
1714507200,122.86,128.7,122.8,126.66,232071.03920137
1714521600,126.63,127.39,123.39,126.07,162252.7364836
1714536000,126.1,126.66,118.68,120.44,231738.23368752
1714550400,120.44,122.92,118.8,122.91,191777.62876361
1714564800,122.89,124.79,121.36,123.25,295857.74644154997
1714579200,123.24,135.86,122.48,129.53,520561.53914491
1714593600,129.57,135.05,128.69,134.46,241956.72979156
1714608000,134.45,134.89,128.57,129.93,177040.83403241998
1714622400,129.92,132.89,128.16,131.28,90222.98481191
1714636800,131.31,140.0,131.01,138.75,266901.19138805
1714651200,138.75,140.43,135.04,139.13,277793.52384949
1714665600,139.15,139.87,137.02,138.03,121986.87921655
1714680000,138.03,141.0,135.61,137.57,156734.30502524
1714694400,137.57,141.76,136.61,141.01,125768.06416745
1714708800,141.01,141.59,136.8,137.22,104259.52665275
1714723200,137.21,139.16,132.1,136.87,146299.60536666
1714737600,136.86,144.0,136.45,142.11,361457.2543604
1714752000,142.14,143.22,141.16,142.9,126412.16865918
1714766400,142.84,145.03,142.55,143.73,148929.8015173
1714780800,143.75,145.0,142.25,144.24,104557.27899047
1714795200,144.24,146.4,143.77,144.02,77655.97465732999
1714809600,144.0,149.11,144.0,146.58,104273.17892452999
1714824000,146.56,148.34,145.59,146.22,90339.18456595001
1714838400,146.23,147.58,145.28,147.39,76345.19083968
1714852800,147.44,148.0,145.81,146.06,75582.99610439
1714867200,146.07,147.3,143.0,144.68,119643.75181806
1714881600,144.69,146.05,144.17,145.67,91946.97926905
1714896000,145.68,146.7,145.13,146.64,25786.64265725
1714910400,146.65,148.0,145.33,147.49,62958.21820432
1714924800,147.5,147.88,145.69,146.04,85630.58515575
1714939200,146.04,146.21,144.68,145.74,75441.33625073
1714953600,145.74,148.1,145.44,146.25,89035.64116101
1714968000,146.25,149.36,145.93,148.74,81870.26807877
1714982400,148.73,157.03,148.73,154.06,241738.15823021
1714996800,154.06,156.29,149.74,153.86,302819.71222665
1715011200,153.85,154.19,151.0,153.51,159174.50197956
1715025600,153.5,155.98,152.54,152.83,127253.26385018001
1715040000,152.85,158.0,151.83,153.9,183120.88798608998
1715054400,153.91,156.27,153.16,155.16,94107.17088863
1715068800,155.11,159.18,154.82,154.98,101710.10041291
1715083200,154.95,157.0,152.18,154.72,139866.08090754
1715097600,154.73,155.5,150.75,151.16,149427.76502794
1715112000,151.13,152.41,148.0,148.05,169889.35852878
1715126400,148.04,149.95,147.12,149.44,132795.37255318998
1715140800,149.47,149.84,145.77,146.42,122653.59725018
1715155200,146.39,146.97,144.8,145.32,91285.94353676
1715169600,145.35,148.85,144.37,145.85,185664.08470873
1715184000,145.82,149.06,144.59,145.41,119924.10065518
1715198400,145.47,145.89,140.0,142.13,247212.83480553998
1715212800,142.14,144.76,141.9,144.05,145576.45044894
1715227200,144.04,145.74,142.49,143.19,110209.88992089
1715241600,143.19,143.94,140.53,142.75,77414.69195028
1715256000,142.75,147.84,141.55,146.41,168621.99629139
1715270400,146.41,151.0,145.7,150.86,240659.84869493
1715284800,150.86,153.37,149.19,152.54,176297.16339281
1715299200,152.55,154.52,151.33,153.88,107246.57203822999
1715313600,153.93,155.74,152.29,154.33,83207.20564182999
1715328000,154.36,155.17,152.96,154.97,76189.99592737999
1715342400,155.0,155.4,145.86,146.91,492112.94134602
1715356800,146.89,148.58,145.24,147.11,273527.92325463
1715371200,147.1,147.97,144.41,146.01,185373.82300494
1715385600,146.01,147.66,143.29,143.62,264368.99940624
1715400000,143.62,146.42,143.5,145.71,70712.58351827
1715414400,145.72,145.8,143.05,144.18,56354.64464206
1715428800,144.17,146.95,143.81,145.62,74018.90984602
1715443200,145.62,146.69,144.78,146.38,65464.48255778
1715457600,146.38,146.48,145.02,145.37,43831.245240870005
1715472000,145.37,146.88,145.19,146.32,45496.89265571
1715486400,146.35,147.69,143.65,144.14,73688.10880204
1715500800,144.13,146.26,143.8,144.96,95365.09846923
1715515200,144.97,145.65,144.0,145.14,41155.37237765
1715529600,145.14,146.33,144.32,144.88,50455.15490225
1715544000,144.88,145.21,142.57,143.35,63008.74519888
1715558400,143.36,145.85,138.33,140.1,196811.8275208
1715572800,140.09,144.0,137.82,143.48,113513.26844085
1715587200,143.5,147.34,143.5,145.56,158043.37545658
1715601600,145.57,148.27,144.74,147.23,212247.54981564
1715616000,147.25,150.8,145.8,148.82,256246.03171677
1715630400,148.78,149.74,146.71,147.49,133457.83510494
1715644800,147.5,151.5,145.65,146.29,284470.37784204
1715659200,146.26,148.99,143.65,146.48,74456.14029445
1715673600,146.48,147.36,145.28,146.49,58396.53680815
1715688000,146.49,148.33,141.83,142.83,217430.8858674
1715702400,142.86,144.57,141.75,143.72,95725.36635278
1715716800,143.71,143.82,141.86,141.96,89360.19278378
1715731200,141.98,144.06,141.22,143.87,89869.610715
1715745600,143.86,144.59,143.11,144.26,46429.56146852
1715760000,144.24,146.04,143.1,144.21,117736.33443687
1715774400,144.22,154.13,143.67,151.5,550401.3146911
1715788800,151.5,155.06,151.0,155.03,304011.16352024
1715803200,155.04,158.86,154.32,158.6,213565.62563507
1715817600,158.6,163.87,158.22,163.13,307788.1816743
1715832000,163.14,163.59,161.3,162.76,106246.32672996001
1715846400,162.75,164.75,161.75,163.77,118419.77636292
1715860800,163.73,163.82,157.46,160.46,345708.83670795
1715875200,160.45,160.6,156.7,159.09,210438.06447464
1715889600,159.11,159.62,157.5,159.37,78821.4777988
1715904000,159.37,162.85,159.34,162.23,132200.96105699
1715918400,162.22,169.9,161.03,169.26,163555.4642236
1715932800,169.3,170.0,167.23,167.46,100437.49621707
1715947200,167.48,171.18,165.86,169.77,203195.87966953
1715961600,169.77,172.08,166.31,168.98,180932.53251447
1715976000,168.98,169.89,167.41,169.48,115441.02787995001
1715990400,169.51,174.49,168.7,173.29,132291.9352553
1716004800,173.28,173.95,172.09,172.31,72722.72130342
1716019200,172.31,175.99,172.17,174.42,95808.3405453
1716033600,174.42,174.71,169.79,172.47,161817.57863856
1716048000,172.46,172.66,170.42,172.29,94899.72608333
1716062400,172.28,173.72,171.71,172.46,78152.60494762
1716076800,172.45,175.16,172.02,174.35,66764.59716232
1716091200,174.36,175.51,172.43,174.15,70325.03924737
1716105600,174.14,174.52,170.88,171.81,61627.08664909
1716120000,171.81,171.88,166.01,168.28,141165.75544256
1716134400,168.3,171.72,167.3,169.31,90855.17257749
1716148800,169.32,171.65,168.32,169.92,66925.48647987
1716163200,169.92,173.47,167.7,172.09,97492.54999187001
1716177600,172.09,178.59,171.74,178.03,136655.4255802
1716192000,178.01,179.3,176.12,177.72,88189.28148863
1716206400,177.72,179.5,175.26,179.02,139060.00192253
1716220800,179.01,188.41,178.15,187.31,306954.23584742
1716235200,187.37,187.76,182.27,186.74,405961.19757013
1716249600,186.71,188.9,182.79,184.28,204569.79106195
1716264000,184.26,185.0,180.27,181.26,95387.38051872
1716278400,181.26,183.76,180.31,180.35,134099.08310841
1716292800,180.37,181.21,176.0,176.64,378209.08223091
1716307200,176.71,178.8,174.26,175.27,245305.83329202
1716321600,175.26,178.57,175.12,178.12,188777.79464455
1716336000,178.12,179.28,176.44,177.9,119134.68454399
1716350400,177.9,182.83,175.0,179.82,210248.73831963
1716364800,179.83,181.3,178.05,178.05,97271.57641072001
1716379200,178.06,182.71,176.22,181.33,242179.53732075
1716393600,181.34,183.46,177.37,178.3,315860.5230682
1716408000,178.3,180.7,176.16,176.84,210326.99544439
1716422400,176.85,179.21,175.54,178.65,161460.13914601
1716436800,178.65,178.65,176.2,177.36,271691.40236755
1716451200,177.37,177.85,169.01,175.6,249134.13793875
1716465600,175.58,176.91,168.99,172.58,406188.86234741
1716480000,172.58,175.1,170.4,170.7,232808.22327960999
1716494400,170.7,180.96,165.61,176.11,460934.38921319
1716508800,176.07,176.07,171.46,171.93,165858.49590431002
1716523200,171.93,171.97,165.11,166.19,184260.36816126
1716537600,166.11,166.54,162.45,166.26,122713.54760799
1716552000,166.2,169.01,164.98,167.23,359130.13917841
1716566400,167.22,170.29,164.62,168.28,265981.90914512
1716580800,168.27,168.77,166.65,167.68,125368.22740214001
1716595200,167.68,169.75,165.89,169.58,70300.14452975
1716609600,169.58,170.11,168.07,168.94,40196.04065322
1716624000,168.92,170.49,168.29,168.57,57437.60560334
1716638400,168.58,168.86,166.65,167.79,79612.92965443
1716652800,167.79,168.05,166.35,167.17,95950.71379265
1716667200,167.17,168.62,166.54,168.33,74912.26932246
1716681600,168.33,168.39,164.72,166.22,146219.20956101
1716696000,166.21,166.89,164.5,165.26,80813.40660758
1716710400,165.23,165.49,162.18,163.88,200638.25464659
1716724800,163.87,165.67,161.94,162.75,242336.32954869999
1716739200,162.75,163.35,160.36,162.57,215944.8175158
1716753600,162.6,164.05,160.78,163.24,129044.84119157
1716768000,163.25,166.25,163.17,165.25,142443.74364429
1716782400,165.27,166.32,163.7,165.46,49186.92644133
1716796800,165.42,167.94,164.9,167.64,49913.18234719
1716811200,167.63,171.3,166.55,170.9,108942.62313208
1716825600,170.88,172.12,166.52,168.51,136904.87927019
1716840000,168.47,171.55,168.22,170.02,99399.69066541
1716854400,170.02,171.99,165.96,167.26,126896.06477919
1716868800,167.27,167.46,164.82,165.94,61120.23834647
1716883200,165.94,170.19,165.72,169.67,56412.97048105
1716897600,169.65,173.11,166.56,168.05,202112.80350179
1716912000,168.05,170.6,165.85,170.2,138303.62475332
1716926400,170.24,170.56,168.16,168.5,78810.64516328
1716940800,168.5,172.35,167.25,172.13,96156.82774422
1716955200,172.14,173.8,170.6,170.65,81178.72062704
1716969600,170.67,170.9,167.5,168.1,86199.93463577
1716984000,168.11,169.8,167.01,168.48,303539.9374194
1716998400,168.52,171.66,167.52,169.26,124200.9520289
1717012800,169.31,169.77,167.72,168.13,124012.95192015999
1717027200,168.11,170.74,167.7,169.8,79315.85587262
1717041600,169.81,170.77,164.14,164.95,92341.78117009
1717056000,164.88,167.17,163.48,166.06,88803.48001436
1717070400,166.06,169.72,165.85,168.39,356545.66680369
1717084800,168.41,172.54,167.87,168.38,189581.23953273002
1717099200,168.38,168.38,166.2,166.83,138224.81879068
1717113600,166.81,167.49,165.57,167.16,81391.7280893
1717128000,167.15,167.6,165.0,166.59,75123.10425549
1717142400,166.54,168.82,166.01,168.62,87872.83691354
1717156800,168.62,170.88,164.62,164.65,227016.7326819
1717171200,164.65,166.74,163.75,166.1,225028.19064796
1717185600,166.14,166.85,164.89,165.51,51941.22029799
1717200000,165.5,167.66,165.49,166.9,90550.51363485001
1717214400,166.89,167.35,166.31,166.7,33851.66737482
1717228800,166.7,167.22,166.43,166.77,15248.87546192
1717243200,166.74,167.81,166.65,167.2,41961.11669359
1717257600,167.2,167.43,166.72,167.21,35966.34475372
1717272000,167.22,167.64,165.55,165.99,70942.87443343
1717286400,165.99,166.97,165.37,166.06,43431.98002618
1717300800,166.05,166.35,164.8,164.85,107469.99773637
1717315200,164.85,166.03,163.89,165.9,49902.43366067
1717329600,165.9,166.12,164.51,164.99,107262.88956985
1717344000,164.99,165.19,161.27,163.03,135952.97638464
1717358400,163.01,163.6,161.62,163.02,130698.95263012999
1717372800,163.03,165.11,161.5,163.5,148310.45247097
1717387200,163.5,165.73,162.67,165.26,53747.88086872
1717401600,165.27,166.76,164.49,164.79,35735.67609623
1717416000,164.79,167.14,163.0,164.85,252029.40642489
1717430400,164.86,166.98,163.7,166.97,158294.00993769
1717444800,166.98,167.12,164.4,164.88,97499.82136046
1717459200,164.88,166.83,164.3,166.45,74506.97284873
1717473600,166.44,166.94,164.88,165.24,30138.81217489
1717488000,165.23,165.81,164.4,165.45,33252.7062505
1717502400,165.44,167.94,165.23,167.91,241690.21553711
1717516800,167.93,170.38,167.78,169.56,204131.06450525002
1717531200,169.55,171.88,168.31,171.81,96868.33964368
1717545600,171.81,174.94,171.06,172.95,202518.89157619
1717560000,172.94,174.15,172.32,173.4,65551.92168253
1717574400,173.46,174.1,172.03,172.81,64618.85851695
1717588800,172.81,175.1,171.21,174.78,225718.68942819
1717603200,174.78,175.62,172.5,172.99,127483.36119594
1717617600,173.03,173.85,172.75,173.58,80780.27682803001
1717632000,173.57,174.6,173.18,173.87,53393.11685147
1717646400,173.87,174.07,171.55,172.59,51429.70104989
1717660800,172.58,173.38,172.13,173.06,37032.83619139
1717675200,173.08,173.67,172.35,172.93,95811.24295824001
1717689600,172.93,173.05,168.64,169.05,170733.78335429
1717704000,169.04,170.82,167.59,170.1,101780.87052771
1717718400,170.1,170.61,168.95,170.53,63348.070892129996
1717732800,170.53,172.51,170.41,171.94,46009.45952543001
1717747200,171.94,172.33,170.86,172.09,48409.27702897
1717761600,172.08,172.72,169.07,170.01,99845.69241251
1717776000,170.02,170.25,153.75,161.97,525929.59844784
1717790400,161.94,163.17,161.0,162.47,101741.72837278
1717804800,162.46,163.08,161.67,162.64,49504.96457035
1717819200,162.62,163.72,161.28,163.53,40240.3635371
1717833600,163.48,163.57,160.02,160.4,45463.91798335
1717848000,160.39,161.33,158.24,160.1,145655.29786626
1717862400,160.12,161.01,158.82,159.82,63695.40061315
1717876800,159.82,159.97,157.3,157.79,68048.55109564
1717891200,157.79,158.79,156.51,157.8,52591.22232623
1717905600,157.78,159.75,157.27,159.01,29482.13604464
1717920000,159.01,159.8,158.66,159.42,15738.69722867
1717934400,159.41,161.87,159.2,161.61,64963.308258720004
1717948800,161.61,163.0,160.55,162.15,63327.50150786
1717963200,162.15,162.39,161.27,162.12,35569.62970717
1717977600,162.12,162.21,159.61,159.81,39988.28576165
1717992000,159.81,160.52,157.48,157.62,53406.40145228
1718006400,157.61,160.16,157.55,159.4,35120.80499228
1718020800,159.38,163.18,157.67,162.36,85591.95363589001
1718035200,162.39,162.88,160.03,160.42,70699.78581067
1718049600,160.42,160.66,158.24,158.98,64532.66809426
1718064000,158.99,159.67,155.0,156.01,125882.23922023
1718078400,155.97,156.1,152.39,153.3,107285.27607179
1718092800,153.33,155.17,152.69,153.74,61334.57267519
1718107200,153.77,154.39,146.16,147.57,399224.4658691
1718121600,147.51,149.77,144.95,149.25,483930.83952045
1718136000,149.21,150.31,148.05,149.32,162126.781311
1718150400,149.32,149.87,145.46,149.63,114182.65252553
1718164800,149.63,151.94,149.52,151.75,64584.11306928
1718179200,151.74,153.52,150.98,151.71,50630.72461141
1718193600,151.74,161.85,151.61,158.87,279964.6533365
1718208000,158.89,159.84,150.84,153.48,281621.42109985
1718222400,153.33,155.61,152.8,155.18,143657.23108397
1718236800,155.18,155.18,149.65,151.53,151447.21049326
1718251200,151.51,152.83,150.78,152.1,53665.8790212
1718265600,152.1,152.4,149.08,149.63,79054.17126877
1718280000,149.6,152.15,146.05,146.81,288610.65289058
1718294400,146.81,148.9,146.13,147.67,129375.71894081
1718308800,147.65,148.36,145.97,147.23,101686.02361552001
1718323200,147.23,148.44,145.83,147.44,159266.24311721
1718337600,147.43,148.75,146.67,147.5,62598.795257980004
1718352000,147.5,148.67,147.05,147.94,58664.96097814001
1718366400,148.0,148.94,142.82,143.68,228252.74621393002
1718380800,143.68,143.98,139.56,141.7,308623.85852942
1718395200,141.7,145.02,141.4,142.98,127095.27013623
1718409600,142.98,144.85,142.84,144.84,61491.01693668999
1718424000,144.84,145.45,143.54,143.67,45255.74923414
1718438400,143.67,144.52,142.87,144.38,34982.06818262
1718452800,144.39,145.33,143.92,145.09,43928.56999341
1718467200,145.08,145.68,144.02,144.56,54645.76657615
1718481600,144.57,145.6,143.77,145.45,44699.06868178
1718496000,145.45,145.5,143.8,143.91,39016.734320870004
1718510400,143.91,145.16,142.97,144.4,34084.019143469995
1718524800,144.37,145.6,143.72,144.91,22212.67978419
1718539200,144.92,148.73,144.69,148.44,79839.62043985
1718553600,148.43,149.25,147.5,148.67,56000.7443956
1718568000,148.64,151.26,148.27,151.22,117200.74682911
1718582400,151.22,151.73,147.01,147.28,107016.29936092
1718596800,147.26,149.1,145.67,146.54,74144.95255285999
1718611200,146.54,147.19,141.57,143.81,114587.71019576999
1718625600,143.81,144.52,140.69,141.13,123970.80978053
1718640000,141.14,146.72,139.77,144.47,190731.68320156
1718654400,144.47,144.56,141.35,143.25,133623.14519956
1718668800,143.24,143.76,128.0,135.62,582614.58145206
1718683200,135.59,137.86,134.72,136.71,129581.50451892
1718697600,136.69,138.85,135.62,137.12,134729.35217949
1718712000,137.12,137.73,132.82,135.97,288309.45593407
1718726400,135.95,136.11,130.34,133.04,323135.20285522
1718740800,133.0,138.43,132.0,137.37,264100.97629137
1718755200,137.34,141.44,136.04,140.12,231145.02834923
1718769600,140.13,141.88,139.47,139.95,82275.23887988
1718784000,139.94,140.23,136.93,137.91,89164.65141788
1718798400,137.9,138.82,135.46,136.85,120148.94272008
1718812800,136.85,138.98,135.62,136.61,133164.89419557998
1718827200,136.62,136.76,134.41,135.59,117954.04905607
1718841600,135.59,137.17,132.54,132.99,283228.19952045
1718856000,132.98,138.1,132.5,137.08,143744.80142085
1718870400,137.13,141.28,136.36,139.27,150122.11912897
1718884800,139.27,139.67,132.53,133.18,291323.60819434
1718899200,133.16,135.72,131.81,134.15,167274.69900194
1718913600,134.12,134.81,133.34,133.49,87113.16452418
1718928000,133.49,134.73,131.63,132.62,141774.56545458
1718942400,132.6,133.19,130.58,131.37,156523.07243738
1718956800,131.39,132.7,129.59,131.98,149699.14639183
1718971200,131.97,133.7,129.3,131.31,248982.10476731003
1718985600,131.35,133.82,128.61,132.55,274512.97090614
1719000000,132.55,135.34,131.89,134.54,173276.11418999
1719014400,134.56,135.17,132.91,134.99,74426.49765244
1719028800,135.01,136.64,134.46,134.79,68197.1274609
1719043200,134.77,134.88,133.65,134.42,29473.56708034
1719057600,134.43,134.7,133.82,134.2,56561.69242049
1719072000,134.2,134.94,133.86,134.44,52054.97981368
1719086400,134.45,134.58,133.08,133.65,38335.09151028
1719100800,133.64,135.05,133.52,134.72,49334.35248365
1719115200,134.7,134.96,134.16,134.64,21898.76443007
1719129600,134.64,134.74,133.41,133.97,22380.00221423
1719144000,133.96,134.31,131.35,131.51,69138.41668822
1719158400,131.5,132.45,130.34,131.4,99434.88632669
1719172800,131.38,131.44,128.0,128.59,191815.54603714
1719187200,128.58,129.68,126.0,126.14,203312.90132740999
1719201600,126.13,126.59,123.13,125.13,345674.25216258003
1719216000,125.13,127.4,122.18,127.0,267751.05838311
1719230400,127.0,129.8,125.58,126.3,458250.50625081
1719244800,126.25,130.3,125.81,127.44,531806.29322285
1719259200,127.42,132.57,125.7,132.26,408768.25420057
1719273600,132.27,136.64,131.14,135.76,348752.90993535
1719288000,135.76,136.79,134.63,134.74,196390.56902614
1719302400,134.76,139.14,133.43,137.74,374387.22909834003
1719316800,137.74,139.89,136.38,139.41,237492.02127429
1719331200,139.41,139.6,137.0,138.71,148436.46322677
1719345600,138.74,138.98,135.86,136.53,147065.73740597
1719360000,136.54,140.37,136.1,138.43,113884.08170563
1719374400,138.44,138.77,136.26,137.89,55432.62803352
1719388800,137.91,138.14,136.0,137.28,57796.9118803
1719403200,137.28,139.52,136.04,136.88,175335.04580050998
1719417600,136.87,137.73,134.76,137.68,122006.92455053999
1719432000,137.66,138.4,136.19,136.72,102741.95075794001
1719446400,136.73,137.83,135.53,137.42,72995.65223407
1719460800,137.42,137.64,135.06,135.79,40648.3592698
1719475200,135.78,139.33,135.4,138.88,73828.96538426999
1719489600,138.85,151.15,138.37,147.62,574724.36277479
1719504000,147.64,149.3,146.45,148.23,170522.6040803
1719518400,148.24,150.21,147.85,149.48,172361.93972326998
1719532800,149.48,150.62,146.48,147.43,161430.38059493
1719547200,147.42,147.46,143.63,145.19,91946.79748044
1719561600,145.19,146.01,144.6,145.29,46412.18779979
1719576000,145.31,146.75,140.62,142.98,369611.56861524
1719590400,142.95,143.63,139.82,140.67,252827.62162561002
1719604800,140.66,141.37,138.72,139.75,156549.22144182998
1719619200,139.75,142.31,139.69,141.51,143359.59261459002
1719633600,141.51,142.28,139.94,141.75,110228.85424118
1719648000,141.77,142.97,141.25,142.42,71157.72855870001
1719662400,142.42,142.76,141.09,142.44,129226.60474462999
1719676800,142.43,142.5,140.63,141.45,124732.10814679001
1719691200,141.45,141.55,139.45,140.0,154894.07777727
1719705600,140.0,140.86,137.91,138.06,147648.61495662
1719720000,138.05,140.85,136.89,140.38,132713.61555588
1719734400,140.39,141.54,139.99,140.87,107001.92853576
1719748800,140.88,143.74,140.29,143.54,100456.75799615
1719763200,143.55,145.62,142.54,144.62,118909.82084565001
1719777600,144.6,147.44,143.67,146.37,151821.69069299998
1719792000,146.36,148.9,145.75,147.45,160993.83302209
1719806400,147.45,148.58,147.02,148.16,60055.60816864
1719820800,148.16,148.99,145.67,145.95,56567.51925213
1719835200,145.94,148.59,145.86,148.3,195026.3521894
1719849600,148.3,149.11,146.41,147.15,291038.09945943
1719864000,147.16,148.11,145.8,146.52,82744.88693966
1719878400,146.51,149.66,145.98,149.0,84075.5788535
1719892800,149.01,149.76,146.79,147.25,77882.04141002
1719907200,147.23,149.84,146.69,149.46,54972.69254997
1719921600,149.47,151.67,147.0,148.21,182490.59585573
1719936000,148.21,153.44,147.47,152.56,198982.34182606998
1719950400,152.58,154.8,152.03,153.81,132610.72704334
1719964800,153.81,154.26,149.05,150.32,133220.69883691
1719979200,150.33,150.33,146.18,146.18,134217.53774676
1719993600,146.18,147.05,142.56,143.85,192703.98823269998
1720008000,143.85,144.13,140.72,141.43,488633.11455445003
1720022400,141.42,143.03,138.93,140.25,250290.43127568
1720036800,140.25,141.91,138.91,140.69,208314.85391086998
1720051200,140.69,142.61,132.44,136.98,355189.33440334
1720065600,136.98,137.27,133.7,134.3,145626.75826260002
1720080000,134.29,135.78,132.17,132.61,162465.96911375
1720094400,132.62,135.86,129.6,135.28,262150.72696997
1720108800,135.3,135.9,133.58,133.92,122131.48107073
1720123200,133.91,135.6,127.14,127.83,236621.37270101
1720137600,127.83,129.22,121.04,123.64,493613.89016203
1720152000,123.63,127.67,121.01,126.68,279099.11531884
1720166400,126.67,131.0,122.08,130.09,301696.03203637
1720180800,130.08,135.0,128.33,134.93,376216.38172448
1720195200,134.94,136.45,133.67,135.01,240701.36424994
1720209600,134.99,135.8,133.83,134.31,107360.11326476
1720224000,134.31,137.9,132.36,134.43,121890.30585872
1720238400,134.42,137.4,133.57,136.95,71699.29689331
1720252800,136.95,140.65,136.45,138.73,88415.68483955
1720267200,138.75,142.19,137.79,141.92,168266.83352744
1720281600,141.92,143.57,140.75,142.83,143469.52212225
1720296000,142.83,144.31,142.15,143.07,97746.13278324
1720310400,143.05,143.37,140.31,142.11,122212.10578132
1720324800,142.12,142.12,138.06,139.1,108826.69260499
1720339200,139.09,140.67,138.74,139.87,36293.48767667
1720353600,139.86,140.81,135.51,137.02,144137.39662717
1720368000,137.04,139.62,136.71,137.31,83115.36190774
1720382400,137.31,137.85,131.17,131.61,166712.86592565
1720396800,131.59,132.97,127.75,130.74,275468.15481221
1720411200,130.72,133.97,129.91,132.58,103854.08630734
1720425600,132.61,141.87,132.36,140.57,241270.87185708
1720440000,140.55,141.93,133.54,137.36,340391.06954448
1720454400,137.41,138.56,135.02,138.32,172132.99005127
1720468800,138.31,141.08,137.28,139.77,175201.99672055
1720483200,139.78,141.14,136.44,140.38,159555.19200354
1720497600,140.42,143.41,140.03,142.14,134313.02401013
1720512000,142.11,144.28,140.28,141.92,86939.14286468
1720526400,141.86,143.1,138.6,140.52,129053.76241303
1720540800,140.52,143.09,140.1,142.11,222332.0719139
1720555200,142.11,143.5,140.85,141.44,95371.58785349
1720569600,141.45,141.84,138.58,141.75,94087.54633783
1720584000,141.74,146.31,141.71,144.21,184920.10048172
1720598400,144.2,144.53,142.28,142.78,65469.1950319
1720612800,142.78,143.17,139.94,141.12,143512.75498425
1720627200,141.14,142.61,140.29,141.06,86521.22319384001
1720641600,141.07,142.46,140.09,141.99,62022.76940297
1720656000,141.98,143.2,139.09,140.28,101130.48440166
1720670400,140.3,142.51,140.08,142.09,35237.51321446
1720684800,142.09,143.98,142.09,143.52,63971.11527563
1720699200,143.52,146.0,137.72,138.48,345412.74181989
1720713600,138.47,139.02,136.4,136.55,137888.29896545
1720728000,136.55,137.58,135.68,135.7,164835.44247536
1720742400,135.7,138.21,134.04,136.54,148192.65902811
1720756800,136.54,137.06,134.51,135.43,73997.77471027
1720771200,135.42,135.92,133.91,135.67,42785.85998193
1720785600,135.66,139.36,135.49,138.87,195096.59560298
1720800000,138.86,140.63,137.76,138.53,193388.88241912
1720814400,138.52,139.58,136.66,139.55,78880.39194713
1720828800,139.55,139.96,138.3,138.81,42436.31555929
1720843200,138.8,139.54,137.99,139.4,21080.42555415
1720857600,139.4,140.99,138.48,140.13,29699.54740865
1720872000,140.14,140.63,139.22,140.4,52163.05823131
1720886400,140.4,140.89,139.25,139.86,80006.78353535
1720900800,139.86,143.64,139.14,141.93,167190.0777925
1720915200,141.92,145.23,141.92,144.02,216117.1432078
1720929600,144.01,146.04,144.0,144.85,77959.85843562
1720944000,144.88,147.0,144.71,144.93,94057.99388304999
1720958400,144.94,146.08,143.45,145.94,108441.5059291
1720972800,145.94,146.04,144.6,145.27,61300.44374789
1720987200,145.26,148.6,145.14,147.69,125351.62449874
1721001600,147.7,152.23,147.07,151.5,263487.61424903
1721016000,151.49,154.17,150.81,153.33,111483.14696087
1721030400,153.33,154.13,150.95,151.69,74777.48726656
1721044800,151.67,154.3,151.67,153.01,109518.32011137
1721059200,153.01,157.26,152.6,155.49,246121.79535068
1721073600,155.48,160.13,155.39,159.55,198387.83150788
1721088000,159.5,160.3,156.22,157.97,169896.30709185
1721102400,157.97,158.86,153.74,154.53,121766.75661391
1721116800,154.52,157.68,152.61,157.39,91202.1555021
1721131200,157.4,161.66,154.49,161.03,192322.87765202002
1721145600,161.03,162.62,158.9,161.96,223839.41351941
1721160000,161.98,162.06,159.0,160.69,250684.69888645
1721174400,160.69,163.84,160.16,160.97,208420.64076985
1721188800,160.97,162.66,160.13,160.63,107433.46771492
1721203200,160.66,163.72,159.62,160.88,80103.78115483
1721217600,160.86,162.14,157.78,158.12,126772.26734747
1721232000,158.12,158.34,154.5,156.83,226410.46279006
1721246400,156.84,157.3,154.88,155.51,78932.90738335
1721260800,155.51,159.96,155.51,158.92,84917.90624585
1721275200,158.97,160.0,156.99,158.65,70401.58725573
1721289600,158.68,159.91,158.14,159.46,28603.38745661
1721304000,159.46,161.63,156.01,156.37,151517.325049
1721318400,156.37,157.69,155.18,156.95,138452.4911639
1721332800,156.95,160.35,156.29,159.21,109568.61436202
1721347200,159.19,161.96,156.16,161.8,98969.67233343
1721361600,161.81,165.57,159.0,161.43,187707.25296630998
1721376000,161.43,163.48,158.84,162.64,217515.39039327
1721390400,162.64,169.09,162.26,168.85,524075.60636924
1721404800,168.84,172.57,168.33,170.54,239599.77978605998
1721419200,170.56,170.69,167.95,169.21,99938.4200502
1721433600,169.21,171.91,168.37,169.67,69251.82240829
1721448000,169.66,170.49,168.59,168.66,42197.516931289996
1721462400,168.7,169.95,167.74,168.13,33431.360197079994
1721476800,168.15,169.83,167.27,169.36,55755.378300929995
1721491200,169.35,174.67,169.0,172.51,266172.19248663
1721505600,172.51,175.0,172.51,173.68,107556.86948575999
1721520000,173.68,175.57,172.84,173.22,78806.88021793
1721534400,173.21,173.84,171.02,171.35,66900.21763394
1721548800,171.35,173.15,171.11,172.92,43411.90519826
1721563200,172.92,176.65,171.43,175.5,82847.1559904
1721577600,175.49,178.15,170.38,178.07,276490.74499272
1721592000,178.06,185.0,177.45,184.51,322139.74027871
1721606400,184.52,184.99,180.61,180.97,145753.91557789
1721620800,180.97,181.84,177.68,178.44,77221.31709987
1721635200,178.43,180.98,176.75,180.63,61681.95821095
1721649600,180.62,181.9,176.94,179.87,164296.38923307002
1721664000,179.88,183.21,178.65,182.92,128548.47979879001
1721678400,182.93,183.45,177.13,178.98,116317.09978129
1721692800,178.95,180.67,177.16,179.1,87748.26898590001
1721707200,179.11,179.12,173.82,176.05,103476.09975028
1721721600,176.06,178.77,174.16,175.65,98233.0233503
1721736000,175.66,179.5,172.17,176.67,188195.32103998
1721750400,176.63,177.08,170.2,172.06,205655.60047851
1721764800,172.06,174.8,171.19,173.03,90981.12880249
1721779200,173.05,174.51,170.94,173.68,95467.47118824
1721793600,173.68,174.6,172.22,174.25,26616.10475161
1721808000,174.24,178.53,173.66,177.79,72137.18459672
1721822400,177.79,182.0,176.23,177.78,225434.18032081
1721836800,177.79,182.5,176.41,178.16,226313.00952075003
1721851200,178.2,180.29,175.55,178.0,130784.38377432
1721865600,178.03,179.81,168.25,170.55,333315.44551605
1721880000,170.53,172.92,169.22,169.35,162714.05319895002
1721894400,169.38,171.21,166.79,168.76,174358.34952025002
1721908800,168.76,172.08,165.65,170.36,253991.37300323002
1721923200,170.41,172.64,166.61,168.09,172456.81998136
1721937600,168.09,172.87,165.36,171.82,198716.39278658002
1721952000,171.81,177.02,171.67,175.72,152514.4062843
1721966400,175.73,177.73,175.59,176.75,79246.28701652
1721980800,176.76,180.0,176.75,178.8,105656.23127179
1721995200,178.78,183.57,177.46,181.52,362061.10640228
1722009600,181.52,183.0,180.7,182.26,153067.97176197
1722024000,182.26,183.68,181.12,183.06,101648.06759999
1722038400,183.08,184.3,181.32,182.68,97268.64838943
1722052800,182.68,186.25,182.55,185.86,145269.30691277
1722067200,185.84,187.36,184.29,185.44,85007.99512472001
1722081600,185.44,188.31,181.6,182.49,180510.66697919002
1722096000,182.54,183.59,179.51,181.5,154111.86994713
1722110400,181.53,186.8,178.06,183.56,374921.07592958
1722124800,183.56,186.67,182.38,184.33,111754.68006678
1722139200,184.32,184.88,180.99,183.85,113021.64327314
1722153600,183.84,185.85,183.0,185.25,50137.94263633
1722168000,185.27,186.59,183.74,184.14,112072.91904067
1722182400,184.13,185.54,183.11,184.76,64331.93273195
1722196800,184.77,185.43,182.55,184.9,69560.0589787
1722211200,184.91,193.33,184.39,192.23,357459.24710224
1722225600,192.22,193.89,190.91,192.32,108661.31089258
1722240000,192.29,192.39,190.3,190.81,96769.48702069
1722254400,190.81,193.23,185.56,186.92,276684.91244605003
1722268800,186.91,187.45,184.09,186.85,203935.96882512
1722283200,186.84,186.88,181.57,182.52,189625.35100619
1722297600,182.52,183.8,179.27,182.55,184438.66909240998
1722312000,182.54,184.72,181.17,182.3,221265.17844243
1722326400,182.3,182.82,180.04,180.98,55181.940433179996
1722340800,180.98,182.66,178.66,180.94,291904.02694051
1722355200,180.94,181.5,176.21,177.9,180171.43521424
1722369600,177.92,180.0,175.35,179.11,135455.98210281
1722384000,179.11,181.5,178.0,180.91,107985.28393436
1722398400,180.86,183.78,178.02,183.01,114779.77199092001
1722412800,183.01,184.43,181.16,181.6,100705.73821287
1722427200,181.59,184.25,179.64,179.99,233164.15776142
1722441600,180.02,182.61,174.81,176.47,308670.06771345995
1722456000,176.47,176.95,171.53,171.62,290110.5710049
1722470400,171.61,172.93,168.33,168.52,424524.49423466995
1722484800,168.5,169.68,165.9,168.15,171290.39961398
1722499200,168.15,169.83,167.94,169.63,84583.52477264
1722513600,169.63,171.37,161.18,162.56,527117.56127251
1722528000,162.56,162.88,157.67,162.23,470047.70675763
1722542400,162.23,168.35,161.04,167.22,276828.76305947
1722556800,167.23,169.34,161.36,164.16,168589.4081161
1722571200,164.17,165.16,158.95,161.26,166527.29330317
1722585600,161.27,165.26,160.27,164.24,216607.43720086
1722600000,164.22,167.51,152.62,156.64,641788.8164699799
1722614400,156.63,157.31,149.78,151.13,359233.77256799
1722628800,151.11,154.88,149.79,152.57,295800.93255337
1722643200,152.57,153.82,148.4,153.4,233144.43095141
1722657600,153.4,153.4,151.01,151.5,76829.12555958
1722672000,151.48,152.48,148.21,152.28,123321.87700259
1722686400,152.29,153.46,145.93,146.06,170440.47440736
1722700800,146.11,147.49,139.73,140.33,482310.07476706
1722715200,140.33,143.88,140.0,142.45,238945.41870983999
1722729600,142.44,145.99,141.81,144.26,115512.22276240999
1722744000,144.23,144.37,140.5,140.73,83993.40523616
1722758400,140.72,144.45,139.49,143.46,115914.58154369
1722772800,143.44,145.05,134.86,135.09,392118.93368569005
1722787200,135.09,142.89,131.11,141.96,797486.34024927
1722801600,141.97,143.98,137.25,138.25,298294.03267343
1722816000,138.26,139.27,121.96,126.1,1451843.22656947
1722830400,126.11,130.09,110.0,122.92,1400892.4828057801
1722844800,122.9,123.93,110.55,115.98,716072.93840036
1722859200,115.99,133.0,110.03,130.55,1399079.87376472
1722873600,130.53,135.74,126.79,128.79,849313.99409613
1722888000,128.79,135.36,128.36,129.81,433680.38854103
1722902400,129.84,141.21,129.37,138.68,503687.57718009
1722916800,138.69,144.11,137.58,142.08,274577.96254291
1722931200,142.08,142.18,136.44,139.49,188478.74408586
1722945600,139.5,146.42,136.13,145.96,477798.97562027
1722960000,145.96,148.44,145.0,146.37,366611.50969917
1722974400,146.35,149.61,143.31,144.46,356413.97511419
1722988800,144.46,151.83,142.41,151.74,458282.52521798003
1723003200,151.71,155.06,150.62,152.5,315047.73732267
1723017600,152.52,154.99,150.84,151.73,272351.99030849
1723032000,151.73,154.61,146.28,148.47,503972.46209467
1723046400,148.47,149.45,142.36,143.15,444327.20744517
1723060800,143.15,147.56,142.32,144.77,307771.8243438
1723075200,144.78,156.34,141.43,153.05,534285.31144903
1723089600,153.04,155.58,151.38,153.65,398070.5214168
1723104000,153.71,155.72,152.98,154.16,127886.15512974
1723118400,154.16,160.84,152.59,160.67,562254.04954838
1723132800,160.68,162.9,155.27,155.9,398053.97801059
1723147200,155.9,163.7,155.43,163.18,419125.59240198
1723161600,163.16,163.58,158.26,158.93,379216.60943585
1723176000,158.93,159.75,154.65,157.96,244450.43751157002
1723190400,157.96,159.7,155.3,156.65,167846.7124043
1723204800,156.66,157.39,151.15,151.15,331258.05873658
1723219200,151.16,154.37,150.79,153.65,256943.37955250998
1723233600,153.64,157.4,151.48,156.32,230470.45017196
1723248000,156.35,158.83,153.32,154.21,216132.37847440998
1723262400,154.21,155.48,152.54,155.45,61784.24900708
1723276800,155.46,155.91,153.61,154.89,64694.90460717
1723291200,154.88,155.27,152.8,154.01,74458.9813161
1723305600,154.0,155.36,153.05,154.56,67235.84398241
1723320000,154.56,155.2,153.68,154.05,54730.259195599996
1723334400,154.06,157.01,153.69,155.71,67242.69868532999
1723348800,155.71,156.85,154.83,156.7,36024.20167213
1723363200,156.72,158.0,153.08,153.73,49316.63305271
1723377600,153.73,153.84,147.99,148.76,204807.66754407
1723392000,148.77,149.82,145.61,145.8,155702.24897685
1723406400,145.82,145.86,141.2,141.57,371828.61469643004
1723420800,141.56,144.85,141.21,143.92,155256.65603423002
1723435200,143.92,146.78,142.21,145.98,101033.81112739
1723449600,145.97,151.19,143.64,150.32,242371.07160378
1723464000,150.33,150.53,143.02,147.62,319917.34811984
1723478400,147.61,148.25,142.88,143.75,164708.89066533
1723492800,143.77,147.5,141.79,146.31,132812.88795814
1723507200,146.31,147.37,142.89,143.71,108701.98373072
1723521600,143.69,147.08,143.02,146.0,59464.05049087
1723536000,145.99,146.41,143.28,145.89,64949.46160587
1723550400,145.91,147.71,144.71,146.1,122200.41702163
1723564800,146.09,149.98,144.88,146.58,201324.78732493
1723579200,146.6,147.93,145.74,146.7,74602.58234827
1723593600,146.71,147.33,143.65,145.17,90977.90293099999
1723608000,145.17,145.81,144.21,145.78,44424.81667256
1723622400,145.78,150.07,144.89,148.1,183078.33859722002
1723636800,148.09,152.21,144.67,146.74,447504.59198613
1723651200,146.77,147.3,143.76,144.26,137891.72284116
1723665600,144.26,144.74,142.34,143.73,100040.48691639
1723680000,143.74,145.43,143.21,144.69,94130.81742868
1723694400,144.7,144.88,140.95,142.47,142807.23099043002
1723708800,142.49,143.53,141.29,143.13,82100.24568313
1723723200,143.12,146.56,142.01,145.97,173173.79442097
1723737600,145.96,147.61,137.8,140.02,399176.98971183
1723752000,140.01,144.92,138.75,142.57,343533.13118735
1723766400,142.57,144.39,140.72,142.0,197336.27842375002
1723780800,142.02,144.85,141.61,144.56,69186.58877646
1723795200,144.56,144.9,141.83,142.0,62740.07197163
1723809600,142.02,142.66,136.33,137.96,292032.58973338
1723824000,137.95,141.53,136.02,140.99,206997.34027897002
1723838400,141.0,141.95,139.03,139.08,95698.90599711
1723852800,139.07,140.35,137.66,138.96,70469.38484405
1723867200,138.95,139.77,138.63,139.47,24476.30409557
1723881600,139.46,140.19,138.14,139.15,33359.77696638
1723896000,139.14,141.79,138.93,140.18,83464.47160206
1723910400,140.19,141.66,140.12,141.1,58988.43117992
1723924800,141.11,142.0,140.71,141.96,38119.23016181
1723939200,141.96,143.3,141.03,141.19,83731.92170605
1723953600,141.2,142.0,140.55,141.57,21664.356050640003
1723968000,141.57,147.15,141.32,144.63,220861.36275333
1723982400,144.62,146.74,144.01,145.81,451546.43605155
1723996800,145.83,146.67,144.36,146.46,137156.08791726
1724011200,146.47,147.09,142.32,142.45,90917.2933013
1724025600,142.41,143.47,141.57,143.22,77012.14141946
1724040000,143.24,143.53,141.93,142.33,35974.17040954
1724054400,142.34,143.34,140.38,142.38,68099.81834301
1724068800,142.37,144.7,141.71,143.91,127833.82662277001
1724083200,143.92,146.25,142.56,142.96,155189.01722459
1724097600,142.96,144.59,142.72,144.31,108379.20827517999
1724112000,144.3,147.91,143.5,145.67,181622.01281164
1724126400,145.65,148.9,145.45,147.5,161659.94611227
1724140800,147.54,147.77,145.23,145.47,61614.73659647
1724155200,145.43,146.48,141.01,142.17,219269.79377514
1724169600,142.17,144.41,141.65,144.04,89665.68863945
1724184000,144.05,144.5,142.21,142.28,108019.57299978
1724198400,142.27,143.1,141.57,142.57,71367.43494807
1724212800,142.57,143.89,142.25,143.19,71059.22093855
1724227200,143.22,143.55,141.0,141.33,78239.87364604
1724241600,141.32,142.49,138.81,140.36,256589.61947207
1724256000,140.37,143.73,139.66,143.48,164579.99990679
1724270400,143.49,144.41,142.08,142.82,177387.32280218
1724284800,142.83,143.29,140.64,141.76,89432.71017069
1724299200,141.76,143.7,141.45,143.36,32731.21393515
1724313600,143.35,144.79,142.66,144.58,86222.07276382
1724328000,144.54,144.9,142.05,142.66,155017.07621743
1724342400,142.64,143.6,142.41,142.74,54214.02595486
1724356800,142.75,143.77,142.7,143.25,44821.31807861
1724371200,143.24,145.75,143.19,144.49,75998.0069041
1724385600,144.49,145.94,144.38,145.15,81736.84539977
1724400000,145.17,145.49,143.41,143.49,77908.78380987
1724414400,143.49,147.26,142.75,144.4,223184.18926449
1724428800,144.39,150.26,144.1,149.75,271225.08515742
1724443200,149.76,154.16,149.72,153.39,236044.71330647
1724457600,153.38,154.69,152.03,153.35,154775.82196000998
1724472000,153.35,155.45,153.23,154.7,52925.91444861
1724486400,154.69,158.79,154.39,157.4,147663.84492853
1724500800,157.4,159.89,156.99,159.57,196159.03370375
1724515200,159.55,162.36,159.5,160.61,280441.42685141996
1724529600,160.62,161.19,157.33,160.72,178456.75186682
1724544000,160.71,160.79,157.36,158.31,83831.69480523
1724558400,158.34,159.16,155.27,156.19,113227.84588971
1724572800,156.19,157.95,155.77,157.35,43900.69843473
1724587200,157.32,159.95,157.0,159.4,78683.43357213
1724601600,159.45,160.42,158.52,159.16,69790.64434078
1724616000,159.16,162.01,158.49,158.99,115485.62556641
1724630400,158.98,160.23,157.48,160.16,83329.68731759
1724644800,160.16,161.17,158.38,159.16,77924.34553115
1724659200,159.17,162.0,158.53,160.41,79222.35435089
1724673600,160.42,161.69,155.91,157.71,211762.39713787998
1724688000,157.7,159.39,155.63,158.07,147406.72725442
1724702400,158.05,159.34,156.46,157.12,85647.40545728999
1724716800,157.12,159.06,157.03,158.55,81288.31134478
1724731200,158.55,159.73,157.34,157.76,43539.65465518
1724745600,157.75,158.03,153.35,154.24,93607.45751251001
1724760000,154.24,155.8,152.8,153.74,187602.36040086
1724774400,153.74,155.57,153.22,154.96,147199.30407247
1724788800,154.95,155.04,145.0,146.81,382378.91036523
1724803200,146.81,148.34,145.36,148.19,122081.75949029
1724817600,148.19,148.89,143.75,143.95,91185.94503808001
1724832000,143.98,148.12,142.73,147.16,114152.89388518
1724846400,147.15,148.7,143.18,144.12,232437.093304
1724860800,144.15,145.61,140.55,144.27,232521.97629673
1724875200,144.29,146.61,141.51,143.94,115930.90608734
1724889600,143.97,145.05,143.0,143.31,68565.44364295
1724904000,143.36,145.39,143.2,144.71,48237.123011690004
1724918400,144.68,146.98,144.41,145.68,67937.52519399
1724932800,145.63,147.38,144.72,146.12,104440.733597
1724947200,146.13,146.86,138.6,140.3,216608.97142359
1724961600,140.29,141.43,138.1,140.04,197941.4049928
1724976000,140.04,141.1,138.4,138.75,115467.41347108
1724990400,138.75,139.89,137.03,139.01,94006.94881356
1725004800,139.03,140.03,138.32,138.66,28644.183815739998
1725019200,138.66,140.71,132.5,133.31,274559.86119907
1725033600,133.32,137.84,132.03,135.96,197083.85984401
1725048000,135.98,138.49,135.62,137.96,94655.36595087001
1725062400,138.0,139.22,137.5,138.27,43838.66027741
1725076800,138.26,138.76,137.38,137.6,21004.78827417
1725091200,137.6,137.86,135.79,136.99,24387.96084285
1725105600,136.99,137.35,135.43,136.63,40390.503663999996
1725120000,136.63,136.68,134.6,135.0,46078.47785686
1725134400,134.98,136.31,134.49,135.32,36769.62754762
1725148800,135.33,135.6,132.86,134.07,61683.35408946
1725163200,134.06,134.07,131.06,132.78,106499.21819233
1725177600,132.77,132.79,130.21,131.89,171617.662939
1725192000,131.88,134.84,130.0,134.26,112899.69764294001
1725206400,134.25,135.89,131.77,135.24,148442.522284
1725220800,135.24,136.15,127.79,128.5,171759.16095669998
1725235200,128.5,130.68,128.27,130.19,97734.53881679999
1725249600,130.18,130.34,127.0,127.63,247005.91600211
1725264000,127.63,132.91,127.25,131.8,77559.99872803
1725278400,131.82,133.44,130.0,132.53,84551.47180641
1725292800,132.54,133.87,131.75,133.04,73315.82882844
1725307200,133.04,135.44,132.8,134.97,101422.31843463
1725321600,134.95,137.47,134.12,135.51,123417.0749589
1725336000,135.5,135.89,133.3,134.61,54035.124331729996
1725350400,134.57,134.63,132.75,134.36,49728.390391630004
1725364800,134.35,135.48,129.29,129.75,187150.04806722
1725379200,129.76,132.22,129.28,130.9,98156.32757832
1725393600,130.91,131.57,126.97,127.5,138142.25616591
1725408000,127.49,128.85,122.3,127.69,330475.54235170997
1725422400,127.68,131.38,126.49,130.27,226384.97629139
1725436800,130.3,130.65,128.05,128.41,56454.09527474
1725451200,128.41,134.17,127.89,133.86,236254.50283127
1725465600,133.84,135.0,132.59,133.15,287137.83720523
1725480000,133.16,134.63,132.86,133.61,56664.81385225
1725494400,133.61,134.42,131.22,131.56,55598.64715335
1725508800,131.56,134.24,130.82,133.06,46927.11309437
1725523200,133.07,133.79,131.68,132.8,38977.33297624
1725537600,132.8,135.51,130.14,130.58,164600.91484923
1725552000,130.6,131.1,127.89,128.41,233130.57092495
1725566400,128.4,129.88,128.11,129.36,61873.830238020004
1725580800,129.36,131.53,128.61,130.64,57388.15770492
1725595200,130.69,131.15,126.98,128.0,170048.13024035
1725609600,127.99,131.03,127.87,130.21,115303.37357992001
1725624000,130.22,134.45,126.82,128.0,476357.49474812
1725638400,127.99,128.25,123.79,125.05,374796.55476387
1725652800,125.01,125.9,120.51,125.01,285222.55736815004
1725667200,125.01,125.8,124.1,125.13,71701.4950347
1725681600,125.14,128.44,125.06,127.6,58552.735749169995
1725696000,127.59,127.79,126.72,126.98,26370.09719845
1725710400,126.98,129.49,126.91,128.84,57270.45976825
1725724800,128.83,129.18,126.25,128.32,74265.53128174
1725739200,128.34,128.41,126.42,127.71,36807.61290406
1725753600,127.71,128.49,126.87,128.24,46186.61251557
1725768000,128.24,130.08,127.84,129.57,25988.73817688
1725782400,129.58,131.02,129.17,130.09,87330.25263391
1725796800,130.12,130.26,126.6,126.76,58961.59909392
1725811200,126.74,129.32,126.61,128.7,40963.958057179996
1725825600,128.71,131.67,128.33,130.13,74841.83705076
1725840000,130.12,131.02,127.95,128.59,73889.23904189
1725854400,128.59,129.39,127.52,129.29,27459.60347356
1725868800,129.28,130.98,129.21,129.42,42150.63786605
1725883200,129.41,130.18,127.0,128.39,122790.97077198999
1725897600,128.39,135.03,128.24,135.03,312444.50532582996
1725912000,135.02,137.1,133.72,135.09,160844.60151012
1725926400,135.1,135.22,132.76,132.92,105254.60383842
1725940800,132.94,135.3,132.56,135.0,42936.15450287
1725955200,134.98,135.5,134.02,135.23,48561.30676819
1725969600,135.22,136.36,133.33,134.15,110536.66015125
1725984000,134.14,138.0,133.73,136.7,173892.40833619
1725998400,136.65,136.8,135.16,135.61,70673.6870957
1726012800,135.64,135.91,133.3,133.61,82837.34435163
1726027200,133.52,133.56,131.06,132.41,88027.86295473
1726041600,132.35,132.43,130.35,132.0,46832.7581709
1726056000,131.97,133.33,128.14,131.18,184783.59724511998
1726070400,131.12,133.59,131.08,132.8,161464.25854766
1726084800,132.8,133.23,132.04,132.42,81520.948142
1726099200,132.42,136.03,132.39,135.65,158549.40577669
1726113600,135.63,136.26,134.33,134.91,47527.45969274
1726128000,134.9,135.39,134.16,134.82,34777.91483526
1726142400,134.79,136.76,133.41,133.53,120502.57095435
1726156800,133.54,135.78,133.48,135.77,120183.93752638
1726171200,135.76,136.77,135.06,136.05,188699.25709232
1726185600,136.05,136.2,134.33,134.45,41828.78355576
1726200000,134.46,134.86,133.69,134.57,43956.84492199
1726214400,134.59,134.67,132.52,132.58,58414.87820436001
1726228800,132.6,136.75,131.71,136.61,147936.07033211
1726243200,136.6,138.29,136.0,138.09,190057.13139867
1726257600,138.1,139.96,137.97,139.13,183062.46591499
1726272000,139.13,139.9,138.57,139.48,62798.43674528
1726286400,139.49,139.62,137.5,137.56,99891.41479172
1726300800,137.56,137.63,136.57,136.86,25197.80495306
1726315200,136.86,138.23,136.57,137.42,48264.82215023
1726329600,137.41,137.91,135.67,136.6,57269.25753458
1726344000,136.61,137.39,136.61,137.15,21217.26376132
1726358400,137.15,137.99,137.08,137.49,34239.91714154
1726372800,137.46,137.53,136.86,137.18,20948.22624065
1726387200,137.18,137.18,135.17,135.6,50996.342768179995
1726401600,135.56,136.37,134.7,135.78,79918.18891463999
1726416000,135.77,135.85,132.97,133.46,128153.84131701
1726430400,133.47,133.53,130.42,131.4,129949.85719462
1726444800,131.4,131.86,129.25,130.62,86190.51033527999
1726459200,130.61,131.41,130.4,131.24,35961.44274245
1726473600,131.23,132.37,130.66,131.87,38442.13725829
1726488000,131.87,132.36,129.95,131.44,73993.90715117
1726502400,131.45,131.75,128.84,131.11,162720.93617666
1726516800,131.1,131.91,129.91,131.46,69468.02258615999
1726531200,131.45,132.0,130.32,131.13,58054.34680967001
1726545600,131.14,132.82,130.74,132.25,29353.20853806
1726560000,132.25,133.4,131.76,131.94,89116.72429456
1726574400,131.95,135.55,130.93,134.6,197194.89997661998
1726588800,134.66,134.95,131.06,132.22,125558.07546091
1726603200,132.26,132.73,131.13,131.56,66303.7714964
1726617600,131.56,132.15,130.24,131.68,67606.49818631
1726632000,131.68,131.85,130.6,131.33,27517.2995948
1726646400,131.33,131.33,128.11,129.41,66802.63755347
1726660800,129.43,130.34,127.08,127.65,129678.58736029
1726675200,127.68,133.08,127.25,129.46,339622.04408498
1726689600,129.48,134.47,128.39,134.35,133672.70576164
1726704000,134.37,138.68,134.3,138.04,300693.70090154
1726718400,138.06,139.17,137.66,138.58,199255.40233496
1726732800,138.58,139.7,138.28,139.51,128948.93597805
1726747200,139.49,143.08,139.49,142.99,372414.58606022
1726761600,142.99,144.03,142.51,143.07,181458.17552424
1726776000,143.1,143.82,141.1,142.89,157648.87954235
1726790400,142.88,144.72,141.21,144.67,112798.14675581
1726804800,144.67,152.41,144.5,151.05,245794.2501937
1726819200,151.06,151.79,150.0,150.58,101038.05323203
1726833600,150.59,151.15,145.91,147.88,266267.52214769
1726848000,147.9,148.41,144.7,146.68,168878.76280711
1726862400,146.68,147.99,146.26,146.66,78442.22334207999
1726876800,146.66,148.0,145.01,145.99,68571.72531476
1726891200,145.97,147.74,144.59,147.45,48334.46657732
1726905600,147.45,147.93,146.45,147.21,21607.74214635
1726920000,147.22,149.46,146.72,147.67,104090.03233296
1726934400,147.67,148.8,147.2,147.4,56715.76684961
1726948800,147.39,149.87,147.22,149.45,51526.13903066
1726963200,149.45,149.94,147.13,148.11,55266.7013725
1726977600,148.1,149.01,146.39,147.17,42090.81251652
1726992000,147.17,147.59,144.12,144.85,50094.96024297
1727006400,144.86,145.18,142.63,143.12,106357.67413649999
1727020800,143.12,145.44,142.43,144.65,76626.73056788
1727035200,144.66,145.8,141.04,144.64,111969.03292789
1727049600,144.65,149.1,142.13,147.75,159349.96856128
1727064000,147.75,148.22,145.15,145.48,81202.60072848
1727078400,145.49,145.61,143.1,143.58,68847.24871233999
1727092800,143.58,145.45,142.57,144.24,175675.14930426
1727107200,144.23,145.0,142.76,143.32,88233.74309882
1727121600,143.32,145.33,142.42,144.78,170436.77799046
1727136000,144.79,146.91,143.11,146.64,234471.13466007
1727150400,146.64,147.34,145.36,147.19,106754.48479444
1727164800,147.18,149.05,145.94,146.46,124320.73739227999
1727179200,146.46,148.54,144.16,145.51,135458.51602315
1727193600,145.51,148.58,145.32,148.28,108063.32842439
1727208000,148.28,153.95,148.02,152.74,296597.47677969
1727222400,152.74,153.96,151.06,151.98,164990.87929315
1727236800,152.0,152.25,148.97,149.73,73796.67193747
1727251200,149.77,151.0,149.4,150.93,41356.39879207
1727265600,150.94,152.96,149.71,150.39,123969.76967524
1727280000,150.42,152.05,148.86,149.94,122519.17310227
1727294400,149.97,150.88,147.25,147.93,79741.44274433001
1727308800,147.95,149.55,146.52,149.18,92580.70633477
1727323200,149.18,151.84,148.62,151.77,66052.83034469999
1727337600,151.8,153.15,150.47,152.94,86693.06487034
1727352000,152.91,158.0,151.33,157.13,312817.47659095
1727366400,157.14,158.03,155.34,155.54,184253.87483143999
1727380800,155.55,156.41,153.95,155.57,109551.83575418999
1727395200,155.56,156.49,154.0,155.71,124549.01049186
1727409600,155.69,158.89,155.64,157.51,84578.57711857
1727424000,157.52,159.24,155.77,156.1,75606.63150871999
1727438400,156.08,161.36,155.5,159.07,271206.3912525
1727452800,159.05,159.66,157.08,157.64,161358.34157763
1727467200,157.61,158.6,157.34,157.66,50051.44348406
1727481600,157.67,159.44,157.61,158.69,56667.6734098
1727496000,158.69,158.91,156.23,156.39,46283.35723935
1727510400,156.39,157.6,155.02,157.17,55029.48645966
1727524800,157.2,158.04,156.23,156.86,49637.05926178
1727539200,156.88,157.44,156.38,156.88,58022.47730478
1727553600,156.88,157.06,155.62,156.77,62871.63989788
1727568000,156.78,158.55,156.23,157.77,84128.02713953
1727582400,157.77,158.18,155.02,155.49,68006.96323821999
1727596800,155.51,156.91,155.09,156.78,53921.71962961
1727611200,156.77,157.61,155.68,157.29,64958.56917658
1727625600,157.29,159.7,156.61,159.43,77317.24141925
1727640000,159.45,161.8,157.9,158.49,141898.5381642
1727654400,158.49,159.77,155.32,156.2,103935.88976133
1727668800,156.2,157.74,155.12,156.85,45063.8361412
1727683200,156.85,156.94,153.67,155.59,73907.40145787
1727697600,155.58,157.33,154.1,154.15,91186.64357166
1727712000,154.15,155.68,153.91,154.98,96500.24456145
1727726400,154.99,156.92,151.65,152.5,131087.2275836
1727740800,152.5,155.16,151.39,154.99,187573.2004213
1727755200,155.0,157.1,154.7,156.79,127834.74774293
1727769600,156.79,157.32,155.95,156.47,37029.53741891
1727784000,156.46,156.65,146.05,149.59,540656.4007313501
1727798400,149.57,149.93,142.5,145.39,319890.48552993
1727812800,145.38,146.41,142.22,145.1,179947.92903613
1727827200,145.08,148.0,143.39,147.21,126436.35949739
1727841600,147.17,149.03,146.13,147.75,106096.25497579998
1727856000,147.75,148.44,145.05,146.12,58845.99612392
1727870400,146.12,147.74,142.68,147.48,180065.61734748
1727884800,147.48,148.52,138.55,139.97,472200.67029250995
1727899200,139.96,141.68,138.59,140.16,154632.73175658
1727913600,140.15,142.97,138.6,142.86,142594.630039
1727928000,142.86,142.86,139.88,139.91,43272.69251286
1727942400,139.88,140.06,135.25,136.83,175452.55537160998
1727956800,136.82,138.55,133.1,135.56,368888.71807283
1727971200,135.55,137.46,133.62,137.35,116795.17393327999
1727985600,137.33,137.93,135.25,136.8,84814.62511933
1728000000,136.81,138.79,135.91,137.32,85234.18133117999
1728014400,137.32,139.74,137.27,139.52,62370.42339477
1728028800,139.53,141.01,139.15,140.08,75738.81189715001
1728043200,140.09,142.62,138.08,142.42,219342.85972874
1728057600,142.41,144.6,141.75,143.87,231227.53253147
1728072000,143.88,144.66,142.6,143.22,95615.08105941
1728086400,143.24,144.04,141.7,141.81,66096.73410894
1728100800,141.79,144.55,141.55,143.8,34839.32887368
1728115200,143.79,144.9,143.31,143.43,33313.29631585
1728129600,143.47,144.17,142.51,142.89,43546.209890699996
1728144000,142.89,143.05,141.99,142.16,40940.14292516
1728158400,142.16,142.98,140.99,142.59,35777.37758021
1728172800,142.61,143.65,142.0,142.68,27136.8596303
1728187200,142.67,143.42,142.07,142.96,13215.95551649
1728201600,142.97,144.31,142.6,144.01,19473.66481535
1728216000,144.03,146.64,143.94,145.94,72850.40929662
1728230400,145.97,146.51,144.87,145.43,102290.15196945
1728244800,145.42,146.76,144.3,146.48,57463.213191799994
1728259200,146.47,150.99,145.87,149.89,218101.8835421
1728273600,149.91,150.51,147.91,148.0,49067.42696817
1728288000,148.02,149.18,145.64,147.37,76276.96356382
1728302400,147.3,152.27,146.33,148.67,217447.30552783003
1728316800,148.68,149.39,145.51,147.05,149420.8411016
1728331200,147.08,147.24,143.41,143.94,141267.13815316
1728345600,143.95,145.54,143.41,144.65,74429.37453031
1728360000,144.65,145.01,142.03,143.04,55479.43708433
1728374400,143.02,144.56,142.66,144.42,47805.61223382
1728388800,144.44,145.46,141.11,142.74,173646.58132965
1728403200,142.75,144.06,141.66,143.66,66224.76386302
1728417600,143.66,144.61,142.53,143.4,54080.98351721
1728432000,143.41,145.28,143.02,143.89,81510.51350498
1728446400,143.88,144.26,142.63,143.1,48193.24246355
1728460800,143.09,143.4,141.94,143.06,143701.47296675
1728475200,143.07,143.21,140.09,142.7,158503.72838212
1728489600,142.69,142.78,139.69,140.98,106655.57675231001
1728504000,140.96,140.96,138.54,139.21,84817.53014727001
1728518400,139.21,140.24,137.55,139.76,69079.73200871
1728532800,139.74,140.75,139.36,139.55,38054.91545372
1728547200,139.56,140.34,137.31,140.25,59534.515310639996
1728561600,140.25,140.58,136.05,138.52,109930.87788723
1728576000,138.52,138.94,135.36,137.99,151874.76283885998
1728590400,137.98,138.97,137.03,138.95,77805.16257952999
1728604800,138.95,141.41,138.58,140.73,102571.59303250001
1728619200,140.74,141.98,140.54,141.08,50393.21746105
1728633600,141.09,142.61,140.87,141.9,78832.95892789
1728648000,141.9,145.51,141.79,144.35,340519.4880975
1728662400,144.37,146.5,143.89,145.45,123783.85380756
1728676800,145.44,146.39,145.1,145.46,68340.80278674001
1728691200,145.46,146.64,144.55,145.1,70132.55733455
1728705600,145.1,145.94,145.1,145.52,24874.43640846
1728720000,145.52,147.19,145.42,146.21,61663.35403363
1728734400,146.24,147.32,145.69,146.06,79406.42150897
1728748800,146.06,147.29,146.04,146.76,58657.44869609
1728763200,146.76,147.19,146.28,146.35,35531.89866042
1728777600,146.37,147.0,145.1,145.26,44895.39678055
1728792000,145.27,146.94,145.21,146.37,21775.77745099
1728806400,146.37,148.3,146.34,146.44,35318.010517949995
1728820800,146.44,148.0,144.41,145.31,78255.6904756
1728835200,145.3,146.49,144.66,145.97,52547.71156564
1728849600,146.0,148.81,145.61,147.69,84155.03248103999
1728864000,147.72,152.48,146.73,152.43,163635.97983879
1728878400,152.44,153.28,150.76,152.95,117418.59880821
1728892800,152.94,153.85,151.91,153.07,80923.84669867001
1728907200,153.06,157.99,152.49,156.65,279507.56858097
1728921600,156.65,156.87,154.54,155.63,157044.6982821
1728936000,155.62,158.0,155.36,157.52,103683.11858516
1728950400,157.53,158.21,155.02,155.37,140845.58337165002
1728964800,155.36,156.24,153.66,155.02,61205.614720130005
1728979200,155.02,155.38,151.63,152.32,107469.53677755
1728993600,152.34,159.5,150.33,153.24,390264.04380216997
1729008000,153.25,156.31,153.01,155.15,139813.8003685
1729022400,155.15,155.27,152.3,154.72,95392.8960573
1729036800,154.74,156.05,152.84,154.2,119615.18473779
1729051200,154.2,154.9,153.0,153.63,59782.74237324
1729065600,153.63,158.39,153.38,155.85,160283.98722904
1729080000,155.84,156.92,153.8,155.67,195840.55311166
1729094400,155.67,155.92,154.1,154.35,107379.97928587999
1729108800,154.35,155.1,153.54,154.24,98495.70338458
1729123200,154.25,155.69,153.7,154.56,60507.17561113
1729137600,154.59,154.75,151.55,152.55,70290.54743271001
1729152000,152.53,153.41,151.03,151.26,52040.24391792
1729166400,151.26,153.21,150.79,152.83,162224.42213987
1729180800,152.83,152.84,147.63,149.32,239926.80957529
1729195200,149.34,150.91,149.25,150.44,65136.19322492
1729209600,150.43,153.24,149.55,151.83,102689.9165184
1729224000,151.83,154.21,151.83,153.84,60383.555777129994
1729238400,153.83,154.27,152.74,152.95,32616.383109790004
1729252800,152.96,155.21,152.09,154.7,130729.11548239
1729267200,154.71,156.69,153.62,154.82,165329.10419115
1729281600,154.83,155.19,153.78,154.92,52426.31976163
1729296000,154.92,155.99,154.0,154.53,64294.927880079995
1729310400,154.54,155.1,154.13,154.55,25914.871545
1729324800,154.55,155.02,153.6,153.78,26193.942442569998
1729339200,153.83,157.47,153.71,156.48,63913.56087096
1729353600,156.48,156.97,155.32,156.37,68557.12370068001
1729368000,156.37,159.75,156.13,159.71,106708.73480471999
1729382400,159.72,160.53,158.15,159.04,113867.79598007
1729396800,159.04,160.68,158.55,158.77,37209.63614343
1729411200,158.77,159.41,158.37,159.17,16630.26868623
1729425600,159.18,161.43,157.58,159.96,90960.48032171
1729440000,159.95,161.19,159.29,160.34,53961.46415996
1729454400,160.34,167.9,160.11,167.37,283424.17554365
1729468800,167.34,170.0,167.15,169.43,239492.85880244
1729483200,169.42,171.62,168.48,168.59,100234.55277318
1729497600,168.56,169.52,165.58,166.27,102787.84677006
1729512000,166.3,166.95,161.31,165.21,319734.86036584
1729526400,165.22,168.0,163.0,167.73,162410.79738076002
1729540800,167.73,168.05,165.98,166.13,120868.49147147
1729555200,166.07,167.8,162.95,166.34,118831.01844521999
1729569600,166.33,168.84,166.07,166.98,56138.47790922
1729584000,166.95,169.0,163.43,167.79,102989.83776358
1729598400,167.73,170.98,164.73,167.63,255772.23753681
1729612800,167.62,169.07,165.88,168.37,145770.81268355998
1729627200,168.36,169.11,166.72,167.48,75404.43381431
1729641600,167.48,167.85,164.4,165.35,123464.59742245001
1729656000,165.35,166.3,164.15,165.62,87143.10522226
1729670400,165.57,166.81,164.04,166.27,52689.984906829995
1729684800,166.25,169.42,164.82,167.94,180942.74687952
1729699200,168.0,173.51,164.48,172.77,288231.5564003
1729713600,172.78,174.0,169.74,170.65,179022.18693611
1729728000,170.65,174.8,170.27,173.96,176189.81510948
1729742400,173.95,175.0,172.58,173.38,75873.36745014999
1729756800,173.33,174.17,170.85,173.68,65004.584850089996
1729771200,173.68,176.96,173.52,175.29,200093.68857043
1729785600,175.29,177.4,174.53,177.28,200265.49526732
1729800000,177.28,179.12,176.37,177.07,161498.50232012
1729814400,177.07,177.35,174.21,174.58,114250.20272388999
1729828800,174.54,174.97,171.4,171.78,112933.4150811
1729843200,171.78,174.02,170.67,173.54,82905.54017523
1729857600,173.55,177.5,171.21,172.33,164161.21798155998
1729872000,172.37,172.9,164.64,167.69,366568.29244864
1729886400,167.69,168.5,159.05,164.6,303905.06139604
1729900800,164.58,165.64,162.2,165.4,152596.84281637002
1729915200,165.41,168.95,165.1,167.16,83762.60953394
1729929600,167.16,170.0,167.14,168.46,55897.86688461
1729944000,168.46,169.3,167.01,168.37,70361.17192811
1729958400,168.4,172.01,168.4,171.31,93383.49443213
1729972800,171.31,173.0,170.28,170.66,114607.26795545
1729987200,170.66,172.98,170.01,171.91,57660.50374191
1730001600,171.91,173.27,171.42,173.04,37795.73879704
1730016000,173.03,175.4,172.94,173.78,49320.93334352
1730030400,173.82,176.86,173.82,175.56,130858.72804818
1730044800,175.56,177.54,174.35,176.96,118860.62683285
1730059200,176.96,178.0,176.36,176.44,111541.13315256001
1730073600,176.43,176.95,174.59,175.53,103033.54248146
1730088000,175.52,176.45,172.87,175.45,87689.12998053001
1730102400,175.44,178.35,175.39,176.76,73890.65663278
1730116800,176.76,177.74,173.16,173.27,145174.38770574
1730131200,173.25,177.95,172.27,176.34,204587.52744978
1730145600,176.33,179.6,175.65,178.2,189246.82594487
1730160000,178.17,182.11,176.97,181.62,248057.23952653998
1730174400,181.62,182.58,179.17,179.98,133416.86410939
1730188800,179.98,181.8,179.85,180.67,82729.35771643001
1730203200,180.67,180.92,178.09,180.61,238633.22860594
1730217600,180.57,183.3,178.09,178.15,251298.10307412
1730232000,178.16,180.2,176.25,179.39,159728.91263424
1730246400,179.35,180.8,176.93,180.03,87736.92265914001
1730260800,180.03,181.2,178.17,178.63,53856.71508629
1730275200,178.63,179.27,174.93,175.5,113927.01877033
1730289600,175.5,177.27,173.11,173.9,211563.64861965
1730304000,173.93,175.75,173.32,174.28,101520.21954431
1730318400,174.24,177.02,173.12,174.85,110044.24332721
1730332800,174.82,176.46,174.1,174.29,64594.71860026
1730347200,174.3,175.89,173.15,174.48,47831.58175931
1730361600,174.49,176.32,173.29,175.0,36518.36409645
1730376000,174.99,175.41,169.22,170.54,206968.10505544
1730390400,170.53,170.61,168.01,168.46,172726.32822157998
1730404800,168.45,170.09,167.31,168.43,127675.49712026
1730419200,168.42,169.16,165.2,166.97,93984.16732441
1730433600,166.96,167.43,164.88,165.78,37251.96194931
1730448000,165.78,168.73,165.4,167.75,49043.79934733
1730462400,167.75,173.94,163.6,164.08,318766.28894831997
1730476800,164.08,167.75,163.65,166.46,147649.39799328
1730491200,166.47,167.0,163.83,166.02,83319.94167336001
1730505600,166.0,168.55,165.92,166.95,45485.86972447
1730520000,166.94,167.61,165.58,167.56,23266.507168030003
1730534400,167.53,167.79,165.72,165.97,16071.127198130001
1730548800,165.95,166.33,162.01,163.79,75361.14254342
1730563200,163.76,165.35,162.98,165.13,64816.07577342
1730577600,165.11,166.91,164.88,166.12,53388.07074842
1730592000,166.11,166.55,160.83,161.92,111492.17068760001
1730606400,161.89,164.0,161.75,163.46,33329.24639392
1730620800,163.47,164.72,162.61,163.57,26168.26556304
1730635200,163.56,164.58,157.8,159.94,145370.26031188
1730649600,159.89,161.75,157.97,160.99,145326.84873968002
1730664000,160.99,163.8,160.44,162.46,122174.79905269
1730678400,162.43,164.92,160.39,162.71,71481.47235198
1730692800,162.71,163.77,161.24,161.25,28371.29320555
1730707200,161.24,164.75,159.97,163.95,45625.33702501
1730721600,163.95,164.9,161.55,162.97,113012.18072904
1730736000,162.97,163.44,159.01,159.45,108018.64192098
1730750400,159.45,159.88,155.01,157.86,192028.29127136
1730764800,157.86,159.57,156.69,159.54,72364.94105433
1730779200,159.54,162.34,159.24,161.92,50665.24183406
1730793600,161.93,162.98,160.96,162.29,38288.28589175
1730808000,162.29,167.8,161.77,165.88,204738.11519608
1730822400,165.88,169.39,163.37,164.01,172598.55483837
1730836800,164.08,167.86,163.28,166.64,133013.40344037
1730851200,166.63,184.97,166.42,184.94,765846.1959645
1730865600,184.94,188.38,182.63,183.85,501242.43182443996
1730880000,183.9,186.9,180.01,186.74,219546.59988778998
1730894400,186.79,188.74,184.33,185.64,298615.37764754996
1730908800,185.64,188.67,184.85,188.66,207676.8526745
1730923200,188.67,190.07,186.67,186.76,250431.041637
1730937600,186.76,192.0,186.02,189.2,194407.45589038997
1730952000,189.2,190.18,186.07,188.1,73310.95899371999
1730966400,188.1,189.35,186.06,186.14,74688.177578
1730980800,186.13,192.88,186.01,192.82,158225.01563311002
1730995200,192.82,198.0,191.08,197.21,519388.54091975
1731009600,197.19,198.0,194.29,196.44,178731.50323760998
1731024000,196.45,201.19,195.79,198.32,293324.34527747
1731038400,198.34,200.99,197.53,200.6,115124.11815347
1731052800,200.6,205.0,198.3,203.22,194196.06973483998
1731067200,203.25,205.2,198.43,201.14,234781.03385752
1731081600,201.15,202.32,196.32,199.84,191187.31566161
1731096000,199.81,200.47,197.31,199.99,196389.73325361
1731110400,200.0,200.36,197.34,199.1,98107.83128176
1731124800,199.11,202.55,199.09,200.4,145575.83015229
1731139200,200.39,203.49,198.0,202.3,155816.54264508
1731153600,202.29,202.65,197.45,198.45,133820.27668018
1731168000,198.48,199.64,195.05,197.72,133043.05442074
1731182400,197.8,202.09,197.26,200.0,169116.49079317
1731196800,200.0,204.97,198.78,201.53,209274.76428949
1731211200,201.53,209.0,201.01,205.08,268256.00441807
1731225600,205.11,207.48,204.05,206.72,124144.80944668
1731240000,206.7,213.26,203.2,212.33,279930.85330013
1731254400,212.36,215.62,206.45,208.63,387363.39946572
1731268800,208.63,214.0,199.25,210.22,344199.25328415
1731283200,210.22,212.55,208.34,210.19,174323.06776377
1731297600,210.16,210.38,204.32,208.22,117974.13422369
1731312000,208.21,217.89,206.79,217.81,176747.01227150002
1731326400,217.82,221.0,214.65,219.43,395092.18890052
1731340800,219.45,222.22,216.65,218.27,379383.55623011
1731355200,218.26,225.0,217.0,222.42,417894.90928153
1731369600,222.41,222.78,215.53,220.94,263663.94888261
1731384000,220.95,222.13,216.0,222.03,203280.7508198
1731398400,222.06,225.37,208.75,211.42,335107.4638055
1731412800,211.28,214.12,205.0,210.73,364879.12419314
1731427200,210.74,215.73,206.76,213.46,291088.91341198003
1731441600,213.51,215.65,210.28,211.87,190779.08124212
1731456000,211.88,213.5,203.46,203.5,224636.8702532
1731470400,203.49,207.69,201.0,205.51,178949.58737957999
1731484800,205.51,209.55,204.18,207.99,109560.25257452001
1731499200,208.01,217.7,206.21,216.87,528579.28857099
1731513600,216.83,220.84,210.51,211.14,545431.0608323601
1731528000,211.15,215.81,206.2,215.46,245732.39544716
1731542400,215.45,219.67,212.36,219.58,205477.66494371998
1731556800,219.57,220.82,215.25,218.26,166089.60855707
1731571200,218.19,222.83,213.66,216.21,169401.49202215
1731585600,216.17,218.0,209.24,210.9,310227.6559107
1731600000,210.88,217.15,209.91,215.69,249537.48073421
1731614400,215.68,215.68,206.75,209.58,254566.10695132
1731628800,209.57,212.97,208.1,209.13,183223.11002768
1731643200,209.13,210.74,204.57,209.23,125518.33054747
1731657600,209.3,213.94,207.92,213.58,94078.64818957
1731672000,213.58,215.35,206.72,208.27,185165.77756531
1731686400,208.33,213.6,208.0,212.38,146749.62018368999
1731700800,212.43,220.46,212.12,218.53,298483.93861715
1731715200,218.51,221.74,215.96,221.44,156731.76801280997
1731729600,221.45,221.95,218.57,218.99,148941.4629947
1731744000,218.99,219.82,216.59,218.96,61127.27934701
1731758400,218.96,221.78,213.82,215.07,160476.60721904
1731772800,215.07,217.1,213.4,216.39,137178.83915676
1731787200,216.39,217.47,214.13,215.81,123481.12772765
1731801600,215.81,221.49,212.21,221.45,179683.6569962
1731816000,221.46,239.84,221.45,237.17,531641.25803625
1731830400,237.13,241.99,234.12,234.81,205703.92956164002
1731844800,234.76,236.0,229.7,233.95,158361.94220633
1731859200,233.99,235.66,231.25,235.39,143108.65994098
1731873600,235.39,238.41,231.47,237.53,209077.27922864
1731888000,237.5,244.1,234.03,244.09,229160.08768026
1731902400,244.1,245.0,239.46,242.07,184995.17959935998
1731916800,242.06,248.52,239.71,242.45,170521.03949205
1731931200,242.55,245.15,238.0,243.5,233406.4795227
1731945600,243.44,243.95,234.39,236.5,297637.36222275
1731960000,236.48,241.17,235.89,239.94,142896.91842695
1731974400,239.95,243.48,237.67,240.73,123662.02005947
1731988800,240.73,244.62,238.84,243.51,88042.86447869
1732003200,243.49,247.1,242.07,246.23,99345.46905012999
1732017600,246.22,247.75,238.51,240.78,195307.92386054
1732032000,240.81,244.84,240.3,243.81,196308.9273661
1732046400,243.79,244.51,233.74,237.99,221688.19923452
1732060800,237.99,238.2,230.66,234.11,136093.98314261
1732075200,234.11,236.62,231.78,236.18,159171.38470629998
1732089600,236.18,239.05,235.02,237.82,94356.92024717
1732104000,237.81,242.72,235.77,238.63,214016.22338431003
1732118400,238.61,239.4,231.17,233.27,237562.35508916
1732132800,233.28,238.3,232.01,235.68,167267.72396738
1732147200,235.68,238.99,230.02,236.1,192017.83819308
1732161600,236.09,242.84,235.82,241.59,234031.12338146
1732176000,241.59,243.55,239.99,240.02,131302.49156394
1732190400,240.0,252.77,239.98,249.01,549995.02887673
1732204800,248.97,259.89,248.35,254.15,622008.39825607
1732219200,254.12,257.77,253.1,256.65,192539.36091311
1732233600,256.65,264.63,252.69,262.75,281747.04199583
1732248000,262.76,263.09,258.15,259.47,162498.32670872
1732262400,259.54,261.25,256.38,259.49,93772.90749785
1732276800,259.49,260.64,252.59,256.66,211919.85626238
1732291200,256.65,256.65,251.75,254.33,192495.14762259
1732305600,254.32,258.3,253.35,257.23,159670.31208884
1732320000,257.23,258.06,253.65,257.5,135704.28143169
1732334400,257.48,264.32,257.04,258.58,181867.64714265
1732348800,258.58,259.72,256.12,256.4,62792.677712360004
1732363200,256.42,263.98,256.14,260.22,154828.07811181
1732377600,260.23,260.86,254.51,254.69,180731.93366277
1732392000,254.68,256.41,253.01,255.12,118971.76970617
1732406400,255.11,260.0,254.7,258.89,102405.20968105999
1732420800,258.89,259.51,254.41,256.93,61549.41300663
1732435200,256.88,257.02,248.32,248.79,91440.15435076
1732449600,248.74,250.48,241.2,244.3,199564.38403177
1732464000,244.3,250.5,244.0,248.72,137767.64861605
1732478400,248.71,254.99,248.32,253.03,115053.10680456
1732492800,253.03,253.48,246.0,252.73,100725.96842362
1732507200,252.71,254.39,251.96,253.59,64181.70444155
1732521600,253.59,256.82,251.44,252.36,81095.61299449
1732536000,252.36,252.73,233.65,245.01,568280.40261996
1732550400,245.01,246.21,237.3,239.67,241627.31490871
1732564800,239.67,241.14,231.16,234.18,319409.33310869
1732579200,234.14,239.56,233.53,237.56,135117.9744197
1732593600,237.53,239.91,235.03,235.74,85521.120312
1732608000,235.74,236.63,221.57,227.75,241151.31183538
1732622400,227.75,232.43,225.72,227.4,312541.25309626
1732636800,227.48,232.81,223.5,229.1,171160.70467981
1732651200,229.04,232.09,227.3,230.6,133627.37980429002
1732665600,230.6,233.69,228.04,231.43,109376.64151114
1732680000,231.42,234.92,227.5,234.3,103884.7039738
1732694400,234.3,237.12,232.08,235.06,77578.93030303999
1732708800,235.04,241.19,232.65,240.79,184123.91628661
1732723200,240.86,241.3,237.89,239.37,181917.76109016
1732737600,239.39,243.56,239.09,242.24,233416.47540132
1732752000,242.24,245.49,238.21,240.25,142829.25165972998
1732766400,240.25,241.38,236.81,238.16,57622.86878153
1732780800,238.18,239.25,234.48,236.98,56013.38930003
1732795200,236.98,237.84,232.89,233.09,85051.50397639
1732809600,233.09,237.07,233.09,235.51,74602.5294503
1732824000,235.49,238.51,234.91,237.65,51967.41281139
1732838400,237.64,243.12,236.6,242.04,93845.65366169
1732852800,242.04,242.6,237.56,237.73,77198.12404336
1732867200,237.72,245.52,237.72,245.29,62967.09571747
1732881600,245.34,246.87,242.18,243.8,154324.52513929
1732896000,243.81,244.87,240.13,241.3,219085.35548478
1732910400,241.31,245.5,241.17,243.43,108513.27965026
1732924800,243.43,243.43,239.06,243.0,101485.45135706
1732939200,242.98,245.18,241.65,244.3,76877.16894263
1732953600,244.3,245.43,240.16,241.58,56578.70680067
1732968000,241.58,243.15,238.64,239.96,84575.43830288001
1732982400,239.95,240.62,238.91,240.03,86006.68018314999
1732996800,240.02,241.27,237.61,237.74,107184.54290563
1733011200,237.74,240.0,234.24,235.71,122538.25330277
1733025600,235.71,237.03,235.14,235.58,53665.21428579
1733040000,235.6,238.81,235.48,237.23,54607.02349632
1733054400,237.24,239.59,236.29,238.71,69412.21557542999
1733068800,238.7,239.5,235.11,236.41,147026.50601349
1733083200,236.4,239.29,234.46,236.95,163531.65009195
1733097600,236.92,238.5,228.14,228.57,371542.27805082
1733112000,228.57,230.43,226.0,228.7,221350.49156773
1733126400,228.7,228.86,222.9,224.79,186250.63423882
1733140800,224.79,229.71,221.49,229.32,359782.1751393
1733155200,229.35,230.08,220.03,223.94,389161.73290465
1733169600,223.94,225.93,221.2,225.79,313654.99933192
1733184000,225.8,229.33,223.19,227.98,197333.8825655
1733198400,227.96,231.01,225.24,226.98,146563.32545425
1733212800,226.96,228.53,222.95,225.53,91873.21437379
1733227200,225.59,226.46,215.0,223.3,333776.86511014
1733241600,223.3,228.47,220.37,228.25,238474.60846589
1733256000,228.24,240.09,227.82,234.1,584386.5763771499
1733270400,234.13,240.74,234.13,237.84,277930.65428965
1733284800,237.84,240.99,236.0,236.77,114202.5960276
1733299200,236.77,237.98,235.2,236.12,98035.10785166
1733313600,236.09,236.26,230.0,234.03,268249.07438292
1733328000,234.03,234.3,224.69,233.04,307988.64293044
1733342400,233.1,236.79,226.1,229.49,520225.54855457
1733356800,229.47,238.8,223.19,233.13,481073.72390558
1733371200,233.12,238.71,231.5,234.03,224588.91072555
1733385600,234.05,242.53,233.66,241.96,185480.15790063
1733400000,241.98,244.99,236.47,239.3,368288.24936918
1733414400,239.31,243.11,232.43,233.16,327695.44523262
1733428800,233.1,241.0,226.0,236.13,378027.30458626
1733443200,236.13,247.1,234.69,242.08,313124.57065383
1733457600,242.1,243.2,237.98,239.47,94427.60082032
1733472000,239.46,240.72,233.82,234.34,113607.58560913999
1733486400,234.26,240.09,231.11,238.29,231726.77150047
1733500800,238.26,240.74,237.31,240.14,190298.99291642
1733515200,240.15,241.2,235.72,237.21,166033.10401302
1733529600,237.21,237.72,234.32,235.19,143639.19854227
1733544000,235.19,236.86,234.6,236.47,82678.56424770999
1733558400,236.49,239.55,235.3,238.39,63876.43940963999
1733572800,238.39,243.4,237.53,241.04,121423.02967995999
1733587200,241.04,243.0,238.95,241.88,150684.03102506
1733601600,241.88,243.8,238.08,238.35,166535.9733741
1733616000,238.35,241.72,237.79,240.84,101524.31738210999
1733630400,240.84,241.24,236.76,237.74,68176.1246688
1733644800,237.73,237.91,233.32,236.13,71829.69000675
1733659200,236.12,237.8,234.65,237.51,73837.01183793
1733673600,237.51,237.82,234.19,236.6,91578.20868991
1733688000,236.6,237.99,234.69,237.19,76339.64170144
1733702400,237.19,237.45,230.3,231.95,137764.77154784
1733716800,231.92,232.94,228.41,231.63,76912.7620483
1733731200,231.64,231.84,225.32,225.99,96182.47998723
1733745600,225.98,231.81,223.0,224.18,206164.59769926
1733760000,224.18,226.01,221.57,221.77,213044.04560807
1733774400,221.78,225.47,205.0,216.72,550420.23927775
1733788800,216.71,221.09,207.1,215.94,395573.15030718
1733803200,215.88,218.79,212.25,217.39,163200.54885741
1733817600,217.38,218.71,215.21,216.29,85030.46721525
1733832000,216.3,218.7,206.35,206.66,385200.60801712
1733846400,206.68,213.0,203.27,212.18,672769.23115027
1733860800,212.18,216.47,211.4,213.75,251415.35262647
1733875200,213.75,219.48,211.62,219.46,226786.94638824
1733889600,219.46,220.39,217.0,218.49,111573.51832603
1733904000,218.53,225.58,218.41,224.94,120559.12566191
1733918400,224.94,230.45,224.17,228.57,357246.47921992
1733932800,228.57,230.76,227.38,230.04,198059.17888154
1733947200,230.05,230.84,226.83,227.42,193378.12883386
1733961600,227.42,232.09,225.78,230.51,142564.75813189
1733976000,230.51,233.0,229.03,230.09,99443.86950778
1733990400,230.08,233.57,228.39,229.62,77596.14895879
1734004800,229.63,233.37,228.78,231.42,238692.37461991
1734019200,231.41,234.79,226.5,227.25,265007.81041522
1734033600,227.24,229.74,225.61,227.0,113293.23726183
1734048000,226.99,228.47,224.33,227.2,118437.47137376
1734062400,227.2,227.64,223.21,224.88,70214.05978251
1734076800,224.88,227.25,223.93,225.6,44391.83578887
1734091200,225.6,226.7,220.72,221.16,465863.37717764
1734105600,221.15,223.88,220.6,223.28,226036.3381163
1734120000,223.29,224.95,223.13,224.82,147462.09754742
1734134400,224.8,227.16,223.69,226.27,114277.09532914999
1734148800,226.25,227.48,225.13,225.99,48989.35988035
1734163200,225.99,226.76,224.15,224.36,34266.49614357
1734177600,224.35,224.64,220.44,222.54,99122.99987574
1734192000,222.54,222.55,216.71,218.07,140065.72396248
1734206400,218.07,220.86,215.15,219.88,122739.15007027
1734220800,219.9,221.73,218.82,219.4,64645.92605392
1734235200,219.39,221.8,215.67,217.24,59646.2676925
1734249600,217.23,220.09,216.46,218.3,159444.27895768
1734264000,218.31,221.35,217.29,220.81,133093.74224207998
1734278400,220.81,222.34,220.38,221.13,76903.18638084
1734292800,221.14,225.44,216.18,224.25,149011.17899305
1734307200,224.2,227.0,220.26,221.14,147313.79781696998
1734321600,221.15,223.81,220.56,223.1,52427.59172677
1734336000,223.06,223.26,213.53,214.01,198439.03398149
1734350400,214.04,218.08,213.11,216.91,226442.60730993
1734364800,216.93,221.9,216.75,218.37,232660.50310057
1734379200,218.4,219.02,215.92,216.27,160275.36422875
1734393600,216.27,216.76,211.5,215.49,145186.19890702
1734408000,215.49,216.55,213.07,215.6,89250.61326456
1734422400,215.59,223.77,215.5,221.62,150771.09642326
1734436800,221.59,227.55,217.0,220.56,222408.17769995
1734451200,220.53,229.03,219.9,227.54,508260.48500026
1734465600,227.5,228.64,221.65,223.2,132429.98924268
1734480000,223.2,226.0,217.12,217.48,134552.71251571
1734494400,217.47,218.25,213.58,215.89,97271.29320118
1734508800,215.92,218.89,215.29,217.82,59832.86797974
1734523200,217.8,218.74,214.54,217.67,122539.79279703001
1734537600,217.68,218.27,211.54,211.58,190388.91713026
1734552000,211.58,212.65,204.77,206.39,508132.65131266
1734566400,206.41,209.19,199.21,208.69,324406.48426476005
1734580800,208.7,212.03,207.13,211.71,102268.99111214
1734595200,211.7,211.71,207.87,210.31,61282.470020680004
1734609600,210.37,210.93,202.23,205.29,192101.27760501998
1734624000,205.28,206.78,186.77,191.71,681468.37759586
1734638400,191.7,198.43,187.46,193.66,385747.11217932
1734652800,193.66,199.53,191.5,196.22,230368.01982164
1734667200,196.25,197.28,187.9,191.15,202327.86869621
1734681600,191.1,191.35,175.01,175.74,691562.6795534301
1734696000,175.75,191.11,175.54,189.74,474472.14071301
1734710400,189.74,193.16,188.17,191.59,300426.93960863
1734724800,191.59,194.5,187.69,194.43,222066.89085114
1734739200,194.44,196.58,192.97,194.19,128712.07266683
1734753600,194.19,202.14,194.1,198.67,148916.80696043
1734768000,198.68,198.89,192.15,192.86,94842.11454152
1734782400,192.88,193.01,183.16,186.61,237810.81160153
1734796800,186.59,187.44,178.36,181.44,339920.09939669
1734811200,181.43,183.33,178.51,181.34,181356.61659777
1734825600,181.36,183.86,179.87,182.47,114138.86463344
1734840000,182.44,184.68,177.77,184.16,135137.13090648002
1734854400,184.17,186.88,183.57,186.59,77434.42501674
1734868800,186.6,187.73,178.87,181.73,131233.45986872
1734883200,181.73,183.9,177.7,178.34,120660.18235465
1734897600,178.34,182.19,176.71,180.35,132317.27654318
1734912000,180.33,187.21,176.33,186.0,239176.36122306
1734926400,186.04,187.51,179.73,182.07,130710.89750501
1734940800,182.07,186.43,181.57,183.36,74281.42725939
1734955200,183.36,185.44,180.5,180.66,130822.72627578999
1734969600,180.64,189.45,180.5,187.19,220913.46081103
1734984000,187.18,193.22,186.46,189.88,218114.9470275
1734998400,189.88,190.15,185.86,189.73,108132.61279666
1735012800,189.72,191.69,189.03,191.23,60016.625537299995
1735027200,191.22,193.69,190.25,192.65,60593.73649354999
1735041600,192.67,198.93,190.99,197.61,156511.87571774
1735056000,197.62,198.5,195.02,195.14,156325.30127016
1735070400,195.18,197.91,193.09,196.95,91462.88711671
1735084800,196.95,201.74,196.17,199.67,139261.39070328
1735099200,199.71,200.41,197.57,197.97,59594.51005539
1735113600,197.98,200.35,195.0,195.59,67530.68174598
1735128000,195.64,199.29,194.9,198.09,52061.17478882
1735142400,198.1,199.29,195.95,199.04,66382.84329421
1735156800,199.08,199.93,195.27,197.31,74908.09525176001
1735171200,197.33,199.59,195.55,196.45,113791.45564100001
1735185600,196.44,196.44,193.16,193.28,114500.35823842001
1735200000,193.28,193.71,188.01,189.57,94187.1468788
1735214400,189.58,189.96,187.37,188.52,82925.83058485
1735228800,188.51,190.91,187.21,189.0,99140.15095687
1735243200,188.98,189.84,186.42,188.24,98361.29854227
1735257600,188.21,190.11,187.05,189.22,69093.19635239
1735272000,189.21,190.94,185.53,186.43,64303.519597720006
1735286400,186.42,194.12,186.4,191.11,108847.22585318
1735300800,191.09,191.22,183.02,183.83,105086.34595039
1735315200,183.84,187.07,182.51,186.61,131847.8062971
1735329600,186.63,186.72,182.91,183.95,119441.54142208
1735344000,183.94,185.71,183.55,184.73,80249.09137016
1735358400,184.73,186.0,183.96,184.82,50966.53385036
1735372800,184.81,187.05,184.68,186.85,44027.04752655
1735387200,186.84,190.95,186.19,189.87,94192.86091901001
1735401600,189.87,194.98,189.3,193.42,132685.18891944
1735416000,193.42,195.71,192.29,195.15,141968.18805353
1735430400,195.16,195.38,192.08,194.46,131556.72484675
1735444800,194.47,196.99,193.73,195.71,61911.05917446
1735459200,195.71,196.97,194.59,195.81,41877.60748531
1735473600,195.8,197.37,192.55,194.79,92465.80420149
1735488000,194.79,195.17,191.78,192.32,87521.02589629
1735502400,192.32,192.42,188.19,189.6,98574.73381473
1735516800,189.6,194.02,188.7,190.94,109141.23689858001
1735531200,190.94,193.31,189.18,192.02,70737.97990934
1735545600,192.02,193.76,191.15,193.15,56477.748209180005
1735560000,193.15,194.52,185.54,186.95,158972.27019106
1735574400,186.93,196.07,185.55,195.96,223989.64634809998
1735588800,195.95,196.22,188.82,191.01,173340.99336993
1735603200,191.0,191.69,188.0,189.61,101494.90626254001
1735617600,189.6,190.42,187.72,189.79,63860.72255302
1735632000,189.77,194.63,189.71,193.5,89993.45968745
1735646400,193.49,198.54,192.71,198.15,241599.18513517
1735660800,198.19,198.89,192.9,193.51,257500.20911718
1735675200,193.51,194.48,188.03,188.82,171519.24933744
1735689600,188.82,192.3,188.58,190.02,153211.88173643
1735704000,190.02,190.42,188.9,189.67,120373.80704125999
1735718400,189.67,191.46,187.6,190.99,78443.72401978
1735732800,190.97,191.7,188.76,191.46,89556.7730056
1735747200,191.46,193.5,188.8,192.7,142767.88203803002
1735761600,192.7,194.99,192.7,193.84,126238.08064278
1735776000,193.84,199.27,193.04,198.16,204765.02699988
1735790400,198.15,206.6,198.15,205.61,208415.53812355
1735804800,205.61,208.64,205.42,208.32,108863.11896612
1735819200,208.3,210.23,205.25,206.54,193378.35315707
1735833600,206.53,208.93,204.54,206.49,148748.80774511
1735848000,206.52,208.39,205.02,208.09,100158.35701621999
1735862400,208.1,208.29,205.43,207.84,76366.90301244
1735876800,207.85,209.78,206.78,207.79,92287.14902658
1735891200,207.82,214.94,207.43,214.33,106262.97607595
1735905600,214.35,218.48,211.92,217.23,216029.64465658998
1735920000,217.25,219.69,216.27,217.0,193490.86682449
1735934400,217.01,217.93,215.67,217.93,82258.82607571
1735948800,217.89,218.0,215.65,216.91,75298.61126509
1735963200,216.9,217.92,215.51,216.66,70126.71326362
1735977600,216.63,216.66,214.34,216.37,37992.13452649
1735992000,216.37,217.59,213.52,214.29,74877.80954635
1736006400,214.28,215.95,213.68,215.56,62401.7665829
1736020800,215.53,217.26,215.37,216.64,71196.00092933
1736035200,216.64,218.83,215.23,217.92,85520.8538753
1736049600,217.93,219.0,215.91,216.43,51575.71703977
1736064000,216.43,216.55,212.73,213.87,59656.63069798
1736078400,213.87,214.56,211.55,213.54,73384.54638656
1736092800,213.51,214.24,211.47,212.76,84560.33927415
1736107200,212.74,214.53,212.52,213.35,61714.68831938
1736121600,213.35,216.92,211.5,215.56,107149.15763598999
1736136000,215.57,216.81,213.84,215.15,73375.42821573
1736150400,215.13,216.19,213.18,216.17,42576.40039288
1736164800,216.19,222.1,215.68,221.61,188299.28973953
1736179200,221.64,223.18,217.38,220.11,167351.89026142
1736193600,220.11,220.56,217.68,218.34,95398.19783602
1736208000,218.33,219.23,216.29,217.37,72584.05868109
1736222400,217.36,217.49,215.48,216.06,82384.11522087
1736236800,216.06,216.8,212.91,214.05,66997.08627880001
1736251200,214.05,214.35,205.31,207.68,218957.49751321
1736265600,207.66,208.99,203.36,204.45,211070.27101572
1736280000,204.45,204.83,201.75,202.13,143112.90015828
1736294400,202.13,203.23,196.64,198.65,223497.31156181
1736308800,198.64,199.53,193.12,195.67,171036.49208379
1736323200,195.65,197.94,194.36,195.46,80703.42500781
1736337600,195.47,199.53,194.82,197.74,162633.99672387
1736352000,197.75,197.95,188.25,194.27,390163.45831793
1736366400,194.26,198.26,193.62,197.42,112959.17534041
1736380800,197.43,199.0,194.05,194.28,85728.53641916
1736395200,194.24,195.45,189.69,189.99,69115.12953611
1736409600,189.99,192.7,189.02,191.06,88033.98136656001
1736424000,191.06,193.04,185.0,192.15,250098.59362117999
1736438400,192.15,192.79,185.69,185.84,193609.99990594
1736452800,185.87,187.56,182.01,184.96,251066.86498019
1736467200,184.96,189.55,184.94,189.13,98332.67213952
1736481600,189.12,193.01,188.37,191.74,86677.59642394
1736496000,191.76,192.88,191.14,191.97,63283.4395234
1736510400,191.97,192.19,183.49,187.25,174042.82973403
1736524800,187.25,192.08,183.76,190.22,291860.7416973
1736539200,190.21,190.5,186.53,187.63,161548.38118257
1736553600,187.62,188.75,185.52,186.32,155251.59437996
1736568000,186.33,187.1,185.05,186.11,126262.9425643
1736582400,186.12,186.78,184.0,186.55,129627.74777596
1736596800,186.55,188.14,185.8,186.89,72825.66784649
1736611200,186.89,187.88,185.57,187.61,67795.86697357
1736625600,187.62,191.79,187.38,188.03,153664.5092924
1736640000,188.03,188.5,186.45,187.17,66679.37375259
1736654400,187.16,187.29,185.5,186.47,57907.41188664
1736668800,186.46,186.86,185.07,186.58,46005.90996583
1736683200,186.58,190.91,186.05,190.4,54248.178705219994
1736697600,190.4,190.64,188.56,188.8,83587.24983358
1736712000,188.8,189.89,186.48,188.4,61141.87394802
1736726400,188.4,191.85,184.02,184.97,186391.03890610998
1736740800,184.96,186.85,181.3,182.3,100287.90980446001
1736755200,182.3,182.36,175.0,175.2,161246.29949999
1736769600,175.2,180.31,169.22,178.71,396536.31659038004
1736784000,178.76,179.76,174.34,177.45,213651.21151485998
1736798400,177.46,183.71,176.5,182.75,186692.33054892
1736812800,182.76,184.51,181.77,184.16,107168.96783725
1736827200,184.16,186.82,184.16,185.54,66109.13490594999
1736841600,185.53,190.0,185.53,186.97,119963.47501823
1736856000,186.96,190.05,185.51,186.78,141027.93830186
1736870400,186.77,187.81,185.67,186.94,204088.87953289
1736884800,186.97,188.76,185.68,187.49,83003.50613489
1736899200,187.49,189.65,186.85,189.65,109946.16999398
1736913600,189.65,190.74,188.28,189.91,78485.26758752001
1736928000,189.91,190.63,185.76,186.93,58097.87989836
1736942400,186.9,198.02,185.91,196.56,437204.21142449
1736956800,196.57,202.4,196.5,201.92,362158.07000334
1736971200,201.93,206.06,201.93,205.9,341129.00777547003
1736985600,205.9,206.31,201.21,201.94,156010.95762573002
1737000000,201.93,203.44,201.43,203.09,57028.91911627
1737014400,203.09,212.75,198.43,212.75,156437.76790876
1737028800,212.68,217.07,205.2,209.01,424050.03555867996
1737043200,209.01,215.42,208.73,214.17,395731.02769576
1737057600,214.18,214.5,208.5,211.08,180247.76643619
1737072000,211.13,215.25,209.82,211.0,250139.73369507998
1737086400,211.0,213.82,210.9,213.29,99518.57976962
1737100800,213.28,219.62,213.24,218.69,194512.3558117
1737115200,218.68,222.0,216.46,218.7,371560.31689702
1737129600,218.67,221.98,215.72,217.34,306442.83128892
1737144000,217.34,221.27,216.6,219.56,173372.26069673
1737158400,219.55,228.87,217.33,220.52,512904.0893619
1737172800,220.46,238.37,219.55,232.8,1158611.92488983
1737187200,232.79,244.86,231.0,238.81,829528.11676601
1737201600,238.82,259.97,238.79,257.64,947226.1111517401
1737216000,257.51,270.0,242.36,255.16,1469964.78610046
1737230400,255.16,264.77,246.9,261.99,598070.12530046
1737244800,261.9,264.97,251.94,255.34,508941.91048425
1737259200,255.34,277.71,253.88,271.1,1086791.31793036
1737273600,271.02,295.0,266.16,285.84,1089416.8226843
1737288000,285.74,289.22,263.24,270.83,968941.11677012
1737302400,270.82,280.0,264.01,269.42,581071.03106324
1737316800,269.42,280.43,237.12,252.34,1814891.85852236
1737331200,252.33,252.5,229.19,241.38,1179028.13144224
1737345600,241.38,264.88,238.94,262.32,635457.6237822
1737360000,262.31,273.29,255.67,259.83,661463.07861217
1737374400,259.83,261.13,248.98,253.58,584233.28525483
1737388800,253.67,256.38,234.26,245.99,827309.0307517699
1737403200,245.99,250.46,241.0,241.65,456786.05332899
1737417600,241.7,244.51,231.25,237.41,442024.30415179
1737432000,237.41,238.56,230.0,236.33,287168.18700023
1737446400,236.33,241.79,235.08,239.09,199647.89293626
1737460800,239.1,244.54,235.49,240.59,318324.76120469
1737475200,240.58,260.24,239.46,253.33,543531.30135392
1737489600,253.39,255.97,246.47,250.32,464353.93729364
1737504000,250.33,258.19,248.36,254.17,463020.71759798
1737518400,254.17,259.71,252.39,258.5,295846.47460931004
1737532800,258.49,258.9,252.21,257.71,138012.49578182
1737547200,257.73,264.89,254.38,257.32,418472.85462354997
1737561600,257.33,266.45,253.25,265.21,383318.914078
1737576000,265.23,271.96,255.35,257.23,670079.11780338
1737590400,257.26,258.35,246.2,248.69,333147.44407016
1737604800,248.68,250.54,244.91,249.38,180585.60118578002
1737619200,249.39,249.78,242.28,244.1,170778.31164711
1737633600,244.11,254.73,241.98,249.36,445107.01762665005
1737648000,249.42,256.39,245.32,246.92,352051.17132618
1737662400,246.87,258.42,243.7,253.12,672648.18018494
1737676800,253.17,256.43,247.23,252.2,283625.31200917
1737691200,252.19,264.35,250.62,259.7,308534.79612841003
1737705600,259.7,267.28,259.7,266.84,234594.54046565
1737720000,266.85,270.0,260.84,262.32,343134.65994170995
1737734400,262.33,265.58,260.55,262.14,300736.81844174
1737748800,262.14,262.49,252.74,253.37,288919.74200204
1737763200,253.35,253.68,248.01,252.71,261633.67491553
1737777600,252.71,252.73,246.46,247.22,156920.63104606
1737792000,247.23,250.68,246.25,249.96,116523.9698332
1737806400,249.96,254.63,248.22,253.67,155239.33927435
1737820800,253.67,260.76,253.07,258.47,289464.72581696
1737835200,258.45,259.73,255.53,256.36,171225.62285037
1737849600,256.31,259.75,253.51,258.33,165587.72070073
1737864000,258.33,259.96,257.31,258.9,122545.24120891
1737878400,258.88,258.88,252.81,255.54,90400.17740069
1737892800,255.52,257.5,253.03,254.52,160207.17432283002
1737907200,254.52,257.5,253.8,256.24,125031.55413778001
1737921600,256.23,256.58,240.1,240.39,380121.46250732
1737936000,240.36,242.54,232.57,235.72,635067.6345333899
1737950400,235.7,235.7,221.81,227.46,496780.65803929
1737964800,227.41,228.0,220.82,225.71,264339.62002173
1737979200,225.74,237.75,223.57,233.67,489243.38420419
1737993600,233.68,235.95,223.84,226.44,455734.52968389
1738008000,226.44,237.83,226.39,234.87,274408.39167905
1738022400,234.89,237.76,232.8,236.64,231913.17253377
1738036800,236.63,243.95,236.63,238.74,224494.8674407
1738051200,238.79,239.73,235.45,238.25,135930.26929419
1738065600,238.25,240.1,233.5,237.47,268419.05993087
1738080000,237.47,237.75,230.27,232.11,285272.11327322
1738094400,232.11,232.58,224.93,226.89,415875.24605747
1738108800,226.91,231.92,226.65,231.13,140909.40993359
1738123200,231.11,234.71,229.73,234.3,155868.06924168998
1738137600,234.3,235.78,230.08,231.86,78883.73938377999
1738152000,231.86,231.93,226.01,228.37,264225.48632946
1738166400,228.36,235.93,222.57,231.61,404245.49847366
1738180800,231.64,238.44,227.57,228.16,415460.07566195
1738195200,228.15,240.89,226.79,240.27,332647.65446004004
1738209600,240.27,242.0,237.21,238.92,209770.18212800001
1738224000,238.92,241.86,238.05,241.75,103393.16114159
1738238400,241.75,244.7,239.07,241.17,331355.94935720996
1738252800,241.15,243.42,238.8,241.14,193327.8127674
1738267200,241.13,242.25,238.27,238.32,159029.0298171
1738281600,238.3,239.18,235.12,235.97,133441.0329762
1738296000,235.97,238.37,235.0,235.73,103309.72785508
1738310400,235.73,239.03,234.23,238.74,80691.46621988999
1738324800,238.78,241.82,236.07,240.18,259767.69536
1738339200,240.13,240.26,230.06,230.42,276750.43809407
1738353600,230.38,231.93,228.08,231.71,209619.36295321
1738368000,231.69,234.12,230.58,231.43,108019.4210503
1738382400,231.43,233.06,229.91,230.61,66548.28648539
1738396800,230.61,230.91,226.27,228.02,68052.34732706
1738411200,228.02,229.42,224.79,226.37,111240.8273285
1738425600,226.36,227.59,220.98,221.73,174209.1104436
1738440000,221.74,221.74,212.67,212.94,365797.18554148
1738454400,212.94,218.82,206.69,206.87,379837.83595626
1738468800,206.96,214.03,206.31,211.72,228819.73702226
1738483200,211.72,215.69,207.65,208.61,253360.04763294
1738497600,208.58,214.18,208.13,211.99,231311.89363727
1738512000,211.98,212.06,194.79,203.46,705070.8684375801
1738526400,203.46,206.72,192.7,203.45,564213.91857134
1738540800,203.49,203.84,176.0,198.04,1108187.57310976
1738555200,198.08,200.0,189.34,199.29,326634.54701585
1738569600,199.28,202.31,193.5,198.78,210517.01503792
1738584000,198.78,210.35,190.01,207.41,837414.5127080301
1738598400,207.37,215.65,203.93,215.57,513520.07991251
1738612800,215.52,218.97,210.09,216.48,406775.36445778003
1738627200,216.48,220.14,214.06,215.67,247296.91953845
1738641600,215.67,216.27,202.08,204.4,375589.31036073
1738656000,204.41,210.94,202.64,207.82,189219.49760029
1738670400,207.85,216.87,207.85,215.81,267737.11042877
1738684800,215.81,218.59,208.39,208.39,369089.89017440996
1738699200,208.45,210.53,202.53,206.7,414072.22225777
1738713600,206.73,209.47,205.16,207.41,157887.35840123
1738728000,207.4,208.38,203.56,205.17,107006.67601319001
1738742400,205.15,207.01,203.01,206.38,79419.70159928
1738756800,206.4,207.69,201.5,201.9,227310.30183038
1738771200,201.86,202.21,196.39,199.62,293373.78481222
1738785600,199.63,200.67,195.15,196.13,149818.46304145
1738800000,196.13,201.28,195.95,200.69,146138.18717496
1738814400,200.7,204.0,200.28,202.07,125987.86967249001
1738828800,202.07,203.03,198.72,200.35,67078.4475594
1738843200,200.37,200.7,190.59,191.26,222892.58013533
1738857600,191.25,193.01,188.43,189.94,450902.49610327
1738872000,189.92,194.72,187.5,189.57,267488.92411761
1738886400,189.59,195.88,189.2,193.31,166121.00294463
1738900800,193.3,195.46,189.19,192.56,130130.57628297
1738915200,192.59,198.7,191.69,198.54,115079.40107791
1738929600,198.54,203.62,195.92,198.16,295858.08032258
1738944000,198.2,199.28,194.75,195.46,305708.68366935
1738958400,195.47,195.65,188.15,192.06,231944.99724623
1738972800,192.04,194.29,191.44,193.03,152197.61924169998
1738987200,193.04,193.35,189.76,192.8,105313.9889008
1739001600,192.82,194.93,191.66,194.38,46866.32908497
1739016000,194.38,196.42,192.72,193.36,83837.54100047
1739030400,193.38,198.43,193.19,196.94,174298.09912843
1739044800,196.94,200.97,196.79,199.41,179596.07416608
1739059200,199.41,207.04,198.56,207.02,238870.95988872
1739073600,207.02,207.43,203.94,204.1,239788.24877929
1739088000,204.1,204.69,201.32,201.54,230167.46653069
1739102400,201.54,202.92,196.55,200.79,265470.23736525
1739116800,200.79,202.45,197.87,199.15,172136.41763391
1739131200,199.14,200.99,193.55,200.51,204246.31722855
1739145600,200.51,205.1,195.95,202.02,211904.43920178
1739160000,202.02,204.63,199.97,202.8,110159.24954622
1739174400,202.78,206.0,202.6,204.5,81598.21456327
1739188800,204.49,209.2,201.57,203.16,211610.968123
1739203200,203.16,204.44,201.02,201.4,144083.5481939
1739217600,201.4,202.8,199.24,200.53,103945.76185973
1739232000,200.51,204.72,199.99,201.17,121502.27511679
1739246400,201.15,206.22,201.04,204.44,134516.26054976002
1739260800,204.44,205.94,201.3,203.43,93759.04690524
1739275200,203.43,203.43,197.87,199.48,119516.75361575
1739289600,199.46,200.14,195.06,195.61,206183.81596396
1739304000,195.6,199.44,195.46,197.93,159938.71027587
1739318400,197.94,198.5,193.7,194.25,166017.84092991
1739332800,194.24,196.17,193.04,195.21,152092.13411421
1739347200,195.17,197.99,195.03,197.33,50974.37245024
1739361600,197.36,198.58,188.42,191.99,372174.35946498
1739376000,192.02,196.67,189.33,193.75,193850.72507715
1739390400,193.72,198.47,193.01,196.8,234957.95137163
1739404800,196.82,198.24,195.02,198.22,149691.21445652
1739419200,198.21,198.49,192.76,193.11,113478.7858294
1739433600,193.11,193.54,191.18,191.95,128646.65851825001
1739448000,191.95,193.15,188.93,191.98,181117.16942986002
1739462400,191.96,194.62,190.04,192.7,162036.89157598
1739476800,192.69,195.5,192.59,194.29,191211.40807274
1739491200,194.29,197.45,194.17,197.05,178249.28322004
1739505600,197.04,197.39,194.78,196.63,122073.84758776
1739520000,196.63,201.43,196.41,199.6,182481.458521
1739534400,199.6,202.1,196.45,200.88,212714.43562055
1739548800,200.89,205.37,198.89,201.63,315438.7379536
1739563200,201.63,202.31,198.12,199.43,176859.79996948
1739577600,199.42,200.32,196.8,198.4,110768.63528786
1739592000,198.37,198.87,195.26,195.9,91850.90510947
1739606400,195.9,196.79,194.0,194.9,66138.23371252
1739620800,194.9,196.09,193.35,194.69,120920.91630112
1739635200,194.69,195.27,193.35,194.21,81331.70476664
1739649600,194.21,195.1,192.64,194.53,100180.21999327
1739664000,194.53,195.51,193.06,194.74,171744.81805597
1739678400,194.74,196.25,192.32,192.96,85473.37203595001
1739692800,192.95,194.0,192.25,193.75,33052.17611424
1739707200,193.77,193.84,189.28,190.35,139365.30292407
1739721600,190.36,191.34,187.64,189.26,150137.67123374
1739736000,189.24,189.88,186.01,188.29,139064.32790531998
1739750400,188.29,189.73,185.34,186.36,112711.8536895
1739764800,186.35,186.53,180.81,181.38,287596.04413235997
1739779200,181.36,185.46,180.8,184.25,128420.22128635
1739793600,184.25,186.93,180.0,180.37,266960.42783874
1739808000,180.36,181.34,174.71,177.09,491625.6304226
1739822400,177.09,181.32,177.01,177.52,163429.39570177998
1739836800,177.52,179.07,175.41,177.97,204751.06236811
1739851200,177.97,177.98,163.88,165.68,531288.04361819
1739865600,165.68,170.87,163.14,168.65,256141.95048948
1739880000,168.64,171.46,164.29,165.9,390286.21553456
1739894400,165.93,167.07,160.78,165.17,511289.43037336
1739908800,165.19,170.52,163.82,169.2,332503.93526428
1739923200,169.23,170.78,166.6,167.4,192070.26521653
1739937600,167.4,169.77,163.67,168.89,165245.1975413
1739952000,168.9,174.26,168.38,173.87,154750.36856719002
1739966400,173.87,174.1,168.15,169.72,197580.36846472
1739980800,169.7,173.4,168.14,168.66,224962.54846585
1739995200,168.66,169.91,166.36,168.89,261576.1306083
1740009600,168.93,172.85,167.64,172.43,139324.01112211
1740024000,172.43,174.97,170.85,171.78,129145.05469051
1740038400,171.8,175.12,170.91,173.99,142948.52762329
1740052800,173.99,176.7,171.24,171.61,241310.71373632998
1740067200,171.61,175.48,171.25,175.04,132720.67623846
1740081600,175.02,176.58,173.24,176.05,131558.69152500998
1740096000,176.05,176.52,173.01,173.32,84905.94393883
1740110400,173.32,176.85,173.3,175.89,79244.97984112
1740124800,175.89,180.25,175.87,177.22,116799.14897546999
1740139200,177.21,180.61,170.58,173.23,349216.23268732
1740153600,173.18,175.7,168.2,168.37,363525.50378199003
1740168000,168.37,169.89,166.99,168.82,177674.43702815
1740182400,168.82,172.79,167.98,170.32,124732.46227839001
1740196800,170.32,172.78,170.07,171.71,78673.28014345
1740211200,171.71,174.08,171.33,173.55,62363.81140765
1740225600,173.54,174.55,172.57,174.22,86713.94768812999
1740240000,174.2,174.67,172.32,172.64,77387.5738955
1740254400,172.63,173.7,171.89,172.08,55004.75101778
1740268800,172.09,172.3,170.21,170.64,86534.47105566
1740283200,170.64,173.1,170.0,172.87,40308.410206169996
1740297600,172.89,172.92,169.53,169.65,40619.830298169996
1740312000,169.66,169.95,166.61,166.8,79621.41305968
1740326400,166.8,168.74,166.79,167.71,86847.34592275
1740340800,167.7,168.83,166.4,167.95,83338.53889232001
1740355200,167.95,169.65,160.57,161.0,270964.99652571
1740369600,161.02,161.76,157.2,161.0,262268.7383067
1740384000,161.01,161.11,155.34,159.33,181187.79626685
1740398400,159.3,160.42,150.61,152.61,470712.98659118
1740412800,152.66,155.17,147.91,150.1,461998.49870619003
1740427200,150.1,152.63,137.77,141.79,761027.06587886
1740441600,141.79,144.47,138.12,138.89,594182.89160554
1740456000,138.95,141.78,133.0,136.24,474844.93458095
1740470400,136.23,141.32,131.89,141.22,353452.04426969
1740484800,141.23,141.78,134.4,138.69,485083.13611104
1740499200,138.72,145.4,137.79,145.26,538844.9561789
1740513600,145.24,146.95,143.09,144.16,292398.1777977
1740528000,144.17,144.99,141.45,143.13,221759.8340975
1740542400,143.14,144.5,139.37,140.06,221736.65482768
1740556800,140.06,142.08,137.9,138.01,197262.6279965
1740571200,138.04,140.29,134.5,139.08,436451.55472656
1740585600,139.08,139.6,130.43,131.77,726327.70759396
1740600000,131.78,137.66,130.69,135.12,459192.56117628
1740614400,135.14,138.95,134.77,138.4,232773.55828246003
1740628800,138.42,142.73,136.91,140.84,210745.12916093
1740643200,140.87,142.33,139.13,140.36,145173.30117739
1740657600,140.35,141.14,136.16,139.55,273679.28571054
1740672000,139.54,140.04,135.48,136.08,328387.01086448
1740686400,136.1,137.99,134.52,137.54,339900.3509946
1740700800,137.55,137.83,127.01,127.43,546682.72246205
1740715200,127.47,129.4,125.36,128.37,405777.75709338
1740729600,128.36,134.61,127.75,133.42,188707.19667255
1740744000,133.42,147.95,132.85,145.65,635490.40667134
1740758400,145.64,147.24,143.69,146.29,363475.84475946
1740772800,146.27,148.61,144.55,148.09,250392.37617578
1740787200,148.09,151.1,145.48,145.67,237578.2590365
1740801600,145.64,147.14,142.12,142.42,195525.0389007
1740816000,142.42,144.19,139.49,140.3,110193.06797578999
1740830400,140.29,141.63,138.49,140.33,212194.63021436002
1740844800,140.33,141.42,138.75,140.47,157138.89787096
1740859200,140.47,143.79,139.8,143.59,169977.71482313
1740873600,143.63,145.9,142.75,143.78,186388.79127562
1740888000,143.78,145.08,142.17,143.71,118421.82026453
1740902400,143.69,144.79,142.4,143.44,76622.31847302
1740916800,143.44,163.88,139.98,157.5,827249.6281382199
1740931200,157.58,180.0,157.54,172.2,2054923.61553414
1740945600,172.14,179.27,171.68,178.72,648510.0811458
1740960000,178.72,179.45,168.05,169.84,544880.98501741
1740974400,169.84,170.46,159.77,162.24,352689.51105284004
1740988800,162.22,163.31,156.74,161.03,242904.36711567
1741003200,161.02,167.09,154.04,157.65,669725.97964128
1741017600,157.68,159.53,140.0,141.74,1107074.4916610098
1741032000,141.73,144.84,139.01,142.05,512369.49603875
1741046400,142.05,144.97,132.34,136.32,545201.2905214899
1741060800,136.35,139.49,135.58,135.94,184353.03890559002
1741075200,135.94,138.46,134.56,136.91,147859.88346634002
1741089600,136.91,143.19,132.39,138.49,637941.4060618
1741104000,138.49,144.74,130.66,143.15,700950.48711544
1741118400,143.15,146.92,141.56,144.78,520322.91872823006
1741132800,144.75,145.47,141.69,141.75,328030.60122388
1741147200,141.79,144.04,140.77,142.85,161179.62389362
1741161600,142.86,149.72,142.72,147.13,181870.59977484
1741176000,147.14,149.25,140.3,141.65,481814.56289934996
1741190400,141.62,146.41,140.18,144.76,318080.66717183
1741204800,144.77,146.81,143.93,146.31,192536.21226546
1741219200,146.29,150.64,144.54,148.75,279488.19458285
1741233600,148.73,150.64,147.65,148.63,177359.74229576
1741248000,148.62,152.9,148.33,151.71,154903.1544007
1741262400,151.71,151.87,145.09,149.05,368777.78421435005
1741276800,149.05,149.41,142.42,143.59,237179.27044013
1741291200,143.56,145.88,143.18,143.29,203552.68080477
1741305600,143.3,145.55,135.02,140.78,436930.60398723
1741320000,140.79,144.6,140.59,144.33,108957.25031875
1741334400,144.32,146.2,142.62,143.58,120291.3882056
1741348800,143.57,148.11,141.73,144.87,284449.16768764996
1741363200,144.85,150.82,141.22,146.29,473787.64797253
1741377600,146.28,147.6,137.4,139.33,491012.72022334
1741392000,139.31,141.0,137.72,139.63,115333.60855569
1741406400,139.61,140.97,138.29,138.77,56961.30523555
1741420800,138.72,139.17,136.63,137.52,45958.873194499996
1741435200,137.53,138.69,136.08,137.14,90548.70949013
1741449600,137.16,138.83,135.22,138.4,128669.39543905
1741464000,138.4,138.57,136.32,136.95,74602.97807096
1741478400,136.97,138.49,136.49,137.89,67403.19144553
1741492800,137.89,139.82,137.65,139.59,74333.96479003
1741507200,139.58,139.73,135.62,136.29,96526.10131661
1741521600,136.29,136.4,129.84,130.14,293293.07125162997
1741536000,130.13,131.51,125.8,129.18,309302.16885733
1741550400,129.16,130.56,124.7,126.45,443427.43336893
1741564800,126.48,129.15,124.12,126.59,250262.43919725998
1741579200,126.59,129.18,126.46,128.09,82287.88283843
1741593600,128.09,131.52,125.93,129.85,129951.78188927
1741608000,129.94,130.89,120.15,121.89,722423.4003675401
1741622400,121.9,122.31,115.4,119.58,777435.5932921399
1741636800,119.61,120.16,117.45,118.24,275972.93631769
1741651200,118.25,121.83,112.0,119.92,649368.6338345
1741665600,119.91,123.97,119.71,123.03,174683.02064432
1741680000,123.03,125.8,122.93,124.69,178780.76591082
1741694400,124.68,126.17,118.51,124.94,528795.21479166
1741708800,124.96,128.41,122.75,128.1,468134.51681247
1741723200,128.1,128.21,125.06,125.34,213307.06532816
1741737600,125.32,127.07,122.47,122.51,189867.8176808
1741752000,122.53,123.46,121.2,123.14,144547.59855383
1741766400,123.14,126.79,122.85,126.73,137819.74152294
1741780800,126.73,131.62,123.02,124.52,499088.68828893
1741795200,124.51,126.28,123.28,125.01,323453.51598806
1741809600,125.0,127.06,123.94,126.6,187669.61742603
1741824000,126.59,127.39,124.68,124.97,150999.32866698998
1741838400,124.95,125.33,123.03,124.27,92844.59890966001
1741852800,124.26,128.0,123.64,126.83,138720.38189755002
1741867200,126.83,128.75,123.57,124.31,301360.93851838005
1741881600,124.31,124.37,120.95,121.39,242718.99751104
1741896000,121.39,124.31,120.69,123.3,146631.98650285
1741910400,123.33,125.42,122.92,124.45,157321.30503664
1741924800,124.44,125.57,124.38,124.68,63905.794271369996
1741939200,124.67,126.56,124.6,126.14,64052.59829723
1741953600,126.14,133.66,125.44,132.12,507079.23155862
1741968000,132.12,134.71,130.88,134.29,278566.74701992003
1741982400,134.29,136.09,132.36,133.55,231256.69015647
1741996800,133.52,135.29,132.91,135.02,107155.48856113
1742011200,135.04,135.38,132.69,132.95,110813.68128269
1742025600,132.94,133.7,132.45,133.39,57724.10332169
1742040000,133.38,135.84,133.13,135.12,87892.54934774
1742054400,135.13,136.55,133.58,134.51,115895.25260941
1742068800,134.51,136.56,134.39,135.91,101448.50354919
1742083200,135.88,136.71,134.15,135.51,118323.46511888
1742097600,135.5,136.24,133.83,134.67,94129.62739124
1742112000,134.65,134.98,129.64,129.9,157985.08026172
1742126400,129.92,130.84,127.44,128.8,180003.5424911
1742140800,128.77,131.24,126.09,126.92,233749.03829778
1742155200,126.92,127.74,125.17,126.1,193865.14900672
1742169600,126.09,129.24,125.87,128.97,211196.85609155
1742184000,128.96,129.49,126.52,129.21,107116.58477315
1742198400,129.25,129.6,128.41,129.17,70371.82095074
1742212800,129.17,130.09,125.53,127.51,289314.23438153
1742227200,127.51,130.65,126.64,129.84,241988.38111507
1742241600,129.85,129.94,127.75,128.03,105043.81722266
1742256000,128.03,128.21,123.57,124.16,241517.0454848
1742270400,124.14,125.24,123.26,125.19,160385.91074197
1742284800,125.18,125.98,123.18,123.52,149466.89200326
1742299200,123.51,123.79,121.69,122.55,197577.74649252
1742313600,122.55,124.49,122.44,124.18,141838.48140828
1742328000,124.18,125.69,123.47,125.29,84746.69452287
1742342400,125.31,126.68,124.19,126.46,106592.01031491
1742356800,126.45,126.86,125.36,125.7,89728.59901143
1742371200,125.71,129.5,125.7,128.67,123644.88817716
1742385600,128.67,132.76,126.94,132.34,377285.92244631005
1742400000,132.33,134.35,128.18,133.08,407935.09322425
1742414400,133.08,136.13,133.02,135.39,236782.25544424
1742428800,135.38,136.18,132.87,133.94,170454.52845773
1742443200,133.94,134.97,132.81,134.04,95738.4221085
1742457600,134.04,134.59,130.3,130.6,139035.03594174
1742472000,130.61,132.23,128.4,128.89,307292.70619173
1742486400,128.87,129.32,126.6,127.89,204600.91261166
1742500800,127.87,128.43,127.14,127.5,92648.31725028
1742515200,127.51,129.0,127.26,127.89,96594.00677060001
1742529600,127.91,128.73,127.36,127.99,64869.030602729996
1742544000,128.0,129.03,125.69,126.36,120406.12662431
1742558400,126.35,127.71,125.34,125.92,194965.53414444
1742572800,125.91,129.63,124.81,128.2,240362.12220764
1742587200,128.2,130.14,127.52,128.44,168393.50953172002
1742601600,128.42,129.33,127.76,128.84,71835.661372
1742616000,128.84,129.7,128.48,128.77,37389.67324384
1742630400,128.79,131.8,128.72,130.31,113206.09783311
1742644800,130.31,130.51,128.62,129.21,81630.76925141
1742659200,129.22,130.27,128.9,129.95,70175.01729671
1742673600,129.96,130.04,128.07,128.47,90070.9744719
1742688000,128.47,130.82,128.2,130.81,72529.85830828
1742702400,130.81,131.49,129.71,131.15,43008.57340224
1742716800,131.14,134.05,130.93,133.07,124864.81117098
1742731200,133.07,133.8,132.23,132.5,148852.63272381
1742745600,132.49,132.72,130.32,130.52,106678.29070313
1742760000,130.52,132.87,130.17,132.85,117254.68056678
1742774400,132.85,138.46,132.06,138.16,362033.46059678
1742788800,138.16,139.35,137.76,138.9,225465.44584724
1742803200,138.91,144.13,138.63,143.42,408956.65812301
1742817600,143.43,145.2,142.31,143.29,532667.35391332
1742832000,143.3,143.49,141.3,142.79,209533.28894731
1742846400,142.79,143.66,139.65,141.0,193948.02142412
1742860800,141.02,142.32,138.21,138.63,146118.88547427
1742875200,138.61,140.36,138.16,139.48,108229.63125807
1742889600,139.48,143.42,139.45,142.21,134635.30676365
1742904000,142.15,147.6,141.14,145.3,508764.98278016003
1742918400,145.32,146.28,143.67,145.06,281214.20297845
1742932800,145.05,146.13,142.51,143.69,243878.55255444
1742947200,143.68,144.63,141.51,141.87,165908.312038
1742961600,141.87,144.9,141.65,144.56,118761.39480154
1742976000,144.55,145.55,143.85,144.66,85426.31258823
1742990400,144.67,145.12,138.94,139.36,321355.47737811
1743004800,139.33,140.25,136.2,137.48,218910.11263732
1743019200,137.45,138.53,135.9,137.38,169672.6649087
1743033600,137.38,140.25,136.82,139.95,171075.41627899
1743048000,139.96,140.11,137.89,138.9,110219.41691388
1743062400,138.9,139.28,137.14,137.43,134431.31565653
1743076800,137.41,139.8,135.64,137.76,230769.36851298
1743091200,137.76,139.74,137.34,139.06,159898.13706563
1743105600,139.08,139.94,138.05,138.4,88466.72350227
1743120000,138.39,139.02,136.1,136.77,169896.36288947
1743134400,136.77,137.28,131.32,131.58,217285.93060874
1743148800,131.56,132.6,130.32,131.89,195814.82093818
1743163200,131.88,132.39,129.08,129.87,308081.72651053
1743177600,129.87,130.22,128.94,129.33,171814.574699
1743192000,129.32,130.35,127.67,129.44,146200.51860533
1743206400,129.44,130.49,126.53,128.77,139444.16614469
1743220800,128.76,129.07,125.42,126.35,96541.77052492
1743235200,126.34,127.05,124.29,125.22,109664.20703237
1743249600,125.23,126.77,124.94,126.28,101564.84159935999
1743264000,126.27,126.73,123.6,125.22,143913.77564785
1743278400,125.24,125.38,122.68,124.54,125344.17005097
1743292800,124.54,126.6,123.46,125.7,122454.13196178
1743307200,125.7,126.52,125.11,125.47,72826.19027143001
1743321600,125.46,126.38,124.63,125.1,68629.26998837
1743336000,125.1,125.56,123.18,124.9,120300.69073819
1743350400,124.9,127.02,122.99,125.81,152245.57313549
1743364800,125.81,126.34,123.11,124.8,104792.47764991
1743379200,124.81,127.59,122.72,124.55,213976.75252936
1743393600,124.57,127.0,124.31,125.84,144494.71313649
1743408000,125.85,126.66,123.03,124.27,145079.2598891
1743422400,124.27,127.82,123.23,126.76,299669.27627136
1743436800,126.76,127.36,123.83,125.23,191750.87525029999
1743451200,125.23,126.25,124.48,124.54,179909.11426892
1743465600,124.51,126.71,123.74,126.02,169168.20572434
1743480000,126.03,126.84,125.57,126.68,101645.85321471
1743494400,126.66,129.98,126.66,127.58,236143.55673693
1743508800,127.6,130.44,124.66,129.27,361539.32217417
1743523200,129.26,129.62,125.52,126.82,205368.85074090998
1743537600,126.8,127.53,125.24,126.69,131663.21573354
1743552000,126.69,126.95,124.04,124.34,204983.57184416
1743566400,124.32,125.0,123.47,124.53,125832.24908087
1743580800,124.52,126.72,124.29,125.68,135528.56901853
1743595200,125.68,131.05,125.1,130.41,534539.13315415
1743609600,130.43,131.78,129.15,131.41,277675.65740381
1743624000,131.42,136.18,117.23,117.4,1289203.26920435
1743638400,117.41,120.94,116.18,119.82,416970.36714226
1743652800,119.83,120.86,117.92,118.62,268419.28189149
1743667200,118.62,119.26,115.14,115.72,378746.48569440003
1743681600,115.71,116.0,112.22,114.14,709597.93007778
1743696000,114.15,115.96,113.23,115.37,337349.70337185
1743710400,115.35,117.4,115.05,117.12,193416.939387
1743724800,117.14,117.4,114.58,115.36,185465.18349418
1743739200,115.35,118.35,114.68,118.14,196465.18937208
1743753600,118.15,119.92,113.26,114.52,347306.86413547
1743768000,114.5,121.01,113.94,118.56,777095.4264493501
1743782400,118.55,124.81,118.16,122.54,679046.70683928
1743796800,122.55,124.0,121.66,122.74,196762.30997861
1743811200,122.74,122.81,120.58,120.69,165567.13583325
1743825600,120.68,121.28,120.16,121.03,70988.39139707001
1743840000,121.04,121.93,119.79,120.25,78874.92878085
1743854400,120.25,120.29,115.81,117.5,271039.21845323
1743868800,117.5,119.29,117.46,118.56,97257.20919043999
1743883200,118.55,120.5,118.34,120.25,135382.48000271
1743897600,120.25,121.05,119.36,119.92,121519.27978407999
1743912000,119.94,120.55,118.76,119.16,103224.8182602
1743926400,119.15,120.11,118.11,118.53,82056.76767885001
1743940800,118.53,118.79,114.23,114.93,297174.62194369
1743955200,114.92,115.24,106.23,108.03,849112.0419427899
1743969600,108.03,108.51,103.71,105.82,698078.67935265
1743984000,105.81,107.75,102.17,103.18,564627.51026744
1743998400,103.19,103.69,95.16,97.03,871338.92234227
1744012800,97.04,102.56,96.84,100.22,725630.7036028099
1744027200,100.23,113.05,99.69,106.62,1774607.2442983
1744041600,106.6,107.94,103.52,105.66,866062.58802776
1744056000,105.7,109.28,105.68,106.94,318088.1802959
1744070400,106.93,112.57,106.63,111.29,513623.49406916
1744084800,111.28,112.16,107.94,108.67,252696.24049653
1744099200,108.66,111.81,107.13,111.55,268486.48799746
1744113600,111.55,112.16,106.64,107.16,656057.8059406
1744128000,107.15,107.26,102.86,103.92,668008.6247623899
1744142400,103.94,106.44,103.55,105.35,625960.44301671
1744156800,105.36,106.51,101.16,103.07,642852.9482486501
1744171200,103.04,107.76,102.93,107.33,558218.323416
1744185600,107.32,108.21,102.69,103.37,356748.34345652
1744200000,103.35,107.34,102.25,106.46,365340.51471769
1744214400,106.46,121.29,106.15,118.88,1060270.93627356
1744228800,118.86,120.5,118.07,119.04,306959.95385885
1744243200,119.02,119.29,114.47,115.47,257347.54911532
1744257600,115.45,116.94,114.07,114.74,164784.55366793
1744272000,114.76,115.21,113.37,113.91,96763.61056856
1744286400,113.89,115.69,109.31,109.5,577694.55941707
1744300800,109.49,111.84,108.31,111.29,674943.64400827
1744315200,111.28,113.34,111.21,112.75,228908.5247684
1744329600,112.73,115.84,112.07,115.34,240659.23233427
1744344000,115.34,117.67,114.9,116.55,128428.27090953
1744358400,116.56,119.35,115.83,117.94,248752.01015668
1744372800,117.95,121.5,117.51,119.84,586868.24231349
1744387200,119.85,122.07,118.6,120.86,372384.13916178
1744401600,120.84,122.66,119.94,121.36,234205.44583819
1744416000,121.36,122.18,119.36,120.12,155309.02319023001
1744430400,120.12,124.54,119.77,124.2,221326.9277088
1744444800,124.18,125.49,123.97,124.56,110870.55304149
1744459200,124.55,131.78,124.34,130.45,480563.90247711004
1744473600,130.44,131.56,128.15,130.7,249016.64741576
1744488000,130.69,134.11,130.65,132.22,267001.60937173
1744502400,132.22,133.98,130.87,131.79,207392.2792234
1744516800,131.79,132.02,128.16,128.52,149172.17519573
1744531200,128.52,131.58,128.17,129.79,141808.84465205
1744545600,129.77,130.4,126.79,128.68,209418.87543242
1744560000,128.66,132.55,127.03,128.19,244757.81134810002
1744574400,128.17,129.79,125.26,128.32,371370.69219545997
1744588800,128.32,136.0,127.89,131.67,426283.69360116
1744603200,131.68,134.31,131.1,132.28,168087.85191154
1744617600,132.28,134.13,131.48,133.48,166941.76939044
1744632000,133.49,134.77,128.0,128.77,526016.36276008
1744646400,128.78,132.0,128.09,131.1,213226.70001952
1744660800,131.11,131.2,128.65,129.39,154239.77800197
1744675200,129.39,130.73,127.71,130.53,333458.7235596
1744689600,130.52,132.28,129.66,131.56,100416.78109496
1744704000,131.58,133.86,131.38,132.13,160642.62639204
1744718400,132.14,134.42,129.1,129.61,297124.49159639
1744732800,129.62,130.6,127.28,127.9,265958.52722055
1744747200,127.9,128.59,125.8,126.09,206829.41669516
1744761600,126.1,127.32,124.8,126.44,216153.0126753
1744776000,126.43,126.69,124.36,124.78,126471.15002492
1744790400,124.78,126.62,123.46,126.23,193847.18346157
1744804800,126.26,129.5,124.44,128.37,357456.57892354997
1744819200,128.38,133.91,124.87,132.44,613557.39190513
1744833600,132.43,133.7,130.75,131.32,257553.0395018
1744848000,131.31,132.69,129.47,129.75,187861.6902506
1744862400,129.76,135.58,129.59,134.25,284321.92890009
1744876800,134.25,134.99,132.39,133.09,162451.97942492
1744891200,133.1,134.48,130.57,133.44,317902.28004945
1744905600,133.44,136.15,132.01,132.94,495511.7463294
1744920000,132.95,135.29,132.93,134.85,153665.04348812002
1744934400,134.85,136.0,133.79,134.51,144492.31582123
1744948800,134.53,135.01,133.25,134.89,96591.05910745
1744963200,134.88,135.5,133.55,134.27,107674.94693239
1744977600,134.26,135.16,132.46,132.9,133740.66642393998
1744992000,132.9,134.48,132.67,134.21,84638.33699243999
1745006400,134.2,134.39,133.22,134.03,79370.06669823
1745020800,134.06,139.2,133.58,138.83,354398.42253033
1745035200,138.82,139.43,137.79,138.79,175859.51393044
1745049600,138.77,139.98,138.49,138.75,148596.82488035
1745064000,138.77,140.5,138.51,138.96,134938.38912272
1745078400,138.96,139.43,137.66,138.7,116071.27914500999
1745092800,138.7,139.93,138.3,139.87,84781.36783337
1745107200,139.86,141.97,139.41,140.97,219176.56083567
1745121600,140.99,141.62,138.62,139.66,179881.42824631
1745136000,139.66,139.87,135.86,136.41,276838.90229399
1745150400,136.4,138.05,135.67,135.98,204047.47782493
1745164800,135.96,137.28,135.75,137.2,129317.48955369
1745179200,137.2,138.52,136.37,137.85,167146.32673518
1745193600,137.86,143.13,137.64,139.4,289152.02966814
1745208000,139.39,141.84,139.23,140.19,119251.68627198
1745222400,140.19,141.17,138.34,139.0,68590.97214617999
1745236800,138.99,140.15,136.76,138.4,269395.11901845
1745251200,138.39,138.84,133.82,136.9,557795.19109789
1745265600,136.9,137.41,135.34,136.56,260015.71585414
1745280000,136.54,139.91,134.69,139.36,194808.63979673
1745294400,139.36,140.62,138.44,140.17,83994.86242506001
1745308800,140.17,140.82,138.96,140.46,89632.6780411
1745323200,140.46,145.78,140.1,145.42,428428.07776472997
1745337600,145.42,147.8,143.57,144.38,265908.24593336
1745352000,144.36,150.31,143.53,148.84,430224.8140344
1745366400,148.86,149.52,147.2,149.29,227445.20937101
1745380800,149.29,152.37,148.63,151.65,241507.04289958
1745395200,151.63,153.76,151.04,152.12,199070.87675182
1745409600,152.11,154.28,148.75,151.43,472271.39418393
1745424000,151.44,152.52,148.96,150.23,238292.61511554
1745438400,150.21,151.91,149.89,151.16,138001.80215986999
1745452800,151.17,151.51,147.68,147.78,139638.18147938
1745467200,147.79,149.18,146.98,147.19,96377.28744524
1745481600,147.19,147.79,145.21,147.71,123535.31212072
1745496000,147.71,151.52,147.1,149.41,251029.3019709
1745510400,149.43,152.5,148.89,151.61,220754.08025677
1745524800,151.63,152.93,150.07,152.6,177339.98806028
1745539200,152.61,154.54,150.58,151.77,194347.40063542998
1745553600,151.76,155.0,150.79,154.91,207405.65082703
1745568000,154.89,155.04,153.0,154.84,216218.38977904
1745582400,154.84,157.08,152.3,153.04,496349.49298021
1745596800,153.06,153.34,150.53,151.49,207480.60386786
1745611200,151.49,152.63,150.01,150.91,165260.18174938
1745625600,150.92,153.26,150.92,151.44,111310.52685837
1745640000,151.43,152.44,150.06,151.42,81443.22214684
1745654400,151.41,152.44,148.04,148.56,96413.50323901
1745668800,148.55,149.63,147.79,149.38,101436.16187667
1745683200,149.38,149.53,148.4,149.28,60768.61712019
1745697600,149.29,149.73,148.4,149.27,65112.90106498
1745712000,149.29,150.43,146.0,147.61,156070.87929197
1745726400,147.61,147.91,145.54,147.45,73562.07695652
1745740800,147.45,148.78,147.38,148.01,48123.31713824
1745755200,148.0,149.83,147.04,149.06,123888.9086917
1745769600,149.07,150.3,148.27,150.09,93973.56011735
1745784000,150.08,150.17,147.91,148.04,89098.36675179
1745798400,148.03,149.58,144.69,148.44,276516.14382985
1745812800,148.44,151.54,148.43,151.13,156864.4374126
1745827200,151.14,153.45,149.08,151.75,251201.59885205
1745841600,151.74,151.89,145.58,146.37,419450.22659968
1745856000,146.36,148.91,145.39,148.46,268485.23022618
1745870400,148.46,148.54,146.59,147.9,141096.55071309
1745884800,147.89,149.27,146.99,147.52,140745.69516675
1745899200,147.52,149.0,145.59,148.95,100431.87744976999
1745913600,148.93,149.53,147.66,149.06,98512.40390055999
1745928000,149.05,149.3,146.88,148.09,182954.11444647
1745942400,148.1,150.38,147.75,149.31,221294.12926269
1745956800,149.3,149.55,145.0,146.34,208534.75713107002
1745971200,146.33,148.7,145.13,148.22,218434.69432160998
1745985600,148.22,148.44,146.14,146.45,126091.24125792
1746000000,146.45,148.04,146.08,147.97,53953.11609014
1746014400,147.98,148.04,140.4,142.23,693073.60758142
1746028800,142.2,146.05,141.36,145.62,276706.26589063
1746043200,145.63,148.16,145.35,147.56,164235.73369787
1746057600,147.57,149.71,147.56,148.73,130175.06631224
1746072000,148.73,150.25,148.01,149.83,78191.77618069
1746086400,149.81,152.49,149.58,151.79,140952.68756868
1746100800,151.8,154.04,150.63,151.9,300831.994615
1746115200,151.9,152.92,150.14,150.33,222707.20363705
1746129600,150.33,151.0,149.92,150.89,80354.26475531
1746144000,150.88,151.86,150.12,150.81,102798.44428920001
1746158400,150.82,151.09,148.42,148.55,110149.78061757
1746172800,148.56,150.83,148.42,150.77,70263.09688081
1746187200,150.76,151.99,149.4,149.95,248039.40816612
1746201600,149.96,151.47,147.82,148.13,133752.78568275
1746216000,148.15,148.73,147.36,148.09,94824.93921575
1746230400,148.09,149.11,147.58,148.34,64792.54852451
1746244800,148.35,148.64,147.45,148.16,60123.78132938
1746259200,148.16,148.44,146.74,147.18,99238.60228795
1746273600,147.18,149.0,147.17,148.47,67212.31789189999
1746288000,148.48,148.5,145.88,147.47,70434.65416867
1746302400,147.46,147.97,146.66,146.75,51369.63945273
1746316800,146.75,147.74,145.54,145.65,66908.58246095001
1746331200,145.64,146.58,145.2,145.68,51448.39053401
1746345600,145.67,146.02,144.7,145.48,46950.709139779996
1746360000,145.47,147.25,144.98,146.83,48286.35837642
1746374400,146.85,147.81,146.03,146.21,62351.18737358
1746388800,146.21,147.19,143.59,143.97,94429.84156528
1746403200,143.96,145.45,142.51,144.91,95138.17658656
1746417600,144.91,147.36,144.9,146.87,58879.81619478
1746432000,146.87,147.08,143.58,144.21,51745.92650005
1746446400,144.2,145.41,143.16,143.75,114907.74097777
1746460800,143.75,147.12,143.66,146.49,119791.72462828999
1746475200,146.46,147.71,144.94,146.68,100873.42182289
1746489600,146.68,146.81,143.77,144.61,83956.2367081
1746504000,144.63,145.84,144.3,145.23,39223.965387360004
1746518400,145.23,145.25,141.94,142.57,94519.96432474
1746532800,142.56,143.92,141.34,143.16,109926.35625312
1746547200,143.17,145.28,142.41,144.87,114564.72383682
1746561600,144.86,147.23,143.52,146.89,144793.35266659
1746576000,146.89,149.64,145.44,146.23,176932.39688954002
1746590400,146.23,147.32,145.41,147.28,72179.88402409
1746604800,147.26,148.28,146.93,147.58,46351.13286354
1746619200,147.59,147.75,145.46,145.76,125310.52732123001
1746633600,145.76,147.36,144.67,145.8,155466.45641728
1746648000,145.77,148.34,145.5,147.37,122970.24860487
1746662400,147.36,151.21,147.11,150.91,190530.92918787998
1746676800,150.92,151.98,150.03,151.58,130495.90110685001
1746691200,151.59,155.32,151.55,154.58,172683.17446289
1746705600,154.58,163.05,154.19,160.23,560521.11797833
1746720000,160.24,161.09,158.58,160.56,384825.95324455004
1746734400,160.57,164.57,159.8,164.45,262284.74503374
1746748800,164.44,164.48,161.27,161.33,200838.27555456
1746763200,161.33,166.95,161.02,165.11,190279.70370099
1746777600,165.11,176.14,164.28,172.3,505556.05891849997
1746792000,172.29,173.41,167.32,170.75,439077.04353755
1746806400,170.76,172.6,168.57,171.96,270699.68282505
1746820800,171.99,173.83,171.18,172.8,135051.68850967
1746835200,172.81,175.16,170.66,171.61,156310.74262031
1746849600,171.62,172.56,169.8,172.33,126912.36967577
1746864000,172.34,173.44,168.75,168.98,147413.14127018
1746878400,168.99,172.06,168.99,171.08,96146.00806331
1746892800,171.09,173.86,170.87,172.2,133999.15832073
1746907200,172.21,178.93,171.38,177.91,268064.81740788
1746921600,177.88,180.16,172.76,175.86,408380.67267875
1746936000,175.87,177.64,172.34,172.65,142863.29512486001
1746950400,172.64,175.04,172.62,174.8,62547.45228533
1746964800,174.78,175.26,169.41,170.56,201415.23339697
1746979200,170.55,173.53,169.45,172.8,216039.82670449
1746993600,172.78,173.93,171.31,173.23,102011.48654946
1747008000,173.22,176.91,171.76,174.92,294615.63909861003
1747022400,174.91,179.59,173.66,176.07,842206.74278815
1747036800,176.12,177.07,173.68,174.09,157528.13174376
1747051200,174.09,181.45,174.0,174.41,460261.26950105
1747065600,174.38,176.68,168.3,171.19,295891.30105962
1747080000,171.19,174.95,170.42,174.22,151374.81674778
1747094400,174.23,174.38,166.93,166.98,201407.59333025
1747108800,167.0,172.4,166.17,171.49,108263.45418110001
1747123200,171.5,175.19,170.93,174.02,117803.28633791
1747137600,174.03,176.32,172.17,176.1,282304.7025913
1747152000,176.11,184.48,175.72,182.13,455800.87810316
1747166400,182.13,184.8,180.45,183.76,287500.02205894
1747180800,183.76,184.86,179.07,180.3,265580.40347883
1747195200,180.3,183.98,179.86,181.73,136188.55844949998
1747209600,181.74,182.66,177.6,181.05,172664.61667658
1747224000,181.06,181.88,175.64,177.39,257073.24036254
1747238400,177.39,177.73,173.12,177.13,250375.08331729
1747252800,177.14,177.77,175.27,176.69,147398.81045957998
1747267200,176.69,178.39,174.05,174.1,174134.48131278
1747281600,174.1,175.32,169.81,170.43,145968.33857756
1747296000,170.39,173.09,168.75,171.12,158143.88556301
1747310400,171.12,172.86,167.0,172.29,358496.61325701
1747324800,172.29,174.54,167.73,169.77,336365.11564899003
1747339200,169.79,170.66,166.8,169.19,198355.50003629999
1747353600,169.18,173.69,168.73,172.66,140821.2390579
1747368000,172.67,173.58,171.13,172.17,72666.5368794
1747382400,172.19,174.28,169.45,172.88,127081.7987574
1747396800,172.9,174.2,170.9,172.16,184489.78538979
1747411200,172.17,172.8,169.83,171.5,139985.6094008
1747425600,171.47,171.47,166.43,167.48,171126.28529767
1747440000,167.47,168.61,164.1,168.31,202329.60151735
1747454400,168.29,170.01,167.22,168.59,81235.7882342
1747468800,168.59,169.42,166.74,167.65,66725.36021051
1747483200,167.66,168.27,165.85,167.36,98613.47861969
1747497600,167.35,167.58,164.48,165.3,154795.83708031
1747512000,165.29,167.95,164.4,166.03,150212.94333252
1747526400,166.01,167.94,165.93,166.95,85956.59220574
1747540800,166.95,170.76,166.91,170.7,84930.20744442
1747555200,170.71,172.03,170.64,170.8,62996.42677516
1747569600,170.83,176.74,170.23,176.29,157017.65426458
1747584000,176.3,176.83,166.6,166.71,366442.15672708
1747598400,166.71,174.39,164.7,173.39,271674.42413115
1747612800,173.39,174.01,165.01,165.37,192508.09619553
1747627200,165.37,166.83,159.48,161.96,236546.7478359
1747641600,161.96,162.72,160.49,162.23,111274.05029121999
1747656000,162.23,164.79,160.15,164.22,242807.16197529
1747670400,164.23,167.43,162.82,166.65,232621.5723341
1747684800,166.63,167.83,165.21,166.88,115945.55158254
1747699200,166.91,173.13,166.81,169.23,244346.71512034
1747713600,169.23,170.67,167.12,167.42,103994.38757223
1747728000,167.4,168.17,165.28,166.55,82019.88093043
1747742400,166.53,167.44,164.57,166.68,141688.27678796998
1747756800,166.69,169.25,164.63,168.24,190879.93285525
1747771200,168.26,169.46,166.34,168.64,170695.62516142
1747785600,168.65,170.97,166.87,170.04,126461.45360229
1747800000,170.04,171.83,168.37,168.91,174703.19548728
1747814400,168.9,169.75,167.44,169.42,78825.43317348
1747828800,169.42,173.74,168.44,172.25,263561.17810885
1747843200,172.25,175.14,165.61,171.27,640486.8356108901
1747857600,171.26,176.0,169.19,173.61,239072.30900447
1747872000,173.65,177.54,172.63,176.85,277803.0235109
1747886400,176.87,178.83,175.21,178.54,147601.72688248
1747900800,178.54,180.85,177.19,178.12,196682.44523108
1747915200,178.1,179.97,177.02,179.06,308879.80913234
1747929600,179.09,180.44,177.61,177.96,228277.16385679
1747944000,177.95,180.11,177.32,179.72,123234.9395407
1747958400,179.73,185.54,179.3,185.01,327842.72442414
1747972800,185.01,185.34,179.86,182.57,274015.48183094
1747987200,182.6,187.73,177.14,177.94,305121.58162384003
1748001600,177.95,183.82,173.27,180.73,542525.62703732
1748016000,180.72,182.25,178.37,179.18,225456.302
1748030400,179.19,179.31,173.31,174.03,223174.74738034
1748044800,174.02,176.19,172.66,175.18,197931.5858373
1748059200,175.18,176.44,173.52,173.98,66879.54394994
1748073600,173.98,178.37,173.3,176.95,92513.74172851999
1748088000,176.95,177.19,175.15,176.38,80651.35451232
1748102400,176.38,177.74,175.37,177.2,66699.29098753
1748116800,177.2,177.99,175.4,175.96,83138.47264777
1748131200,175.96,176.96,170.3,173.71,236375.01309691
1748145600,173.71,174.48,171.94,172.4,60588.931409979996
1748160000,172.39,172.42,170.2,172.01,99552.99327109
1748174400,172.02,172.7,169.2,170.36,116383.73871814
1748188800,170.36,172.89,169.24,172.59,77386.58921168
1748203200,172.58,175.99,171.0,175.8,186555.51697825
1748217600,175.81,177.9,175.22,177.11,145874.99519961
1748232000,177.11,179.12,176.68,178.28,108600.2695711
1748246400,178.27,178.48,176.5,178.0,75174.32356379
1748260800,178.0,178.88,175.99,177.54,125078.63000204001
1748275200,177.57,178.14,173.55,174.14,139988.25780394
1748289600,174.13,176.09,173.71,174.97,92124.45916890001
1748304000,174.99,175.83,171.29,173.58,122629.16746003
1748318400,173.58,175.94,172.56,175.5,75138.61161411
1748332800,175.52,177.23,175.07,176.84,71436.72359714
1748347200,176.83,179.5,175.06,178.54,332688.15555501
1748361600,178.55,179.41,177.42,177.56,206190.45433223
1748376000,177.56,178.72,175.64,176.8,141161.39088026
1748390400,176.77,177.5,174.33,175.19,125395.67573197
1748404800,175.2,175.42,173.8,173.99,46017.30177075
1748419200,174.01,174.65,172.96,174.61,96450.78015139
1748433600,174.61,175.21,168.99,169.72,339343.44501339
1748448000,169.74,172.09,169.18,169.44,116517.89651009001
1748462400,169.45,172.71,169.2,172.28,111367.43540039999
1748476800,172.27,175.43,171.4,173.76,200038.46618993
1748491200,173.75,174.02,170.24,172.31,98143.64094417999
1748505600,172.31,173.52,171.71,172.94,74203.93635502
1748520000,172.94,172.99,169.09,169.8,191520.9009018
1748534400,169.79,170.34,166.05,166.82,253150.46054901002
1748548800,166.81,168.55,165.96,166.71,113029.12384184
1748563200,166.7,167.5,160.1,165.18,275685.36177282
1748577600,165.17,165.95,162.64,162.76,91570.00730651
1748592000,162.78,164.21,161.57,163.86,101806.25121765
1748606400,163.87,164.01,160.13,161.24,180240.11760351
1748620800,161.25,161.81,156.11,160.88,320767.07329737
1748635200,160.86,161.04,155.27,156.28,109976.26032095999
1748649600,156.3,157.31,152.2,154.25,248107.00494888
1748664000,154.21,155.96,153.1,154.95,60681.52754432
1748678400,154.95,155.34,152.69,153.02,71636.27811788
1748692800,153.01,156.86,152.71,155.73,135672.63761682
1748707200,155.71,158.07,155.28,157.59,99598.90120763
1748721600,157.61,158.1,156.38,156.53,82327.4425816
1748736000,156.55,156.84,153.5,154.8,112926.19147428998
1748750400,154.82,156.03,154.21,154.52,40478.47677945
1748764800,154.54,154.73,150.65,152.13,122318.07967025
1748779200,152.14,154.65,150.73,154.25,92657.26881475
1748793600,154.25,156.84,153.55,155.96,166044.92891706002
1748808000,155.96,158.01,155.25,157.76,100186.11936766
1748822400,157.78,159.0,155.43,155.53,128523.21799521
1748836800,155.52,156.81,154.75,155.6,77158.22794482
1748851200,155.59,156.61,153.01,153.53,127712.48149151
1748865600,153.51,154.57,151.71,153.25,291833.27176416
1748880000,153.26,155.22,151.85,153.01,133302.61310736
1748894400,153.03,157.32,153.01,156.9,132105.48492993
1748908800,156.91,162.47,156.46,159.52,178301.29747716
1748923200,159.52,160.28,158.31,159.89,49414.69018886
1748937600,159.9,161.76,158.38,160.66,65247.76046932
1748952000,160.66,163.76,159.57,162.36,157833.92640162
1748966400,162.34,162.6,160.03,160.69,111946.75001004999
1748980800,160.67,160.71,154.23,155.29,186113.13410025
1748995200,155.31,157.76,154.29,156.67,94804.78965256
1749009600,156.69,157.14,155.84,156.51,38038.72201837
1749024000,156.51,158.0,155.84,155.99,41126.80024959
1749038400,156.01,158.04,154.66,157.2,121135.25086795
1749052800,157.19,157.67,155.33,155.45,83609.37286840001
1749067200,155.44,155.67,153.0,153.33,139756.98941972002
1749081600,153.31,154.69,153.07,153.91,74665.43536865
1749096000,153.91,154.23,152.0,152.54,82332.06046999
1749110400,152.54,153.13,151.33,152.45,92874.86508314
1749124800,152.45,154.5,148.67,150.95,242917.62905539002
1749139200,150.96,151.16,144.18,146.22,268538.86324415
1749153600,146.21,146.63,141.53,144.36,337180.58765899
1749168000,144.38,146.97,144.19,146.94,122259.33354125
1749182400,146.92,148.37,146.72,147.47,67034.78351846
1749196800,147.48,149.69,147.29,149.22,82966.2940254
1749211200,149.22,152.5,149.22,151.18,178209.77599847
1749225600,151.2,151.67,148.59,149.24,105044.66477420999
1749240000,149.22,150.1,147.78,147.96,71876.6304265
1749254400,147.96,149.84,146.92,149.6,88306.26486983
1749268800,149.6,152.93,149.1,152.5,78668.36326974
1749283200,152.49,152.8,151.32,151.52,45780.73149754
1749297600,151.53,152.5,150.81,151.11,62963.6732708
1749312000,151.07,151.7,150.24,150.66,53390.75452544
1749326400,150.65,151.58,149.85,150.15,48867.55591663
1749340800,150.13,150.43,149.25,149.95,35541.33607813
1749355200,149.96,150.59,149.17,149.4,29855.99509425
1749369600,149.41,149.79,148.0,149.69,54836.37898926
1749384000,149.71,151.25,149.1,150.81,61144.027359700005
1749398400,150.81,154.59,150.69,154.56,78311.27964586999
1749412800,154.54,155.35,152.22,152.53,69198.24329725
1749427200,152.54,153.28,150.88,151.63,65313.98101296
1749441600,151.62,151.97,149.68,150.97,53651.37290816
1749456000,150.96,156.71,150.48,155.7,99960.42544906
1749470400,155.69,155.98,153.15,155.09,104601.04589027
1749484800,155.11,157.07,155.03,155.82,106558.47397829
1749499200,155.85,161.8,155.81,161.24,156935.55947256
1749513600,161.22,161.89,158.77,159.22,92749.27644828
1749528000,159.25,159.68,157.48,158.55,54432.99557879999
1749542400,158.57,161.55,157.21,160.89,99237.63780178
1749556800,160.88,162.02,156.35,158.1,156160.20101933
1749571200,158.09,165.53,157.12,163.64,302319.89088005
1749585600,163.65,165.71,162.87,165.15,234278.46856219
1749600000,165.13,167.47,163.44,166.72,230644.69853524002
1749614400,166.71,167.16,164.41,166.68,211975.27898273
1749628800,166.67,167.22,163.97,164.49,131469.03720815
1749643200,164.5,168.38,163.7,167.29,321666.67279531
1749657600,167.3,167.48,162.37,162.71,290516.08110085
1749672000,162.68,163.99,159.25,161.01,186636.89672619
1749686400,161.01,161.35,159.28,159.86,120446.32174833
1749700800,159.88,160.58,158.27,158.8,94194.03339314
1749715200,158.79,159.96,157.46,157.78,84629.89283787
1749729600,157.79,160.71,156.5,157.05,209052.36545742
1749744000,157.05,160.6,154.55,154.88,146819.72651616
1749758400,154.88,155.46,152.08,152.39,175337.60540732
1749772800,152.39,152.67,140.89,144.89,810478.85857027
1749787200,144.86,145.54,142.71,145.1,130002.40844745
1749801600,145.1,146.76,143.73,145.57,162188.36193151
1749816000,145.57,147.9,144.01,147.28,193079.29729984
1749830400,147.27,148.66,144.39,145.24,202368.82079204
1749844800,145.23,149.0,144.79,148.66,116750.32368073
1749859200,148.68,148.76,146.41,146.78,89653.1053246
1749873600,146.77,147.22,145.59,146.25,56856.26239586
1749888000,146.24,146.27,145.02,145.9,60442.64608598
1749902400,145.9,146.01,143.91,144.65,134344.70171945
1749916800,144.64,145.23,143.02,143.59,75914.78562628
1749931200,143.59,145.13,142.03,144.72,75458.83979307
1749945600,144.71,146.15,144.66,145.82,48461.28410317
1749960000,145.82,148.17,145.75,145.96,72443.43968224
1749974400,145.96,146.77,144.29,146.4,52914.478777209995
1749988800,146.41,153.08,146.21,150.9,229499.89490374
1750003200,150.9,153.58,150.23,152.28,112570.87815128
1750017600,152.28,153.04,148.19,152.99,143591.1111024
1750032000,153.0,157.35,151.02,155.59,169290.80273513
1750046400,155.62,157.95,155.52,157.3,101392.32154625
1750060800,157.31,157.54,154.82,156.49,72135.69562906
1750075200,156.48,157.83,154.69,156.64,249556.7579705
1750089600,156.65,158.82,156.42,157.86,166077.38287940001
1750104000,157.87,158.01,150.37,150.77,271586.04660238
1750118400,150.78,154.11,147.51,153.42,248755.69544762
1750132800,153.42,154.38,152.43,152.72,75311.19414987
1750147200,152.71,152.94,150.19,150.57,76042.30709302
1750161600,150.57,151.45,146.55,147.66,143411.20792572998
1750176000,147.66,150.44,145.6,148.94,201126.42622395
1750190400,148.93,149.34,146.31,147.61,111459.41126466001
1750204800,147.61,149.15,146.54,148.41,77822.41228046
1750219200,148.41,149.32,146.92,148.03,52115.07126662
1750233600,148.03,148.57,145.38,146.54,70116.74757395999
1750248000,146.54,146.81,143.83,145.8,216414.53508644
1750262400,145.79,146.54,143.69,144.73,194307.29092731
1750276800,144.77,147.96,144.13,146.41,117398.00902836
1750291200,146.4,147.96,145.02,146.64,92252.48500694
1750305600,146.63,147.21,145.04,145.13,62254.14524625
1750320000,145.13,146.55,144.87,145.14,36553.802679579996
1750334400,145.13,145.55,142.98,143.21,98669.15061914001
1750348800,143.21,146.06,143.1,145.52,99346.00551617
1750363200,145.52,147.49,145.06,147.04,74570.43321603
1750377600,147.08,147.56,145.43,145.45,44446.052909460006
1750392000,145.47,147.8,144.32,147.48,46930.1485293
1750406400,147.49,148.83,146.97,148.2,66170.72478964
1750420800,148.2,148.4,142.38,142.88,181895.70556553
1750435200,142.89,143.01,135.72,139.86,414926.46227426
1750449600,139.85,141.73,138.68,140.15,158954.13988203
1750464000,140.14,141.39,139.55,140.8,90144.29858147001
1750478400,140.78,141.02,139.89,140.67,39220.99991201
1750492800,140.68,142.63,140.32,142.1,59316.19404855
1750507200,142.09,142.5,139.19,140.35,81672.28435373999
1750521600,140.34,141.11,137.26,137.29,129940.91221024
1750536000,137.32,138.9,131.0,135.46,299510.20188258
1750550400,135.48,137.69,133.26,135.14,219678.4257776
1750564800,135.17,136.55,134.66,134.86,64326.33318683
1750579200,134.88,135.41,132.01,133.3,78086.14165675
1750593600,133.28,133.92,126.56,128.58,444796.27265378
1750608000,128.58,131.52,128.32,129.11,169004.50198723
1750622400,129.13,132.61,126.03,131.76,220554.65498099
1750636800,131.76,133.59,131.58,132.72,90026.02250373
1750651200,132.74,135.07,132.4,134.42,79515.99344093
1750665600,134.44,134.94,133.3,134.17,62765.84007001
1750680000,134.16,137.52,132.96,133.48,219892.20422487
1750694400,133.48,140.3,130.72,139.87,355950.23759602
1750708800,139.9,147.03,139.34,144.59,378983.72797309
1750723200,144.62,144.86,142.4,143.33,106874.74676514999
1750737600,143.33,146.9,142.94,144.1,112582.96024185
1750752000,144.11,145.91,143.11,144.65,232700.85572778
1750766400,144.64,145.8,143.51,144.38,190950.32402979
1750780800,144.39,146.69,142.91,143.68,192167.45924672
1750795200,143.67,146.0,143.26,145.98,79196.17231416
1750809600,145.97,146.96,145.11,145.61,85484.42587432
1750824000,145.61,147.51,144.96,147.08,106828.32707173
1750838400,147.07,147.19,145.08,146.35,120648.39577799
1750852800,146.36,148.02,143.18,143.76,216298.02971489
1750867200,143.76,144.82,142.9,144.82,160435.01052921
1750881600,144.8,145.68,142.35,143.65,92345.55426519
1750896000,143.65,148.06,143.48,146.01,126581.58986788
1750910400,146.0,146.17,144.11,145.24,60651.29176859
1750924800,145.24,145.89,143.21,143.7,61847.78653545
1750939200,143.71,144.03,141.46,143.06,144177.55170304
1750953600,143.06,143.32,140.96,142.34,108266.64805891001
1750968000,142.33,144.04,138.7,139.14,163762.96754322998
1750982400,139.14,141.65,137.21,141.43,107186.73486056001
1750996800,141.43,142.3,140.26,140.38,72357.02581868
1751011200,140.39,142.85,140.39,142.19,59718.69700859
1751025600,142.19,143.91,141.2,143.55,144335.02772692
1751040000,143.55,144.91,140.18,141.84,152475.29772747
1751054400,141.84,143.45,141.7,142.17,63825.94124683
1751068800,142.18,143.63,141.2,143.46,85929.64765356001
1751083200,143.46,146.85,143.15,146.6,72584.45031819999
1751097600,146.61,147.6,145.68,147.2,79421.94517392
1751112000,147.21,148.69,145.96,148.22,90136.1513937
1751126400,148.21,152.73,148.14,150.74,238710.9439019
1751140800,150.74,151.44,150.12,150.81,65788.48598622
1751155200,150.82,151.15,149.48,149.56,67754.92699082999
1751169600,149.56,150.39,149.44,150.39,34522.83771061
1751184000,150.39,152.31,150.01,151.79,66171.35558879
1751198400,151.74,152.62,150.77,150.82,101780.8469999
1751212800,150.81,152.27,149.74,151.22,71519.50477915
1751227200,151.22,154.8,150.36,153.34,157942.6559169
1751241600,153.34,154.12,151.34,151.84,110412.37134256
1751256000,151.84,152.15,149.75,150.68,133885.77967
1751270400,150.69,151.11,149.48,150.41,59467.27159477
1751284800,150.41,163.9,149.77,157.89,495923.93483022996
1751299200,157.89,158.5,155.38,157.8,282327.29052722
1751313600,157.85,157.85,154.58,154.88,125473.18086315
1751328000,154.88,155.69,153.2,153.98,88632.22310575
1751342400,153.97,153.98,148.75,150.13,130620.66495411
1751356800,150.13,150.13,148.27,148.89,78790.13514006
1751371200,148.89,149.34,146.3,147.27,183157.4513818
1751385600,147.27,148.5,145.33,145.49,135199.87151868
1751400000,145.48,147.06,144.86,146.92,92180.02535716
1751414400,146.91,149.28,145.86,148.9,81470.38602643
1751428800,148.89,149.95,148.36,149.15,46996.77540351
1751443200,149.16,150.02,148.42,148.65,62097.944366330004
1751457600,148.64,151.66,147.17,151.4,176372.89573779
1751472000,151.4,153.74,150.42,153.12,198049.30704899
1751486400,153.11,154.53,151.95,152.32,114992.25818618
1751500800,152.35,154.1,151.87,153.46,64073.32366697
1751515200,153.47,155.98,153.26,155.66,78794.20447647
1751529600,155.67,156.42,154.2,154.57,75506.43276408
1751544000,154.58,155.36,149.95,150.23,291810.12223222
1751558400,150.23,152.12,149.97,151.87,133050.87078679
1751572800,151.87,153.3,151.87,152.39,66319.53680309
1751587200,152.39,153.23,150.94,151.78,68457.17347596001
1751601600,151.76,153.92,150.33,150.54,57754.420404720004
1751616000,150.53,151.02,149.08,150.26,37658.89487265
1751630400,150.27,151.3,146.36,146.65,110536.4584419
1751644800,146.63,147.07,145.25,146.75,97052.12941019
1751659200,146.74,148.41,146.41,147.74,60893.20204278
1751673600,147.74,148.49,147.24,147.81,41698.26087903
1751688000,147.82,148.58,146.76,147.89,35704.118127919995
1751702400,147.89,148.59,146.85,148.23,24286.195824809998
1751716800,148.24,148.71,147.12,147.17,41307.430394740004
1751731200,147.17,147.31,145.95,146.92,51450.39612646
1751745600,146.92,148.08,146.5,147.61,30513.85577305
1751760000,147.61,147.7,146.87,147.41,27631.3546808
1751774400,147.4,148.54,147.12,147.93,40900.88062721
1751788800,147.93,148.09,146.82,148.05,18628.91157264
1751803200,148.04,152.12,147.92,151.55,111450.33025496
1751817600,151.56,153.25,150.72,151.32,82423.71869966
1751832000,151.32,153.9,151.27,151.9,107123.2461873
1751846400,151.9,152.92,150.26,151.91,104103.94083040999
1751860800,151.91,152.48,150.86,152.41,46878.34200992
1751875200,152.39,153.61,151.67,152.81,63750.14366114
1751889600,152.8,153.4,150.98,151.09,185183.75606956
1751904000,151.09,151.61,148.59,148.97,243933.40701595
1751918400,148.95,148.97,147.7,148.9,120562.70665581
1751932800,148.9,150.14,147.84,148.66,110252.68577662
1751947200,148.66,149.77,148.21,149.69,34999.76901545
1751961600,149.68,151.66,149.55,151.31,43734.13611721
1751976000,151.31,152.89,149.8,149.86,97689.34248123
1751990400,149.89,152.88,149.39,151.67,132212.33093999
1752004800,151.66,151.98,150.01,151.72,71165.62536288
1752019200,151.72,152.38,151.12,151.33,62198.85280847
1752033600,151.31,153.88,150.57,153.04,70990.82092811
1752048000,153.03,154.47,152.34,153.76,91415.57480815
1752062400,153.76,155.55,152.89,154.01,209282.3241956
1752076800,154.01,157.88,151.25,157.34,310741.05737199
1752091200,157.32,157.99,155.46,157.11,182065.87559137002
1752105600,157.11,159.38,155.98,157.42,97080.96571019
1752120000,157.4,158.69,156.74,157.99,46239.07598906
1752134400,157.96,159.24,157.25,157.71,54915.06251558
1752148800,157.71,158.44,155.71,156.52,107624.63313259999
1752163200,156.52,161.25,156.11,159.42,249945.48818292998
1752177600,159.44,165.4,159.35,164.35,292073.61518233
1752192000,164.35,165.49,161.89,165.28,134649.54321868
1752206400,165.26,166.88,163.23,163.35,163920.17090584998
1752220800,163.36,165.42,163.36,163.9,103204.79670037
1752235200,163.91,168.23,161.8,162.35,351187.00835762
1752249600,162.36,165.08,161.31,164.7,223330.87422278
1752264000,164.65,164.9,159.63,162.97,165518.15124854998
1752278400,162.96,163.98,161.79,163.53,81201.97899245001
1752292800,163.53,163.93,162.11,163.3,63785.60674515
1752307200,163.3,163.51,161.48,161.68,45147.716065
1752321600,161.67,161.87,157.77,158.21,136296.28063214
1752336000,158.21,160.85,157.97,160.78,85219.79228106
1752350400,160.79,160.99,158.99,160.76,57750.75241721
1752364800,160.76,161.82,160.23,161.23,69830.96726365
1752379200,161.25,162.84,161.07,162.71,52877.91913719
1752393600,162.72,162.81,161.64,162.11,36783.92319472
1752408000,162.11,164.23,161.87,162.12,129362.88229092999
1752422400,162.12,163.6,160.55,162.59,112246.94910322
1752436800,162.6,163.14,159.7,161.22,131993.18750458
1752451200,161.22,168.23,160.69,167.13,196785.55121253
1752465600,167.13,168.69,165.39,167.29,166198.48018821998
1752480000,167.3,168.2,166.1,166.55,121078.15717985001
1752494400,166.56,168.66,163.04,163.98,248647.959149
1752508800,163.97,165.36,162.42,164.28,178456.69649281
1752523200,164.28,164.28,161.72,162.25,115753.33550282
1752537600,162.26,162.96,158.19,159.13,163211.44514630002
1752552000,159.15,160.88,158.24,159.52,79737.17390904999
1752566400,159.53,160.12,158.36,159.83,65163.1943222
1752580800,159.85,162.17,157.13,160.43,203184.82743211
1752595200,160.44,163.68,159.95,160.19,176690.8199446
1752609600,160.19,164.29,159.69,164.03,113689.02784768
1752624000,164.01,165.29,161.53,162.55,118848.5998633
1752638400,162.52,164.65,161.79,164.06,65041.62332695
1752652800,164.04,167.55,163.83,166.66,210771.33595774
1752667200,166.65,168.84,165.39,168.49,640191.66247505
1752681600,168.45,174.8,168.41,174.33,376387.77056478
1752696000,174.24,176.1,172.46,173.71,385671.15078204
1752710400,173.71,174.93,168.8,169.6,135436.30392878
1752724800,169.6,174.23,169.33,174.08,107723.65702952
1752739200,174.09,178.23,172.71,176.24,265520.50321717
1752753600,176.24,177.64,172.87,174.25,226581.37838104
1752768000,174.23,175.48,171.22,173.18,239898.87669052999
1752782400,173.17,177.5,171.41,175.99,283383.40896783
1752796800,175.99,181.31,175.39,180.97,261919.00128804
1752811200,180.97,184.79,179.98,181.1,255752.40485662
1752825600,181.08,182.06,177.18,178.53,247764.66474179
1752840000,178.55,182.27,175.0,177.1,308031.34439348
1752854400,177.1,179.27,176.23,177.09,382367.33121405
1752868800,177.1,177.69,173.3,177.34,319994.10685054003
1752883200,177.35,177.75,174.09,177.57,351052.30443286
1752897600,177.57,177.85,176.23,177.15,98571.4892271
1752912000,177.13,177.85,175.51,176.7,73120.56017389
1752926400,176.69,177.85,174.89,177.48,132248.85207197
1752940800,177.47,178.14,176.14,177.14,239739.76504020998
1752955200,177.13,178.74,175.12,177.04,233024.12348756
1752969600,177.05,179.82,176.4,178.03,259999.16476664
1752984000,178.02,178.73,177.0,178.01,175118.27367419002
1752998400,178.02,181.64,178.02,180.51,126411.54310915
1753012800,180.5,183.23,180.02,182.06,195023.07587135
1753027200,182.06,183.72,180.32,182.07,243684.48388474
1753041600,182.06,182.44,177.85,181.52,257141.85896853998
1753056000,181.54,187.11,178.36,186.77,256555.7535245
1753070400,186.76,191.08,185.11,190.11,254919.17163671
1753084800,190.12,193.0,189.76,191.48,226837.89137279
1753099200,191.48,199.48,190.31,196.97,853114.50147317
1753113600,196.94,197.39,193.11,194.75,526493.4100467
1753128000,194.77,197.9,193.72,195.83,266573.78775192
1753142400,195.83,204.8,193.82,200.18,607980.18532053
1753156800,200.16,201.37,194.21,198.19,320381.10440385
1753171200,198.18,200.27,194.1,200.04,242757.12604666
1753185600,200.04,205.13,197.0,201.92,575283.23865624
1753200000,201.91,204.35,198.36,199.0,445952.07423038
1753214400,198.97,206.42,198.48,205.8,251127.618631
1753228800,205.8,205.88,201.09,201.52,154581.96279043
1753243200,201.5,202.39,198.97,199.55,110885.38361677
1753257600,199.53,200.1,196.0,197.51,107777.09412658
1753272000,197.5,197.66,187.69,192.86,531203.14335615
1753286400,192.83,192.87,185.68,188.25,424631.75017363
1753300800,188.16,190.19,184.06,189.49,312025.88035467
1753315200,189.5,192.06,188.57,189.98,127768.77481485
1753329600,189.98,190.22,179.29,184.3,323468.82261507004
1753344000,184.29,187.02,183.0,186.5,143364.6949148
1753358400,186.49,192.0,183.44,188.63,334678.30662934
1753372800,188.64,190.16,184.94,188.07,354227.71169579
1753387200,188.07,189.15,182.13,182.96,246489.99042419
1753401600,182.97,183.59,175.73,177.8,346943.97110183
1753416000,177.78,179.81,175.96,177.52,189883.27322379
1753430400,177.53,182.16,176.9,181.14,202191.19437336
1753444800,181.13,181.9,176.25,178.24,753358.1153189801
1753459200,178.24,182.88,177.51,182.18,207336.78976769
1753473600,182.2,186.99,182.12,186.81,178100.28520851
1753488000,186.8,186.97,184.4,186.01,101139.2628344
1753502400,186.0,187.16,185.67,186.5,53552.54580933
1753516800,186.49,189.8,186.49,187.79,86547.16594254
1753531200,187.8,188.52,186.13,187.58,80209.1447753
1753545600,187.59,187.83,185.11,186.47,110155.55299207
1753560000,186.46,186.82,184.37,184.94,78622.79656081999
1753574400,184.92,187.66,184.57,187.28,74003.18292980999
1753588800,187.28,188.41,186.69,187.3,56597.53275713
1753603200,187.29,188.62,186.24,187.07,46252.57154971
1753617600,187.07,187.39,184.93,186.52,80987.38192622
1753632000,186.51,189.86,186.0,186.99,146161.56945986
1753646400,186.99,190.76,186.51,188.71,173359.70016827
1753660800,188.72,193.85,187.73,193.38,195599.28134023998
1753675200,193.37,195.37,191.68,192.36,171326.69623958
1753689600,192.36,193.38,190.64,191.98,68202.8517635
1753704000,191.99,193.56,186.55,187.16,304142.8662338
1753718400,187.16,188.04,183.46,185.29,272458.02441285
1753732800,185.29,185.53,182.2,183.13,179233.53587958
1753747200,183.1,184.73,180.66,184.33,148922.4191543
1753761600,184.34,186.7,183.22,186.03,65996.02880966
1753776000,186.04,186.53,182.25,182.93,66238.92981036
1753790400,182.93,184.98,179.26,180.81,203540.13327852002
1753804800,180.81,182.45,178.19,181.04,155790.40072877
1753819200,181.08,181.97,179.24,181.46,144444.76627891
1753833600,181.45,182.33,178.77,181.68,87374.34289803
1753848000,181.66,182.53,179.33,180.82,50236.72829513
1753862400,180.81,181.49,176.43,177.26,92668.86221307999
1753876800,177.28,180.64,176.63,179.17,151675.25712951
1753891200,179.18,180.19,170.38,176.1,266058.38185531
1753905600,176.09,178.08,174.74,177.76,147131.10181524
1753920000,177.76,180.62,177.6,180.3,95438.79504531
1753934400,180.3,181.62,179.79,181.25,56812.35866754
1753948800,181.23,182.69,180.23,180.7,55239.02599205
1753963200,180.7,180.89,175.23,177.32,151311.98198422
1753977600,177.32,179.73,174.69,175.25,180061.93404211
1753992000,175.27,175.68,171.41,172.19,148592.72479341
1754006400,172.18,172.26,167.42,171.12,328351.61132455
1754020800,171.1,171.11,168.0,169.35,205885.82548970002
1754035200,169.34,169.34,166.13,169.13,148094.46606073
1754049600,169.13,170.3,164.5,168.51,258377.51687096
1754064000,168.51,169.71,165.03,166.4,189734.67050294
1754078400,166.39,166.74,159.11,162.66,267587.90165722
1754092800,162.64,164.97,162.46,164.34,72623.29110315
1754107200,164.33,165.21,161.77,164.39,48797.20559388
1754121600,164.41,165.08,162.2,164.43,41163.6526736
1754136000,164.45,165.01,161.01,161.47,85758.60312314
1754150400,161.48,162.45,155.75,157.41,210673.57532041
1754164800,157.41,159.78,157.03,158.46,100249.97721127
1754179200,158.46,161.24,156.27,160.83,92332.77767298001
1754193600,160.83,161.59,159.99,161.37,41688.37893484
1754208000,161.37,162.89,160.65,161.47,52736.48536348
1754222400,161.46,162.34,160.38,162.1,66440.17221508
1754236800,162.09,162.78,161.11,161.68,75059.59762147
1754251200,161.64,163.14,160.74,162.02,99862.3124861
1754265600,162.02,164.98,161.43,163.0,108462.22491104
1754280000,163.01,163.46,161.29,163.05,42904.426207540004
1754294400,163.07,164.07,161.64,162.39,56771.50773794
1754308800,162.39,166.94,162.16,165.51,288327.0501685
1754323200,165.51,169.84,165.0,165.64,196158.87989181
1754337600,165.62,169.8,165.26,169.57,117936.14403785
1754352000,169.59,169.97,167.53,167.91,77143.32149211
1754366400,167.89,169.25,165.76,166.2,67332.62095432999
1754380800,166.2,171.7,165.64,170.86,67254.57012503
1754395200,170.88,171.04,162.93,163.76,201144.06541874
1754409600,163.74,164.94,162.25,162.74,107571.55428017
1754424000,162.74,164.57,161.26,164.07,97218.70133009
1754438400,164.07,164.12,161.15,161.85,85841.4388665
1754452800,161.85,164.75,161.2,164.24,66226.06255266
1754467200,164.23,164.63,162.73,164.19,56653.55337321
1754481600,164.19,169.42,162.59,169.04,166696.86393837002
1754496000,169.04,169.99,167.19,168.81,130101.33208039
1754510400,168.82,168.89,167.35,168.14,76365.32947785
1754524800,168.15,169.02,166.68,166.91,62967.59328545
1754539200,166.9,170.4,166.78,170.05,69727.33157921
1754553600,170.04,173.51,169.09,172.85,129279.99625999
1754568000,172.85,173.19,169.73,170.54,145804.46877367
1754582400,170.51,172.01,167.07,171.83,139746.83770619
1754596800,171.83,175.55,171.6,175.41,159321.7532274
1754611200,175.41,175.97,173.47,174.74,140574.38615037
1754625600,174.74,177.89,173.89,177.17,79146.31509589
1754640000,177.15,177.98,174.91,177.71,77143.31593312
1754654400,177.7,179.26,174.2,175.26,241455.02297458999
1754668800,175.24,179.69,175.23,178.52,215459.99181599
1754683200,178.5,178.81,176.65,176.84,99908.19093541
1754697600,176.82,179.05,176.62,177.28,89566.98311572
1754712000,177.3,182.14,176.95,180.65,167236.58372818
1754726400,180.65,183.35,180.41,180.78,107041.56842629
1754740800,180.78,182.54,178.96,180.11,128047.22643363001
1754755200,180.11,182.72,179.48,182.14,117155.29782083
1754769600,182.13,183.46,179.74,179.96,146075.66116187
1754784000,179.96,185.98,179.83,184.96,197894.86027067
1754798400,184.97,186.18,177.77,178.95,244000.99881546
1754812800,178.94,181.05,177.49,179.95,91628.44121579
1754827200,179.95,182.4,178.51,181.54,88165.36312135
1754841600,181.54,183.33,181.22,182.8,77594.20782606001
1754856000,182.81,183.96,181.29,182.7,134155.22384997
1754870400,182.71,185.82,181.3,185.15,186279.38181998
1754884800,185.14,186.78,182.77,182.96,108500.06002403
1754899200,182.94,184.63,178.33,178.98,93444.21733411
1754913600,178.98,180.5,177.22,180.18,188828.93018549
1754928000,180.16,181.76,175.55,176.38,141918.83731442998
1754942400,176.38,176.91,173.42,174.89,148879.4120516
1754956800,174.88,176.81,174.67,175.55,96959.7854744
1754971200,175.53,176.66,173.63,175.92,76513.69495443
1754985600,175.93,176.54,173.7,175.24,65022.33228311
1755000000,175.23,182.05,174.69,181.7,296593.38853844
1755014400,181.69,191.15,180.7,190.66,464544.87623026
1755028800,190.67,193.72,189.57,191.73,316535.84669507
1755043200,191.7,199.47,191.41,197.69,369693.03168641
1755057600,197.68,200.0,195.16,198.71,215060.68728274
1755072000,198.74,202.67,197.62,200.97,270792.46284871
1755086400,200.97,204.94,194.54,197.48,753622.17250859
1755100800,197.47,202.28,197.06,202.14,376533.33113014
1755115200,202.17,203.4,199.85,201.62,194231.42622782
1755129600,201.6,209.3,200.1,207.99,540132.1875755499
1755144000,207.98,210.0,204.14,205.69,402646.67811854
1755158400,205.72,205.95,201.88,203.7,221054.5770352
1755172800,203.67,205.54,186.81,194.93,802658.88258183
1755187200,194.92,195.61,190.47,193.01,303244.32388102997
1755201600,193.03,193.35,187.47,192.61,237968.73734074
1755216000,192.59,195.81,192.08,195.32,140176.93485704
1755230400,195.33,198.2,194.61,197.09,112122.16760064001
1755244800,197.09,197.75,193.75,194.43,90200.19123506
1755259200,194.44,196.29,182.63,185.61,479256.6929578
1755273600,185.6,187.0,183.25,184.01,283343.30527435
1755288000,184.0,188.41,183.48,185.86,170815.19671287
1755302400,185.83,188.49,185.47,187.24,110239.65724966
1755316800,187.24,189.73,186.24,189.26,89668.73384100999
1755331200,189.27,189.37,185.52,185.87,72755.57196112
1755345600,185.88,189.59,185.31,188.91,108349.60366117
1755360000,188.91,189.5,187.22,188.8,68904.37761935999
1755374400,188.79,190.15,188.05,189.72,61353.47303971001
1755388800,189.72,192.06,187.47,191.72,144274.71745575
1755403200,191.72,193.65,191.45,192.02,97403.95703538
1755417600,192.02,193.79,191.61,193.65,93367.76908345
1755432000,193.65,195.57,191.97,195.54,92461.22247413
1755446400,195.56,195.91,190.58,191.33,213351.91547969
1755460800,191.32,193.53,191.0,191.15,233405.81382094
1755475200,191.13,191.45,181.91,182.82,356377.6879644
1755489600,182.8,183.66,180.33,180.72,189808.97860116
1755504000,180.71,182.05,180.05,181.46,102262.46392856
1755518400,181.45,183.5,180.61,183.19,220342.07584287002
1755532800,183.19,185.86,181.88,183.31,195476.84487009
1755547200,183.27,185.11,182.05,183.02,102293.24834951
1755561600,182.99,185.95,178.29,178.62,201997.62755267
1755576000,178.62,180.67,177.43,180.19,114449.05956568
1755590400,180.18,182.89,179.17,182.72,71566.03805918
1755604800,182.73,183.49,177.51,178.0,264553.43203579
1755619200,178.0,178.78,175.65,176.71,210675.00222993002
1755633600,176.72,179.52,175.87,176.2,227746.89245734998
1755648000,176.2,181.49,176.03,180.51,170076.25556418
1755662400,180.51,181.7,179.84,180.52,73269.68075118
1755676800,180.53,182.33,178.21,180.25,141346.33239191998
1755691200,180.23,185.11,177.55,183.04,377591.31081096
1755705600,183.04,188.05,182.59,187.64,287417.88193692
1755720000,187.64,187.98,185.81,187.96,132530.72797431
1755734400,187.96,190.09,185.51,188.44,217707.48457118
1755748800,188.43,188.67,185.8,186.97,87855.99226946
1755763200,186.97,187.02,183.44,184.0,179960.75525995
1755777600,183.99,186.38,181.42,181.59,375800.33810484
1755792000,181.61,182.9,179.84,180.09,276364.90718633
1755806400,180.07,181.83,179.35,180.27,122083.90588496
1755820800,180.26,183.48,179.93,181.72,137994.41622334998
1755835200,181.71,184.28,181.69,183.92,86460.72773024
1755849600,183.91,185.0,179.57,179.57,94342.83566725
1755864000,179.61,195.47,177.24,193.49,690449.75324641
1755878400,193.49,199.7,193.49,198.91,411975.76260995003
1755892800,198.95,202.34,198.33,200.62,316758.30733921
1755907200,200.6,200.74,195.21,198.07,249062.71945344
1755921600,198.06,208.43,198.0,205.03,463238.41115263
1755936000,205.04,205.53,201.43,201.89,138902.93345799
1755950400,201.9,203.73,200.48,202.5,215540.29689822
1755964800,202.53,204.54,202.12,204.0,184534.01787871
1755979200,204.01,204.81,202.61,204.06,147003.4781558
1755993600,204.07,211.82,204.06,208.92,570497.37206619
1756008000,208.94,210.78,206.49,206.56,214281.47767485998
1756022400,206.57,208.88,203.36,204.45,129652.92213434001
1756036800,204.45,209.31,203.52,205.59,214909.70570829
1756051200,205.59,211.98,201.37,204.93,614578.6494052401
1756065600,204.93,207.12,201.02,205.98,325349.48686387
1756080000,205.96,213.49,202.24,209.24,664149.28192542
1756094400,209.21,209.65,198.38,199.76,480154.19366026
1756108800,199.77,200.77,195.0,197.49,411819.30680703
1756123200,197.49,199.42,195.54,196.56,313319.02491424
1756137600,196.56,198.41,190.93,191.43,391016.89422263
1756152000,191.43,192.08,185.41,187.21,472329.54345959
1756166400,187.21,189.38,185.61,186.94,225918.77596689
1756180800,186.94,189.96,186.94,188.94,144868.8562206
1756195200,188.95,190.4,186.69,187.97,121141.21256931001
1756209600,187.98,192.56,187.19,190.76,312647.46294921
1756224000,190.77,197.51,190.61,197.46,264060.34010077
1756238400,197.46,198.1,195.39,195.87,169789.35334779
1756252800,195.87,202.79,193.77,201.93,223598.69171177002
1756267200,201.93,206.0,200.8,202.43,312858.06509406003
1756281600,202.44,205.67,201.54,205.03,185674.3737888
1756296000,205.02,209.43,202.64,208.7,583577.13818208
1756310400,208.69,212.09,205.72,206.39,624118.73755836
1756324800,206.4,209.45,202.52,202.93,710188.95235294
1756339200,202.94,208.36,201.65,208.18,356060.27217328
1756353600,208.19,213.27,207.48,213.11,472303.31008376
1756368000,213.1,216.51,211.38,213.16,387280.12209665996
1756382400,213.16,216.88,210.19,211.07,789760.80361423
1756396800,211.07,214.01,207.19,209.91,363555.73063125997
1756411200,209.94,215.74,209.64,214.43,400140.28521070996
1756425600,214.44,217.9,212.07,216.9,493673.46653941
1756440000,216.89,217.95,207.88,208.8,428827.11741969
1756454400,208.79,210.03,205.23,207.6,358322.44018814
1756468800,207.61,214.9,203.88,204.46,1069874.99847284
1756483200,204.45,205.52,201.29,202.99,492146.95603964
1756497600,202.97,205.54,199.86,205.1,333414.7938567
1756512000,205.1,206.66,200.76,205.63,221399.30761081
1756526400,205.63,207.04,204.4,205.14,142813.91776711
1756540800,205.14,205.55,201.67,202.65,105246.54099471
1756555200,202.65,202.69,197.57,201.07,215195.12302504
1756569600,201.05,201.63,199.73,201.25,104050.26024830001
1756584000,201.26,203.32,199.69,202.74,97265.2497226
1756598400,202.74,206.67,202.72,205.57,235010.87333994
1756612800,205.57,205.65,202.76,203.52,104828.87944243
1756627200,203.53,205.85,202.27,203.66,88293.27844654
1756641600,203.66,204.9,201.55,204.55,114753.06754163001
1756656000,204.56,205.96,203.66,204.59,131872.11594631
1756670400,204.59,205.79,200.29,200.63,173954.81441083
1756684800,200.62,202.49,196.13,198.44,340622.81548821
1756699200,198.43,202.93,196.64,202.93,222277.92002612998
1756713600,202.93,204.57,198.35,199.4,176286.53335156
1756728000,199.39,201.19,197.63,198.37,173280.65012627
1756742400,198.37,200.16,197.29,200.12,137762.62343243
1756756800,200.14,200.16,194.2,197.32,289877.9362146
1756771200,197.3,203.35,196.74,201.83,258917.96297835
1756785600,201.83,204.46,201.37,202.13,147259.85807796998
1756800000,202.09,204.42,201.69,201.98,133809.44878642
1756814400,201.96,205.11,197.42,200.29,704211.4219861199
1756828800,200.31,207.1,199.5,205.5,327969.99545719
1756843200,205.5,209.7,204.91,209.64,243201.88959853002
1756857600,209.63,211.99,207.43,210.02,311637.46280734
1756872000,210.02,210.48,207.92,209.36,93312.5923551
1756886400,209.34,211.44,208.17,210.42,109391.92420267
1756900800,210.41,213.0,208.8,211.44,278606.48043175996
1756915200,211.44,212.04,208.86,210.5,151876.26014542
1756929600,210.44,211.03,208.44,210.83,120765.81343996999
1756944000,210.83,212.0,207.52,208.27,165817.78747103
1756958400,208.25,208.59,205.75,206.74,83904.54835376
1756972800,206.74,208.86,206.61,207.28,67534.14968847
1756987200,207.28,208.58,203.4,203.8,284785.22889916
1757001600,203.8,205.19,201.81,202.11,185712.48808119
1757016000,202.1,204.83,201.89,202.32,150779.73993629002
1757030400,202.3,204.08,201.0,203.56,125105.02565246
1757044800,203.57,208.46,203.02,207.94,80548.18993557
1757059200,207.88,208.0,204.53,206.68,100191.53026206
1757073600,206.68,210.07,201.62,203.57,523658.11530723
1757088000,203.57,205.56,201.84,205.4,217294.18803756
1757102400,205.4,205.7,202.71,203.37,156997.28845379
1757116800,203.37,204.66,203.15,204.05,131701.90539299
1757131200,204.06,204.07,202.12,203.03,55075.78213069
1757145600,203.02,203.54,201.91,202.4,55060.661389990004
1757160000,202.4,202.87,201.02,201.24,96064.17256983
1757174400,201.25,202.35,199.34,199.74,178476.44636537
1757188800,199.74,201.23,199.73,200.18,71684.06473437
1757203200,200.19,203.28,200.13,202.87,128529.85373884
1757217600,202.86,203.32,202.25,203.03,39294.65093854
1757232000,203.01,203.98,202.74,203.97,44087.12584216
1757246400,203.96,205.5,203.06,205.19,155252.02461905
1757260800,205.17,205.48,201.27,203.06,229260.57249897
1757275200,203.07,207.95,202.47,206.34,239675.82147676998
1757289600,206.33,209.0,205.56,207.63,175605.42165084998
1757304000,207.6,208.82,206.6,207.9,108410.70552186
1757318400,207.89,215.74,207.35,214.25,448590.73491308
1757332800,214.24,216.78,212.92,215.05,525317.59464431
1757347200,215.06,217.17,213.87,216.23,566143.7142101601
1757361600,216.22,216.31,213.55,214.15,210304.44298292
1757376000,214.15,214.91,210.81,214.6,176103.83474699
1757390400,214.61,219.77,213.98,219.24,261826.70897476
1757404800,219.23,219.51,217.02,217.26,139928.0753739
1757419200,217.25,218.58,211.73,213.05,492301.93063516
1757433600,213.07,217.01,213.01,216.35,214242.41255649
1757448000,216.33,217.93,215.02,217.26,146783.61786191
1757462400,217.23,219.64,215.09,219.19,263685.74796193
1757476800,219.17,222.91,217.8,222.23,244982.43967503
1757491200,222.22,222.45,218.86,220.28,172009.07408607
1757505600,220.27,225.96,219.8,223.18,589163.55410351
1757520000,223.19,224.17,220.61,221.29,225580.76628505002
1757534400,221.3,224.74,220.99,224.14,157223.10001417
1757548800,224.13,225.7,223.05,224.22,135932.71057195
1757563200,224.22,224.31,221.78,223.31,88360.57629155001
1757577600,223.31,225.88,222.37,225.12,100304.14697948
1757592000,225.12,229.0,222.84,226.9,495495.37355204
1757606400,226.87,228.4,225.37,226.66,206260.84298085
1757620800,226.66,229.05,225.52,228.85,198910.04842118
1757635200,228.83,235.81,228.21,235.19,694625.31663505
1757649600,235.17,239.84,234.23,237.38,389080.98723406
1757664000,237.39,239.62,236.73,239.22,187340.78366172
1757678400,239.22,241.88,237.66,239.4,400364.16871555
1757692800,239.4,241.7,238.02,241.33,520170.71765481995
1757707200,241.3,244.31,238.53,242.36,395325.76522932
1757721600,242.35,244.34,240.88,243.72,260952.81190865
1757736000,243.73,243.88,241.4,242.61,190899.03235270001
1757750400,242.61,243.89,241.42,242.09,172652.32188675
1757764800,242.09,243.29,238.06,239.55,283595.14581554
1757779200,239.55,239.87,235.35,239.11,267826.50555974
1757793600,239.11,243.29,238.98,242.5,234505.50329723
1757808000,242.5,250.0,242.33,246.99,491064.36951161
1757822400,247.0,248.46,244.57,246.55,281827.85343358
1757836800,246.55,248.32,245.71,246.23,189841.83494215
1757851200,246.24,246.93,241.63,243.93,384850.51104069
1757865600,243.9,248.56,242.24,242.62,235293.6557156
1757880000,242.61,244.81,239.25,239.86,226086.8442312
1757894400,239.85,243.5,239.23,242.71,163475.4618637
1757908800,242.71,244.09,236.25,238.01,223334.28735058
1757923200,238.02,238.15,231.6,236.5,383774.39050351
1757937600,236.5,238.17,232.0,233.05,371328.19531329
1757952000,233.04,234.68,230.18,233.04,484687.86915148003
1757966400,233.02,235.44,232.74,234.35,196880.17255098
1757980800,234.33,235.86,232.8,235.11,227540.24530898
1757995200,235.1,237.04,233.0,235.8,130554.92480535
1758009600,235.81,236.95,234.8,235.4,83000.06554678999
1758024000,235.41,238.15,231.34,237.81,250753.6453592
1758038400,237.79,241.0,236.27,237.93,410698.32346286
1758052800,237.92,239.04,236.55,237.01,175341.86804827
1758067200,237.01,237.9,233.95,234.19,248347.17684678
1758081600,234.19,238.15,233.28,237.8,178576.47919993
1758096000,237.79,237.8,233.74,234.25,142051.65360627
1758110400,234.25,236.05,233.62,233.93,169595.1001056
1758124800,233.94,239.21,232.2,238.87,505022.54864901997
1758139200,238.81,246.73,236.11,244.91,327502.66708420997
1758153600,244.92,247.95,244.21,246.77,212363.55294655001
1758168000,246.79,247.08,242.63,244.78,97325.80776264
1758182400,244.79,247.23,244.41,246.06,99064.30978613
1758196800,246.05,249.05,245.12,248.34,271595.10182534996
1758211200,248.34,253.61,247.4,248.45,570870.78037404
1758225600,248.46,249.22,245.71,247.56,164492.00026712
1758240000,247.59,248.63,244.8,245.14,131450.0794458
1758254400,245.11,245.85,242.94,243.93,100799.2155541
1758268800,243.92,244.96,240.25,241.01,128220.50968647999
1758283200,241.02,242.81,235.88,237.65,314143.47237348
1758297600,237.66,239.0,235.24,236.04,263987.56244589
1758312000,236.07,238.97,236.03,238.67,101431.48006741001
1758326400,238.66,240.11,237.51,238.21,78879.51869929
1758340800,238.22,239.92,237.89,239.89,38707.41005295
1758355200,239.88,239.88,237.03,238.29,58194.31116904
1758369600,238.27,241.33,237.18,240.22,85552.1324671
1758384000,240.22,241.21,238.1,238.76,79291.12151581
1758398400,238.75,240.49,238.57,239.58,39505.26586642
1758412800,239.57,241.88,239.07,241.88,64019.729626240005
1758427200,241.89,241.93,239.63,240.02,35427.75582081
1758441600,240.02,240.22,237.24,238.79,43580.94726212
1758456000,238.8,240.39,237.82,238.03,49473.548306280005
1758470400,238.02,238.58,236.2,238.11,75352.64061801
1758484800,238.11,238.22,235.47,236.31,80426.94645868
1758499200,236.28,237.08,230.67,232.94,240823.48846798
1758513600,232.92,233.28,213.71,222.04,436761.65571413
1758528000,222.06,222.94,219.5,221.63,242301.74055699998
1758542400,221.64,224.22,220.11,220.89,423843.94139384
1758556800,220.9,221.73,216.61,217.25,457292.14938248997
1758571200,217.21,221.27,216.56,220.56,187559.45891699
1758585600,220.56,221.58,212.46,217.12,278024.03657182
1758600000,217.1,220.39,214.19,219.12,153700.08130722
1758614400,219.13,220.96,217.95,219.49,66147.45729431
1758628800,219.49,220.77,217.13,219.4,151125.18744816
1758643200,219.39,221.79,214.38,214.58,199367.94605001
1758657600,214.57,216.66,213.24,213.31,156371.01802869
1758672000,213.31,216.49,207.45,208.6,257627.62412599998
1758686400,208.59,211.5,204.94,210.68,314231.23706771
1758700800,210.68,212.6,209.83,212.36,249421.75211355
1758715200,212.36,216.31,211.5,213.71,231388.58394923
1758729600,213.69,215.57,212.5,213.3,244850.68903354
1758744000,213.31,213.35,210.84,211.67,135085.30287603
1758758400,211.65,212.53,206.02,207.26,332281.08196006
1758772800,207.25,207.61,202.8,204.21,265156.97393222
1758787200,204.22,205.95,200.76,201.39,230917.49032768
1758801600,201.38,204.95,197.07,201.21,620553.06503429
1758816000,201.23,202.07,193.71,198.18,790501.3358406
1758830400,198.19,198.79,191.49,192.8,346025.11637120997
1758844800,192.81,197.64,192.62,196.6,235771.98125318
1758859200,196.58,197.53,193.89,196.46,173728.45348039
1758873600,196.44,197.13,190.82,193.54,359784.8715368
1758888000,193.54,198.39,192.26,196.14,752484.98018378
1758902400,196.13,202.9,195.85,200.83,646230.03678646
1758916800,200.83,205.62,199.65,205.26,405886.96149824
1758931200,205.26,205.56,203.68,204.03,107436.47188354
1758945600,204.02,204.25,201.64,202.15,80653.0390392
1758960000,202.14,202.32,200.0,201.79,139947.70999865
1758974400,201.8,203.93,201.08,203.66,69444.23504922
1758988800,203.65,203.74,200.97,202.32,114243.28173212
1759003200,202.32,205.0,201.98,203.56,49952.78301202
1759017600,203.56,204.18,200.88,201.52,80900.04660398999
1759032000,201.52,202.53,200.46,202.2,40730.53441424
1759046400,202.2,202.76,199.3,199.92,57513.54374077
1759060800,199.92,203.65,198.04,203.5,133834.61375415
1759075200,203.5,206.75,203.3,206.27,160579.07419826998
1759089600,206.27,211.04,206.09,210.89,226089.61532828
1759104000,210.9,210.98,208.84,210.36,128289.06367196
1759118400,210.37,210.71,207.39,209.0,98672.14823301
1759132800,209.0,209.8,206.06,207.18,70737.76501887
1759147200,207.16,213.67,204.74,210.18,392067.67793572997
1759161600,210.18,213.75,207.77,213.05,189678.8629001
1759176000,213.05,214.89,212.57,212.85,148133.09747447
1759190400,212.84,213.83,210.0,210.82,199224.8548398
1759204800,210.83,211.85,208.66,209.12,57519.07068158
1759219200,209.11,209.11,205.64,207.19,104844.27225425
1759233600,207.18,209.72,204.71,206.06,277853.15342552
1759248000,206.06,209.22,204.25,208.92,286822.78751481
1759262400,208.93,210.99,207.44,208.74,226688.89071867
1759276800,208.75,210.99,206.47,206.74,223848.68200782
1759291200,206.74,210.42,206.32,210.21,118340.30967355
1759305600,210.21,218.0,209.93,217.89,325033.8534821
1759320000,217.88,220.91,217.27,220.38,320820.25491501996
1759334400,220.39,221.13,217.51,220.2,217857.64982744
1759348800,220.2,222.88,218.55,222.15,171680.50177302997
1759363200,222.17,225.2,219.64,223.91,269818.67294652003
1759377600,223.89,226.79,222.58,223.03,143692.4015124
1759392000,223.05,226.84,222.82,225.39,100466.03952025
1759406400,225.4,227.58,222.71,227.32,294190.48151392
1759420800,227.32,233.99,226.38,232.46,541059.93120717
1759435200,232.46,235.07,230.95,234.87,290925.55853475
1759449600,234.87,235.02,230.69,232.43,204320.8249792
1759464000,232.44,233.43,227.78,229.57,144893.59298294998
1759478400,229.58,231.98,228.03,230.94,117864.41312561001
1759492800,230.96,235.2,227.26,235.0,267824.70105125
1759507200,235.03,237.15,228.61,233.29,549135.80862792
1759521600,233.32,234.14,230.86,232.98,159189.97377512002
1759536000,232.98,234.21,228.07,229.38,193518.61751581
1759550400,229.38,230.69,228.9,229.27,63775.49619176
1759564800,229.26,230.05,228.36,229.31,49533.57854873
1759579200,229.31,230.03,224.5,225.02,149666.40799287
1759593600,225.02,227.14,224.29,227.04,117212.21082274
1759608000,227.04,228.37,227.04,227.96,44380.85993784
1759622400,227.95,232.37,226.62,231.0,163649.52662959
1759636800,231.0,236.97,231.0,236.64,179812.93166041
1759651200,236.65,237.27,230.8,232.71,124869.31999133
1759665600,232.7,232.7,228.52,230.23,92426.91566586
1759680000,230.22,231.57,226.75,227.13,122846.60850562
1759694400,227.13,229.33,226.75,228.68,85163.59857683
1759708800,228.68,233.41,227.63,232.35,258418.61423097
1759723200,232.35,234.93,230.25,231.44,135552.63476861
1759737600,231.45,234.23,231.45,233.11,92882.43740757
1759752000,233.11,236.84,232.76,235.75,293315.20280301
1759766400,235.74,237.96,234.18,235.49,269409.91931119
1759780800,235.48,236.27,231.82,232.45,234487.27326158
1759795200,232.46,234.12,231.1,234.05,155543.21686383
1759809600,234.03,235.28,229.54,231.16,156548.01060349
1759824000,231.16,231.85,228.42,230.63,102537.37458787
1759838400,230.63,231.87,221.49,223.89,382018.85391378996
1759852800,223.89,225.46,220.78,221.78,317923.88139694
1759867200,221.81,224.37,219.81,220.05,186217.10095028
1759881600,220.06,222.91,218.08,218.44,188537.45131402
1759896000,218.45,221.04,217.44,221.02,130263.52421075
1759910400,221.02,222.71,220.76,221.26,103683.96563174
1759924800,221.27,224.22,218.89,221.27,185589.8877934
1759939200,221.27,229.73,220.76,229.36,331538.23429845
1759953600,229.36,229.77,227.4,229.14,247250.80073329998
1759968000,229.1,229.73,223.92,226.2,209597.94132894
1759982400,226.22,228.84,224.21,224.58,117159.55874027
1759996800,224.57,224.87,219.39,223.23,136857.85740504
1760011200,223.23,226.41,218.72,219.21,276515.45224962
1760025600,219.21,220.22,216.75,218.37,236602.32150405
1760040000,218.39,221.83,217.7,221.03,161773.17356875
1760054400,221.03,222.96,219.61,221.74,149329.84623217
1760068800,221.73,222.98,218.0,218.2,86965.40798676
1760083200,218.19,221.62,217.45,221.21,136323.70294762
1760097600,221.21,224.52,209.01,210.76,558695.5102734
1760112000,210.76,213.13,203.4,205.36,661997.43317396
1760126400,205.36,210.0,176.85,188.82,1614812.73835993
1760140800,188.83,191.24,181.0,185.01,675910.96957557
1760155200,185.05,187.2,180.18,182.96,490646.85387042
1760169600,182.99,188.49,181.88,184.01,238477.82449208002
1760184000,183.99,185.23,181.0,184.0,308411.59353368
1760198400,184.0,185.0,176.77,177.77,349588.50699792
1760212800,177.75,178.95,172.78,177.82,455597.74995925
1760227200,177.83,178.72,173.17,177.22,336353.19252287
1760241600,177.23,183.18,176.8,182.73,211821.98372928
1760256000,182.73,182.95,180.44,181.02,107958.56431516999
1760270400,181.01,191.96,178.25,191.36,504877.72250639
1760284800,191.31,196.66,191.31,195.99,430780.64443175
1760299200,196.02,199.19,193.34,197.2,425363.23147723003
1760313600,197.2,200.17,194.51,195.01,203603.57341466
1760328000,195.0,199.75,193.05,196.96,183029.41293497
1760342400,196.93,198.85,190.34,192.74,140703.94046117
1760356800,192.73,197.9,191.48,196.6,288269.10946003
1760371200,196.62,208.88,196.42,207.3,522953.99351954996
1760385600,207.31,209.48,207.0,208.87,171838.09744913
1760400000,208.87,211.47,205.15,205.9,393360.7447502
1760414400,205.88,206.07,192.1,194.6,526451.52817256
1760428800,194.6,197.82,191.23,195.48,564663.5992747
1760443200,195.48,202.74,191.69,202.36,637326.29892507
1760457600,202.38,208.97,197.19,198.55,611085.16004759
1760472000,198.55,203.51,198.25,202.55,223834.41836959
1760486400,202.54,205.96,201.0,201.78,188147.10624699
1760500800,201.79,205.5,200.6,204.76,124928.32227554
1760515200,204.76,209.0,202.23,202.76,223103.19225469002
1760529600,202.75,205.0,196.3,197.27,577924.47780241
1760544000,197.27,198.94,194.26,194.89,318464.86813592
1760558400,194.88,196.7,192.18,193.94,238711.59385397
1760572800,193.93,196.23,193.19,193.72,144488.77108914
1760587200,193.7,195.68,191.46,192.94,154279.76358512
1760601600,192.96,197.25,186.93,196.89,218102.24361642002
1760616000,196.91,198.5,186.64,187.66,425886.65909939003
1760630400,187.67,192.41,183.85,185.15,513273.24979871
1760644800,185.16,186.21,182.0,184.88,367246.8081952
1760659200,184.85,187.58,184.3,187.11,148864.44260311002
1760673600,187.12,187.49,177.33,177.74,298524.22848376
1760688000,177.78,182.64,174.1,181.43,583770.66519572
1760702400,181.43,182.83,176.32,182.74,450401.47743478
1760716800,182.74,185.5,181.5,181.99,352712.58496638
1760731200,181.99,186.1,181.5,182.05,180822.72386823
1760745600,182.01,185.57,181.81,184.88,115798.57163156
1760760000,184.85,188.42,183.09,186.36,110406.14874511
1760774400,186.34,187.27,184.5,186.17,84234.00192284
1760788800,186.18,187.5,184.05,185.12,90763.34202546
1760803200,185.11,186.48,183.38,186.4,97123.8059952
1760817600,186.41,187.91,185.95,187.63,89660.61918268
1760832000,187.62,187.96,184.88,187.08,100380.2467819
1760846400,187.08,187.74,185.24,185.93,58627.48078363
1760860800,185.95,190.05,183.22,189.05,189851.23429122998
1760875200,189.06,191.8,188.2,190.86,150919.26880673
1760889600,190.87,192.33,188.31,188.98,198101.74514066998
1760904000,188.96,190.2,186.99,187.94,152442.41723507
1760918400,187.94,191.87,183.89,191.28,185766.69691527
1760932800,191.28,194.63,190.66,193.14,112995.27508950999
1760947200,193.13,194.16,191.07,192.26,87443.12069438
1760961600,192.25,193.05,190.5,190.57,154055.63905343
1760976000,190.56,190.57,185.61,188.85,209332.18080083
1760990400,188.84,191.23,188.31,189.79,148306.45178596
1761004800,189.79,190.32,185.33,185.65,149208.39621191
1761019200,185.62,185.69,182.66,185.08,169349.41556883
1761033600,185.07,186.78,183.81,186.32,60676.96391991
1761048000,186.33,197.27,184.03,196.39,425499.34315165004
1761062400,196.37,197.81,192.18,194.05,306488.99714972
1761076800,194.06,194.31,185.08,185.71,401150.50201726
1761091200,185.7,187.53,184.19,185.35,179900.11648914
1761105600,185.33,186.38,183.42,185.05,95723.8040307
1761120000,185.06,186.06,182.06,185.12,118685.05541629001
1761134400,185.12,186.98,181.34,184.01,387378.79275448003
1761148800,184.01,184.97,177.4,180.21,400478.10514936
1761163200,180.21,180.79,177.24,180.16,280367.90852275
1761177600,180.15,183.42,179.71,182.89,206068.4338619
1761192000,182.89,188.02,182.73,187.52,120627.52798279
1761206400,187.53,189.52,187.53,188.02,105749.56499027
1761220800,188.01,192.62,186.66,191.08,283570.49467866
1761235200,191.09,193.5,190.13,191.24,215242.31176163
1761249600,191.22,191.58,188.39,191.43,123752.02916154999
1761264000,191.42,193.97,190.91,191.37,127571.13973689999
1761278400,191.38,194.6,190.84,192.27,133769.44249704998
1761292800,192.26,193.54,190.63,192.21,89208.63225414
1761307200,192.21,196.79,188.83,189.49,346183.58635815
1761321600,189.48,193.65,188.84,193.1,129031.53250629999
1761336000,193.11,194.17,192.85,193.63,122347.15301572
1761350400,193.62,194.52,192.38,193.5,76439.64881246
1761364800,193.49,194.93,193.47,193.99,48466.64263032
1761379200,193.99,195.29,191.26,192.78,73216.61751481
1761393600,192.78,194.29,191.88,191.99,37054.36524148
1761422400,194.08,195.0,193.86,193.87,53456.270419939996
1761436800,193.86,194.42,191.96,193.04,54689.77872879
1761451200,193.04,194.33,192.77,193.89,30716.45574099
1761465600,193.91,197.9,193.75,197.74,107809.35902028
1761480000,197.75,199.89,196.91,199.52,124604.7413732
1761494400,199.51,199.7,198.24,198.89,87154.81189315
1761508800,198.88,202.19,196.85,200.07,229998.94254599
1761523200,200.05,205.07,199.52,204.36,193404.11800962
1761537600,204.35,205.32,202.25,202.54,101800.00607305
1761552000,202.54,202.56,198.25,200.17,140609.45163751
1761566400,200.17,200.65,198.33,200.11,173664.6138616
1761580800,200.11,203.3,199.85,200.05,210368.8479278
1761595200,200.05,200.3,197.25,198.68,123630.18521861
1761609600,198.67,202.05,198.41,201.27,133267.86786034
1761624000,201.27,202.99,198.64,202.35,130476.16747126
1761638400,202.35,203.95,199.25,199.72,82913.26333293
1761652800,199.73,203.06,196.7,198.83,346861.48490169
1761667200,198.85,201.3,194.53,195.44,211098.21826857
1761681600,195.44,195.44,190.37,194.21,269042.86765245
1761696000,194.21,195.1,192.78,193.96,112282.6636192
1761710400,193.94,196.11,193.78,195.67,47404.446581410004
1761724800,195.68,199.4,193.78,198.77,84033.30013876001
1761739200,198.76,201.71,196.42,196.76,284032.97215065
1761753600,196.79,198.75,189.55,192.83,558277.51301537
1761768000,192.83,197.04,191.95,193.95,260203.0042075
1761782400,193.92,198.2,192.15,197.12,144451.85460032
1761796800,197.1,197.23,190.24,195.76,199065.78647383
1761811200,195.75,196.11,191.1,191.87,109446.04824193999
1761825600,191.86,192.06,184.45,185.05,387707.40132358
1761840000,185.02,186.34,178.58,179.02,469096.3068191
1761854400,178.97,184.8,178.71,184.67,266180.67079983
1761868800,184.69,186.89,183.69,185.14,163100.4810129
1761883200,185.14,186.99,184.75,185.31,82566.72528829
1761897600,185.32,189.12,184.53,188.79,70037.73287423
1761912000,188.78,190.2,185.85,188.14,392654.69531853
1761926400,188.13,189.04,184.29,188.31,393358.46086602
1761940800,188.28,188.7,186.43,187.14,87342.62731671
1761955200,187.12,187.39,185.42,187.09,93702.28880211001
1761969600,187.1,187.42,184.89,185.71,105912.43067553
1761984000,185.7,186.62,185.18,186.11,38743.799179609996
1761998400,186.12,186.53,183.7,186.31,87038.25442344
1762012800,186.32,187.05,184.81,186.17,70706.79165804
1762027200,186.16,186.85,184.9,186.26,66106.77449938
1762041600,186.26,186.3,184.62,185.28,58287.51672911
1762056000,185.23,188.26,184.96,187.65,73029.89817967
1762070400,187.66,187.87,184.39,186.11,70439.59111632
1762084800,186.09,186.49,183.51,183.78,84199.89447455
1762099200,183.76,184.66,182.04,184.0,88721.3640461
1762113600,184.01,188.09,183.55,187.67,87906.20885957
1762128000,187.67,189.05,176.86,177.55,264989.49451806
1762142400,177.53,178.78,174.23,176.49,251152.06206876
1762156800,176.48,176.9,173.66,175.29,154325.54704164
1762171200,175.28,176.92,164.85,166.76,400393.2188794
1762185600,166.79,171.02,165.57,166.68,452480.66613502003
1762200000,166.68,167.19,163.2,166.01,418879.22433237
1762214400,166.01,168.36,164.13,167.6,251571.82686839
1762228800,167.6,168.07,155.8,157.0,692573.9978048301
1762243200,156.99,162.16,156.34,161.64,250390.71881915
1762257600,161.66,165.2,158.77,161.42,408926.86553527997
1762272000,161.42,162.28,152.14,154.5,736519.8020250901
1762286400,154.51,155.87,146.44,154.99,879288.5660524301
1762300800,154.99,157.6,147.24,156.91,619207.4360928
1762315200,156.92,158.54,155.64,156.47,223698.85256482
1762329600,156.47,157.94,153.68,157.51,174552.33654762
1762344000,157.51,160.5,156.81,160.43,447056.85647435003
1762358400,160.47,163.99,158.52,162.52,321949.34444647
1762372800,162.53,163.98,161.09,162.35,207902.2659959
1762387200,162.35,162.94,159.62,162.41,167103.39114413
1762401600,162.42,162.76,158.2,158.8,112195.67064216001
1762416000,158.79,159.86,157.65,158.83,96664.02819688
1762430400,158.81,161.46,155.3,155.84,367311.23685707
1762444800,155.84,158.59,147.68,156.79,351065.63574786
1762459200,156.81,157.75,153.37,155.2,185192.08007196
1762473600,155.18,158.53,154.13,156.79,194996.75280099
1762488000,156.79,158.2,155.19,157.71,123438.83097943
1762502400,157.71,158.13,151.59,153.77,142475.42145681
1762516800,153.77,156.18,149.72,155.31,390767.56857286004
1762531200,155.31,164.4,154.27,164.11,453422.68083862
1762545600,164.09,164.32,161.52,161.71,245573.48560451
1762560000,161.69,164.83,160.37,162.41,204611.04723387
1762574400,162.43,163.59,159.47,160.96,138102.17647669
1762588800,160.96,162.28,158.97,159.31,72922.77845506
1762603200,159.32,159.64,155.87,156.6,124448.30943296
1762617600,156.61,158.15,155.75,157.31,122818.34046229
1762632000,157.31,158.41,157.16,157.97,62813.065175619995
1762646400,157.98,158.26,155.08,155.85,85595.88380484
1762660800,155.85,159.53,155.82,159.25,96479.34007211
1762675200,159.27,159.88,157.23,159.03,65487.78895046
1762689600,159.03,163.95,158.56,162.52,233684.42555415
1762704000,162.5,166.29,161.15,166.14,160855.85664002
1762718400,166.16,166.54,163.87,164.52,192728.89020992
1762732800,164.5,168.74,163.38,168.11,267165.43549781
1762747200,168.12,168.93,166.38,167.35,103118.54924268
1762761600,167.37,169.74,166.11,168.29,106529.05667845
1762776000,168.29,170.45,165.12,166.25,220410.00055066
1762790400,166.22,168.4,165.19,167.16,172471.90770852
1762804800,167.15,168.4,164.72,167.31,155898.6417834
1762819200,167.31,171.89,165.93,169.87,229835.59683517
1762833600,169.87,170.05,163.54,163.95,184834.26470132
1762848000,163.93,164.9,162.72,163.65,148238.14746664
1762862400,163.66,164.37,159.94,160.78,282324.27949351
1762876800,160.85,161.2,157.38,157.56,177847.99950436
1762891200,157.56,157.81,153.84,154.54,222091.27551126
1762905600,154.54,155.54,153.49,154.53,174308.62975127
1762920000,154.51,156.53,154.11,154.99,82401.18035105
1762934400,154.99,161.16,154.97,160.02,191427.49283884
1762948800,160.03,161.05,155.2,155.69,242136.59772321
1762963200,155.7,156.21,151.16,153.03,331419.07743531
1762977600,153.03,154.65,152.51,153.36,137609.8394354
1762992000,153.39,155.76,150.23,154.29,218376.14808627
1763006400,154.31,157.19,153.38,155.3,140979.19211143
1763020800,155.27,156.49,153.82,156.23,83281.99055263
1763035200,156.24,156.93,152.18,153.08,283561.58672278
1763049600,153.06,153.32,142.06,142.65,517852.55924676
1763064000,142.64,146.19,141.01,144.7,542459.54611002
1763078400,144.7,145.63,142.71,144.23,243417.46448523
1763092800,144.22,144.36,138.72,142.74,361370.73139425
1763107200,142.76,143.11,139.75,140.69,204191.65023959999
1763121600,140.69,143.65,135.64,142.11,726179.52772661
1763136000,142.12,144.12,140.5,143.04,245456.68048061
1763150400,143.05,143.14,137.13,138.8,240614.3796265
1763164800,138.81,143.25,138.63,142.46,118683.35281693001
1763179200,142.45,143.5,141.21,142.66,104575.29921766999
1763193600,142.66,142.77,139.87,140.12,74313.20468809
1763208000,140.12,142.17,139.88,141.63,84905.11052314
1763222400,141.63,144.63,140.74,141.68,145674.8049851
1763236800,141.68,141.87,138.5,139.55,117342.14668066999
1763251200,139.56,141.41,137.3,141.31,120120.8785932
1763265600,141.31,142.35,140.6,142.21,59782.992310400004
1763280000,142.21,143.25,139.46,139.88,72701.51757969
1763294400,139.85,140.75,137.01,137.39,135099.14507594
1763308800,137.36,138.43,134.34,136.77,378819.25016686
1763323200,136.77,138.07,134.8,137.07,176842.42122608
1763337600,137.07,140.52,135.98,140.18,189057.03468728001
1763352000,140.18,141.74,139.55,141.24,110033.91806898001
1763366400,141.23,142.7,140.85,141.77,136955.80071559
1763380800,141.78,143.23,136.68,137.04,294965.62039674004
1763395200,137.04,137.09,129.22,129.5,706711.28261848
1763409600,129.49,131.81,128.64,130.82,307267.40863900003
1763424000,130.84,135.06,128.87,134.34,373139.38979768
1763438400,134.34,137.63,132.36,136.77,326097.6946563
1763452800,136.78,139.0,136.33,137.69,179631.25001412
1763467200,137.71,142.03,136.65,139.55,439288.96521365
1763481600,139.59,142.0,138.65,141.39,349079.85946875997
1763496000,141.37,142.06,139.55,140.63,243478.92656395
1763510400,140.62,142.74,139.17,139.73,219446.04199504
1763524800,139.72,141.02,137.01,140.49,169480.78267863998
1763539200,140.48,140.93,138.26,138.48,88046.37701414
1763553600,138.48,139.12,134.24,134.5,412268.73658893
1763568000,134.5,135.35,130.0,131.61,516111.46682435
1763582400,131.58,136.94,131.22,136.93,466060.65046075
1763596800,136.93,144.32,136.23,143.06,639104.5868930101
1763611200,143.06,144.66,142.06,143.64,216372.37002011
1763625600,143.64,143.83,140.95,141.96,125728.51206187
1763640000,141.96,143.27,138.12,138.41,433159.45949768997
1763654400,138.41,138.59,131.0,133.76,1252831.2198404
1763668800,133.73,136.52,132.5,133.48,560290.0037603
1763683200,133.49,134.95,130.86,132.46,401254.08052492
1763697600,132.46,132.97,122.0,127.35,543965.13329412
1763712000,127.38,129.25,123.6,124.14,580497.05354805
1763726400,124.13,129.45,121.47,125.29,1101230.88532289
1763740800,125.27,130.5,123.44,128.02,707959.53914588
1763755200,128.01,129.25,125.0,128.57,504282.33695803
1763769600,128.59,129.87,126.74,127.05,273200.86090629
1763784000,127.05,128.29,125.26,127.64,219592.79376554998
1763798400,127.64,127.65,125.26,126.57,129349.3356135
1763812800,126.6,127.67,125.03,127.06,176837.01785987
1763827200,127.06,128.51,126.71,127.12,164938.97849398002
1763841600,127.13,128.8,126.02,127.52,130534.42735584
1763856000,127.51,130.78,127.47,129.89,208341.24194650998
1763870400,129.89,131.85,128.03,128.8,171448.93016273002
1763884800,128.8,130.84,128.75,129.66,114788.91226449
1763899200,129.69,133.04,129.6,132.82,189808.97078366
1763913600,132.82,133.4,130.8,132.34,167894.19402459
1763928000,132.34,133.47,130.45,130.53,175639.38144441
1763942400,130.54,134.35,129.25,133.36,260906.75075659
1763956800,133.36,133.89,130.12,130.28,242373.77478921
1763971200,130.27,130.69,128.35,129.55,191123.49955235
1763985600,129.54,132.53,128.46,131.86,267961.14129239
1764000000,131.85,137.96,131.75,137.2,445080.92829286
1764014400,137.2,139.85,137.2,138.4,336859.34035135
1764028800,138.38,138.97,137.21,137.75,124799.46977002
1764043200,137.76,138.92,136.26,136.32,100182.15869176
1764057600,136.28,136.82,134.73,136.27,273966.40922994
1764072000,136.27,136.97,133.11,134.79,360836.62391766
1764086400,134.78,137.99,134.14,136.63,338765.97623828
1764100800,136.65,140.47,135.93,138.9,279425.02639104996
1764115200,138.89,140.63,137.85,138.11,185188.88849337
1764129600,138.09,139.89,137.65,139.84,129868.90122098
1764144000,139.84,139.88,136.15,136.85,120419.38449802999
1764158400,136.84,138.26,135.45,136.65,283820.86944016
1764172800,136.62,144.74,136.41,143.94,524379.08774376
1764187200,143.95,144.21,142.48,143.0,217699.99404815
1764201600,143.0,144.14,142.04,142.52,195728.09436735
1764216000,142.52,144.25,142.3,143.73,114462.06480881
1764230400,143.73,143.86,141.5,142.05,158953.11860853
1764244800,142.05,142.54,140.66,142.12,130340.81812249
1764259200,142.11,143.11,141.19,142.69,162806.8016156
1764273600,142.69,142.86,140.45,140.83,90682.13373401
1764288000,140.82,141.44,138.56,139.65,158663.55547686998
1764302400,139.65,140.52,138.94,138.96,89397.55329006
1764316800,138.93,142.66,138.9,140.98,140504.43125958001
1764331200,140.98,143.6,140.43,141.61,391004.5995676
1764345600,141.61,141.65,136.0,137.54,271962.61503918003
1764360000,137.53,138.3,136.64,137.36,95786.60585527
1764374400,137.33,137.92,136.76,136.84,60273.5327162
1764388800,136.85,137.76,136.3,137.3,61931.77917337
1764403200,137.29,137.49,136.45,137.36,50088.03940327
1764417600,137.36,137.7,136.51,137.62,48772.95726665
1764432000,137.62,138.1,134.86,135.74,113902.56872503
1764446400,135.72,136.57,135.24,135.95,91568.45966303001
1764460800,135.95,136.83,135.28,136.45,82656.49049752
1764475200,136.43,136.98,135.55,136.56,65908.42677377
1764489600,136.54,137.11,136.15,136.46,53264.80127588
1764504000,136.46,140.19,136.21,138.38,99938.69905375999
1764518400,138.35,139.88,137.38,137.62,241204.71171057998
1764532800,137.61,137.94,133.26,133.47,160486.0493126
1764547200,133.48,133.74,126.51,126.98,487013.85925884
1764561600,126.96,127.45,125.77,127.39,156343.55919848
1764576000,127.41,128.0,126.85,127.1,120008.59272964
1764590400,127.09,127.68,123.08,125.06,771859.60406559
1764604800,125.08,125.31,123.26,123.85,280027.66790409
1764619200,123.85,127.93,123.8,126.66,320087.56429062
1764633600,126.65,128.53,126.01,127.25,198150.76329742
1764648000,127.25,127.86,126.44,127.26,100162.27667299
1764662400,127.25,128.8,126.0,128.31,99356.61210443
1764676800,128.3,140.0,128.19,137.83,552516.82832443
1764691200,137.83,140.93,137.33,140.28,307539.15681778
1764705600,140.28,140.4,138.21,138.7,165995.53412494
1764720000,138.69,140.67,137.78,140.37,141498.11363338
1764734400,140.35,144.3,140.19,141.91,224016.43360477
1764748800,141.92,142.69,140.79,141.75,73955.70794311
1764763200,141.75,143.57,138.81,141.01,249100.25089025003
1764777600,141.02,142.37,139.9,141.27,215066.78453333
1764792000,141.28,146.1,140.74,144.68,324621.24177337
1764806400,144.68,146.92,143.67,144.67,192967.43494504
1764820800,144.67,144.93,142.67,143.47,98686.37033909999
1764835200,143.48,144.2,142.69,143.06,103486.04302432999
1764849600,143.05,144.29,141.3,143.24,277690.57727319
1764864000,143.23,143.87,137.81,139.68,299124.59608197
1764878400,139.67,140.55,138.57,139.06,176789.75149564
1764892800,139.05,140.25,138.34,138.59,137028.98626848002
1764907200,138.58,140.76,137.85,139.7,122105.53283641
1764921600,139.7,139.7,136.17,137.03,149946.99494395
1764936000,137.02,137.21,134.41,135.06,296431.60211201
1764950400,135.07,135.22,130.81,132.53,282001.96410137
1764964800,132.51,133.4,132.0,133.33,134774.7556929
1764979200,133.32,134.2,132.82,133.77,87868.78153975
1764993600,133.77,133.8,132.58,132.77,66205.19970774
1765008000,132.74,133.31,131.86,133.24,47286.845099440005
1765022400,133.23,133.99,132.25,132.91,79396.1438513
1765036800,132.91,133.56,131.82,132.12,80041.68705173
1765051200,132.12,132.96,131.33,132.23,82394.06980526
1765065600,132.23,133.59,131.93,133.52,53299.7505845
1765080000,133.53,133.55,131.93,132.11,57478.06300946
1765094400,132.1,132.59,131.56,132.44,41271.28399497
1765108800,132.43,133.08,127.73,132.03,185763.14366325
1765123200,132.01,136.29,130.51,135.74,228097.03756429002
1765137600,135.75,136.37,129.8,132.28,176391.78793854002
1765152000,132.28,134.73,131.54,134.33,152498.03380263998
1765166400,134.33,135.99,134.06,135.86,156924.84917711
1765180800,135.85,139.36,135.66,138.39,205809.8077949
1765195200,138.4,139.35,135.24,135.54,287904.12067067
1765209600,135.53,136.55,133.03,133.68,181710.21538479
1765224000,133.66,134.97,132.47,133.28,146247.7823127
1765238400,133.26,134.44,132.5,134.17,99767.31420227
1765252800,134.18,134.28,131.81,133.2,77071.52706268
1765267200,133.21,133.41,132.02,132.93,63250.46639604
1765281600,132.94,138.5,131.6,138.43,316545.01987146
1765296000,138.44,144.9,138.44,142.1,503482.58004528
1765310400,142.11,142.35,136.73,137.88,220177.68110801
1765324800,137.87,138.63,137.21,138.17,121924.92542103
1765339200,138.18,140.23,138.08,139.2,95528.62748933
1765353600,139.21,139.83,136.3,137.22,136907.85409302003
1765368000,137.2,138.17,135.72,136.17,167408.76407983998
1765382400,136.15,139.64,135.73,138.7,322244.11331932
1765396800,138.73,142.62,135.41,136.31,454990.32292633003
1765411200,136.29,136.47,129.04,129.43,301208.70447199
1765425600,129.39,131.59,129.06,131.06,123110.14938361
1765440000,131.05,131.44,130.21,130.94,50887.9885171
1765454400,130.96,132.91,129.87,131.18,279920.65164595
1765468800,131.19,135.6,130.12,133.92,402221.86448313
1765483200,133.92,137.84,133.83,136.44,327218.34376512
1765497600,136.43,137.98,135.38,137.1,123735.53821604
1765512000,137.09,140.16,136.57,139.09,105410.71998221
1765526400,139.09,139.17,137.23,138.74,81425.22090896999
1765540800,138.74,139.87,132.87,133.51,218514.51699723
1765555200,133.49,133.93,130.35,131.29,444172.58597496
1765569600,131.29,133.07,131.01,132.32,143557.67887521
1765584000,132.31,133.01,132.28,132.89,81661.88905463001
1765598400,132.89,133.02,132.33,132.96,42065.2900971
1765612800,132.96,134.29,132.96,133.32,47565.493090769996
1765627200,133.33,133.71,132.63,133.32,59234.71539608
1765641600,133.3,133.83,132.15,132.77,66301.94365069
1765656000,132.76,133.3,131.65,133.17,63621.84214204
1765670400,133.16,133.69,132.74,132.98,61327.15861113
1765684800,132.98,133.41,132.08,133.3,40696.21602293
1765699200,133.28,133.51,130.2,131.52,93190.43107099
1765713600,131.48,131.92,130.34,130.68,73867.09000577
1765728000,130.67,131.64,129.43,130.32,126111.27720429
1765742400,130.31,130.79,128.0,129.41,169436.11666558002
1765756800,129.39,133.26,129.31,131.17,193176.82289132001
1765771200,131.18,132.68,130.88,132.34,68633.72211789
1765785600,132.33,133.03,132.06,132.27,42590.22360635
1765800000,132.28,135.43,126.41,126.86,517000.53264046006
1765814400,126.88,127.31,123.58,124.98,500346.58357714
1765828800,124.98,127.86,123.81,127.8,243392.46172022
1765843200,127.79,128.05,124.9,126.48,183065.28538935
1765857600,126.47,127.45,124.87,125.54,106887.75907363
1765872000,125.55,129.01,125.4,128.61,102949.39641674
1765886400,128.6,130.11,126.07,129.72,413260.93778409995
1765900800,129.71,129.81,126.69,127.7,276947.7040375
1765915200,127.69,129.53,127.42,129.11,195287.56767691
1765929600,129.13,129.8,128.17,128.23,132171.06122784
1765944000,128.23,128.52,126.99,128.23,79127.22781066
1765958400,128.22,128.22,125.92,127.55,86009.81483659
1765972800,127.55,133.97,126.57,126.71,511055.06238291
1765987200,126.69,127.93,121.26,122.35,620823.51888631
1766001600,122.35,123.75,121.92,123.21,186778.67419709
1766016000,123.22,124.1,122.92,123.61,156458.49396666
1766030400,123.6,124.08,122.16,122.78,106987.70625489
1766044800,122.78,124.1,122.39,123.97,83784.6797633
1766059200,123.97,128.97,123.58,127.34,517325.03152803995
1766073600,127.32,127.4,117.37,117.49,671481.27388123
1766088000,117.48,120.11,116.82,119.52,375100.91253994004
1766102400,119.52,122.42,117.55,121.49,275093.9985689
1766116800,121.48,125.24,121.27,124.37,244892.28009803
1766131200,124.35,125.67,123.79,125.29,104365.93061955
1766145600,125.3,127.65,124.6,125.0,282128.46513944
1766160000,125.0,126.89,123.53,126.17,241879.35022987
1766174400,126.17,127.79,126.01,126.19,133874.05465215
1766188800,126.2,126.44,125.22,126.15,62751.51417753
1766203200,126.15,126.62,125.77,126.11,42964.56614407
1766217600,126.12,126.83,125.82,126.41,26591.75512472
1766232000,126.42,126.6,125.39,126.5,71748.94596633
1766246400,126.5,126.67,125.68,125.99,45710.70582745
1766260800,125.99,126.49,125.54,125.75,65677.14136457001
1766275200,125.75,126.08,124.56,125.18,62298.31835482
1766289600,125.18,125.49,125.03,125.26,23125.21277099
1766304000,125.25,126.58,124.75,125.44,51031.525211449996
1766318400,125.44,126.03,123.37,125.02,105904.62140052
1766332800,125.01,126.29,124.33,125.63,95297.59345233
1766347200,125.64,126.26,124.66,126.0,61342.5751322
1766361600,126.0,128.49,124.5,125.98,187052.34984518
1766376000,125.98,126.68,125.51,126.24,59828.24333771
1766390400,126.24,127.4,125.42,126.97,92821.73248808
1766404800,126.95,128.7,126.27,128.0,212306.1549594
1766419200,128.02,128.32,124.54,124.58,197293.83156276
1766433600,124.6,125.96,124.13,125.85,163022.21459425
1766448000,125.84,126.86,124.82,125.56,78201.93276351
1766462400,125.57,125.99,123.68,124.12,81969.4887457
1766476800,124.11,125.15,123.84,124.8,45806.231132889996
1766491200,124.79,124.85,122.11,123.29,163538.35661651
1766505600,123.29,124.93,122.72,123.9,228484.53277316998
1766520000,123.92,125.55,123.38,123.92,129616.35336286
1766534400,123.92,124.22,121.68,122.61,103861.90137323999
1766548800,122.62,122.96,120.47,121.21,108066.72107334
1766563200,121.22,122.15,121.0,121.97,89138.16005848
1766577600,121.97,122.86,120.58,122.65,200166.07961736
1766592000,122.65,123.37,121.68,122.77,143184.77643626
1766606400,122.77,123.31,122.36,122.44,62550.045789879994
1766620800,122.44,123.07,121.97,122.59,41499.93637802
1766635200,122.61,122.78,122.02,122.17,24902.37730053
1766649600,122.17,122.58,121.21,121.59,59013.17065656
1766664000,121.58,124.01,121.51,123.57,83509.51433558
1766678400,123.58,124.37,122.72,123.39,85857.74942114
1766692800,123.39,123.45,119.68,119.99,146559.46439223
1766707200,119.98,124.28,119.17,122.56,250004.12103978998
1766721600,122.57,123.94,121.68,122.62,126675.89570342
1766736000,122.62,124.06,122.18,123.76,108389.31098567
1766750400,123.75,125.04,120.38,121.46,306304.62969977
1766764800,121.47,122.28,121.03,122.07,181326.18514534
1766779200,122.07,122.56,121.71,122.19,103641.63342924
1766793600,122.18,123.72,121.78,123.59,73451.42510873
1766808000,123.57,123.66,122.66,123.07,39683.86694564
1766822400,123.07,123.26,122.44,122.91,20447.597060840002
1766836800,122.91,123.57,122.67,123.25,46187.11042806
1766851200,123.25,123.38,122.69,123.19,54359.33040941
1766865600,123.2,124.98,123.2,124.64,113914.50967356999
1766880000,124.64,124.8,123.79,124.02,38629.13466326
1766894400,124.02,124.22,123.52,124.12,29785.95442912
1766908800,124.13,124.74,123.87,124.55,22853.66780509
1766923200,124.54,124.95,124.18,124.35,49087.14725217
1766937600,124.35,124.66,122.97,123.2,57063.153068490006
1766952000,123.2,125.53,123.0,125.17,90639.38749096
1766966400,125.17,129.96,124.9,128.45,420228.17145795
1766980800,128.44,129.1,127.07,127.73,132782.72142988
1766995200,127.73,128.34,124.88,124.93,130099.94351436
1767009600,124.93,125.28,122.21,123.32,294469.06074567
1767024000,123.3,123.86,122.51,122.92,152215.86507287
1767038400,122.92,123.47,122.71,123.09,98960.98756372
1767052800,123.08,123.76,122.43,123.63,94707.01766734
1767067200,123.63,124.19,123.01,123.86,62849.32008043
1767081600,123.86,124.97,123.82,124.13,61043.134730620004
1767096000,124.13,125.23,123.38,125.02,132269.54345525
1767110400,125.03,126.38,123.63,124.6,216801.90707756
1767124800,124.57,124.99,123.35,124.88,117784.70096757
1767139200,124.87,125.93,124.25,125.65,146000.86158025
1767153600,125.66,125.9,125.22,125.8,104471.06529039
1767168000,125.79,126.67,125.26,126.57,113358.32066283
1767182400,126.56,127.24,124.79,125.43,281188.74773689
1767196800,125.43,125.56,123.99,124.2,286826.32295621
1767211200,124.2,125.75,123.07,124.45,277408.18404272
1767225600,124.44,125.58,124.38,124.98,152007.80476664
1767240000,124.96,125.1,124.02,124.04,66792.90815996
1767254400,124.04,125.09,123.94,125.03,34365.04254757
1767268800,125.03,125.07,124.25,124.79,78873.76847873
1767283200,124.79,125.63,124.12,125.57,93560.86840521
1767297600,125.58,127.08,125.13,126.73,135503.06843663
1767312000,126.74,127.83,125.68,127.38,117236.42243965
1767326400,127.39,127.56,126.57,126.97,68892.15478246
1767340800,126.97,129.84,126.96,128.08,134175.97023004
1767355200,128.06,129.5,126.7,128.89,391003.44738094
1767369600,128.87,133.0,128.58,131.56,589907.60207559
1767384000,131.57,133.19,130.77,132.25,199949.23554623002
1767398400,132.24,133.14,132.0,132.79,124702.40092992
1767412800,132.8,132.87,129.54,130.06,105139.11660882
1767427200,130.05,131.41,129.74,130.64,86577.64051828001
1767441600,130.64,132.12,130.43,131.4,81651.92634362
1767456000,131.4,132.07,131.4,131.71,69652.54992697
1767470400,131.72,133.92,131.28,133.32,116080.51902681
1767484800,133.32,134.89,133.27,134.57,184783.79776588
1767499200,134.57,134.95,133.62,133.78,103091.75717244
1767513600,133.77,134.81,133.17,134.33,88538.16118882
1767528000,134.32,135.4,133.7,134.86,109350.06813561
1767542400,134.85,135.49,133.05,133.51,138627.05351681
1767556800,133.5,134.81,133.34,134.04,104195.93157889
1767571200,134.05,137.66,133.89,136.58,235467.88141415
1767585600,136.58,136.74,134.56,135.38,113513.84741904
1767600000,135.37,135.98,134.66,135.69,75708.69510305
1767614400,135.69,136.45,133.08,136.08,269187.74722839
1767628800,136.07,138.81,134.28,138.21,235276.15042015002
1767643200,138.2,139.85,137.72,137.9,175410.95151326
1767657600,137.89,138.6,136.89,138.38,145111.2281708
1767672000,138.37,140.0,137.3,137.56,167747.04812897
1767686400,137.56,139.64,137.35,139.46,126399.75975447
1767700800,139.46,143.44,138.68,141.56,383477.26490249
1767715200,141.55,141.94,136.06,137.47,346466.5499479
1767729600,137.46,141.88,137.43,141.04,186376.71432039
1767744000,141.04,141.32,138.4,139.49,144161.19442648
1767758400,139.49,139.62,138.05,139.27,71009.19768188
1767772800,139.28,139.7,136.45,137.83,102568.31459674
1767787200,137.83,138.46,135.12,135.59,192570.77947192
1767801600,135.6,136.54,134.28,135.6,175872.18887081
1767816000,135.61,136.93,134.86,136.25,226966.59440009
1767830400,136.25,138.16,135.86,136.58,155293.58042743
1767844800,136.59,138.16,133.62,135.7,141613.94099873002
1767859200,135.71,136.02,133.74,134.6,96351.23428229
1767873600,134.6,136.39,132.54,136.27,296450.05806926
1767888000,136.27,138.94,136.11,137.41,195383.40653856
1767902400,137.38,139.95,136.39,138.25,179231.90669539
1767916800,138.24,140.99,137.57,140.63,161661.27316332
1767931200,140.62,140.9,139.22,139.37,221374.1330922
1767945600,139.38,139.53,136.86,138.14,126769.3786331
1767960000,138.11,140.72,136.06,138.66,223521.29144436
1767974400,138.66,140.11,135.28,135.64,373330.43784589996
1767988800,135.62,136.27,134.79,135.79,170210.51026244002
1768003200,135.79,136.5,135.5,135.95,81573.63885039
1768017600,135.96,136.18,135.55,135.91,31193.58294212
1768032000,135.91,136.85,135.79,136.42,38930.43849436
1768046400,136.41,136.86,135.84,136.25,51487.480761700004
1768060800,136.25,136.58,135.71,136.04,43204.62174051
1768075200,136.04,136.11,135.18,135.67,39151.88590926
1768089600,135.66,136.35,135.56,136.08,73647.27407714
1768104000,136.08,136.23,135.7,136.01,36543.390996660004
1768118400,136.01,136.69,135.9,136.37,39153.10131203
1768132800,136.37,139.34,136.32,138.23,155034.25451424
1768147200,138.24,141.36,138.0,139.21,252063.81287469
1768161600,139.21,139.58,137.3,139.5,339483.97185255005
1768176000,139.5,144.17,138.71,142.34,426724.30687175
1768190400,142.34,143.14,141.16,141.22,123893.65081729999
1768204800,141.22,141.85,138.86,139.86,217649.40690135
1768219200,139.85,142.82,138.5,142.44,198927.24488348002
1768233600,142.42,144.7,140.47,140.87,273493.24683914
1768248000,140.88,141.73,138.2,139.05,264870.71413733
1768262400,139.04,139.41,137.66,138.55,124207.3392327
1768276800,138.55,140.56,138.19,139.79,121260.71083798
1768291200,139.79,142.94,139.77,141.68,176915.56015105
1768305600,141.68,143.77,141.07,143.41,301185.63097149
1768320000,143.41,144.5,142.4,144.19,371031.98120162997
1768334400,144.19,148.9,143.0,145.43,374059.94216832
1768348800,145.42,146.51,144.2,146.2,224496.1972808
1768363200,146.19,146.36,143.8,144.78,168306.04060781
1768377600,144.78,145.75,143.45,143.69,76948.31423157
1768392000,143.68,147.55,143.32,147.07,382242.4826120699
1768406400,147.06,148.41,145.32,146.77,359292.08110755996
1768420800,146.78,147.77,145.82,146.7,237098.87443137
1768435200,146.68,146.71,143.19,143.44,182938.44355849
1768449600,143.44,145.24,143.23,144.97,90710.97465593
1768464000,144.98,145.96,143.9,144.69,80529.34803180001
1768478400,144.69,145.66,141.75,143.45,320379.72337541997
1768492800,143.42,144.14,140.88,141.47,225865.67463159002
1768507200,141.47,142.7,141.01,142.37,173427.32906979
1768521600,142.36,142.78,141.65,141.91,75132.49850108
1768536000,141.91,143.53,141.4,142.88,82507.46339333
1768550400,142.88,143.49,142.65,143.09,40874.22822664
1768564800,143.08,143.8,140.15,140.69,171383.94495464
1768579200,140.69,144.49,140.59,144.12,301252.16498703
1768593600,144.12,145.5,143.41,144.83,152212.06122119
1768608000,144.84,144.93,144.12,144.3,78910.1333109
1768622400,144.29,144.43,143.55,143.55,51735.567184889995
1768636800,143.58,144.59,143.26,143.95,61555.289215490004
1768651200,143.95,144.29,143.51,144.26,55166.81390247
1768665600,144.25,144.44,143.61,144.19,43432.68906965
1768680000,144.19,144.5,143.44,143.66,43470.71438267
1768694400,143.66,143.93,141.9,142.76,96680.79019376
1768708800,142.76,142.97,142.0,142.08,31632.42080628
1768723200,142.08,142.59,141.9,142.34,23290.4283744
1768737600,142.33,142.68,141.44,141.94,62068.575589579996
1768752000,141.93,143.2,141.7,142.23,76340.13421978001
1768766400,142.24,142.99,137.62,137.81,282831.01720825
1768780800,137.78,137.78,130.05,133.88,510808.51819187
1768795200,133.87,133.99,132.64,133.39,97286.70633701
1768809600,133.36,134.3,133.21,134.05,62389.098324909995
1768824000,134.02,134.11,133.17,133.48,60435.873475
1768838400,133.47,134.65,133.38,134.37,155770.00962538
1768852800,134.37,135.09,132.63,133.36,157328.95866373
1768867200,133.34,134.54,132.96,134.16,167982.42650165
1768881600,134.16,134.17,130.36,130.43,248765.03625511
1768896000,130.43,130.6,128.21,128.69,285385.71193449
1768910400,128.69,129.57,127.11,127.72,396411.29532606
1768924800,127.72,128.47,126.16,127.07,337683.92812933
1768939200,127.07,127.94,124.72,125.66,312290.41007095
1768953600,125.66,127.7,125.58,127.43,137625.1056405
1768968000,127.43,128.6,127.29,127.47,103587.20840027
1768982400,127.46,128.05,126.68,126.8,106345.56535511
1768996800,126.8,131.02,126.01,130.33,340335.39464729
1769011200,130.32,131.59,125.14,131.41,417619.32899137004
1769025600,131.41,132.07,129.05,129.44,204390.62693585
1769040000,129.44,130.52,129.41,129.75,55255.251947950004
1769054400,129.72,130.37,129.6,129.68,55752.58785027
1769068800,129.68,130.24,129.21,130.0,110350.11622078
1769083200,130.0,130.9,126.58,127.27,217738.71232305001
1769097600,127.28,129.27,126.78,129.15,141057.46389291
1769112000,129.14,129.65,127.87,128.35,108386.12238202
1769126400,128.35,128.84,127.92,128.59,56970.10975527
1769140800,128.6,129.15,127.08,127.75,79625.81281919
1769155200,127.75,127.84,126.75,127.38,37271.14371142
1769169600,127.38,127.95,125.15,127.76,164115.72625652
1769184000,127.76,130.05,127.29,127.94,212388.57303318998
1769198400,127.94,128.1,126.33,127.28,115188.7056315
1769212800,127.29,127.92,127.11,127.71,60102.46928821
1769227200,127.72,127.92,126.82,126.93,41756.35172118
1769241600,126.91,127.2,126.74,126.95,15797.45080917
1769256000,126.98,127.22,126.55,126.67,36036.57232837
1769270400,126.66,127.33,126.46,127.11,42792.19921893
1769284800,127.11,127.56,126.9,127.02,38004.925471509996
1769299200,127.02,127.28,126.14,126.45,33004.52370194
1769313600,126.45,126.81,126.17,126.29,23678.42866723
1769328000,126.29,126.98,125.77,126.57,35911.97774704
1769342400,126.56,126.93,125.26,125.39,55635.65354138
1769356800,125.39,125.39,117.12,117.85,448427.00311029004
1769371200,117.85,119.29,117.18,118.73,456784.40093521
1769385600,118.73,122.62,118.41,121.39,245718.75467147998
1769400000,121.4,123.46,121.4,122.76,123778.67440003
1769414400,122.78,123.47,121.64,122.39,80184.52755844
1769428800,122.39,125.09,122.24,123.42,212986.6998238
1769443200,123.41,125.46,122.92,124.18,259796.81303855998
1769457600,124.17,124.75,123.27,124.09,144950.8862212
1769472000,124.09,125.0,123.54,124.37,131183.61865467
1769486400,124.35,124.99,123.84,124.38,44430.1164379
1769500800,124.38,124.64,123.39,123.96,51060.281056730004
1769515200,123.95,124.9,122.93,124.9,114787.26503632
1769529600,124.85,126.67,123.4,125.68,196379.84924284
1769544000,125.65,127.71,125.56,127.02,153225.75247442
1769558400,127.02,127.38,126.48,126.78,85171.13550147
1769572800,126.78,127.36,126.28,126.91,56209.106589510004
1769587200,126.92,128.16,125.8,128.0,74561.6024798
1769601600,127.99,128.05,125.36,125.91,139898.12173138
1769616000,125.91,126.87,125.05,125.82,169589.95329892
1769630400,125.81,126.5,124.59,125.16,167387.49183574
1769644800,125.16,125.31,122.47,122.88,190356.58522556
1769659200,122.88,123.8,122.29,123.59,57823.32858306
1769673600,123.59,123.73,122.5,122.56,48568.45682375
1769688000,122.57,122.99,115.93,117.46,469967.37614182
1769702400,117.47,119.81,115.17,116.62,543081.0752392199
1769716800,116.62,117.73,116.32,117.61,167244.06359447
1769731200,117.62,117.95,111.79,114.25,436223.83733372996
1769745600,114.25,115.94,112.82,115.6,192498.8088336
1769760000,115.59,117.11,114.44,116.87,175320.10909417
1769774400,116.88,117.46,114.41,116.66,335145.50351469
1769788800,116.63,118.94,114.14,118.11,442264.21872023
1769803200,118.1,118.26,116.32,117.42,244074.428649
1769817600,117.43,118.46,117.21,118.21,245334.7741509
1769832000,118.21,118.72,117.03,117.19,263250.38452245
1769846400,117.19,117.36,114.0,115.86,337995.61421078
1769860800,115.85,116.0,108.06,108.5,529227.45461306
1769875200,108.5,109.64,96.52,101.63,1300581.2457151199
1769889600,101.63,106.47,100.28,105.44,556352.90063045
1769904000,105.44,106.32,104.1,104.86,190420.63046008
1769918400,104.87,105.92,103.81,105.07,171289.11448994
1769932800,105.06,105.92,103.41,104.97,150312.44699396
1769947200,104.96,106.58,100.12,101.62,449528.76224828
1769961600,101.62,104.15,100.79,101.85,372429.05407545
1769976000,101.84,102.76,97.93,100.66,579245.7171479
1769990400,100.67,103.04,95.83,99.96,716283.30667018
1770004800,99.95,102.31,97.03,101.32,587280.40066799
1770019200,101.31,103.34,101.28,102.67,262321.69982788
1770033600,102.68,106.04,102.33,104.64,607057.21807392
1770048000,104.62,105.68,103.41,103.84,459315.36372425
1770062400,103.82,105.1,103.22,104.46,268361.25394476997
1770076800,104.45,104.58,102.08,104.06,165992.71545634
1770091200,104.05,104.99,102.86,104.61,128801.90296224
1770105600,104.61,104.93,102.4,102.91,177695.79206379
1770120000,102.92,103.56,100.32,102.45,353020.29872908996
1770134400,102.46,102.47,96.59,98.87,869248.25877409
1770148800,98.89,101.93,97.09,97.76,430429.18927466
1770163200,97.74,99.52,97.03,99.0,248376.06468953998
1770177600,99.0,99.22,96.37,97.78,247474.92476112
1770192000,97.78,97.84,94.77,95.97,296563.93843586
1770206400,95.99,96.6,91.17,92.63,876507.16722313
1770220800,92.66,94.52,89.81,94.17,1357536.21963463
1770235200,94.17,94.29,89.11,91.92,606184.73832974
1770249600,91.91,92.73,90.04,90.96,434388.02757917996
1770264000,90.97,91.92,89.51,90.35,559558.90010209
1770278400,90.36,93.25,88.5,89.82,372894.01411034004
1770292800,89.81,91.26,83.25,84.47,1235242.82152572
1770307200,84.47,86.02,81.06,81.51,1599854.89417244
1770321600,81.51,82.16,77.43,78.19,2016918.26723842
1770336000,78.19,80.19,67.48,76.62,2189984.3046766696
1770350400,76.61,81.54,76.13,79.48,791853.9310782701
1770364800,79.48,81.94,78.59,81.27,435403.54126537
1770379200,81.25,85.13,80.75,84.45,1156194.1178831
1770393600,84.43,88.69,83.66,86.99,1054830.07689842
1770408000,86.99,89.77,86.51,87.4,672761.42809311
1770422400,87.38,88.32,85.84,88.04,317695.95673102
1770436800,88.01,88.99,84.12,85.23,437325.28841933
1770451200,85.23,85.68,84.46,84.83,190262.97172901
1770465600,84.83,87.11,84.77,86.48,402276.6246519
1770480000,86.49,89.13,86.1,88.25,468123.98581874
1770494400,88.22,89.16,86.81,87.54,212488.83544127
1770508800,87.55,88.16,86.64,86.74,138868.59696858
1770523200,86.76,87.49,86.57,87.35,98738.36865743
1770537600,87.34,88.89,86.37,88.17,202130.69295826
1770552000,88.19,88.84,87.29,87.72,199735.51426693
1770566400,87.72,88.54,85.7,88.33,224148.97161985
1770580800,88.34,89.03,86.01,86.92,326337.7032993
1770595200,86.93,87.92,85.77,87.6,294128.85377765
1770609600,87.6,87.66,85.11,85.42,178872.49645271
1770624000,85.42,85.56,82.77,83.4,274891.12222490995
1770638400,83.41,85.76,83.37,85.23,369383.6771871
1770652800,85.22,88.65,84.76,87.91,457227.61390816
1770667200,87.91,88.26,86.51,86.72,254233.86691135
1770681600,86.72,87.46,85.21,85.78,175596.30793761002
1770696000,85.78,86.61,84.23,84.54,142588.7038548
1770710400,84.55,85.0,83.69,83.77,124316.95032019
1770724800,83.77,85.17,83.14,84.25,308409.98113853
1770739200,84.25,85.09,82.4,83.04,336434.41394623
1770753600,83.04,83.17,81.84,82.95,232962.48204378
1770768000,82.96,84.35,82.54,83.28,192223.88574365
1770782400,83.28,83.48,80.2,80.95,324384.7500305
1770796800,80.94,81.42,80.34,81.21,128483.6918343
1770811200,81.2,83.12,78.55,79.68,618723.41357544
1770825600,79.67,80.88,78.0,79.68,451777.28597147
1770840000,79.67,81.04,78.79,79.23,323661.12021694996
1770854400,79.24,80.73,79.22,80.57,228573.27211023
1770868800,80.57,80.93,79.37,80.72,230762.15244377
1770883200,80.71,82.19,80.26,81.83,167318.78733551
1770897600,81.82,82.08,80.06,80.1,318972.98943679
1770912000,80.09,80.19,76.75,77.56,679967.5647912701
1770926400,77.56,78.44,76.53,78.33,378109.9200993
1770940800,78.32,79.4,77.46,79.0,274387.34195667
1770955200,78.99,79.2,77.8,78.93,164969.39300655
1770969600,78.93,80.57,78.79,80.25,214001.90751212
1770984000,80.25,84.29,79.66,83.14,540978.97834495
1770998400,83.14,85.59,82.87,84.6,479521.89661085996
1771012800,84.61,85.14,84.09,84.27,208431.56185138001
1771027200,84.29,85.26,84.17,85.0,134496.16757363
1771041600,85.01,85.22,84.3,85.15,71756.41233415999
1771056000,85.15,87.29,85.11,87.26,160388.94231885
1771070400,87.25,87.66,85.98,87.39,396558.84181547
1771084800,87.4,88.42,87.01,88.16,335722.05891285
1771099200,88.17,88.85,87.25,88.03,205163.54333535
1771113600,88.02,88.74,87.29,88.56,275317.27830185
1771128000,88.56,90.94,88.33,90.7,296082.35594563
1771142400,90.69,91.21,88.96,89.12,199586.74399831
1771156800,89.12,89.58,86.6,87.36,402014.8528343
1771171200,87.36,87.82,85.14,85.27,302177.2192561
1771185600,85.29,86.68,84.85,86.1,399107.62988340005
1771200000,86.1,86.57,84.78,85.11,197260.13502673001
1771214400,85.11,85.84,84.41,85.01,224119.92848738
1771228800,85.02,86.22,84.46,85.44,127421.77016103
1771243200,85.48,86.89,82.51,83.15,415592.01745445
1771257600,83.16,85.12,83.06,84.59,274171.43356674
1771272000,84.57,86.62,84.46,86.4,204172.62100091
1771286400,86.41,87.63,85.72,86.29,153591.42943857
1771300800,86.29,86.75,85.4,86.43,114267.63977967
1771315200,86.42,86.71,84.7,85.05,104730.7316052
1771329600,85.05,85.52,82.88,83.78,343616.28150869
1771344000,83.77,85.71,83.09,84.81,311661.85094545
1771358400,84.81,85.41,84.5,85.05,178619.68063203
1771372800,85.05,85.44,83.89,85.27,127674.3249213
1771387200,85.29,85.5,84.64,85.22,91117.22097589
1771401600,85.23,86.03,82.8,82.82,157483.58482143
1771416000,82.83,83.98,81.71,82.97,306636.29621757
1771430400,82.95,83.06,80.44,80.89,303321.56931459997
1771444800,80.89,81.62,80.82,81.56,246502.61244673
1771459200,81.56,82.02,81.2,81.73,122668.31237722
1771473600,81.73,82.64,81.33,82.37,110308.01753571001
1771488000,82.36,82.38,80.86,81.2,89280.5267465
1771502400,81.21,81.29,79.58,80.6,267202.84029136
1771516800,80.59,82.18,79.9,81.92,281635.44421352
1771531200,81.91,82.51,81.66,82.46,160416.50141643
1771545600,82.46,83.53,82.28,83.0,194754.57154570002
1771560000,83.01,83.88,82.35,83.42,128634.96207667001
1771574400,83.42,84.82,83.27,83.56,246051.3211919
1771588800,83.56,84.8,81.74,84.37,430675.73222938
1771603200,84.37,85.44,82.78,84.72,468964.67943936
1771617600,84.73,85.2,84.08,84.64,152322.80470987
1771632000,84.65,85.0,84.17,84.32,73127.15344931
1771646400,84.33,84.76,83.95,84.22,51502.189414199995
1771660800,84.21,85.65,84.17,85.36,91802.86383730001
1771675200,85.36,86.69,84.99,86.56,141140.56707853
1771689600,86.57,86.74,85.81,86.2,115697.73759456
1771704000,86.2,86.2,85.12,85.15,122013.64133181
1771718400,85.14,85.58,84.69,85.05,138375.64286626
1771732800,85.05,85.58,84.77,85.23,67465.04920462999
1771747200,85.22,85.42,84.85,85.24,43676.45795628
1771761600,85.23,85.29,82.98,83.48,179790.72877168
1771776000,83.48,83.6,82.79,83.26,73296.21882907
1771790400,83.26,83.63,82.41,82.75,143162.45378579
1771804800,82.75,82.81,77.2,77.64,640242.42006738
1771819200,77.65,79.68,77.12,79.4,233148.15715012
1771833600,79.39,80.67,78.51,80.04,210496.49975455
1771848000,80.04,81.12,79.2,79.38,414280.68423005
1771862400,79.38,79.79,77.25,78.27,431678.2771008
1771876800,78.28,78.91,77.6,77.88,150222.22826978
1771891200,77.87,78.49,75.72,76.84,302098.85949462
1771905600,76.84,77.3,76.07,76.83,189005.34822387
1771920000,76.82,77.19,75.97,76.75,105203.26196068
1771934400,76.76,77.49,75.63,77.3,274472.91266324
1771948800,77.3,78.56,77.23,78.39,312934.99842812
1771963200,78.39,79.62,78.14,78.99,254681.17827713
1771977600,79.0,82.94,78.73,81.74,461826.29495088
1771992000,81.74,82.43,80.98,82.18,274974.85953016
1772006400,82.18,83.39,81.92,83.37,270547.06707422
1772020800,83.37,86.46,82.86,85.99,520584.00540693
1772035200,85.99,89.66,85.98,89.43,609028.05958487
1772049600,89.46,92.12,87.09,88.06,688000.03801124
1772064000,88.04,89.27,87.57,87.94,279606.73396011
1772078400,87.95,89.04,87.22,87.25,132135.7842403
1772092800,87.25,88.69,86.61,86.83,174988.14519777
1772107200,86.84,88.24,85.28,86.57,397339.75474664
1772121600,86.58,86.77,84.36,86.46,717022.2114503
1772136000,86.46,86.88,85.74,85.91,167344.25325313
1772150400,85.91,87.81,85.19,87.63,204052.70279116998
1772164800,87.63,88.29,86.82,87.32,180113.79505159
1772179200,87.31,87.95,83.31,83.62,241894.91456926998
1772193600,83.59,83.77,81.98,82.71,612649.6973019401
1772208000,82.7,82.7,81.11,81.55,312544.57146919
1772222400,81.56,82.13,80.31,81.84,327720.69050107
1772236800,81.84,82.26,81.55,81.75,72382.77727773
1772251200,81.74,81.9,77.13,78.72,534115.7115408
1772265600,78.71,79.59,77.75,78.78,327778.54893751
1772280000,78.77,81.53,78.61,80.93,388501.13737710996
1772294400,80.92,82.91,80.5,82.22,359170.71261547
1772308800,82.21,85.7,81.96,84.37,436589.7699888
1772323200,84.37,88.89,84.28,88.01,443948.31292359
1772337600,88.01,88.25,86.16,86.63,184416.00888165
1772352000,86.63,86.82,84.71,85.18,183596.502492
1772366400,85.17,86.97,84.52,85.65,335317.93848332996
1772380800,85.66,86.08,83.04,83.25,456556.06290638
1772395200,83.24,84.08,81.71,83.6,412225.69330715004
1772409600,83.61,86.17,83.47,84.77,264799.59055227
1772424000,84.78,84.83,82.37,82.94,184550.13459198998
1772438400,82.94,84.28,82.36,83.89,217655.63064485
1772452800,83.89,88.99,82.75,88.79,825382.2441748
1772467200,88.79,90.31,86.41,87.67,838224.42679322
1772481600,87.67,88.23,86.36,86.64,417078.05087053
1772496000,86.63,87.34,85.23,86.29,298220.84913603
1772510400,86.29,86.78,85.38,85.57,156196.34479748
1772524800,85.57,85.76,83.7,84.19,264818.70050604
1772539200,84.2,85.34,82.47,85.04,652838.0987177
1772553600,85.03,87.34,84.16,85.06,590236.3842519
1772568000,85.09,87.5,84.17,86.99,472327.88959592
1772582400,86.98,88.07,85.17,85.77,330972.93792452
1772596800,85.76,87.53,84.77,87.43,242776.12816398998
1772611200,87.41,91.47,86.98,89.77,604562.12707751
1772625600,89.77,93.13,88.7,92.96,834091.29039081
1772640000,92.96,94.11,90.7,93.25,464678.32972246
1772654400,93.24,93.8,90.32,90.88,345732.88734804
1772668800,90.89,91.45,89.64,90.04,276237.98070888
1772683200,90.03,91.34,89.7,90.2,125709.21456651
1772697600,90.18,92.99,89.7,91.84,197670.29962196
1772712000,91.84,92.23,88.79,89.63,419904.31068595
1772726400,89.62,89.65,87.84,88.74,298200.82018244
1772740800,88.73,89.86,88.55,88.78,185786.36891358002
1772755200,88.78,89.32,88.03,88.43,177519.89658033
1772769600,88.41,88.92,87.52,88.71,139804.71954254
1772784000,88.69,88.69,87.06,87.26,112213.54943589
1772798400,87.27,87.27,83.97,84.65,630081.95347773
1772812800,84.64,85.89,83.64,85.21,456071.65818596
1772827200,85.22,85.47,84.42,84.67,283761.15005683
1772841600,84.67,85.07,84.31,84.52,117142.24885721
1772856000,84.53,84.55,83.89,84.31,79132.81095923
1772870400,84.3,84.94,84.12,84.67,36533.45926493
1772884800,84.65,84.78,83.47,83.76,111129.4157367
1772899200,83.75,84.07,82.27,82.53,147189.65842302
1772913600,82.52,83.32,82.51,83.22,63497.73136359
1772928000,83.22,83.48,82.07,82.33,81444.84263743
1772942400,82.33,83.08,81.75,82.96,70192.25989325
1772956800,82.95,84.11,82.53,82.82,59476.44139481
1772971200,82.81,83.01,81.2,82.07,129195.07071167
1772985600,82.06,82.66,81.3,82.5,126970.20320172
1773000000,82.49,82.95,80.25,81.59,312955.85729326
1773014400,81.6,84.49,81.54,83.16,275278.22956001
1773028800,83.15,84.59,82.31,83.15,167098.29016715
1773043200,83.15,84.59,82.92,83.57,80146.10317533
1773057600,83.58,85.74,83.39,85.06,428251.13088739
1773072000,85.07,87.06,84.33,85.98,427888.94918870996
1773086400,85.98,86.38,84.85,84.96,277404.07466059003
1773100800,84.95,86.92,84.84,85.57,158651.89146632
1773115200,85.57,86.96,85.4,86.71,119380.36982618
1773129600,86.72,87.68,86.58,86.81,155029.77629837
1773144000,86.82,88.62,84.93,88.35,309478.13374472
1773158400,88.36,88.81,85.65,86.01,290973.72044253
1773172800,86.01,86.45,85.0,85.89,207263.32161739998
1773187200,85.9,86.27,85.5,85.64,111865.45701109001
1773201600,85.64,86.88,85.12,85.46,127025.87867423001
1773216000,85.47,85.62,84.36,84.54,131840.11103247
1773230400,84.54,87.41,84.34,85.42,289858.72381317
1773244800,85.42,88.12,85.32,87.3,353324.94702433003
1773259200,87.3,87.81,86.49,86.58,123128.76151705
1773273600,86.59,86.79,84.72,85.03,150507.07737284
1773288000,85.03,85.9,84.89,85.82,173277.19921533
1773302400,85.83,87.12,85.36,86.81,148301.79028501
1773316800,86.82,87.73,85.11,86.59,399206.52575909
1773331200,86.59,87.11,85.68,86.8,175785.71906231
1773345600,86.8,87.22,85.97,86.84,106617.55966399
1773360000,86.83,91.13,86.7,89.69,492424.20513807
1773374400,89.7,89.74,88.15,88.68,174450.08078488
1773388800,88.68,90.47,88.34,90.34,193722.99530196
1773403200,90.33,93.06,89.33,89.5,693501.65922613
1773417600,89.5,90.15,88.37,88.93,393298.58130785
1773432000,88.92,89.17,87.73,88.19,199075.47529364002
1773446400,88.18,88.66,87.82,88.43,84007.33979208
1773460800,88.43,88.71,86.94,87.34,102361.48738161
1773475200,87.34,87.59,86.54,86.98,61155.54274941
1773489600,86.95,87.39,86.64,86.74,60526.24594131
1773504000,86.74,87.16,86.63,87.03,46932.41985951
1773518400,87.02,88.2,86.88,88.07,84503.25028779
1773532800,88.07,88.69,87.6,87.88,178763.80833689
1773547200,87.88,88.66,87.88,88.23,73670.77150562
1773561600,88.23,88.89,88.16,88.58,50060.67951783
1773576000,88.57,88.58,87.34,87.91,101520.39029275
1773590400,87.91,88.82,87.46,88.2,127728.10628815001
1773604800,88.2,93.23,88.0,92.33,421975.16009635
1773619200,92.33,93.97,91.19,93.16,347783.81429322
1773633600,93.17,94.35,92.95,93.57,316486.15051259
1773648000,93.59,94.02,92.59,93.77,165479.06403061
1773662400,93.77,95.12,92.38,93.2,513895.06867892
1773676800,93.19,95.5,93.13,95.22,346769.73659429
1773691200,95.22,97.7,95.08,96.2,409872.95081588
1773705600,96.21,96.96,93.72,94.09,337611.59830079
1773720000,94.09,94.65,93.21,94.44,115456.34025246
1773734400,94.44,95.1,93.26,93.68,156791.80131751
1773748800,93.67,95.16,93.17,93.86,258126.55749331
1773763200,93.86,95.64,93.76,94.67,228197.37570302
1773777600,94.67,95.66,94.46,94.65,127398.45256281001
1773792000,94.64,95.68,94.12,95.08,93687.75379477
1773806400,95.09,95.15,93.72,93.98,92952.99409159
1773820800,93.99,94.47,91.77,92.03,144614.68539235002
1773835200,92.02,92.06,88.56,89.39,499726.01996147
1773849600,89.38,90.87,88.65,89.71,361553.43129016
1773864000,89.71,90.61,88.99,90.08,221750.16297589
1773878400,90.07,91.41,89.78,90.75,118869.28600607
1773892800,90.74,90.74,88.62,89.42,102037.22412099
1773907200,89.41,90.48,89.1,89.61,112234.64538377999
1773921600,89.6,89.61,87.15,87.62,401467.44808359
1773936000,87.62,89.26,87.01,88.69,274523.20800435997
1773950400,88.69,89.31,88.37,88.9,139529.97003356
1773964800,88.9,89.79,88.87,89.57,95034.95122535
1773979200,89.58,89.76,88.47,89.38,90730.73802376
1773993600,89.38,90.44,88.62,89.16,85531.00052426
1774008000,89.16,89.75,88.46,88.93,204832.70562709
1774022400,88.93,89.2,88.12,89.0,132125.83996481
1774036800,88.98,90.3,88.65,89.82,102078.42400287
1774051200,89.83,90.64,89.71,90.44,53863.85631776
1774065600,90.44,90.79,89.91,90.12,49504.83299927
1774080000,90.11,90.38,89.79,89.94,22387.64945153
1774094400,89.94,90.4,89.37,89.82,62523.28945398
1774108800,89.83,90.0,89.4,89.79,39571.3289783
1774123200,89.81,90.29,87.13,87.55,96300.68012366
1774137600,87.55,89.16,86.27,88.66,210799.44825113
1774152000,88.65,89.2,87.65,87.69,70331.73516244
1774166400,87.69,87.72,86.79,86.83,71729.21977031999
1774180800,86.83,87.71,86.8,87.57,74683.56195869
1774195200,87.57,87.71,86.48,86.87,79557.28282406999
1774209600,86.88,87.18,85.12,86.2,243537.24476167
1774224000,86.2,87.2,85.45,86.38,82318.4010921
1774238400,86.38,87.29,85.08,85.98,148764.27820874
1774252800,85.98,91.9,85.17,88.75,430213.84282841
1774267200,88.75,92.27,88.32,89.94,517440.11454119
1774281600,89.93,91.88,89.38,91.35,299753.09927966
1774296000,91.34,92.0,90.95,91.42,115915.54809914
1774310400,91.43,91.64,89.94,90.32,119319.59543189
1774324800,90.31,91.85,89.96,91.7,107593.69680408
1774339200,91.7,92.2,91.12,91.75,155126.26142104
1774353600,91.75,91.85,88.66,89.72,393651.10356803
1774368000,89.71,89.96,88.38,88.47,298994.16047440004
1774382400,88.48,91.08,88.46,90.76,262542.55125357
1774396800,90.76,91.9,90.7,91.65,150778.35189264
1774411200,91.64,92.91,91.53,91.85,161528.13549744
1774425600,91.84,93.44,91.79,92.97,161322.48757761
1774440000,92.98,93.4,91.0,91.75,316029.00108489
1774454400,91.74,92.71,91.37,91.72,191957.72884563002
1774468800,91.73,91.91,90.98,91.68,165063.22162022
1774483200,91.67,91.98,90.57,91.04,110634.40381227
1774497600,91.04,91.04,88.77,89.05,152167.33978999
1774512000,89.04,89.06,87.41,87.53,170352.60159398
1774526400,87.54,88.18,86.65,87.49,255746.21121848002
1774540800,87.49,87.68,85.36,85.4,252356.38447944
1774555200,85.39,87.08,85.37,86.47,255260.94422822
1774569600,86.48,86.99,86.13,86.36,145721.79021076
1774584000,86.37,86.71,85.65,85.87,89198.01094492
1774598400,85.87,86.08,82.58,83.34,288177.93375382
1774612800,83.35,83.97,82.45,83.28,482890.2049688
1774627200,83.29,83.39,81.78,82.72,281815.7221514
1774641600,82.74,83.09,82.31,83.05,73158.22392149
1774656000,83.04,83.04,82.16,82.54,84581.23999001
1774670400,82.54,83.59,82.31,83.54,80914.5965591
1774684800,83.53,83.64,82.64,82.89,35920.61898771
1774699200,82.89,84.2,82.56,83.77,170862.95251641
1774713600,83.77,83.89,82.97,83.23,64815.24434335
1774728000,83.23,83.47,81.67,82.02,82941.74546683
1774742400,82.02,83.17,81.8,82.94,65274.66928873
1774756800,82.93,82.96,82.15,82.39,30725.813645050002
1774771200,82.38,82.77,81.92,82.53,31515.77549698
1774785600,82.53,82.58,81.18,81.76,73739.16375812999
1774800000,81.76,82.09,81.1,81.54,82344.40344882
1774814400,81.54,82.16,79.0,81.37,233636.01973617
1774828800,81.37,83.87,81.09,83.21,198890.34284409002
1774843200,83.22,84.2,83.21,83.95,150007.20625
1774857600,83.94,84.86,83.52,84.19,155139.96106681
1774872000,84.2,84.97,83.62,84.45,260982.47086463
1774886400,84.45,84.5,81.87,82.32,202563.72493458
1774900800,82.32,83.6,82.06,82.48,165015.27868037001
1774915200,82.49,84.53,82.07,83.52,224484.00837595
1774929600,83.53,83.84,82.6,83.02,82178.43413082
1774944000,83.03,83.26,80.06,80.78,335556.78078679
1774958400,80.78,82.51,80.3,80.79,346154.81251668
1774972800,80.79,83.39,80.79,82.6,446138.60956258
1774987200,82.62,83.3,82.26,83.12,149688.28686243
1775001600,83.12,83.5,82.42,83.37,101081.78598141
1775016000,83.37,84.72,83.18,83.82,141777.46711324
1775030400,83.82,84.02,83.04,83.36,100022.79979123
1775044800,83.35,83.84,82.36,83.6,363715.46353201
1775059200,83.59,86.63,83.0,83.81,401055.13070675003
1775073600,83.82,83.88,80.76,81.17,395931.58492537
1775088000,81.16,81.77,78.3,78.99,570787.55631366
1775102400,78.99,79.65,78.59,79.63,103474.10714357
1775116800,79.61,79.61,78.17,78.29,135182.14905029
1775131200,78.3,79.71,76.69,79.02,609090.8841302199
1775145600,79.02,79.88,78.41,78.98,338757.90037265
1775160000,78.97,79.37,78.62,78.95,113695.29447662
1775174400,78.95,79.8,78.86,79.01,133661.93233662
1775188800,79.01,80.14,78.99,79.95,122649.55524947
1775203200,79.95,80.46,79.63,80.18,184175.88993524
1775217600,80.17,80.91,79.16,80.33,210216.65819008
1775232000,80.32,80.65,79.86,80.19,102317.43454272
1775246400,80.17,80.69,79.95,80.39,73437.42616807
1775260800,80.39,80.39,80.05,80.17,54561.24413091
1775275200,80.16,80.53,80.09,80.3,34684.586702529996
1775289600,80.31,80.38,79.89,80.18,41956.49760831
1775304000,80.19,81.59,79.59,81.08,154933.99148060998
1775318400,81.07,81.36,80.6,80.84,128829.62271086
1775332800,80.84,81.07,80.61,80.83,56746.491699289996
1775347200,80.83,80.84,80.36,80.55,45647.56781678
1775361600,80.54,80.56,79.39,79.59,91730.74379171
1775376000,79.59,80.21,79.53,79.89,35790.5674729
1775390400,79.89,80.29,78.48,79.59,200829.35477351
1775404800,79.59,80.21,79.35,79.81,114978.47408598001
1775419200,79.81,82.1,79.08,81.85,294946.91281495
1775433600,81.86,82.94,81.63,82.09,244887.69663396
1775448000,82.09,82.32,80.95,81.81,90344.54041314
1775462400,81.81,83.17,81.7,82.45,154098.13703202
1775476800,82.44,82.82,81.72,82.3,243297.74233685998
1775491200,82.29,82.49,81.2,81.92,224073.12505175
1775505600,81.92,82.16,79.6,80.03,228993.92504333
1775520000,80.01,80.22,79.38,79.81,228276.48271788
1775534400,79.8,80.18,79.31,79.85,130315.84215968999
1775548800,79.85,80.59,78.93,79.21,259368.17085919
1775563200,79.21,79.38,78.36,78.83,353159.94838611
1775577600,78.83,81.84,78.63,81.61,435320.37229187996
1775592000,81.61,87.0,81.61,85.56,776073.8287423099
1775606400,85.55,85.9,84.25,84.54,230203.07480714002
1775620800,84.55,85.03,83.83,84.5,170584.52227896
1775635200,84.5,84.98,84.15,84.48,163313.17637272
1775649600,84.48,85.0,82.52,83.34,280436.4510093
1775664000,83.33,84.2,82.75,83.2,182024.44166383002
1775678400,83.2,83.62,82.25,82.57,137893.30298004998
1775692800,82.57,82.68,81.71,82.04,169716.20658304
1775707200,82.04,82.49,81.74,82.29,89525.87149321
1775721600,82.28,82.71,82.04,82.18,155101.40973159
1775736000,82.18,83.93,81.41,83.75,216706.09080444
1775750400,83.76,84.75,82.93,84.3,286242.2701903
1775764800,84.14,85.9,83.15,83.34,218225.35784265999
1775779200,83.35,83.78,82.68,82.91,186621.89203443
1775793600,82.9,83.59,82.89,82.97,66597.87182647
1775808000,82.97,83.76,82.72,83.54,82492.97445388
1775822400,83.54,85.62,83.38,84.27,274567.00636341
1775836800,84.28,85.52,84.16,85.47,141587.01543407
1775851200,85.48,85.68,84.68,84.86,125948.99939759
1775865600,84.86,84.96,84.35,84.44,67774.09674857999
1775880000,84.43,84.66,83.91,84.31,40088.90871895
1775894400,84.29,84.81,83.82,84.27,50079.521951200004
1775908800,84.28,84.9,83.89,84.69,74324.86338694001
1775923200,84.7,86.29,84.62,86.04,133455.79773087002
1775937600,86.04,86.14,84.56,84.97,147668.01202238002
1775952000,84.97,85.04,81.92,82.36,240414.40418686
1775966400,82.35,82.52,82.1,82.31,67030.04916169
1775980800,82.32,82.43,81.98,82.24,56206.12535617
1775995200,82.23,82.56,81.33,81.63,169542.54078994
1776009600,81.62,82.35,81.56,82.02,65330.315058
1776024000,82.01,82.91,81.29,81.54,278721.72366781
1776038400,81.54,82.46,81.4,81.91,123770.56105338
1776052800,81.91,82.63,81.53,82.19,142155.78942711
1776067200,82.18,82.31,81.66,81.88,101265.12691508
1776081600,81.87,83.86,81.83,82.69,361790.90086236
1776096000,82.69,84.29,82.38,84.13,304542.9314049
1776110400,84.15,86.83,83.87,86.56,437685.14020062
1776124800,86.55,86.79,85.71,86.08,257896.91478495998
1776139200,86.09,86.23,85.46,85.92,108100.35443754
1776153600,85.93,86.58,85.62,85.81,153639.13740304002
1776168000,85.81,87.71,85.31,86.0,444730.37237031
1776182400,85.98,86.2,83.79,84.0,337196.88594206003
1776196800,84.0,84.19,83.34,83.76,265428.37208019
1776211200,83.75,84.11,83.16,83.49,200679.70583731
1776225600,83.49,83.83,82.69,82.96,86401.90852437
1776240000,82.97,83.75,82.77,83.62,195911.01466709
1776254400,83.62,84.53,83.21,84.02,312494.93225511
1776268800,84.01,85.85,83.92,85.53,337617.63727966
1776283200,85.53,85.62,84.22,84.92,156639.04516443
1776297600,84.92,85.6,84.49,85.3,106866.28592007
1776312000,85.3,85.68,84.99,85.22,72104.90782559
1776326400,85.21,85.53,84.65,85.1,133022.12069825002
1776340800,85.09,87.12,83.85,86.64,403042.36180841
1776355200,86.65,90.17,85.66,90.11,619051.73982419
1776369600,90.13,90.53,88.76,89.09,331747.40384607
1776384000,89.08,89.22,87.46,87.74,209295.03513645
1776398400,87.74,88.5,87.39,88.15,88252.95475397
1776412800,88.16,89.65,87.4,88.24,226924.45748194001
1776427200,88.24,90.8,87.94,90.0,734300.92267017
1776441600,90.01,90.65,88.92,89.26,308568.55996626
1776456000,89.28,89.5,88.53,88.8,175677.17927699
1776470400,88.8,89.2,88.27,88.36,93991.2514113
1776484800,88.37,88.7,88.22,88.47,65763.52923944
1776499200,88.49,88.54,86.3,86.54,212273.31259709998
1776513600,86.56,87.02,86.44,86.79,129638.37266452
1776528000,86.78,87.02,85.82,86.16,145493.21755149998
1776542400,86.16,86.5,85.97,86.21,92552.61083782
1776556800,86.2,86.42,85.32,85.64,132808.76218975
1776571200,85.64,85.99,84.47,84.91,175211.55851107
1776585600,84.9,85.73,84.47,85.65,120618.82201797
1776600000,85.65,87.15,85.59,86.4,142270.9376545
1776614400,86.4,86.54,84.91,85.36,164152.60698688
1776628800,85.36,85.39,82.96,83.48,375109.15071985003
1776643200,83.5,84.65,83.36,84.62,148535.25646884
1776657600,84.62,85.79,83.78,84.76,99337.44466793
1776672000,84.76,85.44,84.59,85.11,146991.42604857998
1776686400,85.1,85.91,84.46,85.89,281147.85962461
1776700800,85.89,86.25,85.29,85.82,201416.37857131
1776715200,85.82,86.24,85.24,85.31,98609.77847249
1776729600,85.33,85.87,85.02,85.2,139336.19234207
1776744000,85.2,86.01,85.05,85.74,146851.93354518
1776758400,85.75,86.42,85.56,85.88,102743.66780498001
1776772800,85.87,86.93,85.21,86.07,304518.38042292
1776787200,86.08,86.32,84.33,84.58,320898.5810336
1776801600,84.58,86.16,84.43,86.07,228208.91807833
1776816000,86.08,87.91,86.03,87.29,316258.85252434004
1776830400,87.29,88.33,86.99,88.08,166256.43022044
1776844800,88.08,88.89,87.64,88.35,175892.10559056
1776859200,88.36,89.36,88.07,88.22,376512.69742636
1776873600,88.22,88.5,87.12,87.4,263804.34166432
1776888000,87.42,87.75,86.85,86.91,93872.30832783
1776902400,86.9,87.19,85.48,85.81,219285.89827935002
1776916800,85.79,86.25,85.53,85.94,153394.82180156
1776931200,85.93,85.98,85.24,85.85,116822.4210461
1776945600,85.86,86.67,85.56,86.37,340532.70061314
1776960000,86.37,86.43,84.5,85.32,340574.96658419
1776974400,85.35,86.3,85.3,86.17,222530.66695552
1776988800,86.17,86.41,85.43,85.74,96492.45035411
1777003200,85.73,85.85,85.17,85.5,168460.51930965
1777017600,85.52,86.31,84.97,86.23,196294.87575168
1777032000,86.24,86.84,85.57,86.56,586870.30370059
1777046400,86.55,86.62,85.98,86.32,94228.19285707
1777060800,86.33,86.99,86.13,86.22,209672.87673336998
1777075200,86.22,86.53,86.05,86.5,35692.67018369
1777089600,86.49,86.68,86.14,86.38,61668.584803369995
1777104000,86.37,86.83,86.28,86.4,54124.98492755
1777118400,86.4,86.7,86.15,86.25,43059.96870561
1777132800,86.24,86.35,85.54,85.71,85991.76827315999
1777147200,85.71,86.2,85.63,86.2,58613.51266217
1777161600,86.2,86.47,85.86,86.01,52044.50137523
1777176000,86.0,86.74,85.95,86.65,82443.86838839001
1777190400,86.66,86.79,86.46,86.51,31756.82382394
1777204800,86.51,86.61,85.92,86.59,87022.10429083
1777219200,86.59,87.22,86.3,86.91,94950.07882915
1777233600,86.92,87.34,86.21,86.95,159626.8682773
1777248000,86.96,88.1,86.57,87.75,207996.95031718002
1777262400,87.75,87.85,85.25,85.27,155923.83486007998
1777276800,85.27,85.62,85.02,85.27,201569.87273334
1777291200,85.26,85.84,83.65,84.16,359983.56828031
1777305600,84.17,84.69,83.82,84.17,222381.47016107
1777320000,84.16,84.89,84.09,84.8,114501.76082205001
1777334400,84.81,84.92,83.89,84.17,101989.08534941
1777348800,84.17,84.43,83.65,84.01,130296.29082736
1777363200,84.01,84.19,83.28,83.4,72614.87666509
1777377600,83.41,83.98,82.96,83.46,205110.05573253997
1777392000,83.46,84.02,83.3,83.88,102555.43192937
1777406400,83.88,84.18,83.57,84.05,106489.26354011
1777420800,84.05,84.72,83.8,84.58,104232.10671522
1777435200,84.58,85.05,84.42,84.7,111685.7699971
1777449600,84.7,85.56,84.35,84.91,109880.94074335
1777464000,84.91,84.91,82.99,83.24,296846.4650136
1777478400,83.24,83.66,81.35,82.16,371589.31685234
1777492800,82.16,83.18,82.13,83.02,239050.59269295
1777507200,83.02,83.98,82.66,83.02,224566.3848527
1777521600,83.03,83.33,82.14,83.31,130661.86403584
1777536000,83.31,83.51,82.75,82.98,95427.76184518001
1777550400,82.97,83.81,82.66,83.31,227735.8091261
1777564800,83.31,83.41,82.84,83.01,165408.07328161
1777579200,83.0,83.16,82.74,83.05,67704.42833316
1777593600,83.05,84.35,83.05,83.87,140009.78791485
1777608000,83.87,84.24,83.64,83.94,133360.62064223
1777622400,83.94,84.28,83.7,84.0,72480.99762642
1777636800,84.0,84.86,83.88,84.45,243666.04129036
1777651200,84.45,84.62,83.77,83.89,145666.80129037
1777665600,83.88,83.92,83.31,83.76,109716.80720203
1777680000,83.75,84.18,83.43,83.8,79557.91151537
1777694400,83.81,83.84,83.53,83.71,29387.60235403
1777708800,83.72,84.14,83.52,83.68,38969.65377698
1777723200,83.69,84.08,83.67,84.02,58971.77289587
1777737600,84.03,84.29,83.93,84.22,44327.44603506
1777752000,84.22,84.96,84.06,84.26,77918.77022745
1777766400,84.26,84.31,83.57,83.66,59694.157517629996
1777780800,83.65,84.01,83.57,83.86,22973.67682656
1777795200,83.87,84.17,83.72,83.94,29965.79183571
1777809600,83.94,84.43,83.94,84.14,43163.48502547
1777824000,84.14,84.47,83.97,84.36,49125.80077149
1777838400,84.36,84.96,83.85,83.91,169949.65275880002
1777852800,83.9,85.6,83.34,85.4,312952.85615765
1777867200,85.4,85.88,84.51,84.87,89260.60894305
1777881600,84.86,85.18,83.24,83.94,129821.01573201001
1777896000,83.94,85.33,83.58,84.47,250676.96507862
1777910400,84.49,85.19,83.97,84.43,189633.03329731
1777924800,84.43,84.54,84.0,84.09,118217.84785785
1777939200,84.09,84.96,84.02,84.78,64283.10464798
1777953600,84.77,85.12,84.54,84.85,121872.99122752
1777968000,84.85,85.01,84.42,84.98,52243.833270079995
1777982400,84.98,86.1,84.91,85.5,296681.02358331997
1777996800,85.52,86.57,85.04,86.5,216645.12042166002
1778011200,86.49,86.98,86.13,86.27,195893.43974684
1778025600,86.26,87.46,86.09,87.32,171078.35716672998
1778040000,87.33,87.88,86.66,87.69,109566.53530814001
1778054400,87.69,90.01,87.65,89.87,205363.43029838
1778068800,89.87,89.97,87.47,88.97,366086.49049970997
1778083200,88.96,89.5,88.48,89.26,227762.78146108
1778097600,89.26,89.61,88.65,89.15,111641.46754789
1778112000,89.15,89.26,87.62,87.77,121592.5720558
1778126400,87.76,90.43,87.69,90.17,146186.18145343
1778140800,90.16,90.26,88.74,89.56,94050.89845159001
1778155200,89.55,90.08,87.8,88.32,197723.78430022
1778169600,88.31,89.05,87.96,88.43,223652.15556991
1778184000,88.44,88.84,87.65,88.4,132933.29673567
1778198400,88.42,88.64,87.93,88.14,11649.7743302
1778212800,88.14,88.21,88.06,88.21,498.5086469
1778227200,88.22,88.73,88.0,88.63,38890.07324709
1778241600,88.63,89.58,87.99,89.57,134529.49921339
1778256000,89.58,92.84,89.34,92.63,365762.05557061
1778270400,92.66,92.75,91.74,92.02,105587.04075178
1778284800,92.02,93.89,91.85,93.64,156385.02598524
1778299200,93.64,94.16,92.84,93.74,85502.99541527001
1778313600,93.74,93.93,93.05,93.63,49398.59838978
1778328000,93.61,93.74,92.4,92.98,76767.14326585
1778342400,92.98,93.64,92.68,93.51,100163.3726703
1778356800,93.51,93.55,93.04,93.11,32810.35853065
1778371200,93.12,93.53,92.59,93.42,66453.40457377
1778385600,93.41,93.66,93.22,93.45,33497.65295748
1778400000,93.44,94.78,92.93,93.55,100967.07466387001
1778414400,93.55,94.74,93.11,94.51,140498.05082905001
1778428800,94.53,96.9,94.15,96.45,276389.62099443
1778443200,96.47,96.84,93.42,96.44,493819.30422524
1778457600,96.44,96.66,94.47,94.76,364879.05597583
1778472000,94.75,96.14,94.43,95.31,168192.05735062
1778486400,95.33,95.56,94.56,95.29,88335.79184762
1778500800,95.3,96.8,94.25,96.78,421636.40374073
1778515200,96.78,98.39,96.48,98.19,496393.39047385
1778529600,98.2,98.38,97.06,97.36,148980.53431329
1778544000,97.35,97.66,95.52,96.12,192923.98211297998
1778558400,96.12,96.98,95.79,96.02,59098.904804339996
1778572800,96.02,96.11,94.56,94.95,179890.60642091
1778587200,94.94,95.52,93.58,93.81,282559.20899773
1778601600,93.82,94.97,93.56,94.89,164896.72857917
1778616000,94.9,95.02,94.22,94.27,65401.77150844
1778630400,94.26,95.55,94.04,95.54,81916.81371429999
1778644800,95.54,95.96,94.86,95.12,76310.20963185
1778659200,95.12,95.85,94.22,94.29,56222.46288708
1778673600,94.29,94.6,90.22,90.39,450257.77234140004
1778688000,90.38,91.4,90.36,90.94,291557.06002445
1778702400,90.92,91.32,90.62,91.14,66828.13721434999
1778716800,91.14,91.39,89.77,89.9,120700.96658417
1778731200,89.92,91.63,89.83,90.85,64190.621995049994
1778745600,90.86,91.26,90.54,90.61,46185.02362819
1778760000,90.59,93.23,90.48,93.2,167907.01924907998
1778774400,93.21,93.66,92.29,92.89,285622.20271637
1778788800,92.89,92.98,92.1,92.13,129456.17382149
1778803200,92.14,92.65,91.46,92.04,143051.32902939
1778817600,92.03,92.03,90.24,91.58,165850.18231877
1778832000,91.59,91.61,90.91,91.25,104437.10845614
1778846400,91.23,91.26,88.49,89.0,351681.29286103003
1778860800,89.0,90.05,88.75,89.39,177913.46965951
1778875200,89.38,89.47,88.56,89.19,138722.08299672
1778889600,89.19,89.38,88.9,89.01,51139.238601779994
1778904000,89.0,89.06,86.68,87.41,124635.17128598
1778918400,87.41,87.59,85.48,86.07,120959.20264664
1778932800,86.07,86.66,85.96,86.45,62040.70958626999
1778947200,86.44,86.94,86.34,86.66,56566.9907005
1778961600,86.68,86.87,86.42,86.51,38463.7102072
1778976000,86.51,86.69,85.55,86.48,106435.76784145
1778990400,86.47,87.25,86.42,86.95,40202.35407498
1779004800,86.95,87.23,86.56,86.86,47527.799872849995
1779019200,86.87,86.98,85.93,86.42,54553.538107249995
1779033600,86.42,86.9,85.97,86.75,73022.30813735
1779048000,86.75,86.95,83.41,85.19,194698.507855
1779062400,85.19,85.42,84.35,84.81,163070.23648546002
1779076800,84.81,85.33,84.24,84.71,154031.04822365998
1779091200,84.7,85.27,84.03,84.94,106033.12332423999
1779105600,84.94,85.75,83.56,84.14,267786.27140932
1779120000,84.15,85.16,83.43,84.93,186865.35077167
1779134400,84.95,85.72,84.73,85.31,103282.39258308
1779148800,85.32,85.9,84.56,85.01,77013.10660728
1779163200,85.02,85.58,84.4,85.44,110850.87230733
1779177600,85.43,85.51,84.17,84.32,120056.64780414
1779192000,84.31,85.04,83.63,84.3,200644.15316404
1779206400,84.32,84.97,84.06,84.27,146618.62561618
1779220800,84.27,84.58,83.93,84.23,107113.64792589
1779235200,84.22,84.46,83.76,84.02,61982.63458825
1779249600,84.02,85.04,83.8,84.67,99599.15504687
1779264000,84.67,85.15,84.51,84.63,33894.44972148
1779278400,84.62,86.19,84.11,85.84,232569.4836629
1779292800,85.84,87.0,85.45,86.08,228761.35713139002
1779307200,86.07,86.23,85.46,86.09,120644.90213294
1779321600,86.09,86.95,86.01,86.76,109502.19249893
1779336000,86.76,87.12,86.11,86.56,81974.96785474
1779350400,86.56,87.12,85.48,85.5,83434.53635113
1779364800,85.51,86.8,85.23,86.37,159090.12259816
1779379200,86.37,87.91,85.96,87.74,301970.30121611
1779393600,87.74,87.84,86.93,87.27,99807.46353805
1779408000,87.26,87.28,86.51,86.95,63643.435301139994
1779422400,86.95,87.3,86.41,86.89,76613.84322598
1779436800,86.88,87.43,86.63,87.24,56988.584719009996
1779451200,87.24,87.77,86.16,86.67,211194.75974862
1779465600,86.66,87.1,83.87,84.43,300372.60771939997
1779480000,84.45,85.22,83.89,84.29,126720.05108959999
1779494400,84.3,84.65,83.98,84.58,91851.79184906
1779508800,84.58,84.61,81.31,82.15,169986.51943188
1779523200,82.14,82.38,81.61,82.21,187803.50422278
1779537600,82.2,84.44,82.02,84.0,212738.60354004
1779552000,84.0,85.04,83.83,84.86,146550.87970361
1779566400,84.87,87.42,84.69,85.65,256435.77639268
1779580800,85.66,86.12,85.51,85.71,82290.09632054
1779595200,85.71,86.58,85.46,85.97,103012.27686014
1779609600,85.97,86.86,85.91,86.55,134002.76857985
1779624000,86.56,86.58,84.37,85.21,102917.84392711
1779638400,85.21,85.74,85.08,85.27,84545.62944486999
1779652800,85.27,85.42,83.58,85.17,145445.34415205
1779667200,85.17,85.66,84.69,84.84,61517.274957140005
1779681600,84.83,86.09,84.82,85.87,75180.86049665
1779696000,85.86,86.13,85.62,85.69,39902.86352133
1779710400,85.69,86.44,85.58,86.16,52592.27012092
1779724800,86.17,86.36,85.45,85.56,62333.25177353
1779739200,85.56,85.8,84.63,84.97,89332.25260745
1779753600,84.98,85.02,83.76,84.13,89509.86322226
1779768000,84.12,84.88,83.92,84.26,41527.2055405
1779782400,84.26,85.71,84.2,85.13,74912.59773805
1779796800,85.13,86.03,83.93,84.39,203754.56169854
1779811200,84.39,84.47,83.03,83.64,186001.85736449
1779825600,83.65,83.86,83.41,83.59,76532.5947746
1779840000,83.61,84.08,83.37,83.51,57491.43137371
1779854400,83.5,84.08,82.74,84.07,52310.95906561
1779868800,84.07,84.29,83.5,83.81,34721.73528369
1779883200,83.82,84.68,82.83,84.28,225975.63395490998
1779897600,84.29,84.6,83.01,83.76,149822.70766005001
1779912000,83.76,83.97,82.0,82.3,157067.02571950998
1779926400,82.28,82.63,80.37,80.59,230481.06906422
1779940800,80.59,81.15,79.89,81.11,150721.43720591
1779955200,81.11,81.19,80.47,80.74,86758.81351049
1779969600,80.73,81.52,79.88,81.01,225120.09492389997
1779984000,80.99,82.95,80.78,82.04,237851.20502795
1779998400,82.06,82.56,81.64,82.0,101727.91208899999
1780012800,81.99,82.37,81.36,81.5,65903.64399439
1780027200,81.5,82.37,81.26,82.13,93291.24271535
1780041600,82.11,82.52,81.4,81.66,49303.62229311
1780056000,81.65,83.1,80.24,82.46,318193.22460562
1780070400,82.46,83.1,81.47,81.94,234783.20250472001
1780084800,81.93,82.28,81.5,81.92,111505.77474665
1780099200,81.91,82.98,81.83,82.55,79003.54973195
1780113600,82.56,82.7,81.77,82.27,61141.814335539995
1780128000,82.26,82.43,82.08,82.22,20456.848892820002
1780142400,82.21,82.8,82.14,82.57,47180.08779196
1780156800,82.57,83.02,82.5,82.86,53903.897464140005
1780171200,82.87,83.05,82.34,82.61,48288.98966897
1780185600,82.61,83.27,82.5,83.11,33735.939357819996
1780200000,83.1,83.18,82.4,82.54,24830.10207076
1780214400,82.54,82.93,82.36,82.65,24852.3856908
1780228800,82.64,83.0,81.69,81.78,63519.207895529995
1780243200,81.77,81.93,81.22,81.47,53135.35020254
1780257600,81.47,82.79,81.47,82.32,82609.01790853
1780272000,82.31,82.98,81.5,82.5,107781.91434726
1780286400,82.5,82.65,80.54,80.63,61211.62234723
1780300800,80.63,81.18,80.36,80.72,64308.18338816
1780315200,80.73,80.97,79.06,79.47,294664.20752881
1780329600,79.48,81.21,78.97,81.08,170765.2838279
1780344000,81.09,81.52,80.21,81.16,95087.04053722
1780358400,81.16,81.18,79.31,80.79,111969.63727772
1780372800,80.79,80.91,79.04,79.55,121983.0140148
1780387200,79.55,79.69,78.66,78.83,111461.42847188
1780401600,78.83,79.11,75.35,76.25,374382.55881212
1780416000,76.25,77.54,74.37,75.43,427102.16113795
1780430400,75.43,75.97,72.64,74.12,302043.21459234
1780444800,74.13,75.05,72.18,72.62,197000.481215
1780459200,72.62,75.32,72.59,75.16,163268.03953391
1780473600,75.15,75.61,74.62,75.03,107299.14923886
1780488000,75.03,75.27,73.12,73.2,199984.98672946
1780502400,73.2,74.03,71.61,71.9,419016.5243277
1780516800,71.89,73.06,70.83,71.52,290923.25324765
1780531200,71.5,72.0,66.67,71.39,575103.62667604
1780545600,71.41,71.71,69.02,69.09,143410.31282485
1780560000,69.08,69.37,67.32,68.61,229185.07358327002
1780574400,68.62,70.56,68.24,69.56,351154.86879054003
1780588800,69.56,69.79,68.39,68.99,216943.67440278002
1780603200,69.0,69.05,67.5,68.79,200646.93846176
1780617600,68.78,69.02,66.88,67.02,212162.16091478
1780632000,67.03,68.01,63.79,66.11,565825.81290307
1780646400,66.12,66.74,65.0,66.02,220530.57410713
1780660800,66.01,66.77,63.73,64.21,468644.32498088
1780675200,64.2,66.02,61.42,63.4,648663.95777934
1780689600,63.4,65.38,62.64,63.62,387817.36705452
1780704000,63.63,64.83,62.54,62.81,145854.77885337
1780718400,62.82,63.3,60.11,62.76,284383.10920177
1780732800,62.75,63.55,61.17,62.41,169470.27800418
1780747200,62.42,63.06,61.28,62.02,202413.44781853
1780761600,62.01,62.37,61.35,61.61,219581.77096787002
1780776000,61.6,62.32,61.34,62.15,163849.11983763002
1780790400,62.17,64.44,61.91,63.81,208055.66287278
1780804800,63.8,65.0,63.27,64.9,152092.33066937
1780819200,64.88,66.09,64.41,65.01,156503.52573783
1780833600,65.01,65.32,63.64,64.95,172112.46740897
1780848000,64.95,65.59,63.62,63.92,138861.44033799
1780862400,63.92,67.9,63.72,66.46,274764.69227836
1780876800,66.47,67.08,65.37,66.33,189418.28601125
1780891200,66.34,66.38,64.91,66.06,108545.51962037
1780905600,66.03,67.02,65.4,66.62,129509.46648403
1780920000,66.64,67.8,65.95,67.14,267561.82806638
1780934400,67.15,67.8,66.52,67.45,215966.53201814
1780948800,67.44,68.16,66.63,66.81,209395.34910857
1780963200,66.8,66.87,65.27,65.99,181006.26879964
1780977600,65.99,67.43,65.8,66.86,140351.2306326
1780992000,66.86,66.9,65.87,66.09,118682.15318123
1781006400,66.08,66.49,64.21,64.28,296967.88148643996
1781020800,64.28,65.63,63.46,65.36,303650.1361024
1781035200,65.36,65.65,64.65,64.92,108546.08074617
1781049600,64.93,65.26,64.2,64.47,110459.89306901
1781064000,64.47,64.72,63.78,64.45,63494.00762533
1781078400,64.45,64.47,62.91,63.45,125320.71320569
1781092800,63.47,65.71,63.27,65.39,303707.56187217997
1781107200,65.39,65.42,63.31,63.49,225318.92011752998
1781121600,63.48,63.59,62.28,63.13,183884.77484715
1781136000,63.14,65.4,63.13,65.17,160673.13234584001
1781150400,65.18,65.36,64.71,64.97,73757.14348302
1781164800,64.97,66.12,64.95,65.82,148009.10296322
1781179200,65.82,65.86,64.83,65.48,189078.39714924002
1781193600,65.49,67.32,64.96,66.87,314650.30431374
1781208000,66.87,67.08,66.3,66.85,148288.85975086
1781222400,66.86,67.21,66.32,66.94,92873.18706036
1781236800,66.95,67.16,65.84,66.23,80800.64967975
1781251200,66.24,67.41,66.23,66.85,65913.4397962
1781265600,66.83,68.76,66.3,67.22,281893.5713662
1781280000,67.22,68.18,66.65,66.77,147117.88768359
1781294400,66.77,66.91,66.43,66.79,87691.22674872
1781308800,66.77,67.48,66.67,66.84,77364.50464659
1781323200,66.85,67.43,66.56,67.33,83747.9708209
1781337600,67.32,67.93,67.22,67.87,49111.298460620004
1781352000,67.87,68.69,67.74,68.57,141201.50893925002
1781366400,68.57,68.59,67.79,68.2,100745.83675953001
1781380800,68.2,69.53,68.01,68.9,88005.13355196
1781395200,68.9,69.07,68.62,68.93,49199.09315349
1781409600,68.92,68.99,67.98,68.19,57674.91507756
1781424000,68.2,68.48,67.83,68.06,25796.50162979
1781438400,68.07,68.13,66.92,67.39,58182.72843086
1781452800,67.39,67.71,67.16,67.52,44416.53566365
1781467200,67.53,71.24,67.41,71.24,309764.42878521
1781481600,71.24,71.68,70.65,71.21,168847.28313301
1781496000,71.19,71.47,70.77,71.23,42790.81790178
1781510400,71.24,72.79,70.76,72.57,124685.49189406
1781524800,72.57,75.23,72.27,75.23,352757.95664371003
1781539200,75.2,76.05,74.55,75.23,307310.69589504
1781553600,75.2,75.41,73.58,73.93,139943.97172764
1781568000,73.93,74.35,72.74,73.69,113201.11383092
1781582400,73.69,74.49,73.15,74.43,87282.45042837999
1781596800,74.4,75.59,74.3,74.59,88697.4217424
1781611200,74.61,75.48,72.27,73.23,262958.9782307
1781625600,73.22,74.27,72.93,73.79,140231.60887086001
1781640000,73.78,74.18,73.34,73.46,92416.10894099
1781654400,73.46,74.39,73.1,73.63,96522.54839019
1781668800,73.63,74.04,72.85,73.2,66348.94946094
1781683200,73.19,73.23,71.65,71.97,94778.708339
1781697600,71.97,73.81,71.54,73.76,178147.34077890002
1781712000,73.75,74.62,71.37,71.6,399212.09933945
1781726400,71.61,72.18,70.72,71.98,184245.30643858
1781740800,71.99,72.61,71.47,71.58,79394.20157276999
1781755200,71.58,71.77,70.57,71.7,65230.32364307
1781769600,71.69,72.09,70.66,70.86,85559.61515424
1781784000,70.87,71.73,68.28,68.36,301982.05385302
1781798400,68.35,69.44,68.12,69.32,197236.82128399
1781812800,69.3,69.87,69.18,69.63,96070.9952582
1781827200,69.63,70.0,68.57,68.98,81989.79953585999
1781841600,68.98,69.2,67.86,68.31,110955.28318434
1781856000,68.3,68.68,67.99,68.19,61394.78673417
1781870400,68.19,69.5,67.86,69.26,93684.02734563
1781884800,69.27,69.5,68.57,68.89,73641.95851928
1781899200,68.91,69.8,68.66,69.68,70780.56597049
1781913600,69.67,70.06,69.43,69.93,53083.435758
1781928000,69.94,72.39,69.83,71.51,137229.69231563
1781942400,71.52,72.01,71.15,71.71,42301.78085664
1781956800,71.71,72.54,70.4,71.95,123421.31745023999
1781971200,71.96,71.99,71.01,71.78,67493.58130563
1781985600,71.78,74.21,71.63,73.14,139186.37940143
1782000000,73.16,73.78,72.8,73.55,79062.20349683
1782014400,73.55,73.75,72.93,73.12,64156.60185862
1782028800,73.12,74.3,72.65,73.09,80577.39740337
1782043200,73.09,74.21,72.84,74.06,81504.76453423
1782057600,74.04,74.58,73.71,74.33,93739.78552978
1782072000,74.33,74.46,72.22,72.38,125920.88947064
1782086400,72.37,74.89,72.37,73.43,137915.19639158
1782100800,73.43,74.39,73.27,74.02,53166.5726441
1782115200,74.02,74.36,73.49,74.1,81676.62874369
1782129600,74.11,74.92,72.9,73.07,234966.36706942
1782144000,73.07,73.49,72.38,72.62,161011.55110027
1782158400,72.62,72.88,71.33,71.88,106584.19295152
1782172800,71.87,71.97,71.23,71.91,70537.07870057
1782187200,71.91,71.93,69.6,69.92,99430.42439642
1782201600,69.93,70.03,68.08,69.22,137587.34512038
1782216000,69.23,69.6,68.3,68.83,171644.69638691001
1782230400,68.82,69.32,68.55,68.76,107024.92481496
1782244800,68.75,69.75,68.75,69.6,70143.87185385
1782259200,69.6,70.33,69.01,69.48,72005.65468323
1782273600,69.5,70.13,68.92,69.29,34679.40048
1782288000,69.29,70.33,68.69,69.72,65394.759057510004
1782302400,69.73,69.82,67.15,67.22,277691.72295789
1782316800,67.23,67.92,64.62,66.02,429060.98702627
1782331200,66.02,68.44,65.87,68.01,177523.33296267
1782345600,68.0,68.22,67.28,67.57,82504.39967754
1782360000,67.6,69.55,67.38,69.34,97833.09717814
1782374400,69.34,69.34,67.91,68.08,82917.56279324001
1782388800,68.08,68.79,63.94,66.22,579923.87427975
1782403200,66.23,67.25,65.56,66.11,277394.59616257995
1782417600,66.12,68.69,65.98,67.61,227198.45592839
1782432000,67.62,68.4,65.82,68.1,219386.94833374
1782446400,68.11,70.87,67.84,70.66,252338.12886448
1782460800,70.67,70.77,68.28,68.5,175812.19967059
1782475200,68.51,72.14,68.09,71.96,787457.3904649799
1782489600,71.98,73.82,71.91,72.89,445350.56773742
1782504000,72.94,73.57,71.33,71.79,167365.41932234
1782518400,71.8,72.36,71.25,72.15,84830.84131639
1782532800,72.15,72.48,71.39,72.2,51094.957563949996
1782547200,72.2,72.21,71.42,71.7,57372.95739244
1782561600,71.69,73.07,71.54,72.71,91255.89784505
1782576000,72.72,72.89,70.84,71.0,97371.25221996
1782590400,70.99,71.53,70.11,70.39,64823.45956692
1782604800,70.39,70.92,70.34,70.76,39185.64889236
1782619200,70.77,70.99,70.05,70.97,40213.72851131
1782633600,70.98,72.08,70.95,71.82,75384.59531544
1782648000,71.81,72.27,71.24,71.98,73749.34974567
1782662400,71.99,72.02,70.17,70.6,100058.7435313
1782676800,70.61,71.65,69.64,71.28,168691.34434166
1782691200,71.28,73.19,70.24,72.56,258159.71357221
1782705600,72.56,72.99,70.91,72.61,135683.66141219
1782720000,72.59,73.57,72.14,72.42,144022.26270109002
1782734400,72.42,74.42,72.02,73.78,573706.33155507
1782748800,73.79,76.33,72.77,75.86,470702.77674826
1782763200,75.86,75.88,74.8,75.05,149329.67937546
1782777600,75.05,75.12,73.86,74.07,128419.3563146
1782792000,74.07,74.14,73.55,74.04,59926.14497249
1782806400,74.03,74.1,73.17,73.28,160181.45801445
1782820800,73.28,73.96,71.86,73.01,355356.33832007996
1782835200,73.01,73.85,72.6,73.62,208283.34630725998
1782849600,73.61,73.81,73.06,73.55,115194.35068887
1782864000,73.54,75.57,72.16,75.37,247946.07150038
1782878400,75.37,75.76,73.83,74.78,157500.4910271
1782892800,74.77,75.48,74.36,74.74,173633.91951644002
1782907200,74.75,77.73,74.18,77.36,467098.42228123
1782921600,77.36,78.15,76.73,76.93,270874.87043385
1782936000,76.93,78.87,76.52,77.38,236958.45686818
1782950400,77.38,78.89,76.82,78.62,158239.14154654002
1782964800,78.63,78.63,77.5,77.88,104962.11405706001
1782979200,77.9,82.68,77.85,82.28,338657.61580479
1782993600,82.28,82.36,79.98,80.77,349347.90138655
1783008000,80.78,81.22,80.08,80.75,235442.82270385
1783022400,80.75,81.11,80.32,80.63,116297.75055384
1783036800,80.62,81.6,80.25,80.63,73486.38729285
1783051200,80.63,81.42,80.39,81.15,67265.42398829
1783065600,81.15,81.78,80.59,81.47,79113.98727658999
1783080000,81.47,81.98,80.84,81.14,156102.20267487
1783094400,81.14,83.14,81.0,82.4,156099.16872824
1783108800,82.4,82.96,82.07,82.28,145124.79635412
1783123200,82.28,82.76,81.73,82.66,86298.55890696999
1783137600,82.66,83.91,82.19,82.64,112822.61757762
1783152000,82.65,82.7,81.35,81.74,70230.55072599
1783166400,81.74,82.36,81.29,82.17,106705.32785712
1783180800,82.17,82.74,81.64,81.81,148120.48484738998
1783195200,81.8,82.15,81.37,81.72,71665.55664160001
1783209600,81.72,81.76,80.13,80.49,107914.58428519
1783224000,80.48,80.79,80.18,80.63,39230.78216042
1783238400,80.63,80.78,79.6,80.49,49184.78653654001
1783252800,80.49,81.68,80.29,81.28,78327.76467055999
1783267200,81.29,81.44,80.74,80.97,59486.07715984
1783281600,80.96,82.35,80.71,81.52,132001.54339245
1783296000,81.52,82.25,80.38,80.73,122121.03803321
1783310400,80.72,80.93,80.08,80.75,71298.06427706999
1783324800,80.75,81.0,79.97,80.33,71038.99971315
1783339200,80.32,81.49,79.16,81.44,344738.63805715996
1783353600,81.43,82.35,81.22,82.03,186187.83149024
1783368000,82.03,83.65,81.63,81.89,159019.53202689
1783382400,81.9,82.44,80.91,81.0,125579.80642875
1783396800,80.99,81.69,80.4,81.43,91372.36872397
1783411200,81.45,81.52,80.7,81.25,63517.98506787
1783425600,81.25,82.29,80.43,82.04,239009.58986526
1783440000,82.05,82.74,80.7,81.31,188479.27387526998
1783454400,81.31,81.43,80.29,80.52,113578.6449409
1783468800,80.53,80.72,78.16,78.65,166515.51996391002
1783483200,78.66,78.87,77.72,78.22,94802.39690414
1783497600,78.24,78.36,76.83,77.48,183651.67809445
1783512000,77.48,77.58,76.18,76.68,298300.62417833
1783526400,76.69,77.59,76.68,77.36,264337.37933086
1783540800,77.36,77.88,76.87,77.76,160016.49837946
1783555200,77.76,78.73,76.64,77.32,169430.73569709001
1783569600,77.32,78.76,77.16,78.15,182226.70616488002
1783584000,78.14,78.35,77.25,77.54,93599.16974104999
1783598400,77.55,78.42,77.25,77.55,183892.39311286
1783612800,77.55,78.36,77.18,78.1,136794.12575178
1783627200,78.12,78.25,77.72,77.99,67234.61969879
1783641600,77.99,79.38,77.75,79.01,108923.38994703999
1783656000,79.02,79.3,78.7,78.82,73329.79650286
1783670400,78.83,79.6,78.76,79.31,128900.0891846
1783684800,79.31,79.5,77.01,78.07,346476.05740086996
1783699200,78.08,78.2,77.27,77.83,140675.98292529
1783713600,77.83,78.16,77.64,78.07,46966.79527498
1783728000,78.06,78.08,77.41,77.74,77139.72452089
1783742400,77.73,78.05,77.53,77.92,34590.361805349996
1783756800,77.93,78.3,77.68,78.02,44537.75396316
1783771200,78.03,78.8,77.87,78.32,71505.52513718
1783785600,78.32,78.35,77.61,78.08,92322.13508836
1783800000,78.08,78.27,76.7,76.74,89551.7466539
1783814400,76.73,77.02,75.6,77.0,154078.20280797
1783828800,76.99,77.03,75.81,76.45,52125.10001451
1783843200,76.43,77.22,76.34,76.88,34244.13373277
1783857600,76.88,77.65,76.73,77.41,51448.77288201
1783872000,77.42,77.73,77.18,77.63,35148.96616609
1783886400,77.63,77.69,76.42,76.88,87259.63522661
1783900800,76.86,78.15,75.39,75.82,163709.92657900002
1783915200,75.8,76.64,75.67,76.39,53841.6263251
1783929600,76.39,76.84,76.03,76.28,72859.2083306
1783944000,76.3,76.33,75.03,75.74,172875.76709226
1783958400,75.74,75.96,74.44,75.1,267160.72835669
1783972800,75.1,75.26,74.02,74.91,102323.70653032
1783987200,74.92,75.46,74.47,75.07,95485.35330950998
1784001600,75.07,75.4,74.8,74.88,130863.44592947
1784016000,74.85,75.5,74.76,75.31,38841.76959623
1784030400,75.31,77.86,75.1,77.31,375808.33341876
1784044800,77.33,77.6,76.76,77.13,139843.0803267
1784059200,77.14,77.9,76.9,77.81,100008.27849740001
1784073600,77.82,77.88,76.99,77.73,67787.08535903
1784088000,77.73,78.64,77.35,77.35,101807.19968086999
1784102400,77.38,77.85,77.17,77.44,43534.417959160004
1784116800,77.44,78.96,77.18,77.99,208363.03064337999
1784131200,78.01,78.06,76.89,77.13,158245.36933395
1784145600,77.13,77.69,77.07,77.24,88971.71903202
1784160000,77.23,77.44,76.65,76.89,84770.61828094
1784174400,76.89,77.57,76.15,76.36,101405.49053506
1784188800,76.35,76.42,75.57,76.21,71423.22867298
1784203200,76.2,76.8,75.63,76.56,100035.05811734
1784217600,76.56,76.56,75.34,75.75,122978.23621432
1784232000,75.72,75.99,74.97,75.26,100435.22939876
1784246400,75.24,75.69,74.67,75.16,57576.83109093
1784260800,75.16,75.27,74.22,74.55,139652.89777149
1784275200,74.55,74.94,74.12,74.78,42756.092155469996
1784289600,74.79,74.81,73.31,74.72,226577.56006901
1784304000,74.73,75.55,74.55,75.14,146060.29421067
1784318400,75.14,75.19,74.79,74.98,67679.78559187001
1784332800,74.98,75.4,74.93,75.33,44572.2692437
1784347200,75.33,75.34,74.81,74.9,27413.015933810002
1784361600,74.91,74.99,74.61,74.91,23618.289346550002
1784376000,74.9,75.14,74.46,74.9,42993.88436752
1784390400,74.91,75.57,74.78,75.39,91979.9493557
1784404800,75.4,75.58,75.28,75.46,42064.02582035
1784419200,75.47,76.5,75.4,75.9,96602.30900639
1784433600,75.89,76.27,75.69,76.08,24196.20947386
1784448000,76.09,76.45,75.85,76.02,25195.83109848
1784462400,76.01,76.62,75.69,76.17,49898.90614809
1784476800,76.15,76.23,75.29,75.82,47715.13872222
1784491200,75.83,76.52,75.58,76.33,61196.27960864
1784505600,76.33,77.35,76.08,76.69,116440.87219183
1784520000,76.69,76.87,75.4,76.15,71639.48086525
1784534400,76.15,77.17,75.83,77.07,69635.45555398
1784548800,77.08,77.87,75.72,77.72,182285.23303837999
1784563200,77.73,78.32,77.24,77.58,222400.85288418
1784577600,77.59,78.0,77.37,77.7,59501.625101390004
1784592000,77.7,78.49,77.59,78.14,58987.70853651
1784606400,78.14,78.81,77.96,78.51,88369.59344942
1784620800,78.5,78.69,78.02,78.32,81408.46232945
1784635200,78.32,78.59,77.73,78.1,225975.63892194
1784649600,78.09,78.22,77.42,77.84,118543.97364977
1784664000,77.84,78.17,77.76,78.09,71221.5772608
1784678400,78.1,78.54,77.76,77.82,59506.95730267
1784692800,77.81,78.18,76.96,77.05,73178.90115424
1784707200,77.06,77.76,77.0,77.52,57852.95387051
1784721600,77.52,78.74,76.93,78.42,130007.42547073
1784736000,78.44,78.78,77.26,77.61,132945.88193485
1784750400,77.61,78.09,77.47,77.95,92101.5879676
1784764800,77.95,78.5,77.37,77.58,80149.71814823
1784779200,77.58,77.77,77.01,77.11,52683.334899509995
1784793600,77.12,77.83,77.07,77.62,41843.44630723
1784808000,77.62,77.7,75.8,76.32,222214.75922692998
1784822400,76.32,76.32,75.36,75.68,124669.93155205
1784836800,75.68,76.21,75.65,75.83,64604.49529393
1784851200,75.82,76.06,75.24,75.77,48883.34875772
1784865600,75.78,76.4,75.54,76.02,38437.69626407
1784880000,76.01,76.03,74.94,75.14,54387.289935270004
1784894400,75.13,75.23,73.53,73.96,141261.66831213
1784908800,73.97,74.15,73.64,73.88,103173.59731161
1784923200,73.87,73.97,73.38,73.9,70840.57893684
1784937600,73.9,74.26,73.87,74.06,49440.20028273
1784952000,74.06,74.3,73.71,73.73,36509.37351482
1784966400,73.72,73.99,73.48,73.86,27029.24711621
1784980800,73.86,74.24,73.71,74.11,50164.77345728999
1784995200,74.11,74.67,74.03,74.51,49709.23745265
1785009600,74.5,74.53,74.22,74.46,27379.742927
1785024000,74.47,74.99,74.4,74.96,40533.67382935
1785038400,74.97,75.17,74.67,74.82,24893.51597738
1785052800,74.81,75.23,74.77,74.89,24018.90747431
1785067200,74.89,75.44,74.71,75.42,45305.92511523
1785081600,75.42,75.91,75.18,75.28,52403.84807200001
1785096000,75.28,77.02,75.25,76.69,73823.07407963
1785110400,76.71,76.73,75.93,76.34,41138.71155953
1785124800,76.35,76.91,76.19,76.4,41174.65860376
1785139200,76.41,76.63,76.06,76.5,35426.12758037
1785153600,76.51,77.42,74.96,75.2,187286.17984401
1785168000,75.19,76.17,75.06,75.92,129483.58311107999
1785182400,75.92,76.07,73.67,74.13,98652.08782847002
1785196800,74.14,74.23,72.79,73.22,95605.44575971
1785211200,73.2,73.47,72.92,73.18,47084.42430307
1785225600,73.17,73.44,72.82,73.12,66469.98962176
1785240000,73.12,74.51,72.27,74.27,210764.58995939
1785254400,74.25,74.49,73.46,74.23,170808.12665629
1785268800,74.24,74.29,73.1,73.73,92608.31536334
1785283200,73.73,74.1,72.92,72.97,75883.96144486
1785297600,72.98,74.2,72.64,74.16,52183.88947245
1785312000,74.16,74.25,73.61,73.87,42435.58797147
1785326400,73.87,73.87,72.88,73.04,106224.51832356
1785340800,73.02,74.44,72.62,72.67,233535.48843351
1785355200,72.68,73.72,72.24,73.6,146789.53600859
1785369600,73.59,74.1,73.06,73.61,74649.17695295
1785384000,73.62,73.76,73.29,73.32,45190.68818199
1785398400,73.33,74.22,73.19,74.12,65710.85720736999
1785412800,74.13,74.82,73.99,74.57,178897.27965530002
1785427200,74.57,74.9,74.36,74.69,88918.06981378
1785441600,74.69,74.94,74.34,74.44,91545.33634213
1785456000,74.44,75.22,73.81,74.07,116928.14822282
1785470400,74.07,74.45,73.42,73.6,87840.9126527
1785484800,73.6,73.73,73.24,73.49,67918.9946629
1785499200,73.48,73.73,72.72,73.0,299429.16040478
1785513600,73.0,73.39,72.83,73.0,128962.72868485
1785528000,73.0,73.13,72.48,72.79,77653.95200594
1785542400,72.81,73.09,72.79,72.96,46826.52119495
1785556800,72.96,73.14,72.79,72.9,38350.263126159996
1785571200,72.91,73.01,72.6,72.83,17943.74709786
1785585600,72.83,72.97,72.65,72.73,36228.48923033
1785600000,72.73,72.87,70.51,71.2,168382.80011145
1785614400,71.18,72.02,71.14,71.88,79855.79382702
1785628800,71.88,73.32,71.86,73.12,101223.5295312
1785643200,73.13,73.59,73.13,73.4,69257.40961509
1785657600,73.4,73.48,72.89,72.97,47035.33256655
1785672000,72.98,73.17,72.63,72.96,51829.45223205
1785686400,72.96,73.77,72.85,73.65,42435.27476175
1785700800,73.65,74.25,73.38,73.54,49262.2533881
1785715200,73.55,73.6,72.61,72.81,48615.65038555
1785729600,72.8,72.99,72.34,72.43,40454.27205783
1785744000,72.43,72.71,71.88,72.36,44202.2122618
1785758400,72.37,73.74,72.23,73.54,203930.81365538
1785772800,73.54,74.21,73.14,73.96,202475.58630192
1785787200,73.97,74.09,73.31,73.49,56565.03122304
1785801600,73.48,74.07,72.98,73.63,65642.21795183
1785816000,73.63,74.03,73.13,73.6,30606.03091666
1785830400,73.61,73.9,73.02,73.87,50184.970992899995
1785844800,73.86,74.13,73.26,73.92,98379.32809269
1785859200,73.93,74.34,73.54,74.14,132638.29574287
1785873600,74.14,74.4,73.68,73.7,96740.48689673
1785888000,73.69,74.43,73.32,73.73,82237.97013305
1785902400,73.73,74.23,73.56,73.9,42958.96542175
1785916800,73.92,74.13,73.67,73.7,36367.6725727
1785931200,73.71,74.32,73.19,73.88,133872.58553831
1785945600,73.88,74.74,73.87,74.41,172625.39456439
1785960000,74.41,74.54,73.77,73.97,74827.61829104999
1785974400,73.97,74.21,73.31,73.42,61562.63486205
1785988800,73.43,74.3,73.32,73.8,32247.5387064
1786003200,73.8,74.03,73.08,73.38,55083.55931974
1786017600,73.37,73.59,72.78,73.23,122942.66536794
1786032000,73.25,73.48,72.48,72.73,116011.11476478
1786046400,72.74,72.95,72.28,72.63,71101.09657449
1786060800,72.62,72.86,72.43,72.56,55796.51629066
1786075200,72.55,73.01,72.38,72.87,32245.831686650003
1786089600,72.87,73.71,72.86,73.58,64376.52768323
1786104000,73.58,74.31,73.52,73.84,234673.37841695
1786118400,73.85,74.08,73.13,73.98,186109.85919185
1786132800,73.98,74.06,73.55,73.63,69002.90752702
1786147200,73.62,74.95,73.54,74.79,59539.3643572
1786161600,74.8,75.08,74.44,74.77,49997.87642165
1786176000,74.78,75.65,74.65,75.55,67492.54492869
1786190400,75.55,76.75,75.31,76.33,110650.80376350001
1786204800,76.33,76.44,75.92,76.09,70113.47127851
1786219200,76.09,76.31,75.72,75.96,43699.453235149995
1786233600,75.94,76.03,75.69,75.93,42463.98634125
1786248000,75.92,76.43,75.82,76.29,36322.324647689995
1786262400,76.28,76.58,76.05,76.44,52816.41108074
1786276800,76.43,77.4,76.25,77.36,118327.20635076
1786291200,77.36,77.51,77.02,77.17,81335.71138795
1786305600,77.17,77.75,76.16,76.21,90758.53640892
1786320000,76.2,77.09,76.16,76.58,108521.30862575
1786334400,76.58,77.04,76.38,76.93,46524.37653322
1786348800,76.92,77.09,76.48,76.98,54577.960323520005
1786363200,76.98,77.06,75.76,75.91,128089.08588827
1786377600,75.89,76.2,75.48,76.12,170819.80751706
1786392000,76.12,76.42,75.9,75.92,85547.97040301
1786406400,75.93,76.17,75.65,76.0,70150.98533236
1786420800,76.0,76.15,75.36,75.62,76422.70006919
1786435200,75.63,76.3,75.56,76.14,89077.50379612
1786449600,76.15,76.19,74.58,74.87,199455.67591742
1786464000,74.85,75.64,74.72,75.59,133068.89150088
1786478400,75.59,76.6,75.58,76.22,139963.14142439
1786492800,76.22,76.54,76.14,76.35,49435.082896320004
1786507200,76.35,76.51,75.88,76.18,38582.02456477
1786521600,76.18,76.82,76.06,76.77,59957.840206479996
1786536000,76.77,77.23,75.3,75.68,244284.76596737
1786550400,75.68,76.03,75.49,75.69,126623.68267376
1786564800,75.68,75.94,75.24,75.56,65053.70682369
1786579200,75.55,76.25,75.41,76.18,78873.25406452
1786593600,76.19,76.54,75.95,76.37,36881.32185553
1786608000,76.37,76.41,75.49,75.59,48466.2925752
1786622400,75.59,76.52,75.56,75.58,105923.48529304
1786636800,75.58,76.2,75.04,76.14,139609.01221313
1786651200,76.13,76.38,76.05,76.21,75927.65337917
1786665600,76.2,76.26,75.63,75.69,78657.4492321
1786680000,75.68,75.96,75.42,75.51,40204.4779044
1786694400,75.51,75.8,75.27,75.45,30016.85237876
1786708800,75.44,75.69,74.97,75.57,106207.54986941999
1786723200,75.56,75.63,74.59,74.92,85634.2313327
1786737600,74.92,75.34,74.9,75.33,54435.39876725
1786752000,75.32,75.64,75.22,75.35,48571.39925004
1786766400,75.37,75.54,75.14,75.17,36003.09194951
1786780800,75.17,75.27,74.96,75.17,20274.94026311
1786795200,75.17,75.51,75.13,75.45,30624.94960496
1786809600,75.45,75.6,75.31,75.48,48806.376375349995
1786824000,75.48,75.66,75.23,75.28,41650.5538113
1786838400,75.27,75.58,75.19,75.51,34130.51823409
1786852800,75.51,75.55,75.21,75.39,18466.22980032
1786867200,75.39,75.42,75.09,75.21,15883.660459879999
1786881600,75.21,75.58,75.12,75.49,37295.68368246
1786896000,75.49,75.63,74.96,75.16,36526.95139607
1786910400,75.16,75.24,74.09,74.54,81399.18882823
1786924800,74.54,75.51,74.36,75.44,64045.0009064
1786939200,75.44,75.93,75.28,75.71,43813.238007759996
1786953600,75.71,75.86,75.11,75.62,53146.98166154
1786968000,75.62,76.16,75.2,76.03,112376.64116955
1786982400,76.04,76.13,75.64,75.75,100863.25669509
1786996800,75.74,76.06,75.58,75.95,80649.79486448
1787011200,75.95,76.03,75.15,75.43,73704.11630157
1787025600,75.43,76.18,75.34,76.02,41912.39298122
1787040000,76.02,76.37,75.73,76.24,63937.972687739995
1787054400,76.25,77.28,75.97,77.14,188681.58161711998
1787068800,77.15,77.39,76.79,77.13,98437.17095764
1787083200,77.14,77.18,76.69,77.01,70801.55424359
1787097600,77.01,77.05,76.65,76.93,77303.27232978
1787112000,76.93,77.08,76.58,76.89,46476.701550490005
1787126400,76.88,77.58,76.84,77.48,67976.91061791
1787140800,77.48,82.97,77.36,81.79,591601.9358052199
1787155200,81.79,82.52,80.98,82.35,353411.35745758
1787169600,82.35,87.26,82.25,85.34,575502.4828589801
1787184000,85.34,85.74,83.94,84.42,167301.48480531998
1787198400,84.43,86.14,84.36,86.1,107255.70986233
1787212800,86.1,88.05,85.99,87.17,281120.9550485
1787227200,87.16,87.44,86.09,87.32,232773.28688685
1787241600,87.32,87.94,86.65,87.3,302938.76569073
1787256000,87.3,87.97,87.17,87.64,156624.45406726998
1787270400,87.63,90.16,87.55,89.07,391765.34809609
1787284800,89.07,91.28,88.84,90.38,276273.89660015004
1787299200,90.38,93.38,89.89,90.26,503484.78597998
1787313600,90.27,92.1,89.75,91.32,287456.54563013
1787328000,91.33,92.02,90.72,90.94,320996.87153389
1787342400,90.94,95.0,90.55,93.72,404497.38683043997
1787356800,93.73,97.54,92.84,96.76,383024.03676982
1787371200,96.77,102.7,87.8,94.45,1298906.5651975998
1787385600,94.46,94.99,91.32,93.27,383304.29317598
1787400000,93.27,94.37,92.81,93.07,175312.6072817
1787414400,93.06,94.8,93.05,94.48,146446.45768388
1787428800,94.49,94.79,92.57,93.79,140828.56052437998
1787443200,93.8,97.4,93.41,93.69,458441.13013233
1787457600,93.69,94.08,91.54,92.46,246710.02207071
1787472000,92.46,94.78,92.3,94.6,130081.44935673
1787486400,94.6,95.87,93.41,95.33,240026.35988968
1787500800,95.34,95.71,94.81,95.07,148853.48063179
1787515200,95.07,96.25,94.75,95.43,184099.64663337
1787529600,95.44,95.56,93.47,93.67,214229.37733724999
1787544000,93.67,95.42,93.46,94.1,279464.1591624
1787558400,94.1,96.3,93.22,95.82,265014.95404009
1787572800,95.83,97.58,94.19,96.45,493677.37327395
1787587200,96.45,97.61,94.81,96.55,496309.92019273
1787601600,96.55,98.99,95.73,98.97,276444.19793191
1787616000,98.98,102.76,98.55,101.6,744707.92782192
1787630400,101.59,102.97,99.49,100.22,340152.94911695
1787644800,100.23,101.09,98.45,98.59,243610.48169389
1787659200,98.6,98.81,96.21,98.38,414873.65758712
1787673600,98.38,98.84,97.45,97.97,230183.46903342
1787688000,97.97,98.06,95.34,96.59,189965.37177417002
1787702400,96.6,97.54,96.17,97.04,90703.43156566
1787716800,97.02,97.31,96.24,96.93,96264.78164046
1787731200,96.92,97.87,95.79,97.02,102305.27593872
1787745600,97.03,97.56,94.99,95.94,272625.61576072
1787760000,95.92,97.26,95.48,96.8,224754.71454525998
1787774400,96.8,102.45,96.31,102.09,383769.60871016
1787788800,102.09,102.15,100.52,101.05,203030.60762271
1787803200,101.06,102.25,100.67,101.78,220819.38540609
1787817600,101.8,105.8,101.71,103.94,553416.87657071
1787832000,103.94,108.0,103.92,107.2,621893.97994159
1787846400,107.23,109.95,106.61,109.39,620360.5423503
1787860800,109.39,110.65,108.25,109.18,262884.64233956
1787875200,109.18,110.14,105.89,106.87,291884.57204830996
1787889600,106.87,107.86,106.3,106.38,147049.19916224
1787904000,106.38,106.91,104.52,105.85,140648.33617275
1787918400,105.83,108.01,103.63,105.25,576557.6248067999
1787932800,105.25,105.72,102.24,103.38,346097.79954661
1787947200,103.37,104.39,102.73,104.15,140883.03944914
1787961600,104.14,104.57,103.64,103.87,99745.68416548001
1787976000,103.87,104.21,103.33,103.73,74271.0332737
1787990400,103.73,103.73,103.03,103.51,43434.49576204
1788004800,103.51,105.54,103.38,105.01,147669.85707803
1788019200,105.02,105.88,104.39,105.35,171478.68667328
1788033600,105.37,105.8,104.8,105.61,76093.46730337999
1788048000,105.62,105.72,104.98,105.07,76500.77359206
1788062400,105.07,105.45,104.67,104.82,60796.5025458
1788076800,104.83,105.32,104.46,105.12,62652.864618750005
1788091200,105.11,107.47,105.07,106.27,171559.81420806
1788105600,106.29,107.14,105.26,105.82,165047.13067612
1788120000,105.81,106.03,100.32,101.75,280507.00465141004
1788134400,101.75,102.62,101.1,101.95,152895.95891904
1788148800,101.95,103.21,100.87,102.98,188908.53330842
1788163200,102.96,104.14,102.45,103.38,129582.30896478
1788177600,103.37,103.93,102.15,102.86,225831.77067404997
1788192000,102.86,105.0,102.4,103.59,270460.63141381
1788206400,103.6,104.29,102.86,103.04,156983.98814545
1788220800,103.03,104.17,102.73,103.62,126986.2947
1788235200,103.61,104.36,102.79,103.13,134296.49348432
1788249600,103.13,103.2,101.78,102.26,126491.44429905
1788264000,102.26,102.55,100.96,102.0,180625.26450686
1788278400,102.02,102.03,98.3,100.03,259856.92612169
1788292800,100.03,100.3,98.84,99.94,176263.74337315
1788307200,99.94,100.65,98.45,100.25,127226.99672358
1788321600,100.26,100.38,99.63,99.8,68077.71383274
1788336000,99.83,99.98,97.33,98.07,116863.24559595001
1788350400,98.05,99.74,97.59,99.27,147683.65755357
1788364800,99.26,99.77,98.15,99.38,225712.72437126
1788379200,99.41,100.5,99.18,100.4,125758.54096284
1788393600,100.4,101.31,99.19,100.48,190930.3516968
1788408000,100.49,101.33,99.66,100.36,150881.63000271
1788422400,100.36,101.08,99.88,100.76,92796.28751547
1788436800,100.76,105.64,100.58,105.17,342179.77417960996
1788451200,105.18,105.9,103.85,105.3,196628.26216412
1788465600,105.3,105.74,103.66,103.94,178337.44570245
1788480000,103.93,104.33,103.26,103.71,171411.39166606
1788494400,103.72,104.36,103.33,103.6,148859.9205327
1788508800,103.6,104.76,103.23,104.08,162700.89218476
1788523200,104.07,104.45,100.2,101.45,296941.21171621
1788537600,101.44,102.08,101.08,101.7,102960.55883190001
1788552000,101.7,102.0,101.45,101.95,89751.82758729
1788566400,101.95,102.2,101.7,101.91,75847.50709961
1788580800,101.91,102.62,101.6,102.21,72173.45653703
1788595200,102.19,102.83,102.12,102.34,66644.71490178
1788609600,102.34,103.43,102.3,102.96,100761.21065196
1788624000,102.96,104.39,102.8,103.42,112436.37396568
1788638400,103.42,104.03,102.96,103.18,100947.28628464
1788652800,103.18,107.06,103.16,105.97,178329.61325193
1788667200,105.98,106.84,104.71,105.29,149524.77794326
1788681600,105.27,107.3,105.0,106.46,151853.26462884998
1788696000,106.47,107.36,104.92,105.74,200651.40442574
1788710400,105.75,106.59,105.36,105.49,80366.69913356
1788724800,105.51,106.76,104.87,106.56,145587.14537604
1788739200,106.55,107.07,104.92,104.95,174995.1903656
1788753600,104.98,105.81,103.71,104.47,92272.12561570999
1788768000,104.48,105.18,104.42,104.92,74664.25043355
1788782400,104.93,105.92,102.96,103.22,135736.22225108
1788796800,103.25,104.41,103.21,104.35,67566.63798018
1788811200,104.34,104.4,103.17,103.79,107539.95616931
1788825600,103.78,104.5,102.72,103.33,119069.80433521
1788840000,103.33,103.49,102.38,102.92,109174.7160673
1788854400,102.91,104.03,102.47,102.84,105393.96104535
1788868800,102.84,104.36,101.69,104.28,181979.18312621
1788883200,104.28,104.81,102.88,103.23,165019.15780389
1788897600,103.23,103.8,102.8,103.37,110822.85589506
1788912000,103.37,104.01,102.95,103.31,100328.45124965
1788926400,103.3,105.17,103.3,104.56,136551.60573058
1788940800,104.58,105.04,103.28,104.22,87050.75549657
1788955200,104.24,104.82,102.05,103.05,210981.49498142
1788969600,103.04,103.8,102.15,102.33,164022.31075355
1788984000,102.33,102.66,100.26,101.54,177231.56196504
1788998400,101.53,102.04,100.48,101.82,124656.97971528
1789012800,101.8,102.18,100.8,101.3,87560.94340407
1789027200,101.29,101.5,100.75,100.98,118545.77653604001
1789041600,100.96,101.47,98.38,99.7,270919.86592378
1789056000,99.68,100.42,98.79,99.61,185530.41282666
1789070400,99.63,100.12,98.53,98.62,96889.42305838
1789084800,98.61,99.49,98.55,99.28,126019.47858550001
1789099200,99.28,100.1,99.2,99.72,98375.47458611999
1789113600,99.7,100.25,98.55,99.47,77486.28753726
1789128000,99.44,105.79,98.0,101.58,577315.24006561
1789142400,101.56,102.48,100.36,101.99,259707.92442323
1789156800,101.98,103.09,101.51,102.45,237641.57564339
1789171200,102.44,102.56,101.45,101.64,100966.17315865
1789185600,101.64,101.92,101.4,101.65,78810.69034344
1789200000,101.64,102.24,101.54,102.11,84350.07255353
1789214400,102.11,102.39,101.7,102.04,98424.62905118
1789228800,102.04,102.14,101.18,101.26,91769.61239978
1789243200,101.26,101.85,101.23,101.74,68292.8887657
1789257600,101.75,102.33,101.52,101.6,110784.17996825
1789272000,101.6,101.9,100.64,100.69,80914.59110503999
1789286400,100.69,100.84,99.33,99.79,86983.35487495
1789300800,99.79,100.81,99.42,100.21,49956.49590184
1789315200,100.22,101.35,100.21,100.92,75347.90815935
1789329600,100.93,101.58,99.14,99.26,96025.28100947
1789344000,99.26,101.29,98.94,100.94,105099.27710035001
1789358400,100.93,101.97,100.83,101.56,81080.95037613
1789372800,101.56,102.31,101.17,101.33,115160.12252306
1789387200,101.34,102.24,100.63,101.95,172662.42321187002
1789401600,101.94,103.86,101.83,103.26,279450.62072567
1789416000,103.27,104.9,102.41,102.52,221634.63929318
1789430400,102.53,102.85,101.22,101.54,117690.17984533
1789444800,101.54,101.69,100.29,100.41,107275.66402809
1789459200,100.4,101.07,100.03,100.82,96952.06553734999
1789473600,100.81,101.38,97.89,99.32,291689.34708865
1789488000,99.32,100.65,95.71,97.81,405293.34849305
1789502400,97.81,98.01,96.23,96.82,218966.05811543998
1789516800,96.82,97.53,96.32,97.19,124067.62194063
1789531200,97.19,97.65,96.8,96.9,133784.97305072998
1789545600,96.88,98.23,96.31,97.94,76902.89049307001
1789560000,97.92,98.03,96.56,97.05,119126.85250985
1789574400,97.04,98.84,96.0,97.97,234364.46173522
1789588800,98.0,98.82,97.3,98.57,158850.56804793002
1789603200,98.57,99.96,98.38,99.88,152818.10016233998
1789617600,99.88,100.27,99.05,99.94,136036.64630303998
1789632000,99.94,100.77,99.45,100.05,145506.97842542
1789646400,100.02,101.73,99.56,101.2,298664.06082607
1789660800,101.2,101.98,100.64,100.9,187322.258769
1789675200,100.87,101.67,100.7,101.54,150901.5618483
1789689600,101.52,105.0,100.8,104.53,225556.19670570001
1789704000,104.52,106.03,104.33,105.72,239700.96174147
1789718400,105.72,107.6,105.23,105.64,175708.1740897
1789732800,105.65,111.55,105.28,111.11,579010.8806604401
1789747200,111.11,114.34,110.97,114.22,460927.49537018
1789761600,114.2,114.2,112.48,112.7,232218.12040249
1789776000,112.7,112.78,112.35,112.72,13401.04873208
